ID,train_number,planned_arrival,planned_departure,planned_platform,planned_status,category_train,train,path,eva_nr,station_name,station_state,station_city,station_zipcode,station_long,station_lat,station_category,changed_arrival,changed_platform_arrival,changed_departure,changed_platform_departure,message_status,priority,info,arrival_hidden,departure_hidden,arrival_path,departure_path,arrival_status,departure_status,arrival_delay_m,departure_delay_m
-6750459440429737938-2608140755-10,7112,2608140820,2608140820,4,,S,S1,Stuttgart Hbf|Stuttgart-Bad Cannstatt|Stuttgart Neckarpark|Stuttgart-Untertürkheim|Stuttgart-Obertürkheim|Esslingen-Mettingen|Esslingen(Neckar)|Oberesslingen|Esslingen-Zell,8000508,Altbach,Baden-Württemberg,Altbach,73776,9.382434033,48.72031354,3,2608140820,,2608140820,,h,1,Störung,,,,,,,0.0,0.0
-7908498233924216314-2608140750-6,7115,2608140809,2608140810,3,,S,S1,Kirchheim(Teck)|Kirchheim(Teck)-Ötlingen|Wendlingen(Neckar)|Wernau(Neckar)|Plochingen,8000508,Altbach,Baden-Württemberg,Altbach,73776,9.382434033,48.72031354,3,2608140810,,2608140810,,h,1,Störung,,,,,p,p,1.0,0.0
2988814004659936288-2608140820-6,7117,2608140839,2608140840,3,,S,S1,Kirchheim(Teck)|Kirchheim(Teck)-Ötlingen|Wendlingen(Neckar)|Wernau(Neckar)|Plochingen,8000508,Altbach,Baden-Württemberg,Altbach,73776,9.382434033,48.72031354,3,2608140843,,2608140843,,h,1,Störung,,,,,p,p,4.0,3.0
7462677850950360621-2608140825-10,7114,2608140850,2608140850,4,,S,S1,Stuttgart Hbf|Stuttgart-Bad Cannstatt|Stuttgart Neckarpark|Stuttgart-Untertürkheim|Stuttgart-Obertürkheim|Esslingen-Mettingen|Esslingen(Neckar)|Oberesslingen|Esslingen-Zell,8000508,Altbach,Baden-Württemberg,Altbach,73776,9.382434033,48.72031354,3,2608140850,,2608140850,,h,1,Störung,,,,,,,0.0,0.0
-3998053100664762308-2608140807-3,7515,2608140812,2608140813,3,,S,S5,Bietigheim-Bissingen|Tamm(Württ),8000630,Asperg,Baden-Württemberg,Asperg,71679,9.147977466,48.90725609,4,2608140812,,2608140813,,,,,,,,,,,0.0,0.0
-1072643669346294455-2608140837-3,7517,2608140842,2608140843,3,,S,S5,Bietigheim-Bissingen|Tamm(Württ),8000630,Asperg,Baden-Württemberg,Asperg,71679,9.147977466,48.90725609,4,2608140843,,2608140843,,,,,,,,,,,1.0,0.0
-8163811491625378496-2608140827-7,7514,2608140847,2608140847,4,,S,S5,Stuttgart Hbf|Stuttgart Nordbahnhof|Stuttgart-Feuerbach|Stuttgart-Zuffenhausen|Kornwestheim Pbf|Ludwigsburg,8000630,Asperg,Baden-Württemberg,Asperg,71679,9.147977466,48.90725609,4,2608140849,,2608140850,,,,,,,,,,,2.0,3.0
-4928326504801899421-2608140757-7,7512,2608140817,2608140817,4,,S,S5,Stuttgart Hbf|Stuttgart Nordbahnhof|Stuttgart-Feuerbach|Stuttgart-Zuffenhausen|Kornwestheim Pbf|Ludwigsburg,8000630,Asperg,Baden-Württemberg,Asperg,71679,9.147977466,48.90725609,4,2608140817,,2608140818,,,,,,,,,,,0.0,1.0
-5977532584477567391-2608140808-5,98228,2608140836,2608140838,,,ARV,90,Gaildorf West|Murrhardt|Sulzbach(Murr)|Oppenweiler(Württ),8000016,Backnang,Baden-Württemberg,Backnang,71522,9.425986107,48.94264844,3,2608140838,4,2608140839,4,,,,,,,,,,2.0,1.0
7107141703960527681-2608140833-1,7417,,2608140833,,,S,S4,,8000016,Backnang,Baden-Württemberg,Backnang,71522,9.425986107,48.94264844,3,,,2608140833,,,,,,,,,,,0.0,0.0
8832461638795716901-2608140841-1,7317,,2608140841,,,S,S3,,8000016,Backnang,Baden-Württemberg,Backnang,71522,9.425986107,48.94264844,3,,,2608140842,,,,,,,,,,,0.0,1.0
7541219200353082561-2608140728-7,17512,2608140806,2608140807,4,,RB,MEX90,Gaildorf West|Fichtenberg|Fornsbach|Murrhardt|Sulzbach(Murr)|Oppenweiler(Württ),8000016,Backnang,Baden-Württemberg,Backnang,71522,9.425986107,48.94264844,3,2608140806,,2608140807,,h,1,Störung,,,,,,,0.0,0.0
-6826708456044057474-2608140811-1,7315,,2608140811,,,S,S3,,8000016,Backnang,Baden-Württemberg,Backnang,71522,9.425986107,48.94264844,3,,,2608140811,,,,,,,,,,,0.0,0.0
1080395120727352298-2608140754-5,17511,2608140820,2608140821,4,,RB,MEX90,Stuttgart Hbf|Stuttgart-Bad Cannstatt|Waiblingen|Winnenden,8000016,Backnang,Baden-Württemberg,Backnang,71522,9.425986107,48.94264844,3,2608140824,,2608140825,,h,1,Störung,,,,,,,4.0,4.0
2609828090178333250-2608140826-5,17515,2608140851,2608140852,4,,RB,MEX19,Stuttgart Hbf|Stuttgart-Bad Cannstatt|Waiblingen|Winnenden,8000016,Backnang,Baden-Württemberg,Backnang,71522,9.425986107,48.94264844,3,2608140852,,2608140852,,,,,,,,,,,1.0,0.0
-8714228285082007604-2608140742-12,7310,2608140818,,5,,S,,Stuttgart Hbf|Stuttgart-Bad Cannstatt|Stuttgart Nürnberger Str.|Stuttgart-Sommerrain|Fellbach|Waiblingen|Neustadt-Hohenacker|Schwaikheim|Winnenden|Nellmersbach|Maubach,8000016,Backnang,Baden-Württemberg,Backnang,71522,9.425986107,48.94264844,3,2608140821,,,,h,1,Störung,,,,,,,3.0,0.0
-3992047670892155392-2608140807-14,7410,2608140852,,1,,S,,Stuttgart Hbf|Stuttgart Nordbahnhof|Stuttgart-Feuerbach|Stuttgart-Zuffenhausen|Kornwestheim Pbf|Ludwigsburg|Favoritepark|Freiberg(Neckar)|Benningen(Neckar)|Marbach(Neckar)|Erdmannhausen|Kirchberg(Murr)|Burgstall(Murr),8000016,Backnang,Baden-Württemberg,Backnang,71522,9.425986107,48.94264844,3,2608140852,,,,,,,,,,,,,0.0,0.0
4239966119888045037-2608140737-14,7408,2608140822,,1,,S,,Stuttgart Hbf|Stuttgart Nordbahnhof|Stuttgart-Feuerbach|Stuttgart-Zuffenhausen|Kornwestheim Pbf|Ludwigsburg|Favoritepark|Freiberg(Neckar)|Benningen(Neckar)|Marbach(Neckar)|Erdmannhausen|Kirchberg(Murr)|Burgstall(Murr),8000016,Backnang,Baden-Württemberg,Backnang,71522,9.425986107,48.94264844,3,2608140822,,,,,,,,,,,,,0.0,0.0
-3592468245100533836-2608140812-12,7312,2608140848,,5,,S,,Stuttgart Hbf|Stuttgart-Bad Cannstatt|Stuttgart Nürnberger Str.|Stuttgart-Sommerrain|Fellbach|Waiblingen|Neustadt-Hohenacker|Schwaikheim|Winnenden|Nellmersbach|Maubach,8000016,Backnang,Baden-Württemberg,Backnang,71522,9.425986107,48.94264844,3,2608140848,,,,h,1,Störung,,,,,,,0.0,0.0
-1396515843662350065-2608140803-1,7415,,2608140803,,,S,S4,,8000016,Backnang,Baden-Württemberg,Backnang,71522,9.425986107,48.94264844,3,,,2608140804,,,,,,,,,,,0.0,1.0
7107141703960527681-2608140833-6,7417,2608140857,2608140857,2,,S,S4,Backnang|Burgstall(Murr)|Kirchberg(Murr)|Erdmannhausen|Marbach(Neckar),8000873,Benningen (Neckar),Baden-Württemberg,Benningen am Neckar,71726,9.244299075,48.94379773,5,2608140858,,2608140900,,,,,,,,,,,1.0,3.0
-3992047670892155392-2608140807-9,7410,2608140832,2608140833,1,,S,S4,Stuttgart Hbf|Stuttgart Nordbahnhof|Stuttgart-Feuerbach|Stuttgart-Zuffenhausen|Kornwestheim Pbf|Ludwigsburg|Favoritepark|Freiberg(Neckar),8000873,Benningen (Neckar),Baden-Württemberg,Benningen am Neckar,71726,9.244299075,48.94379773,5,2608140834,,2608140835,,,,,,,,,,,2.0,2.0
4239966119888045037-2608140737-9,7408,2608140802,2608140803,1,,S,S4,Stuttgart Hbf|Stuttgart Nordbahnhof|Stuttgart-Feuerbach|Stuttgart-Zuffenhausen|Kornwestheim Pbf|Ludwigsburg|Favoritepark|Freiberg(Neckar),8000873,Benningen (Neckar),Baden-Württemberg,Benningen am Neckar,71726,9.244299075,48.94379773,5,2608140804,,2608140804,,,,,,,,,,,2.0,1.0
-1396515843662350065-2608140803-6,7415,2608140827,2608140827,2,,S,S4,Backnang|Burgstall(Murr)|Kirchberg(Murr)|Erdmannhausen|Marbach(Neckar),8000873,Benningen (Neckar),Baden-Württemberg,Benningen am Neckar,71726,9.244299075,48.94379773,5,2608140827,,2608140828,,,,,,,,,,,0.0,1.0
-5804237943130712983-2608140803-6,7215,2608140815,2608140815,2,,S,S2,Schorndorf|Weiler(Rems)|Winterbach(b Schorndorf)|Geradstetten|Grunbach,8000934,Beutelsbach,Baden-Württemberg,Weinstadt,71384,9.38551589,48.81038925,5,2608140817,,2608140817,,h,1,Bauarbeiten,,,,,,,2.0,2.0
-5128631246468454871-2608140833-6,7217,2608140845,2608140845,2,,S,S2,Schorndorf|Weiler(Rems)|Winterbach(b Schorndorf)|Geradstetten|Grunbach,8000934,Beutelsbach,Baden-Württemberg,Weinstadt,71384,9.38551589,48.81038925,5,2608140851,,2608140851,,h,1,Bauarbeiten,,,,,,,6.0,6.0
4710214702648447253-2608140820-10,7212,2608140843,2608140843,1,,S,S2,Stuttgart Hbf|Stuttgart-Bad Cannstatt|Stuttgart Nürnberger Str.|Stuttgart-Sommerrain|Fellbach|Waiblingen|Rommelshausen|Stetten-Beinstein|Endersbach,8000934,Beutelsbach,Baden-Württemberg,Weinstadt,71384,9.38551589,48.81038925,5,2608140849,,2608140849,,h,1,Bauarbeiten,,,,,,,6.0,6.0
-6187813548789768480-2608140750-10,7210,2608140813,2608140813,1,,S,S2,Stuttgart Hbf|Stuttgart-Bad Cannstatt|Stuttgart Nürnberger Str.|Stuttgart-Sommerrain|Fellbach|Waiblingen|Rommelshausen|Stetten-Beinstein|Endersbach,8000934,Beutelsbach,Baden-Württemberg,Weinstadt,71384,9.38551589,48.81038925,5,2608140816,,2608140816,,h,1,Bauarbeiten,,,,,,,3.0,3.0
-3998053100664762308-2608140807-1,7515,,2608140807,,,S,S5,,8000038,Bietigheim-Bissingen,Baden-Württemberg,Bietigheim-Bissingen,74321,9.137217396,48.94794988,2,,,2608140807,6,,,,,,,,,,0.0,0.0
6049193855913574868-2608140756-3,74478,2608140816,2608140819,,,ARV,8,Stuttgart Hbf|Ludwigsburg,8000038,Bietigheim-Bissingen,Baden-Württemberg,Bietigheim-Bissingen,74321,9.137217396,48.94794988,2,2608140822,10,2608140823,10,,,,,,,,,,6.0,4.0
-9091300493337689312-2608140806-3,20149,2608140832,2608140833,,,ARV,8,Neckarsulm|Heilbronn Hbf,8000038,Bietigheim-Bissingen,Baden-Württemberg,Bietigheim-Bissingen,74321,9.137217396,48.94794988,2,2608140839,8,2608140842,8,,,,,,,,,,7.0,9.0
-3154942469508823682-2608140750-6,19220,2608140835,2608140836,10,,RE,MEX12,Plochingen|Esslingen(Neckar)|Stuttgart-Bad Cannstatt|Stuttgart Hbf|Ludwigsburg,8000038,Bietigheim-Bissingen,Baden-Württemberg,Bietigheim-Bissingen,74321,9.137217396,48.94794988,2,2608140838,,2608140839,,h,2,Bauarbeiten,,,,,,,3.0,3.0
7199693552389534213-2608140830-7,19357,2608140854,2608140856,8,,RE,MEX12,Heilbronn Hbf|Nordheim(Württ)|Lauffen(Neckar)|Kirchheim(Neckar)|Walheim(Württ)|Besigheim,8000038,Bietigheim-Bissingen,Baden-Württemberg,Bietigheim-Bissingen,74321,9.137217396,48.94794988,2,2608140856,,2608140859,,h,2,Bauarbeiten,,,,,,,2.0,3.0
6413309914048916248-2608140813-5,19308,2608140859,2608140900,10,,RE,MEX18,Plochingen|Esslingen(Neckar)|Kornwestheim Pbf|Ludwigsburg,8000038,Bietigheim-Bissingen,Baden-Württemberg,Bietigheim-Bissingen,74321,9.137217396,48.94794988,2,2608140859,,2608140900,,,,,,,,,,,0.0,0.0
-1072643669346294455-2608140837-1,7517,,2608140837,,,S,S5,,8000038,Bietigheim-Bissingen,Baden-Württemberg,Bietigheim-Bissingen,74321,9.137217396,48.94794988,2,,,2608140837,6,,,,,,,,,,0.0,0.0
-8163811491625378496-2608140827-9,7514,2608140854,,6,,S,,Stuttgart Hbf|Stuttgart Nordbahnhof|Stuttgart-Feuerbach|Stuttgart-Zuffenhausen|Kornwestheim Pbf|Ludwigsburg|Asperg|Tamm(Württ),8000038,Bietigheim-Bissingen,Baden-Württemberg,Bietigheim-Bissingen,74321,9.137217396,48.94794988,2,2608140856,,,,,,,,,,,,,2.0,0.0
-1886871274879829774-2608140804-1,19504,,2608140804,,,RE,MEX17,,8000038,Bietigheim-Bissingen,Baden-Württemberg,Bietigheim-Bissingen,74321,9.137217396,48.94794988,2,,,,,,,,,,,,,c,0.0,0.0
-4928326504801899421-2608140757-9,7512,2608140824,,,,S,,Stuttgart Hbf|Stuttgart Nordbahnhof|Stuttgart-Feuerbach|Stuttgart-Zuffenhausen|Kornwestheim Pbf|Ludwigsburg|Asperg|Tamm(Württ),8000038,Bietigheim-Bissingen,Baden-Württemberg,Bietigheim-Bissingen,74321,9.137217396,48.94794988,2,2608140824,6,,,,,,,,,,,,0.0,0.0
-6234003617487511858-2608140757-7,19307,2608140822,2608140825,8,,RE,MEX18,Heilbronn Hbf|Nordheim(Württ)|Lauffen(Neckar)|Kirchheim(Neckar)|Walheim(Württ)|Besigheim,8000038,Bietigheim-Bissingen,Baden-Württemberg,Bietigheim-Bissingen,74321,9.137217396,48.94794988,2,2608140835,,2608140836,,h,2,Störung,,,,,,,13.0,11.0
-7754500899398300260-2608140814-12,19509,2608140850,,,,RE,,Pforzheim Hbf|Eutingen(Baden)|Niefern|Enzberg|Mühlacker|Mühlacker Rößlesweg|Illingen(Württ)|Vaihingen(Enz)|Sersheim|Sachsenheim|Ellental,8000038,Bietigheim-Bissingen,Baden-Württemberg,Bietigheim-Bissingen,74321,9.137217396,48.94794988,2,2608140850,4,,,,,,,,,,,,0.0,0.0
-6691525115814535449-2608140710-20,19547,2608140824,,7,,RE,,Karlsruhe Hbf|Karlsruhe-Durlach|Kleinsteinbach|Wilferdingen-Singen|Königsbach(Baden)|Bilfingen|Ersingen|Ispringen|Pforzheim Hbf|Eutingen(Baden)|Niefern|Enzberg|Mühlacker|Mühlacker Rößlesweg|Illingen(Württ)|Vaihingen(Enz)|Sersheim|Sachsenheim|Ellental,8000038,Bietigheim-Bissingen,Baden-Württemberg,Bietigheim-Bissingen,74321,9.137217396,48.94794988,2,2608140825,,,,,,,,,,,,,1.0,0.0
2880538247563287432-2608140715-5,19306,2608140800,2608140800,10,,RE,MEX18,Plochingen|Esslingen(Neckar)|Kornwestheim Pbf|Ludwigsburg,8000038,Bietigheim-Bissingen,Baden-Württemberg,Bietigheim-Bissingen,74321,9.137217396,48.94794988,2,2608140800,,2608140800,,h,2,Störung,,,,,,,0.0,0.0
-1598214583654938580-2608140832-1,19554,,2608140832,,,RE,MEX17,,8000038,Bietigheim-Bissingen,Baden-Württemberg,Bietigheim-Bissingen,74321,9.137217396,48.94794988,2,,,2608140832,,,,,,,,,,,0.0,0.0
7703218303646440626-2608140746-6,7714,2608140800,2608140800,3,,S,S1,Herrenberg|Nufringen|Gärtringen|Ehningen(b Böblingen)|Hulb,8001055,Böblingen,Baden-Württemberg,Böblingen,71034,9.004531864,48.68784871,3,2608140801,,2608140802,,,,,,,,,,,1.0,2.0
-5575008195378983566-2608140805-1,8064,,2608140805,,,WEG,RB46,,8001055,Böblingen,Baden-Württemberg,Böblingen,71034,9.004531864,48.68784871,3,,,2608140807,,,,,,,,,,,0.0,2.0
-3878797200366538218-2608140833-1,28472,,2608140833,,,RE,RESB,,8001055,Böblingen,Baden-Württemberg,Böblingen,71034,9.004531864,48.68784871,3,,,2608140839,,,,,,,,,,,0.0,6.0
8606899540730814832-2608140738-16,7014,2608140826,,5,,S,,Stuttgart-Feuerbach|Stuttgart-Zuffenhausen|Neuwirtshaus(Porscheplatz)|Korntal|Weilimdorf|Ditzingen|Höfingen|Leonberg|Rutesheim|Renningen|Renningen Süd|Magstadt|Maichingen Nord|Maichingen|Sindelfingen,8001055,Böblingen,Baden-Württemberg,Böblingen,71034,9.004531864,48.68784871,3,2608140828,,,,,,,,,,,,,2.0,0.0
9174048015743328640-2608140834-1,7015,,2608140834,,,S,S60,,8001055,Böblingen,Baden-Württemberg,Böblingen,71034,9.004531864,48.68784871,3,,,2608140836,,,,,,,,,,,0.0,2.0
3303772125527124508-2608140746-4,7711,2608140800,2608140800,4,,S,S1,Stuttgart-Vaihingen|Stuttgart-Rohr|Goldberg(Württ),8001055,Böblingen,Baden-Württemberg,Böblingen,71034,9.004531864,48.68784871,3,2608140800,,2608140801,,,,,,,,,,,0.0,1.0
-5104000198219132669-2608140808-16,7016,2608140856,,5,,S,,Stuttgart-Feuerbach|Stuttgart-Zuffenhausen|Neuwirtshaus(Porscheplatz)|Korntal|Weilimdorf|Ditzingen|Höfingen|Leonberg|Rutesheim|Renningen|Renningen Süd|Magstadt|Maichingen Nord|Maichingen|Sindelfingen,8001055,Böblingen,Baden-Württemberg,Böblingen,71034,9.004531864,48.68784871,3,2608140857,,,,,,,,,,,,,1.0,0.0
7558420737718355302-2608140804-1,7013,,2608140804,,,S,S60,,8001055,Böblingen,Baden-Württemberg,Böblingen,71034,9.004531864,48.68784871,3,,,2608140804,,,,,,,,,,,0.0,0.0
6806492799498595716-2608140817-3,17627,2608140838,2608140839,5,,RE,RE14b,Stuttgart Hbf|Stuttgart-Vaihingen,8001055,Böblingen,Baden-Württemberg,Böblingen,71034,9.004531864,48.68784871,3,2608140842,,2608140843,,,,,,,,,,,4.0,4.0
4511850831622972454-2608140802-12,8065,2608140825,,1,,WEG,,Dettenhausen|Weil im Schönbuch Untere Halde|Weil im Schönbuch Röte|Weil im Schönbuch Troppel|Holzgerlingen Buch|Holzgerlingen Bf|Holzgerlingen Hülben|Böblingen Zimmerschlag|Böblingen Heusteigstr|Böblingen Südbf|Böblingen Danziger Str,8001055,Böblingen,Baden-Württemberg,Böblingen,71034,9.004531864,48.68784871,3,2608140825,,,,,,,,,,,,,0.0,0.0
-5708930330401814442-2608140832-12,8069,2608140855,,1,,WEG,,Dettenhausen|Weil im Schönbuch Untere Halde|Weil im Schönbuch Röte|Weil im Schönbuch Troppel|Holzgerlingen Buch|Holzgerlingen Bf|Holzgerlingen Hülben|Böblingen Zimmerschlag|Böblingen Heusteigstr|Böblingen Südbf|Böblingen Danziger Str,8001055,Böblingen,Baden-Württemberg,Böblingen,71034,9.004531864,48.68784871,3,2608140857,,,,,,,,,,,,,2.0,0.0
5405057395916935106-2608140817-3,17629,2608140838,2608140839,5,,RE,RE14a,Stuttgart Hbf|Stuttgart-Vaihingen,8001055,Böblingen,Baden-Württemberg,Böblingen,71034,9.004531864,48.68784871,3,2608140842,,2608140843,,h,2,Bauarbeiten,,,,,,,4.0,4.0
-1444193866381249599-2608140802-3,28473,2608140826,,2,,RE,,Stuttgart Hbf|Stuttgart-Vaihingen,8001055,Böblingen,Baden-Württemberg,Böblingen,71034,9.004531864,48.68784871,3,2608140832,,,,,,,,,,,,,6.0,0.0
-1939940434765765785-2608140816-6,7716,2608140830,2608140830,3,,S,S1,Herrenberg|Nufringen|Gärtringen|Ehningen(b Böblingen)|Hulb,8001055,Böblingen,Baden-Württemberg,Böblingen,71034,9.004531864,48.68784871,3,2608140834,,2608140835,,,,,,,,,,,4.0,5.0
7180009832480979228-2608140835-1,8068,,2608140835,,,WEG,RB46,,8001055,Böblingen,Baden-Württemberg,Böblingen,71034,9.004531864,48.68784871,3,,,2608140837,,,,,,,,,,,0.0,2.0
4428035523306694897-2608140816-4,7713,2608140830,2608140830,4,,S,S1,Stuttgart-Vaihingen|Stuttgart-Rohr|Goldberg(Württ),8001055,Böblingen,Baden-Württemberg,Böblingen,71034,9.004531864,48.68784871,3,2608140835,,2608140836,,,,,,,,,,,5.0,6.0
7107141703960527681-2608140833-2,7417,2608140837,2608140838,1,,S,S4,Backnang,8001296,Burgstall (Murr),Baden-Württemberg,Burgstetten,71576,9.36973562,48.92851826,6,2608140838,,2608140839,,,,,,,,,,,1.0,1.0
-3992047670892155392-2608140807-13,7410,2608140847,2608140847,1,,S,S4,Stuttgart Hbf|Stuttgart Nordbahnhof|Stuttgart-Feuerbach|Stuttgart-Zuffenhausen|Kornwestheim Pbf|Ludwigsburg|Favoritepark|Freiberg(Neckar)|Benningen(Neckar)|Marbach(Neckar)|Erdmannhausen|Kirchberg(Murr),8001296,Burgstall (Murr),Baden-Württemberg,Burgstetten,71576,9.36973562,48.92851826,6,2608140847,,2608140848,,,,,,,,,,,0.0,1.0
4239966119888045037-2608140737-13,7408,2608140817,2608140817,1,,S,S4,Stuttgart Hbf|Stuttgart Nordbahnhof|Stuttgart-Feuerbach|Stuttgart-Zuffenhausen|Kornwestheim Pbf|Ludwigsburg|Favoritepark|Freiberg(Neckar)|Benningen(Neckar)|Marbach(Neckar)|Erdmannhausen|Kirchberg(Murr),8001296,Burgstall (Murr),Baden-Württemberg,Burgstetten,71576,9.36973562,48.92851826,6,2608140817,,2608140818,,,,,,,,,,,0.0,1.0
-1396515843662350065-2608140803-2,7415,2608140807,2608140808,1,,S,S4,Backnang,8001296,Burgstall (Murr),Baden-Württemberg,Burgstetten,71576,9.36973562,48.92851826,6,2608140808,,2608140808,,,,,,,,,,,1.0,0.0
8022546424643450692-2608140817-8,7612,2608140836,2608140836,2,,S,S6,Stuttgart Hbf|Stuttgart Nordbahnhof|Stuttgart-Feuerbach|Stuttgart-Zuffenhausen|Neuwirtshaus(Porscheplatz)|Korntal|Weilimdorf,8001476,Ditzingen,Baden-Württemberg,Ditzingen,71254,9.067095186,48.82358726,4,2608140854,,2608140855,,,,,,,,,,,18.0,19.0
368607286846300048-2608140803-7,7615,2608140824,2608140824,3,,S,S6,Weil der Stadt|Malmsheim|Renningen|Rutesheim|Leonberg|Höfingen,8001476,Ditzingen,Baden-Württemberg,Ditzingen,71254,9.067095186,48.82358726,4,2608140828,,2608140828,,,,,,,,,,,4.0,4.0
5803573868774258182-2608140833-7,7617,2608140854,2608140854,3,,S,S6,Weil der Stadt|Malmsheim|Renningen|Rutesheim|Leonberg|Höfingen,8001476,Ditzingen,Baden-Württemberg,Ditzingen,71254,9.067095186,48.82358726,4,2608140854,,2608140855,,,,,,,,,,,0.0,1.0
-4552151844011388438-2608140838-6,7018,2608140851,2608140851,2,,S,S60,Stuttgart-Feuerbach|Stuttgart-Zuffenhausen|Neuwirtshaus(Porscheplatz)|Korntal|Weilimdorf,8001476,Ditzingen,Baden-Württemberg,Ditzingen,71254,9.067095186,48.82358726,4,2608140851,,2608140851,,,,,,,,,,,0.0,0.0
-5104000198219132669-2608140808-6,7016,2608140821,2608140821,2,,S,S60,Stuttgart-Feuerbach|Stuttgart-Zuffenhausen|Neuwirtshaus(Porscheplatz)|Korntal|Weilimdorf,8001476,Ditzingen,Baden-Württemberg,Ditzingen,71254,9.067095186,48.82358726,4,2608140821,,2608140822,,,,,,,,,,,0.0,1.0
7558420737718355302-2608140804-11,7013,2608140839,2608140839,3,,S,S60,Böblingen|Sindelfingen|Maichingen|Maichingen Nord|Magstadt|Renningen Süd|Renningen|Rutesheim|Leonberg|Höfingen,8001476,Ditzingen,Baden-Württemberg,Ditzingen,71254,9.067095186,48.82358726,4,2608140839,,2608140839,,,,,,,,,,,0.0,0.0
3592955462745051107-2608140734-11,7011,2608140809,2608140809,3,,S,S60,Böblingen|Sindelfingen|Maichingen|Maichingen Nord|Magstadt|Renningen Süd|Renningen|Rutesheim|Leonberg|Höfingen,8001476,Ditzingen,Baden-Württemberg,Ditzingen,71254,9.067095186,48.82358726,4,2608140809,,2608140809,,,,,,,,,,,0.0,0.0
6922079602389085921-2608140747-8,7610,2608140806,2608140806,2,,S,S6,Stuttgart Hbf|Stuttgart Nordbahnhof|Stuttgart-Feuerbach|Stuttgart-Zuffenhausen|Neuwirtshaus(Porscheplatz)|Korntal|Weilimdorf,8001476,Ditzingen,Baden-Württemberg,Ditzingen,71254,9.067095186,48.82358726,4,2608140809,,2608140810,,,,,,,,,,,3.0,4.0
-6417774412386429047-2608140833-3,7914,2608140840,2608140840,2,,S,S2,Filderstadt|Stuttgart Flughafen/Messe,8001650,Echterdingen,Baden-Württemberg,Echterdingen,70771,9.169307175,48.69214787,4,2608140840,,2608140840,,,,,,,,,,,0.0,0.0
4580394534230796773-2608140805-5,7913,2608140819,2608140820,1,,S,S2,Stuttgart-Vaihingen|Stuttgart-Rohr|Oberaichen|Leinfelden,8001650,Echterdingen,Baden-Württemberg,Echterdingen,70771,9.169307175,48.69214787,4,2608140819,,2608140820,,,,,,,,,,,0.0,0.0
7974787834467566145-2608140803-3,7912,2608140810,2608140810,2,,S,S2,Filderstadt|Stuttgart Flughafen/Messe,8001650,Echterdingen,Baden-Württemberg,Echterdingen,70771,9.169307175,48.69214787,4,2608140810,,2608140810,,,,,,,,,,,0.0,0.0
-5955935305381349706-2608140835-5,7915,2608140849,2608140850,1,,S,S2,Stuttgart-Vaihingen|Stuttgart-Rohr|Oberaichen|Leinfelden,8001650,Echterdingen,Baden-Württemberg,Echterdingen,70771,9.169307175,48.69214787,4,2608140849,,2608140850,,,,,,,,,,,0.0,0.0
3303772125527124508-2608140746-6,7711,2608140805,2608140805,2,,S,S1,Stuttgart-Vaihingen|Stuttgart-Rohr|Goldberg(Württ)|Böblingen|Hulb,8001689,Ehningen (b Böblingen),Baden-Württemberg,Ehningen,71139,8.944310368,48.66275549,4,2608140805,,2608140806,,,,,,,,,,,0.0,1.0
-1939940434765765785-2608140816-4,7716,2608140825,2608140825,1,,S,S1,Herrenberg|Nufringen|Gärtringen,8001689,Ehningen (b Böblingen),Baden-Württemberg,Ehningen,71139,8.944310368,48.66275549,4,2608140825,,2608140826,,,,,,,,,,,0.0,1.0
6586635698842149002-2608140846-4,7718,2608140855,2608140855,1,,S,S1,Herrenberg|Nufringen|Gärtringen,8001689,Ehningen (b Böblingen),Baden-Württemberg,Ehningen,71139,8.944310368,48.66275549,4,2608140856,,2608140856,,,,,,,,,,,1.0,1.0
4428035523306694897-2608140816-6,7713,2608140835,2608140835,2,,S,S1,Stuttgart-Vaihingen|Stuttgart-Rohr|Goldberg(Württ)|Böblingen|Hulb,8001689,Ehningen (b Böblingen),Baden-Württemberg,Ehningen,71139,8.944310368,48.66275549,4,2608140840,,2608140840,,,,,,,,,,,5.0,5.0
-5804237943130712983-2608140803-7,7215,2608140817,2608140817,3,,S,S2,Schorndorf|Weiler(Rems)|Winterbach(b Schorndorf)|Geradstetten|Grunbach|Beutelsbach,8001785,Endersbach,Baden-Württemberg,Weinstadt,71384,9.370192421,48.81317323,4,2608140819,,2608140819,,h,1,Bauarbeiten,,,,,,,2.0,2.0
-5128631246468454871-2608140833-7,7217,2608140847,2608140847,3,,S,S2,Schorndorf|Weiler(Rems)|Winterbach(b Schorndorf)|Geradstetten|Grunbach|Beutelsbach,8001785,Endersbach,Baden-Württemberg,Weinstadt,71384,9.370192421,48.81317323,4,2608140853,,2608140853,,h,1,Bauarbeiten,,,,,,,6.0,6.0
4710214702648447253-2608140820-9,7212,2608140841,2608140841,2,,S,S2,Stuttgart Hbf|Stuttgart-Bad Cannstatt|Stuttgart Nürnberger Str.|Stuttgart-Sommerrain|Fellbach|Waiblingen|Rommelshausen|Stetten-Beinstein,8001785,Endersbach,Baden-Württemberg,Weinstadt,71384,9.370192421,48.81317323,4,2608140847,,2608140847,,h,1,Bauarbeiten,,,,,,,6.0,6.0
-6187813548789768480-2608140750-9,7210,2608140811,2608140811,2,,S,S2,Stuttgart Hbf|Stuttgart-Bad Cannstatt|Stuttgart Nürnberger Str.|Stuttgart-Sommerrain|Fellbach|Waiblingen|Rommelshausen|Stetten-Beinstein,8001785,Endersbach,Baden-Württemberg,Weinstadt,71384,9.370192421,48.81317323,4,2608140814,,2608140814,,h,1,Bauarbeiten,,,,,,,3.0,3.0
7107141703960527681-2608140833-4,7417,2608140847,2608140848,1,,S,S4,Backnang|Burgstall(Murr)|Kirchberg(Murr),8001827,Erdmannhausen,Baden-Württemberg,Erdmannhausen,71729,9.298930848,48.9483447,6,2608140848,,2608140849,,,,,,,,,,,1.0,1.0
-3992047670892155392-2608140807-11,7410,2608140840,2608140840,1,,S,S4,Stuttgart Hbf|Stuttgart Nordbahnhof|Stuttgart-Feuerbach|Stuttgart-Zuffenhausen|Kornwestheim Pbf|Ludwigsburg|Favoritepark|Freiberg(Neckar)|Benningen(Neckar)|Marbach(Neckar),8001827,Erdmannhausen,Baden-Württemberg,Erdmannhausen,71729,9.298930848,48.9483447,6,2608140840,,2608140841,,,,,,,,,,,0.0,1.0
4239966119888045037-2608140737-11,7408,2608140810,2608140810,1,,S,S4,Stuttgart Hbf|Stuttgart Nordbahnhof|Stuttgart-Feuerbach|Stuttgart-Zuffenhausen|Kornwestheim Pbf|Ludwigsburg|Favoritepark|Freiberg(Neckar)|Benningen(Neckar)|Marbach(Neckar),8001827,Erdmannhausen,Baden-Württemberg,Erdmannhausen,71729,9.298930848,48.9483447,6,2608140810,,2608140811,,,,,,,,,,,0.0,1.0
-1396515843662350065-2608140803-4,7415,2608140817,2608140818,1,,S,S4,Backnang|Burgstall(Murr)|Kirchberg(Murr),8001827,Erdmannhausen,Baden-Württemberg,Erdmannhausen,71729,9.298930848,48.9483447,6,2608140817,,2608140818,,,,,,,,,,,0.0,0.0
-3045461427841764391-2608140632-15,19353,2608140834,2608140835,6,,RE,MEX18,Öhringen-Cappel|Öhringen Hbf|Bretzfeld|Willsbach|Weinsberg|Heilbronn Hbf|Nordheim(Württ)|Lauffen(Neckar)|Kirchheim(Neckar)|Walheim(Württ)|Besigheim|Bietigheim-Bissingen|Ludwigsburg|Kornwestheim Pbf,8001920,Esslingen (Neckar),Baden-Württemberg,Esslingen am Neckar,73728,9.300578149,48.73854148,3,2608140858,,2608140900,,h,2,Bauarbeiten,,,,,,,24.0,25.0
9036257144873715932-2608140550-11,267,2608140858,2608140900,5,,ICE,,Basel SBB|Basel Bad Bf|Weil am Rhein|Müllheim im Markgräflerland|Freiburg(Breisgau) Hbf|Offenburg|Baden-Baden|Karlsruhe Hbf|Bruchsal|Vaihingen(Enz),8001920,Esslingen (Neckar),Baden-Württemberg,Esslingen am Neckar,73728,9.300578149,48.73854148,3,,,,,h,1,Information,,,,,c,c,0.0,0.0
-6324333303227400345-2608140620-4,1012,2608140807,2608140809,5,,ICE,,München Hbf|Augsburg Hbf|Ulm Hbf,8001920,Esslingen (Neckar),Baden-Württemberg,Esslingen am Neckar,73728,9.300578149,48.73854148,3,2608140810,6,2608140812,6,c,,,,,,,,,3.0,3.0
6413309914048916248-2608140813-2,19308,2608140822,2608140823,3,,RE,MEX18,Plochingen,8001920,Esslingen (Neckar),Baden-Württemberg,Esslingen am Neckar,73728,9.300578149,48.73854148,3,2608140822,,2608140823,,,,,,,,,,,0.0,0.0
5468407054639694482-2608140653-11,19351,2608140802,2608140803,6,,RE,MEX12,Heilbronn Hbf|Nordheim(Württ)|Lauffen(Neckar)|Kirchheim(Neckar)|Walheim(Württ)|Besigheim|Bietigheim-Bissingen|Ludwigsburg|Stuttgart Hbf|Stuttgart-Bad Cannstatt,8001920,Esslingen (Neckar),Baden-Württemberg,Esslingen am Neckar,73728,9.300578149,48.73854148,3,2608140804,,2608140805,,h,2,Bauarbeiten,,,,,,,2.0,2.0
-6750459440429737938-2608140755-7,7112,2608140812,2608140813,8,,S,S1,Stuttgart Hbf|Stuttgart-Bad Cannstatt|Stuttgart Neckarpark|Stuttgart-Untertürkheim|Stuttgart-Obertürkheim|Esslingen-Mettingen,8001920,Esslingen (Neckar),Baden-Württemberg,Esslingen am Neckar,73728,9.300578149,48.73854148,3,2608140812,,2608140813,,h,1,Störung,,,,,,,0.0,0.0
-705341486458257230-2608140805-3,19123,2608140815,2608140815,5,,ARV,16,Stuttgart Hbf|Stuttgart-Bad Cannstatt,8001920,Esslingen (Neckar),Baden-Württemberg,Esslingen am Neckar,73728,9.300578149,48.73854148,3,2608140822,6,2608140823,6,,,,,,,,,,7.0,8.0
2706780419589409599-2608140535-19,4204,2608140812,2608140813,3,,RE,RE5,Enzisweiler|Wasserburg(Bodensee)|Nonnenhorn|Kressbronn|Langenargen|Eriskirch|Friedrichshafen Stadt|Meckenbeuren|Ravensburg|Aulendorf|Bad Schussenried|Biberach(Riß)|Schemmerberg|Laupheim West|Ulm Hbf|Geislingen(Steige)|Göppingen|Plochingen,8001920,Esslingen (Neckar),Baden-Württemberg,Esslingen am Neckar,73728,9.300578149,48.73854148,3,2608140812,,2608140815,,h,2,Bauarbeiten,,,,,,,0.0,2.0
-7908498233924216314-2608140750-9,7115,2608140817,2608140817,7,,S,S1,Kirchheim(Teck)|Kirchheim(Teck)-Ötlingen|Wendlingen(Neckar)|Wernau(Neckar)|Plochingen|Altbach|Esslingen-Zell|Oberesslingen,8001920,Esslingen (Neckar),Baden-Württemberg,Esslingen am Neckar,73728,9.300578149,48.73854148,3,2608140817,,2608140818,,h,1,Störung,,,,,p,p,0.0,1.0
2381293164445342384-2608140847-2,19222,2608140853,2608140854,3,,RE,MEX12,Plochingen,8001920,Esslingen (Neckar),Baden-Württemberg,Esslingen am Neckar,73728,9.300578149,48.73854148,3,2608140855,7,2608140856,7,h,2,Bauarbeiten,,,,,,,2.0,2.0
-5473194171738225736-2608140842-3,19125,2608140853,2608140854,5,,ARV,16,Stuttgart Hbf|Stuttgart-Bad Cannstatt,8001920,Esslingen (Neckar),Baden-Württemberg,Esslingen am Neckar,73728,9.300578149,48.73854148,3,2608140854,,2608140855,,,,,,,,,,,1.0,1.0
2988814004659936288-2608140820-9,7117,2608140847,2608140847,7,,S,S1,Kirchheim(Teck)|Kirchheim(Teck)-Ötlingen|Wendlingen(Neckar)|Wernau(Neckar)|Plochingen|Altbach|Esslingen-Zell|Oberesslingen,8001920,Esslingen (Neckar),Baden-Württemberg,Esslingen am Neckar,73728,9.300578149,48.73854148,3,2608140850,,2608140850,,h,1,Störung,,,,,p,p,3.0,3.0
-1152152025292238787-2608140839-2,4209,2608140848,2608140849,5,,RE,RE5,Stuttgart Hbf,8001920,Esslingen (Neckar),Baden-Württemberg,Esslingen am Neckar,73728,9.300578149,48.73854148,3,2608140849,,2608140851,,h,2,Störung,,,,,,,1.0,2.0
7462677850950360621-2608140825-7,7114,2608140842,2608140843,8,,S,S1,Stuttgart Hbf|Stuttgart-Bad Cannstatt|Stuttgart Neckarpark|Stuttgart-Untertürkheim|Stuttgart-Obertürkheim|Esslingen-Mettingen,8001920,Esslingen (Neckar),Baden-Württemberg,Esslingen am Neckar,73728,9.300578149,48.73854148,3,2608140842,,2608140843,,h,1,Störung,,,,,,,0.0,0.0
7364365756035854020-2608140636-20,19120,2608140801,2608140802,3,,ARV,16,Ulm Hbf|Beimerstetten|Westerstetten|Lonsee|Urspring|Amstetten(Württ)|Geislingen(Steige)|Geislingen(Steige)West|Kuchen|Gingen(Fils)|Süßen|Salach|Eislingen(Fils)|Göppingen|Faurndau|Uhingen|Ebersbach(Fils)|Reichenbach(Fils)|Plochingen,8001920,Esslingen (Neckar),Baden-Württemberg,Esslingen am Neckar,73728,9.300578149,48.73854148,3,2608140804,,2608140804,,,,,,,,,,,3.0,2.0
-5005532278471111418-2608140707-20,19122,2608140841,2608140841,3,,ARV,16,Ulm Hbf|Beimerstetten|Westerstetten|Lonsee|Urspring|Amstetten(Württ)|Geislingen(Steige)|Geislingen(Steige)West|Kuchen|Gingen(Fils)|Süßen|Salach|Eislingen(Fils)|Göppingen|Faurndau|Uhingen|Ebersbach(Fils)|Reichenbach(Fils)|Plochingen,8001920,Esslingen (Neckar),Baden-Württemberg,Esslingen am Neckar,73728,9.300578149,48.73854148,3,2608140841,,2608140846,,,,,,,,,,,0.0,5.0
5737891863628718438-2608140651-4,9576,2608140858,2608140859,2,,TGV,,München Hbf|Augsburg Hbf|Ulm Hbf,8001920,Esslingen (Neckar),Baden-Württemberg,Esslingen am Neckar,73728,9.300578149,48.73854148,3,2608140903,3,2608140905,3,h,3,Störung,,,,,,,5.0,6.0
-6750459440429737938-2608140755-6,7112,2608140809,2608140809,4,,S,S1,Stuttgart Hbf|Stuttgart-Bad Cannstatt|Stuttgart Neckarpark|Stuttgart-Untertürkheim|Stuttgart-Obertürkheim,8001921,Esslingen-Mettingen,Baden-Württemberg,Esslingen am Neckar,73733,9.275799007,48.74696655,3,2608140810,,2608140810,,h,1,Störung,,,,,,,1.0,1.0
-7908498233924216314-2608140750-10,7115,2608140819,2608140820,3,,S,S1,Kirchheim(Teck)|Kirchheim(Teck)-Ötlingen|Wendlingen(Neckar)|Wernau(Neckar)|Plochingen|Altbach|Esslingen-Zell|Oberesslingen|Esslingen(Neckar),8001921,Esslingen-Mettingen,Baden-Württemberg,Esslingen am Neckar,73733,9.275799007,48.74696655,3,2608140820,,2608140820,,h,1,Störung,,,,,p,p,1.0,0.0
2988814004659936288-2608140820-10,7117,2608140849,2608140850,3,,S,S1,Kirchheim(Teck)|Kirchheim(Teck)-Ötlingen|Wendlingen(Neckar)|Wernau(Neckar)|Plochingen|Altbach|Esslingen-Zell|Oberesslingen|Esslingen(Neckar),8001921,Esslingen-Mettingen,Baden-Württemberg,Esslingen am Neckar,73733,9.275799007,48.74696655,3,2608140852,,2608140852,,h,1,Störung,,,,,p,p,3.0,2.0
7462677850950360621-2608140825-6,7114,2608140839,2608140839,4,,S,S1,Stuttgart Hbf|Stuttgart-Bad Cannstatt|Stuttgart Neckarpark|Stuttgart-Untertürkheim|Stuttgart-Obertürkheim,8001921,Esslingen-Mettingen,Baden-Württemberg,Esslingen am Neckar,73733,9.275799007,48.74696655,3,2608140840,,2608140840,,h,1,Störung,,,,,,,1.0,1.0
-6750459440429737938-2608140755-9,7112,2608140817,2608140818,4,,S,S1,Stuttgart Hbf|Stuttgart-Bad Cannstatt|Stuttgart Neckarpark|Stuttgart-Untertürkheim|Stuttgart-Obertürkheim|Esslingen-Mettingen|Esslingen(Neckar)|Oberesslingen,8006642,Esslingen-Zell,Baden-Württemberg,Esslingen am Neckar,73730,9.359739507,48.72436142,3,2608140817,,2608140818,,h,1,Störung,,,,,,,0.0,0.0
-7908498233924216314-2608140750-7,7115,2608140812,2608140812,3,,S,S1,Kirchheim(Teck)|Kirchheim(Teck)-Ötlingen|Wendlingen(Neckar)|Wernau(Neckar)|Plochingen|Altbach,8006642,Esslingen-Zell,Baden-Württemberg,Esslingen am Neckar,73730,9.359739507,48.72436142,3,2608140812,,2608140812,,h,1,Störung,,,,,p,p,0.0,0.0
2988814004659936288-2608140820-7,7117,2608140842,2608140842,3,,S,S1,Kirchheim(Teck)|Kirchheim(Teck)-Ötlingen|Wendlingen(Neckar)|Wernau(Neckar)|Plochingen|Altbach,8006642,Esslingen-Zell,Baden-Württemberg,Esslingen am Neckar,73730,9.359739507,48.72436142,3,2608140845,,2608140845,,h,1,Störung,,,,,p,p,3.0,3.0
7462677850950360621-2608140825-9,7114,2608140847,2608140848,4,,S,S1,Stuttgart Hbf|Stuttgart-Bad Cannstatt|Stuttgart Neckarpark|Stuttgart-Untertürkheim|Stuttgart-Obertürkheim|Esslingen-Mettingen|Esslingen(Neckar)|Oberesslingen,8006642,Esslingen-Zell,Baden-Württemberg,Esslingen am Neckar,73730,9.359739507,48.72436142,3,2608140847,,2608140848,,h,1,Störung,,,,,,,0.0,0.0
-812051319324174666-2608140837-7,7412,2608140856,2608140856,1,,S,S4,Stuttgart Hbf|Stuttgart Nordbahnhof|Stuttgart-Feuerbach|Stuttgart-Zuffenhausen|Kornwestheim Pbf|Ludwigsburg,8001967,Favoritepark,Baden-Württemberg,Ludwigsburg,71634,9.180574277,48.90948451,5,2608140900,,2608140900,,,,,,,,,,,4.0,4.0
-3992047670892155392-2608140807-7,7410,2608140826,2608140826,1,,S,S4,Stuttgart Hbf|Stuttgart Nordbahnhof|Stuttgart-Feuerbach|Stuttgart-Zuffenhausen|Kornwestheim Pbf|Ludwigsburg,8001967,Favoritepark,Baden-Württemberg,Ludwigsburg,71634,9.180574277,48.90948451,5,2608140828,,2608140828,,,,,,,,,,,2.0,2.0
8970610329466681156-2608140733-8,7413,2608140803,2608140804,2,,S,S4,Backnang|Burgstall(Murr)|Kirchberg(Murr)|Erdmannhausen|Marbach(Neckar)|Benningen(Neckar)|Freiberg(Neckar),8001967,Favoritepark,Baden-Württemberg,Ludwigsburg,71634,9.180574277,48.90948451,5,2608140804,,2608140805,,,,,,,,,,,1.0,1.0
-1396515843662350065-2608140803-8,7415,2608140833,2608140834,2,,S,S4,Backnang|Burgstall(Murr)|Kirchberg(Murr)|Erdmannhausen|Marbach(Neckar)|Benningen(Neckar)|Freiberg(Neckar),8001967,Favoritepark,Baden-Württemberg,Ludwigsburg,71634,9.180574277,48.90948451,5,2608140834,,2608140835,,,,,,,,,,,1.0,1.0
-5804237943130712983-2608140803-11,7215,2608140827,2608140828,4,,S,S2,Schorndorf|Weiler(Rems)|Winterbach(b Schorndorf)|Geradstetten|Grunbach|Beutelsbach|Endersbach|Stetten-Beinstein|Rommelshausen|Waiblingen,8001974,Fellbach,Baden-Württemberg,Fellbach,70736,9.270645988,48.8202936,3,2608140828,,2608140829,,h,1,Bauarbeiten,,,,,,,1.0,1.0
-5128631246468454871-2608140833-11,7217,2608140857,2608140858,4,,S,S2,Schorndorf|Weiler(Rems)|Winterbach(b Schorndorf)|Geradstetten|Grunbach|Beutelsbach|Endersbach|Stetten-Beinstein|Rommelshausen|Waiblingen,8001974,Fellbach,Baden-Württemberg,Fellbach,70736,9.270645988,48.8202936,3,2608140902,,2608140903,,h,1,Bauarbeiten,,,,,,,5.0,5.0
-6826708456044057474-2608140811-8,7315,2608140832,2608140833,4,,S,S3,Backnang|Maubach|Nellmersbach|Winnenden|Schwaikheim|Neustadt-Hohenacker|Waiblingen,8001974,Fellbach,Baden-Württemberg,Fellbach,70736,9.270645988,48.8202936,3,2608140833,,2608140833,,,,,,,,,,,1.0,0.0
1183603668671718907-2608140741-8,7313,2608140802,2608140803,4,,S,S3,Backnang|Maubach|Nellmersbach|Winnenden|Schwaikheim|Neustadt-Hohenacker|Waiblingen,8001974,Fellbach,Baden-Württemberg,Fellbach,70736,9.270645988,48.8202936,3,2608140802,,2608140803,,h,1,Störung,,,,,,,0.0,0.0
-6338002183585841713-2608140842-5,7314,2608140856,2608140857,1,,S,S3,Stuttgart Hbf|Stuttgart-Bad Cannstatt|Stuttgart Nürnberger Str.|Stuttgart-Sommerrain,8001974,Fellbach,Baden-Württemberg,Fellbach,70736,9.270645988,48.8202936,3,2608140858,,2608140859,,,,,,,,,,,2.0,2.0
-3592468245100533836-2608140812-5,7312,2608140826,2608140827,1,,S,S3,Stuttgart Hbf|Stuttgart-Bad Cannstatt|Stuttgart Nürnberger Str.|Stuttgart-Sommerrain,8001974,Fellbach,Baden-Württemberg,Fellbach,70736,9.270645988,48.8202936,3,2608140826,,2608140827,,h,1,Störung,,,,,,,0.0,0.0
4710214702648447253-2608140820-5,7212,2608140831,2608140832,1,,S,S2,Stuttgart Hbf|Stuttgart-Bad Cannstatt|Stuttgart Nürnberger Str.|Stuttgart-Sommerrain,8001974,Fellbach,Baden-Württemberg,Fellbach,70736,9.270645988,48.8202936,3,2608140837,,2608140838,,h,1,Bauarbeiten,,,,,,,6.0,6.0
-6187813548789768480-2608140750-5,7210,2608140801,2608140802,1,,S,S2,Stuttgart Hbf|Stuttgart-Bad Cannstatt|Stuttgart Nürnberger Str.|Stuttgart-Sommerrain,8001974,Fellbach,Baden-Württemberg,Fellbach,70736,9.270645988,48.8202936,3,2608140805,,2608140806,,h,1,Bauarbeiten,,,,,,,4.0,4.0
-6417774412386429047-2608140833-2,7914,2608140837,2608140838,2,,S,S2,Filderstadt,8005768,Stuttgart Flughafen/Messe,Baden-Württemberg,Leinfelden-Echterdingen,70629,9.193411574,48.69075193,4,2608140837,,2608140838,,,,,,,,,,,0.0,0.0
4580394534230796773-2608140805-6,7913,2608140822,2608140823,1,,S,S2,Stuttgart-Vaihingen|Stuttgart-Rohr|Oberaichen|Leinfelden|Echterdingen,8005768,Stuttgart Flughafen/Messe,Baden-Württemberg,Leinfelden-Echterdingen,70629,9.193411574,48.69075193,4,2608140822,,2608140823,,,,,,,,,,,0.0,0.0
7974787834467566145-2608140803-2,7912,2608140807,2608140808,2,,S,S2,Filderstadt,8005768,Stuttgart Flughafen/Messe,Baden-Württemberg,Leinfelden-Echterdingen,70629,9.193411574,48.69075193,4,2608140807,,2608140808,,,,,,,,,,,0.0,0.0
-5955935305381349706-2608140835-6,7915,2608140852,2608140853,1,,S,S2,Stuttgart-Vaihingen|Stuttgart-Rohr|Oberaichen|Leinfelden|Echterdingen,8005768,Stuttgart Flughafen/Messe,Baden-Württemberg,Leinfelden-Echterdingen,70629,9.193411574,48.69075193,4,2608140852,,2608140853,,,,,,,,,,,0.0,0.0
-812051319324174666-2608140837-8,7412,2608140859,2608140859,3,,S,S4,Stuttgart Hbf|Stuttgart Nordbahnhof|Stuttgart-Feuerbach|Stuttgart-Zuffenhausen|Kornwestheim Pbf|Ludwigsburg|Favoritepark,8002065,Freiberg (Neckar),Baden-Württemberg,Freiberg am Neckar,71691,9.197530085,48.92994974,5,2608140903,,2608140903,,,,,,,,,,,4.0,4.0
-3992047670892155392-2608140807-8,7410,2608140829,2608140829,3,,S,S4,Stuttgart Hbf|Stuttgart Nordbahnhof|Stuttgart-Feuerbach|Stuttgart-Zuffenhausen|Kornwestheim Pbf|Ludwigsburg|Favoritepark,8002065,Freiberg (Neckar),Baden-Württemberg,Freiberg am Neckar,71691,9.197530085,48.92994974,5,2608140830,,2608140831,,,,,,,,,,,1.0,2.0
8970610329466681156-2608140733-7,7413,2608140800,2608140801,2,,S,S4,Backnang|Burgstall(Murr)|Kirchberg(Murr)|Erdmannhausen|Marbach(Neckar)|Benningen(Neckar),8002065,Freiberg (Neckar),Baden-Württemberg,Freiberg am Neckar,71691,9.197530085,48.92994974,5,2608140801,,2608140802,,,,,,,,,,,1.0,1.0
-1396515843662350065-2608140803-7,7415,2608140830,2608140831,2,,S,S4,Backnang|Burgstall(Murr)|Kirchberg(Murr)|Erdmannhausen|Marbach(Neckar)|Benningen(Neckar),8002065,Freiberg (Neckar),Baden-Württemberg,Freiberg am Neckar,71691,9.197530085,48.92994974,5,2608140831,,2608140832,,,,,,,,,,,1.0,1.0
3303772125527124508-2608140746-7,7711,2608140808,2608140808,1,,S,S1,Stuttgart-Vaihingen|Stuttgart-Rohr|Goldberg(Württ)|Böblingen|Hulb|Ehningen(b Böblingen),8002165,Gärtringen,Baden-Württemberg,Gärtringen,71116,8.908864487,48.64080021,5,2608140809,,2608140809,,,,,,,,,,,1.0,1.0
-1939940434765765785-2608140816-3,7716,2608140822,2608140822,2,,S,S1,Herrenberg|Nufringen,8002165,Gärtringen,Baden-Württemberg,Gärtringen,71116,8.908864487,48.64080021,5,2608140822,,2608140823,,,,,,,,,,,0.0,1.0
6586635698842149002-2608140846-3,7718,2608140852,2608140852,2,,S,S1,Herrenberg|Nufringen,8002165,Gärtringen,Baden-Württemberg,Gärtringen,71116,8.908864487,48.64080021,5,2608140853,,2608140853,,,,,,,,,,,1.0,1.0
4428035523306694897-2608140816-7,7713,2608140838,2608140838,1,,S,S1,Stuttgart-Vaihingen|Stuttgart-Rohr|Goldberg(Württ)|Böblingen|Hulb|Ehningen(b Böblingen),8002165,Gärtringen,Baden-Württemberg,Gärtringen,71116,8.908864487,48.64080021,5,2608140843,,2608140844,,,,,,,,,,,5.0,6.0
-5804237943130712983-2608140803-4,7215,2608140810,2608140811,1,,S,S2,Schorndorf|Weiler(Rems)|Winterbach(b Schorndorf),8002240,Geradstetten,Baden-Württemberg,Remshalden,73630,9.439522346,48.80527689,5,2608140812,,2608140813,,h,1,Bauarbeiten,,,,,,,2.0,2.0
-5128631246468454871-2608140833-4,7217,2608140840,2608140841,1,,S,S2,Schorndorf|Weiler(Rems)|Winterbach(b Schorndorf),8002240,Geradstetten,Baden-Württemberg,Remshalden,73630,9.439522346,48.80527689,5,2608140846,,2608140847,,h,1,Bauarbeiten,,,,,,,6.0,6.0
4710214702648447253-2608140820-12,7212,2608140847,2608140847,2,,S,S2,Stuttgart Hbf|Stuttgart-Bad Cannstatt|Stuttgart Nürnberger Str.|Stuttgart-Sommerrain|Fellbach|Waiblingen|Rommelshausen|Stetten-Beinstein|Endersbach|Beutelsbach|Grunbach,8002240,Geradstetten,Baden-Württemberg,Remshalden,73630,9.439522346,48.80527689,5,2608140857,,2608140858,,h,1,Bauarbeiten,,,,,,,10.0,11.0
-6187813548789768480-2608140750-12,7210,2608140817,2608140817,2,,S,S2,Stuttgart Hbf|Stuttgart-Bad Cannstatt|Stuttgart Nürnberger Str.|Stuttgart-Sommerrain|Fellbach|Waiblingen|Rommelshausen|Stetten-Beinstein|Endersbach|Beutelsbach|Grunbach,8002240,Geradstetten,Baden-Württemberg,Remshalden,73630,9.439522346,48.80527689,5,2608140825,,2608140825,,h,1,Bauarbeiten,,,,,,,8.0,8.0
7703218303646440626-2608140746-7,7714,2608140802,2608140802,2,,S,S1,Herrenberg|Nufringen|Gärtringen|Ehningen(b Böblingen)|Hulb|Böblingen,8005201,Goldberg,Baden-Württemberg,Böblingen,71032,9.019733387,48.69651581,5,2608140803,,2608140804,,,,,,,,,,,1.0,2.0
-1294247402093517647-2608140846-3,7715,2608140858,2608140858,1,,S,S1,Stuttgart-Vaihingen|Stuttgart-Rohr,8005201,Goldberg,Baden-Württemberg,Böblingen,71032,9.019733387,48.69651581,5,2608140858,,2608140859,,,,,,,,,,,0.0,1.0
-1939940434765765785-2608140816-7,7716,2608140832,2608140832,2,,S,S1,Herrenberg|Nufringen|Gärtringen|Ehningen(b Böblingen)|Hulb|Böblingen,8005201,Goldberg,Baden-Württemberg,Böblingen,71032,9.019733387,48.69651581,5,2608140837,,2608140838,,,,,,,,,,,5.0,6.0
4428035523306694897-2608140816-3,7713,2608140828,2608140828,1,,S,S1,Stuttgart-Vaihingen|Stuttgart-Rohr,8005201,Goldberg,Baden-Württemberg,Böblingen,71032,9.019733387,48.69651581,5,2608140833,,2608140833,,,,,,,,,,,5.0,5.0
-5804237943130712983-2608140803-5,7215,2608140812,2608140813,2,,S,S2,Schorndorf|Weiler(Rems)|Winterbach(b Schorndorf)|Geradstetten,8002448,Grunbach,Baden-Württemberg,Remshalden,73630,9.419580601,48.810414,4,2608140814,,2608140815,,h,1,Bauarbeiten,,,,,,,2.0,2.0
-5128631246468454871-2608140833-5,7217,2608140842,2608140843,2,,S,S2,Schorndorf|Weiler(Rems)|Winterbach(b Schorndorf)|Geradstetten,8002448,Grunbach,Baden-Württemberg,Remshalden,73630,9.419580601,48.810414,4,2608140848,,2608140849,,h,1,Bauarbeiten,,,,,,,6.0,6.0
4710214702648447253-2608140820-11,7212,2608140845,2608140845,3,,S,S2,Stuttgart Hbf|Stuttgart-Bad Cannstatt|Stuttgart Nürnberger Str.|Stuttgart-Sommerrain|Fellbach|Waiblingen|Rommelshausen|Stetten-Beinstein|Endersbach|Beutelsbach,8002448,Grunbach,Baden-Württemberg,Remshalden,73630,9.419580601,48.810414,4,2608140852,1,2608140855,1,h,1,Bauarbeiten,,,,,,,7.0,10.0
-6187813548789768480-2608140750-11,7210,2608140815,2608140815,3,,S,S2,Stuttgart Hbf|Stuttgart-Bad Cannstatt|Stuttgart Nürnberger Str.|Stuttgart-Sommerrain|Fellbach|Waiblingen|Rommelshausen|Stetten-Beinstein|Endersbach|Beutelsbach,8002448,Grunbach,Baden-Württemberg,Remshalden,73630,9.419580601,48.810414,4,2608140819,1,2608140823,1,h,1,Bauarbeiten,,,,,,,4.0,8.0
2731609608764190811-2608140604-13,2386,2608140810,2608140811,1,,IC,,Konstanz|Radolfzell|Singen(Hohentwiel)|Engen|Tuttlingen|Spaichingen|Rottweil|Oberndorf(Neckar)|Sulz(Neckar)|Horb|Bondorf(b Herrenberg)|Gäufelden,8002785,Herrenberg,Baden-Württemberg,Herrenberg,71083,8.862625253,48.59395697,3,2608140810,,2608140811,,h,2,Information,,,,,,,0.0,0.0
-7141236726970390436-2608140811-10,22743,2608140841,,102,,RB,,Tübingen Hbf|Tübingen West|Unterjesingen Sandäcker|Unterjesingen Mitte|Pfäffingen|Entringen|Altingen(Württ)|Gültstein|Herrenberg Zwerchweg,8002785,Herrenberg,Baden-Württemberg,Herrenberg,71083,8.862625253,48.59395697,3,2608140841,,,,,,,,,,,,,0.0,0.0
349961107221448788-2608140604-13,52386,2608140810,2608140811,1,,RE,IC87,Konstanz|Radolfzell|Singen(Hohentwiel)|Engen|Tuttlingen|Spaichingen|Rottweil|Oberndorf(Neckar)|Sulz(Neckar)|Horb|Bondorf(b Herrenberg)|Gäufelden,8002785,Herrenberg,Baden-Württemberg,Herrenberg,71083,8.862625253,48.59395697,3,2608140810,,2608140811,,h,2,Information,,,,,,,0.0,0.0
-1894659457855522388-2608140849-1,22744,,2608140849,,,RB,RB63,,8002785,Herrenberg,Baden-Württemberg,Herrenberg,71083,8.862625253,48.59395697,3,,,2608140849,,,,,,,,,,,0.0,0.0
-4073662896083257621-2608140741-10,22737,2608140811,,102,,RB,,Tübingen Hbf|Tübingen West|Unterjesingen Sandäcker|Unterjesingen Mitte|Pfäffingen|Entringen|Altingen(Württ)|Gültstein|Herrenberg Zwerchweg,8002785,Herrenberg,Baden-Württemberg,Herrenberg,71083,8.862625253,48.59395697,3,2608140811,,,,,,,,,,,,,0.0,0.0
-1293211337437829021-2608140825-5,17634,2608140841,,101,,RB,,Eutingen im Gäu|Ergenzingen|Bondorf(b Herrenberg)|Gäufelden,8002785,Herrenberg,Baden-Württemberg,Herrenberg,71083,8.862625253,48.59395697,3,2608140841,,,,,,,,,,,,,0.0,0.0
3303772125527124508-2608140746-9,7711,2608140815,,3,,S,,Stuttgart-Vaihingen|Stuttgart-Rohr|Goldberg(Württ)|Böblingen|Hulb|Ehningen(b Böblingen)|Gärtringen|Nufringen,8002785,Herrenberg,Baden-Württemberg,Herrenberg,71083,8.862625253,48.59395697,3,2608140816,,,,,,,,,,,,,1.0,0.0
8961996564700954198-2608140819-1,22738,,2608140819,,,RB,RB63,,8002785,Herrenberg,Baden-Württemberg,Herrenberg,71083,8.862625253,48.59395697,3,,,2608140820,,,,,,,,,,,0.0,1.0
-2492451187275796911-2608140805-1,17621,,2608140805,,,RB,RB14a,,8002785,Herrenberg,Baden-Württemberg,Herrenberg,71083,8.862625253,48.59395697,3,,,2608140805,,,,,,,,,,,0.0,0.0
6806492799498595716-2608140817-4,17627,2608140848,2608140849,4,,RE,RE14b,Stuttgart Hbf|Stuttgart-Vaihingen|Böblingen,8002785,Herrenberg,Baden-Württemberg,Herrenberg,71083,8.862625253,48.59395697,3,2608140853,,2608140854,,,,,,,,,,,5.0,5.0
5405057395916935106-2608140817-4,17629,2608140848,2608140849,4,,RE,RE14a,Stuttgart Hbf|Stuttgart-Vaihingen|Böblingen,8002785,Herrenberg,Baden-Württemberg,Herrenberg,71083,8.862625253,48.59395697,3,2608140853,,2608140854,,h,2,Bauarbeiten,,,,,,,5.0,5.0
-1939940434765765785-2608140816-1,7716,,2608140816,,,S,S1,,8002785,Herrenberg,Baden-Württemberg,Herrenberg,71083,8.862625253,48.59395697,3,,,2608140816,,,,,,,,,,,0.0,0.0
6586635698842149002-2608140846-1,7718,,2608140846,,,S,S1,,8002785,Herrenberg,Baden-Württemberg,Herrenberg,71083,8.862625253,48.59395697,3,,,2608140846,,,,,,,,,,,0.0,0.0
4428035523306694897-2608140816-9,7713,2608140845,,3,,S,,Stuttgart-Vaihingen|Stuttgart-Rohr|Goldberg(Württ)|Böblingen|Hulb|Ehningen(b Böblingen)|Gärtringen|Nufringen,8002785,Herrenberg,Baden-Württemberg,Herrenberg,71083,8.862625253,48.59395697,3,2608140851,2,,,,,,,,,,,,6.0,0.0
8022546424643450692-2608140817-9,7612,2608140839,2608140839,2,,S,S6,Stuttgart Hbf|Stuttgart Nordbahnhof|Stuttgart-Feuerbach|Stuttgart-Zuffenhausen|Neuwirtshaus(Porscheplatz)|Korntal|Weilimdorf|Ditzingen,8002892,Höfingen,Baden-Württemberg,Leonberg,71229,9.026180834,48.81503436,5,2608140857,,2608140858,,,,,,,,,,,18.0,19.0
368607286846300048-2608140803-6,7615,2608140820,2608140821,1,,S,S6,Weil der Stadt|Malmsheim|Renningen|Rutesheim|Leonberg,8002892,Höfingen,Baden-Württemberg,Leonberg,71229,9.026180834,48.81503436,5,2608140824,,2608140825,,,,,,,,,,,4.0,4.0
5803573868774258182-2608140833-6,7617,2608140850,2608140851,1,,S,S6,Weil der Stadt|Malmsheim|Renningen|Rutesheim|Leonberg,8002892,Höfingen,Baden-Württemberg,Leonberg,71229,9.026180834,48.81503436,5,2608140851,,2608140852,,,,,,,,,,,1.0,1.0
-4552151844011388438-2608140838-7,7018,2608140854,2608140854,2,,S,S60,Stuttgart-Feuerbach|Stuttgart-Zuffenhausen|Neuwirtshaus(Porscheplatz)|Korntal|Weilimdorf|Ditzingen,8002892,Höfingen,Baden-Württemberg,Leonberg,71229,9.026180834,48.81503436,5,2608140854,,2608140855,,,,,,,,,,,0.0,1.0
-5104000198219132669-2608140808-7,7016,2608140824,2608140824,2,,S,S60,Stuttgart-Feuerbach|Stuttgart-Zuffenhausen|Neuwirtshaus(Porscheplatz)|Korntal|Weilimdorf|Ditzingen,8002892,Höfingen,Baden-Württemberg,Leonberg,71229,9.026180834,48.81503436,5,2608140824,,2608140825,,,,,,,,,,,0.0,1.0
7558420737718355302-2608140804-10,7013,2608140835,2608140836,1,,S,S60,Böblingen|Sindelfingen|Maichingen|Maichingen Nord|Magstadt|Renningen Süd|Renningen|Rutesheim|Leonberg,8002892,Höfingen,Baden-Württemberg,Leonberg,71229,9.026180834,48.81503436,5,2608140836,,2608140836,,,,,,,,,,,1.0,0.0
3592955462745051107-2608140734-10,7011,2608140805,2608140806,1,,S,S60,Böblingen|Sindelfingen|Maichingen|Maichingen Nord|Magstadt|Renningen Süd|Renningen|Rutesheim|Leonberg,8002892,Höfingen,Baden-Württemberg,Leonberg,71229,9.026180834,48.81503436,5,2608140805,,2608140806,,,,,,,,,,,0.0,0.0
6922079602389085921-2608140747-9,7610,2608140809,2608140809,2,,S,S6,Stuttgart Hbf|Stuttgart Nordbahnhof|Stuttgart-Feuerbach|Stuttgart-Zuffenhausen|Neuwirtshaus(Porscheplatz)|Korntal|Weilimdorf|Ditzingen,8002892,Höfingen,Baden-Württemberg,Leonberg,71229,9.026180834,48.81503436,5,2608140812,,2608140813,,,,,,,,,,,3.0,4.0
3303772125527124508-2608140746-5,7711,2608140802,2608140802,1,,S,S1,Stuttgart-Vaihingen|Stuttgart-Rohr|Goldberg(Württ)|Böblingen,8003022,Hulb,Baden-Württemberg,Böblingen-Hulb,71032,8.982396429,48.67924173,5,2608140803,,2608140803,,,,,,,,,,,1.0,1.0
-1939940434765765785-2608140816-5,7716,2608140828,2608140828,2,,S,S1,Herrenberg|Nufringen|Gärtringen|Ehningen(b Böblingen),8003022,Hulb,Baden-Württemberg,Böblingen-Hulb,71032,8.982396429,48.67924173,5,2608140828,,2608140833,,,,,,,,,,,0.0,5.0
6586635698842149002-2608140846-5,7718,2608140858,2608140858,2,,S,S1,Herrenberg|Nufringen|Gärtringen|Ehningen(b Böblingen),8003022,Hulb,Baden-Württemberg,Böblingen-Hulb,71032,8.982396429,48.67924173,5,2608140858,,2608140859,,,,,,,,,,,0.0,1.0
4428035523306694897-2608140816-5,7713,2608140832,2608140832,1,,S,S1,Stuttgart-Vaihingen|Stuttgart-Rohr|Goldberg(Württ)|Böblingen,8003022,Hulb,Baden-Württemberg,Böblingen-Hulb,71032,8.982396429,48.67924173,5,2608140837,,2608140837,,,,,,,,,,,5.0,5.0
-6417774412386429047-2608140833-1,7914,,2608140833,,,S,S2,,8001984,Filderstadt,Baden-Württemberg,Filderstadt,70794,9.217581315,48.67649151,5,,,2608140833,,,,,,,,,,,0.0,0.0
4580394534230796773-2608140805-7,7913,2608140827,,1,,S,,Stuttgart-Vaihingen|Stuttgart-Rohr|Oberaichen|Leinfelden|Echterdingen|Stuttgart Flughafen/Messe,8001984,Filderstadt,Baden-Württemberg,Filderstadt,70794,9.217581315,48.67649151,5,2608140827,,,,,,,,,,,,,0.0,0.0
7974787834467566145-2608140803-1,7912,,2608140803,,,S,S2,,8001984,Filderstadt,Baden-Württemberg,Filderstadt,70794,9.217581315,48.67649151,5,,,2608140803,,,,,,,,,,,0.0,0.0
-5955935305381349706-2608140835-7,7915,2608140857,,1,,S,,Stuttgart-Vaihingen|Stuttgart-Rohr|Oberaichen|Leinfelden|Echterdingen|Stuttgart Flughafen/Messe,8001984,Filderstadt,Baden-Württemberg,Filderstadt,70794,9.217581315,48.67649151,5,2608140857,,,,,,,,,,,,,0.0,0.0
7107141703960527681-2608140833-3,7417,2608140842,2608140845,1,,S,S4,Backnang|Burgstall(Murr),8003266,Kirchberg (Murr),Baden-Württemberg,Kirchberg an der Murr,71737,9.328210283,48.93928182,6,2608140842,,2608140846,,,,,,,,,,,0.0,1.0
-3992047670892155392-2608140807-12,7410,2608140843,2608140843,2,,S,S4,Stuttgart Hbf|Stuttgart Nordbahnhof|Stuttgart-Feuerbach|Stuttgart-Zuffenhausen|Kornwestheim Pbf|Ludwigsburg|Favoritepark|Freiberg(Neckar)|Benningen(Neckar)|Marbach(Neckar)|Erdmannhausen,8003266,Kirchberg (Murr),Baden-Württemberg,Kirchberg an der Murr,71737,9.328210283,48.93928182,6,2608140843,,2608140844,,,,,,,,,,,0.0,1.0
4239966119888045037-2608140737-12,7408,2608140813,2608140813,2,,S,S4,Stuttgart Hbf|Stuttgart Nordbahnhof|Stuttgart-Feuerbach|Stuttgart-Zuffenhausen|Kornwestheim Pbf|Ludwigsburg|Favoritepark|Freiberg(Neckar)|Benningen(Neckar)|Marbach(Neckar)|Erdmannhausen,8003266,Kirchberg (Murr),Baden-Württemberg,Kirchberg an der Murr,71737,9.328210283,48.93928182,6,2608140813,,2608140814,,,,,,,,,,,0.0,1.0
-1396515843662350065-2608140803-3,7415,2608140812,2608140815,1,,S,S4,Backnang|Burgstall(Murr),8003266,Kirchberg (Murr),Baden-Württemberg,Kirchberg an der Murr,71737,9.328210283,48.93928182,6,2608140812,,2608140815,,,,,,,,,,,0.0,0.0
-6750459440429737938-2608140755-15,7112,2608140839,,2,,S,,Stuttgart Hbf|Stuttgart-Bad Cannstatt|Stuttgart Neckarpark|Stuttgart-Untertürkheim|Stuttgart-Obertürkheim|Esslingen-Mettingen|Esslingen(Neckar)|Oberesslingen|Esslingen-Zell|Altbach|Plochingen|Wernau(Neckar)|Wendlingen(Neckar)|Kirchheim(Teck)-Ötlingen,8003280,Kirchheim (Teck),Baden-Württemberg,Kirchheim unter Teck,73230,9.443872422,48.64415981,4,,,,,h,1,Störung,,,,,c,,0.0,0.0
4774866984530666923-2608140817-1,37957,,2608140817,,,RB,RB64,,8003280,Kirchheim (Teck),Baden-Württemberg,Kirchheim unter Teck,73230,9.443872422,48.64415981,4,,,2608140817,,,,,,,,,,,0.0,0.0
2988814004659936288-2608140820-1,7117,,2608140820,,,S,S1,,8003280,Kirchheim (Teck),Baden-Württemberg,Kirchheim unter Teck,73230,9.443872422,48.64415981,4,,,,,h,1,Störung,,,,,,c,0.0,0.0
2394736871359748075-2608140725-15,7110,2608140809,,2,,S,,Stuttgart Hbf|Stuttgart-Bad Cannstatt|Stuttgart Neckarpark|Stuttgart-Untertürkheim|Stuttgart-Obertürkheim|Esslingen-Mettingen|Esslingen(Neckar)|Oberesslingen|Esslingen-Zell|Altbach|Plochingen|Wernau(Neckar)|Wendlingen(Neckar)|Kirchheim(Teck)-Ötlingen,8003280,Kirchheim (Teck),Baden-Württemberg,Kirchheim unter Teck,73230,9.443872422,48.64415981,4,,,,,h,1,Störung,,,,,c,,0.0,0.0
808445071586521810-2608140754-7,37956,2608140812,,1,,RB,,Oberlenningen|Unterlenningen|Brucken|Owen(Teck)|Dettingen(Teck)|Kirchheim(Teck)Süd,8003280,Kirchheim (Teck),Baden-Württemberg,Kirchheim unter Teck,73230,9.443872422,48.64415981,4,2608140812,,,,,,,,,,,,,0.0,0.0
-3441789533908263347-2608140850-1,7119,,2608140850,,,S,S1,,8003280,Kirchheim (Teck),Baden-Württemberg,Kirchheim unter Teck,73230,9.443872422,48.64415981,4,,,,,h,1,Störung,,,,,,c,0.0,0.0
-6750459440429737938-2608140755-14,7112,2608140836,2608140837,1,,S,S1,Stuttgart Hbf|Stuttgart-Bad Cannstatt|Stuttgart Neckarpark|Stuttgart-Untertürkheim|Stuttgart-Obertürkheim|Esslingen-Mettingen|Esslingen(Neckar)|Oberesslingen|Esslingen-Zell|Altbach|Plochingen|Wernau(Neckar)|Wendlingen(Neckar),8003282,Kirchheim (Teck)-Ötlingen,Baden-Württemberg,Kirchheim unter Teck,73230,9.416261302,48.65782388,5,,,,,h,1,Störung,,,,,c,c,0.0,0.0
2988814004659936288-2608140820-2,7117,2608140823,2608140823,1,,S,S1,Kirchheim(Teck),8003282,Kirchheim (Teck)-Ötlingen,Baden-Württemberg,Kirchheim unter Teck,73230,9.416261302,48.65782388,5,,,,,h,1,Störung,,,,,c,c,0.0,0.0
2394736871359748075-2608140725-14,7110,2608140806,2608140807,1,,S,S1,Stuttgart Hbf|Stuttgart-Bad Cannstatt|Stuttgart Neckarpark|Stuttgart-Untertürkheim|Stuttgart-Obertürkheim|Esslingen-Mettingen|Esslingen(Neckar)|Oberesslingen|Esslingen-Zell|Altbach|Plochingen|Wernau(Neckar)|Wendlingen(Neckar),8003282,Kirchheim (Teck)-Ötlingen,Baden-Württemberg,Kirchheim unter Teck,73230,9.416261302,48.65782388,5,,,,,h,1,Störung,,,,,c,c,0.0,0.0
-3441789533908263347-2608140850-2,7119,2608140853,2608140853,1,,S,S1,Kirchheim(Teck),8003282,Kirchheim (Teck)-Ötlingen,Baden-Württemberg,Kirchheim unter Teck,73230,9.416261302,48.65782388,5,,,,,h,1,Störung,,,,,c,c,0.0,0.0
1483634093748704360-2608140805-1,1096,,2608140805,,,WEG,RB47,,8003409,Korntal,Baden-Württemberg,Korntal,70825,9.121099128,48.82640246,4,,,2608140805,,,,,,,,,,,0.0,0.0
8022546424643450692-2608140817-6,7612,2608140831,2608140831,1,,S,S6,Stuttgart Hbf|Stuttgart Nordbahnhof|Stuttgart-Feuerbach|Stuttgart-Zuffenhausen|Neuwirtshaus(Porscheplatz),8003409,Korntal,Baden-Württemberg,Korntal,70825,9.121099128,48.82640246,4,2608140849,,2608140850,,,,,,,,,,,18.0,19.0
368607286846300048-2608140803-9,7615,2608140828,2608140829,3,,S,S6,Weil der Stadt|Malmsheim|Renningen|Rutesheim|Leonberg|Höfingen|Ditzingen|Weilimdorf,8003409,Korntal,Baden-Württemberg,Korntal,70825,9.121099128,48.82640246,4,2608140832,,2608140833,,,,,,,,,,,4.0,4.0
7390137587146650746-2608140831-7,1103,2608140854,,7,,WEG,,Heimerdingen|Hemmingen|Schwieberdingen|Münchingen|Münchingen Rührberg|Korntal Gymnasium,8003409,Korntal,Baden-Württemberg,Korntal,70825,9.121099128,48.82640246,4,2608140854,,,,,,,,,,,,,0.0,0.0
5803573868774258182-2608140833-9,7617,2608140858,2608140859,3,,S,S6,Weil der Stadt|Malmsheim|Renningen|Rutesheim|Leonberg|Höfingen|Ditzingen|Weilimdorf,8003409,Korntal,Baden-Württemberg,Korntal,70825,9.121099128,48.82640246,4,2608140859,,2608140900,,,,,,,,,,,1.0,1.0
-4552151844011388438-2608140838-4,7018,2608140846,2608140846,1,,S,S60,Stuttgart-Feuerbach|Stuttgart-Zuffenhausen|Neuwirtshaus(Porscheplatz),8003409,Korntal,Baden-Württemberg,Korntal,70825,9.121099128,48.82640246,4,2608140846,,2608140846,,,,,,,,,,,0.0,0.0
-5104000198219132669-2608140808-4,7016,2608140816,2608140816,1,,S,S60,Stuttgart-Feuerbach|Stuttgart-Zuffenhausen|Neuwirtshaus(Porscheplatz),8003409,Korntal,Baden-Württemberg,Korntal,70825,9.121099128,48.82640246,4,2608140816,,2608140817,,,,,,,,,,,0.0,1.0
7558420737718355302-2608140804-13,7013,2608140843,2608140844,3,,S,S60,Böblingen|Sindelfingen|Maichingen|Maichingen Nord|Magstadt|Renningen Süd|Renningen|Rutesheim|Leonberg|Höfingen|Ditzingen|Weilimdorf,8003409,Korntal,Baden-Württemberg,Korntal,70825,9.121099128,48.82640246,4,2608140843,,2608140844,,,,,,,,,,,0.0,0.0
1872058608445090990-2608140801-7,1097,2608140824,,7,,WEG,,Heimerdingen|Hemmingen|Schwieberdingen|Münchingen|Münchingen Rührberg|Korntal Gymnasium,8003409,Korntal,Baden-Württemberg,Korntal,70825,9.121099128,48.82640246,4,2608140824,,,,,,,,,,,,,0.0,0.0
3592955462745051107-2608140734-13,7011,2608140813,2608140814,3,,S,S60,Böblingen|Sindelfingen|Maichingen|Maichingen Nord|Magstadt|Renningen Süd|Renningen|Rutesheim|Leonberg|Höfingen|Ditzingen|Weilimdorf,8003409,Korntal,Baden-Württemberg,Korntal,70825,9.121099128,48.82640246,4,2608140813,,2608140814,,,,,,,,,,,0.0,0.0
6922079602389085921-2608140747-6,7610,2608140801,2608140801,1,,S,S6,Stuttgart Hbf|Stuttgart Nordbahnhof|Stuttgart-Feuerbach|Stuttgart-Zuffenhausen|Neuwirtshaus(Porscheplatz),8003409,Korntal,Baden-Württemberg,Korntal,70825,9.121099128,48.82640246,4,2608140805,,2608140805,,,,,,,,,,,4.0,4.0
-6251720950212682471-2608140835-1,1102,,2608140835,,,WEG,RB47,,8003409,Korntal,Baden-Württemberg,Korntal,70825,9.121099128,48.82640246,4,,,2608140835,,,,,,,,,,,0.0,0.0
-3998053100664762308-2608140807-5,7515,2608140819,2608140820,3,,S,S5,Bietigheim-Bissingen|Tamm(Württ)|Asperg|Ludwigsburg,8003411,Kornwestheim Pbf,Baden-Württemberg,Kornwestheim,70806,9.179967278,48.86215948,3,2608140819,,2608140820,,,,,,,,,,,0.0,0.0
-3045461427841764391-2608140632-14,19353,2608140812,2608140820,7,,RE,MEX18,Öhringen-Cappel|Öhringen Hbf|Bretzfeld|Willsbach|Weinsberg|Heilbronn Hbf|Nordheim(Württ)|Lauffen(Neckar)|Kirchheim(Neckar)|Walheim(Württ)|Besigheim|Bietigheim-Bissingen|Ludwigsburg,8003411,Kornwestheim Pbf,Baden-Württemberg,Kornwestheim,70806,9.179967278,48.86215948,3,2608140839,6,2608140843,6,h,2,Bauarbeiten,,,,,,,27.0,23.0
6413309914048916248-2608140813-3,19308,2608140842,2608140847,5,,RE,MEX18,Plochingen|Esslingen(Neckar),8003411,Kornwestheim Pbf,Baden-Württemberg,Kornwestheim,70806,9.179967278,48.86215948,3,2608140842,,2608140847,,,,,,,,,,,0.0,0.0
-1072643669346294455-2608140837-5,7517,2608140849,2608140850,3,,S,S5,Bietigheim-Bissingen|Tamm(Württ)|Asperg|Ludwigsburg,8003411,Kornwestheim Pbf,Baden-Württemberg,Kornwestheim,70806,9.179967278,48.86215948,3,2608140850,,2608140850,,,,,,,,,,,1.0,0.0
-8163811491625378496-2608140827-5,7514,2608140840,2608140840,4,,S,S5,Stuttgart Hbf|Stuttgart Nordbahnhof|Stuttgart-Feuerbach|Stuttgart-Zuffenhausen,8003411,Kornwestheim Pbf,Baden-Württemberg,Kornwestheim,70806,9.179967278,48.86215948,3,2608140842,,2608140843,,,,,,,,,,,2.0,3.0
-4928326504801899421-2608140757-5,7512,2608140810,2608140810,4,,S,S5,Stuttgart Hbf|Stuttgart Nordbahnhof|Stuttgart-Feuerbach|Stuttgart-Zuffenhausen,8003411,Kornwestheim Pbf,Baden-Württemberg,Kornwestheim,70806,9.179967278,48.86215948,3,2608140810,,2608140811,,,,,,,,,,,0.0,1.0
-812051319324174666-2608140837-5,7412,2608140850,2608140850,4,,S,S4,Stuttgart Hbf|Stuttgart Nordbahnhof|Stuttgart-Feuerbach|Stuttgart-Zuffenhausen,8003411,Kornwestheim Pbf,Baden-Württemberg,Kornwestheim,70806,9.179967278,48.86215948,3,2608140853,,2608140854,,,,,,,,,,,3.0,4.0
-3992047670892155392-2608140807-5,7410,2608140820,2608140820,4,,S,S4,Stuttgart Hbf|Stuttgart Nordbahnhof|Stuttgart-Feuerbach|Stuttgart-Zuffenhausen,8003411,Kornwestheim Pbf,Baden-Württemberg,Kornwestheim,70806,9.179967278,48.86215948,3,2608140820,,2608140821,,,,,,,,,,,0.0,1.0
8970610329466681156-2608140733-10,7413,2608140810,2608140810,3,,S,S4,Backnang|Burgstall(Murr)|Kirchberg(Murr)|Erdmannhausen|Marbach(Neckar)|Benningen(Neckar)|Freiberg(Neckar)|Favoritepark|Ludwigsburg,8003411,Kornwestheim Pbf,Baden-Württemberg,Kornwestheim,70806,9.179967278,48.86215948,3,2608140810,,2608140811,,,,,,,,,,,0.0,1.0
-1396515843662350065-2608140803-10,7415,2608140840,2608140840,3,,S,S4,Backnang|Burgstall(Murr)|Kirchberg(Murr)|Erdmannhausen|Marbach(Neckar)|Benningen(Neckar)|Freiberg(Neckar)|Favoritepark|Ludwigsburg,8003411,Kornwestheim Pbf,Baden-Württemberg,Kornwestheim,70806,9.179967278,48.86215948,3,2608140840,,2608140841,,,,,,,,,,,0.0,1.0
-6417774412386429047-2608140833-4,7914,2608140842,2608140843,2,,S,S2,Filderstadt|Stuttgart Flughafen/Messe|Echterdingen,8003622,Leinfelden,Baden-Württemberg,Leinfelden-Echterdingen,70771,9.142859698,48.6964193,4,2608140843,,2608140844,,,,,,,,,,,1.0,1.0
4580394534230796773-2608140805-4,7913,2608140816,2608140817,1,,S,S2,Stuttgart-Vaihingen|Stuttgart-Rohr|Oberaichen,8003622,Leinfelden,Baden-Württemberg,Leinfelden-Echterdingen,70771,9.142859698,48.6964193,4,2608140816,,2608140817,,,,,,,,,,,0.0,0.0
7974787834467566145-2608140803-4,7912,2608140812,2608140813,2,,S,S2,Filderstadt|Stuttgart Flughafen/Messe|Echterdingen,8003622,Leinfelden,Baden-Württemberg,Leinfelden-Echterdingen,70771,9.142859698,48.6964193,4,2608140812,,2608140813,,,,,,,,,,,0.0,0.0
-5955935305381349706-2608140835-4,7915,2608140846,2608140847,1,,S,S2,Stuttgart-Vaihingen|Stuttgart-Rohr|Oberaichen,8003622,Leinfelden,Baden-Württemberg,Leinfelden-Echterdingen,70771,9.142859698,48.6964193,4,2608140846,,2608140848,,,,,,,,,,,0.0,1.0
8022546424643450692-2608140817-10,7612,2608140843,2608140843,2,,S,S6,Stuttgart Hbf|Stuttgart Nordbahnhof|Stuttgart-Feuerbach|Stuttgart-Zuffenhausen|Neuwirtshaus(Porscheplatz)|Korntal|Weilimdorf|Ditzingen|Höfingen,8003652,Leonberg,Baden-Württemberg,Leonberg,71229,9.004025993,48.79970547,3,2608140901,,2608140902,,,,,,,,,,,18.0,19.0
368607286846300048-2608140803-5,7615,2608140817,2608140817,1,,S,S6,Weil der Stadt|Malmsheim|Renningen|Rutesheim,8003652,Leonberg,Baden-Württemberg,Leonberg,71229,9.004025993,48.79970547,3,2608140820,,2608140821,,,,,,,,,,,3.0,4.0
5803573868774258182-2608140833-5,7617,2608140847,2608140847,1,,S,S6,Weil der Stadt|Malmsheim|Renningen|Rutesheim,8003652,Leonberg,Baden-Württemberg,Leonberg,71229,9.004025993,48.79970547,3,2608140847,,2608140848,,,,,,,,,,,0.0,1.0
-4552151844011388438-2608140838-8,7018,2608140858,2608140858,2,,S,S60,Stuttgart-Feuerbach|Stuttgart-Zuffenhausen|Neuwirtshaus(Porscheplatz)|Korntal|Weilimdorf|Ditzingen|Höfingen,8003652,Leonberg,Baden-Württemberg,Leonberg,71229,9.004025993,48.79970547,3,2608140858,,2608140858,,,,,,,,,,,0.0,0.0
-5104000198219132669-2608140808-8,7016,2608140828,2608140828,2,,S,S60,Stuttgart-Feuerbach|Stuttgart-Zuffenhausen|Neuwirtshaus(Porscheplatz)|Korntal|Weilimdorf|Ditzingen|Höfingen,8003652,Leonberg,Baden-Württemberg,Leonberg,71229,9.004025993,48.79970547,3,2608140828,,2608140829,,,,,,,,,,,0.0,1.0
7558420737718355302-2608140804-9,7013,2608140832,2608140832,1,,S,S60,Böblingen|Sindelfingen|Maichingen|Maichingen Nord|Magstadt|Renningen Süd|Renningen|Rutesheim,8003652,Leonberg,Baden-Württemberg,Leonberg,71229,9.004025993,48.79970547,3,2608140832,,2608140832,,,,,,,,,,,0.0,0.0
3592955462745051107-2608140734-9,7011,2608140802,2608140802,1,,S,S60,Böblingen|Sindelfingen|Maichingen|Maichingen Nord|Magstadt|Renningen Süd|Renningen|Rutesheim,8003652,Leonberg,Baden-Württemberg,Leonberg,71229,9.004025993,48.79970547,3,2608140802,,2608140802,,,,,,,,,,,0.0,0.0
6922079602389085921-2608140747-10,7610,2608140813,2608140813,2,,S,S6,Stuttgart Hbf|Stuttgart Nordbahnhof|Stuttgart-Feuerbach|Stuttgart-Zuffenhausen|Neuwirtshaus(Porscheplatz)|Korntal|Weilimdorf|Ditzingen|Höfingen,8003652,Leonberg,Baden-Württemberg,Leonberg,71229,9.004025993,48.79970547,3,2608140816,,2608140817,,,,,,,,,,,3.0,4.0
-3998053100664762308-2608140807-4,7515,2608140816,2608140816,3,,S,S5,Bietigheim-Bissingen|Tamm(Württ)|Asperg,8000235,Ludwigsburg,Baden-Württemberg,Ludwigsburg,71638,9.185229823,48.89208622,3,2608140816,,2608140816,,,,,,,,,,,0.0,0.0
6049193855913574868-2608140756-2,74478,2608140808,2608140809,,,ARV,8,Stuttgart Hbf,8000235,Ludwigsburg,Baden-Württemberg,Ludwigsburg,71638,9.185229823,48.89208622,3,2608140816,1,2608140816,1,,,,,,,,,,8.0,7.0
-9091300493337689312-2608140806-4,20149,2608140839,,,,ARV,,Neckarsulm|Heilbronn Hbf|Bietigheim-Bissingen,8000235,Ludwigsburg,Baden-Württemberg,Ludwigsburg,71638,9.185229823,48.89208622,3,2608140848,4,,,,,,,,,,,,9.0,0.0
-3045461427841764391-2608140632-13,19353,2608140804,2608140807,4,,RE,MEX18,Öhringen-Cappel|Öhringen Hbf|Bretzfeld|Willsbach|Weinsberg|Heilbronn Hbf|Nordheim(Württ)|Lauffen(Neckar)|Kirchheim(Neckar)|Walheim(Württ)|Besigheim|Bietigheim-Bissingen,8000235,Ludwigsburg,Baden-Württemberg,Ludwigsburg,71638,9.185229823,48.89208622,3,2608140834,,2608140835,,h,2,Bauarbeiten,,,,,,,30.0,28.0
-3154942469508823682-2608140750-5,19220,2608140828,2608140829,1,,RE,MEX12,Plochingen|Esslingen(Neckar)|Stuttgart-Bad Cannstatt|Stuttgart Hbf,8000235,Ludwigsburg,Baden-Württemberg,Ludwigsburg,71638,9.185229823,48.89208622,3,2608140831,,2608140832,,h,2,Bauarbeiten,,,,,,,3.0,3.0
6413309914048916248-2608140813-4,19308,2608140850,2608140853,1,,RE,MEX18,Plochingen|Esslingen(Neckar)|Kornwestheim Pbf,8000235,Ludwigsburg,Baden-Württemberg,Ludwigsburg,71638,9.185229823,48.89208622,3,2608140850,,2608140853,,,,,,,,,,,0.0,0.0
-1072643669346294455-2608140837-4,7517,2608140846,2608140846,3,,S,S5,Bietigheim-Bissingen|Tamm(Württ)|Asperg,8000235,Ludwigsburg,Baden-Württemberg,Ludwigsburg,71638,9.185229823,48.89208622,3,2608140846,,2608140847,,,,,,,,,,,0.0,1.0
-8163811491625378496-2608140827-6,7514,2608140843,2608140844,2,,S,S5,Stuttgart Hbf|Stuttgart Nordbahnhof|Stuttgart-Feuerbach|Stuttgart-Zuffenhausen|Kornwestheim Pbf,8000235,Ludwigsburg,Baden-Württemberg,Ludwigsburg,71638,9.185229823,48.89208622,3,2608140846,,2608140846,,,,,,,,,,,3.0,2.0
-4928326504801899421-2608140757-6,7512,2608140813,2608140814,2,,S,S5,Stuttgart Hbf|Stuttgart Nordbahnhof|Stuttgart-Feuerbach|Stuttgart-Zuffenhausen|Kornwestheim Pbf,8000235,Ludwigsburg,Baden-Württemberg,Ludwigsburg,71638,9.185229823,48.89208622,3,2608140813,,2608140814,,,,,,,,,,,0.0,0.0
-6234003617487511858-2608140757-8,19307,2608140831,2608140832,4,,RE,MEX18,Heilbronn Hbf|Nordheim(Württ)|Lauffen(Neckar)|Kirchheim(Neckar)|Walheim(Württ)|Besigheim|Bietigheim-Bissingen,8000235,Ludwigsburg,Baden-Württemberg,Ludwigsburg,71638,9.185229823,48.89208622,3,2608140842,,2608140844,,h,2,Störung,,,,,,,11.0,12.0
-812051319324174666-2608140837-6,7412,2608140853,2608140854,2,,S,S4,Stuttgart Hbf|Stuttgart Nordbahnhof|Stuttgart-Feuerbach|Stuttgart-Zuffenhausen|Kornwestheim Pbf,8000235,Ludwigsburg,Baden-Württemberg,Ludwigsburg,71638,9.185229823,48.89208622,3,2608140857,,2608140858,,,,,,,,,,,4.0,4.0
-3992047670892155392-2608140807-6,7410,2608140823,2608140824,2,,S,S4,Stuttgart Hbf|Stuttgart Nordbahnhof|Stuttgart-Feuerbach|Stuttgart-Zuffenhausen|Kornwestheim Pbf,8000235,Ludwigsburg,Baden-Württemberg,Ludwigsburg,71638,9.185229823,48.89208622,3,2608140823,,2608140825,,,,,,,,,,,0.0,1.0
8970610329466681156-2608140733-9,7413,2608140806,2608140807,3,,S,S4,Backnang|Burgstall(Murr)|Kirchberg(Murr)|Erdmannhausen|Marbach(Neckar)|Benningen(Neckar)|Freiberg(Neckar)|Favoritepark,8000235,Ludwigsburg,Baden-Württemberg,Ludwigsburg,71638,9.185229823,48.89208622,3,2608140807,,2608140808,,,,,,,,,,,1.0,1.0
-1396515843662350065-2608140803-9,7415,2608140836,2608140837,3,,S,S4,Backnang|Burgstall(Murr)|Kirchberg(Murr)|Erdmannhausen|Marbach(Neckar)|Benningen(Neckar)|Freiberg(Neckar)|Favoritepark,8000235,Ludwigsburg,Baden-Württemberg,Ludwigsburg,71638,9.185229823,48.89208622,3,2608140836,,2608140837,,,,,,,,,,,0.0,0.0
8022546424643450692-2608140817-13,7612,2608140854,2608140854,1,,S,S6,Stuttgart Hbf|Stuttgart Nordbahnhof|Stuttgart-Feuerbach|Stuttgart-Zuffenhausen|Neuwirtshaus(Porscheplatz)|Korntal|Weilimdorf|Ditzingen|Höfingen|Leonberg|Rutesheim|Renningen,8003831,Malmsheim,Baden-Württemberg,Renningen,71272,8.905105557,48.77183564,5,2608140910,,2608140910,,,,,,,,,,,16.0,16.0
368607286846300048-2608140803-2,7615,2608140805,2608140805,2,,S,S6,Weil der Stadt,8003831,Malmsheim,Baden-Württemberg,Renningen,71272,8.905105557,48.77183564,5,2608140806,,2608140806,,,,,,,,,,,1.0,1.0
5803573868774258182-2608140833-2,7617,2608140835,2608140835,2,,S,S6,Weil der Stadt,8003831,Malmsheim,Baden-Württemberg,Renningen,71272,8.905105557,48.77183564,5,2608140836,,2608140837,,,,,,,,,,,1.0,2.0
6922079602389085921-2608140747-13,7610,2608140824,2608140824,1,,S,S6,Stuttgart Hbf|Stuttgart Nordbahnhof|Stuttgart-Feuerbach|Stuttgart-Zuffenhausen|Neuwirtshaus(Porscheplatz)|Korntal|Weilimdorf|Ditzingen|Höfingen|Leonberg|Rutesheim|Renningen,8003831,Malmsheim,Baden-Württemberg,Renningen,71272,8.905105557,48.77183564,5,2608140825,,2608140825,,,,,,,,,,,1.0,1.0
7107141703960527681-2608140833-5,7417,2608140851,2608140855,,,S,S4,Backnang|Burgstall(Murr)|Kirchberg(Murr)|Erdmannhausen,8003853,Marbach (Neckar),Baden-Württemberg,Marbach am Neckar,71672,9.264611825,48.9437708,3,2608140852,1,2608140857,1,,,,,,,,,,1.0,2.0
-3992047670892155392-2608140807-10,7410,2608140835,2608140838,1,,S,S4,Stuttgart Hbf|Stuttgart Nordbahnhof|Stuttgart-Feuerbach|Stuttgart-Zuffenhausen|Kornwestheim Pbf|Ludwigsburg|Favoritepark|Freiberg(Neckar)|Benningen(Neckar),8003853,Marbach (Neckar),Baden-Württemberg,Marbach am Neckar,71672,9.264611825,48.9437708,3,2608140836,,2608140838,,,,,,,,,,,1.0,0.0
4239966119888045037-2608140737-10,7408,2608140805,2608140808,1,,S,S4,Stuttgart Hbf|Stuttgart Nordbahnhof|Stuttgart-Feuerbach|Stuttgart-Zuffenhausen|Kornwestheim Pbf|Ludwigsburg|Favoritepark|Freiberg(Neckar)|Benningen(Neckar),8003853,Marbach (Neckar),Baden-Württemberg,Marbach am Neckar,71672,9.264611825,48.9437708,3,2608140806,,2608140808,,,,,,,,,,,1.0,0.0
-1396515843662350065-2608140803-5,7415,2608140821,2608140825,,,S,S4,Backnang|Burgstall(Murr)|Kirchberg(Murr)|Erdmannhausen,8003853,Marbach (Neckar),Baden-Württemberg,Marbach am Neckar,71672,9.264611825,48.9437708,3,2608140821,1,2608140826,1,,,,,,,,,,0.0,1.0
8832461638795716901-2608140841-2,7317,2608140843,2608140844,1,,S,S3,Backnang,8003913,Maubach,Baden-Württemberg,Backnang,71522,9.419487062,48.92623463,4,2608140844,,2608140845,,,,,,,,,,,1.0,1.0
-6826708456044057474-2608140811-2,7315,2608140813,2608140814,1,,S,S3,Backnang,8003913,Maubach,Baden-Württemberg,Backnang,71522,9.419487062,48.92623463,4,2608140813,,2608140815,,,,,,,,,,,0.0,1.0
-8714228285082007604-2608140742-11,7310,2608140814,2608140815,2,,S,S3,Stuttgart Hbf|Stuttgart-Bad Cannstatt|Stuttgart Nürnberger Str.|Stuttgart-Sommerrain|Fellbach|Waiblingen|Neustadt-Hohenacker|Schwaikheim|Winnenden|Nellmersbach,8003913,Maubach,Baden-Württemberg,Backnang,71522,9.419487062,48.92623463,4,2608140818,,2608140819,,h,1,Störung,,,,,,,4.0,4.0
-3592468245100533836-2608140812-11,7312,2608140844,2608140845,2,,S,S3,Stuttgart Hbf|Stuttgart-Bad Cannstatt|Stuttgart Nürnberger Str.|Stuttgart-Sommerrain|Fellbach|Waiblingen|Neustadt-Hohenacker|Schwaikheim|Winnenden|Nellmersbach,8003913,Maubach,Baden-Württemberg,Backnang,71522,9.419487062,48.92623463,4,2608140844,,2608140845,,h,1,Störung,,,,,,,0.0,0.0
8832461638795716901-2608140841-3,7317,2608140846,2608140846,1,,S,S3,Backnang|Maubach,8004233,Nellmersbach,Baden-Württemberg,Leutenbach,71397,9.415421538,48.90336425,5,2608140847,,2608140848,,,,,,,,,,,1.0,2.0
-6826708456044057474-2608140811-3,7315,2608140816,2608140816,1,,S,S3,Backnang|Maubach,8004233,Nellmersbach,Baden-Württemberg,Leutenbach,71397,9.415421538,48.90336425,5,2608140816,,2608140817,,,,,,,,,,,0.0,1.0
-8714228285082007604-2608140742-10,7310,2608140811,2608140812,2,,S,S3,Stuttgart Hbf|Stuttgart-Bad Cannstatt|Stuttgart Nürnberger Str.|Stuttgart-Sommerrain|Fellbach|Waiblingen|Neustadt-Hohenacker|Schwaikheim|Winnenden,8004233,Nellmersbach,Baden-Württemberg,Leutenbach,71397,9.415421538,48.90336425,5,2608140816,,2608140816,,h,1,Störung,,,,,,,5.0,4.0
-3592468245100533836-2608140812-10,7312,2608140841,2608140842,2,,S,S3,Stuttgart Hbf|Stuttgart-Bad Cannstatt|Stuttgart Nürnberger Str.|Stuttgart-Sommerrain|Fellbach|Waiblingen|Neustadt-Hohenacker|Schwaikheim|Winnenden,8004233,Nellmersbach,Baden-Württemberg,Leutenbach,71397,9.415421538,48.90336425,5,2608140841,,2608140842,,h,1,Störung,,,,,,,0.0,0.0
8832461638795716901-2608140841-6,7317,2608140855,2608140855,2,,S,S3,Backnang|Maubach|Nellmersbach|Winnenden|Schwaikheim,8004333,Neustadt-Hohenacker,Baden-Württemberg,Waiblingen,71336,9.32455106,48.85921668,5,2608140855,,2608140856,,,,,,,,,,,0.0,1.0
-6826708456044057474-2608140811-6,7315,2608140825,2608140825,2,,S,S3,Backnang|Maubach|Nellmersbach|Winnenden|Schwaikheim,8004333,Neustadt-Hohenacker,Baden-Württemberg,Waiblingen,71336,9.32455106,48.85921668,5,2608140825,,2608140826,,,,,,,,,,,0.0,1.0
-8714228285082007604-2608140742-7,7310,2608140803,2608140803,1,,S,S3,Stuttgart Hbf|Stuttgart-Bad Cannstatt|Stuttgart Nürnberger Str.|Stuttgart-Sommerrain|Fellbach|Waiblingen,8004333,Neustadt-Hohenacker,Baden-Württemberg,Waiblingen,71336,9.32455106,48.85921668,5,2608140808,,2608140808,,h,1,Störung,,,,,,,5.0,5.0
-3592468245100533836-2608140812-7,7312,2608140833,2608140833,1,,S,S3,Stuttgart Hbf|Stuttgart-Bad Cannstatt|Stuttgart Nürnberger Str.|Stuttgart-Sommerrain|Fellbach|Waiblingen,8004333,Neustadt-Hohenacker,Baden-Württemberg,Waiblingen,71336,9.32455106,48.85921668,5,2608140833,,2608140834,,h,1,Störung,,,,,,,0.0,1.0
8022546424643450692-2608140817-5,7612,2608140828,2608140829,1,,S,S6,Stuttgart Hbf|Stuttgart Nordbahnhof|Stuttgart-Feuerbach|Stuttgart-Zuffenhausen,8004338,Neuwirtshaus (Porscheplatz),Baden-Württemberg,Stuttgart,70435,9.151955614,48.83384734,4,2608140847,,2608140847,,,,,,,,,,,19.0,18.0
368607286846300048-2608140803-10,7615,2608140831,2608140831,2,,S,S6,Weil der Stadt|Malmsheim|Renningen|Rutesheim|Leonberg|Höfingen|Ditzingen|Weilimdorf|Korntal,8004338,Neuwirtshaus (Porscheplatz),Baden-Württemberg,Stuttgart,70435,9.151955614,48.83384734,4,2608140835,,2608140836,,,,,,,,,,,4.0,5.0
8931019133261020093-2608140847-5,7614,2608140858,2608140859,1,,S,S6,Stuttgart Hbf|Stuttgart Nordbahnhof|Stuttgart-Feuerbach|Stuttgart-Zuffenhausen,8004338,Neuwirtshaus (Porscheplatz),Baden-Württemberg,Stuttgart,70435,9.151955614,48.83384734,4,2608140858,,2608140859,,,,,,,,,,,0.0,0.0
-1347709455583751185-2608140733-10,7613,2608140801,2608140801,2,,S,S6,Weil der Stadt|Malmsheim|Renningen|Rutesheim|Leonberg|Höfingen|Ditzingen|Weilimdorf|Korntal,8004338,Neuwirtshaus (Porscheplatz),Baden-Württemberg,Stuttgart,70435,9.151955614,48.83384734,4,2608140801,,2608140801,,,,,,,,,,,0.0,0.0
-4552151844011388438-2608140838-3,7018,2608140843,2608140843,1,,S,S60,Stuttgart-Feuerbach|Stuttgart-Zuffenhausen,8004338,Neuwirtshaus (Porscheplatz),Baden-Württemberg,Stuttgart,70435,9.151955614,48.83384734,4,2608140844,,2608140844,,,,,,,,,,,1.0,1.0
-5104000198219132669-2608140808-3,7016,2608140813,2608140813,1,,S,S60,Stuttgart-Feuerbach|Stuttgart-Zuffenhausen,8004338,Neuwirtshaus (Porscheplatz),Baden-Württemberg,Stuttgart,70435,9.151955614,48.83384734,4,2608140814,,2608140815,,,,,,,,,,,1.0,2.0
7558420737718355302-2608140804-14,7013,2608140846,2608140846,2,,S,S60,Böblingen|Sindelfingen|Maichingen|Maichingen Nord|Magstadt|Renningen Süd|Renningen|Rutesheim|Leonberg|Höfingen|Ditzingen|Weilimdorf|Korntal,8004338,Neuwirtshaus (Porscheplatz),Baden-Württemberg,Stuttgart,70435,9.151955614,48.83384734,4,2608140846,,2608140847,,,,,,,,,,,0.0,1.0
3592955462745051107-2608140734-14,7011,2608140816,2608140816,2,,S,S60,Böblingen|Sindelfingen|Maichingen|Maichingen Nord|Magstadt|Renningen Süd|Renningen|Rutesheim|Leonberg|Höfingen|Ditzingen|Weilimdorf|Korntal,8004338,Neuwirtshaus (Porscheplatz),Baden-Württemberg,Stuttgart,70435,9.151955614,48.83384734,4,2608140816,,2608140817,,,,,,,,,,,0.0,1.0
3303772125527124508-2608140746-8,7711,2608140811,2608140811,1,,S,S1,Stuttgart-Vaihingen|Stuttgart-Rohr|Goldberg(Württ)|Böblingen|Hulb|Ehningen(b Böblingen)|Gärtringen,8004490,Nufringen,Baden-Württemberg,Nufringen,71154,8.889817485,48.62010967,5,2608140811,,2608140812,,,,,,,,,,,0.0,1.0
-1939940434765765785-2608140816-2,7716,2608140819,2608140819,2,,S,S1,Herrenberg,8004490,Nufringen,Baden-Württemberg,Nufringen,71154,8.889817485,48.62010967,5,2608140819,,2608140820,,,,,,,,,,,0.0,1.0
6586635698842149002-2608140846-2,7718,2608140849,2608140849,2,,S,S1,Herrenberg,8004490,Nufringen,Baden-Württemberg,Nufringen,71154,8.889817485,48.62010967,5,2608140849,,2608140850,,,,,,,,,,,0.0,1.0
4428035523306694897-2608140816-8,7713,2608140841,2608140841,1,,S,S1,Stuttgart-Vaihingen|Stuttgart-Rohr|Goldberg(Württ)|Böblingen|Hulb|Ehningen(b Böblingen)|Gärtringen,8004490,Nufringen,Baden-Württemberg,Nufringen,71154,8.889817485,48.62010967,5,2608140846,,2608140846,,,,,,,,,,,5.0,5.0
-6417774412386429047-2608140833-5,7914,2608140845,2608140845,2,,S,S2,Filderstadt|Stuttgart Flughafen/Messe|Echterdingen|Leinfelden,8004496,Oberaichen,Baden-Württemberg,Leinfelden-Echterdingen,70771,9.12743664,48.70512422,5,2608140845,,2608140846,,,,,,,,,,,0.0,1.0
4580394534230796773-2608140805-3,7913,2608140814,2608140814,1,,S,S2,Stuttgart-Vaihingen|Stuttgart-Rohr,8004496,Oberaichen,Baden-Württemberg,Leinfelden-Echterdingen,70771,9.12743664,48.70512422,5,2608140814,,2608140814,,,,,,,,,,,0.0,0.0
7974787834467566145-2608140803-5,7912,2608140815,2608140815,2,,S,S2,Filderstadt|Stuttgart Flughafen/Messe|Echterdingen|Leinfelden,8004496,Oberaichen,Baden-Württemberg,Leinfelden-Echterdingen,70771,9.12743664,48.70512422,5,2608140815,,2608140815,,,,,,,,,,,0.0,0.0
-5955935305381349706-2608140835-3,7915,2608140844,2608140844,1,,S,S2,Stuttgart-Vaihingen|Stuttgart-Rohr,8004496,Oberaichen,Baden-Württemberg,Leinfelden-Echterdingen,70771,9.12743664,48.70512422,5,2608140844,,2608140845,,,,,,,,,,,0.0,1.0
-6750459440429737938-2608140755-8,7112,2608140815,2608140815,4,,S,S1,Stuttgart Hbf|Stuttgart-Bad Cannstatt|Stuttgart Neckarpark|Stuttgart-Untertürkheim|Stuttgart-Obertürkheim|Esslingen-Mettingen|Esslingen(Neckar),8004528,Oberesslingen,Baden-Württemberg,Esslingen am Neckar,73730,9.327277435,48.72983585,3,2608140815,,2608140815,,h,1,Störung,,,,,,,0.0,0.0
-7908498233924216314-2608140750-8,7115,2608140814,2608140815,3,,S,S1,Kirchheim(Teck)|Kirchheim(Teck)-Ötlingen|Wendlingen(Neckar)|Wernau(Neckar)|Plochingen|Altbach|Esslingen-Zell,8004528,Oberesslingen,Baden-Württemberg,Esslingen am Neckar,73730,9.327277435,48.72983585,3,2608140814,,2608140815,,h,1,Störung,,,,,p,p,0.0,0.0
2988814004659936288-2608140820-8,7117,2608140844,2608140845,3,,S,S1,Kirchheim(Teck)|Kirchheim(Teck)-Ötlingen|Wendlingen(Neckar)|Wernau(Neckar)|Plochingen|Altbach|Esslingen-Zell,8004528,Oberesslingen,Baden-Württemberg,Esslingen am Neckar,73730,9.327277435,48.72983585,3,2608140847,,2608140848,,h,1,Störung,,,,,p,p,3.0,3.0
7462677850950360621-2608140825-8,7114,2608140845,2608140845,4,,S,S1,Stuttgart Hbf|Stuttgart-Bad Cannstatt|Stuttgart Neckarpark|Stuttgart-Untertürkheim|Stuttgart-Obertürkheim|Esslingen-Mettingen|Esslingen(Neckar),8004528,Oberesslingen,Baden-Württemberg,Esslingen am Neckar,73730,9.327277435,48.72983585,3,2608140845,,2608140845,,h,1,Störung,,,,,,,0.0,0.0
-3045461427841764391-2608140632-16,19353,2608140842,,6,,RE,,Öhringen-Cappel|Öhringen Hbf|Bretzfeld|Willsbach|Weinsberg|Heilbronn Hbf|Nordheim(Württ)|Lauffen(Neckar)|Kirchheim(Neckar)|Walheim(Württ)|Besigheim|Bietigheim-Bissingen|Ludwigsburg|Kornwestheim Pbf|Esslingen(Neckar),8000302,Plochingen,Baden-Württemberg,Plochingen,73207,9.411294578,48.71293906,2,2608140905,,,,h,2,Bauarbeiten,,,,,,,23.0,0.0
6413309914048916248-2608140813-1,19308,,2608140813,,,RE,MEX18,,8000302,Plochingen,Baden-Württemberg,Plochingen,73207,9.411294578,48.71293906,2,,,2608140814,10,,,,,,,,,,0.0,1.0
5468407054639694482-2608140653-12,19351,2608140811,,10,,RE,,Heilbronn Hbf|Nordheim(Württ)|Lauffen(Neckar)|Kirchheim(Neckar)|Walheim(Württ)|Besigheim|Bietigheim-Bissingen|Ludwigsburg|Stuttgart Hbf|Stuttgart-Bad Cannstatt|Esslingen(Neckar),8000302,Plochingen,Baden-Württemberg,Plochingen,73207,9.411294578,48.71293906,2,2608140812,6,,,h,2,Bauarbeiten,,,,,,,1.0,0.0
-6750459440429737938-2608140755-11,7112,2608140823,2608140825,9,,S,S1,Stuttgart Hbf|Stuttgart-Bad Cannstatt|Stuttgart Neckarpark|Stuttgart-Untertürkheim|Stuttgart-Obertürkheim|Esslingen-Mettingen|Esslingen(Neckar)|Oberesslingen|Esslingen-Zell|Altbach,8000302,Plochingen,Baden-Württemberg,Plochingen,73207,9.411294578,48.71293906,2,2608140823,,2608140825,,h,1,Störung,,,,,,,0.0,0.0
-705341486458257230-2608140805-4,19123,2608140823,2608140833,6,,ARV,16,Stuttgart Hbf|Stuttgart-Bad Cannstatt|Esslingen(Neckar),8000302,Plochingen,Baden-Württemberg,Plochingen,73207,9.411294578,48.71293906,2,2608140828,4,2608140833,4,,,,,,,,,,5.0,0.0
2706780419589409599-2608140535-18,4204,2608140802,2608140806,1,,RE,RE5,Enzisweiler|Wasserburg(Bodensee)|Nonnenhorn|Kressbronn|Langenargen|Eriskirch|Friedrichshafen Stadt|Meckenbeuren|Ravensburg|Aulendorf|Bad Schussenried|Biberach(Riß)|Schemmerberg|Laupheim West|Ulm Hbf|Geislingen(Steige)|Göppingen,8000302,Plochingen,Baden-Württemberg,Plochingen,73207,9.411294578,48.71293906,2,2608140804,,2608140806,,h,2,Bauarbeiten,,,,,,,2.0,0.0
-7908498233924216314-2608140750-5,7115,2608140805,2608140807,9,,S,S1,Kirchheim(Teck)|Kirchheim(Teck)-Ötlingen|Wendlingen(Neckar)|Wernau(Neckar),8000302,Plochingen,Baden-Württemberg,Plochingen,73207,9.411294578,48.71293906,2,2608140807,,2608140808,,h,1,Störung,,,,,p,p,2.0,1.0
2197115266233525359-2608140745-19,19124,2608140858,2608140858,3,,ARV,16,Ulm Hbf|Beimerstetten|Westerstetten|Lonsee|Urspring|Amstetten(Württ)|Geislingen(Steige)|Geislingen(Steige)West|Kuchen|Gingen(Fils)|Süßen|Salach|Eislingen(Fils)|Göppingen|Faurndau|Uhingen|Ebersbach(Fils)|Reichenbach(Fils),8000302,Plochingen,Baden-Württemberg,Plochingen,73207,9.411294578,48.71293906,2,2608140916,,2608140916,,,,,,,,,,,18.0,18.0
2381293164445342384-2608140847-1,19222,,2608140847,,,RE,MEX12,,8000302,Plochingen,Baden-Württemberg,Plochingen,73207,9.411294578,48.71293906,2,,,2608140848,6,h,2,Bauarbeiten,,,,,,,0.0,1.0
2988814004659936288-2608140820-5,7117,2608140835,2608140837,9,,S,S1,Kirchheim(Teck)|Kirchheim(Teck)-Ötlingen|Wendlingen(Neckar)|Wernau(Neckar),8000302,Plochingen,Baden-Württemberg,Plochingen,73207,9.411294578,48.71293906,2,2608140841,,2608140841,,h,1,Störung,,,,,p,p,6.0,4.0
-1152152025292238787-2608140839-3,4209,2608140855,2608140856,4,,RE,RE5,Stuttgart Hbf|Esslingen(Neckar),8000302,Plochingen,Baden-Württemberg,Plochingen,73207,9.411294578,48.71293906,2,2608140856,,2608140858,,h,2,Störung,,,,,,,1.0,2.0
7462677850950360621-2608140825-11,7114,2608140853,2608140855,9,,S,S1,Stuttgart Hbf|Stuttgart-Bad Cannstatt|Stuttgart Neckarpark|Stuttgart-Untertürkheim|Stuttgart-Obertürkheim|Esslingen-Mettingen|Esslingen(Neckar)|Oberesslingen|Esslingen-Zell|Altbach,8000302,Plochingen,Baden-Württemberg,Plochingen,73207,9.411294578,48.71293906,2,2608140853,,2608140855,,h,1,Störung,,,,,,,0.0,0.0
-5005532278471111418-2608140707-19,19122,2608140834,2608140835,1,,ARV,16,Ulm Hbf|Beimerstetten|Westerstetten|Lonsee|Urspring|Amstetten(Württ)|Geislingen(Steige)|Geislingen(Steige)West|Kuchen|Gingen(Fils)|Süßen|Salach|Eislingen(Fils)|Göppingen|Faurndau|Uhingen|Ebersbach(Fils)|Reichenbach(Fils),8000302,Plochingen,Baden-Württemberg,Plochingen,73207,9.411294578,48.71293906,2,2608140834,,2608140835,,,,,,,,,,,0.0,0.0
-7167865627529423559-2608140810-6,26135,2608140832,,,,SWE,,Calw|Calw-Heumaden|Althengstett|Ostelsheim|Weil der Stadt,8000313,Renningen,Baden-Württemberg,Renningen,71272,8.932650148,48.77515509,3,,4,,,h,2,Störung,,,,,,,0.0,0.0
-7570451707251115799-2608140842-1,26136,,2608140842,,,SWE,RB76,,8000313,Renningen,Baden-Württemberg,Renningen,71272,8.932650148,48.77515509,3,,,,4,h,2,Störung,,,,,,,0.0,0.0
8022546424643450692-2608140817-12,7612,2608140849,2608140852,3,,S,S6,Stuttgart Hbf|Stuttgart Nordbahnhof|Stuttgart-Feuerbach|Stuttgart-Zuffenhausen|Neuwirtshaus(Porscheplatz)|Korntal|Weilimdorf|Ditzingen|Höfingen|Leonberg|Rutesheim,8000313,Renningen,Baden-Württemberg,Renningen,71272,8.932650148,48.77515509,3,2608140907,,2608140908,,,,,,,,,,,18.0,16.0
8606899540730814832-2608140738-10,7014,2608140804,2608140809,3,,S,S60,Stuttgart-Feuerbach|Stuttgart-Zuffenhausen|Neuwirtshaus(Porscheplatz)|Korntal|Weilimdorf|Ditzingen|Höfingen|Leonberg|Rutesheim,8000313,Renningen,Baden-Württemberg,Renningen,71272,8.932650148,48.77515509,3,2608140805,,2608140810,,,,,,,,,,,1.0,1.0
368607286846300048-2608140803-3,7615,2608140807,2608140811,2,,S,S6,Weil der Stadt|Malmsheim,8000313,Renningen,Baden-Württemberg,Renningen,71272,8.932650148,48.77515509,3,2608140808,,2608140814,,,,,,,,,,,1.0,3.0
9174048015743328640-2608140834-7,7015,2608140850,2608140856,2,,S,S60,Böblingen|Sindelfingen|Maichingen|Maichingen Nord|Magstadt|Renningen Süd,8000313,Renningen,Baden-Württemberg,Renningen,71272,8.932650148,48.77515509,3,2608140854,,2608140856,,,,,,,,,,,4.0,0.0
5803573868774258182-2608140833-3,7617,2608140837,2608140841,2,,S,S6,Weil der Stadt|Malmsheim,8000313,Renningen,Baden-Württemberg,Renningen,71272,8.932650148,48.77515509,3,2608140839,,2608140841,,,,,,,,,,,2.0,0.0
-5104000198219132669-2608140808-10,7016,2608140834,2608140839,3,,S,S60,Stuttgart-Feuerbach|Stuttgart-Zuffenhausen|Neuwirtshaus(Porscheplatz)|Korntal|Weilimdorf|Ditzingen|Höfingen|Leonberg|Rutesheim,8000313,Renningen,Baden-Württemberg,Renningen,71272,8.932650148,48.77515509,3,2608140835,,2608140840,,,,,,,,,,,1.0,1.0
7558420737718355302-2608140804-7,7013,2608140820,2608140826,2,,S,S60,Böblingen|Sindelfingen|Maichingen|Maichingen Nord|Magstadt|Renningen Süd,8000313,Renningen,Baden-Württemberg,Renningen,71272,8.932650148,48.77515509,3,2608140821,,2608140826,,,,,,,,,,,1.0,0.0
6922079602389085921-2608140747-12,7610,2608140819,2608140822,3,,S,S6,Stuttgart Hbf|Stuttgart Nordbahnhof|Stuttgart-Feuerbach|Stuttgart-Zuffenhausen|Neuwirtshaus(Porscheplatz)|Korntal|Weilimdorf|Ditzingen|Höfingen|Leonberg|Rutesheim,8000313,Renningen,Baden-Württemberg,Renningen,71272,8.932650148,48.77515509,3,2608140822,,2608140823,,,,,,,,,,,3.0,1.0
-5804237943130712983-2608140803-9,7215,2608140821,2608140822,2,,S,S2,Schorndorf|Weiler(Rems)|Winterbach(b Schorndorf)|Geradstetten|Grunbach|Beutelsbach|Endersbach|Stetten-Beinstein,8005157,Rommelshausen,Baden-Württemberg,Kernen,71394,9.319175885,48.81552017,4,2608140823,,2608140824,,h,1,Bauarbeiten,,,,,,,2.0,2.0
-5128631246468454871-2608140833-9,7217,2608140851,2608140852,2,,S,S2,Schorndorf|Weiler(Rems)|Winterbach(b Schorndorf)|Geradstetten|Grunbach|Beutelsbach|Endersbach|Stetten-Beinstein,8005157,Rommelshausen,Baden-Württemberg,Kernen,71394,9.319175885,48.81552017,4,2608140857,,2608140858,,h,1,Bauarbeiten,,,,,,,6.0,6.0
4710214702648447253-2608140820-7,7212,2608140837,2608140837,1,,S,S2,Stuttgart Hbf|Stuttgart-Bad Cannstatt|Stuttgart Nürnberger Str.|Stuttgart-Sommerrain|Fellbach|Waiblingen,8005157,Rommelshausen,Baden-Württemberg,Kernen,71394,9.319175885,48.81552017,4,2608140843,,2608140843,,h,1,Bauarbeiten,,,,,,,6.0,6.0
-6187813548789768480-2608140750-7,7210,2608140807,2608140807,1,,S,S2,Stuttgart Hbf|Stuttgart-Bad Cannstatt|Stuttgart Nürnberger Str.|Stuttgart-Sommerrain|Fellbach|Waiblingen,8005157,Rommelshausen,Baden-Württemberg,Kernen,71394,9.319175885,48.81552017,4,2608140810,,2608140810,,h,1,Bauarbeiten,,,,,,,3.0,3.0
8022546424643450692-2608140817-11,7612,2608140846,2608140846,2,,S,S6,Stuttgart Hbf|Stuttgart Nordbahnhof|Stuttgart-Feuerbach|Stuttgart-Zuffenhausen|Neuwirtshaus(Porscheplatz)|Korntal|Weilimdorf|Ditzingen|Höfingen|Leonberg,8005236,Rutesheim,Baden-Württemberg,Leonberg,71229,8.960325242,48.79031093,5,2608140905,,2608140905,,,,,,,,,,,19.0,19.0
8606899540730814832-2608140738-9,7014,2608140801,2608140801,2,,S,S60,Stuttgart-Feuerbach|Stuttgart-Zuffenhausen|Neuwirtshaus(Porscheplatz)|Korntal|Weilimdorf|Ditzingen|Höfingen|Leonberg,8005236,Rutesheim,Baden-Württemberg,Leonberg,71229,8.960325242,48.79031093,5,2608140802,,2608140802,,,,,,,,,,,1.0,1.0
368607286846300048-2608140803-4,7615,2608140813,2608140814,1,,S,S6,Weil der Stadt|Malmsheim|Renningen,8005236,Rutesheim,Baden-Württemberg,Leonberg,71229,8.960325242,48.79031093,5,2608140817,,2608140818,,,,,,,,,,,4.0,4.0
9174048015743328640-2608140834-8,7015,2608140858,2608140859,1,,S,S60,Böblingen|Sindelfingen|Maichingen|Maichingen Nord|Magstadt|Renningen Süd|Renningen,8005236,Rutesheim,Baden-Württemberg,Leonberg,71229,8.960325242,48.79031093,5,2608140858,,2608140859,,,,,,,,,,,0.0,0.0
5803573868774258182-2608140833-4,7617,2608140843,2608140844,1,,S,S6,Weil der Stadt|Malmsheim|Renningen,8005236,Rutesheim,Baden-Württemberg,Leonberg,71229,8.960325242,48.79031093,5,2608140844,,2608140845,,,,,,,,,,,1.0,1.0
-5104000198219132669-2608140808-9,7016,2608140831,2608140831,2,,S,S60,Stuttgart-Feuerbach|Stuttgart-Zuffenhausen|Neuwirtshaus(Porscheplatz)|Korntal|Weilimdorf|Ditzingen|Höfingen|Leonberg,8005236,Rutesheim,Baden-Württemberg,Leonberg,71229,8.960325242,48.79031093,5,2608140832,,2608140832,,,,,,,,,,,1.0,1.0
7558420737718355302-2608140804-8,7013,2608140828,2608140829,1,,S,S60,Böblingen|Sindelfingen|Maichingen|Maichingen Nord|Magstadt|Renningen Süd|Renningen,8005236,Rutesheim,Baden-Württemberg,Leonberg,71229,8.960325242,48.79031093,5,2608140829,,2608140829,,,,,,,,,,,1.0,0.0
6922079602389085921-2608140747-11,7610,2608140816,2608140816,2,,S,S6,Stuttgart Hbf|Stuttgart Nordbahnhof|Stuttgart-Feuerbach|Stuttgart-Zuffenhausen|Neuwirtshaus(Porscheplatz)|Korntal|Weilimdorf|Ditzingen|Höfingen|Leonberg,8005236,Rutesheim,Baden-Württemberg,Leonberg,71229,8.960325242,48.79031093,5,2608140820,,2608140821,,,,,,,,,,,4.0,5.0
6561689536681711014-2608140806-9,19412,2608140843,2608140843,3,,ARV,13,Aalen Hbf|Mögglingen(Gmünd)|Böbingen(Rems)|Schwäbisch Gmünd|Lorch(Württ)|Waldhausen(b Schorndorf)|Plüderhausen|Urbach(b Schorndorf),8005424,Schorndorf,Baden-Württemberg,Schorndorf,73614,9.525686251,48.80693898,3,2608140850,,2608140850,,h,2,Information,,,,,,,7.0,7.0
3538447596943178203-2608140706-6,2065,2608140827,2608140828,2,,IC,,Karlsruhe Hbf|Pforzheim Hbf|Mühlacker|Vaihingen(Enz)|Stuttgart Hbf,8005424,Schorndorf,Baden-Württemberg,Schorndorf,73614,9.525686251,48.80693898,3,,,,,,,,,,,,c,c,0.0,0.0
-5804237943130712983-2608140803-1,7215,,2608140803,,,S,S2,,8005424,Schorndorf,Baden-Württemberg,Schorndorf,73614,9.525686251,48.80693898,3,,,2608140803,,h,1,Bauarbeiten,,,,,,,0.0,0.0
-5128631246468454871-2608140833-1,7217,,2608140833,,,S,S2,,8005424,Schorndorf,Baden-Württemberg,Schorndorf,73614,9.525686251,48.80693898,3,,,2608140838,,h,1,Bauarbeiten,,,,,,,0.0,5.0
-6563980521276274745-2608140747-4,19407,2608140813,2608140814,2,,ARV,13,Stuttgart Hbf|Stuttgart-Bad Cannstatt|Waiblingen,8005424,Schorndorf,Baden-Württemberg,Schorndorf,73614,9.525686251,48.80693898,3,2608140826,,2608140827,,h,2,Information,,,,,,,13.0,13.0
8714151503779075708-2608140648-17,19454,2608140813,2608140814,3,,ARV,13,Crailsheim|Jagstzell|Ellwangen|Schrezheim|Schwabsberg|Goldshöfe|Hofen(b Aalen)|Wasseralfingen|Aalen Hbf|Mögglingen(Gmünd)|Böbingen(Rems)|Schwäbisch Gmünd|Lorch(Württ)|Waldhausen(b Schorndorf)|Plüderhausen|Urbach(b Schorndorf),8005424,Schorndorf,Baden-Württemberg,Schorndorf,73614,9.525686251,48.80693898,3,2608140819,,2608140819,,h,2,Information,,,,,,,6.0,5.0
1921412709986473032-2608140820-4,19459,2608140843,2608140844,2,,ARV,13,Stuttgart Hbf|Stuttgart-Bad Cannstatt|Waiblingen,8005424,Schorndorf,Baden-Württemberg,Schorndorf,73614,9.525686251,48.80693898,3,2608140859,,2608140901,,h,2,Information,,,,,,,16.0,17.0
4710214702648447253-2608140820-15,7212,2608140855,,1,,S,,Stuttgart Hbf|Stuttgart-Bad Cannstatt|Stuttgart Nürnberger Str.|Stuttgart-Sommerrain|Fellbach|Waiblingen|Rommelshausen|Stetten-Beinstein|Endersbach|Beutelsbach|Grunbach|Geradstetten|Winterbach(b Schorndorf)|Weiler(Rems),8005424,Schorndorf,Baden-Württemberg,Schorndorf,73614,9.525686251,48.80693898,3,2608140909,,,,h,1,Bauarbeiten,,,,,,,14.0,0.0
527392898867093092-2608140802-3,19672,2608140828,2608140829,3,,ARV,1,Aalen Hbf|Schwäbisch Gmünd,8005424,Schorndorf,Baden-Württemberg,Schorndorf,73614,9.525686251,48.80693898,3,2608140837,,2608140838,,h,2,Information,,,,,,,9.0,9.0
-6187813548789768480-2608140750-15,7210,2608140825,,14,,S,,Stuttgart Hbf|Stuttgart-Bad Cannstatt|Stuttgart Nürnberger Str.|Stuttgart-Sommerrain|Fellbach|Waiblingen|Rommelshausen|Stetten-Beinstein|Endersbach|Beutelsbach|Grunbach|Geradstetten|Winterbach(b Schorndorf)|Weiler(Rems),8005424,Schorndorf,Baden-Württemberg,Schorndorf,73614,9.525686251,48.80693898,3,2608140831,,,,h,1,Bauarbeiten,,,,,,,6.0,0.0
8832461638795716901-2608140841-5,7317,2608140852,2608140853,1,,S,S3,Backnang|Maubach|Nellmersbach|Winnenden,8005454,Schwaikheim,Baden-Württemberg,Schwaikheim,71409,9.354747358,48.86832665,4,2608140852,,2608140853,,,,,,,,,,,0.0,0.0
-6826708456044057474-2608140811-5,7315,2608140822,2608140823,1,,S,S3,Backnang|Maubach|Nellmersbach|Winnenden,8005454,Schwaikheim,Baden-Württemberg,Schwaikheim,71409,9.354747358,48.86832665,4,2608140823,,2608140824,,,,,,,,,,,1.0,1.0
-8714228285082007604-2608140742-8,7310,2608140806,2608140806,2,,S,S3,Stuttgart Hbf|Stuttgart-Bad Cannstatt|Stuttgart Nürnberger Str.|Stuttgart-Sommerrain|Fellbach|Waiblingen|Neustadt-Hohenacker,8005454,Schwaikheim,Baden-Württemberg,Schwaikheim,71409,9.354747358,48.86832665,4,2608140810,,2608140811,,h,1,Störung,,,,,,,4.0,5.0
-3592468245100533836-2608140812-8,7312,2608140836,2608140836,2,,S,S3,Stuttgart Hbf|Stuttgart-Bad Cannstatt|Stuttgart Nürnberger Str.|Stuttgart-Sommerrain|Fellbach|Waiblingen|Neustadt-Hohenacker,8005454,Schwaikheim,Baden-Württemberg,Schwaikheim,71409,9.354747358,48.86832665,4,2608140836,,2608140836,,h,1,Störung,,,,,,,0.0,0.0
8606899540730814832-2608140738-15,7014,2608140822,2608140823,1,,S,S60,Stuttgart-Feuerbach|Stuttgart-Zuffenhausen|Neuwirtshaus(Porscheplatz)|Korntal|Weilimdorf|Ditzingen|Höfingen|Leonberg|Rutesheim|Renningen|Renningen Süd|Magstadt|Maichingen Nord|Maichingen,8005574,Sindelfingen,Baden-Württemberg,Sindelfingen,71063,8.999262079,48.70387346,6,2608140824,,2608140825,,,,,,,,,,,2.0,2.0
9174048015743328640-2608140834-2,7015,2608140836,2608140837,1,,S,S60,Böblingen,8005574,Sindelfingen,Baden-Württemberg,Sindelfingen,71063,8.999262079,48.70387346,6,2608140839,,2608140840,,,,,,,,,,,3.0,3.0
-5104000198219132669-2608140808-15,7016,2608140852,2608140853,1,,S,S60,Stuttgart-Feuerbach|Stuttgart-Zuffenhausen|Neuwirtshaus(Porscheplatz)|Korntal|Weilimdorf|Ditzingen|Höfingen|Leonberg|Rutesheim|Renningen|Renningen Süd|Magstadt|Maichingen Nord|Maichingen,8005574,Sindelfingen,Baden-Württemberg,Sindelfingen,71063,8.999262079,48.70387346,6,2608140854,,2608140855,,,,,,,,,,,2.0,2.0
7558420737718355302-2608140804-2,7013,2608140806,2608140807,1,,S,S60,Böblingen,8005574,Sindelfingen,Baden-Württemberg,Sindelfingen,71063,8.999262079,48.70387346,6,2608140807,,2608140807,,,,,,,,,,,1.0,0.0
-5804237943130712983-2608140803-8,7215,2608140819,2608140819,2,,S,S2,Schorndorf|Weiler(Rems)|Winterbach(b Schorndorf)|Geradstetten|Grunbach|Beutelsbach|Endersbach,8005726,Stetten-Beinstein,Baden-Württemberg,Weinstadt,71384,9.352769725,48.81199601,5,2608140820,,2608140821,,h,1,Bauarbeiten,,,,,,,1.0,2.0
-5128631246468454871-2608140833-8,7217,2608140849,2608140849,2,,S,S2,Schorndorf|Weiler(Rems)|Winterbach(b Schorndorf)|Geradstetten|Grunbach|Beutelsbach|Endersbach,8005726,Stetten-Beinstein,Baden-Württemberg,Weinstadt,71384,9.352769725,48.81199601,5,2608140854,,2608140855,,h,1,Bauarbeiten,,,,,,,5.0,6.0
4710214702648447253-2608140820-8,7212,2608140839,2608140839,1,,S,S2,Stuttgart Hbf|Stuttgart-Bad Cannstatt|Stuttgart Nürnberger Str.|Stuttgart-Sommerrain|Fellbach|Waiblingen|Rommelshausen,8005726,Stetten-Beinstein,Baden-Württemberg,Weinstadt,71384,9.352769725,48.81199601,5,2608140845,,2608140846,,h,1,Bauarbeiten,,,,,,,6.0,7.0
-6187813548789768480-2608140750-8,7210,2608140809,2608140809,1,,S,S2,Stuttgart Hbf|Stuttgart-Bad Cannstatt|Stuttgart Nürnberger Str.|Stuttgart-Sommerrain|Fellbach|Waiblingen|Rommelshausen,8005726,Stetten-Beinstein,Baden-Württemberg,Weinstadt,71384,9.352769725,48.81199601,5,2608140812,,2608140813,,h,1,Bauarbeiten,,,,,,,3.0,4.0
4398784672468349193-2608140643-5,2592,2608140843,2608140849,10,,ICE,,München Hbf|München-Pasing|Augsburg Hbf|Ulm Hbf,8000096,Stuttgart Hbf,Baden-Württemberg,Stuttgart,70173,9.183172973,48.78473069,1,2608140854,,2608140859,,h,2,Information,,,,,,,11.0,10.0
-3998053100664762308-2608140807-9,7515,2608140835,,2,,S,,Bietigheim-Bissingen|Tamm(Württ)|Asperg|Ludwigsburg|Kornwestheim Pbf|Stuttgart-Zuffenhausen|Stuttgart-Feuerbach|Stuttgart Nordbahnhof,8000096,Stuttgart Hbf,Baden-Württemberg,Stuttgart,70173,9.183172973,48.78473069,1,2608140835,,,,,,,,,,,c,,0.0,0.0
2731609608764190811-2608140604-14,2386,2608140843,,7,,IC,,Konstanz|Radolfzell|Singen(Hohentwiel)|Engen|Tuttlingen|Spaichingen|Rottweil|Oberndorf(Neckar)|Sulz(Neckar)|Horb|Bondorf(b Herrenberg)|Gäufelden|Herrenberg,8000096,Stuttgart Hbf,Baden-Württemberg,Stuttgart,70173,9.183172973,48.78473069,1,2608140843,,,,h,2,Information,,,,,,,0.0,0.0
3538447596943178203-2608140706-5,2065,2608140802,2608140808,16,,IC,,Karlsruhe Hbf|Pforzheim Hbf|Mühlacker|Vaihingen(Enz),8000096,Stuttgart Hbf,Baden-Württemberg,Stuttgart,70173,9.183172973,48.78473069,1,2608140803,6,,,,,,,,,,,c,1.0,0.0
-3154942469508823682-2608140750-4,19220,2608140808,2608140819,10,,RE,MEX12,Plochingen|Esslingen(Neckar)|Stuttgart-Bad Cannstatt,8000096,Stuttgart Hbf,Baden-Württemberg,Stuttgart,70173,9.183172973,48.78473069,1,2608140814,,2608140821,,h,2,Bauarbeiten,,,,,,,6.0,2.0
349961107221448788-2608140604-14,52386,2608140843,,7,,RE,,Konstanz|Radolfzell|Singen(Hohentwiel)|Engen|Tuttlingen|Spaichingen|Rottweil|Oberndorf(Neckar)|Sulz(Neckar)|Horb|Bondorf(b Herrenberg)|Gäufelden|Herrenberg,8000096,Stuttgart Hbf,Baden-Württemberg,Stuttgart,70173,9.183172973,48.78473069,1,2608140843,,,,h,2,Information,,,,,,,0.0,0.0
4279563932246179799-2608140857-1,89685,,2608140857,,,ARV,90,,8000096,Stuttgart Hbf,Baden-Württemberg,Stuttgart,70173,9.183172973,48.78473069,1,,,2608140858,,h,2,Information,,,,,,,0.0,1.0
-3878797200366538218-2608140833-3,28472,2608140855,,6,,RE,,Böblingen|Stuttgart-Vaihingen,8000096,Stuttgart Hbf,Baden-Württemberg,Stuttgart,70173,9.183172973,48.78473069,1,2608140906,8,,,,,,,,,,,,11.0,0.0
8022546424643450692-2608140817-1,7612,,2608140817,,,S,S6,,8000096,Stuttgart Hbf,Baden-Württemberg,Stuttgart,70173,9.183172973,48.78473069,1,,,2608140836,,,,,,,,,,,0.0,19.0
1552305657484636498-2608140732-6,17628,2608140811,,5,,RE,,Bondorf(b Herrenberg)|Gäufelden|Herrenberg|Böblingen|Stuttgart-Vaihingen,8000096,Stuttgart Hbf,Baden-Württemberg,Stuttgart,70173,9.183172973,48.78473069,1,2608140816,,,,h,2,Bauarbeiten,,,,,,,5.0,0.0
-5330316903894753270-2608140814-1,1238,,2608140814,,,FLX,10,,8000096,Stuttgart Hbf,Baden-Württemberg,Stuttgart,70173,9.183172973,48.78473069,1,,,,,,,,,,,,,c,0.0,0.0
368607286846300048-2608140803-14,7615,2608140845,,1,,S,,Weil der Stadt|Malmsheim|Renningen|Rutesheim|Leonberg|Höfingen|Ditzingen|Weilimdorf|Korntal|Neuwirtshaus(Porscheplatz)|Stuttgart-Zuffenhausen|Stuttgart-Feuerbach|Stuttgart Nordbahnhof,8000096,Stuttgart Hbf,Baden-Württemberg,Stuttgart,70173,9.183172973,48.78473069,1,2608140847,,,,,,,,,,,,,2.0,0.0
-8163811491625378496-2608140827-1,7514,,2608140827,,,S,S5,,8000096,Stuttgart Hbf,Baden-Württemberg,Stuttgart,70173,9.183172973,48.78473069,1,,,2608140828,,,,,,,,,,,0.0,1.0
-5804237943130712983-2608140803-15,7215,2608140840,,3,,S,,Schorndorf|Weiler(Rems)|Winterbach(b Schorndorf)|Geradstetten|Grunbach|Beutelsbach|Endersbach|Stetten-Beinstein|Rommelshausen|Waiblingen|Fellbach|Stuttgart-Sommerrain|Stuttgart Nürnberger Str.|Stuttgart-Bad Cannstatt,8000096,Stuttgart Hbf,Baden-Württemberg,Stuttgart,70173,9.183172973,48.78473069,1,2608140844,,,,h,1,Bauarbeiten,,,,,,,4.0,0.0
2628872899840681757-2608140857-1,7516,,2608140857,,,S,S5,,8000096,Stuttgart Hbf,Baden-Württemberg,Stuttgart,70173,9.183172973,48.78473069,1,,,2608140858,,,,,,,,,,,0.0,1.0
8931019133261020093-2608140847-1,7614,,2608140847,,,S,S6,,8000096,Stuttgart Hbf,Baden-Württemberg,Stuttgart,70173,9.183172973,48.78473069,1,,,2608140847,,,,,,,,,,c,0.0,0.0
-705341486458257230-2608140805-1,19123,,2608140805,,,ARV,16,,8000096,Stuttgart Hbf,Baden-Württemberg,Stuttgart,70173,9.183172973,48.78473069,1,,,2608140808,,,,,,,,,,,0.0,3.0
-6234003617487511858-2608140757-9,19307,2608140842,2608140851,14,,RE,MEX18,Heilbronn Hbf|Nordheim(Württ)|Lauffen(Neckar)|Kirchheim(Neckar)|Walheim(Württ)|Besigheim|Bietigheim-Bissingen|Ludwigsburg,8000096,Stuttgart Hbf,Baden-Württemberg,Stuttgart,70173,9.183172973,48.78473069,1,2608140854,,2608140901,,h,2,Störung,,,,,,,12.0,10.0
2706780419589409599-2608140535-20,4204,2608140822,,11,,RE,,Enzisweiler|Wasserburg(Bodensee)|Nonnenhorn|Kressbronn|Langenargen|Eriskirch|Friedrichshafen Stadt|Meckenbeuren|Ravensburg|Aulendorf|Bad Schussenried|Biberach(Riß)|Schemmerberg|Laupheim West|Ulm Hbf|Geislingen(Steige)|Göppingen|Plochingen|Esslingen(Neckar),8000096,Stuttgart Hbf,Baden-Württemberg,Stuttgart,70173,9.183172973,48.78473069,1,2608140830,,,,h,2,Bauarbeiten,,,,,,,8.0,0.0
7541219200353082561-2608140728-11,17512,2608140834,,12,,RB,,Gaildorf West|Fichtenberg|Fornsbach|Murrhardt|Sulzbach(Murr)|Oppenweiler(Württ)|Backnang|Winnenden|Waiblingen|Stuttgart-Bad Cannstatt,8000096,Stuttgart Hbf,Baden-Württemberg,Stuttgart,70173,9.183172973,48.78473069,1,2608140835,,,,h,1,Störung,,,,,,,1.0,0.0
-6826708456044057474-2608140811-12,7315,2608140847,,4,,S,,Backnang|Maubach|Nellmersbach|Winnenden|Schwaikheim|Neustadt-Hohenacker|Waiblingen|Fellbach|Stuttgart-Sommerrain|Stuttgart Nürnberger Str.|Stuttgart-Bad Cannstatt,8000096,Stuttgart Hbf,Baden-Württemberg,Stuttgart,70173,9.183172973,48.78473069,1,2608140846,,,,,,,,,,,c,,-1.0,0.0
-2041887165868781083-2608140850-1,7214,,2608140850,,,S,S2,,8000096,Stuttgart Hbf,Baden-Württemberg,Stuttgart,70173,9.183172973,48.78473069,1,,,2608140853,,h,1,Bauarbeiten,,,,,,,0.0,3.0
8258495970941561047-2608132105-15,236,2608140847,,9,,NJ,,Venezia Santa Lucia|Venezia Mestre|Treviso Centrale|Conegliano|Pordenone|Udine|Tarvisio Boscoverde|Villach Hbf|Salzburg Hbf|Rosenheim|München Ost|Augsburg Hbf|Ulm Hbf|Göppingen,8000096,Stuttgart Hbf,Baden-Württemberg,Stuttgart,70173,9.183172973,48.78473069,1,2608140910,,,,h,1,Information,,,,,,,23.0,0.0
-7908498233924216314-2608140750-15,7115,2608140835,,4,,S,,Kirchheim(Teck)|Kirchheim(Teck)-Ötlingen|Wendlingen(Neckar)|Wernau(Neckar)|Plochingen|Altbach|Esslingen-Zell|Oberesslingen|Esslingen(Neckar)|Esslingen-Mettingen|Stuttgart-Obertürkheim|Stuttgart-Untertürkheim|Stuttgart Neckarpark|Stuttgart-Bad Cannstatt,8000096,Stuttgart Hbf,Baden-Württemberg,Stuttgart,70173,9.183172973,48.78473069,1,2608140839,,,,h,1,Störung,,,,,p,,4.0,0.0
1183603668671718907-2608140741-12,7313,2608140817,,4,,S,,Backnang|Maubach|Nellmersbach|Winnenden|Schwaikheim|Neustadt-Hohenacker|Waiblingen|Fellbach|Stuttgart-Sommerrain|Stuttgart Nürnberger Str.|Stuttgart-Bad Cannstatt,8000096,Stuttgart Hbf,Baden-Württemberg,Stuttgart,70173,9.183172973,48.78473069,1,2608140816,,,,h,1,Störung,,,,,c,,-1.0,0.0
3901567496528963753-2608140715-3,571,2608140838,,5,,ICE,,Frankfurt(Main)Hbf|Mannheim Hbf,8000096,Stuttgart Hbf,Baden-Württemberg,Stuttgart,70173,9.183172973,48.78473069,1,2608140847,,,,c,,,,,,,,,9.0,0.0
8714151503779075708-2608140648-20,19454,2608140840,,13,,ARV,,Crailsheim|Jagstzell|Ellwangen|Schrezheim|Schwabsberg|Goldshöfe|Hofen(b Aalen)|Wasseralfingen|Aalen Hbf|Mögglingen(Gmünd)|Böbingen(Rems)|Schwäbisch Gmünd|Lorch(Württ)|Waldhausen(b Schorndorf)|Plüderhausen|Urbach(b Schorndorf)|Schorndorf|Waiblingen|Stuttgart-Bad Cannstatt,8000096,Stuttgart Hbf,Baden-Württemberg,Stuttgart,70173,9.183172973,48.78473069,1,2608140848,,,,h,2,Information,,,,,,,8.0,0.0
-6338002183585841713-2608140842-1,7314,,2608140842,,,S,S3,,8000096,Stuttgart Hbf,Baden-Württemberg,Stuttgart,70173,9.183172973,48.78473069,1,,,2608140847,,,,,,,,,,,0.0,5.0
6787092299889453682-2608140550-11,51184,2608140801,,6,,RE,,Singen(Hohentwiel)|Engen|Tuttlingen|Spaichingen|Rottweil|Oberndorf(Neckar)|Sulz(Neckar)|Horb|Herrenberg|Stuttgart-Vaihingen,8000096,Stuttgart Hbf,Baden-Württemberg,Stuttgart,70173,9.183172973,48.78473069,1,,,,,h,2,Information,,,,,c,,0.0,0.0
5639153144113744381-2608140828-1,50183,,2608140828,,,RE,IC87,,8000096,Stuttgart Hbf,Baden-Württemberg,Stuttgart,70173,9.183172973,48.78473069,1,,,2608140830,,h,2,Information,,,,,,,0.0,2.0
1921412709986473032-2608140820-1,19459,,2608140820,,,ARV,13,,8000096,Stuttgart Hbf,Baden-Württemberg,Stuttgart,70173,9.183172973,48.78473069,1,,,2608140835,,h,2,Information,,,,,,,0.0,15.0
3888224273021493436-2608140733-15,7213,2608140810,,3,,S,,Schorndorf|Weiler(Rems)|Winterbach(b Schorndorf)|Geradstetten|Grunbach|Beutelsbach|Endersbach|Stetten-Beinstein|Rommelshausen|Waiblingen|Fellbach|Stuttgart-Sommerrain|Stuttgart Nürnberger Str.|Stuttgart-Bad Cannstatt,8000096,Stuttgart Hbf,Baden-Württemberg,Stuttgart,70173,9.183172973,48.78473069,1,2608140811,,,,h,1,Bauarbeiten,,,,,,,1.0,0.0
1954405663998481577-2608140706-11,89684,2608140804,,11,,ARV,,Gaildorf West|Fichtenberg|Fornsbach|Murrhardt|Sulzbach(Murr)|Oppenweiler(Württ)|Backnang|Winnenden|Waiblingen|Stuttgart-Bad Cannstatt,8000096,Stuttgart Hbf,Baden-Württemberg,Stuttgart,70173,9.183172973,48.78473069,1,2608140804,,,,,,,,,,,,,0.0,0.0
-812051319324174666-2608140837-1,7412,,2608140837,,,S,S4,,8000096,Stuttgart Hbf,Baden-Württemberg,Stuttgart,70173,9.183172973,48.78473069,1,,,2608140841,3,,,,,,,,,,0.0,4.0
2609828090178333250-2608140826-1,17515,,2608140826,,,RB,MEX19,,8000096,Stuttgart Hbf,Baden-Württemberg,Stuttgart,70173,9.183172973,48.78473069,1,,,2608140827,,,,,,,,,,,0.0,1.0
-1347709455583751185-2608140733-14,7613,2608140815,,2,,S,,Weil der Stadt|Malmsheim|Renningen|Rutesheim|Leonberg|Höfingen|Ditzingen|Weilimdorf|Korntal|Neuwirtshaus(Porscheplatz)|Stuttgart-Zuffenhausen|Stuttgart-Feuerbach|Stuttgart Nordbahnhof,8000096,Stuttgart Hbf,Baden-Württemberg,Stuttgart,70173,9.183172973,48.78473069,1,2608140815,,,,,,,,,,,,,0.0,0.0
188880501459188996-2608140828-1,183,,2608140828,,,IC,,,8000096,Stuttgart Hbf,Baden-Württemberg,Stuttgart,70173,9.183172973,48.78473069,1,,,2608140830,,h,2,Information,,,,,,,0.0,2.0
6806492799498595716-2608140817-1,17627,,2608140817,,,RE,RE14b,,8000096,Stuttgart Hbf,Baden-Württemberg,Stuttgart,70173,9.183172973,48.78473069,1,,,2608140819,,,,,,,,,,,0.0,2.0
-5824944838156887596-2608140732-7,19005,2608140825,,7,,ARV,,Karlsruhe Hbf|Karlsruhe-Durlach|Wilferdingen-Singen|Pforzheim Hbf|Mühlacker|Vaihingen(Enz),8000096,Stuttgart Hbf,Baden-Württemberg,Stuttgart,70173,9.183172973,48.78473069,1,2608140826,,,,,,,,,,,,,1.0,0.0
-3992047670892155392-2608140807-1,7410,,2608140807,,,S,S4,,8000096,Stuttgart Hbf,Baden-Württemberg,Stuttgart,70173,9.183172973,48.78473069,1,,,2608140807,,,,,,,,,,,0.0,0.0
8970610329466681156-2608140733-14,7413,2608140825,,1,,S,,Backnang|Burgstall(Murr)|Kirchberg(Murr)|Erdmannhausen|Marbach(Neckar)|Benningen(Neckar)|Freiberg(Neckar)|Favoritepark|Ludwigsburg|Kornwestheim Pbf|Stuttgart-Zuffenhausen|Stuttgart-Feuerbach|Stuttgart Nordbahnhof,8000096,Stuttgart Hbf,Baden-Württemberg,Stuttgart,70173,9.183172973,48.78473069,1,2608140830,3,,,,,,,,,,,,5.0,0.0
-5473194171738225736-2608140842-1,19125,,2608140842,,,ARV,16,,8000096,Stuttgart Hbf,Baden-Württemberg,Stuttgart,70173,9.183172973,48.78473069,1,,,2608140843,,,,,,,,,,,0.0,1.0
-1152152025292238787-2608140839-1,4209,,2608140839,,,RE,RE5,,8000096,Stuttgart Hbf,Baden-Württemberg,Stuttgart,70173,9.183172973,48.78473069,1,,,2608140839,,h,2,Störung,,,,,,,0.0,0.0
7462677850950360621-2608140825-1,7114,,2608140825,,,S,S1,,8000096,Stuttgart Hbf,Baden-Württemberg,Stuttgart,70173,9.183172973,48.78473069,1,,,2608140825,,h,1,Störung,,,,,,c,0.0,0.0
4919409081459587886-2608132030-17,50462,2608140847,,9,,EN,,Budapest-Keleti|Budapest-Kelenföld|Tatabanya|Györ|Mosonmagyarovar|Hegyeshalom|Wien Hbf|Wien Meidling|St.Pölten Hbf|Linz/Donau Hbf|Salzburg Hbf|Rosenheim|München Ost|Augsburg Hbf|Ulm Hbf|Göppingen,8000096,Stuttgart Hbf,Baden-Württemberg,Stuttgart,70173,9.183172973,48.78473069,1,2608140910,,,,,,,,,,,,,23.0,0.0
-5465477625088129487-2608140636-18,19452,2608140811,,13,,ARV,,Ellwangen|Schrezheim|Schwabsberg|Goldshöfe|Hofen(b Aalen)|Wasseralfingen|Aalen Hbf|Mögglingen(Gmünd)|Böbingen(Rems)|Schwäbisch Gmünd|Lorch(Württ)|Waldhausen(b Schorndorf)|Plüderhausen|Urbach(b Schorndorf)|Schorndorf|Waiblingen|Stuttgart-Bad Cannstatt,8000096,Stuttgart Hbf,Baden-Württemberg,Stuttgart,70173,9.183172973,48.78473069,1,2608140825,,,,h,2,Information,,,,,,,14.0,0.0
7364365756035854020-2608140636-22,19120,2608140816,,12,,ARV,,Ulm Hbf|Beimerstetten|Westerstetten|Lonsee|Urspring|Amstetten(Württ)|Geislingen(Steige)|Geislingen(Steige)West|Kuchen|Gingen(Fils)|Süßen|Salach|Eislingen(Fils)|Göppingen|Faurndau|Uhingen|Ebersbach(Fils)|Reichenbach(Fils)|Plochingen|Esslingen(Neckar)|Stuttgart-Bad Cannstatt,8000096,Stuttgart Hbf,Baden-Württemberg,Stuttgart,70173,9.183172973,48.78473069,1,2608140819,,,,,,,,,,,,,3.0,0.0
-3592468245100533836-2608140812-1,7312,,2608140812,,,S,S3,,8000096,Stuttgart Hbf,Baden-Württemberg,Stuttgart,70173,9.183172973,48.78473069,1,,,2608140813,,h,1,Störung,,,,,,,0.0,1.0
5405057395916935106-2608140817-1,17629,,2608140817,,,RE,RE14a,,8000096,Stuttgart Hbf,Baden-Württemberg,Stuttgart,70173,9.183172973,48.78473069,1,,,2608140819,,h,2,Bauarbeiten,,,,,,,0.0,2.0
4230433869735770140-2608140548-5,511,2608140811,2608140817,15,,ICE,,Köln Hbf|Siegburg/Bonn|Frankfurt(M) Flughafen Fernbf|Mannheim Hbf,8000096,Stuttgart Hbf,Baden-Württemberg,Stuttgart,70173,9.183172973,48.78473069,1,2608140819,,2608140823,,c,,,,,,,,,8.0,6.0
4710214702648447253-2608140820-1,7212,,2608140820,,,S,S2,,8000096,Stuttgart Hbf,Baden-Württemberg,Stuttgart,70173,9.183172973,48.78473069,1,,,2608140820,,h,1,Bauarbeiten,,,,,,,0.0,0.0
-4522322066632757038-2608140832-1,19006,,2608140832,,,ARV,1,,8000096,Stuttgart Hbf,Baden-Württemberg,Stuttgart,70173,9.183172973,48.78473069,1,,,2608140833,,,,,,,,,,,0.0,1.0
-6500385343729473865-2608140855-1,7116,,2608140855,,,S,S1,,8000096,Stuttgart Hbf,Baden-Württemberg,Stuttgart,70173,9.183172973,48.78473069,1,,,2608140855,,h,1,Störung,,,,,,c,0.0,0.0
-5005532278471111418-2608140707-22,19122,2608140853,,12,,ARV,,Ulm Hbf|Beimerstetten|Westerstetten|Lonsee|Urspring|Amstetten(Württ)|Geislingen(Steige)|Geislingen(Steige)West|Kuchen|Gingen(Fils)|Süßen|Salach|Eislingen(Fils)|Göppingen|Faurndau|Uhingen|Ebersbach(Fils)|Reichenbach(Fils)|Plochingen|Esslingen(Neckar)|Stuttgart-Bad Cannstatt,8000096,Stuttgart Hbf,Baden-Württemberg,Stuttgart,70173,9.183172973,48.78473069,1,2608140900,,,,,,,,,,,,,7.0,0.0
-1444193866381249599-2608140802-1,28473,,2608140802,,,RE,RESB,,8000096,Stuttgart Hbf,Baden-Württemberg,Stuttgart,70173,9.183172973,48.78473069,1,,,2608140807,,,,,,,,,,,0.0,5.0
527392898867093092-2608140802-4,19672,2608140850,2608140900,11,,ARV,1,Aalen Hbf|Schwäbisch Gmünd|Schorndorf,8000096,Stuttgart Hbf,Baden-Württemberg,Stuttgart,70173,9.183172973,48.78473069,1,2608140858,,2608140910,,h,2,Information,,,,,,,8.0,10.0
6406586649286876666-2608131939-21,414,2608140847,,9,,EN,,Zagreb Glavni kolodvor|Zapresic|Dobova|Sevnica|Zidani Most|Ljubljana|Kranj|Lesce-Bled|Jesenice(SLO)|Villach Hbf|Spittal-Millstätter See|Mallnitz-Obervellach|Bad Gastein|Schwarzach-St.Veit|Salzburg Hbf|Rosenheim|München Ost|Augsburg Hbf|Ulm Hbf|Göppingen,8000096,Stuttgart Hbf,Baden-Württemberg,Stuttgart,70173,9.183172973,48.78473069,1,2608140910,,,,,,,,,,,,,23.0,0.0
-775244220373788191-2608140530-12,1184,2608140801,,6,,IC,,Schaffhausen|Singen(Hohentwiel)|Engen|Tuttlingen|Spaichingen|Rottweil|Oberndorf(Neckar)|Sulz(Neckar)|Horb|Herrenberg|Stuttgart-Vaihingen,8000096,Stuttgart Hbf,Baden-Württemberg,Stuttgart,70173,9.183172973,48.78473069,1,,,,,h,2,Information,,,,,c,,0.0,0.0
-2221226816655369065-2608140806-6,19673,2608140859,2608140906,15,,ARV,1,Karlsruhe Hbf|Karlsruhe-Durlach|Pforzheim Hbf|Mühlacker|Vaihingen(Enz),8000096,Stuttgart Hbf,Baden-Württemberg,Stuttgart,70173,9.183172973,48.78473069,1,2608140907,,2608140912,,h,2,Information,,,,,,,8.0,6.0
-1396515843662350065-2608140803-14,7415,2608140855,,2,,S,,Backnang|Burgstall(Murr)|Kirchberg(Murr)|Erdmannhausen|Marbach(Neckar)|Benningen(Neckar)|Freiberg(Neckar)|Favoritepark|Ludwigsburg|Kornwestheim Pbf|Stuttgart-Zuffenhausen|Stuttgart-Feuerbach|Stuttgart Nordbahnhof,8000096,Stuttgart Hbf,Baden-Württemberg,Stuttgart,70173,9.183172973,48.78473069,1,2608140855,,,,,,,,,,,,,0.0,0.0
-5856161558368495320-2608140737-9,7513,2608140805,,1,,S,,Bietigheim-Bissingen|Tamm(Württ)|Asperg|Ludwigsburg|Kornwestheim Pbf|Stuttgart-Zuffenhausen|Stuttgart-Feuerbach|Stuttgart Nordbahnhof,8000096,Stuttgart Hbf,Baden-Württemberg,Stuttgart,70173,9.183172973,48.78473069,1,2608140805,,,,,,,,,,,,,0.0,0.0
-7709757529463307534-2608140720-15,7113,2608140805,,4,,S,,Kirchheim(Teck)|Kirchheim(Teck)-Ötlingen|Wendlingen(Neckar)|Wernau(Neckar)|Plochingen|Altbach|Esslingen-Zell|Oberesslingen|Esslingen(Neckar)|Esslingen-Mettingen|Stuttgart-Obertürkheim|Stuttgart-Untertürkheim|Stuttgart Neckarpark|Stuttgart-Bad Cannstatt,8000096,Stuttgart Hbf,Baden-Württemberg,Stuttgart,70173,9.183172973,48.78473069,1,2608140806,,,,h,1,Störung,,,,,p,,1.0,0.0
-378981337411286882-2608140847-1,19409,,2608140847,,,ARV,13,,8000096,Stuttgart Hbf,Baden-Württemberg,Stuttgart,70173,9.183172973,48.78473069,1,,,2608140912,,h,2,Information,,,,,,,0.0,25.0
-6750459440429737938-2608140755-3,7112,2608140802,2608140802,2,,S,S1,Stuttgart Hbf|Stuttgart-Bad Cannstatt,8006743,Stuttgart Neckarpark,Baden-Württemberg,Stuttgart,70372,9.24106855,48.79194362,4,2608140802,,2608140803,,h,1,Störung,,,,,,,0.0,1.0
-7908498233924216314-2608140750-13,7115,2608140827,2608140827,1,,S,S1,Kirchheim(Teck)|Kirchheim(Teck)-Ötlingen|Wendlingen(Neckar)|Wernau(Neckar)|Plochingen|Altbach|Esslingen-Zell|Oberesslingen|Esslingen(Neckar)|Esslingen-Mettingen|Stuttgart-Obertürkheim|Stuttgart-Untertürkheim,8006743,Stuttgart Neckarpark,Baden-Württemberg,Stuttgart,70372,9.24106855,48.79194362,4,2608140827,,2608140827,,h,1,Störung,,,,,p,p,0.0,0.0
2988814004659936288-2608140820-13,7117,2608140857,2608140857,1,,S,S1,Kirchheim(Teck)|Kirchheim(Teck)-Ötlingen|Wendlingen(Neckar)|Wernau(Neckar)|Plochingen|Altbach|Esslingen-Zell|Oberesslingen|Esslingen(Neckar)|Esslingen-Mettingen|Stuttgart-Obertürkheim|Stuttgart-Untertürkheim,8006743,Stuttgart Neckarpark,Baden-Württemberg,Stuttgart,70372,9.24106855,48.79194362,4,2608140859,,2608140859,,h,1,Störung,,,,,p,p,2.0,2.0
7462677850950360621-2608140825-3,7114,2608140832,2608140832,2,,S,S1,Stuttgart Hbf|Stuttgart-Bad Cannstatt,8006743,Stuttgart Neckarpark,Baden-Württemberg,Stuttgart,70372,9.24106855,48.79194362,4,2608140834,,2608140834,,h,1,Störung,,,,,,,2.0,2.0
-3998053100664762308-2608140807-8,7515,2608140829,2608140831,4,,S,S5,Bietigheim-Bissingen|Tamm(Württ)|Asperg|Ludwigsburg|Kornwestheim Pbf|Stuttgart-Zuffenhausen|Stuttgart-Feuerbach,8005767,Stuttgart Nord,Baden-Württemberg,Stuttgard-Nord,70174,9.188061449,48.80374161,5,2608140828,,2608140831,,,,,,,,,c,c,-1.0,0.0
8022546424643450692-2608140817-2,7612,2608140820,2608140822,3,,S,S6,Stuttgart Hbf,8005767,Stuttgart Nord,Baden-Württemberg,Stuttgard-Nord,70174,9.188061449,48.80374161,5,2608140840,,2608140841,,,,,,,,,,,20.0,19.0
-1072643669346294455-2608140837-8,7517,2608140859,2608140901,4,,S,S5,Bietigheim-Bissingen|Tamm(Württ)|Asperg|Ludwigsburg|Kornwestheim Pbf|Stuttgart-Zuffenhausen|Stuttgart-Feuerbach,8005767,Stuttgart Nord,Baden-Württemberg,Stuttgard-Nord,70174,9.188061449,48.80374161,5,2608140859,,2608140901,,,,,,,,,,,0.0,0.0
368607286846300048-2608140803-13,7615,2608140839,2608140841,4,,S,S6,Weil der Stadt|Malmsheim|Renningen|Rutesheim|Leonberg|Höfingen|Ditzingen|Weilimdorf|Korntal|Neuwirtshaus(Porscheplatz)|Stuttgart-Zuffenhausen|Stuttgart-Feuerbach,8005767,Stuttgart Nord,Baden-Württemberg,Stuttgard-Nord,70174,9.188061449,48.80374161,5,2608140842,,2608140843,,,,,,,,,,,3.0,2.0
-8163811491625378496-2608140827-2,7514,2608140830,2608140831,3,,S,S5,Stuttgart Hbf,8005767,Stuttgart Nord,Baden-Württemberg,Stuttgard-Nord,70174,9.188061449,48.80374161,5,2608140832,,2608140833,,,,,,,,,,,2.0,2.0
-4928326504801899421-2608140757-2,7512,2608140800,2608140801,3,,S,S5,Stuttgart Hbf,8005767,Stuttgart Nord,Baden-Württemberg,Stuttgard-Nord,70174,9.188061449,48.80374161,5,2608140801,,2608140802,,,,,,,,,,,1.0,1.0
8931019133261020093-2608140847-2,7614,2608140850,2608140852,3,,S,S6,Stuttgart Hbf,8005767,Stuttgart Nord,Baden-Württemberg,Stuttgard-Nord,70174,9.188061449,48.80374161,5,2608140851,,2608140852,,,,,,,,,c,c,1.0,0.0
-812051319324174666-2608140837-2,7412,2608140840,2608140841,3,,S,S4,Stuttgart Hbf,8005767,Stuttgart Nord,Baden-Württemberg,Stuttgard-Nord,70174,9.188061449,48.80374161,5,2608140846,,2608140846,,,,,,,,,,,6.0,5.0
-1347709455583751185-2608140733-13,7613,2608140809,2608140811,4,,S,S6,Weil der Stadt|Malmsheim|Renningen|Rutesheim|Leonberg|Höfingen|Ditzingen|Weilimdorf|Korntal|Neuwirtshaus(Porscheplatz)|Stuttgart-Zuffenhausen|Stuttgart-Feuerbach,8005767,Stuttgart Nord,Baden-Württemberg,Stuttgard-Nord,70174,9.188061449,48.80374161,5,2608140809,,2608140811,,,,,,,,,,,0.0,0.0
-3992047670892155392-2608140807-2,7410,2608140810,2608140811,3,,S,S4,Stuttgart Hbf,8005767,Stuttgart Nord,Baden-Württemberg,Stuttgard-Nord,70174,9.188061449,48.80374161,5,2608140811,,2608140811,,,,,,,,,,,1.0,0.0
8970610329466681156-2608140733-13,7413,2608140819,2608140821,4,,S,S4,Backnang|Burgstall(Murr)|Kirchberg(Murr)|Erdmannhausen|Marbach(Neckar)|Benningen(Neckar)|Freiberg(Neckar)|Favoritepark|Ludwigsburg|Kornwestheim Pbf|Stuttgart-Zuffenhausen|Stuttgart-Feuerbach,8005767,Stuttgart Nord,Baden-Württemberg,Stuttgard-Nord,70174,9.188061449,48.80374161,5,2608140819,,2608140821,,,,,,,,,,,0.0,0.0
-1396515843662350065-2608140803-13,7415,2608140849,2608140851,4,,S,S4,Backnang|Burgstall(Murr)|Kirchberg(Murr)|Erdmannhausen|Marbach(Neckar)|Benningen(Neckar)|Freiberg(Neckar)|Favoritepark|Ludwigsburg|Kornwestheim Pbf|Stuttgart-Zuffenhausen|Stuttgart-Feuerbach,8005767,Stuttgart Nord,Baden-Württemberg,Stuttgard-Nord,70174,9.188061449,48.80374161,5,2608140849,,2608140851,,,,,,,,,,,0.0,0.0
-5856161558368495320-2608140737-8,7513,2608140759,2608140801,4,,S,S5,Bietigheim-Bissingen|Tamm(Württ)|Asperg|Ludwigsburg|Kornwestheim Pbf|Stuttgart-Zuffenhausen|Stuttgart-Feuerbach,8005767,Stuttgart Nord,Baden-Württemberg,Stuttgard-Nord,70174,9.188061449,48.80374161,5,2608140759,,2608140801,,,,,,,,,,,0.0,0.0
-5804237943130712983-2608140803-13,7215,2608140832,2608140833,1,,S,S2,Schorndorf|Weiler(Rems)|Winterbach(b Schorndorf)|Geradstetten|Grunbach|Beutelsbach|Endersbach|Stetten-Beinstein|Rommelshausen|Waiblingen|Fellbach|Stuttgart-Sommerrain,8004357,Stuttgart Nürnberger Straße,Baden-Württemberg,Stuttgart,70374,9.234576905,48.80656062,5,2608140833,,2608140834,,h,1,Bauarbeiten,,,,,,,1.0,1.0
-6826708456044057474-2608140811-10,7315,2608140837,2608140838,1,,S,S3,Backnang|Maubach|Nellmersbach|Winnenden|Schwaikheim|Neustadt-Hohenacker|Waiblingen|Fellbach|Stuttgart-Sommerrain,8004357,Stuttgart Nürnberger Straße,Baden-Württemberg,Stuttgart,70374,9.234576905,48.80656062,5,2608140838,,2608140839,,,,,,,,,,,1.0,1.0
-2041887165868781083-2608140850-3,7214,2608140857,2608140857,4,,S,S2,Stuttgart Hbf|Stuttgart-Bad Cannstatt,8004357,Stuttgart Nürnberger Straße,Baden-Württemberg,Stuttgart,70374,9.234576905,48.80656062,5,2608140900,,2608140900,,h,1,Bauarbeiten,,,,,,,3.0,3.0
1183603668671718907-2608140741-10,7313,2608140807,2608140808,1,,S,S3,Backnang|Maubach|Nellmersbach|Winnenden|Schwaikheim|Neustadt-Hohenacker|Waiblingen|Fellbach|Stuttgart-Sommerrain,8004357,Stuttgart Nürnberger Straße,Baden-Württemberg,Stuttgart,70374,9.234576905,48.80656062,5,2608140807,,2608140808,,h,1,Störung,,,,,,,0.0,0.0
-6338002183585841713-2608140842-3,7314,2608140852,2608140852,4,,S,S3,Stuttgart Hbf|Stuttgart-Bad Cannstatt,8004357,Stuttgart Nürnberger Straße,Baden-Württemberg,Stuttgart,70374,9.234576905,48.80656062,5,2608140854,,2608140855,,,,,,,,,,,2.0,3.0
3888224273021493436-2608140733-13,7213,2608140802,2608140803,1,,S,S2,Schorndorf|Weiler(Rems)|Winterbach(b Schorndorf)|Geradstetten|Grunbach|Beutelsbach|Endersbach|Stetten-Beinstein|Rommelshausen|Waiblingen|Fellbach|Stuttgart-Sommerrain,8004357,Stuttgart Nürnberger Straße,Baden-Württemberg,Stuttgart,70374,9.234576905,48.80656062,5,2608140802,,2608140803,,h,1,Bauarbeiten,,,,,,,0.0,0.0
-3592468245100533836-2608140812-3,7312,2608140822,2608140822,4,,S,S3,Stuttgart Hbf|Stuttgart-Bad Cannstatt,8004357,Stuttgart Nürnberger Straße,Baden-Württemberg,Stuttgart,70374,9.234576905,48.80656062,5,2608140822,,2608140822,,h,1,Störung,,,,,,,0.0,0.0
4710214702648447253-2608140820-3,7212,2608140827,2608140827,4,,S,S2,Stuttgart Hbf|Stuttgart-Bad Cannstatt,8004357,Stuttgart Nürnberger Straße,Baden-Württemberg,Stuttgart,70374,9.234576905,48.80656062,5,2608140833,,2608140834,,h,1,Bauarbeiten,,,,,,,6.0,7.0
-3154942469508823682-2608140750-3,19220,2608140803,2608140804,5,,RE,MEX12,Plochingen|Esslingen(Neckar),8005769,Stuttgart-Bad Cannstatt,Baden-Württemberg,Stuttgart,70372,9.217468636,48.80127978,3,2608140806,1,2608140809,1,h,2,Bauarbeiten,,,,,,,3.0,5.0
-5804237943130712983-2608140803-14,7215,2608140835,2608140836,2,,S,S2,Schorndorf|Weiler(Rems)|Winterbach(b Schorndorf)|Geradstetten|Grunbach|Beutelsbach|Endersbach|Stetten-Beinstein|Rommelshausen|Waiblingen|Fellbach|Stuttgart-Sommerrain|Stuttgart Nürnberger Str.,8005769,Stuttgart-Bad Cannstatt,Baden-Württemberg,Stuttgart,70372,9.217468636,48.80127978,3,2608140838,,2608140839,,h,1,Bauarbeiten,,,,,,,3.0,3.0
-705341486458257230-2608140805-2,19123,2608140808,2608140808,8,,ARV,16,Stuttgart Hbf,8005769,Stuttgart-Bad Cannstatt,Baden-Württemberg,Stuttgart,70372,9.217468636,48.80127978,3,2608140811,,2608140812,,,,,,,,,,,3.0,4.0
-6234003617487511858-2608140757-10,19307,2608140855,2608140855,8,,RE,MEX18,Heilbronn Hbf|Nordheim(Württ)|Lauffen(Neckar)|Kirchheim(Neckar)|Walheim(Württ)|Besigheim|Bietigheim-Bissingen|Ludwigsburg|Stuttgart Hbf,8005769,Stuttgart-Bad Cannstatt,Baden-Württemberg,Stuttgart,70372,9.217468636,48.80127978,3,2608140905,,2608140906,,h,2,Störung,,,,,,,10.0,11.0
7541219200353082561-2608140728-10,17512,2608140828,2608140831,6,,RB,MEX90,Gaildorf West|Fichtenberg|Fornsbach|Murrhardt|Sulzbach(Murr)|Oppenweiler(Württ)|Backnang|Winnenden|Waiblingen,8005769,Stuttgart-Bad Cannstatt,Baden-Württemberg,Stuttgart,70372,9.217468636,48.80127978,3,2608140828,,2608140830,,h,1,Störung,,,,,,,0.0,-1.0
-6826708456044057474-2608140811-11,7315,2608140841,2608140843,2,,S,S3,Backnang|Maubach|Nellmersbach|Winnenden|Schwaikheim|Neustadt-Hohenacker|Waiblingen|Fellbach|Stuttgart-Sommerrain|Stuttgart Nürnberger Str.,8005769,Stuttgart-Bad Cannstatt,Baden-Württemberg,Stuttgart,70372,9.217468636,48.80127978,3,2608140843,,2608140843,,,,,,,,,,c,2.0,0.0
-2041887165868781083-2608140850-2,7214,2608140854,2608140854,3,,S,S2,Stuttgart Hbf,8005769,Stuttgart-Bad Cannstatt,Baden-Württemberg,Stuttgart,70372,9.217468636,48.80127978,3,2608140857,,2608140857,,h,1,Bauarbeiten,,,,,,,3.0,3.0
-7908498233924216314-2608140750-14,7115,2608140830,2608140831,2,,S,S1,Kirchheim(Teck)|Kirchheim(Teck)-Ötlingen|Wendlingen(Neckar)|Wernau(Neckar)|Plochingen|Altbach|Esslingen-Zell|Oberesslingen|Esslingen(Neckar)|Esslingen-Mettingen|Stuttgart-Obertürkheim|Stuttgart-Untertürkheim|Stuttgart Neckarpark,8005769,Stuttgart-Bad Cannstatt,Baden-Württemberg,Stuttgart,70372,9.217468636,48.80127978,3,2608140834,,2608140836,,h,1,Störung,,,,,p,p,4.0,5.0
1183603668671718907-2608140741-11,7313,2608140811,2608140813,2,,S,S3,Backnang|Maubach|Nellmersbach|Winnenden|Schwaikheim|Neustadt-Hohenacker|Waiblingen|Fellbach|Stuttgart-Sommerrain|Stuttgart Nürnberger Str.,8005769,Stuttgart-Bad Cannstatt,Baden-Württemberg,Stuttgart,70372,9.217468636,48.80127978,3,2608140811,,2608140813,,h,1,Störung,,,,,,c,0.0,0.0
8714151503779075708-2608140648-19,19454,2608140835,2608140836,6,,ARV,13,Crailsheim|Jagstzell|Ellwangen|Schrezheim|Schwabsberg|Goldshöfe|Hofen(b Aalen)|Wasseralfingen|Aalen Hbf|Mögglingen(Gmünd)|Böbingen(Rems)|Schwäbisch Gmünd|Lorch(Württ)|Waldhausen(b Schorndorf)|Plüderhausen|Urbach(b Schorndorf)|Schorndorf|Waiblingen,8005769,Stuttgart-Bad Cannstatt,Baden-Württemberg,Stuttgart,70372,9.217468636,48.80127978,3,2608140839,,2608140842,,h,2,Information,,,,,,,4.0,6.0
-6338002183585841713-2608140842-2,7314,2608140846,2608140849,3,,S,S3,Stuttgart Hbf,8005769,Stuttgart-Bad Cannstatt,Baden-Württemberg,Stuttgart,70372,9.217468636,48.80127978,3,2608140852,,2608140852,,,,,,,,,,,6.0,3.0
1921412709986473032-2608140820-2,19459,2608140824,2608140825,7,,ARV,13,Stuttgart Hbf,8005769,Stuttgart-Bad Cannstatt,Baden-Württemberg,Stuttgart,70372,9.217468636,48.80127978,3,2608140838,,2608140839,,h,2,Information,,,,,,,14.0,14.0
3888224273021493436-2608140733-14,7213,2608140805,2608140806,2,,S,S2,Schorndorf|Weiler(Rems)|Winterbach(b Schorndorf)|Geradstetten|Grunbach|Beutelsbach|Endersbach|Stetten-Beinstein|Rommelshausen|Waiblingen|Fellbach|Stuttgart-Sommerrain|Stuttgart Nürnberger Str.,8005769,Stuttgart-Bad Cannstatt,Baden-Württemberg,Stuttgart,70372,9.217468636,48.80127978,3,2608140806,,2608140807,,h,1,Bauarbeiten,,,,,,,1.0,1.0
1954405663998481577-2608140706-10,89684,2608140759,2608140800,6,,ARV,90,Gaildorf West|Fichtenberg|Fornsbach|Murrhardt|Sulzbach(Murr)|Oppenweiler(Württ)|Backnang|Winnenden|Waiblingen,8005769,Stuttgart-Bad Cannstatt,Baden-Württemberg,Stuttgart,70372,9.217468636,48.80127978,3,2608140759,,2608140800,,,,,,,,,,,0.0,0.0
2609828090178333250-2608140826-2,17515,2608140829,2608140830,7,,RB,MEX19,Stuttgart Hbf,8005769,Stuttgart-Bad Cannstatt,Baden-Württemberg,Stuttgart,70372,9.217468636,48.80127978,3,2608140831,,2608140832,,,,,,,,,,,2.0,2.0
-5473194171738225736-2608140842-2,19125,2608140845,2608140846,8,,ARV,16,Stuttgart Hbf,8005769,Stuttgart-Bad Cannstatt,Baden-Württemberg,Stuttgart,70372,9.217468636,48.80127978,3,2608140846,,2608140847,,,,,,,,,,,1.0,1.0
7462677850950360621-2608140825-2,7114,2608140828,2608140829,3,,S,S1,Stuttgart Hbf,8005769,Stuttgart-Bad Cannstatt,Baden-Württemberg,Stuttgart,70372,9.217468636,48.80127978,3,2608140829,,2608140832,2,h,1,Störung,,,,,c,,1.0,3.0
-5465477625088129487-2608140636-17,19452,2608140806,2608140807,6,,ARV,13,Ellwangen|Schrezheim|Schwabsberg|Goldshöfe|Hofen(b Aalen)|Wasseralfingen|Aalen Hbf|Mögglingen(Gmünd)|Böbingen(Rems)|Schwäbisch Gmünd|Lorch(Württ)|Waldhausen(b Schorndorf)|Plüderhausen|Urbach(b Schorndorf)|Schorndorf|Waiblingen,8005769,Stuttgart-Bad Cannstatt,Baden-Württemberg,Stuttgart,70372,9.217468636,48.80127978,3,2608140820,,2608140821,,h,2,Information,,,,,,,14.0,14.0
7364365756035854020-2608140636-21,19120,2608140811,2608140812,5,,ARV,16,Ulm Hbf|Beimerstetten|Westerstetten|Lonsee|Urspring|Amstetten(Württ)|Geislingen(Steige)|Geislingen(Steige)West|Kuchen|Gingen(Fils)|Süßen|Salach|Eislingen(Fils)|Göppingen|Faurndau|Uhingen|Ebersbach(Fils)|Reichenbach(Fils)|Plochingen|Esslingen(Neckar),8005769,Stuttgart-Bad Cannstatt,Baden-Württemberg,Stuttgart,70372,9.217468636,48.80127978,3,2608140811,,2608140813,,,,,,,,,,,0.0,1.0
-3592468245100533836-2608140812-2,7312,2608140816,2608140819,3,,S,S3,Stuttgart Hbf,8005769,Stuttgart-Bad Cannstatt,Baden-Württemberg,Stuttgart,70372,9.217468636,48.80127978,3,2608140818,,2608140819,,h,1,Störung,,,,,,,2.0,0.0
4710214702648447253-2608140820-2,7212,2608140824,2608140824,3,,S,S2,Stuttgart Hbf,8005769,Stuttgart-Bad Cannstatt,Baden-Württemberg,Stuttgart,70372,9.217468636,48.80127978,3,2608140831,,2608140831,,h,1,Bauarbeiten,,,,,,,7.0,7.0
-6500385343729473865-2608140855-2,7116,2608140858,2608140859,3,,S,S1,Stuttgart Hbf,8005769,Stuttgart-Bad Cannstatt,Baden-Württemberg,Stuttgart,70372,9.217468636,48.80127978,3,2608140858,,2608140859,2,h,1,Störung,,,,,c,,0.0,0.0
-5005532278471111418-2608140707-21,19122,2608140849,2608140849,5,,ARV,16,Ulm Hbf|Beimerstetten|Westerstetten|Lonsee|Urspring|Amstetten(Württ)|Geislingen(Steige)|Geislingen(Steige)West|Kuchen|Gingen(Fils)|Süßen|Salach|Eislingen(Fils)|Göppingen|Faurndau|Uhingen|Ebersbach(Fils)|Reichenbach(Fils)|Plochingen|Esslingen(Neckar),8005769,Stuttgart-Bad Cannstatt,Baden-Württemberg,Stuttgart,70372,9.217468636,48.80127978,3,2608140854,,2608140856,,,,,,,,,,,5.0,7.0
-7709757529463307534-2608140720-14,7113,2608140800,2608140801,2,,S,S1,Kirchheim(Teck)|Kirchheim(Teck)-Ötlingen|Wendlingen(Neckar)|Wernau(Neckar)|Plochingen|Altbach|Esslingen-Zell|Oberesslingen|Esslingen(Neckar)|Esslingen-Mettingen|Stuttgart-Obertürkheim|Stuttgart-Untertürkheim|Stuttgart Neckarpark,8005769,Stuttgart-Bad Cannstatt,Baden-Württemberg,Stuttgart,70372,9.217468636,48.80127978,3,2608140802,,2608140803,,h,1,Störung,,,,,p,p,2.0,2.0
-378981337411286882-2608140847-2,19409,2608140852,2608140852,7,,ARV,13,Stuttgart Hbf,8005769,Stuttgart-Bad Cannstatt,Baden-Württemberg,Stuttgart,70372,9.217468636,48.80127978,3,2608140915,,2608140915,,h,2,Information,,,,,,,23.0,23.0
-3998053100664762308-2608140807-7,7515,2608140826,2608140826,1,,S,S5,Bietigheim-Bissingen|Tamm(Württ)|Asperg|Ludwigsburg|Kornwestheim Pbf|Stuttgart-Zuffenhausen,8005770,Stuttgart-Feuerbach,Baden-Württemberg,Feuerbach,70469,9.169186287,48.81363554,3,2608140826,,2608140826,,,,,,,,,,c,0.0,0.0
8022546424643450692-2608140817-3,7612,2608140824,2608140824,2,,S,S6,Stuttgart Hbf|Stuttgart Nordbahnhof,8005770,Stuttgart-Feuerbach,Baden-Württemberg,Feuerbach,70469,9.169186287,48.81363554,3,2608140842,,2608140843,,,,,,,,,,,18.0,19.0
-1072643669346294455-2608140837-7,7517,2608140856,2608140856,1,,S,S5,Bietigheim-Bissingen|Tamm(Württ)|Asperg|Ludwigsburg|Kornwestheim Pbf|Stuttgart-Zuffenhausen,8005770,Stuttgart-Feuerbach,Baden-Württemberg,Feuerbach,70469,9.169186287,48.81363554,3,2608140856,,2608140856,,,,,,,,,,,0.0,0.0
368607286846300048-2608140803-12,7615,2608140836,2608140836,1,,S,S6,Weil der Stadt|Malmsheim|Renningen|Rutesheim|Leonberg|Höfingen|Ditzingen|Weilimdorf|Korntal|Neuwirtshaus(Porscheplatz)|Stuttgart-Zuffenhausen,8005770,Stuttgart-Feuerbach,Baden-Württemberg,Feuerbach,70469,9.169186287,48.81363554,3,2608140840,,2608140841,,,,,,,,,,,4.0,5.0
-8163811491625378496-2608140827-3,7514,2608140833,2608140834,2,,S,S5,Stuttgart Hbf|Stuttgart Nordbahnhof,8005770,Stuttgart-Feuerbach,Baden-Württemberg,Feuerbach,70469,9.169186287,48.81363554,3,2608140834,,2608140834,,,,,,,,,,,1.0,0.0
-4928326504801899421-2608140757-3,7512,2608140803,2608140804,2,,S,S5,Stuttgart Hbf|Stuttgart Nordbahnhof,8005770,Stuttgart-Feuerbach,Baden-Württemberg,Feuerbach,70469,9.169186287,48.81363554,3,2608140803,,2608140804,,,,,,,,,,,0.0,0.0
8931019133261020093-2608140847-3,7614,2608140854,2608140854,2,,S,S6,Stuttgart Hbf|Stuttgart Nordbahnhof,8005770,Stuttgart-Feuerbach,Baden-Württemberg,Feuerbach,70469,9.169186287,48.81363554,3,2608140854,,2608140854,,,,,,,,,c,,0.0,0.0
-812051319324174666-2608140837-3,7412,2608140843,2608140844,2,,S,S4,Stuttgart Hbf|Stuttgart Nordbahnhof,8005770,Stuttgart-Feuerbach,Baden-Württemberg,Feuerbach,70469,9.169186287,48.81363554,3,2608140848,,2608140849,,,,,,,,,,,5.0,5.0
-1347709455583751185-2608140733-12,7613,2608140806,2608140806,1,,S,S6,Weil der Stadt|Malmsheim|Renningen|Rutesheim|Leonberg|Höfingen|Ditzingen|Weilimdorf|Korntal|Neuwirtshaus(Porscheplatz)|Stuttgart-Zuffenhausen,8005770,Stuttgart-Feuerbach,Baden-Württemberg,Feuerbach,70469,9.169186287,48.81363554,3,2608140806,,2608140806,,,,,,,,,,,0.0,0.0
-4552151844011388438-2608140838-1,7018,,2608140838,,,S,S60,,8005770,Stuttgart-Feuerbach,Baden-Württemberg,Feuerbach,70469,9.169186287,48.81363554,3,,,2608140839,,,,,,,,,,,0.0,1.0
-5104000198219132669-2608140808-1,7016,,2608140808,,,S,S60,,8005770,Stuttgart-Feuerbach,Baden-Württemberg,Feuerbach,70469,9.169186287,48.81363554,3,,,2608140809,,,,,,,,,,,0.0,1.0
7558420737718355302-2608140804-16,7013,2608140851,,1a,,S,,Böblingen|Sindelfingen|Maichingen|Maichingen Nord|Magstadt|Renningen Süd|Renningen|Rutesheim|Leonberg|Höfingen|Ditzingen|Weilimdorf|Korntal|Neuwirtshaus(Porscheplatz)|Stuttgart-Zuffenhausen,8005770,Stuttgart-Feuerbach,Baden-Württemberg,Feuerbach,70469,9.169186287,48.81363554,3,2608140852,,,,,,,,,,,,,1.0,0.0
-3992047670892155392-2608140807-3,7410,2608140813,2608140814,2,,S,S4,Stuttgart Hbf|Stuttgart Nordbahnhof,8005770,Stuttgart-Feuerbach,Baden-Württemberg,Feuerbach,70469,9.169186287,48.81363554,3,2608140813,,2608140814,,,,,,,,,,,0.0,0.0
8970610329466681156-2608140733-12,7413,2608140816,2608140817,1,,S,S4,Backnang|Burgstall(Murr)|Kirchberg(Murr)|Erdmannhausen|Marbach(Neckar)|Benningen(Neckar)|Freiberg(Neckar)|Favoritepark|Ludwigsburg|Kornwestheim Pbf|Stuttgart-Zuffenhausen,8005770,Stuttgart-Feuerbach,Baden-Württemberg,Feuerbach,70469,9.169186287,48.81363554,3,2608140817,,2608140817,,,,,,,,,,,1.0,0.0
3592955462745051107-2608140734-16,7011,2608140821,,1a,,S,,Böblingen|Sindelfingen|Maichingen|Maichingen Nord|Magstadt|Renningen Süd|Renningen|Rutesheim|Leonberg|Höfingen|Ditzingen|Weilimdorf|Korntal|Neuwirtshaus(Porscheplatz)|Stuttgart-Zuffenhausen,8005770,Stuttgart-Feuerbach,Baden-Württemberg,Feuerbach,70469,9.169186287,48.81363554,3,2608140821,,,,,,,,,,,,,0.0,0.0
-1396515843662350065-2608140803-12,7415,2608140846,2608140847,1,,S,S4,Backnang|Burgstall(Murr)|Kirchberg(Murr)|Erdmannhausen|Marbach(Neckar)|Benningen(Neckar)|Freiberg(Neckar)|Favoritepark|Ludwigsburg|Kornwestheim Pbf|Stuttgart-Zuffenhausen,8005770,Stuttgart-Feuerbach,Baden-Württemberg,Feuerbach,70469,9.169186287,48.81363554,3,2608140846,,2608140847,,,,,,,,,,,0.0,0.0
-6750459440429737938-2608140755-5,7112,2608140807,2608140807,6,,S,S1,Stuttgart Hbf|Stuttgart-Bad Cannstatt|Stuttgart Neckarpark|Stuttgart-Untertürkheim,8005772,Stuttgart-Obertürkheim,Baden-Württemberg,Stuttgart,70329,9.268167932,48.76175015,4,2608140808,,2608140808,,h,1,Störung,,,,,,,1.0,1.0
-7908498233924216314-2608140750-11,7115,2608140822,2608140822,5,,S,S1,Kirchheim(Teck)|Kirchheim(Teck)-Ötlingen|Wendlingen(Neckar)|Wernau(Neckar)|Plochingen|Altbach|Esslingen-Zell|Oberesslingen|Esslingen(Neckar)|Esslingen-Mettingen,8005772,Stuttgart-Obertürkheim,Baden-Württemberg,Stuttgart,70329,9.268167932,48.76175015,4,2608140822,,2608140822,,h,1,Störung,,,,,p,p,0.0,0.0
2988814004659936288-2608140820-11,7117,2608140852,2608140852,5,,S,S1,Kirchheim(Teck)|Kirchheim(Teck)-Ötlingen|Wendlingen(Neckar)|Wernau(Neckar)|Plochingen|Altbach|Esslingen-Zell|Oberesslingen|Esslingen(Neckar)|Esslingen-Mettingen,8005772,Stuttgart-Obertürkheim,Baden-Württemberg,Stuttgart,70329,9.268167932,48.76175015,4,2608140854,,2608140855,,h,1,Störung,,,,,p,p,2.0,3.0
7462677850950360621-2608140825-5,7114,2608140837,2608140837,6,,S,S1,Stuttgart Hbf|Stuttgart-Bad Cannstatt|Stuttgart Neckarpark|Stuttgart-Untertürkheim,8005772,Stuttgart-Obertürkheim,Baden-Württemberg,Stuttgart,70329,9.268167932,48.76175015,4,2608140838,,2608140838,,h,1,Störung,,,,,,,1.0,1.0
-6417774412386429047-2608140833-6,7914,2608140848,2608140849,3,,S,S2,Filderstadt|Stuttgart Flughafen/Messe|Echterdingen|Leinfelden|Oberaichen,8005773,Stuttgart-Rohr,Baden-Württemberg,Stuttgart,70565,9.108158025,48.71799427,4,2608140849,,2608140849,,,,,,,,,,,1.0,0.0
7703218303646440626-2608140746-8,7714,2608140807,2608140808,3,,S,S1,Herrenberg|Nufringen|Gärtringen|Ehningen(b Böblingen)|Hulb|Böblingen|Goldberg(Württ),8005773,Stuttgart-Rohr,Baden-Württemberg,Stuttgart,70565,9.108158025,48.71799427,4,2608140809,,2608140810,,,,,,,,,,,2.0,2.0
4580394534230796773-2608140805-2,7913,2608140806,2608140812,2,,S,S2,Stuttgart-Vaihingen,8005773,Stuttgart-Rohr,Baden-Württemberg,Stuttgart,70565,9.108158025,48.71799427,4,2608140806,,2608140812,,,,,,,,,,,0.0,0.0
7974787834467566145-2608140803-6,7912,2608140818,2608140819,3,,S,S2,Filderstadt|Stuttgart Flughafen/Messe|Echterdingen|Leinfelden|Oberaichen,8005773,Stuttgart-Rohr,Baden-Württemberg,Stuttgart,70565,9.108158025,48.71799427,4,2608140818,,2608140819,,,,,,,,,,,0.0,0.0
-5955935305381349706-2608140835-2,7915,2608140836,2608140842,2,,S,S2,Stuttgart-Vaihingen,8005773,Stuttgart-Rohr,Baden-Württemberg,Stuttgart,70565,9.108158025,48.71799427,4,2608140836,,2608140843,,,,,,,,,,,0.0,1.0
-1294247402093517647-2608140846-2,7715,2608140847,2608140853,2,,S,S1,Stuttgart-Vaihingen,8005773,Stuttgart-Rohr,Baden-Württemberg,Stuttgart,70565,9.108158025,48.71799427,4,2608140848,,2608140853,,,,,,,,,,,1.0,0.0
-1939940434765765785-2608140816-8,7716,2608140837,2608140838,3,,S,S1,Herrenberg|Nufringen|Gärtringen|Ehningen(b Böblingen)|Hulb|Böblingen|Goldberg(Württ),8005773,Stuttgart-Rohr,Baden-Württemberg,Stuttgart,70565,9.108158025,48.71799427,4,2608140843,,2608140844,,,,,,,,,,,6.0,6.0
4428035523306694897-2608140816-2,7713,2608140817,2608140823,2,,S,S1,Stuttgart-Vaihingen,8005773,Stuttgart-Rohr,Baden-Württemberg,Stuttgart,70565,9.108158025,48.71799427,4,2608140817,,2608140827,,,,,,,,,,,0.0,4.0
-5804237943130712983-2608140803-12,7215,2608140830,2608140830,1,,S,S2,Schorndorf|Weiler(Rems)|Winterbach(b Schorndorf)|Geradstetten|Grunbach|Beutelsbach|Endersbach|Stetten-Beinstein|Rommelshausen|Waiblingen|Fellbach,8005774,Stuttgart-Sommerrain,Baden-Württemberg,Stuttgart,70374,9.248369749,48.81521824,5,2608140831,,2608140831,,h,1,Bauarbeiten,,,,,,,1.0,1.0
-6826708456044057474-2608140811-9,7315,2608140835,2608140835,1,,S,S3,Backnang|Maubach|Nellmersbach|Winnenden|Schwaikheim|Neustadt-Hohenacker|Waiblingen|Fellbach,8005774,Stuttgart-Sommerrain,Baden-Württemberg,Stuttgart,70374,9.248369749,48.81521824,5,2608140835,,2608140836,,,,,,,,,,,0.0,1.0
-2041887165868781083-2608140850-4,7214,2608140859,2608140859,4,,S,S2,Stuttgart Hbf|Stuttgart-Bad Cannstatt|Stuttgart Nürnberger Str.,8005774,Stuttgart-Sommerrain,Baden-Württemberg,Stuttgart,70374,9.248369749,48.81521824,5,2608140902,,2608140902,,h,1,Bauarbeiten,,,,,,,3.0,3.0
1183603668671718907-2608140741-9,7313,2608140805,2608140805,1,,S,S3,Backnang|Maubach|Nellmersbach|Winnenden|Schwaikheim|Neustadt-Hohenacker|Waiblingen|Fellbach,8005774,Stuttgart-Sommerrain,Baden-Württemberg,Stuttgart,70374,9.248369749,48.81521824,5,2608140805,,2608140805,,h,1,Störung,,,,,,,0.0,0.0
-6338002183585841713-2608140842-4,7314,2608140854,2608140854,4,,S,S3,Stuttgart Hbf|Stuttgart-Bad Cannstatt|Stuttgart Nürnberger Str.,8005774,Stuttgart-Sommerrain,Baden-Württemberg,Stuttgart,70374,9.248369749,48.81521824,5,2608140856,,2608140857,,,,,,,,,,,2.0,3.0
3888224273021493436-2608140733-12,7213,2608140800,2608140800,1,,S,S2,Schorndorf|Weiler(Rems)|Winterbach(b Schorndorf)|Geradstetten|Grunbach|Beutelsbach|Endersbach|Stetten-Beinstein|Rommelshausen|Waiblingen|Fellbach,8005774,Stuttgart-Sommerrain,Baden-Württemberg,Stuttgart,70374,9.248369749,48.81521824,5,2608140800,,2608140801,,h,1,Bauarbeiten,,,,,,,0.0,1.0
-3592468245100533836-2608140812-4,7312,2608140824,2608140824,4,,S,S3,Stuttgart Hbf|Stuttgart-Bad Cannstatt|Stuttgart Nürnberger Str.,8005774,Stuttgart-Sommerrain,Baden-Württemberg,Stuttgart,70374,9.248369749,48.81521824,5,2608140824,,2608140824,,h,1,Störung,,,,,,,0.0,0.0
4710214702648447253-2608140820-4,7212,2608140829,2608140829,4,,S,S2,Stuttgart Hbf|Stuttgart-Bad Cannstatt|Stuttgart Nürnberger Str.,8005774,Stuttgart-Sommerrain,Baden-Württemberg,Stuttgart,70374,9.248369749,48.81521824,5,2608140835,,2608140836,,h,1,Bauarbeiten,,,,,,,6.0,7.0
-6750459440429737938-2608140755-4,7112,2608140804,2608140804,6,,S,S1,Stuttgart Hbf|Stuttgart-Bad Cannstatt|Stuttgart Neckarpark,8005775,Stuttgart-Untertürkheim Pbf,Baden-Württemberg,Stuttgart,70327,9.250467074,48.77984679,3,2608140805,,2608140805,,h,1,Störung,,,,,,,1.0,1.0
-7908498233924216314-2608140750-12,7115,2608140825,2608140825,5,,S,S1,Kirchheim(Teck)|Kirchheim(Teck)-Ötlingen|Wendlingen(Neckar)|Wernau(Neckar)|Plochingen|Altbach|Esslingen-Zell|Oberesslingen|Esslingen(Neckar)|Esslingen-Mettingen|Stuttgart-Obertürkheim,8005775,Stuttgart-Untertürkheim Pbf,Baden-Württemberg,Stuttgart,70327,9.250467074,48.77984679,3,2608140825,,2608140825,,h,1,Störung,,,,,p,p,0.0,0.0
2988814004659936288-2608140820-12,7117,2608140855,2608140855,5,,S,S1,Kirchheim(Teck)|Kirchheim(Teck)-Ötlingen|Wendlingen(Neckar)|Wernau(Neckar)|Plochingen|Altbach|Esslingen-Zell|Oberesslingen|Esslingen(Neckar)|Esslingen-Mettingen|Stuttgart-Obertürkheim,8005775,Stuttgart-Untertürkheim Pbf,Baden-Württemberg,Stuttgart,70327,9.250467074,48.77984679,3,2608140857,,2608140857,,h,1,Störung,,,,,p,p,2.0,2.0
7462677850950360621-2608140825-4,7114,2608140834,2608140834,6,,S,S1,Stuttgart Hbf|Stuttgart-Bad Cannstatt|Stuttgart Neckarpark,8005775,Stuttgart-Untertürkheim Pbf,Baden-Württemberg,Stuttgart,70327,9.250467074,48.77984679,3,2608140836,,2608140836,,h,1,Störung,,,,,,,2.0,2.0
-6417774412386429047-2608140833-7,7914,2608140850,,2,,S,,Filderstadt|Stuttgart Flughafen/Messe|Echterdingen|Leinfelden|Oberaichen|Stuttgart-Rohr,8005776,Stuttgart-Vaihingen,Baden-Württemberg,Stuttgart,70563,9.113913368,48.72698116,3,2608140851,,,,,,,,,,,,,1.0,0.0
7703218303646440626-2608140746-9,7714,2608140810,,3,,S,,Herrenberg|Nufringen|Gärtringen|Ehningen(b Böblingen)|Hulb|Böblingen|Goldberg(Württ)|Stuttgart-Rohr,8005776,Stuttgart-Vaihingen,Baden-Württemberg,Stuttgart,70563,9.113913368,48.72698116,3,2608140812,,,,,,,,,,,,,2.0,0.0
4580394534230796773-2608140805-1,7913,,2608140805,,,S,S2,,8005776,Stuttgart-Vaihingen,Baden-Württemberg,Stuttgart,70563,9.113913368,48.72698116,3,,,2608140805,,,,,,,,,,,0.0,0.0
-3878797200366538218-2608140833-2,28472,2608140841,2608140841,4,,RE,RESB,Böblingen,8005776,Stuttgart-Vaihingen,Baden-Württemberg,Stuttgart,70563,9.113913368,48.72698116,3,2608140847,,2608140849,,,,,,,,,,,6.0,8.0
7974787834467566145-2608140803-7,7912,2608140820,,2,,S,,Filderstadt|Stuttgart Flughafen/Messe|Echterdingen|Leinfelden|Oberaichen|Stuttgart-Rohr,8005776,Stuttgart-Vaihingen,Baden-Württemberg,Stuttgart,70563,9.113913368,48.72698116,3,2608140820,,,,,,,,,,,,,0.0,0.0
-5955935305381349706-2608140835-1,7915,,2608140835,,,S,S2,,8005776,Stuttgart-Vaihingen,Baden-Württemberg,Stuttgart,70563,9.113913368,48.72698116,3,,,2608140835,,,,,,,,,,,0.0,0.0
-1294247402093517647-2608140846-1,7715,,2608140846,,,S,S1,,8005776,Stuttgart-Vaihingen,Baden-Württemberg,Stuttgart,70563,9.113913368,48.72698116,3,,,2608140846,,,,,,,,,,,0.0,0.0
6806492799498595716-2608140817-2,17627,2608140830,2608140830,1,,RE,RE14b,Stuttgart Hbf,8005776,Stuttgart-Vaihingen,Baden-Württemberg,Stuttgart,70563,9.113913368,48.72698116,3,2608140834,,2608140835,,,,,,,,,,,4.0,5.0
5405057395916935106-2608140817-2,17629,2608140830,2608140830,1,,RE,RE14a,Stuttgart Hbf,8005776,Stuttgart-Vaihingen,Baden-Württemberg,Stuttgart,70563,9.113913368,48.72698116,3,2608140834,,2608140835,,h,2,Bauarbeiten,,,,,,,4.0,5.0
-1444193866381249599-2608140802-2,28473,2608140818,2608140818,4,,RE,RESB,Stuttgart Hbf,8005776,Stuttgart-Vaihingen,Baden-Württemberg,Stuttgart,70563,9.113913368,48.72698116,3,2608140823,,2608140824,,,,,,,,,,,5.0,6.0
-1939940434765765785-2608140816-9,7716,2608140840,,3,,S,,Herrenberg|Nufringen|Gärtringen|Ehningen(b Böblingen)|Hulb|Böblingen|Goldberg(Württ)|Stuttgart-Rohr,8005776,Stuttgart-Vaihingen,Baden-Württemberg,Stuttgart,70563,9.113913368,48.72698116,3,2608140845,,,,,,,,,,,,,5.0,0.0
4428035523306694897-2608140816-1,7713,,2608140816,,,S,S1,,8005776,Stuttgart-Vaihingen,Baden-Württemberg,Stuttgart,70563,9.113913368,48.72698116,3,,,2608140816,,,,,,,,,,,0.0,0.0
8022546424643450692-2608140817-7,7612,2608140833,2608140834,1,,S,S6,Stuttgart Hbf|Stuttgart Nordbahnhof|Stuttgart-Feuerbach|Stuttgart-Zuffenhausen|Neuwirtshaus(Porscheplatz)|Korntal,8006268,Stuttgart-Weilimdorf,Baden-Württemberg,Stuttgart,70499,9.094370086,48.82208429,5,2608140852,,2608140853,,,,,,,,,,,19.0,19.0
368607286846300048-2608140803-8,7615,2608140826,2608140826,2,,S,S6,Weil der Stadt|Malmsheim|Renningen|Rutesheim|Leonberg|Höfingen|Ditzingen,8006268,Stuttgart-Weilimdorf,Baden-Württemberg,Stuttgart,70499,9.094370086,48.82208429,5,2608140830,,2608140831,,,,,,,,,,,4.0,5.0
5803573868774258182-2608140833-8,7617,2608140856,2608140856,2,,S,S6,Weil der Stadt|Malmsheim|Renningen|Rutesheim|Leonberg|Höfingen|Ditzingen,8006268,Stuttgart-Weilimdorf,Baden-Württemberg,Stuttgart,70499,9.094370086,48.82208429,5,2608140857,,2608140858,,,,,,,,,,,1.0,2.0
-4552151844011388438-2608140838-5,7018,2608140848,2608140848,1,,S,S60,Stuttgart-Feuerbach|Stuttgart-Zuffenhausen|Neuwirtshaus(Porscheplatz)|Korntal,8006268,Stuttgart-Weilimdorf,Baden-Württemberg,Stuttgart,70499,9.094370086,48.82208429,5,2608140848,,2608140849,,,,,,,,,,,0.0,1.0
-5104000198219132669-2608140808-5,7016,2608140818,2608140818,1,,S,S60,Stuttgart-Feuerbach|Stuttgart-Zuffenhausen|Neuwirtshaus(Porscheplatz)|Korntal,8006268,Stuttgart-Weilimdorf,Baden-Württemberg,Stuttgart,70499,9.094370086,48.82208429,5,2608140819,,2608140819,,,,,,,,,,,1.0,1.0
7558420737718355302-2608140804-12,7013,2608140841,2608140841,2,,S,S60,Böblingen|Sindelfingen|Maichingen|Maichingen Nord|Magstadt|Renningen Süd|Renningen|Rutesheim|Leonberg|Höfingen|Ditzingen,8006268,Stuttgart-Weilimdorf,Baden-Württemberg,Stuttgart,70499,9.094370086,48.82208429,5,2608140841,,2608140842,,,,,,,,,,,0.0,1.0
3592955462745051107-2608140734-12,7011,2608140811,2608140811,2,,S,S60,Böblingen|Sindelfingen|Maichingen|Maichingen Nord|Magstadt|Renningen Süd|Renningen|Rutesheim|Leonberg|Höfingen|Ditzingen,8006268,Stuttgart-Weilimdorf,Baden-Württemberg,Stuttgart,70499,9.094370086,48.82208429,5,2608140811,,2608140812,,,,,,,,,,,0.0,1.0
6922079602389085921-2608140747-7,7610,2608140803,2608140804,1,,S,S6,Stuttgart Hbf|Stuttgart Nordbahnhof|Stuttgart-Feuerbach|Stuttgart-Zuffenhausen|Neuwirtshaus(Porscheplatz)|Korntal,8006268,Stuttgart-Weilimdorf,Baden-Württemberg,Stuttgart,70499,9.094370086,48.82208429,5,2608140807,,2608140808,,,,,,,,,,,4.0,4.0
-3998053100664762308-2608140807-6,7515,2608140823,2608140824,2,,S,S5,Bietigheim-Bissingen|Tamm(Württ)|Asperg|Ludwigsburg|Kornwestheim Pbf,8005778,Stuttgart-Zuffenhausen,Baden-Württemberg,Stuttgart,70435,9.167156375,48.82960884,3,2608140823,,2608140824,,,,,,,,,,,0.0,0.0
8022546424643450692-2608140817-4,7612,2608140826,2608140827,11,,S,S6,Stuttgart Hbf|Stuttgart Nordbahnhof|Stuttgart-Feuerbach,8005778,Stuttgart-Zuffenhausen,Baden-Württemberg,Stuttgart,70435,9.167156375,48.82960884,3,2608140844,,2608140846,,,,,,,,,,,18.0,19.0
-1072643669346294455-2608140837-6,7517,2608140853,2608140854,2,,S,S5,Bietigheim-Bissingen|Tamm(Württ)|Asperg|Ludwigsburg|Kornwestheim Pbf,8005778,Stuttgart-Zuffenhausen,Baden-Württemberg,Stuttgart,70435,9.167156375,48.82960884,3,2608140853,,2608140854,,,,,,,,,,,0.0,0.0
368607286846300048-2608140803-11,7615,2608140833,2608140834,12,,S,S6,Weil der Stadt|Malmsheim|Renningen|Rutesheim|Leonberg|Höfingen|Ditzingen|Weilimdorf|Korntal|Neuwirtshaus(Porscheplatz),8005778,Stuttgart-Zuffenhausen,Baden-Württemberg,Stuttgart,70435,9.167156375,48.82960884,3,2608140838,,2608140838,,,,,,,,,,,5.0,4.0
-8163811491625378496-2608140827-4,7514,2608140836,2608140837,4,,S,S5,Stuttgart Hbf|Stuttgart Nordbahnhof|Stuttgart-Feuerbach,8005778,Stuttgart-Zuffenhausen,Baden-Württemberg,Stuttgart,70435,9.167156375,48.82960884,3,2608140836,,2608140837,,,,,,,,,,,0.0,0.0
-4928326504801899421-2608140757-4,7512,2608140806,2608140807,4,,S,S5,Stuttgart Hbf|Stuttgart Nordbahnhof|Stuttgart-Feuerbach,8005778,Stuttgart-Zuffenhausen,Baden-Württemberg,Stuttgart,70435,9.167156375,48.82960884,3,2608140806,,2608140807,,,,,,,,,,,0.0,0.0
8931019133261020093-2608140847-4,7614,2608140856,2608140857,11,,S,S6,Stuttgart Hbf|Stuttgart Nordbahnhof|Stuttgart-Feuerbach,8005778,Stuttgart-Zuffenhausen,Baden-Württemberg,Stuttgart,70435,9.167156375,48.82960884,3,2608140856,,2608140857,,,,,,,,,,,0.0,0.0
-812051319324174666-2608140837-4,7412,2608140846,2608140847,4,,S,S4,Stuttgart Hbf|Stuttgart Nordbahnhof|Stuttgart-Feuerbach,8005778,Stuttgart-Zuffenhausen,Baden-Württemberg,Stuttgart,70435,9.167156375,48.82960884,3,2608140850,,2608140851,,,,,,,,,,,4.0,4.0
-1347709455583751185-2608140733-11,7613,2608140803,2608140804,12,,S,S6,Weil der Stadt|Malmsheim|Renningen|Rutesheim|Leonberg|Höfingen|Ditzingen|Weilimdorf|Korntal|Neuwirtshaus(Porscheplatz),8005778,Stuttgart-Zuffenhausen,Baden-Württemberg,Stuttgart,70435,9.167156375,48.82960884,3,2608140803,,2608140804,,,,,,,,,,,0.0,0.0
-4552151844011388438-2608140838-2,7018,2608140841,2608140841,12,,S,S60,Stuttgart-Feuerbach,8005778,Stuttgart-Zuffenhausen,Baden-Württemberg,Stuttgart,70435,9.167156375,48.82960884,3,2608140841,,2608140841,,,,,,,,,,,0.0,0.0
-5104000198219132669-2608140808-2,7016,2608140811,2608140811,12,,S,S60,Stuttgart-Feuerbach,8005778,Stuttgart-Zuffenhausen,Baden-Württemberg,Stuttgart,70435,9.167156375,48.82960884,3,2608140811,,2608140811,,,,,,,,,,,0.0,0.0
7558420737718355302-2608140804-15,7013,2608140848,2608140849,12,,S,S60,Böblingen|Sindelfingen|Maichingen|Maichingen Nord|Magstadt|Renningen Süd|Renningen|Rutesheim|Leonberg|Höfingen|Ditzingen|Weilimdorf|Korntal|Neuwirtshaus(Porscheplatz),8005778,Stuttgart-Zuffenhausen,Baden-Württemberg,Stuttgart,70435,9.167156375,48.82960884,3,2608140848,,2608140849,,,,,,,,,,,0.0,0.0
-3992047670892155392-2608140807-4,7410,2608140816,2608140817,4,,S,S4,Stuttgart Hbf|Stuttgart Nordbahnhof|Stuttgart-Feuerbach,8005778,Stuttgart-Zuffenhausen,Baden-Württemberg,Stuttgart,70435,9.167156375,48.82960884,3,2608140816,,2608140817,,,,,,,,,,,0.0,0.0
8970610329466681156-2608140733-11,7413,2608140813,2608140814,2,,S,S4,Backnang|Burgstall(Murr)|Kirchberg(Murr)|Erdmannhausen|Marbach(Neckar)|Benningen(Neckar)|Freiberg(Neckar)|Favoritepark|Ludwigsburg|Kornwestheim Pbf,8005778,Stuttgart-Zuffenhausen,Baden-Württemberg,Stuttgart,70435,9.167156375,48.82960884,3,2608140814,,2608140815,,,,,,,,,,,1.0,1.0
3592955462745051107-2608140734-15,7011,2608140818,2608140819,12,,S,S60,Böblingen|Sindelfingen|Maichingen|Maichingen Nord|Magstadt|Renningen Süd|Renningen|Rutesheim|Leonberg|Höfingen|Ditzingen|Weilimdorf|Korntal|Neuwirtshaus(Porscheplatz),8005778,Stuttgart-Zuffenhausen,Baden-Württemberg,Stuttgart,70435,9.167156375,48.82960884,3,2608140818,,2608140819,,,,,,,,,,,0.0,0.0
-1396515843662350065-2608140803-11,7415,2608140843,2608140844,2,,S,S4,Backnang|Burgstall(Murr)|Kirchberg(Murr)|Erdmannhausen|Marbach(Neckar)|Benningen(Neckar)|Freiberg(Neckar)|Favoritepark|Ludwigsburg|Kornwestheim Pbf,8005778,Stuttgart-Zuffenhausen,Baden-Württemberg,Stuttgart,70435,9.167156375,48.82960884,3,2608140844,,2608140845,,,,,,,,,,,1.0,1.0
-3998053100664762308-2608140807-2,7515,2608140810,2608140810,2,,S,S5,Bietigheim-Bissingen,8005820,Tamm (Württ),Baden-Württemberg,Tamm,71732,9.125288012,48.92187736,4,2608140810,,2608140810,,,,,,,,,,,0.0,0.0
-1072643669346294455-2608140837-2,7517,2608140840,2608140840,2,,S,S5,Bietigheim-Bissingen,8005820,Tamm (Württ),Baden-Württemberg,Tamm,71732,9.125288012,48.92187736,4,2608140840,,2608140841,,,,,,,,,,,0.0,1.0
-8163811491625378496-2608140827-8,7514,2608140850,2608140850,3,,S,S5,Stuttgart Hbf|Stuttgart Nordbahnhof|Stuttgart-Feuerbach|Stuttgart-Zuffenhausen|Kornwestheim Pbf|Ludwigsburg|Asperg,8005820,Tamm (Württ),Baden-Württemberg,Tamm,71732,9.125288012,48.92187736,4,2608140852,,2608140852,,,,,,,,,,,2.0,2.0
-4928326504801899421-2608140757-8,7512,2608140820,2608140820,3,,S,S5,Stuttgart Hbf|Stuttgart Nordbahnhof|Stuttgart-Feuerbach|Stuttgart-Zuffenhausen|Kornwestheim Pbf|Ludwigsburg|Asperg,8005820,Tamm (Württ),Baden-Württemberg,Tamm,71732,9.125288012,48.92187736,4,2608140820,,2608140820,,,,,,,,,,,0.0,0.0
6561689536681711014-2608140806-10,19412,2608140858,2608140858,6,,ARV,13,Aalen Hbf|Mögglingen(Gmünd)|Böbingen(Rems)|Schwäbisch Gmünd|Lorch(Württ)|Waldhausen(b Schorndorf)|Plüderhausen|Urbach(b Schorndorf)|Schorndorf,8000180,Waiblingen,Baden-Württemberg,Waiblingen,71332,9.300476874,48.8262444,3,2608140903,,2608140903,,h,2,Information,,,,,,,5.0,5.0
-5977532584477567391-2608140808-7,98228,2608140851,2608140852,,,ARV,90,Gaildorf West|Murrhardt|Sulzbach(Murr)|Oppenweiler(Württ)|Backnang|Winnenden,8000180,Waiblingen,Baden-Württemberg,Waiblingen,71332,9.300476874,48.8262444,3,2608140852,1,2608140853,1,,,,,,,,,,1.0,1.0
-5804237943130712983-2608140803-10,7215,2608140824,2608140825,5,,S,S2,Schorndorf|Weiler(Rems)|Winterbach(b Schorndorf)|Geradstetten|Grunbach|Beutelsbach|Endersbach|Stetten-Beinstein|Rommelshausen,8000180,Waiblingen,Baden-Württemberg,Waiblingen,71332,9.300476874,48.8262444,3,2608140826,,2608140826,,h,1,Bauarbeiten,,,,,,,2.0,1.0
-5128631246468454871-2608140833-10,7217,2608140854,2608140855,5,,S,S2,Schorndorf|Weiler(Rems)|Winterbach(b Schorndorf)|Geradstetten|Grunbach|Beutelsbach|Endersbach|Stetten-Beinstein|Rommelshausen,8000180,Waiblingen,Baden-Württemberg,Waiblingen,71332,9.300476874,48.8262444,3,2608140900,,2608140900,,h,1,Bauarbeiten,,,,,,,6.0,5.0
-6563980521276274745-2608140747-3,19407,2608140802,2608140802,6,,ARV,13,Stuttgart Hbf|Stuttgart-Bad Cannstatt,8000180,Waiblingen,Baden-Württemberg,Waiblingen,71332,9.300476874,48.8262444,3,2608140813,7,2608140813,7,h,2,Information,,,,,,,11.0,11.0
8832461638795716901-2608140841-7,7317,2608140859,2608140900,1,,S,S3,Backnang|Maubach|Nellmersbach|Winnenden|Schwaikheim|Neustadt-Hohenacker,8000180,Waiblingen,Baden-Württemberg,Waiblingen,71332,9.300476874,48.8262444,3,2608140859,,2608140901,,,,,,,,,,,0.0,1.0
7541219200353082561-2608140728-9,17512,2608140820,2608140821,1,,RB,MEX90,Gaildorf West|Fichtenberg|Fornsbach|Murrhardt|Sulzbach(Murr)|Oppenweiler(Württ)|Backnang|Winnenden,8000180,Waiblingen,Baden-Württemberg,Waiblingen,71332,9.300476874,48.8262444,3,2608140821,,2608140821,,h,1,Störung,,,,,,,1.0,0.0
-6826708456044057474-2608140811-7,7315,2608140829,2608140830,1,,S,S3,Backnang|Maubach|Nellmersbach|Winnenden|Schwaikheim|Neustadt-Hohenacker,8000180,Waiblingen,Baden-Württemberg,Waiblingen,71332,9.300476874,48.8262444,3,2608140830,,2608140830,,,,,,,,,,,1.0,0.0
1183603668671718907-2608140741-7,7313,2608140759,2608140800,1,,S,S3,Backnang|Maubach|Nellmersbach|Winnenden|Schwaikheim|Neustadt-Hohenacker,8000180,Waiblingen,Baden-Württemberg,Waiblingen,71332,9.300476874,48.8262444,3,2608140759,,2608140800,,h,1,Störung,,,,,,,0.0,0.0
8714151503779075708-2608140648-18,19454,2608140828,2608140828,6,,ARV,13,Crailsheim|Jagstzell|Ellwangen|Schrezheim|Schwabsberg|Goldshöfe|Hofen(b Aalen)|Wasseralfingen|Aalen Hbf|Mögglingen(Gmünd)|Böbingen(Rems)|Schwäbisch Gmünd|Lorch(Württ)|Waldhausen(b Schorndorf)|Plüderhausen|Urbach(b Schorndorf)|Schorndorf,8000180,Waiblingen,Baden-Württemberg,Waiblingen,71332,9.300476874,48.8262444,3,2608140832,,2608140832,,h,2,Information,,,,,,,4.0,4.0
-6338002183585841713-2608140842-6,7314,2608140859,2608140900,3,,S,S3,Stuttgart Hbf|Stuttgart-Bad Cannstatt|Stuttgart Nürnberger Str.|Stuttgart-Sommerrain|Fellbach,8000180,Waiblingen,Baden-Württemberg,Waiblingen,71332,9.300476874,48.8262444,3,2608140901,,2608140902,,,,,,,,,,,2.0,2.0
1921412709986473032-2608140820-3,19459,2608140832,2608140832,6,,ARV,13,Stuttgart Hbf|Stuttgart-Bad Cannstatt,8000180,Waiblingen,Baden-Württemberg,Waiblingen,71332,9.300476874,48.8262444,3,2608140846,7,2608140847,7,h,2,Information,,,,,,,14.0,15.0
1080395120727352298-2608140754-3,17511,2608140806,2608140807,3,,RB,MEX90,Stuttgart Hbf|Stuttgart-Bad Cannstatt,8000180,Waiblingen,Baden-Württemberg,Waiblingen,71332,9.300476874,48.8262444,3,2608140808,,2608140809,,h,1,Störung,,,,,,,2.0,2.0
2609828090178333250-2608140826-3,17515,2608140837,2608140838,3,,RB,MEX19,Stuttgart Hbf|Stuttgart-Bad Cannstatt,8000180,Waiblingen,Baden-Württemberg,Waiblingen,71332,9.300476874,48.8262444,3,2608140838,,2608140839,,,,,,,,,,,1.0,1.0
-8714228285082007604-2608140742-6,7310,2608140759,2608140800,3,,S,S3,Stuttgart Hbf|Stuttgart-Bad Cannstatt|Stuttgart Nürnberger Str.|Stuttgart-Sommerrain|Fellbach,8000180,Waiblingen,Baden-Württemberg,Waiblingen,71332,9.300476874,48.8262444,3,2608140804,,2608140805,,h,1,Störung,,,,,,,5.0,5.0
-3592468245100533836-2608140812-6,7312,2608140829,2608140830,3,,S,S3,Stuttgart Hbf|Stuttgart-Bad Cannstatt|Stuttgart Nürnberger Str.|Stuttgart-Sommerrain|Fellbach,8000180,Waiblingen,Baden-Württemberg,Waiblingen,71332,9.300476874,48.8262444,3,2608140829,,2608140830,,h,1,Störung,,,,,,,0.0,0.0
4710214702648447253-2608140820-6,7212,2608140834,2608140835,7,,S,S2,Stuttgart Hbf|Stuttgart-Bad Cannstatt|Stuttgart Nürnberger Str.|Stuttgart-Sommerrain|Fellbach,8000180,Waiblingen,Baden-Württemberg,Waiblingen,71332,9.300476874,48.8262444,3,2608140841,,2608140841,,h,1,Bauarbeiten,,,,,,,7.0,6.0
-6187813548789768480-2608140750-6,7210,2608140804,2608140805,7,,S,S2,Stuttgart Hbf|Stuttgart-Bad Cannstatt|Stuttgart Nürnberger Str.|Stuttgart-Sommerrain|Fellbach,8000180,Waiblingen,Baden-Württemberg,Waiblingen,71332,9.300476874,48.8262444,3,2608140808,,2608140809,,h,1,Bauarbeiten,,,,,,,4.0,4.0
-7167865627529423559-2608140810-5,26135,2608140828,2608140828,141,,SWE,RB76,Calw|Calw-Heumaden|Althengstett|Ostelsheim,8006271,Weil der Stadt,Baden-Württemberg,Weil der Stadt,71263,8.873189074,48.7557357,4,2608140828,,,,h,2,Störung,,,,,,,0.0,0.0
-7570451707251115799-2608140842-2,26136,2608140845,2608140847,141,,SWE,RB76,Renningen,8006271,Weil der Stadt,Baden-Württemberg,Weil der Stadt,71263,8.873189074,48.7557357,4,,,2608140847,,h,2,Störung,,,,,,,0.0,0.0
8022546424643450692-2608140817-14,7612,2608140857,,2,,S,,Stuttgart Hbf|Stuttgart Nordbahnhof|Stuttgart-Feuerbach|Stuttgart-Zuffenhausen|Neuwirtshaus(Porscheplatz)|Korntal|Weilimdorf|Ditzingen|Höfingen|Leonberg|Rutesheim|Renningen|Malmsheim,8006271,Weil der Stadt,Baden-Württemberg,Weil der Stadt,71263,8.873189074,48.7557357,4,2608140913,,,,,,,,,,,,,16.0,0.0
368607286846300048-2608140803-1,7615,,2608140803,,,S,S6,,8006271,Weil der Stadt,Baden-Württemberg,Weil der Stadt,71263,8.873189074,48.7557357,4,,,2608140803,,,,,,,,,,,0.0,0.0
-4903775298624183802-2608140817-1,26134,,2608140817,,,SWE,RB76,,8006271,Weil der Stadt,Baden-Württemberg,Weil der Stadt,71263,8.873189074,48.7557357,4,,,2608140817,,h,2,Störung,,,,,,,0.0,0.0
8187013246930390889-2608140840-5,26137,2608140858,,141,,SWE,,Calw|Calw-Heumaden|Althengstett|Ostelsheim,8006271,Weil der Stadt,Baden-Württemberg,Weil der Stadt,71263,8.873189074,48.7557357,4,2608140858,,,,h,2,Störung,,,,,,,0.0,0.0
5803573868774258182-2608140833-1,7617,,2608140833,,,S,S6,,8006271,Weil der Stadt,Baden-Württemberg,Weil der Stadt,71263,8.873189074,48.7557357,4,,,2608140834,,,,,,,,,,,0.0,1.0
6922079602389085921-2608140747-14,7610,2608140827,,2,,S,,Stuttgart Hbf|Stuttgart Nordbahnhof|Stuttgart-Feuerbach|Stuttgart-Zuffenhausen|Neuwirtshaus(Porscheplatz)|Korntal|Weilimdorf|Ditzingen|Höfingen|Leonberg|Rutesheim|Renningen|Malmsheim,8006271,Weil der Stadt,Baden-Württemberg,Weil der Stadt,71263,8.873189074,48.7557357,4,2608140828,,,,,,,,,,,,,1.0,0.0
-5804237943130712983-2608140803-2,7215,2608140806,2608140806,2,,S,S2,Schorndorf,8006277,Weiler (Rems),Baden-Württemberg,Schorndorf,76314,9.501891172,48.80034585,5,2608140807,,2608140808,,h,1,Bauarbeiten,,,,,,,1.0,2.0
-5128631246468454871-2608140833-2,7217,2608140836,2608140836,2,,S,S2,Schorndorf,8006277,Weiler (Rems),Baden-Württemberg,Schorndorf,76314,9.501891172,48.80034585,5,2608140842,,2608140842,,h,1,Bauarbeiten,,,,,,,6.0,6.0
4710214702648447253-2608140820-14,7212,2608140852,2608140852,1,,S,S2,Stuttgart Hbf|Stuttgart-Bad Cannstatt|Stuttgart Nürnberger Str.|Stuttgart-Sommerrain|Fellbach|Waiblingen|Rommelshausen|Stetten-Beinstein|Endersbach|Beutelsbach|Grunbach|Geradstetten|Winterbach(b Schorndorf),8006277,Weiler (Rems),Baden-Württemberg,Schorndorf,76314,9.501891172,48.80034585,5,2608140902,,2608140908,,h,1,Bauarbeiten,,,,,,,10.0,16.0
-6187813548789768480-2608140750-14,7210,2608140822,2608140822,1,,S,S2,Stuttgart Hbf|Stuttgart-Bad Cannstatt|Stuttgart Nürnberger Str.|Stuttgart-Sommerrain|Fellbach|Waiblingen|Rommelshausen|Stetten-Beinstein|Endersbach|Beutelsbach|Grunbach|Geradstetten|Winterbach(b Schorndorf),8006277,Weiler (Rems),Baden-Württemberg,Schorndorf,76314,9.501891172,48.80034585,5,2608140829,,2608140830,,h,1,Bauarbeiten,,,,,,,7.0,8.0
-6750459440429737938-2608140755-13,7112,2608140832,2608140833,11,,S,S1,Stuttgart Hbf|Stuttgart-Bad Cannstatt|Stuttgart Neckarpark|Stuttgart-Untertürkheim|Stuttgart-Obertürkheim|Esslingen-Mettingen|Esslingen(Neckar)|Oberesslingen|Esslingen-Zell|Altbach|Plochingen|Wernau(Neckar),8006331,Wendlingen (Neckar),Baden-Württemberg,Wendlingen am Neckar,73240,9.373662098,48.67368917,3,2608140836,12,,,h,1,Störung,,,,,,c,4.0,0.0
-8463276081222832610-2608140824-1,16047,,2608140824,,,RE,RE200,,8006331,Wendlingen (Neckar),Baden-Württemberg,Wendlingen am Neckar,73240,9.373662098,48.67368917,3,,,2608140833,,h,2,Störung,,,,,,,0.0,9.0
2988814004659936288-2608140820-3,7117,2608140827,2608140828,12,,S,S1,Kirchheim(Teck)|Kirchheim(Teck)-Ötlingen,8006331,Wendlingen (Neckar),Baden-Württemberg,Wendlingen am Neckar,73240,9.373662098,48.67368917,3,,,2608140834,,h,1,Störung,,,,,c,p,0.0,6.0
2394736871359748075-2608140725-13,7110,2608140802,2608140803,11,,S,S1,Stuttgart Hbf|Stuttgart-Bad Cannstatt|Stuttgart Neckarpark|Stuttgart-Untertürkheim|Stuttgart-Obertürkheim|Esslingen-Mettingen|Esslingen(Neckar)|Oberesslingen|Esslingen-Zell|Altbach|Plochingen|Wernau(Neckar),8006331,Wendlingen (Neckar),Baden-Württemberg,Wendlingen am Neckar,73240,9.373662098,48.67368917,3,2608140803,12,,,h,1,Störung,,,,,,c,1.0,0.0
-3441789533908263347-2608140850-3,7119,2608140857,2608140858,12,,S,S1,Kirchheim(Teck)|Kirchheim(Teck)-Ötlingen,8006331,Wendlingen (Neckar),Baden-Württemberg,Wendlingen am Neckar,73240,9.373662098,48.67368917,3,,,2608140858,,h,1,Störung,,,,,c,p,0.0,0.0
-3454291194238340076-2608140829-3,16048,2608140859,,3,,RE,,Ulm Hbf|Merklingen - Schwäbische Alb,8006331,Wendlingen (Neckar),Baden-Württemberg,Wendlingen am Neckar,73240,9.373662098,48.67368917,3,,,,,h,2,Störung,,,,,c,,0.0,0.0
-6750459440429737938-2608140755-12,7112,2608140828,2608140829,2,,S,S1,Stuttgart Hbf|Stuttgart-Bad Cannstatt|Stuttgart Neckarpark|Stuttgart-Untertürkheim|Stuttgart-Obertürkheim|Esslingen-Mettingen|Esslingen(Neckar)|Oberesslingen|Esslingen-Zell|Altbach|Plochingen,8006346,Wernau (Neckar),Baden-Württemberg,Wernau (Neckar),73249,9.413654423,48.69417221,4,2608140828,,2608140829,,h,1,Störung,,,,,,,0.0,0.0
-7908498233924216314-2608140750-4,7115,2608140801,2608140801,1,,S,S1,Kirchheim(Teck)|Kirchheim(Teck)-Ötlingen|Wendlingen(Neckar),8006346,Wernau (Neckar),Baden-Württemberg,Wernau (Neckar),73249,9.413654423,48.69417221,4,2608140803,,2608140803,,h,1,Störung,,,,,p,p,2.0,2.0
2988814004659936288-2608140820-4,7117,2608140831,2608140831,1,,S,S1,Kirchheim(Teck)|Kirchheim(Teck)-Ötlingen|Wendlingen(Neckar),8006346,Wernau (Neckar),Baden-Württemberg,Wernau (Neckar),73249,9.413654423,48.69417221,4,2608140837,,2608140837,,h,1,Störung,,,,,p,p,6.0,6.0
7462677850950360621-2608140825-12,7114,2608140858,2608140859,2,,S,S1,Stuttgart Hbf|Stuttgart-Bad Cannstatt|Stuttgart Neckarpark|Stuttgart-Untertürkheim|Stuttgart-Obertürkheim|Esslingen-Mettingen|Esslingen(Neckar)|Oberesslingen|Esslingen-Zell|Altbach|Plochingen,8006346,Wernau (Neckar),Baden-Württemberg,Wernau (Neckar),73249,9.413654423,48.69417221,4,2608140858,,2608140859,,h,1,Störung,,,,,,,0.0,0.0
-5977532584477567391-2608140808-6,98228,2608140844,2608140845,,,ARV,90,Gaildorf West|Murrhardt|Sulzbach(Murr)|Oppenweiler(Württ)|Backnang,8006479,Winnenden,Baden-Württemberg,Winnenden,71364,9.392155928,48.8795625,3,2608140845,3,2608140846,3,,,,,,,,,,1.0,1.0
8832461638795716901-2608140841-4,7317,2608140849,2608140850,3,,S,S3,Backnang|Maubach|Nellmersbach,8006479,Winnenden,Baden-Württemberg,Winnenden,71364,9.392155928,48.8795625,3,2608140849,,2608140850,,,,,,,,,,,0.0,0.0
7541219200353082561-2608140728-8,17512,2608140813,2608140814,3,,RB,MEX90,Gaildorf West|Fichtenberg|Fornsbach|Murrhardt|Sulzbach(Murr)|Oppenweiler(Württ)|Backnang,8006479,Winnenden,Baden-Württemberg,Winnenden,71364,9.392155928,48.8795625,3,2608140813,,2608140814,,h,1,Störung,,,,,,,0.0,0.0
-6826708456044057474-2608140811-4,7315,2608140819,2608140820,3,,S,S3,Backnang|Maubach|Nellmersbach,8006479,Winnenden,Baden-Württemberg,Winnenden,71364,9.392155928,48.8795625,3,2608140819,,2608140820,,,,,,,,,,,0.0,0.0
1080395120727352298-2608140754-4,17511,2608140813,2608140814,2,,RB,MEX90,Stuttgart Hbf|Stuttgart-Bad Cannstatt|Waiblingen,8006479,Winnenden,Baden-Württemberg,Winnenden,71364,9.392155928,48.8795625,3,2608140817,,2608140818,,h,1,Störung,,,,,,,4.0,4.0
2609828090178333250-2608140826-4,17515,2608140844,2608140845,2,,RB,MEX19,Stuttgart Hbf|Stuttgart-Bad Cannstatt|Waiblingen,8006479,Winnenden,Baden-Württemberg,Winnenden,71364,9.392155928,48.8795625,3,2608140845,,2608140846,,,,,,,,,,,1.0,1.0
-8714228285082007604-2608140742-9,7310,2608140809,2608140809,2,,S,S3,Stuttgart Hbf|Stuttgart-Bad Cannstatt|Stuttgart Nürnberger Str.|Stuttgart-Sommerrain|Fellbach|Waiblingen|Neustadt-Hohenacker|Schwaikheim,8006479,Winnenden,Baden-Württemberg,Winnenden,71364,9.392155928,48.8795625,3,2608140813,,2608140813,,h,1,Störung,,,,,,,4.0,4.0
-3592468245100533836-2608140812-9,7312,2608140839,2608140839,2,,S,S3,Stuttgart Hbf|Stuttgart-Bad Cannstatt|Stuttgart Nürnberger Str.|Stuttgart-Sommerrain|Fellbach|Waiblingen|Neustadt-Hohenacker|Schwaikheim,8006479,Winnenden,Baden-Württemberg,Winnenden,71364,9.392155928,48.8795625,3,2608140839,,2608140839,,h,1,Störung,,,,,,,0.0,0.0
-5804237943130712983-2608140803-3,7215,2608140808,2608140808,1,,S,S2,Schorndorf|Weiler(Rems),8006485,Winterbach (b Schorndorf),Baden-Württemberg,Winterbach,73650,9.481549751,48.79842743,4,2608140810,,2608140810,,h,1,Bauarbeiten,,,,,,,2.0,2.0
-5128631246468454871-2608140833-3,7217,2608140838,2608140838,1,,S,S2,Schorndorf|Weiler(Rems),8006485,Winterbach (b Schorndorf),Baden-Württemberg,Winterbach,73650,9.481549751,48.79842743,4,2608140844,,2608140844,,h,1,Bauarbeiten,,,,,,,6.0,6.0
4710214702648447253-2608140820-13,7212,2608140850,2608140850,2,,S,S2,Stuttgart Hbf|Stuttgart-Bad Cannstatt|Stuttgart Nürnberger Str.|Stuttgart-Sommerrain|Fellbach|Waiblingen|Rommelshausen|Stetten-Beinstein|Endersbach|Beutelsbach|Grunbach|Geradstetten,8006485,Winterbach (b Schorndorf),Baden-Württemberg,Winterbach,73650,9.481549751,48.79842743,4,2608140900,,2608140901,,h,1,Bauarbeiten,,,,,,,10.0,11.0
-6187813548789768480-2608140750-13,7210,2608140820,2608140820,2,,S,S2,Stuttgart Hbf|Stuttgart-Bad Cannstatt|Stuttgart Nürnberger Str.|Stuttgart-Sommerrain|Fellbach|Waiblingen|Rommelshausen|Stetten-Beinstein|Endersbach|Beutelsbach|Grunbach|Geradstetten,8006485,Winterbach (b Schorndorf),Baden-Württemberg,Winterbach,73650,9.481549751,48.79842743,4,2608140827,,2608140828,,h,1,Bauarbeiten,,,,,,,7.0,8.0
8606899540730814832-2608140738-12,7014,2608140815,2608140815,2,,S,S60,Stuttgart-Feuerbach|Stuttgart-Zuffenhausen|Neuwirtshaus(Porscheplatz)|Korntal|Weilimdorf|Ditzingen|Höfingen|Leonberg|Rutesheim|Renningen|Renningen Süd,8003807,Magstadt,Baden-Württemberg,Magstadt,71106,8.965315746,48.73616033,6,2608140817,,2608140818,,,,,,,,,,,2.0,3.0
9174048015743328640-2608140834-5,7015,2608140843,2608140844,1,,S,S60,Böblingen|Sindelfingen|Maichingen|Maichingen Nord,8003807,Magstadt,Baden-Württemberg,Magstadt,71106,8.965315746,48.73616033,6,2608140847,,2608140848,,,,,,,,,,,4.0,4.0
-5104000198219132669-2608140808-12,7016,2608140845,2608140845,2,,S,S60,Stuttgart-Feuerbach|Stuttgart-Zuffenhausen|Neuwirtshaus(Porscheplatz)|Korntal|Weilimdorf|Ditzingen|Höfingen|Leonberg|Rutesheim|Renningen|Renningen Süd,8003807,Magstadt,Baden-Württemberg,Magstadt,71106,8.965315746,48.73616033,6,2608140847,,2608140848,,,,,,,,,,,2.0,3.0
7558420737718355302-2608140804-5,7013,2608140813,2608140814,1,,S,S60,Böblingen|Sindelfingen|Maichingen|Maichingen Nord,8003807,Magstadt,Baden-Württemberg,Magstadt,71106,8.965315746,48.73616033,6,2608140813,,2608140814,,,,,,,,,,,0.0,0.0
8606899540730814832-2608140738-13,7014,2608140817,2608140817,2,,S,S60,Stuttgart-Feuerbach|Stuttgart-Zuffenhausen|Neuwirtshaus(Porscheplatz)|Korntal|Weilimdorf|Ditzingen|Höfingen|Leonberg|Rutesheim|Renningen|Renningen Süd|Magstadt,8003834,Maichingen Nord,Baden-Württemberg,Sindelfingen,71069,8.979416996,48.72750392,5,2608140819,,2608140820,,,,,,,,,,,2.0,3.0
9174048015743328640-2608140834-4,7015,2608140841,2608140841,1,,S,S60,Böblingen|Sindelfingen|Maichingen,8003834,Maichingen Nord,Baden-Württemberg,Sindelfingen,71069,8.979416996,48.72750392,5,2608140845,,2608140845,,,,,,,,,,,4.0,4.0
-5104000198219132669-2608140808-13,7016,2608140847,2608140847,2,,S,S60,Stuttgart-Feuerbach|Stuttgart-Zuffenhausen|Neuwirtshaus(Porscheplatz)|Korntal|Weilimdorf|Ditzingen|Höfingen|Leonberg|Rutesheim|Renningen|Renningen Süd|Magstadt,8003834,Maichingen Nord,Baden-Württemberg,Sindelfingen,71069,8.979416996,48.72750392,5,2608140849,,2608140849,,,,,,,,,,,2.0,2.0
7558420737718355302-2608140804-4,7013,2608140811,2608140811,1,,S,S60,Böblingen|Sindelfingen|Maichingen,8003834,Maichingen Nord,Baden-Württemberg,Sindelfingen,71069,8.979416996,48.72750392,5,2608140812,,2608140812,,,,,,,,,,,1.0,1.0
8606899540730814832-2608140738-14,7014,2608140819,2608140819,1,,S,S60,Stuttgart-Feuerbach|Stuttgart-Zuffenhausen|Neuwirtshaus(Porscheplatz)|Korntal|Weilimdorf|Ditzingen|Höfingen|Leonberg|Rutesheim|Renningen|Renningen Süd|Magstadt|Maichingen Nord,8003808,Maichingen,Baden-Württemberg,Sindelfingen,71069,8.969606704,48.72162074,6,2608140821,,2608140822,,,,,,,,,,,2.0,3.0
9174048015743328640-2608140834-3,7015,2608140839,2608140840,1,,S,S60,Böblingen|Sindelfingen,8003808,Maichingen,Baden-Württemberg,Sindelfingen,71069,8.969606704,48.72162074,6,2608140842,,2608140843,,,,,,,,,,,3.0,3.0
-5104000198219132669-2608140808-14,7016,2608140849,2608140849,1,,S,S60,Stuttgart-Feuerbach|Stuttgart-Zuffenhausen|Neuwirtshaus(Porscheplatz)|Korntal|Weilimdorf|Ditzingen|Höfingen|Leonberg|Rutesheim|Renningen|Renningen Süd|Magstadt|Maichingen Nord,8003808,Maichingen,Baden-Württemberg,Sindelfingen,71069,8.969606704,48.72162074,6,2608140851,,2608140852,,,,,,,,,,,2.0,3.0
7558420737718355302-2608140804-3,7013,2608140809,2608140810,1,,S,S60,Böblingen|Sindelfingen,8003808,Maichingen,Baden-Württemberg,Sindelfingen,71069,8.969606704,48.72162074,6,2608140810,,2608140810,,,,,,,,,,,1.0,0.0
8606899540730814832-2608140738-11,7014,2608140811,2608140811,2,,S,S60,Stuttgart-Feuerbach|Stuttgart-Zuffenhausen|Neuwirtshaus(Porscheplatz)|Korntal|Weilimdorf|Ditzingen|Höfingen|Leonberg|Rutesheim|Renningen,8005001,Renningen Süd,Baden-Württemberg,Renningen,71272,8.932068278,48.76261937,6,2608140813,,2608140813,,,,,,,,,,,2.0,2.0
9174048015743328640-2608140834-6,7015,2608140847,2608140848,1,,S,S60,Böblingen|Sindelfingen|Maichingen|Maichingen Nord|Magstadt,8005001,Renningen Süd,Baden-Württemberg,Renningen,71272,8.932068278,48.76261937,6,2608140851,,2608140852,,,,,,,,,,,4.0,4.0
-5104000198219132669-2608140808-11,7016,2608140841,2608140841,2,,S,S60,Stuttgart-Feuerbach|Stuttgart-Zuffenhausen|Neuwirtshaus(Porscheplatz)|Korntal|Weilimdorf|Ditzingen|Höfingen|Leonberg|Rutesheim|Renningen,8005001,Renningen Süd,Baden-Württemberg,Renningen,71272,8.932068278,48.76261937,6,2608140842,,2608140843,,,,,,,,,,,1.0,2.0
7558420737718355302-2608140804-6,7013,2608140817,2608140818,1,,S,S60,Böblingen|Sindelfingen|Maichingen|Maichingen Nord|Magstadt,8005001,Renningen Süd,Baden-Württemberg,Renningen,71272,8.932068278,48.76261937,6,2608140818,,2608140818,,,,,,,,,,,1.0,0.0
