ID,train_number,planned_arrival,planned_departure,planned_platform,planned_status,category_train,train,path,eva_nr,station_name,station_state,station_city,station_zipcode,station_long,station_lat,station_category,changed_arrival,changed_platform_arrival,changed_departure,changed_platform_departure,message_status,priority,info,arrival_hidden,departure_hidden,arrival_path,departure_path,arrival_status,departure_status,arrival_delay_m,departure_delay_m
-6176428807824195191-2608131525-10,7142,2608131550,2608131550,4,,S,S1,Stuttgart Hbf|Stuttgart-Bad Cannstatt|Stuttgart Neckarpark|Stuttgart-Untertürkheim|Stuttgart-Obertürkheim|Esslingen-Mettingen|Esslingen(Neckar)|Oberesslingen|Esslingen-Zell,8000508,Altbach,Baden-Württemberg,Altbach,73776,9.382434033,48.72031354,3,2608131550,,2608131550,,,,,,,,,,,0.0,0.0
6830165283023982751-2608131520-6,7145,2608131539,2608131540,3,,S,S1,Kirchheim(Teck)|Kirchheim(Teck)-Ötlingen|Wendlingen(Neckar)|Wernau(Neckar)|Plochingen,8000508,Altbach,Baden-Württemberg,Altbach,73776,9.382434033,48.72031354,3,2608131539,,2608131540,,,,,,,,,,,0.0,0.0
353565874858451215-2608131455-10,7140,2608131520,2608131520,4,,S,S1,Stuttgart Hbf|Stuttgart-Bad Cannstatt|Stuttgart Neckarpark|Stuttgart-Untertürkheim|Stuttgart-Obertürkheim|Esslingen-Mettingen|Esslingen(Neckar)|Oberesslingen|Esslingen-Zell,8000508,Altbach,Baden-Württemberg,Altbach,73776,9.382434033,48.72031354,3,2608131520,,2608131521,,,,,,,,,,,0.0,1.0
-275229670537218485-2608131450-6,7143,2608131509,2608131510,3,,S,S1,Kirchheim(Teck)|Kirchheim(Teck)-Ötlingen|Wendlingen(Neckar)|Wernau(Neckar)|Plochingen,8000508,Altbach,Baden-Württemberg,Altbach,73776,9.382434033,48.72031354,3,2608131509,,2608131510,,,,,,,,,,,0.0,0.0
4881326774039345551-2608131527-7,7542,2608131547,2608131547,4,,S,S5,Stuttgart Hbf|Stuttgart Nordbahnhof|Stuttgart-Feuerbach|Stuttgart-Zuffenhausen|Kornwestheim Pbf|Ludwigsburg,8000630,Asperg,Baden-Württemberg,Asperg,71679,9.147977466,48.90725609,4,2608131547,,2608131548,,,,,,,,,,,0.0,1.0
-8779513401122207470-2608131457-7,7540,2608131517,2608131517,4,,S,S5,Stuttgart Hbf|Stuttgart Nordbahnhof|Stuttgart-Feuerbach|Stuttgart-Zuffenhausen|Kornwestheim Pbf|Ludwigsburg,8000630,Asperg,Baden-Württemberg,Asperg,71679,9.147977466,48.90725609,4,2608131517,,2608131518,,,,,,,,,,,0.0,1.0
6801304589286144337-2608131537-3,7545,2608131542,2608131543,3,,S,S5,Bietigheim-Bissingen|Tamm(Württ),8000630,Asperg,Baden-Württemberg,Asperg,71679,9.147977466,48.90725609,4,2608131543,,2608131543,,,,,,,,,,,1.0,0.0
-4899815477540796252-2608131507-3,7543,2608131512,2608131513,3,,S,S5,Bietigheim-Bissingen|Tamm(Württ),8000630,Asperg,Baden-Württemberg,Asperg,71679,9.147977466,48.90725609,4,2608131513,,2608131513,,,,,,,,,,,1.0,0.0
1564432240333127755-2608131507-14,7438,2608131552,,1,,S,,Stuttgart Hbf|Stuttgart Nordbahnhof|Stuttgart-Feuerbach|Stuttgart-Zuffenhausen|Kornwestheim Pbf|Ludwigsburg|Favoritepark|Freiberg(Neckar)|Benningen(Neckar)|Marbach(Neckar)|Erdmannhausen|Kirchberg(Murr)|Burgstall(Murr),8000016,Backnang,Baden-Württemberg,Backnang,71522,9.425986107,48.94264844,3,2608131552,,,,,,,,,,,,,0.0,0.0
-262532238997337043-2608131512-12,7340,2608131548,,5,,S,,Stuttgart Hbf|Stuttgart-Bad Cannstatt|Stuttgart Nürnberger Str.|Stuttgart-Sommerrain|Fellbach|Waiblingen|Neustadt-Hohenacker|Schwaikheim|Winnenden|Nellmersbach|Maubach,8000016,Backnang,Baden-Württemberg,Backnang,71522,9.425986107,48.94264844,3,2608131548,,,,,,,,,,,,,0.0,0.0
-3924626970669458370-2608131541-1,7345,,2608131541,,,S,S3,,8000016,Backnang,Baden-Württemberg,Backnang,71522,9.425986107,48.94264844,3,,,2608131542,,,,,,,,,,,0.0,1.0
-4760696222469932619-2608131511-5,17544,2608131536,2608131537,4,,RE,MEX90,Gaildorf West|Murrhardt|Sulzbach(Murr)|Oppenweiler(Württ),8000016,Backnang,Baden-Württemberg,Backnang,71522,9.425986107,48.94264844,3,2608131538,,2608131538,,h,1,Störung,,,,,,,2.0,1.0
-8547743709603473957-2608131533-1,7445,,2608131533,,,S,S4,,8000016,Backnang,Baden-Württemberg,Backnang,71522,9.425986107,48.94264844,3,,,2608131533,,,,,,,,,,,0.0,0.0
-7104295840480841845-2608131437-14,7436,2608131522,,1,,S,,Stuttgart Hbf|Stuttgart Nordbahnhof|Stuttgart-Feuerbach|Stuttgart-Zuffenhausen|Kornwestheim Pbf|Ludwigsburg|Favoritepark|Freiberg(Neckar)|Benningen(Neckar)|Marbach(Neckar)|Erdmannhausen|Kirchberg(Murr)|Burgstall(Murr),8000016,Backnang,Baden-Württemberg,Backnang,71522,9.425986107,48.94264844,3,2608131522,,,,,,,,,,,,,0.0,0.0
-7289711712054290115-2608131511-1,7343,,2608131511,,,S,S3,,8000016,Backnang,Baden-Württemberg,Backnang,71522,9.425986107,48.94264844,3,,,2608131513,,,,,,,,,,,0.0,2.0
8044955983483320146-2608131442-12,7338,2608131518,,5,,S,,Stuttgart Hbf|Stuttgart-Bad Cannstatt|Stuttgart Nürnberger Str.|Stuttgart-Sommerrain|Fellbach|Waiblingen|Neustadt-Hohenacker|Schwaikheim|Winnenden|Nellmersbach|Maubach,8000016,Backnang,Baden-Württemberg,Backnang,71522,9.425986107,48.94264844,3,2608131518,,,,,,,,,,,,,0.0,0.0
3936577842997907070-2608131503-1,7443,,2608131503,,,S,S4,,8000016,Backnang,Baden-Württemberg,Backnang,71522,9.425986107,48.94264844,3,,,2608131503,,,,,,,,,,,0.0,0.0
-5888955761600089652-2608131552-1,17535,,2608131552,,,RB,MEX19,,8000016,Backnang,Baden-Württemberg,Backnang,71522,9.425986107,48.94264844,3,,,2608131556,3,,,,,,,,,,0.0,4.0
1209396742114750653-2608131432-7,17540,2608131506,,4,,RB,,Gaildorf West|Fichtenberg|Fornsbach|Murrhardt|Sulzbach(Murr)|Oppenweiler(Württ),8000016,Backnang,Baden-Württemberg,Backnang,71522,9.425986107,48.94264844,3,2608131510,3,,,,,,,,,,,,4.0,0.0
348413315187624753-2608131456-5,98233,2608131522,2608131524,,,ARV,RE90,Stuttgart Hbf|Stuttgart-Bad Cannstatt|Waiblingen|Winnenden,8000016,Backnang,Baden-Württemberg,Backnang,71522,9.425986107,48.94264844,3,2608131522,4,2608131524,4,h,2,Information,,,,,,,0.0,0.0
1564432240333127755-2608131507-9,7438,2608131532,2608131533,1,,S,S4,Stuttgart Hbf|Stuttgart Nordbahnhof|Stuttgart-Feuerbach|Stuttgart-Zuffenhausen|Kornwestheim Pbf|Ludwigsburg|Favoritepark|Freiberg(Neckar),8000873,Benningen (Neckar),Baden-Württemberg,Benningen am Neckar,71726,9.244299075,48.94379773,5,2608131533,,2608131534,,,,,,,,,,,1.0,1.0
-8547743709603473957-2608131533-6,7445,2608131557,2608131557,2,,S,S4,Backnang|Burgstall(Murr)|Kirchberg(Murr)|Erdmannhausen|Marbach(Neckar),8000873,Benningen (Neckar),Baden-Württemberg,Benningen am Neckar,71726,9.244299075,48.94379773,5,2608131557,,2608131558,,,,,,,,,,,0.0,1.0
-7104295840480841845-2608131437-9,7436,2608131502,2608131503,1,,S,S4,Stuttgart Hbf|Stuttgart Nordbahnhof|Stuttgart-Feuerbach|Stuttgart-Zuffenhausen|Kornwestheim Pbf|Ludwigsburg|Favoritepark|Freiberg(Neckar),8000873,Benningen (Neckar),Baden-Württemberg,Benningen am Neckar,71726,9.244299075,48.94379773,5,2608131503,,2608131503,,,,,,,,,,,1.0,0.0
3936577842997907070-2608131503-6,7443,2608131527,2608131527,2,,S,S4,Backnang|Burgstall(Murr)|Kirchberg(Murr)|Erdmannhausen|Marbach(Neckar),8000873,Benningen (Neckar),Baden-Württemberg,Benningen am Neckar,71726,9.244299075,48.94379773,5,2608131527,,2608131528,,,,,,,,,,,0.0,1.0
-1015302136173583321-2608131520-10,7240,2608131543,2608131543,1,,S,S2,Stuttgart Hbf|Stuttgart-Bad Cannstatt|Stuttgart Nürnberger Str.|Stuttgart-Sommerrain|Fellbach|Waiblingen|Rommelshausen|Stetten-Beinstein|Endersbach,8000934,Beutelsbach,Baden-Württemberg,Weinstadt,71384,9.38551589,48.81038925,5,2608131549,,2608131550,,h,1,Bauarbeiten,,,,,,,6.0,7.0
-3574262159782319876-2608131533-6,7245,2608131545,2608131545,2,,S,S2,Schorndorf|Weiler(Rems)|Winterbach(b Schorndorf)|Geradstetten|Grunbach,8000934,Beutelsbach,Baden-Württemberg,Weinstadt,71384,9.38551589,48.81038925,5,2608131545,,2608131546,,h,1,Bauarbeiten,,,,,,,0.0,1.0
-5212313388548223160-2608131450-10,7238,2608131513,2608131513,1,,S,S2,Stuttgart Hbf|Stuttgart-Bad Cannstatt|Stuttgart Nürnberger Str.|Stuttgart-Sommerrain|Fellbach|Waiblingen|Rommelshausen|Stetten-Beinstein|Endersbach,8000934,Beutelsbach,Baden-Württemberg,Weinstadt,71384,9.38551589,48.81038925,5,2608131513,,2608131514,,h,1,Bauarbeiten,,,,,,,0.0,1.0
-3934810304618796517-2608131503-6,7243,2608131515,2608131515,2,,S,S2,Schorndorf|Weiler(Rems)|Winterbach(b Schorndorf)|Geradstetten|Grunbach,8000934,Beutelsbach,Baden-Württemberg,Weinstadt,71384,9.38551589,48.81038925,5,2608131516,,2608131517,,h,1,Bauarbeiten,,,,,,,1.0,2.0
-5217524620660727830-2608131447-6,19234,2608131536,2608131536,10,,RE,MEX12,Plochingen|Esslingen(Neckar)|Stuttgart-Bad Cannstatt|Stuttgart Hbf|Ludwigsburg,8000038,Bietigheim-Bissingen,Baden-Württemberg,Bietigheim-Bissingen,74321,9.137217396,48.94794988,2,2608131537,,2608131538,,h,2,Bauarbeiten,,,,,,,1.0,2.0
4881326774039345551-2608131527-9,7542,2608131554,,,,S,,Stuttgart Hbf|Stuttgart Nordbahnhof|Stuttgart-Feuerbach|Stuttgart-Zuffenhausen|Kornwestheim Pbf|Ludwigsburg|Asperg|Tamm(Württ),8000038,Bietigheim-Bissingen,Baden-Württemberg,Bietigheim-Bissingen,74321,9.137217396,48.94794988,2,2608131554,6,,,,,,,,,,,,0.0,0.0
-8779513401122207470-2608131457-9,7540,2608131524,,,,S,,Stuttgart Hbf|Stuttgart Nordbahnhof|Stuttgart-Feuerbach|Stuttgart-Zuffenhausen|Kornwestheim Pbf|Ludwigsburg|Asperg|Tamm(Württ),8000038,Bietigheim-Bissingen,Baden-Württemberg,Bietigheim-Bissingen,74321,9.137217396,48.94794988,2,2608131525,6,,,,,,,,,,,,1.0,0.0
7941696835731553601-2608131457-7,19229,2608131522,2608131525,8,,RE,MEX12,Heilbronn Hbf|Nordheim(Württ)|Lauffen(Neckar)|Kirchheim(Neckar)|Walheim(Württ)|Besigheim,8000038,Bietigheim-Bissingen,Baden-Württemberg,Bietigheim-Bissingen,74321,9.137217396,48.94794988,2,2608131524,,2608131528,,h,2,Bauarbeiten,,,,,,,2.0,3.0
-8657431856316305604-2608131512-5,19322,2608131559,2608131600,10,,RE,MEX18,Plochingen|Esslingen(Neckar)|Kornwestheim Pbf|Ludwigsburg,8000038,Bietigheim-Bissingen,Baden-Württemberg,Bietigheim-Bissingen,74321,9.137217396,48.94794988,2,2608131559,,2608131600,,,,,,,,,,,0.0,0.0
-5154840345141904082-2608131514-12,19523,2608131550,,,,RE,,Pforzheim Hbf|Eutingen(Baden)|Niefern|Enzberg|Mühlacker|Mühlacker Rößlesweg|Illingen(Württ)|Vaihingen(Enz)|Sersheim|Sachsenheim|Ellental,8000038,Bietigheim-Bissingen,Baden-Württemberg,Bietigheim-Bissingen,74321,9.137217396,48.94794988,2,2608131551,7,,,,,,,,,,,,1.0,0.0
-4975755029774575573-2608131530-7,19325,2608131555,2608131557,8,,RE,MEX18,Heilbronn Hbf|Nordheim(Württ)|Lauffen(Neckar)|Kirchheim(Neckar)|Walheim(Württ)|Besigheim,8000038,Bietigheim-Bissingen,Baden-Württemberg,Bietigheim-Bissingen,74321,9.137217396,48.94794988,2,2608131557,,2608131559,,h,2,Störung,,,,,,,2.0,2.0
6801304589286144337-2608131537-1,7545,,2608131537,,,S,S5,,8000038,Bietigheim-Bissingen,Baden-Württemberg,Bietigheim-Bissingen,74321,9.137217396,48.94794988,2,,,2608131537,6,,,,,,,,,,0.0,0.0
3650925739678845207-2608131444-12,19561,2608131524,,7,,RE,,Pforzheim Hbf|Eutingen(Baden)|Niefern|Enzberg|Mühlacker|Mühlacker Rößlesweg|Illingen(Württ)|Vaihingen(Enz)|Sersheim|Sachsenheim|Ellental,8000038,Bietigheim-Bissingen,Baden-Württemberg,Bietigheim-Bissingen,74321,9.137217396,48.94794988,2,2608131526,,,,,,,,,,,,,2.0,0.0
-4899815477540796252-2608131507-1,7543,,2608131507,,,S,S5,,8000038,Bietigheim-Bissingen,Baden-Württemberg,Bietigheim-Bissingen,74321,9.137217396,48.94794988,2,,,2608131507,6,,,,,,,,,,0.0,0.0
-3066632685987049334-2608131506-3,20183,2608131540,,,,ARV,,Neckarsulm|Heilbronn Hbf,8000038,Bietigheim-Bissingen,Baden-Württemberg,Bietigheim-Bissingen,74321,9.137217396,48.94794988,2,2608131545,9,,,,,,,,,,,,5.0,0.0
-7589115565036461597-2608131509-2,99118,2608131516,2608131519,,,ARV,RE8,Ludwigsburg,8000038,Bietigheim-Bissingen,Baden-Württemberg,Bietigheim-Bissingen,74321,9.137217396,48.94794988,2,2608131516,10,2608131519,10,,,,,,,,,,0.0,0.0
4587245939226881744-2608131532-1,19568,,2608131532,,,RE,MEX17,,8000038,Bietigheim-Bissingen,Baden-Württemberg,Bietigheim-Bissingen,74321,9.137217396,48.94794988,2,,,2608131534,,,,,,,,,,,0.0,2.0
7607301762554796640-2608131504-1,19518,,2608131504,,,RE,MEX17,,8000038,Bietigheim-Bissingen,Baden-Württemberg,Bietigheim-Bissingen,74321,9.137217396,48.94794988,2,,,2608131504,3,,,,,,,,,,0.0,0.0
8565287427936331381-2608131412-5,19320,2608131459,2608131500,10,,RE,MEX18,Plochingen|Esslingen(Neckar)|Kornwestheim Pbf|Ludwigsburg,8000038,Bietigheim-Bissingen,Baden-Württemberg,Bietigheim-Bissingen,74321,9.137217396,48.94794988,2,2608131459,,2608131500,,,,,,,,,,,0.0,0.0
5473574269271434737-2608131402-10,17656,2608131520,2608131521,2,,RE,RE14a,Rottweil|Oberndorf(Neckar)|Sulz(Neckar)|Horb|Eutingen im Gäu|Ergenzingen|Bondorf(b Herrenberg)|Gäufelden|Herrenberg,8001055,Böblingen,Baden-Württemberg,Böblingen,71034,9.004531864,48.68784871,3,2608131520,,2608131521,,,,,,,,,,,0.0,0.0
6415427064152556957-2608131516-4,7741,2608131530,2608131530,4,,S,S1,Stuttgart-Vaihingen|Stuttgart-Rohr|Goldberg(Württ),8001055,Böblingen,Baden-Württemberg,Böblingen,71034,9.004531864,48.68784871,3,2608131532,,2608131532,,,,,,,,,,,2.0,2.0
2843072095921400644-2608131505-1,8120,,2608131505,,,WEG,RB46,,8001055,Böblingen,Baden-Württemberg,Böblingen,71034,9.004531864,48.68784871,3,,,2608131506,,,,,,,,,,,0.0,1.0
-8508751822761551890-2608131535-1,8124,,2608131535,,,WEG,RB46,,8001055,Böblingen,Baden-Württemberg,Böblingen,71034,9.004531864,48.68784871,3,,,2608131535,,,,,,,,,,,0.0,0.0
5474570967830411052-2608131516-6,7744,2608131530,2608131530,3,,S,S1,Herrenberg|Nufringen|Gärtringen|Ehningen(b Böblingen)|Hulb,8001055,Böblingen,Baden-Württemberg,Böblingen,71034,9.004531864,48.68784871,3,2608131531,,2608131532,,,,,,,,,,,1.0,2.0
-211123567369107864-2608131501-3,28487,2608131526,,2,,RE,,Stuttgart Hbf|Stuttgart-Vaihingen,8001055,Böblingen,Baden-Württemberg,Böblingen,71034,9.004531864,48.68784871,3,2608131529,,,,,,,,,,,,,3.0,0.0
8842144962351890374-2608131532-12,8125,2608131555,,1,,WEG,,Dettenhausen|Weil im Schönbuch Untere Halde|Weil im Schönbuch Röte|Weil im Schönbuch Troppel|Holzgerlingen Buch|Holzgerlingen Bf|Holzgerlingen Hülben|Böblingen Zimmerschlag|Böblingen Heusteigstr|Böblingen Südbf|Böblingen Danziger Str,8001055,Böblingen,Baden-Württemberg,Böblingen,71034,9.004531864,48.68784871,3,2608131555,,,,,,,,,,,,,0.0,0.0
4042720994330791298-2608131446-4,7739,2608131500,2608131500,4,,S,S1,Stuttgart-Vaihingen|Stuttgart-Rohr|Goldberg(Württ),8001055,Böblingen,Baden-Württemberg,Böblingen,71034,9.004531864,48.68784871,3,2608131501,,2608131502,,h,1,Störung,,,,,,,1.0,2.0
968865099586091217-2608131446-6,7742,2608131500,2608131500,3,,S,S1,Herrenberg|Nufringen|Gärtringen|Ehningen(b Böblingen)|Hulb,8001055,Böblingen,Baden-Württemberg,Böblingen,71034,9.004531864,48.68784871,3,2608131500,,2608131501,,h,1,Störung,,,,,,,0.0,1.0
-5323609184183399304-2608131508-16,7044,2608131556,,5,,S,,Stuttgart-Feuerbach|Stuttgart-Zuffenhausen|Neuwirtshaus(Porscheplatz)|Korntal|Weilimdorf|Ditzingen|Höfingen|Leonberg|Rutesheim|Renningen|Renningen Süd|Magstadt|Maichingen Nord|Maichingen|Sindelfingen,8001055,Böblingen,Baden-Württemberg,Böblingen,71034,9.004531864,48.68784871,3,2608131556,,,,,,,,,,,,,0.0,0.0
-8479896976705599840-2608131438-16,7042,2608131526,,5,,S,,Stuttgart-Feuerbach|Stuttgart-Zuffenhausen|Neuwirtshaus(Porscheplatz)|Korntal|Weilimdorf|Ditzingen|Höfingen|Leonberg|Rutesheim|Renningen|Renningen Süd|Magstadt|Maichingen Nord|Maichingen|Sindelfingen,8001055,Böblingen,Baden-Württemberg,Böblingen,71034,9.004531864,48.68784871,3,2608131527,,,,,,,,,,,,,1.0,0.0
-6317899099651385370-2608131534-1,7043,,2608131534,,,S,S60,,8001055,Böblingen,Baden-Württemberg,Böblingen,71034,9.004531864,48.68784871,3,,,2608131534,,,,,,,,,,,0.0,0.0
-5797445132084547113-2608131413-15,17658,2608131520,2608131521,2,,RE,RE14b,Freudenstadt Hbf|Grüntal-Wittlensweiler|Dornstetten-Aach|Dornstetten|Schopfloch(b Freudenstadt)|Bittelbronn|Horb-Heiligenfeld|Hochdorf(b Horb)|Eutingen Nord|Eutingen im Gäu|Ergenzingen|Bondorf(b Herrenberg)|Gäufelden|Herrenberg,8001055,Böblingen,Baden-Württemberg,Böblingen,71034,9.004531864,48.68784871,3,2608131520,,2608131521,,,,,,,,,,,0.0,0.0
8032313004423587334-2608131533-1,28486,,2608131533,,,RE,RESB,,8001055,Böblingen,Baden-Württemberg,Böblingen,71034,9.004531864,48.68784871,3,,,2608131536,,,,,,,,,,,0.0,3.0
1045285798858472014-2608131502-12,8121,2608131525,,1,,WEG,,Dettenhausen|Weil im Schönbuch Untere Halde|Weil im Schönbuch Röte|Weil im Schönbuch Troppel|Holzgerlingen Buch|Holzgerlingen Bf|Holzgerlingen Hülben|Böblingen Zimmerschlag|Böblingen Heusteigstr|Böblingen Südbf|Böblingen Danziger Str,8001055,Böblingen,Baden-Württemberg,Böblingen,71034,9.004531864,48.68784871,3,2608131525,,,,,,,,,,,,,0.0,0.0
7143365029900082015-2608131504-1,7041,,2608131504,,,S,S60,,8001055,Böblingen,Baden-Württemberg,Böblingen,71034,9.004531864,48.68784871,3,,,2608131504,,,,,,,,,,,0.0,0.0
1564432240333127755-2608131507-13,7438,2608131547,2608131547,1,,S,S4,Stuttgart Hbf|Stuttgart Nordbahnhof|Stuttgart-Feuerbach|Stuttgart-Zuffenhausen|Kornwestheim Pbf|Ludwigsburg|Favoritepark|Freiberg(Neckar)|Benningen(Neckar)|Marbach(Neckar)|Erdmannhausen|Kirchberg(Murr),8001296,Burgstall (Murr),Baden-Württemberg,Burgstetten,71576,9.36973562,48.92851826,6,2608131547,,2608131548,,,,,,,,,,,0.0,1.0
-8547743709603473957-2608131533-2,7445,2608131537,2608131538,1,,S,S4,Backnang,8001296,Burgstall (Murr),Baden-Württemberg,Burgstetten,71576,9.36973562,48.92851826,6,2608131537,,2608131538,,,,,,,,,,,0.0,0.0
-7104295840480841845-2608131437-13,7436,2608131517,2608131517,1,,S,S4,Stuttgart Hbf|Stuttgart Nordbahnhof|Stuttgart-Feuerbach|Stuttgart-Zuffenhausen|Kornwestheim Pbf|Ludwigsburg|Favoritepark|Freiberg(Neckar)|Benningen(Neckar)|Marbach(Neckar)|Erdmannhausen|Kirchberg(Murr),8001296,Burgstall (Murr),Baden-Württemberg,Burgstetten,71576,9.36973562,48.92851826,6,2608131517,,2608131518,,,,,,,,,,,0.0,1.0
3936577842997907070-2608131503-2,7443,2608131507,2608131508,1,,S,S4,Backnang,8001296,Burgstall (Murr),Baden-Württemberg,Burgstetten,71576,9.36973562,48.92851826,6,2608131508,,2608131508,,,,,,,,,,,1.0,0.0
-3711885420787930895-2608131447-8,7638,2608131506,2608131506,2,,S,S6,Stuttgart Hbf|Stuttgart Nordbahnhof|Stuttgart-Feuerbach|Stuttgart-Zuffenhausen|Neuwirtshaus(Porscheplatz)|Korntal|Weilimdorf,8001476,Ditzingen,Baden-Württemberg,Ditzingen,71254,9.067095186,48.82358726,4,2608131507,,2608131508,,,,,,,,,,,1.0,2.0
-4934377407582477101-2608131538-6,7046,2608131551,2608131551,2,,S,S60,Stuttgart-Feuerbach|Stuttgart-Zuffenhausen|Neuwirtshaus(Porscheplatz)|Korntal|Weilimdorf,8001476,Ditzingen,Baden-Württemberg,Ditzingen,71254,9.067095186,48.82358726,4,2608131551,,2608131552,,,,,,,,,,,0.0,1.0
-5444476258917657908-2608131503-7,7643,2608131524,2608131524,3,,S,S6,Weil der Stadt|Malmsheim|Renningen|Rutesheim|Leonberg|Höfingen,8001476,Ditzingen,Baden-Württemberg,Ditzingen,71254,9.067095186,48.82358726,4,2608131529,,2608131530,,,,,,,,,,,5.0,6.0
-3747023062711209303-2608131434-11,7039,2608131509,2608131509,3,,S,S60,Böblingen|Sindelfingen|Maichingen|Maichingen Nord|Magstadt|Renningen Süd|Renningen|Rutesheim|Leonberg|Höfingen,8001476,Ditzingen,Baden-Württemberg,Ditzingen,71254,9.067095186,48.82358726,4,2608131509,,2608131509,,,,,,,,,,,0.0,0.0
-1994958145249286083-2608131517-8,7640,2608131536,2608131536,2,,S,S6,Stuttgart Hbf|Stuttgart Nordbahnhof|Stuttgart-Feuerbach|Stuttgart-Zuffenhausen|Neuwirtshaus(Porscheplatz)|Korntal|Weilimdorf,8001476,Ditzingen,Baden-Württemberg,Ditzingen,71254,9.067095186,48.82358726,4,2608131537,,2608131538,,,,,,,,,,,1.0,2.0
-5323609184183399304-2608131508-6,7044,2608131521,2608131521,2,,S,S60,Stuttgart-Feuerbach|Stuttgart-Zuffenhausen|Neuwirtshaus(Porscheplatz)|Korntal|Weilimdorf,8001476,Ditzingen,Baden-Württemberg,Ditzingen,71254,9.067095186,48.82358726,4,2608131521,,2608131521,,,,,,,,,,,0.0,0.0
-3211478262182188991-2608131533-7,7645,2608131554,2608131554,3,,S,S6,Weil der Stadt|Malmsheim|Renningen|Rutesheim|Leonberg|Höfingen,8001476,Ditzingen,Baden-Württemberg,Ditzingen,71254,9.067095186,48.82358726,4,2608131554,,2608131554,,,,,,,,,,,0.0,0.0
7143365029900082015-2608131504-11,7041,2608131539,2608131539,3,,S,S60,Böblingen|Sindelfingen|Maichingen|Maichingen Nord|Magstadt|Renningen Süd|Renningen|Rutesheim|Leonberg|Höfingen,8001476,Ditzingen,Baden-Württemberg,Ditzingen,71254,9.067095186,48.82358726,4,2608131540,,2608131541,,,,,,,,,,,1.0,2.0
-5830863712080480053-2608131535-5,7943,2608131549,2608131550,1,,S,S2,Stuttgart-Vaihingen|Stuttgart-Rohr|Oberaichen|Leinfelden,8001650,Echterdingen,Baden-Württemberg,Echterdingen,70771,9.169307175,48.69214787,4,2608131549,,2608131550,,,,,,,,,,,0.0,0.0
4714297703339606135-2608131505-5,7941,2608131519,2608131520,1,,S,S2,Stuttgart-Vaihingen|Stuttgart-Rohr|Oberaichen|Leinfelden,8001650,Echterdingen,Baden-Württemberg,Echterdingen,70771,9.169307175,48.69214787,4,2608131519,,2608131520,,,,,,,,,,,0.0,0.0
2433953663782501013-2608131533-3,7942,2608131540,2608131540,2,,S,S2,Filderstadt|Stuttgart Flughafen/Messe,8001650,Echterdingen,Baden-Württemberg,Echterdingen,70771,9.169307175,48.69214787,4,2608131540,,2608131540,,,,,,,,,,,0.0,0.0
6321005766427466470-2608131503-3,7940,2608131510,2608131510,2,,S,S2,Filderstadt|Stuttgart Flughafen/Messe,8001650,Echterdingen,Baden-Württemberg,Echterdingen,70771,9.169307175,48.69214787,4,2608131510,,2608131510,,,,,,,,,,,0.0,0.0
6415427064152556957-2608131516-6,7741,2608131535,2608131535,2,,S,S1,Stuttgart-Vaihingen|Stuttgart-Rohr|Goldberg(Württ)|Böblingen|Hulb,8001689,Ehningen (b Böblingen),Baden-Württemberg,Ehningen,71139,8.944310368,48.66275549,4,2608131537,,2608131537,,,,,,,,,,,2.0,2.0
5474570967830411052-2608131516-4,7744,2608131525,2608131525,1,,S,S1,Herrenberg|Nufringen|Gärtringen,8001689,Ehningen (b Böblingen),Baden-Württemberg,Ehningen,71139,8.944310368,48.66275549,4,2608131526,,2608131526,,,,,,,,,,,1.0,1.0
4042720994330791298-2608131446-6,7739,2608131505,2608131505,2,,S,S1,Stuttgart-Vaihingen|Stuttgart-Rohr|Goldberg(Württ)|Böblingen|Hulb,8001689,Ehningen (b Böblingen),Baden-Württemberg,Ehningen,71139,8.944310368,48.66275549,4,2608131507,,2608131508,,h,1,Störung,,,,,,,2.0,3.0
4046308478119658372-2608131546-4,7746,2608131555,2608131555,1,,S,S1,Herrenberg|Nufringen|Gärtringen,8001689,Ehningen (b Böblingen),Baden-Württemberg,Ehningen,71139,8.944310368,48.66275549,4,2608131556,,2608131557,,,,,,,,,,,1.0,2.0
-1015302136173583321-2608131520-9,7240,2608131541,2608131541,2,,S,S2,Stuttgart Hbf|Stuttgart-Bad Cannstatt|Stuttgart Nürnberger Str.|Stuttgart-Sommerrain|Fellbach|Waiblingen|Rommelshausen|Stetten-Beinstein,8001785,Endersbach,Baden-Württemberg,Weinstadt,71384,9.370192421,48.81317323,4,2608131548,,2608131548,,h,1,Bauarbeiten,,,,,,,7.0,7.0
-3574262159782319876-2608131533-7,7245,2608131547,2608131547,3,,S,S2,Schorndorf|Weiler(Rems)|Winterbach(b Schorndorf)|Geradstetten|Grunbach|Beutelsbach,8001785,Endersbach,Baden-Württemberg,Weinstadt,71384,9.370192421,48.81317323,4,2608131547,,2608131547,,h,1,Bauarbeiten,,,,,,,0.0,0.0
-5212313388548223160-2608131450-9,7238,2608131511,2608131511,2,,S,S2,Stuttgart Hbf|Stuttgart-Bad Cannstatt|Stuttgart Nürnberger Str.|Stuttgart-Sommerrain|Fellbach|Waiblingen|Rommelshausen|Stetten-Beinstein,8001785,Endersbach,Baden-Württemberg,Weinstadt,71384,9.370192421,48.81317323,4,2608131512,,2608131512,,h,1,Bauarbeiten,,,,,,,1.0,1.0
-3934810304618796517-2608131503-7,7243,2608131517,2608131517,3,,S,S2,Schorndorf|Weiler(Rems)|Winterbach(b Schorndorf)|Geradstetten|Grunbach|Beutelsbach,8001785,Endersbach,Baden-Württemberg,Weinstadt,71384,9.370192421,48.81317323,4,2608131518,,2608131519,,h,1,Bauarbeiten,,,,,,,1.0,2.0
1564432240333127755-2608131507-11,7438,2608131540,2608131540,1,,S,S4,Stuttgart Hbf|Stuttgart Nordbahnhof|Stuttgart-Feuerbach|Stuttgart-Zuffenhausen|Kornwestheim Pbf|Ludwigsburg|Favoritepark|Freiberg(Neckar)|Benningen(Neckar)|Marbach(Neckar),8001827,Erdmannhausen,Baden-Württemberg,Erdmannhausen,71729,9.298930848,48.9483447,6,2608131540,,2608131541,,,,,,,,,,,0.0,1.0
-8547743709603473957-2608131533-4,7445,2608131547,2608131548,1,,S,S4,Backnang|Burgstall(Murr)|Kirchberg(Murr),8001827,Erdmannhausen,Baden-Württemberg,Erdmannhausen,71729,9.298930848,48.9483447,6,2608131548,,2608131548,,,,,,,,,,,1.0,0.0
-7104295840480841845-2608131437-11,7436,2608131510,2608131510,1,,S,S4,Stuttgart Hbf|Stuttgart Nordbahnhof|Stuttgart-Feuerbach|Stuttgart-Zuffenhausen|Kornwestheim Pbf|Ludwigsburg|Favoritepark|Freiberg(Neckar)|Benningen(Neckar)|Marbach(Neckar),8001827,Erdmannhausen,Baden-Württemberg,Erdmannhausen,71729,9.298930848,48.9483447,6,2608131510,,2608131511,,,,,,,,,,,0.0,1.0
3936577842997907070-2608131503-4,7443,2608131517,2608131518,1,,S,S4,Backnang|Burgstall(Murr)|Kirchberg(Murr),8001827,Erdmannhausen,Baden-Württemberg,Erdmannhausen,71729,9.298930848,48.9483447,6,2608131518,,2608131519,,,,,,,,,,,1.0,1.0
8125274319994745100-2608131053-8,2013,2608131508,2608131510,5,,ICE,,Köln Hbf|Bonn Hbf|Koblenz Hbf|Mainz Hbf|Mannheim Hbf|Heidelberg Hbf|Vaihingen(Enz),8001920,Esslingen (Neckar),Baden-Württemberg,Esslingen am Neckar,73728,9.300578149,48.73854148,3,2608131503,,2608131511,,,,,,,,,c,,-5.0,1.0
-8657431856316305604-2608131512-2,19322,2608131522,2608131523,3,,RE,MEX18,Plochingen,8001920,Esslingen (Neckar),Baden-Württemberg,Esslingen am Neckar,73728,9.300578149,48.73854148,3,2608131520,,2608131523,,,,,,,,,,,-2.0,0.0
-8779317592878223679-2608131503-3,19151,2608131517,2608131520,5,,ARV,MEX16,Stuttgart Hbf|Stuttgart-Bad Cannstatt,8001920,Esslingen (Neckar),Baden-Württemberg,Esslingen am Neckar,73728,9.300578149,48.73854148,3,2608131517,,2608131520,,,,,,,,,,,0.0,0.0
-4114242842381462175-2608131542-3,19153,2608131553,2608131554,5,,ARV,MEX16,Stuttgart Hbf|Stuttgart-Bad Cannstatt,8001920,Esslingen (Neckar),Baden-Württemberg,Esslingen am Neckar,73728,9.300578149,48.73854148,3,2608131557,,2608131558,,,,,,,,,,,4.0,4.0
-1547472601669555390-2608131430-10,19323,2608131534,2608131535,6,,RE,MEX18,Heilbronn Hbf|Nordheim(Württ)|Lauffen(Neckar)|Kirchheim(Neckar)|Walheim(Württ)|Besigheim|Bietigheim-Bissingen|Ludwigsburg|Kornwestheim Pbf,8001920,Esslingen (Neckar),Baden-Württemberg,Esslingen am Neckar,73728,9.300578149,48.73854148,3,2608131536,5,2608131537,5,h,2,Störung,,,,,,,2.0,2.0
-6176428807824195191-2608131525-7,7142,2608131542,2608131543,8,,S,S1,Stuttgart Hbf|Stuttgart-Bad Cannstatt|Stuttgart Neckarpark|Stuttgart-Untertürkheim|Stuttgart-Obertürkheim|Esslingen-Mettingen,8001920,Esslingen (Neckar),Baden-Württemberg,Esslingen am Neckar,73728,9.300578149,48.73854148,3,2608131542,,2608131543,,,,,,,,,,,0.0,0.0
-4055232889596422409-2608130803-23,118,2608131551,2608131558,2,,ICE,,Graz Hbf|Weststeiermark|St. Paul im Lavanttal|Klagenfurt Hbf|Velden am Wörther See|Villach Hbf|Spittal-Millstätter See|Mallnitz-Obervellach|Bad Gastein|Schwarzach-St.Veit|St. Johann im Pongau|Bischofshofen|Golling-Abtenau|Salzburg Hbf|Freilassing|Traunstein|Rosenheim|München Ost|München-Pasing|Augsburg Hbf|Günzburg|Ulm Hbf,8001920,Esslingen (Neckar),Baden-Württemberg,Esslingen am Neckar,73728,9.300578149,48.73854148,3,2608131551,,2608131558,,h,1,Information,,,,,,,0.0,0.0
109318085949003122-2608131537-2,4223,2608131545,2608131547,5,,RE,RE5,Stuttgart Hbf,8001920,Esslingen (Neckar),Baden-Württemberg,Esslingen am Neckar,73728,9.300578149,48.73854148,3,2608131545,,2608131547,,h,2,Störung,,,,,c,c,0.0,0.0
6830165283023982751-2608131520-9,7145,2608131547,2608131547,7,,S,S1,Kirchheim(Teck)|Kirchheim(Teck)-Ötlingen|Wendlingen(Neckar)|Wernau(Neckar)|Plochingen|Altbach|Esslingen-Zell|Oberesslingen,8001920,Esslingen (Neckar),Baden-Württemberg,Esslingen am Neckar,73728,9.300578149,48.73854148,3,2608131548,8,2608131549,8,,,,,,,,,,1.0,2.0
-2009053455241963144-2608131448-14,19150,2608131540,2608131540,3,,ARV,MEX16,Geislingen(Steige)|Geislingen(Steige)West|Kuchen|Gingen(Fils)|Süßen|Salach|Eislingen(Fils)|Göppingen|Faurndau|Uhingen|Ebersbach(Fils)|Reichenbach(Fils)|Plochingen,8001920,Esslingen (Neckar),Baden-Württemberg,Esslingen am Neckar,73728,9.300578149,48.73854148,3,2608131540,,2608131541,,,,,,,,,,,0.0,1.0
353565874858451215-2608131455-7,7140,2608131512,2608131513,8,,S,S1,Stuttgart Hbf|Stuttgart-Bad Cannstatt|Stuttgart Neckarpark|Stuttgart-Untertürkheim|Stuttgart-Obertürkheim|Esslingen-Mettingen,8001920,Esslingen (Neckar),Baden-Württemberg,Esslingen am Neckar,73728,9.300578149,48.73854148,3,2608131512,,2608131513,,,,,,,,,,,0.0,0.0
-275229670537218485-2608131450-9,7143,2608131517,2608131517,7,,S,S1,Kirchheim(Teck)|Kirchheim(Teck)-Ötlingen|Wendlingen(Neckar)|Wernau(Neckar)|Plochingen|Altbach|Esslingen-Zell|Oberesslingen,8001920,Esslingen (Neckar),Baden-Württemberg,Esslingen am Neckar,73728,9.300578149,48.73854148,3,2608131518,8,2608131519,8,,,,,,,,,,1.0,2.0
1459720362045900384-2608131235-5,216,2608131459,2608131507,2,,ICE,,Friedrichshafen Stadt|Ravensburg|Biberach(Riß)|Ulm Hbf,8001920,Esslingen (Neckar),Baden-Württemberg,Esslingen am Neckar,73728,9.300578149,48.73854148,3,2608131458,,2608131507,,,,,,,,,,,-1.0,0.0
6107646079787836440-2608131411-6,1095,2608131558,2608131600,5,,ICE,,Frankfurt(Main)Hbf|Darmstadt Hbf|Bensheim|Weinheim(Bergstr)Hbf|Heidelberg Hbf,8001920,Esslingen (Neckar),Baden-Württemberg,Esslingen am Neckar,73728,9.300578149,48.73854148,3,2608131606,,2608131609,,c,,,,,,,,,8.0,9.0
-5292522065650410408-2608131357-11,19227,2608131503,2608131505,6,,RE,MEX12,Heilbronn Hbf|Nordheim(Württ)|Lauffen(Neckar)|Kirchheim(Neckar)|Walheim(Württ)|Besigheim|Bietigheim-Bissingen|Ludwigsburg|Stuttgart Hbf|Stuttgart-Bad Cannstatt,8001920,Esslingen (Neckar),Baden-Württemberg,Esslingen am Neckar,73728,9.300578149,48.73854148,3,2608131505,8,2608131505,8,h,2,Störung,,,,,,,2.0,0.0
7108560216606641199-2608131303-12,4218,2608131509,2608131510,3,,RE,RE5,Friedrichshafen Stadt|Meckenbeuren|Ravensburg|Aulendorf|Bad Schussenried|Biberach(Riß)|Laupheim West|Ulm Hbf|Geislingen(Steige)|Göppingen|Plochingen,8001920,Esslingen (Neckar),Baden-Württemberg,Esslingen am Neckar,73728,9.300578149,48.73854148,3,2608131512,2,2608131513,2,h,2,Störung,,,,,,,3.0,3.0
-4109384904303364048-2608131547-2,19324,2608131553,2608131554,3,,RE,MEX18,Plochingen,8001920,Esslingen (Neckar),Baden-Württemberg,Esslingen am Neckar,73728,9.300578149,48.73854148,3,2608131553,,2608131554,,h,2,Störung,,,,,,,0.0,0.0
-4673584192066442283-2608131344-20,19148,2608131504,2608131505,3,,ARV,MEX16,Ulm Hbf|Beimerstetten|Westerstetten|Lonsee|Urspring|Amstetten(Württ)|Geislingen(Steige)|Geislingen(Steige)West|Kuchen|Gingen(Fils)|Süßen|Salach|Eislingen(Fils)|Göppingen|Faurndau|Uhingen|Ebersbach(Fils)|Reichenbach(Fils)|Plochingen,8001920,Esslingen (Neckar),Baden-Württemberg,Esslingen am Neckar,73728,9.300578149,48.73854148,3,2608131506,,2608131511,,,,,,,,,,,2.0,6.0
-5763151150910106247-2608131211-9,919,2608131548,2608131552,6,,ICE,,Dortmund Hbf|Essen Hbf|Duisburg Hbf|Düsseldorf Hbf|Köln Messe/Deutz Gl.11-12|Frankfurt(M) Flughafen Fernbf|Mannheim Hbf|Vaihingen(Enz),8001920,Esslingen (Neckar),Baden-Württemberg,Esslingen am Neckar,73728,9.300578149,48.73854148,3,2608131555,,2608131557,,c,,,,,,,,,7.0,5.0
-6176428807824195191-2608131525-6,7142,2608131539,2608131539,4,,S,S1,Stuttgart Hbf|Stuttgart-Bad Cannstatt|Stuttgart Neckarpark|Stuttgart-Untertürkheim|Stuttgart-Obertürkheim,8001921,Esslingen-Mettingen,Baden-Württemberg,Esslingen am Neckar,73733,9.275799007,48.74696655,3,2608131540,,2608131540,,,,,,,,,,,1.0,1.0
6830165283023982751-2608131520-10,7145,2608131549,2608131550,3,,S,S1,Kirchheim(Teck)|Kirchheim(Teck)-Ötlingen|Wendlingen(Neckar)|Wernau(Neckar)|Plochingen|Altbach|Esslingen-Zell|Oberesslingen|Esslingen(Neckar),8001921,Esslingen-Mettingen,Baden-Württemberg,Esslingen am Neckar,73733,9.275799007,48.74696655,3,2608131551,4,2608131551,4,,,,,,,,,,2.0,1.0
353565874858451215-2608131455-6,7140,2608131509,2608131509,4,,S,S1,Stuttgart Hbf|Stuttgart-Bad Cannstatt|Stuttgart Neckarpark|Stuttgart-Untertürkheim|Stuttgart-Obertürkheim,8001921,Esslingen-Mettingen,Baden-Württemberg,Esslingen am Neckar,73733,9.275799007,48.74696655,3,2608131510,,2608131511,,,,,,,,,,,1.0,2.0
-275229670537218485-2608131450-10,7143,2608131519,2608131520,3,,S,S1,Kirchheim(Teck)|Kirchheim(Teck)-Ötlingen|Wendlingen(Neckar)|Wernau(Neckar)|Plochingen|Altbach|Esslingen-Zell|Oberesslingen|Esslingen(Neckar),8001921,Esslingen-Mettingen,Baden-Württemberg,Esslingen am Neckar,73733,9.275799007,48.74696655,3,2608131521,4,2608131523,4,,,,,,,,,,2.0,3.0
-6176428807824195191-2608131525-9,7142,2608131547,2608131548,4,,S,S1,Stuttgart Hbf|Stuttgart-Bad Cannstatt|Stuttgart Neckarpark|Stuttgart-Untertürkheim|Stuttgart-Obertürkheim|Esslingen-Mettingen|Esslingen(Neckar)|Oberesslingen,8006642,Esslingen-Zell,Baden-Württemberg,Esslingen am Neckar,73730,9.359739507,48.72436142,3,2608131547,,2608131548,,,,,,,,,,,0.0,0.0
6830165283023982751-2608131520-7,7145,2608131542,2608131542,3,,S,S1,Kirchheim(Teck)|Kirchheim(Teck)-Ötlingen|Wendlingen(Neckar)|Wernau(Neckar)|Plochingen|Altbach,8006642,Esslingen-Zell,Baden-Württemberg,Esslingen am Neckar,73730,9.359739507,48.72436142,3,2608131542,,2608131542,,,,,,,,,,,0.0,0.0
353565874858451215-2608131455-9,7140,2608131517,2608131518,4,,S,S1,Stuttgart Hbf|Stuttgart-Bad Cannstatt|Stuttgart Neckarpark|Stuttgart-Untertürkheim|Stuttgart-Obertürkheim|Esslingen-Mettingen|Esslingen(Neckar)|Oberesslingen,8006642,Esslingen-Zell,Baden-Württemberg,Esslingen am Neckar,73730,9.359739507,48.72436142,3,2608131518,,2608131519,,,,,,,,,,,1.0,1.0
-275229670537218485-2608131450-7,7143,2608131512,2608131512,3,,S,S1,Kirchheim(Teck)|Kirchheim(Teck)-Ötlingen|Wendlingen(Neckar)|Wernau(Neckar)|Plochingen|Altbach,8006642,Esslingen-Zell,Baden-Württemberg,Esslingen am Neckar,73730,9.359739507,48.72436142,3,2608131512,,2608131513,,,,,,,,,,,0.0,1.0
1564432240333127755-2608131507-7,7438,2608131526,2608131526,1,,S,S4,Stuttgart Hbf|Stuttgart Nordbahnhof|Stuttgart-Feuerbach|Stuttgart-Zuffenhausen|Kornwestheim Pbf|Ludwigsburg,8001967,Favoritepark,Baden-Württemberg,Ludwigsburg,71634,9.180574277,48.90948451,5,2608131526,,2608131527,,,,,,,,,,,0.0,1.0
195941745446539029-2608131433-8,7441,2608131503,2608131504,2,,S,S4,Backnang|Burgstall(Murr)|Kirchberg(Murr)|Erdmannhausen|Marbach(Neckar)|Benningen(Neckar)|Freiberg(Neckar),8001967,Favoritepark,Baden-Württemberg,Ludwigsburg,71634,9.180574277,48.90948451,5,2608131503,,2608131505,,,,,,,,,,,0.0,1.0
-2365839264405796350-2608131537-7,7440,2608131556,2608131556,1,,S,S4,Stuttgart Hbf|Stuttgart Nordbahnhof|Stuttgart-Feuerbach|Stuttgart-Zuffenhausen|Kornwestheim Pbf|Ludwigsburg,8001967,Favoritepark,Baden-Württemberg,Ludwigsburg,71634,9.180574277,48.90948451,5,2608131557,,2608131557,,,,,,,,,,,1.0,1.0
3936577842997907070-2608131503-8,7443,2608131533,2608131534,2,,S,S4,Backnang|Burgstall(Murr)|Kirchberg(Murr)|Erdmannhausen|Marbach(Neckar)|Benningen(Neckar)|Freiberg(Neckar),8001967,Favoritepark,Baden-Württemberg,Ludwigsburg,71634,9.180574277,48.90948451,5,2608131534,,2608131535,,,,,,,,,,,1.0,1.0
-1516279282303081361-2608131542-5,7342,2608131556,2608131557,1,,S,S3,Stuttgart Hbf|Stuttgart-Bad Cannstatt|Stuttgart Nürnberger Str.|Stuttgart-Sommerrain,8001974,Fellbach,Baden-Württemberg,Fellbach,70736,9.270645988,48.8202936,3,2608131556,,2608131557,,,,,,,,,,,0.0,0.0
-262532238997337043-2608131512-5,7340,2608131526,2608131527,1,,S,S3,Stuttgart Hbf|Stuttgart-Bad Cannstatt|Stuttgart Nürnberger Str.|Stuttgart-Sommerrain,8001974,Fellbach,Baden-Württemberg,Fellbach,70736,9.270645988,48.8202936,3,2608131526,,2608131527,,,,,,,,,,,0.0,0.0
-1015302136173583321-2608131520-5,7240,2608131531,2608131532,1,,S,S2,Stuttgart Hbf|Stuttgart-Bad Cannstatt|Stuttgart Nürnberger Str.|Stuttgart-Sommerrain,8001974,Fellbach,Baden-Württemberg,Fellbach,70736,9.270645988,48.8202936,3,2608131534,,2608131535,,h,1,Bauarbeiten,,,,,,,3.0,3.0
-3574262159782319876-2608131533-11,7245,2608131557,2608131558,4,,S,S2,Schorndorf|Weiler(Rems)|Winterbach(b Schorndorf)|Geradstetten|Grunbach|Beutelsbach|Endersbach|Stetten-Beinstein|Rommelshausen|Waiblingen,8001974,Fellbach,Baden-Württemberg,Fellbach,70736,9.270645988,48.8202936,3,2608131557,,2608131558,,h,1,Bauarbeiten,,,,,,,0.0,0.0
-8962126915234620710-2608131441-8,7341,2608131502,2608131503,4,,S,S3,Backnang|Maubach|Nellmersbach|Winnenden|Schwaikheim|Neustadt-Hohenacker|Waiblingen,8001974,Fellbach,Baden-Württemberg,Fellbach,70736,9.270645988,48.8202936,3,2608131507,,2608131508,,,,,,,,,,,5.0,5.0
-7289711712054290115-2608131511-8,7343,2608131532,2608131533,4,,S,S3,Backnang|Maubach|Nellmersbach|Winnenden|Schwaikheim|Neustadt-Hohenacker|Waiblingen,8001974,Fellbach,Baden-Württemberg,Fellbach,70736,9.270645988,48.8202936,3,2608131534,,2608131536,,,,,,,,,,,2.0,3.0
-5212313388548223160-2608131450-5,7238,2608131501,2608131502,1,,S,S2,Stuttgart Hbf|Stuttgart-Bad Cannstatt|Stuttgart Nürnberger Str.|Stuttgart-Sommerrain,8001974,Fellbach,Baden-Württemberg,Fellbach,70736,9.270645988,48.8202936,3,2608131502,,2608131502,,h,1,Bauarbeiten,,,,,,,1.0,0.0
-3934810304618796517-2608131503-11,7243,2608131527,2608131528,4,,S,S2,Schorndorf|Weiler(Rems)|Winterbach(b Schorndorf)|Geradstetten|Grunbach|Beutelsbach|Endersbach|Stetten-Beinstein|Rommelshausen|Waiblingen,8001974,Fellbach,Baden-Württemberg,Fellbach,70736,9.270645988,48.8202936,3,2608131529,,2608131530,,h,1,Bauarbeiten,,,,,,,2.0,2.0
-5830863712080480053-2608131535-6,7943,2608131552,2608131553,1,,S,S2,Stuttgart-Vaihingen|Stuttgart-Rohr|Oberaichen|Leinfelden|Echterdingen,8005768,Stuttgart Flughafen/Messe,Baden-Württemberg,Leinfelden-Echterdingen,70629,9.193411574,48.69075193,4,2608131552,,2608131553,,,,,,,,,,,0.0,0.0
4714297703339606135-2608131505-6,7941,2608131522,2608131523,1,,S,S2,Stuttgart-Vaihingen|Stuttgart-Rohr|Oberaichen|Leinfelden|Echterdingen,8005768,Stuttgart Flughafen/Messe,Baden-Württemberg,Leinfelden-Echterdingen,70629,9.193411574,48.69075193,4,2608131522,,2608131523,,,,,,,,,,,0.0,0.0
2433953663782501013-2608131533-2,7942,2608131537,2608131538,2,,S,S2,Filderstadt,8005768,Stuttgart Flughafen/Messe,Baden-Württemberg,Leinfelden-Echterdingen,70629,9.193411574,48.69075193,4,2608131537,,2608131538,,,,,,,,,,,0.0,0.0
6321005766427466470-2608131503-2,7940,2608131507,2608131508,2,,S,S2,Filderstadt,8005768,Stuttgart Flughafen/Messe,Baden-Württemberg,Leinfelden-Echterdingen,70629,9.193411574,48.69075193,4,2608131507,,2608131508,,,,,,,,,,,0.0,0.0
1564432240333127755-2608131507-8,7438,2608131529,2608131529,3,,S,S4,Stuttgart Hbf|Stuttgart Nordbahnhof|Stuttgart-Feuerbach|Stuttgart-Zuffenhausen|Kornwestheim Pbf|Ludwigsburg|Favoritepark,8002065,Freiberg (Neckar),Baden-Württemberg,Freiberg am Neckar,71691,9.197530085,48.92994974,5,2608131529,,2608131530,,,,,,,,,,,0.0,1.0
195941745446539029-2608131433-7,7441,2608131500,2608131501,2,,S,S4,Backnang|Burgstall(Murr)|Kirchberg(Murr)|Erdmannhausen|Marbach(Neckar)|Benningen(Neckar),8002065,Freiberg (Neckar),Baden-Württemberg,Freiberg am Neckar,71691,9.197530085,48.92994974,5,2608131500,,2608131501,,,,,,,,,,,0.0,0.0
-2365839264405796350-2608131537-8,7440,2608131559,2608131559,3,,S,S4,Stuttgart Hbf|Stuttgart Nordbahnhof|Stuttgart-Feuerbach|Stuttgart-Zuffenhausen|Kornwestheim Pbf|Ludwigsburg|Favoritepark,8002065,Freiberg (Neckar),Baden-Württemberg,Freiberg am Neckar,71691,9.197530085,48.92994974,5,2608131600,,2608131600,,,,,,,,,,,1.0,1.0
3936577842997907070-2608131503-7,7443,2608131530,2608131531,2,,S,S4,Backnang|Burgstall(Murr)|Kirchberg(Murr)|Erdmannhausen|Marbach(Neckar)|Benningen(Neckar),8002065,Freiberg (Neckar),Baden-Württemberg,Freiberg am Neckar,71691,9.197530085,48.92994974,5,2608131531,,2608131532,,,,,,,,,,,1.0,1.0
6415427064152556957-2608131516-7,7741,2608131538,2608131538,1,,S,S1,Stuttgart-Vaihingen|Stuttgart-Rohr|Goldberg(Württ)|Böblingen|Hulb|Ehningen(b Böblingen),8002165,Gärtringen,Baden-Württemberg,Gärtringen,71116,8.908864487,48.64080021,5,2608131540,,2608131541,,,,,,,,,,,2.0,3.0
5474570967830411052-2608131516-3,7744,2608131522,2608131522,2,,S,S1,Herrenberg|Nufringen,8002165,Gärtringen,Baden-Württemberg,Gärtringen,71116,8.908864487,48.64080021,5,2608131523,,2608131523,,,,,,,,,,,1.0,1.0
4042720994330791298-2608131446-7,7739,2608131508,2608131508,1,,S,S1,Stuttgart-Vaihingen|Stuttgart-Rohr|Goldberg(Württ)|Böblingen|Hulb|Ehningen(b Böblingen),8002165,Gärtringen,Baden-Württemberg,Gärtringen,71116,8.908864487,48.64080021,5,2608131511,,2608131512,,h,1,Störung,,,,,,,3.0,4.0
4046308478119658372-2608131546-3,7746,2608131552,2608131552,2,,S,S1,Herrenberg|Nufringen,8002165,Gärtringen,Baden-Württemberg,Gärtringen,71116,8.908864487,48.64080021,5,2608131553,,2608131553,,,,,,,,,,,1.0,1.0
-1015302136173583321-2608131520-12,7240,2608131547,2608131547,2,,S,S2,Stuttgart Hbf|Stuttgart-Bad Cannstatt|Stuttgart Nürnberger Str.|Stuttgart-Sommerrain|Fellbach|Waiblingen|Rommelshausen|Stetten-Beinstein|Endersbach|Beutelsbach|Grunbach,8002240,Geradstetten,Baden-Württemberg,Remshalden,73630,9.439522346,48.80527689,5,2608131554,,2608131554,,h,1,Bauarbeiten,,,,,,,7.0,7.0
-3574262159782319876-2608131533-4,7245,2608131540,2608131541,1,,S,S2,Schorndorf|Weiler(Rems)|Winterbach(b Schorndorf),8002240,Geradstetten,Baden-Württemberg,Remshalden,73630,9.439522346,48.80527689,5,2608131540,,2608131541,,h,1,Bauarbeiten,,,,,,,0.0,0.0
-5212313388548223160-2608131450-12,7238,2608131517,2608131517,2,,S,S2,Stuttgart Hbf|Stuttgart-Bad Cannstatt|Stuttgart Nürnberger Str.|Stuttgart-Sommerrain|Fellbach|Waiblingen|Rommelshausen|Stetten-Beinstein|Endersbach|Beutelsbach|Grunbach,8002240,Geradstetten,Baden-Württemberg,Remshalden,73630,9.439522346,48.80527689,5,2608131518,,2608131519,,h,1,Bauarbeiten,,,,,,,1.0,2.0
-3934810304618796517-2608131503-4,7243,2608131510,2608131511,1,,S,S2,Schorndorf|Weiler(Rems)|Winterbach(b Schorndorf),8002240,Geradstetten,Baden-Württemberg,Remshalden,73630,9.439522346,48.80527689,5,2608131512,,2608131512,,h,1,Bauarbeiten,,,,,,,2.0,1.0
6415427064152556957-2608131516-3,7741,2608131528,2608131528,1,,S,S1,Stuttgart-Vaihingen|Stuttgart-Rohr,8005201,Goldberg,Baden-Württemberg,Böblingen,71032,9.019733387,48.69651581,5,2608131529,,2608131530,,,,,,,,,,,1.0,2.0
5474570967830411052-2608131516-7,7744,2608131532,2608131532,2,,S,S1,Herrenberg|Nufringen|Gärtringen|Ehningen(b Böblingen)|Hulb|Böblingen,8005201,Goldberg,Baden-Württemberg,Böblingen,71032,9.019733387,48.69651581,5,2608131534,,2608131535,,,,,,,,,,,2.0,3.0
968865099586091217-2608131446-7,7742,2608131502,2608131502,2,,S,S1,Herrenberg|Nufringen|Gärtringen|Ehningen(b Böblingen)|Hulb|Böblingen,8005201,Goldberg,Baden-Württemberg,Böblingen,71032,9.019733387,48.69651581,5,2608131502,,2608131503,,h,1,Störung,,,,,,,0.0,1.0
6036503238720280244-2608131546-3,7743,2608131558,2608131558,1,,S,S1,Stuttgart-Vaihingen|Stuttgart-Rohr,8005201,Goldberg,Baden-Württemberg,Böblingen,71032,9.019733387,48.69651581,5,2608131558,,2608131558,,,,,,,,,,,0.0,0.0
-1015302136173583321-2608131520-11,7240,2608131545,2608131545,3,,S,S2,Stuttgart Hbf|Stuttgart-Bad Cannstatt|Stuttgart Nürnberger Str.|Stuttgart-Sommerrain|Fellbach|Waiblingen|Rommelshausen|Stetten-Beinstein|Endersbach|Beutelsbach,8002448,Grunbach,Baden-Württemberg,Remshalden,73630,9.419580601,48.810414,4,2608131552,,2608131552,,h,1,Bauarbeiten,,,,,,,7.0,7.0
-3574262159782319876-2608131533-5,7245,2608131542,2608131543,2,,S,S2,Schorndorf|Weiler(Rems)|Winterbach(b Schorndorf)|Geradstetten,8002448,Grunbach,Baden-Württemberg,Remshalden,73630,9.419580601,48.810414,4,2608131542,,2608131543,,h,1,Bauarbeiten,,,,,,,0.0,0.0
-5212313388548223160-2608131450-11,7238,2608131515,2608131515,3,,S,S2,Stuttgart Hbf|Stuttgart-Bad Cannstatt|Stuttgart Nürnberger Str.|Stuttgart-Sommerrain|Fellbach|Waiblingen|Rommelshausen|Stetten-Beinstein|Endersbach|Beutelsbach,8002448,Grunbach,Baden-Württemberg,Remshalden,73630,9.419580601,48.810414,4,2608131516,,2608131516,,h,1,Bauarbeiten,,,,,,,1.0,1.0
-3934810304618796517-2608131503-5,7243,2608131512,2608131513,2,,S,S2,Schorndorf|Weiler(Rems)|Winterbach(b Schorndorf)|Geradstetten,8002448,Grunbach,Baden-Württemberg,Remshalden,73630,9.419580601,48.810414,4,2608131514,,2608131515,,h,1,Bauarbeiten,,,,,,,2.0,2.0
5473574269271434737-2608131402-9,17656,2608131510,2608131511,1,,RE,RE14a,Rottweil|Oberndorf(Neckar)|Sulz(Neckar)|Horb|Eutingen im Gäu|Ergenzingen|Bondorf(b Herrenberg)|Gäufelden,8002785,Herrenberg,Baden-Württemberg,Herrenberg,71083,8.862625253,48.59395697,3,2608131510,,2608131511,,,,,,,,,,,0.0,0.0
6415427064152556957-2608131516-9,7741,2608131545,,3,,S,,Stuttgart-Vaihingen|Stuttgart-Rohr|Goldberg(Württ)|Böblingen|Hulb|Ehningen(b Böblingen)|Gärtringen|Nufringen,8002785,Herrenberg,Baden-Württemberg,Herrenberg,71083,8.862625253,48.59395697,3,2608131546,,,,,,,,,,,,,1.0,0.0
-8729216117855869991-2608131519-1,22804,,2608131519,,,RB,RB63,,8002785,Herrenberg,Baden-Württemberg,Herrenberg,71083,8.862625253,48.59395697,3,,,2608131519,,h,3,Information,,,,,,,0.0,0.0
5474570967830411052-2608131516-1,7744,,2608131516,,,S,S1,,8002785,Herrenberg,Baden-Württemberg,Herrenberg,71083,8.862625253,48.59395697,3,,,2608131516,,,,,,,,,,,0.0,0.0
-3394379703841874122-2608131516-2,51989,2608131546,2608131547,4,,RE,IC87,Stuttgart Hbf,8002785,Herrenberg,Baden-Württemberg,Herrenberg,71083,8.862625253,48.59395697,3,2608131551,,2608131552,,h,2,Information,,,,,,,5.0,5.0
-1872163059534106509-2608131522-1,17649,,2608131522,,,RB,RB14a,,8002785,Herrenberg,Baden-Württemberg,Herrenberg,71083,8.862625253,48.59395697,3,,,2608131522,,,,,,,,,,,0.0,0.0
-1487088360243286486-2608131516-2,1989,2608131546,2608131547,4,,IC,,Stuttgart Hbf,8002785,Herrenberg,Baden-Württemberg,Herrenberg,71083,8.862625253,48.59395697,3,2608131551,,2608131552,,h,2,Information,,,,,,,5.0,5.0
4042720994330791298-2608131446-9,7739,2608131515,,3,,S,,Stuttgart-Vaihingen|Stuttgart-Rohr|Goldberg(Württ)|Böblingen|Hulb|Ehningen(b Böblingen)|Gärtringen|Nufringen,8002785,Herrenberg,Baden-Württemberg,Herrenberg,71083,8.862625253,48.59395697,3,2608131518,,,,h,1,Störung,,,,,,,3.0,0.0
4046308478119658372-2608131546-1,7746,,2608131546,,,S,S1,,8002785,Herrenberg,Baden-Württemberg,Herrenberg,71083,8.862625253,48.59395697,3,,,2608131546,,,,,,,,,,,0.0,0.0
-433551987987786599-2608131511-10,22809,2608131541,,102,,RB,,Tübingen Hbf|Tübingen West|Unterjesingen Sandäcker|Unterjesingen Mitte|Pfäffingen|Entringen|Altingen(Württ)|Gültstein|Herrenberg Zwerchweg,8002785,Herrenberg,Baden-Württemberg,Herrenberg,71083,8.862625253,48.59395697,3,2608131541,,,,h,3,Information,,,,,,,0.0,0.0
6223539865725859956-2608131549-1,22810,,2608131549,,,RB,RB63,,8002785,Herrenberg,Baden-Württemberg,Herrenberg,71083,8.862625253,48.59395697,3,,,2608131549,,h,3,Information,,,,,,,0.0,0.0
4328300157563216587-2608131441-10,22805,2608131511,,102,,RB,,Tübingen Hbf|Tübingen West|Unterjesingen Sandäcker|Unterjesingen Mitte|Pfäffingen|Entringen|Altingen(Württ)|Gültstein|Herrenberg Zwerchweg,8002785,Herrenberg,Baden-Württemberg,Herrenberg,71083,8.862625253,48.59395697,3,2608131512,,,,h,3,Information,,,,,,,1.0,0.0
-5797445132084547113-2608131413-14,17658,2608131510,2608131511,1,,RE,RE14b,Freudenstadt Hbf|Grüntal-Wittlensweiler|Dornstetten-Aach|Dornstetten|Schopfloch(b Freudenstadt)|Bittelbronn|Horb-Heiligenfeld|Hochdorf(b Horb)|Eutingen Nord|Eutingen im Gäu|Ergenzingen|Bondorf(b Herrenberg)|Gäufelden,8002785,Herrenberg,Baden-Württemberg,Herrenberg,71083,8.862625253,48.59395697,3,2608131510,,2608131511,,,,,,,,,,,0.0,0.0
-3711885420787930895-2608131447-9,7638,2608131509,2608131509,2,,S,S6,Stuttgart Hbf|Stuttgart Nordbahnhof|Stuttgart-Feuerbach|Stuttgart-Zuffenhausen|Neuwirtshaus(Porscheplatz)|Korntal|Weilimdorf|Ditzingen,8002892,Höfingen,Baden-Württemberg,Leonberg,71229,9.026180834,48.81503436,5,2608131510,,2608131511,,,,,,,,,,,1.0,2.0
-4934377407582477101-2608131538-7,7046,2608131554,2608131554,2,,S,S60,Stuttgart-Feuerbach|Stuttgart-Zuffenhausen|Neuwirtshaus(Porscheplatz)|Korntal|Weilimdorf|Ditzingen,8002892,Höfingen,Baden-Württemberg,Leonberg,71229,9.026180834,48.81503436,5,2608131554,,2608131555,,,,,,,,,,,0.0,1.0
-5444476258917657908-2608131503-6,7643,2608131520,2608131521,1,,S,S6,Weil der Stadt|Malmsheim|Renningen|Rutesheim|Leonberg,8002892,Höfingen,Baden-Württemberg,Leonberg,71229,9.026180834,48.81503436,5,2608131526,,2608131527,,,,,,,,,,,6.0,6.0
-3747023062711209303-2608131434-10,7039,2608131505,2608131506,1,,S,S60,Böblingen|Sindelfingen|Maichingen|Maichingen Nord|Magstadt|Renningen Süd|Renningen|Rutesheim|Leonberg,8002892,Höfingen,Baden-Württemberg,Leonberg,71229,9.026180834,48.81503436,5,2608131506,,2608131507,,,,,,,,,,,1.0,1.0
-1994958145249286083-2608131517-9,7640,2608131539,2608131539,2,,S,S6,Stuttgart Hbf|Stuttgart Nordbahnhof|Stuttgart-Feuerbach|Stuttgart-Zuffenhausen|Neuwirtshaus(Porscheplatz)|Korntal|Weilimdorf|Ditzingen,8002892,Höfingen,Baden-Württemberg,Leonberg,71229,9.026180834,48.81503436,5,2608131540,,2608131542,,,,,,,,,,,1.0,3.0
-5323609184183399304-2608131508-7,7044,2608131524,2608131524,2,,S,S60,Stuttgart-Feuerbach|Stuttgart-Zuffenhausen|Neuwirtshaus(Porscheplatz)|Korntal|Weilimdorf|Ditzingen,8002892,Höfingen,Baden-Württemberg,Leonberg,71229,9.026180834,48.81503436,5,2608131524,,2608131525,,,,,,,,,,,0.0,1.0
-3211478262182188991-2608131533-6,7645,2608131550,2608131551,1,,S,S6,Weil der Stadt|Malmsheim|Renningen|Rutesheim|Leonberg,8002892,Höfingen,Baden-Württemberg,Leonberg,71229,9.026180834,48.81503436,5,2608131551,,2608131552,,,,,,,,,,,1.0,1.0
7143365029900082015-2608131504-10,7041,2608131535,2608131536,1,,S,S60,Böblingen|Sindelfingen|Maichingen|Maichingen Nord|Magstadt|Renningen Süd|Renningen|Rutesheim|Leonberg,8002892,Höfingen,Baden-Württemberg,Leonberg,71229,9.026180834,48.81503436,5,2608131537,,2608131538,,,,,,,,,,,2.0,2.0
6415427064152556957-2608131516-5,7741,2608131532,2608131532,1,,S,S1,Stuttgart-Vaihingen|Stuttgart-Rohr|Goldberg(Württ)|Böblingen,8003022,Hulb,Baden-Württemberg,Böblingen-Hulb,71032,8.982396429,48.67924173,5,2608131534,,2608131534,,,,,,,,,,,2.0,2.0
5474570967830411052-2608131516-5,7744,2608131528,2608131528,2,,S,S1,Herrenberg|Nufringen|Gärtringen|Ehningen(b Böblingen),8003022,Hulb,Baden-Württemberg,Böblingen-Hulb,71032,8.982396429,48.67924173,5,2608131528,,2608131529,,,,,,,,,,,0.0,1.0
4042720994330791298-2608131446-5,7739,2608131502,2608131502,1,,S,S1,Stuttgart-Vaihingen|Stuttgart-Rohr|Goldberg(Württ)|Böblingen,8003022,Hulb,Baden-Württemberg,Böblingen-Hulb,71032,8.982396429,48.67924173,5,2608131504,,2608131505,,h,1,Störung,,,,,,,2.0,3.0
4046308478119658372-2608131546-5,7746,2608131558,2608131558,2,,S,S1,Herrenberg|Nufringen|Gärtringen|Ehningen(b Böblingen),8003022,Hulb,Baden-Württemberg,Böblingen-Hulb,71032,8.982396429,48.67924173,5,2608131559,,2608131600,,,,,,,,,,,1.0,2.0
-5830863712080480053-2608131535-7,7943,2608131557,,1,,S,,Stuttgart-Vaihingen|Stuttgart-Rohr|Oberaichen|Leinfelden|Echterdingen|Stuttgart Flughafen/Messe,8001984,Filderstadt,Baden-Württemberg,Filderstadt,70794,9.217581315,48.67649151,5,2608131557,,,,,,,,,,,,,0.0,0.0
4714297703339606135-2608131505-7,7941,2608131527,,1,,S,,Stuttgart-Vaihingen|Stuttgart-Rohr|Oberaichen|Leinfelden|Echterdingen|Stuttgart Flughafen/Messe,8001984,Filderstadt,Baden-Württemberg,Filderstadt,70794,9.217581315,48.67649151,5,2608131527,,,,,,,,,,,,,0.0,0.0
2433953663782501013-2608131533-1,7942,,2608131533,,,S,S2,,8001984,Filderstadt,Baden-Württemberg,Filderstadt,70794,9.217581315,48.67649151,5,,,2608131533,,,,,,,,,,,0.0,0.0
6321005766427466470-2608131503-1,7940,,2608131503,,,S,S2,,8001984,Filderstadt,Baden-Württemberg,Filderstadt,70794,9.217581315,48.67649151,5,,,2608131503,,,,,,,,,,,0.0,0.0
1564432240333127755-2608131507-12,7438,2608131543,2608131543,2,,S,S4,Stuttgart Hbf|Stuttgart Nordbahnhof|Stuttgart-Feuerbach|Stuttgart-Zuffenhausen|Kornwestheim Pbf|Ludwigsburg|Favoritepark|Freiberg(Neckar)|Benningen(Neckar)|Marbach(Neckar)|Erdmannhausen,8003266,Kirchberg (Murr),Baden-Württemberg,Kirchberg an der Murr,71737,9.328210283,48.93928182,6,2608131543,,2608131544,,,,,,,,,,,0.0,1.0
-8547743709603473957-2608131533-3,7445,2608131542,2608131545,1,,S,S4,Backnang|Burgstall(Murr),8003266,Kirchberg (Murr),Baden-Württemberg,Kirchberg an der Murr,71737,9.328210283,48.93928182,6,2608131542,,2608131545,,,,,,,,,,,0.0,0.0
-7104295840480841845-2608131437-12,7436,2608131513,2608131513,2,,S,S4,Stuttgart Hbf|Stuttgart Nordbahnhof|Stuttgart-Feuerbach|Stuttgart-Zuffenhausen|Kornwestheim Pbf|Ludwigsburg|Favoritepark|Freiberg(Neckar)|Benningen(Neckar)|Marbach(Neckar)|Erdmannhausen,8003266,Kirchberg (Murr),Baden-Württemberg,Kirchberg an der Murr,71737,9.328210283,48.93928182,6,2608131513,,2608131514,,,,,,,,,,,0.0,1.0
3936577842997907070-2608131503-3,7443,2608131512,2608131515,1,,S,S4,Backnang|Burgstall(Murr),8003266,Kirchberg (Murr),Baden-Württemberg,Kirchberg an der Murr,71737,9.328210283,48.93928182,6,2608131512,,2608131516,,,,,,,,,,,0.0,1.0
-5286310659195805286-2608131425-15,7138,2608131509,,2,,S,,Stuttgart Hbf|Stuttgart-Bad Cannstatt|Stuttgart Neckarpark|Stuttgart-Untertürkheim|Stuttgart-Obertürkheim|Esslingen-Mettingen|Esslingen(Neckar)|Oberesslingen|Esslingen-Zell|Altbach|Plochingen|Wernau(Neckar)|Wendlingen(Neckar)|Kirchheim(Teck)-Ötlingen,8003280,Kirchheim (Teck),Baden-Württemberg,Kirchheim unter Teck,73230,9.443872422,48.64415981,4,2608131510,,,,,,,,,,,,,1.0,0.0
1255819436634870887-2608131454-7,37970,2608131512,,1,,RB,,Oberlenningen|Unterlenningen|Brucken|Owen(Teck)|Dettingen(Teck)|Kirchheim(Teck)Süd,8003280,Kirchheim (Teck),Baden-Württemberg,Kirchheim unter Teck,73230,9.443872422,48.64415981,4,2608131512,,,,,,,,,,,,,0.0,0.0
6830165283023982751-2608131520-1,7145,,2608131520,,,S,S1,,8003280,Kirchheim (Teck),Baden-Württemberg,Kirchheim unter Teck,73230,9.443872422,48.64415981,4,,,2608131520,,,,,,,,,,,0.0,0.0
9072809401414477062-2608131550-1,7147,,2608131550,,,S,S1,,8003280,Kirchheim (Teck),Baden-Württemberg,Kirchheim unter Teck,73230,9.443872422,48.64415981,4,,,2608131550,,,,,,,,,,,0.0,0.0
353565874858451215-2608131455-15,7140,2608131539,,2,,S,,Stuttgart Hbf|Stuttgart-Bad Cannstatt|Stuttgart Neckarpark|Stuttgart-Untertürkheim|Stuttgart-Obertürkheim|Esslingen-Mettingen|Esslingen(Neckar)|Oberesslingen|Esslingen-Zell|Altbach|Plochingen|Wernau(Neckar)|Wendlingen(Neckar)|Kirchheim(Teck)-Ötlingen,8003280,Kirchheim (Teck),Baden-Württemberg,Kirchheim unter Teck,73230,9.443872422,48.64415981,4,2608131540,,,,,,,,,,,,,1.0,0.0
-7038705313286276054-2608131517-1,37971,,2608131517,,,RB,RB64,,8003280,Kirchheim (Teck),Baden-Württemberg,Kirchheim unter Teck,73230,9.443872422,48.64415981,4,,,2608131517,,,,,,,,,,,0.0,0.0
-5286310659195805286-2608131425-14,7138,2608131506,2608131507,1,,S,S1,Stuttgart Hbf|Stuttgart-Bad Cannstatt|Stuttgart Neckarpark|Stuttgart-Untertürkheim|Stuttgart-Obertürkheim|Esslingen-Mettingen|Esslingen(Neckar)|Oberesslingen|Esslingen-Zell|Altbach|Plochingen|Wernau(Neckar)|Wendlingen(Neckar),8003282,Kirchheim (Teck)-Ötlingen,Baden-Württemberg,Kirchheim unter Teck,73230,9.416261302,48.65782388,5,2608131506,,2608131508,,,,,,,,,,,0.0,1.0
6830165283023982751-2608131520-2,7145,2608131523,2608131523,1,,S,S1,Kirchheim(Teck),8003282,Kirchheim (Teck)-Ötlingen,Baden-Württemberg,Kirchheim unter Teck,73230,9.416261302,48.65782388,5,2608131523,,2608131524,,,,,,,,,,,0.0,1.0
9072809401414477062-2608131550-2,7147,2608131553,2608131553,1,,S,S1,Kirchheim(Teck),8003282,Kirchheim (Teck)-Ötlingen,Baden-Württemberg,Kirchheim unter Teck,73230,9.416261302,48.65782388,5,2608131553,,2608131554,,,,,,,,,,,0.0,1.0
353565874858451215-2608131455-14,7140,2608131537,2608131537,1,,S,S1,Stuttgart Hbf|Stuttgart-Bad Cannstatt|Stuttgart Neckarpark|Stuttgart-Untertürkheim|Stuttgart-Obertürkheim|Esslingen-Mettingen|Esslingen(Neckar)|Oberesslingen|Esslingen-Zell|Altbach|Plochingen|Wernau(Neckar)|Wendlingen(Neckar),8003282,Kirchheim (Teck)-Ötlingen,Baden-Württemberg,Kirchheim unter Teck,73230,9.416261302,48.65782388,5,2608131537,,2608131538,,,,,,,,,,,0.0,1.0
-496343426423480334-2608131505-1,1180,,2608131505,,,WEG,RB47,,8003409,Korntal,Baden-Württemberg,Korntal,70825,9.121099128,48.82640246,4,,,2608131505,,,,,,,,,,,0.0,0.0
-3711885420787930895-2608131447-6,7638,2608131501,2608131501,1,,S,S6,Stuttgart Hbf|Stuttgart Nordbahnhof|Stuttgart-Feuerbach|Stuttgart-Zuffenhausen|Neuwirtshaus(Porscheplatz),8003409,Korntal,Baden-Württemberg,Korntal,70825,9.121099128,48.82640246,4,2608131502,,2608131503,,,,,,,,,,,1.0,2.0
-4934377407582477101-2608131538-4,7046,2608131546,2608131546,1,,S,S60,Stuttgart-Feuerbach|Stuttgart-Zuffenhausen|Neuwirtshaus(Porscheplatz),8003409,Korntal,Baden-Württemberg,Korntal,70825,9.121099128,48.82640246,4,2608131547,,2608131547,,,,,,,,,,,1.0,1.0
-5444476258917657908-2608131503-9,7643,2608131528,2608131529,3,,S,S6,Weil der Stadt|Malmsheim|Renningen|Rutesheim|Leonberg|Höfingen|Ditzingen|Weilimdorf,8003409,Korntal,Baden-Württemberg,Korntal,70825,9.121099128,48.82640246,4,2608131534,,2608131535,,,,,,,,,,,6.0,6.0
5933810913744894923-2608131535-1,1186,,2608131535,,,WEG,RB47,,8003409,Korntal,Baden-Württemberg,Korntal,70825,9.121099128,48.82640246,4,,,2608131535,,,,,,,,,,,0.0,0.0
-3747023062711209303-2608131434-13,7039,2608131513,2608131514,3,,S,S60,Böblingen|Sindelfingen|Maichingen|Maichingen Nord|Magstadt|Renningen Süd|Renningen|Rutesheim|Leonberg|Höfingen|Ditzingen|Weilimdorf,8003409,Korntal,Baden-Württemberg,Korntal,70825,9.121099128,48.82640246,4,2608131513,,2608131514,,,,,,,,,,,0.0,0.0
-1994958145249286083-2608131517-6,7640,2608131531,2608131531,1,,S,S6,Stuttgart Hbf|Stuttgart Nordbahnhof|Stuttgart-Feuerbach|Stuttgart-Zuffenhausen|Neuwirtshaus(Porscheplatz),8003409,Korntal,Baden-Württemberg,Korntal,70825,9.121099128,48.82640246,4,2608131532,,2608131533,,,,,,,,,,,1.0,2.0
-5323609184183399304-2608131508-4,7044,2608131516,2608131516,1,,S,S60,Stuttgart-Feuerbach|Stuttgart-Zuffenhausen|Neuwirtshaus(Porscheplatz),8003409,Korntal,Baden-Württemberg,Korntal,70825,9.121099128,48.82640246,4,2608131516,,2608131516,,,,,,,,,,,0.0,0.0
4515995913424844466-2608131531-7,1187,2608131554,,7,,WEG,,Heimerdingen|Hemmingen|Schwieberdingen|Münchingen|Münchingen Rührberg|Korntal Gymnasium,8003409,Korntal,Baden-Württemberg,Korntal,70825,9.121099128,48.82640246,4,2608131554,,,,,,,,,,,,,0.0,0.0
-3211478262182188991-2608131533-9,7645,2608131558,2608131559,3,,S,S6,Weil der Stadt|Malmsheim|Renningen|Rutesheim|Leonberg|Höfingen|Ditzingen|Weilimdorf,8003409,Korntal,Baden-Württemberg,Korntal,70825,9.121099128,48.82640246,4,2608131559,,2608131559,,,,,,,,,,,1.0,0.0
-8729589083131489622-2608131501-7,1181,2608131524,,7,,WEG,,Heimerdingen|Hemmingen|Schwieberdingen|Münchingen|Münchingen Rührberg|Korntal Gymnasium,8003409,Korntal,Baden-Württemberg,Korntal,70825,9.121099128,48.82640246,4,2608131524,,,,,,,,,,,,,0.0,0.0
7143365029900082015-2608131504-13,7041,2608131543,2608131544,3,,S,S60,Böblingen|Sindelfingen|Maichingen|Maichingen Nord|Magstadt|Renningen Süd|Renningen|Rutesheim|Leonberg|Höfingen|Ditzingen|Weilimdorf,8003409,Korntal,Baden-Württemberg,Korntal,70825,9.121099128,48.82640246,4,2608131545,,2608131546,,,,,,,,,,,2.0,2.0
4881326774039345551-2608131527-5,7542,2608131540,2608131540,4,,S,S5,Stuttgart Hbf|Stuttgart Nordbahnhof|Stuttgart-Feuerbach|Stuttgart-Zuffenhausen,8003411,Kornwestheim Pbf,Baden-Württemberg,Kornwestheim,70806,9.179967278,48.86215948,3,2608131540,,2608131540,,,,,,,,,,,0.0,0.0
1564432240333127755-2608131507-5,7438,2608131520,2608131520,4,,S,S4,Stuttgart Hbf|Stuttgart Nordbahnhof|Stuttgart-Feuerbach|Stuttgart-Zuffenhausen,8003411,Kornwestheim Pbf,Baden-Württemberg,Kornwestheim,70806,9.179967278,48.86215948,3,2608131520,,2608131521,,,,,,,,,,,0.0,1.0
-8779513401122207470-2608131457-5,7540,2608131510,2608131510,4,,S,S5,Stuttgart Hbf|Stuttgart Nordbahnhof|Stuttgart-Feuerbach|Stuttgart-Zuffenhausen,8003411,Kornwestheim Pbf,Baden-Württemberg,Kornwestheim,70806,9.179967278,48.86215948,3,2608131510,,2608131511,,,,,,,,,,,0.0,1.0
-8657431856316305604-2608131512-3,19322,2608131542,2608131547,5,,RE,MEX18,Plochingen|Esslingen(Neckar),8003411,Kornwestheim Pbf,Baden-Württemberg,Kornwestheim,70806,9.179967278,48.86215948,3,2608131539,,2608131547,,,,,,,,,,,-3.0,0.0
195941745446539029-2608131433-10,7441,2608131510,2608131510,3,,S,S4,Backnang|Burgstall(Murr)|Kirchberg(Murr)|Erdmannhausen|Marbach(Neckar)|Benningen(Neckar)|Freiberg(Neckar)|Favoritepark|Ludwigsburg,8003411,Kornwestheim Pbf,Baden-Württemberg,Kornwestheim,70806,9.179967278,48.86215948,3,2608131510,,2608131511,,,,,,,,,,,0.0,1.0
6801304589286144337-2608131537-5,7545,2608131549,2608131550,3,,S,S5,Bietigheim-Bissingen|Tamm(Württ)|Asperg|Ludwigsburg,8003411,Kornwestheim Pbf,Baden-Württemberg,Kornwestheim,70806,9.179967278,48.86215948,3,2608131550,,2608131550,,,,,,,,,,,1.0,0.0
-2365839264405796350-2608131537-5,7440,2608131550,2608131550,4,,S,S4,Stuttgart Hbf|Stuttgart Nordbahnhof|Stuttgart-Feuerbach|Stuttgart-Zuffenhausen,8003411,Kornwestheim Pbf,Baden-Württemberg,Kornwestheim,70806,9.179967278,48.86215948,3,2608131550,,2608131551,,,,,,,,,,,0.0,1.0
-1547472601669555390-2608131430-9,19323,2608131512,2608131520,7,,RE,MEX18,Heilbronn Hbf|Nordheim(Württ)|Lauffen(Neckar)|Kirchheim(Neckar)|Walheim(Württ)|Besigheim|Bietigheim-Bissingen|Ludwigsburg,8003411,Kornwestheim Pbf,Baden-Württemberg,Kornwestheim,70806,9.179967278,48.86215948,3,2608131514,,2608131520,,h,2,Störung,,,,,,,2.0,0.0
-4899815477540796252-2608131507-5,7543,2608131519,2608131520,3,,S,S5,Bietigheim-Bissingen|Tamm(Württ)|Asperg|Ludwigsburg,8003411,Kornwestheim Pbf,Baden-Württemberg,Kornwestheim,70806,9.179967278,48.86215948,3,2608131520,,2608131521,,,,,,,,,,,1.0,1.0
3936577842997907070-2608131503-10,7443,2608131540,2608131540,3,,S,S4,Backnang|Burgstall(Murr)|Kirchberg(Murr)|Erdmannhausen|Marbach(Neckar)|Benningen(Neckar)|Freiberg(Neckar)|Favoritepark|Ludwigsburg,8003411,Kornwestheim Pbf,Baden-Württemberg,Kornwestheim,70806,9.179967278,48.86215948,3,2608131540,,2608131541,,,,,,,,,,,0.0,1.0
-5830863712080480053-2608131535-4,7943,2608131546,2608131547,1,,S,S2,Stuttgart-Vaihingen|Stuttgart-Rohr|Oberaichen,8003622,Leinfelden,Baden-Württemberg,Leinfelden-Echterdingen,70771,9.142859698,48.6964193,4,2608131546,,2608131547,,,,,,,,,,,0.0,0.0
4714297703339606135-2608131505-4,7941,2608131516,2608131517,1,,S,S2,Stuttgart-Vaihingen|Stuttgart-Rohr|Oberaichen,8003622,Leinfelden,Baden-Württemberg,Leinfelden-Echterdingen,70771,9.142859698,48.6964193,4,2608131516,,2608131517,,,,,,,,,,,0.0,0.0
2433953663782501013-2608131533-4,7942,2608131542,2608131543,2,,S,S2,Filderstadt|Stuttgart Flughafen/Messe|Echterdingen,8003622,Leinfelden,Baden-Württemberg,Leinfelden-Echterdingen,70771,9.142859698,48.6964193,4,2608131542,,2608131543,,,,,,,,,,,0.0,0.0
6321005766427466470-2608131503-4,7940,2608131512,2608131513,2,,S,S2,Filderstadt|Stuttgart Flughafen/Messe|Echterdingen,8003622,Leinfelden,Baden-Württemberg,Leinfelden-Echterdingen,70771,9.142859698,48.6964193,4,2608131512,,2608131513,,,,,,,,,,,0.0,0.0
-3711885420787930895-2608131447-10,7638,2608131513,2608131513,2,,S,S6,Stuttgart Hbf|Stuttgart Nordbahnhof|Stuttgart-Feuerbach|Stuttgart-Zuffenhausen|Neuwirtshaus(Porscheplatz)|Korntal|Weilimdorf|Ditzingen|Höfingen,8003652,Leonberg,Baden-Württemberg,Leonberg,71229,9.004025993,48.79970547,3,2608131514,,2608131514,,,,,,,,,,,1.0,1.0
-4934377407582477101-2608131538-8,7046,2608131558,2608131558,2,,S,S60,Stuttgart-Feuerbach|Stuttgart-Zuffenhausen|Neuwirtshaus(Porscheplatz)|Korntal|Weilimdorf|Ditzingen|Höfingen,8003652,Leonberg,Baden-Württemberg,Leonberg,71229,9.004025993,48.79970547,3,2608131558,,2608131559,,,,,,,,,,,0.0,1.0
-5444476258917657908-2608131503-5,7643,2608131517,2608131517,1,,S,S6,Weil der Stadt|Malmsheim|Renningen|Rutesheim,8003652,Leonberg,Baden-Württemberg,Leonberg,71229,9.004025993,48.79970547,3,2608131522,,2608131523,,,,,,,,,,,5.0,6.0
-3747023062711209303-2608131434-9,7039,2608131502,2608131502,1,,S,S60,Böblingen|Sindelfingen|Maichingen|Maichingen Nord|Magstadt|Renningen Süd|Renningen|Rutesheim,8003652,Leonberg,Baden-Württemberg,Leonberg,71229,9.004025993,48.79970547,3,2608131502,,2608131503,,,,,,,,,,,0.0,1.0
-1994958145249286083-2608131517-10,7640,2608131543,2608131543,2,,S,S6,Stuttgart Hbf|Stuttgart Nordbahnhof|Stuttgart-Feuerbach|Stuttgart-Zuffenhausen|Neuwirtshaus(Porscheplatz)|Korntal|Weilimdorf|Ditzingen|Höfingen,8003652,Leonberg,Baden-Württemberg,Leonberg,71229,9.004025993,48.79970547,3,2608131544,,2608131545,,,,,,,,,,,1.0,2.0
-5323609184183399304-2608131508-8,7044,2608131528,2608131528,2,,S,S60,Stuttgart-Feuerbach|Stuttgart-Zuffenhausen|Neuwirtshaus(Porscheplatz)|Korntal|Weilimdorf|Ditzingen|Höfingen,8003652,Leonberg,Baden-Württemberg,Leonberg,71229,9.004025993,48.79970547,3,2608131528,,2608131528,,,,,,,,,,,0.0,0.0
-3211478262182188991-2608131533-5,7645,2608131547,2608131547,1,,S,S6,Weil der Stadt|Malmsheim|Renningen|Rutesheim,8003652,Leonberg,Baden-Württemberg,Leonberg,71229,9.004025993,48.79970547,3,2608131547,,2608131548,,,,,,,,,,,0.0,1.0
7143365029900082015-2608131504-9,7041,2608131532,2608131532,1,,S,S60,Böblingen|Sindelfingen|Maichingen|Maichingen Nord|Magstadt|Renningen Süd|Renningen|Rutesheim,8003652,Leonberg,Baden-Württemberg,Leonberg,71229,9.004025993,48.79970547,3,2608131533,,2608131534,,,,,,,,,,,1.0,2.0
-5217524620660727830-2608131447-5,19234,2608131528,2608131529,1,,RE,MEX12,Plochingen|Esslingen(Neckar)|Stuttgart-Bad Cannstatt|Stuttgart Hbf,8000235,Ludwigsburg,Baden-Württemberg,Ludwigsburg,71638,9.185229823,48.89208622,3,2608131530,,2608131531,,h,2,Bauarbeiten,,,,,,,2.0,2.0
4881326774039345551-2608131527-6,7542,2608131543,2608131544,2,,S,S5,Stuttgart Hbf|Stuttgart Nordbahnhof|Stuttgart-Feuerbach|Stuttgart-Zuffenhausen|Kornwestheim Pbf,8000235,Ludwigsburg,Baden-Württemberg,Ludwigsburg,71638,9.185229823,48.89208622,3,2608131543,,2608131544,,,,,,,,,,,0.0,0.0
1564432240333127755-2608131507-6,7438,2608131523,2608131524,2,,S,S4,Stuttgart Hbf|Stuttgart Nordbahnhof|Stuttgart-Feuerbach|Stuttgart-Zuffenhausen|Kornwestheim Pbf,8000235,Ludwigsburg,Baden-Württemberg,Ludwigsburg,71638,9.185229823,48.89208622,3,2608131524,,2608131524,,,,,,,,,,,1.0,0.0
-8779513401122207470-2608131457-6,7540,2608131513,2608131514,2,,S,S5,Stuttgart Hbf|Stuttgart Nordbahnhof|Stuttgart-Feuerbach|Stuttgart-Zuffenhausen|Kornwestheim Pbf,8000235,Ludwigsburg,Baden-Württemberg,Ludwigsburg,71638,9.185229823,48.89208622,3,2608131513,,2608131514,,,,,,,,,,,0.0,0.0
7941696835731553601-2608131457-8,19229,2608131531,2608131532,4,,RE,MEX12,Heilbronn Hbf|Nordheim(Württ)|Lauffen(Neckar)|Kirchheim(Neckar)|Walheim(Württ)|Besigheim|Bietigheim-Bissingen,8000235,Ludwigsburg,Baden-Württemberg,Ludwigsburg,71638,9.185229823,48.89208622,3,2608131534,,2608131536,,h,2,Bauarbeiten,,,,,,,3.0,4.0
-8657431856316305604-2608131512-4,19322,2608131550,2608131553,1,,RE,MEX18,Plochingen|Esslingen(Neckar)|Kornwestheim Pbf,8000235,Ludwigsburg,Baden-Württemberg,Ludwigsburg,71638,9.185229823,48.89208622,3,2608131550,,2608131553,,,,,,,,,,,0.0,0.0
195941745446539029-2608131433-9,7441,2608131506,2608131507,3,,S,S4,Backnang|Burgstall(Murr)|Kirchberg(Murr)|Erdmannhausen|Marbach(Neckar)|Benningen(Neckar)|Freiberg(Neckar)|Favoritepark,8000235,Ludwigsburg,Baden-Württemberg,Ludwigsburg,71638,9.185229823,48.89208622,3,2608131506,,2608131508,,,,,,,,,,,0.0,1.0
6801304589286144337-2608131537-4,7545,2608131546,2608131546,3,,S,S5,Bietigheim-Bissingen|Tamm(Württ)|Asperg,8000235,Ludwigsburg,Baden-Württemberg,Ludwigsburg,71638,9.185229823,48.89208622,3,2608131546,,2608131547,,,,,,,,,,,0.0,1.0
-2365839264405796350-2608131537-6,7440,2608131553,2608131554,2,,S,S4,Stuttgart Hbf|Stuttgart Nordbahnhof|Stuttgart-Feuerbach|Stuttgart-Zuffenhausen|Kornwestheim Pbf,8000235,Ludwigsburg,Baden-Württemberg,Ludwigsburg,71638,9.185229823,48.89208622,3,2608131553,,2608131555,,,,,,,,,,,0.0,1.0
-1547472601669555390-2608131430-8,19323,2608131504,2608131507,4,,RE,MEX18,Heilbronn Hbf|Nordheim(Württ)|Lauffen(Neckar)|Kirchheim(Neckar)|Walheim(Württ)|Besigheim|Bietigheim-Bissingen,8000235,Ludwigsburg,Baden-Württemberg,Ludwigsburg,71638,9.185229823,48.89208622,3,2608131506,,2608131508,,h,2,Störung,,,,,,,2.0,1.0
-4899815477540796252-2608131507-4,7543,2608131516,2608131516,3,,S,S5,Bietigheim-Bissingen|Tamm(Württ)|Asperg,8000235,Ludwigsburg,Baden-Württemberg,Ludwigsburg,71638,9.185229823,48.89208622,3,2608131517,,2608131518,,,,,,,,,,,1.0,2.0
-7589115565036461597-2608131509-1,99118,,2608131509,,,ARV,RE8,,8000235,Ludwigsburg,Baden-Württemberg,Ludwigsburg,71638,9.185229823,48.89208622,3,,,2608131509,1,,,,,,,,,,0.0,0.0
3936577842997907070-2608131503-9,7443,2608131536,2608131537,3,,S,S4,Backnang|Burgstall(Murr)|Kirchberg(Murr)|Erdmannhausen|Marbach(Neckar)|Benningen(Neckar)|Freiberg(Neckar)|Favoritepark,8000235,Ludwigsburg,Baden-Württemberg,Ludwigsburg,71638,9.185229823,48.89208622,3,2608131537,,2608131538,,,,,,,,,,,1.0,1.0
-3711885420787930895-2608131447-13,7638,2608131524,2608131524,1,,S,S6,Stuttgart Hbf|Stuttgart Nordbahnhof|Stuttgart-Feuerbach|Stuttgart-Zuffenhausen|Neuwirtshaus(Porscheplatz)|Korntal|Weilimdorf|Ditzingen|Höfingen|Leonberg|Rutesheim|Renningen,8003831,Malmsheim,Baden-Württemberg,Renningen,71272,8.905105557,48.77183564,5,2608131525,,2608131525,,,,,,,,,,,1.0,1.0
-5444476258917657908-2608131503-2,7643,2608131505,2608131505,2,,S,S6,Weil der Stadt,8003831,Malmsheim,Baden-Württemberg,Renningen,71272,8.905105557,48.77183564,5,2608131514,,2608131515,,,,,,,,,,,9.0,10.0
-1994958145249286083-2608131517-13,7640,2608131554,2608131554,1,,S,S6,Stuttgart Hbf|Stuttgart Nordbahnhof|Stuttgart-Feuerbach|Stuttgart-Zuffenhausen|Neuwirtshaus(Porscheplatz)|Korntal|Weilimdorf|Ditzingen|Höfingen|Leonberg|Rutesheim|Renningen,8003831,Malmsheim,Baden-Württemberg,Renningen,71272,8.905105557,48.77183564,5,2608131555,,2608131555,,,,,,,,,,,1.0,1.0
-3211478262182188991-2608131533-2,7645,2608131535,2608131535,2,,S,S6,Weil der Stadt,8003831,Malmsheim,Baden-Württemberg,Renningen,71272,8.905105557,48.77183564,5,2608131536,,2608131537,,,,,,,,,,,1.0,2.0
1564432240333127755-2608131507-10,7438,2608131535,2608131538,1,,S,S4,Stuttgart Hbf|Stuttgart Nordbahnhof|Stuttgart-Feuerbach|Stuttgart-Zuffenhausen|Kornwestheim Pbf|Ludwigsburg|Favoritepark|Freiberg(Neckar)|Benningen(Neckar),8003853,Marbach (Neckar),Baden-Württemberg,Marbach am Neckar,71672,9.264611825,48.9437708,3,2608131535,,2608131538,,,,,,,,,,,0.0,0.0
-8547743709603473957-2608131533-5,7445,2608131551,2608131555,,,S,S4,Backnang|Burgstall(Murr)|Kirchberg(Murr)|Erdmannhausen,8003853,Marbach (Neckar),Baden-Württemberg,Marbach am Neckar,71672,9.264611825,48.9437708,3,2608131551,1,2608131555,1,,,,,,,,,,0.0,0.0
-7104295840480841845-2608131437-10,7436,2608131505,2608131508,1,,S,S4,Stuttgart Hbf|Stuttgart Nordbahnhof|Stuttgart-Feuerbach|Stuttgart-Zuffenhausen|Kornwestheim Pbf|Ludwigsburg|Favoritepark|Freiberg(Neckar)|Benningen(Neckar),8003853,Marbach (Neckar),Baden-Württemberg,Marbach am Neckar,71672,9.264611825,48.9437708,3,2608131505,,2608131509,,,,,,,,,,,0.0,1.0
3936577842997907070-2608131503-5,7443,2608131521,2608131525,,,S,S4,Backnang|Burgstall(Murr)|Kirchberg(Murr)|Erdmannhausen,8003853,Marbach (Neckar),Baden-Württemberg,Marbach am Neckar,71672,9.264611825,48.9437708,3,2608131521,1,2608131526,1,,,,,,,,,,0.0,1.0
-262532238997337043-2608131512-11,7340,2608131544,2608131545,2,,S,S3,Stuttgart Hbf|Stuttgart-Bad Cannstatt|Stuttgart Nürnberger Str.|Stuttgart-Sommerrain|Fellbach|Waiblingen|Neustadt-Hohenacker|Schwaikheim|Winnenden|Nellmersbach,8003913,Maubach,Baden-Württemberg,Backnang,71522,9.419487062,48.92623463,4,2608131545,,2608131546,,,,,,,,,,,1.0,1.0
-3924626970669458370-2608131541-2,7345,2608131543,2608131544,1,,S,S3,Backnang,8003913,Maubach,Baden-Württemberg,Backnang,71522,9.419487062,48.92623463,4,2608131544,,2608131545,,,,,,,,,,,1.0,1.0
-7289711712054290115-2608131511-2,7343,2608131513,2608131514,1,,S,S3,Backnang,8003913,Maubach,Baden-Württemberg,Backnang,71522,9.419487062,48.92623463,4,2608131516,,2608131516,,,,,,,,,,,3.0,2.0
8044955983483320146-2608131442-11,7338,2608131514,2608131515,2,,S,S3,Stuttgart Hbf|Stuttgart-Bad Cannstatt|Stuttgart Nürnberger Str.|Stuttgart-Sommerrain|Fellbach|Waiblingen|Neustadt-Hohenacker|Schwaikheim|Winnenden|Nellmersbach,8003913,Maubach,Baden-Württemberg,Backnang,71522,9.419487062,48.92623463,4,2608131515,,2608131516,,,,,,,,,,,1.0,1.0
-262532238997337043-2608131512-10,7340,2608131541,2608131542,2,,S,S3,Stuttgart Hbf|Stuttgart-Bad Cannstatt|Stuttgart Nürnberger Str.|Stuttgart-Sommerrain|Fellbach|Waiblingen|Neustadt-Hohenacker|Schwaikheim|Winnenden,8004233,Nellmersbach,Baden-Württemberg,Leutenbach,71397,9.415421538,48.90336425,5,2608131542,,2608131543,,,,,,,,,,,1.0,1.0
-3924626970669458370-2608131541-3,7345,2608131546,2608131546,1,,S,S3,Backnang|Maubach,8004233,Nellmersbach,Baden-Württemberg,Leutenbach,71397,9.415421538,48.90336425,5,2608131547,,2608131548,,,,,,,,,,,1.0,2.0
-7289711712054290115-2608131511-3,7343,2608131516,2608131516,1,,S,S3,Backnang|Maubach,8004233,Nellmersbach,Baden-Württemberg,Leutenbach,71397,9.415421538,48.90336425,5,2608131518,,2608131519,,,,,,,,,,,2.0,3.0
8044955983483320146-2608131442-10,7338,2608131511,2608131512,2,,S,S3,Stuttgart Hbf|Stuttgart-Bad Cannstatt|Stuttgart Nürnberger Str.|Stuttgart-Sommerrain|Fellbach|Waiblingen|Neustadt-Hohenacker|Schwaikheim|Winnenden,8004233,Nellmersbach,Baden-Württemberg,Leutenbach,71397,9.415421538,48.90336425,5,2608131512,,2608131513,,,,,,,,,,,1.0,1.0
-262532238997337043-2608131512-7,7340,2608131533,2608131533,1,,S,S3,Stuttgart Hbf|Stuttgart-Bad Cannstatt|Stuttgart Nürnberger Str.|Stuttgart-Sommerrain|Fellbach|Waiblingen,8004333,Neustadt-Hohenacker,Baden-Württemberg,Waiblingen,71336,9.32455106,48.85921668,5,2608131533,,2608131534,,,,,,,,,,,0.0,1.0
-3924626970669458370-2608131541-6,7345,2608131555,2608131555,2,,S,S3,Backnang|Maubach|Nellmersbach|Winnenden|Schwaikheim,8004333,Neustadt-Hohenacker,Baden-Württemberg,Waiblingen,71336,9.32455106,48.85921668,5,2608131555,,2608131556,,,,,,,,,,,0.0,1.0
-7289711712054290115-2608131511-6,7343,2608131525,2608131525,2,,S,S3,Backnang|Maubach|Nellmersbach|Winnenden|Schwaikheim,8004333,Neustadt-Hohenacker,Baden-Württemberg,Waiblingen,71336,9.32455106,48.85921668,5,2608131527,,2608131528,,,,,,,,,,,2.0,3.0
8044955983483320146-2608131442-7,7338,2608131503,2608131503,1,,S,S3,Stuttgart Hbf|Stuttgart-Bad Cannstatt|Stuttgart Nürnberger Str.|Stuttgart-Sommerrain|Fellbach|Waiblingen,8004333,Neustadt-Hohenacker,Baden-Württemberg,Waiblingen,71336,9.32455106,48.85921668,5,2608131503,,2608131504,,,,,,,,,,,0.0,1.0
-4934377407582477101-2608131538-3,7046,2608131543,2608131543,1,,S,S60,Stuttgart-Feuerbach|Stuttgart-Zuffenhausen,8004338,Neuwirtshaus (Porscheplatz),Baden-Württemberg,Stuttgart,70435,9.151955614,48.83384734,4,2608131544,,2608131545,,,,,,,,,,,1.0,2.0
-5444476258917657908-2608131503-10,7643,2608131531,2608131531,2,,S,S6,Weil der Stadt|Malmsheim|Renningen|Rutesheim|Leonberg|Höfingen|Ditzingen|Weilimdorf|Korntal,8004338,Neuwirtshaus (Porscheplatz),Baden-Württemberg,Stuttgart,70435,9.151955614,48.83384734,4,2608131536,,2608131538,,,,,,,,,,,5.0,7.0
-3747023062711209303-2608131434-14,7039,2608131516,2608131516,2,,S,S60,Böblingen|Sindelfingen|Maichingen|Maichingen Nord|Magstadt|Renningen Süd|Renningen|Rutesheim|Leonberg|Höfingen|Ditzingen|Weilimdorf|Korntal,8004338,Neuwirtshaus (Porscheplatz),Baden-Württemberg,Stuttgart,70435,9.151955614,48.83384734,4,2608131516,,2608131517,,,,,,,,,,,0.0,1.0
-1994958145249286083-2608131517-5,7640,2608131528,2608131529,1,,S,S6,Stuttgart Hbf|Stuttgart Nordbahnhof|Stuttgart-Feuerbach|Stuttgart-Zuffenhausen,8004338,Neuwirtshaus (Porscheplatz),Baden-Württemberg,Stuttgart,70435,9.151955614,48.83384734,4,2608131530,,2608131530,,,,,,,,,,,2.0,1.0
-5323609184183399304-2608131508-3,7044,2608131513,2608131513,1,,S,S60,Stuttgart-Feuerbach|Stuttgart-Zuffenhausen,8004338,Neuwirtshaus (Porscheplatz),Baden-Württemberg,Stuttgart,70435,9.151955614,48.83384734,4,2608131513,,2608131513,,,,,,,,,,,0.0,0.0
-4327327279162025655-2608131433-10,7641,2608131501,2608131501,2,,S,S6,Weil der Stadt|Malmsheim|Renningen|Rutesheim|Leonberg|Höfingen|Ditzingen|Weilimdorf|Korntal,8004338,Neuwirtshaus (Porscheplatz),Baden-Württemberg,Stuttgart,70435,9.151955614,48.83384734,4,2608131501,,2608131502,,,,,,,,,,,0.0,1.0
-434662733066569795-2608131547-5,7642,2608131558,2608131559,1,,S,S6,Stuttgart Hbf|Stuttgart Nordbahnhof|Stuttgart-Feuerbach|Stuttgart-Zuffenhausen,8004338,Neuwirtshaus (Porscheplatz),Baden-Württemberg,Stuttgart,70435,9.151955614,48.83384734,4,2608131600,,2608131601,,,,,,,,,,,2.0,2.0
7143365029900082015-2608131504-14,7041,2608131546,2608131546,2,,S,S60,Böblingen|Sindelfingen|Maichingen|Maichingen Nord|Magstadt|Renningen Süd|Renningen|Rutesheim|Leonberg|Höfingen|Ditzingen|Weilimdorf|Korntal,8004338,Neuwirtshaus (Porscheplatz),Baden-Württemberg,Stuttgart,70435,9.151955614,48.83384734,4,2608131548,,2608131549,,,,,,,,,,,2.0,3.0
6415427064152556957-2608131516-8,7741,2608131541,2608131541,1,,S,S1,Stuttgart-Vaihingen|Stuttgart-Rohr|Goldberg(Württ)|Böblingen|Hulb|Ehningen(b Böblingen)|Gärtringen,8004490,Nufringen,Baden-Württemberg,Nufringen,71154,8.889817485,48.62010967,5,2608131543,,2608131543,,,,,,,,,,,2.0,2.0
5474570967830411052-2608131516-2,7744,2608131519,2608131519,2,,S,S1,Herrenberg,8004490,Nufringen,Baden-Württemberg,Nufringen,71154,8.889817485,48.62010967,5,2608131520,,2608131520,,,,,,,,,,,1.0,1.0
4042720994330791298-2608131446-8,7739,2608131511,2608131511,1,,S,S1,Stuttgart-Vaihingen|Stuttgart-Rohr|Goldberg(Württ)|Böblingen|Hulb|Ehningen(b Böblingen)|Gärtringen,8004490,Nufringen,Baden-Württemberg,Nufringen,71154,8.889817485,48.62010967,5,2608131514,,2608131514,,h,1,Störung,,,,,,,3.0,3.0
4046308478119658372-2608131546-2,7746,2608131549,2608131549,2,,S,S1,Herrenberg,8004490,Nufringen,Baden-Württemberg,Nufringen,71154,8.889817485,48.62010967,5,2608131549,,2608131550,,,,,,,,,,,0.0,1.0
-5830863712080480053-2608131535-3,7943,2608131544,2608131544,1,,S,S2,Stuttgart-Vaihingen|Stuttgart-Rohr,8004496,Oberaichen,Baden-Württemberg,Leinfelden-Echterdingen,70771,9.12743664,48.70512422,5,2608131544,,2608131545,,,,,,,,,,,0.0,1.0
4714297703339606135-2608131505-3,7941,2608131514,2608131514,1,,S,S2,Stuttgart-Vaihingen|Stuttgart-Rohr,8004496,Oberaichen,Baden-Württemberg,Leinfelden-Echterdingen,70771,9.12743664,48.70512422,5,2608131514,,2608131514,,,,,,,,,,,0.0,0.0
2433953663782501013-2608131533-5,7942,2608131545,2608131545,2,,S,S2,Filderstadt|Stuttgart Flughafen/Messe|Echterdingen|Leinfelden,8004496,Oberaichen,Baden-Württemberg,Leinfelden-Echterdingen,70771,9.12743664,48.70512422,5,2608131545,,2608131545,,,,,,,,,,,0.0,0.0
6321005766427466470-2608131503-5,7940,2608131515,2608131515,2,,S,S2,Filderstadt|Stuttgart Flughafen/Messe|Echterdingen|Leinfelden,8004496,Oberaichen,Baden-Württemberg,Leinfelden-Echterdingen,70771,9.12743664,48.70512422,5,2608131515,,2608131516,,,,,,,,,,,0.0,1.0
-6176428807824195191-2608131525-8,7142,2608131545,2608131545,4,,S,S1,Stuttgart Hbf|Stuttgart-Bad Cannstatt|Stuttgart Neckarpark|Stuttgart-Untertürkheim|Stuttgart-Obertürkheim|Esslingen-Mettingen|Esslingen(Neckar),8004528,Oberesslingen,Baden-Württemberg,Esslingen am Neckar,73730,9.327277435,48.72983585,3,2608131545,,2608131545,,,,,,,,,,,0.0,0.0
6830165283023982751-2608131520-8,7145,2608131544,2608131545,3,,S,S1,Kirchheim(Teck)|Kirchheim(Teck)-Ötlingen|Wendlingen(Neckar)|Wernau(Neckar)|Plochingen|Altbach|Esslingen-Zell,8004528,Oberesslingen,Baden-Württemberg,Esslingen am Neckar,73730,9.327277435,48.72983585,3,2608131544,,2608131545,,,,,,,,,,,0.0,0.0
353565874858451215-2608131455-8,7140,2608131515,2608131515,4,,S,S1,Stuttgart Hbf|Stuttgart-Bad Cannstatt|Stuttgart Neckarpark|Stuttgart-Untertürkheim|Stuttgart-Obertürkheim|Esslingen-Mettingen|Esslingen(Neckar),8004528,Oberesslingen,Baden-Württemberg,Esslingen am Neckar,73730,9.327277435,48.72983585,3,2608131515,,2608131516,,,,,,,,,,,0.0,1.0
-275229670537218485-2608131450-8,7143,2608131514,2608131515,3,,S,S1,Kirchheim(Teck)|Kirchheim(Teck)-Ötlingen|Wendlingen(Neckar)|Wernau(Neckar)|Plochingen|Altbach|Esslingen-Zell,8004528,Oberesslingen,Baden-Württemberg,Esslingen am Neckar,73730,9.327277435,48.72983585,3,2608131514,,2608131515,,,,,,,,,,,0.0,0.0
-8022228080648420109-2608131442-4,19149,2608131500,2608131500,3,,ARV,MEX16,Stuttgart Hbf|Stuttgart-Bad Cannstatt|Esslingen(Neckar),8000302,Plochingen,Baden-Württemberg,Plochingen,73207,9.411294578,48.71293906,2,2608131506,4,2608131507,4,,,,,,,,,,6.0,7.0
-8657431856316305604-2608131512-1,19322,,2608131512,,,RE,MEX18,,8000302,Plochingen,Baden-Württemberg,Plochingen,73207,9.411294578,48.71293906,2,,,2608131512,,,,,,,,,,,0.0,0.0
-8779317592878223679-2608131503-4,19151,2608131526,2608131530,4,,ARV,MEX16,Stuttgart Hbf|Stuttgart-Bad Cannstatt|Esslingen(Neckar),8000302,Plochingen,Baden-Württemberg,Plochingen,73207,9.411294578,48.71293906,2,2608131526,,2608131531,,,,,,,,,,,0.0,1.0
-1547472601669555390-2608131430-11,19323,2608131542,,9,,RE,,Heilbronn Hbf|Nordheim(Württ)|Lauffen(Neckar)|Kirchheim(Neckar)|Walheim(Württ)|Besigheim|Bietigheim-Bissingen|Ludwigsburg|Kornwestheim Pbf|Esslingen(Neckar),8000302,Plochingen,Baden-Württemberg,Plochingen,73207,9.411294578,48.71293906,2,2608131544,7,,,h,2,Störung,,,,,,,2.0,0.0
-6176428807824195191-2608131525-11,7142,2608131553,2608131555,9,,S,S1,Stuttgart Hbf|Stuttgart-Bad Cannstatt|Stuttgart Neckarpark|Stuttgart-Untertürkheim|Stuttgart-Obertürkheim|Esslingen-Mettingen|Esslingen(Neckar)|Oberesslingen|Esslingen-Zell|Altbach,8000302,Plochingen,Baden-Württemberg,Plochingen,73207,9.411294578,48.71293906,2,2608131553,,2608131555,,,,,,,,,,,0.0,0.0
-4518036593443333600-2608131436-19,19152,2608131555,2608131555,3,,ARV,MEX16,Ulm Hbf|Beimerstetten|Westerstetten|Lonsee|Urspring|Amstetten(Württ)|Geislingen(Steige)|Geislingen(Steige)West|Kuchen|Gingen(Fils)|Süßen|Salach|Eislingen(Fils)|Göppingen|Faurndau|Uhingen|Ebersbach(Fils)|Reichenbach(Fils),8000302,Plochingen,Baden-Württemberg,Plochingen,73207,9.411294578,48.71293906,2,2608131556,,2608131558,,,,,,,,,,,1.0,3.0
109318085949003122-2608131537-3,4223,2608131554,2608131555,4,,RE,RE5,Stuttgart Hbf|Esslingen(Neckar),8000302,Plochingen,Baden-Württemberg,Plochingen,73207,9.411294578,48.71293906,2,2608131553,,2608131555,,h,2,Störung,,,,,c,c,-1.0,0.0
6830165283023982751-2608131520-5,7145,2608131535,2608131537,9,,S,S1,Kirchheim(Teck)|Kirchheim(Teck)-Ötlingen|Wendlingen(Neckar)|Wernau(Neckar),8000302,Plochingen,Baden-Württemberg,Plochingen,73207,9.411294578,48.71293906,2,2608131535,,2608131537,,,,,,,,,,,0.0,0.0
-2009053455241963144-2608131448-13,19150,2608131528,2608131534,1,,ARV,MEX16,Geislingen(Steige)|Geislingen(Steige)West|Kuchen|Gingen(Fils)|Süßen|Salach|Eislingen(Fils)|Göppingen|Faurndau|Uhingen|Ebersbach(Fils)|Reichenbach(Fils),8000302,Plochingen,Baden-Württemberg,Plochingen,73207,9.411294578,48.71293906,2,2608131527,,2608131534,,,,,,,,,,,-1.0,0.0
353565874858451215-2608131455-11,7140,2608131523,2608131526,9,,S,S1,Stuttgart Hbf|Stuttgart-Bad Cannstatt|Stuttgart Neckarpark|Stuttgart-Untertürkheim|Stuttgart-Obertürkheim|Esslingen-Mettingen|Esslingen(Neckar)|Oberesslingen|Esslingen-Zell|Altbach,8000302,Plochingen,Baden-Württemberg,Plochingen,73207,9.411294578,48.71293906,2,2608131524,,2608131526,,,,,,,,,,,1.0,0.0
-275229670537218485-2608131450-5,7143,2608131505,2608131507,9,,S,S1,Kirchheim(Teck)|Kirchheim(Teck)-Ötlingen|Wendlingen(Neckar)|Wernau(Neckar),8000302,Plochingen,Baden-Württemberg,Plochingen,73207,9.411294578,48.71293906,2,2608131506,,2608131507,,,,,,,,,,,1.0,0.0
-5292522065650410408-2608131357-12,19227,2608131511,,9,,RE,,Heilbronn Hbf|Nordheim(Württ)|Lauffen(Neckar)|Kirchheim(Neckar)|Walheim(Württ)|Besigheim|Bietigheim-Bissingen|Ludwigsburg|Stuttgart Hbf|Stuttgart-Bad Cannstatt|Esslingen(Neckar),8000302,Plochingen,Baden-Württemberg,Plochingen,73207,9.411294578,48.71293906,2,2608131512,3,,,h,2,Störung,,,,,,,1.0,0.0
7108560216606641199-2608131303-11,4218,2608131502,2608131503,1,,RE,RE5,Friedrichshafen Stadt|Meckenbeuren|Ravensburg|Aulendorf|Bad Schussenried|Biberach(Riß)|Laupheim West|Ulm Hbf|Geislingen(Steige)|Göppingen,8000302,Plochingen,Baden-Württemberg,Plochingen,73207,9.411294578,48.71293906,2,2608131504,3,2608131505,3,h,2,Störung,,,,,,,2.0,2.0
-4109384904303364048-2608131547-1,19324,,2608131547,,,RE,MEX18,,8000302,Plochingen,Baden-Württemberg,Plochingen,73207,9.411294578,48.71293906,2,,,2608131548,3,h,2,Störung,,,,,,,0.0,1.0
-3711885420787930895-2608131447-12,7638,2608131519,2608131522,3,,S,S6,Stuttgart Hbf|Stuttgart Nordbahnhof|Stuttgart-Feuerbach|Stuttgart-Zuffenhausen|Neuwirtshaus(Porscheplatz)|Korntal|Weilimdorf|Ditzingen|Höfingen|Leonberg|Rutesheim,8000313,Renningen,Baden-Württemberg,Renningen,71272,8.932650148,48.77515509,3,2608131521,,2608131523,,,,,,,,,,,2.0,1.0
-5444476258917657908-2608131503-3,7643,2608131507,2608131511,2,,S,S6,Weil der Stadt|Malmsheim,8000313,Renningen,Baden-Württemberg,Renningen,71272,8.932650148,48.77515509,3,2608131517,,2608131518,,,,,,,,,,,10.0,7.0
-1994958145249286083-2608131517-12,7640,2608131549,2608131552,3,,S,S6,Stuttgart Hbf|Stuttgart Nordbahnhof|Stuttgart-Feuerbach|Stuttgart-Zuffenhausen|Neuwirtshaus(Porscheplatz)|Korntal|Weilimdorf|Ditzingen|Höfingen|Leonberg|Rutesheim,8000313,Renningen,Baden-Württemberg,Renningen,71272,8.932650148,48.77515509,3,2608131551,,2608131553,,,,,,,,,,,2.0,1.0
2923165120308619606-2608131526-6,26163,2608131548,,,,SWE,,Calw|Calw-Heumaden|Althengstett|Ostelsheim|Weil der Stadt,8000313,Renningen,Baden-Württemberg,Renningen,71272,8.932650148,48.77515509,3,,4,,,h,2,Störung,,,,,,,0.0,0.0
-5323609184183399304-2608131508-10,7044,2608131534,2608131539,3,,S,S60,Stuttgart-Feuerbach|Stuttgart-Zuffenhausen|Neuwirtshaus(Porscheplatz)|Korntal|Weilimdorf|Ditzingen|Höfingen|Leonberg|Rutesheim,8000313,Renningen,Baden-Württemberg,Renningen,71272,8.932650148,48.77515509,3,2608131535,,2608131540,,,,,,,,,,,1.0,1.0
-8479896976705599840-2608131438-10,7042,2608131504,2608131509,3,,S,S60,Stuttgart-Feuerbach|Stuttgart-Zuffenhausen|Neuwirtshaus(Porscheplatz)|Korntal|Weilimdorf|Ditzingen|Höfingen|Leonberg|Rutesheim,8000313,Renningen,Baden-Württemberg,Renningen,71272,8.932650148,48.77515509,3,2608131508,,2608131509,,,,,,,,,,,4.0,0.0
-6317899099651385370-2608131534-7,7043,2608131550,2608131556,2,,S,S60,Böblingen|Sindelfingen|Maichingen|Maichingen Nord|Magstadt|Renningen Süd,8000313,Renningen,Baden-Württemberg,Renningen,71272,8.932650148,48.77515509,3,2608131555,,2608131556,,,,,,,,,,,5.0,0.0
-3211478262182188991-2608131533-3,7645,2608131537,2608131541,2,,S,S6,Weil der Stadt|Malmsheim,8000313,Renningen,Baden-Württemberg,Renningen,71272,8.932650148,48.77515509,3,2608131539,,2608131541,,,,,,,,,,,2.0,0.0
-772028291057491461-2608131558-1,26164,,2608131558,,,SWE,RB76,,8000313,Renningen,Baden-Württemberg,Renningen,71272,8.932650148,48.77515509,3,,,,4,h,2,Störung,,,,,,,0.0,0.0
7143365029900082015-2608131504-7,7041,2608131520,2608131526,2,,S,S60,Böblingen|Sindelfingen|Maichingen|Maichingen Nord|Magstadt|Renningen Süd,8000313,Renningen,Baden-Württemberg,Renningen,71272,8.932650148,48.77515509,3,2608131522,,2608131526,,,,,,,,,,,2.0,0.0
-1015302136173583321-2608131520-7,7240,2608131537,2608131537,1,,S,S2,Stuttgart Hbf|Stuttgart-Bad Cannstatt|Stuttgart Nürnberger Str.|Stuttgart-Sommerrain|Fellbach|Waiblingen,8005157,Rommelshausen,Baden-Württemberg,Kernen,71394,9.319175885,48.81552017,4,2608131544,,2608131544,,h,1,Bauarbeiten,,,,,,,7.0,7.0
-3574262159782319876-2608131533-9,7245,2608131551,2608131552,2,,S,S2,Schorndorf|Weiler(Rems)|Winterbach(b Schorndorf)|Geradstetten|Grunbach|Beutelsbach|Endersbach|Stetten-Beinstein,8005157,Rommelshausen,Baden-Württemberg,Kernen,71394,9.319175885,48.81552017,4,2608131551,,2608131552,,h,1,Bauarbeiten,,,,,,,0.0,0.0
-5212313388548223160-2608131450-7,7238,2608131507,2608131507,1,,S,S2,Stuttgart Hbf|Stuttgart-Bad Cannstatt|Stuttgart Nürnberger Str.|Stuttgart-Sommerrain|Fellbach|Waiblingen,8005157,Rommelshausen,Baden-Württemberg,Kernen,71394,9.319175885,48.81552017,4,2608131507,,2608131508,,h,1,Bauarbeiten,,,,,,,0.0,1.0
-3934810304618796517-2608131503-9,7243,2608131521,2608131522,2,,S,S2,Schorndorf|Weiler(Rems)|Winterbach(b Schorndorf)|Geradstetten|Grunbach|Beutelsbach|Endersbach|Stetten-Beinstein,8005157,Rommelshausen,Baden-Württemberg,Kernen,71394,9.319175885,48.81552017,4,2608131523,,2608131524,,h,1,Bauarbeiten,,,,,,,2.0,2.0
-3711885420787930895-2608131447-11,7638,2608131516,2608131516,2,,S,S6,Stuttgart Hbf|Stuttgart Nordbahnhof|Stuttgart-Feuerbach|Stuttgart-Zuffenhausen|Neuwirtshaus(Porscheplatz)|Korntal|Weilimdorf|Ditzingen|Höfingen|Leonberg,8005236,Rutesheim,Baden-Württemberg,Leonberg,71229,8.960325242,48.79031093,5,2608131518,,2608131519,,,,,,,,,,,2.0,3.0
-5444476258917657908-2608131503-4,7643,2608131513,2608131514,1,,S,S6,Weil der Stadt|Malmsheim|Renningen,8005236,Rutesheim,Baden-Württemberg,Leonberg,71229,8.960325242,48.79031093,5,2608131519,,2608131520,,,,,,,,,,,6.0,6.0
-1994958145249286083-2608131517-11,7640,2608131546,2608131546,2,,S,S6,Stuttgart Hbf|Stuttgart Nordbahnhof|Stuttgart-Feuerbach|Stuttgart-Zuffenhausen|Neuwirtshaus(Porscheplatz)|Korntal|Weilimdorf|Ditzingen|Höfingen|Leonberg,8005236,Rutesheim,Baden-Württemberg,Leonberg,71229,8.960325242,48.79031093,5,2608131548,,2608131549,,,,,,,,,,,2.0,3.0
-5323609184183399304-2608131508-9,7044,2608131531,2608131531,2,,S,S60,Stuttgart-Feuerbach|Stuttgart-Zuffenhausen|Neuwirtshaus(Porscheplatz)|Korntal|Weilimdorf|Ditzingen|Höfingen|Leonberg,8005236,Rutesheim,Baden-Württemberg,Leonberg,71229,8.960325242,48.79031093,5,2608131531,,2608131532,,,,,,,,,,,0.0,1.0
-8479896976705599840-2608131438-9,7042,2608131501,2608131501,2,,S,S60,Stuttgart-Feuerbach|Stuttgart-Zuffenhausen|Neuwirtshaus(Porscheplatz)|Korntal|Weilimdorf|Ditzingen|Höfingen|Leonberg,8005236,Rutesheim,Baden-Württemberg,Leonberg,71229,8.960325242,48.79031093,5,2608131504,,2608131505,,,,,,,,,,,3.0,4.0
-6317899099651385370-2608131534-8,7043,2608131558,2608131559,1,,S,S60,Böblingen|Sindelfingen|Maichingen|Maichingen Nord|Magstadt|Renningen Süd|Renningen,8005236,Rutesheim,Baden-Württemberg,Leonberg,71229,8.960325242,48.79031093,5,2608131559,,2608131559,,,,,,,,,,,1.0,0.0
-3211478262182188991-2608131533-4,7645,2608131543,2608131544,1,,S,S6,Weil der Stadt|Malmsheim|Renningen,8005236,Rutesheim,Baden-Württemberg,Leonberg,71229,8.960325242,48.79031093,5,2608131544,,2608131545,,,,,,,,,,,1.0,1.0
7143365029900082015-2608131504-8,7041,2608131528,2608131529,1,,S,S60,Böblingen|Sindelfingen|Maichingen|Maichingen Nord|Magstadt|Renningen Süd|Renningen,8005236,Rutesheim,Baden-Württemberg,Leonberg,71229,8.960325242,48.79031093,5,2608131530,,2608131530,,,,,,,,,,,2.0,1.0
8576411999696884762-2608131406-7,19679,2608131528,2608131529,2,,ARV,RE1,Karlsruhe Hbf|Karlsruhe-Durlach|Pforzheim Hbf|Mühlacker|Vaihingen(Enz)|Stuttgart Hbf,8005424,Schorndorf,Baden-Württemberg,Schorndorf,73614,9.525686251,48.80693898,3,2608131550,,2608131551,,h,2,Störung,,,,,,,22.0,22.0
-3060958297098975491-2608131352-17,19474,2608131513,2608131514,3,,ARV,MEX13,Crailsheim|Jagstzell|Ellwangen|Schrezheim|Schwabsberg|Goldshöfe|Hofen(b Aalen)|Wasseralfingen|Aalen Hbf|Mögglingen(Gmünd)|Böbingen(Rems)|Schwäbisch Gmünd|Lorch(Württ)|Waldhausen(b Schorndorf)|Plüderhausen|Urbach(b Schorndorf),8005424,Schorndorf,Baden-Württemberg,Schorndorf,73614,9.525686251,48.80693898,3,2608131526,,2608131527,,h,2,Störung,,,,,,,13.0,13.0
2065126086122736063-2608131520-4,19473,2608131543,2608131544,2,,ARV,MEX13,Stuttgart Hbf|Stuttgart-Bad Cannstatt|Waiblingen,8005424,Schorndorf,Baden-Württemberg,Schorndorf,73614,9.525686251,48.80693898,3,2608131546,3,2608131554,3,,,,,,,,,,3.0,10.0
-1015302136173583321-2608131520-15,7240,2608131555,,1,,S,,Stuttgart Hbf|Stuttgart-Bad Cannstatt|Stuttgart Nürnberger Str.|Stuttgart-Sommerrain|Fellbach|Waiblingen|Rommelshausen|Stetten-Beinstein|Endersbach|Beutelsbach|Grunbach|Geradstetten|Winterbach(b Schorndorf)|Weiler(Rems),8005424,Schorndorf,Baden-Württemberg,Schorndorf,73614,9.525686251,48.80693898,3,2608131559,,,,h,1,Bauarbeiten,,,,,,,4.0,0.0
-3574262159782319876-2608131533-1,7245,,2608131533,,,S,S2,,8005424,Schorndorf,Baden-Württemberg,Schorndorf,73614,9.525686251,48.80693898,3,,,2608131533,,h,1,Bauarbeiten,,,,,,,0.0,0.0
-7952168138612223160-2608131507-9,19426,2608131543,2608131544,3,,ARV,MEX13,Aalen Hbf|Mögglingen(Gmünd)|Böbingen(Rems)|Schwäbisch Gmünd|Lorch(Württ)|Waldhausen(b Schorndorf)|Plüderhausen|Urbach(b Schorndorf),8005424,Schorndorf,Baden-Württemberg,Schorndorf,73614,9.525686251,48.80693898,3,2608131610,,2608131611,,,,,,,,,,,27.0,27.0
-5212313388548223160-2608131450-15,7238,2608131525,,14,,S,,Stuttgart Hbf|Stuttgart-Bad Cannstatt|Stuttgart Nürnberger Str.|Stuttgart-Sommerrain|Fellbach|Waiblingen|Rommelshausen|Stetten-Beinstein|Endersbach|Beutelsbach|Grunbach|Geradstetten|Winterbach(b Schorndorf)|Weiler(Rems),8005424,Schorndorf,Baden-Württemberg,Schorndorf,73614,9.525686251,48.80693898,3,2608131527,,,,h,1,Bauarbeiten,,,,,,,2.0,0.0
-3934810304618796517-2608131503-1,7243,,2608131503,,,S,S2,,8005424,Schorndorf,Baden-Württemberg,Schorndorf,73614,9.525686251,48.80693898,3,,,2608131504,,h,1,Bauarbeiten,,,,,,,0.0,1.0
-7035317771144453335-2608131446-4,19421,2608131513,2608131514,2,,ARV,MEX13,Stuttgart Hbf|Stuttgart-Bad Cannstatt|Waiblingen,8005424,Schorndorf,Baden-Württemberg,Schorndorf,73614,9.525686251,48.80693898,3,2608131525,,2608131526,,,,,,,,,,,12.0,12.0
-262532238997337043-2608131512-8,7340,2608131536,2608131536,2,,S,S3,Stuttgart Hbf|Stuttgart-Bad Cannstatt|Stuttgart Nürnberger Str.|Stuttgart-Sommerrain|Fellbach|Waiblingen|Neustadt-Hohenacker,8005454,Schwaikheim,Baden-Württemberg,Schwaikheim,71409,9.354747358,48.86832665,4,2608131536,,2608131537,,,,,,,,,,,0.0,1.0
-3924626970669458370-2608131541-5,7345,2608131552,2608131553,1,,S,S3,Backnang|Maubach|Nellmersbach|Winnenden,8005454,Schwaikheim,Baden-Württemberg,Schwaikheim,71409,9.354747358,48.86832665,4,2608131552,,2608131553,,,,,,,,,,,0.0,0.0
-7289711712054290115-2608131511-5,7343,2608131522,2608131523,1,,S,S3,Backnang|Maubach|Nellmersbach|Winnenden,8005454,Schwaikheim,Baden-Württemberg,Schwaikheim,71409,9.354747358,48.86832665,4,2608131524,,2608131525,,,,,,,,,,,2.0,2.0
8044955983483320146-2608131442-8,7338,2608131506,2608131506,2,,S,S3,Stuttgart Hbf|Stuttgart-Bad Cannstatt|Stuttgart Nürnberger Str.|Stuttgart-Sommerrain|Fellbach|Waiblingen|Neustadt-Hohenacker,8005454,Schwaikheim,Baden-Württemberg,Schwaikheim,71409,9.354747358,48.86832665,4,2608131506,,2608131507,,,,,,,,,,,0.0,1.0
-5323609184183399304-2608131508-15,7044,2608131552,2608131553,1,,S,S60,Stuttgart-Feuerbach|Stuttgart-Zuffenhausen|Neuwirtshaus(Porscheplatz)|Korntal|Weilimdorf|Ditzingen|Höfingen|Leonberg|Rutesheim|Renningen|Renningen Süd|Magstadt|Maichingen Nord|Maichingen,8005574,Sindelfingen,Baden-Württemberg,Sindelfingen,71063,8.999262079,48.70387346,6,2608131553,,2608131554,,,,,,,,,,,1.0,1.0
-8479896976705599840-2608131438-15,7042,2608131522,2608131523,1,,S,S60,Stuttgart-Feuerbach|Stuttgart-Zuffenhausen|Neuwirtshaus(Porscheplatz)|Korntal|Weilimdorf|Ditzingen|Höfingen|Leonberg|Rutesheim|Renningen|Renningen Süd|Magstadt|Maichingen Nord|Maichingen,8005574,Sindelfingen,Baden-Württemberg,Sindelfingen,71063,8.999262079,48.70387346,6,2608131523,,2608131524,,,,,,,,,,,1.0,1.0
-6317899099651385370-2608131534-2,7043,2608131536,2608131537,1,,S,S60,Böblingen,8005574,Sindelfingen,Baden-Württemberg,Sindelfingen,71063,8.999262079,48.70387346,6,2608131540,,2608131541,,,,,,,,,,,4.0,4.0
7143365029900082015-2608131504-2,7041,2608131506,2608131507,1,,S,S60,Böblingen,8005574,Sindelfingen,Baden-Württemberg,Sindelfingen,71063,8.999262079,48.70387346,6,2608131507,,2608131508,,,,,,,,,,,1.0,1.0
-1015302136173583321-2608131520-8,7240,2608131539,2608131539,1,,S,S2,Stuttgart Hbf|Stuttgart-Bad Cannstatt|Stuttgart Nürnberger Str.|Stuttgart-Sommerrain|Fellbach|Waiblingen|Rommelshausen,8005726,Stetten-Beinstein,Baden-Württemberg,Weinstadt,71384,9.352769725,48.81199601,5,2608131546,,2608131546,,h,1,Bauarbeiten,,,,,,,7.0,7.0
-3574262159782319876-2608131533-8,7245,2608131549,2608131549,2,,S,S2,Schorndorf|Weiler(Rems)|Winterbach(b Schorndorf)|Geradstetten|Grunbach|Beutelsbach|Endersbach,8005726,Stetten-Beinstein,Baden-Württemberg,Weinstadt,71384,9.352769725,48.81199601,5,2608131549,,2608131549,,h,1,Bauarbeiten,,,,,,,0.0,0.0
-5212313388548223160-2608131450-8,7238,2608131509,2608131509,1,,S,S2,Stuttgart Hbf|Stuttgart-Bad Cannstatt|Stuttgart Nürnberger Str.|Stuttgart-Sommerrain|Fellbach|Waiblingen|Rommelshausen,8005726,Stetten-Beinstein,Baden-Württemberg,Weinstadt,71384,9.352769725,48.81199601,5,2608131510,,2608131510,,h,1,Bauarbeiten,,,,,,,1.0,1.0
-3934810304618796517-2608131503-8,7243,2608131519,2608131519,2,,S,S2,Schorndorf|Weiler(Rems)|Winterbach(b Schorndorf)|Geradstetten|Grunbach|Beutelsbach|Endersbach,8005726,Stetten-Beinstein,Baden-Württemberg,Weinstadt,71384,9.352769725,48.81199601,5,2608131520,,2608131521,,h,1,Bauarbeiten,,,,,,,1.0,2.0
8576411999696884762-2608131406-6,19679,2608131459,2608131506,15,,ARV,RE1,Karlsruhe Hbf|Karlsruhe-Durlach|Pforzheim Hbf|Mühlacker|Vaihingen(Enz),8000096,Stuttgart Hbf,Baden-Württemberg,Stuttgart,70173,9.183172973,48.78473069,1,2608131525,,2608131529,,h,2,Störung,,,,,,,26.0,23.0
-5217524620660727830-2608131447-4,19234,2608131512,2608131519,8,,RE,MEX12,Plochingen|Esslingen(Neckar)|Stuttgart-Bad Cannstatt,8000096,Stuttgart Hbf,Baden-Württemberg,Stuttgart,70173,9.183172973,48.78473069,1,2608131512,,2608131520,,h,2,Bauarbeiten,,,,,,,0.0,1.0
4881326774039345551-2608131527-1,7542,,2608131527,,,S,S5,,8000096,Stuttgart Hbf,Baden-Württemberg,Stuttgart,70173,9.183172973,48.78473069,1,,,2608131527,,,,,,,,,,,0.0,0.0
-3060958297098975491-2608131352-20,19474,2608131539,,14,,ARV,,Crailsheim|Jagstzell|Ellwangen|Schrezheim|Schwabsberg|Goldshöfe|Hofen(b Aalen)|Wasseralfingen|Aalen Hbf|Mögglingen(Gmünd)|Böbingen(Rems)|Schwäbisch Gmünd|Lorch(Württ)|Waldhausen(b Schorndorf)|Plüderhausen|Urbach(b Schorndorf)|Schorndorf|Waiblingen|Stuttgart-Bad Cannstatt,8000096,Stuttgart Hbf,Baden-Württemberg,Stuttgart,70173,9.183172973,48.78473069,1,2608131548,,,,h,2,Störung,,,,,,,9.0,0.0
1564432240333127755-2608131507-1,7438,,2608131507,,,S,S4,,8000096,Stuttgart Hbf,Baden-Württemberg,Stuttgart,70173,9.183172973,48.78473069,1,,,2608131507,,,,,,,,,,,0.0,0.0
-1516279282303081361-2608131542-1,7342,,2608131542,,,S,S3,,8000096,Stuttgart Hbf,Baden-Württemberg,Stuttgart,70173,9.183172973,48.78473069,1,,,2608131543,,,,,,,,,,,0.0,1.0
5473574269271434737-2608131402-12,17656,2608131542,,7,,RE,,Rottweil|Oberndorf(Neckar)|Sulz(Neckar)|Horb|Eutingen im Gäu|Ergenzingen|Bondorf(b Herrenberg)|Gäufelden|Herrenberg|Böblingen|Stuttgart-Vaihingen,8000096,Stuttgart Hbf,Baden-Württemberg,Stuttgart,70173,9.183172973,48.78473069,1,2608131542,,,,,,,,,,,,,0.0,0.0
-262532238997337043-2608131512-1,7340,,2608131512,,,S,S3,,8000096,Stuttgart Hbf,Baden-Württemberg,Stuttgart,70173,9.183172973,48.78473069,1,,,2608131512,,,,,,,,,,,0.0,0.0
2065126086122736063-2608131520-1,19473,,2608131520,,,ARV,MEX13,,8000096,Stuttgart Hbf,Baden-Württemberg,Stuttgart,70173,9.183172973,48.78473069,1,,,2608131526,,,,,,,,,,,0.0,6.0
-2633182889601930465-2608131336-5,50188,2608131532,,5,,RE,,Singen(Hohentwiel)|Tuttlingen|Rottweil|Horb,8000096,Stuttgart Hbf,Baden-Württemberg,Stuttgart,70173,9.183172973,48.78473069,1,2608131614,,,,h,2,Information,,,Singen(Hohentwiel)|Tuttlingen|Rottweil|Horb,,,,42.0,0.0
7941696835731553601-2608131457-9,19229,2608131542,2608131551,15,,RE,MEX12,Heilbronn Hbf|Nordheim(Württ)|Lauffen(Neckar)|Kirchheim(Neckar)|Walheim(Württ)|Besigheim|Bietigheim-Bissingen|Ludwigsburg,8000096,Stuttgart Hbf,Baden-Württemberg,Stuttgart,70173,9.183172973,48.78473069,1,2608131547,,2608131551,,h,2,Bauarbeiten,,,,,,,5.0,0.0
-1015302136173583321-2608131520-1,7240,,2608131520,,,S,S2,,8000096,Stuttgart Hbf,Baden-Württemberg,Stuttgart,70173,9.183172973,48.78473069,1,,,2608131524,,h,1,Bauarbeiten,,,,,,,0.0,4.0
-5444476258917657908-2608131503-14,7643,2608131545,,1,,S,,Weil der Stadt|Malmsheim|Renningen|Rutesheim|Leonberg|Höfingen|Ditzingen|Weilimdorf|Korntal|Neuwirtshaus(Porscheplatz)|Stuttgart-Zuffenhausen|Stuttgart-Feuerbach|Stuttgart Nordbahnhof,8000096,Stuttgart Hbf,Baden-Württemberg,Stuttgart,70173,9.183172973,48.78473069,1,2608131548,,,,,,,,,,,,,3.0,0.0
-8779317592878223679-2608131503-1,19151,,2608131503,,,ARV,MEX16,,8000096,Stuttgart Hbf,Baden-Württemberg,Stuttgart,70173,9.183172973,48.78473069,1,,,2608131505,14,,,,,,,,,,0.0,2.0
195941745446539029-2608131433-14,7441,2608131525,,1,,S,,Backnang|Burgstall(Murr)|Kirchberg(Murr)|Erdmannhausen|Marbach(Neckar)|Benningen(Neckar)|Freiberg(Neckar)|Favoritepark|Ludwigsburg|Kornwestheim Pbf|Stuttgart-Zuffenhausen|Stuttgart-Feuerbach|Stuttgart Nordbahnhof,8000096,Stuttgart Hbf,Baden-Württemberg,Stuttgart,70173,9.183172973,48.78473069,1,2608131525,,,,,,,,,,,,,0.0,0.0
7236638317671658556-2608131420-15,7141,2608131505,,4,,S,,Kirchheim(Teck)|Kirchheim(Teck)-Ötlingen|Wendlingen(Neckar)|Wernau(Neckar)|Plochingen|Altbach|Esslingen-Zell|Oberesslingen|Esslingen(Neckar)|Esslingen-Mettingen|Stuttgart-Obertürkheim|Stuttgart-Untertürkheim|Stuttgart Neckarpark|Stuttgart-Bad Cannstatt,8000096,Stuttgart Hbf,Baden-Württemberg,Stuttgart,70173,9.183172973,48.78473069,1,2608131505,,,,,,,,,,,,,0.0,0.0
-3394379703841874122-2608131516-1,51989,,2608131516,,,RE,IC87,,8000096,Stuttgart Hbf,Baden-Württemberg,Stuttgart,70173,9.183172973,48.78473069,1,,,2608131516,7,h,2,Information,,,,,,,0.0,0.0
-4628505577045451249-2608131557-1,7544,,2608131557,,,S,S5,,8000096,Stuttgart Hbf,Baden-Württemberg,Stuttgart,70173,9.183172973,48.78473069,1,,,2608131557,,,,,,,,,,,0.0,0.0
-2365839264405796350-2608131537-1,7440,,2608131537,,,S,S4,,8000096,Stuttgart Hbf,Baden-Württemberg,Stuttgart,70173,9.183172973,48.78473069,1,,,2608131537,,,,,,,,,,,0.0,0.0
-8026473961415451067-2608131432-7,19019,2608131527,,8,,ARV,,Karlsruhe Hbf|Karlsruhe-Durlach|Wilferdingen-Singen|Pforzheim Hbf|Mühlacker|Vaihingen(Enz),8000096,Stuttgart Hbf,Baden-Württemberg,Stuttgart,70173,9.183172973,48.78473069,1,2608131531,,,,h,2,Information,,,,,,,4.0,0.0
3781169962498867592-2608131408-10,89686,2608131505,,11,,ARV,,Gaildorf West|Fichtenberg|Murrhardt|Sulzbach(Murr)|Oppenweiler(Württ)|Backnang|Winnenden|Waiblingen|Stuttgart-Bad Cannstatt,8000096,Stuttgart Hbf,Baden-Württemberg,Stuttgart,70173,9.183172973,48.78473069,1,2608131520,,,,h,2,Information,,,,,,,15.0,0.0
-7164744247011336626-2608131237-7,188,2608131532,,5,,IC,,Zürich HB|Schaffhausen|Singen(Hohentwiel)|Tuttlingen|Rottweil|Horb,8000096,Stuttgart Hbf,Baden-Württemberg,Stuttgart,70173,9.183172973,48.78473069,1,2608131613,,,,h,1,Störung,,,Zürich HB|Schaffhausen|Singen(Hohentwiel)|Tuttlingen|Rottweil|Horb,,,,41.0,0.0
-4114242842381462175-2608131542-1,19153,,2608131542,,,ARV,MEX16,,8000096,Stuttgart Hbf,Baden-Württemberg,Stuttgart,70173,9.183172973,48.78473069,1,,,2608131543,,,,,,,,,,,0.0,1.0
-6789865072698659382-2608131407-12,19424,2608131509,,13,,ARV,,Aalen Hbf|Mögglingen(Gmünd)|Böbingen(Rems)|Schwäbisch Gmünd|Lorch(Württ)|Waldhausen(b Schorndorf)|Plüderhausen|Urbach(b Schorndorf)|Schorndorf|Waiblingen|Stuttgart-Bad Cannstatt,8000096,Stuttgart Hbf,Baden-Württemberg,Stuttgart,70173,9.183172973,48.78473069,1,2608131509,,,,,,,,,,,,,0.0,0.0
-4899815477540796252-2608131507-9,7543,2608131535,,2,,S,,Bietigheim-Bissingen|Tamm(Württ)|Asperg|Ludwigsburg|Kornwestheim Pbf|Stuttgart-Zuffenhausen|Stuttgart-Feuerbach|Stuttgart Nordbahnhof,8000096,Stuttgart Hbf,Baden-Württemberg,Stuttgart,70173,9.183172973,48.78473069,1,2608131535,,,,,,,,,,,,,0.0,0.0
-6176428807824195191-2608131525-1,7142,,2608131525,,,S,S1,,8000096,Stuttgart Hbf,Baden-Württemberg,Stuttgart,70173,9.183172973,48.78473069,1,,,2608131527,,,,,,,,,,,0.0,2.0
1014763779494518341-2608131550-1,7242,,2608131550,,,S,S2,,8000096,Stuttgart Hbf,Baden-Württemberg,Stuttgart,70173,9.183172973,48.78473069,1,,,2608131550,,h,1,Bauarbeiten,,,,,,,0.0,0.0
-8962126915234620710-2608131441-12,7341,2608131517,,4,,S,,Backnang|Maubach|Nellmersbach|Winnenden|Schwaikheim|Neustadt-Hohenacker|Waiblingen|Fellbach|Stuttgart-Sommerrain|Stuttgart Nürnberger Str.|Stuttgart-Bad Cannstatt,8000096,Stuttgart Hbf,Baden-Württemberg,Stuttgart,70173,9.183172973,48.78473069,1,2608131521,,,,,,,,,,,,,4.0,0.0
-6396384465199611007-2608131546-1,19423,,2608131546,,,ARV,MEX13,,8000096,Stuttgart Hbf,Baden-Württemberg,Stuttgart,70173,9.183172973,48.78473069,1,,,2608131556,,,,,,,,,,,0.0,10.0
-1487088360243286486-2608131516-1,1989,,2608131516,,,IC,,,8000096,Stuttgart Hbf,Baden-Württemberg,Stuttgart,70173,9.183172973,48.78473069,1,,,2608131516,7,h,2,Information,,,,,,,0.0,0.0
-211123567369107864-2608131501-1,28487,,2608131501,,,RE,RESB,,8000096,Stuttgart Hbf,Baden-Württemberg,Stuttgart,70173,9.183172973,48.78473069,1,,,2608131503,8,,,,,,,,,,0.0,2.0
-7289711712054290115-2608131511-12,7343,2608131547,,4,,S,,Backnang|Maubach|Nellmersbach|Winnenden|Schwaikheim|Neustadt-Hohenacker|Waiblingen|Fellbach|Stuttgart-Sommerrain|Stuttgart Nürnberger Str.|Stuttgart-Bad Cannstatt,8000096,Stuttgart Hbf,Baden-Württemberg,Stuttgart,70173,9.183172973,48.78473069,1,2608131547,,,,,,,,,,,,,0.0,0.0
-5955272615429035569-2608131433-15,7241,2608131510,,3,,S,,Schorndorf|Weiler(Rems)|Winterbach(b Schorndorf)|Geradstetten|Grunbach|Beutelsbach|Endersbach|Stetten-Beinstein|Rommelshausen|Waiblingen|Fellbach|Stuttgart-Sommerrain|Stuttgart Nürnberger Str.|Stuttgart-Bad Cannstatt,8000096,Stuttgart Hbf,Baden-Württemberg,Stuttgart,70173,9.183172973,48.78473069,1,2608131516,,,,h,1,Bauarbeiten,,,,,,,6.0,0.0
8675188762373594080-2608131532-1,19020,,2608131532,,,ARV,RE1,,8000096,Stuttgart Hbf,Baden-Württemberg,Stuttgart,70173,9.183172973,48.78473069,1,,,2608131532,,h,2,Information,,,,,,,0.0,0.0
109318085949003122-2608131537-1,4223,,2608131537,,,RE,RE5,,8000096,Stuttgart Hbf,Baden-Württemberg,Stuttgart,70173,9.183172973,48.78473069,1,,,2608131537,,h,2,Störung,,,,,,c,0.0,0.0
-1994958145249286083-2608131517-1,7640,,2608131517,,,S,S6,,8000096,Stuttgart Hbf,Baden-Württemberg,Stuttgart,70173,9.183172973,48.78473069,1,,,2608131517,,,,,,,,,,,0.0,0.0
6954924236955692259-2608131328-5,516,2608131543,2608131549,10,,ICE,,München Hbf|München-Pasing|Augsburg Hbf|Ulm Hbf,8000096,Stuttgart Hbf,Baden-Württemberg,Stuttgart,70173,9.183172973,48.78473069,1,2608131618,,2608131623,,h,3,Information,,,München Hbf|München-Pasing|Augsburg Hbf|Ulm Hbf,Mannheim Hbf|Frankfurt(M) Flughafen Fernbf|Köln Hbf|Solingen Hbf|Wuppertal Hbf|Hagen Hbf|Dortmund Hbf|Münster(Westf)Hbf|Osnabrück Hbf|Bremen Hbf|Hamburg-Harburg|Hamburg Hbf,,,35.0,34.0
-2009053455241963144-2608131448-16,19150,2608131550,,13,,ARV,,Geislingen(Steige)|Geislingen(Steige)West|Kuchen|Gingen(Fils)|Süßen|Salach|Eislingen(Fils)|Göppingen|Faurndau|Uhingen|Ebersbach(Fils)|Reichenbach(Fils)|Plochingen|Esslingen(Neckar)|Stuttgart-Bad Cannstatt,8000096,Stuttgart Hbf,Baden-Württemberg,Stuttgart,70173,9.183172973,48.78473069,1,2608131551,,,,,,,,,,,,,1.0,0.0
6037772526634891708-2608131555-1,7144,,2608131555,,,S,S1,,8000096,Stuttgart Hbf,Baden-Württemberg,Stuttgart,70173,9.183172973,48.78473069,1,,,2608131555,,,,,,,,,,,0.0,0.0
-4327327279162025655-2608131433-14,7641,2608131515,,2,,S,,Weil der Stadt|Malmsheim|Renningen|Rutesheim|Leonberg|Höfingen|Ditzingen|Weilimdorf|Korntal|Neuwirtshaus(Porscheplatz)|Stuttgart-Zuffenhausen|Stuttgart-Feuerbach|Stuttgart Nordbahnhof,8000096,Stuttgart Hbf,Baden-Württemberg,Stuttgart,70173,9.183172973,48.78473069,1,2608131515,,,,,,,,,,,,,0.0,0.0
-275229670537218485-2608131450-15,7143,2608131535,,4,,S,,Kirchheim(Teck)|Kirchheim(Teck)-Ötlingen|Wendlingen(Neckar)|Wernau(Neckar)|Plochingen|Altbach|Esslingen-Zell|Oberesslingen|Esslingen(Neckar)|Esslingen-Mettingen|Stuttgart-Obertürkheim|Stuttgart-Untertürkheim|Stuttgart Neckarpark|Stuttgart-Bad Cannstatt,8000096,Stuttgart Hbf,Baden-Württemberg,Stuttgart,70173,9.183172973,48.78473069,1,2608131539,,,,,,,,,,,,,4.0,0.0
-3934810304618796517-2608131503-15,7243,2608131540,,3,,S,,Schorndorf|Weiler(Rems)|Winterbach(b Schorndorf)|Geradstetten|Grunbach|Beutelsbach|Endersbach|Stetten-Beinstein|Rommelshausen|Waiblingen|Fellbach|Stuttgart-Sommerrain|Stuttgart Nürnberger Str.|Stuttgart-Bad Cannstatt,8000096,Stuttgart Hbf,Baden-Württemberg,Stuttgart,70173,9.183172973,48.78473069,1,2608131542,,,,h,1,Bauarbeiten,,,,,,,2.0,0.0
-293311094429060174-2608131514-1,969,,2608131514,,,WB,,,8000096,Stuttgart Hbf,Baden-Württemberg,Stuttgart,70173,9.183172973,48.78473069,1,,,2608131514,,,,,,,,,,,0.0,0.0
3936577842997907070-2608131503-14,7443,2608131555,,2,,S,,Backnang|Burgstall(Murr)|Kirchberg(Murr)|Erdmannhausen|Marbach(Neckar)|Benningen(Neckar)|Freiberg(Neckar)|Favoritepark|Ludwigsburg|Kornwestheim Pbf|Stuttgart-Zuffenhausen|Stuttgart-Feuerbach|Stuttgart Nordbahnhof,8000096,Stuttgart Hbf,Baden-Württemberg,Stuttgart,70173,9.183172973,48.78473069,1,2608131555,,,,,,,,,,,,,0.0,0.0
-434662733066569795-2608131547-1,7642,,2608131547,,,S,S6,,8000096,Stuttgart Hbf,Baden-Württemberg,Stuttgart,70173,9.183172973,48.78473069,1,,,2608131547,,,,,,,,,,,0.0,0.0
7108560216606641199-2608131303-13,4218,2608131520,,12,,RE,,Friedrichshafen Stadt|Meckenbeuren|Ravensburg|Aulendorf|Bad Schussenried|Biberach(Riß)|Laupheim West|Ulm Hbf|Geislingen(Steige)|Göppingen|Plochingen|Esslingen(Neckar),8000096,Stuttgart Hbf,Baden-Württemberg,Stuttgart,70173,9.183172973,48.78473069,1,2608131526,,,,h,2,Störung,,,,,,,6.0,0.0
-5797445132084547113-2608131413-17,17658,2608131542,,7,,RE,,Freudenstadt Hbf|Grüntal-Wittlensweiler|Dornstetten-Aach|Dornstetten|Schopfloch(b Freudenstadt)|Bittelbronn|Horb-Heiligenfeld|Hochdorf(b Horb)|Eutingen Nord|Eutingen im Gäu|Ergenzingen|Bondorf(b Herrenberg)|Gäufelden|Herrenberg|Böblingen|Stuttgart-Vaihingen,8000096,Stuttgart Hbf,Baden-Württemberg,Stuttgart,70173,9.183172973,48.78473069,1,2608131542,,,,,,,,,,,,,0.0,0.0
8032313004423587334-2608131533-3,28486,2608131555,,5,,RE,,Böblingen|Stuttgart-Vaihingen,8000096,Stuttgart Hbf,Baden-Württemberg,Stuttgart,70173,9.183172973,48.78473069,1,2608131559,,,,,,,,,,,,,4.0,0.0
-5158695761160429992-2608130727-14,2587,2608131511,2608131517,16,,ICE,,Hamburg Hbf|Büchen|Ludwigslust|Wittenberge|Berlin Hbf|Berlin Südkreuz|Lutherstadt Wittenberg Hbf|Leipzig Hbf|Erfurt Hbf|Eisenach Hbf|Fulda|Frankfurt(Main)Hbf|Mannheim Hbf,8000096,Stuttgart Hbf,Baden-Württemberg,Stuttgart,70173,9.183172973,48.78473069,1,2608131605,16,2608131610,16,h,2,Information,,,Hamburg Hbf|Büchen|Ludwigslust|Wittenberge|Berlin Hbf|Berlin Südkreuz|Lutherstadt Wittenberg Hbf|Leipzig Hbf|Erfurt Hbf|Eisenach Hbf|Fulda|Frankfurt(Main)Hbf|Mannheim Hbf,Ulm Hbf|Augsburg Hbf|München-Pasing|München Hbf,,,54.0,53.0
-4673584192066442283-2608131344-22,19148,2608131516,,10,,ARV,,Ulm Hbf|Beimerstetten|Westerstetten|Lonsee|Urspring|Amstetten(Württ)|Geislingen(Steige)|Geislingen(Steige)West|Kuchen|Gingen(Fils)|Süßen|Salach|Eislingen(Fils)|Göppingen|Faurndau|Uhingen|Ebersbach(Fils)|Reichenbach(Fils)|Plochingen|Esslingen(Neckar)|Stuttgart-Bad Cannstatt,8000096,Stuttgart Hbf,Baden-Württemberg,Stuttgart,70173,9.183172973,48.78473069,1,2608131523,,,,,,,,,,,,,7.0,0.0
3829718457082671082-2608131437-9,7541,2608131505,,1,,S,,Bietigheim-Bissingen|Tamm(Württ)|Asperg|Ludwigsburg|Kornwestheim Pbf|Stuttgart-Zuffenhausen|Stuttgart-Feuerbach|Stuttgart Nordbahnhof,8000096,Stuttgart Hbf,Baden-Württemberg,Stuttgart,70173,9.183172973,48.78473069,1,2608131505,,,,,,,,,,,,,0.0,0.0
-1302275594339840200-2608131522-1,576,,2608131522,,,ICE,,,8000096,Stuttgart Hbf,Baden-Württemberg,Stuttgart,70173,9.183172973,48.78473069,1,,,2608131525,,h,3,Information,,,,,,,0.0,3.0
-387431697158603649-2608131340-4,2160,2608131553,2608131559,11,,IC,,Nürnberg Hbf|Ansbach|Aalen Hbf,8000096,Stuttgart Hbf,Baden-Württemberg,Stuttgart,70173,9.183172973,48.78473069,1,2608131637,13,,,h,3,Information,,,Nürnberg Hbf|Ansbach|Aalen Hbf,Vaihingen(Enz)|Mühlacker|Pforzheim Hbf|Karlsruhe Hbf,,c,44.0,0.0
-6176428807824195191-2608131525-3,7142,2608131532,2608131532,2,,S,S1,Stuttgart Hbf|Stuttgart-Bad Cannstatt,8006743,Stuttgart Neckarpark,Baden-Württemberg,Stuttgart,70372,9.24106855,48.79194362,4,2608131534,,2608131534,,,,,,,,,,,2.0,2.0
6830165283023982751-2608131520-13,7145,2608131557,2608131557,1,,S,S1,Kirchheim(Teck)|Kirchheim(Teck)-Ötlingen|Wendlingen(Neckar)|Wernau(Neckar)|Plochingen|Altbach|Esslingen-Zell|Oberesslingen|Esslingen(Neckar)|Esslingen-Mettingen|Stuttgart-Obertürkheim|Stuttgart-Untertürkheim,8006743,Stuttgart Neckarpark,Baden-Württemberg,Stuttgart,70372,9.24106855,48.79194362,4,2608131559,,2608131600,,,,,,,,,,,2.0,3.0
353565874858451215-2608131455-3,7140,2608131502,2608131502,2,,S,S1,Stuttgart Hbf|Stuttgart-Bad Cannstatt,8006743,Stuttgart Neckarpark,Baden-Württemberg,Stuttgart,70372,9.24106855,48.79194362,4,2608131502,,2608131503,,,,,,,,,,,0.0,1.0
-275229670537218485-2608131450-13,7143,2608131527,2608131527,1,,S,S1,Kirchheim(Teck)|Kirchheim(Teck)-Ötlingen|Wendlingen(Neckar)|Wernau(Neckar)|Plochingen|Altbach|Esslingen-Zell|Oberesslingen|Esslingen(Neckar)|Esslingen-Mettingen|Stuttgart-Obertürkheim|Stuttgart-Untertürkheim,8006743,Stuttgart Neckarpark,Baden-Württemberg,Stuttgart,70372,9.24106855,48.79194362,4,2608131530,,2608131531,,,,,,,,,,,3.0,4.0
4881326774039345551-2608131527-2,7542,2608131530,2608131531,3,,S,S5,Stuttgart Hbf,8005767,Stuttgart Nord,Baden-Württemberg,Stuttgard-Nord,70174,9.188061449,48.80374161,5,2608131531,,2608131531,,,,,,,,,,,1.0,0.0
1564432240333127755-2608131507-2,7438,2608131510,2608131511,3,,S,S4,Stuttgart Hbf,8005767,Stuttgart Nord,Baden-Württemberg,Stuttgard-Nord,70174,9.188061449,48.80374161,5,2608131512,,2608131512,,,,,,,,,,,2.0,1.0
-8779513401122207470-2608131457-2,7540,2608131500,2608131501,3,,S,S5,Stuttgart Hbf,8005767,Stuttgart Nord,Baden-Württemberg,Stuttgard-Nord,70174,9.188061449,48.80374161,5,2608131501,,2608131502,,,,,,,,,,,1.0,1.0
-5444476258917657908-2608131503-13,7643,2608131539,2608131541,4,,S,S6,Weil der Stadt|Malmsheim|Renningen|Rutesheim|Leonberg|Höfingen|Ditzingen|Weilimdorf|Korntal|Neuwirtshaus(Porscheplatz)|Stuttgart-Zuffenhausen|Stuttgart-Feuerbach,8005767,Stuttgart Nord,Baden-Württemberg,Stuttgard-Nord,70174,9.188061449,48.80374161,5,2608131543,,2608131544,,,,,,,,,,,4.0,3.0
195941745446539029-2608131433-13,7441,2608131519,2608131521,4,,S,S4,Backnang|Burgstall(Murr)|Kirchberg(Murr)|Erdmannhausen|Marbach(Neckar)|Benningen(Neckar)|Freiberg(Neckar)|Favoritepark|Ludwigsburg|Kornwestheim Pbf|Stuttgart-Zuffenhausen|Stuttgart-Feuerbach,8005767,Stuttgart Nord,Baden-Württemberg,Stuttgard-Nord,70174,9.188061449,48.80374161,5,2608131519,,2608131521,,,,,,,,,,,0.0,0.0
6801304589286144337-2608131537-8,7545,2608131559,2608131601,4,,S,S5,Bietigheim-Bissingen|Tamm(Württ)|Asperg|Ludwigsburg|Kornwestheim Pbf|Stuttgart-Zuffenhausen|Stuttgart-Feuerbach,8005767,Stuttgart Nord,Baden-Württemberg,Stuttgard-Nord,70174,9.188061449,48.80374161,5,2608131559,,2608131601,,,,,,,,,,,0.0,0.0
-2365839264405796350-2608131537-2,7440,2608131540,2608131541,3,,S,S4,Stuttgart Hbf,8005767,Stuttgart Nord,Baden-Württemberg,Stuttgard-Nord,70174,9.188061449,48.80374161,5,2608131540,,2608131541,,,,,,,,,,,0.0,0.0
-4899815477540796252-2608131507-8,7543,2608131529,2608131531,4,,S,S5,Bietigheim-Bissingen|Tamm(Württ)|Asperg|Ludwigsburg|Kornwestheim Pbf|Stuttgart-Zuffenhausen|Stuttgart-Feuerbach,8005767,Stuttgart Nord,Baden-Württemberg,Stuttgard-Nord,70174,9.188061449,48.80374161,5,2608131529,,2608131531,,,,,,,,,,,0.0,0.0
-1994958145249286083-2608131517-2,7640,2608131520,2608131522,3,,S,S6,Stuttgart Hbf,8005767,Stuttgart Nord,Baden-Württemberg,Stuttgard-Nord,70174,9.188061449,48.80374161,5,2608131522,,2608131523,,,,,,,,,,,2.0,1.0
-4327327279162025655-2608131433-13,7641,2608131509,2608131511,4,,S,S6,Weil der Stadt|Malmsheim|Renningen|Rutesheim|Leonberg|Höfingen|Ditzingen|Weilimdorf|Korntal|Neuwirtshaus(Porscheplatz)|Stuttgart-Zuffenhausen|Stuttgart-Feuerbach,8005767,Stuttgart Nord,Baden-Württemberg,Stuttgard-Nord,70174,9.188061449,48.80374161,5,2608131509,,2608131511,,,,,,,,,,,0.0,0.0
3936577842997907070-2608131503-13,7443,2608131549,2608131551,4,,S,S4,Backnang|Burgstall(Murr)|Kirchberg(Murr)|Erdmannhausen|Marbach(Neckar)|Benningen(Neckar)|Freiberg(Neckar)|Favoritepark|Ludwigsburg|Kornwestheim Pbf|Stuttgart-Zuffenhausen|Stuttgart-Feuerbach,8005767,Stuttgart Nord,Baden-Württemberg,Stuttgard-Nord,70174,9.188061449,48.80374161,5,2608131549,,2608131551,,,,,,,,,,,0.0,0.0
-434662733066569795-2608131547-2,7642,2608131550,2608131552,3,,S,S6,Stuttgart Hbf,8005767,Stuttgart Nord,Baden-Württemberg,Stuttgard-Nord,70174,9.188061449,48.80374161,5,2608131552,,2608131552,,,,,,,,,,,2.0,0.0
3829718457082671082-2608131437-8,7541,2608131459,2608131501,4,,S,S5,Bietigheim-Bissingen|Tamm(Württ)|Asperg|Ludwigsburg|Kornwestheim Pbf|Stuttgart-Zuffenhausen|Stuttgart-Feuerbach,8005767,Stuttgart Nord,Baden-Württemberg,Stuttgard-Nord,70174,9.188061449,48.80374161,5,2608131459,,2608131501,,,,,,,,,,,0.0,0.0
-1516279282303081361-2608131542-3,7342,2608131552,2608131552,4,,S,S3,Stuttgart Hbf|Stuttgart-Bad Cannstatt,8004357,Stuttgart Nürnberger Straße,Baden-Württemberg,Stuttgart,70374,9.234576905,48.80656062,5,2608131552,,2608131552,,,,,,,,,,,0.0,0.0
-262532238997337043-2608131512-3,7340,2608131522,2608131522,4,,S,S3,Stuttgart Hbf|Stuttgart-Bad Cannstatt,8004357,Stuttgart Nürnberger Straße,Baden-Württemberg,Stuttgart,70374,9.234576905,48.80656062,5,2608131522,,2608131523,,,,,,,,,,,0.0,1.0
-1015302136173583321-2608131520-3,7240,2608131527,2608131527,4,,S,S2,Stuttgart Hbf|Stuttgart-Bad Cannstatt,8004357,Stuttgart Nürnberger Straße,Baden-Württemberg,Stuttgart,70374,9.234576905,48.80656062,5,2608131530,,2608131531,,h,1,Bauarbeiten,,,,,,,3.0,4.0
1014763779494518341-2608131550-3,7242,2608131557,2608131557,4,,S,S2,Stuttgart Hbf|Stuttgart-Bad Cannstatt,8004357,Stuttgart Nürnberger Straße,Baden-Württemberg,Stuttgart,70374,9.234576905,48.80656062,5,2608131557,,2608131557,,h,1,Bauarbeiten,,,,,,,0.0,0.0
-8962126915234620710-2608131441-10,7341,2608131507,2608131508,1,,S,S3,Backnang|Maubach|Nellmersbach|Winnenden|Schwaikheim|Neustadt-Hohenacker|Waiblingen|Fellbach|Stuttgart-Sommerrain,8004357,Stuttgart Nürnberger Straße,Baden-Württemberg,Stuttgart,70374,9.234576905,48.80656062,5,2608131512,,2608131513,,,,,,,,,,,5.0,5.0
-7289711712054290115-2608131511-10,7343,2608131537,2608131538,1,,S,S3,Backnang|Maubach|Nellmersbach|Winnenden|Schwaikheim|Neustadt-Hohenacker|Waiblingen|Fellbach|Stuttgart-Sommerrain,8004357,Stuttgart Nürnberger Straße,Baden-Württemberg,Stuttgart,70374,9.234576905,48.80656062,5,2608131539,,2608131540,,,,,,,,,,,2.0,2.0
-5955272615429035569-2608131433-13,7241,2608131502,2608131503,1,,S,S2,Schorndorf|Weiler(Rems)|Winterbach(b Schorndorf)|Geradstetten|Grunbach|Beutelsbach|Endersbach|Stetten-Beinstein|Rommelshausen|Waiblingen|Fellbach|Stuttgart-Sommerrain,8004357,Stuttgart Nürnberger Straße,Baden-Württemberg,Stuttgart,70374,9.234576905,48.80656062,5,2608131508,,2608131509,,h,1,Bauarbeiten,,,,,,,6.0,6.0
-3934810304618796517-2608131503-13,7243,2608131532,2608131533,1,,S,S2,Schorndorf|Weiler(Rems)|Winterbach(b Schorndorf)|Geradstetten|Grunbach|Beutelsbach|Endersbach|Stetten-Beinstein|Rommelshausen|Waiblingen|Fellbach|Stuttgart-Sommerrain,8004357,Stuttgart Nürnberger Straße,Baden-Württemberg,Stuttgart,70374,9.234576905,48.80656062,5,2608131534,,2608131534,,h,1,Bauarbeiten,,,,,,,2.0,1.0
-5217524620660727830-2608131447-3,19234,2608131503,2608131508,1,,RE,MEX12,Plochingen|Esslingen(Neckar),8005769,Stuttgart-Bad Cannstatt,Baden-Württemberg,Stuttgart,70372,9.217468636,48.80127978,3,2608131507,,2608131508,,h,2,Bauarbeiten,,,,,,,4.0,0.0
-3060958297098975491-2608131352-19,19474,2608131535,2608131535,6,,ARV,MEX13,Crailsheim|Jagstzell|Ellwangen|Schrezheim|Schwabsberg|Goldshöfe|Hofen(b Aalen)|Wasseralfingen|Aalen Hbf|Mögglingen(Gmünd)|Böbingen(Rems)|Schwäbisch Gmünd|Lorch(Württ)|Waldhausen(b Schorndorf)|Plüderhausen|Urbach(b Schorndorf)|Schorndorf|Waiblingen,8005769,Stuttgart-Bad Cannstatt,Baden-Württemberg,Stuttgart,70372,9.217468636,48.80127978,3,2608131544,,2608131545,,h,2,Störung,,,,,,,9.0,10.0
-1516279282303081361-2608131542-2,7342,2608131546,2608131549,3,,S,S3,Stuttgart Hbf,8005769,Stuttgart-Bad Cannstatt,Baden-Württemberg,Stuttgart,70372,9.217468636,48.80127978,3,2608131547,,2608131549,,,,,,,,,,,1.0,0.0
-262532238997337043-2608131512-2,7340,2608131516,2608131519,3,,S,S3,Stuttgart Hbf,8005769,Stuttgart-Bad Cannstatt,Baden-Württemberg,Stuttgart,70372,9.217468636,48.80127978,3,2608131516,,2608131519,,,,,,,,,,,0.0,0.0
2065126086122736063-2608131520-2,19473,2608131524,2608131525,7,,ARV,MEX13,Stuttgart Hbf,8005769,Stuttgart-Bad Cannstatt,Baden-Württemberg,Stuttgart,70372,9.217468636,48.80127978,3,2608131529,,2608131530,,,,,,,,,,,5.0,5.0
7941696835731553601-2608131457-10,19229,2608131554,2608131555,8,,RE,MEX12,Heilbronn Hbf|Nordheim(Württ)|Lauffen(Neckar)|Kirchheim(Neckar)|Walheim(Württ)|Besigheim|Bietigheim-Bissingen|Ludwigsburg|Stuttgart Hbf,8005769,Stuttgart-Bad Cannstatt,Baden-Württemberg,Stuttgart,70372,9.217468636,48.80127978,3,2608131558,4,2608131556,4,h,2,Bauarbeiten,,,,,,,4.0,1.0
-1015302136173583321-2608131520-2,7240,2608131524,2608131524,3,,S,S2,Stuttgart Hbf,8005769,Stuttgart-Bad Cannstatt,Baden-Württemberg,Stuttgart,70372,9.217468636,48.80127978,3,2608131528,,2608131528,,h,1,Bauarbeiten,,,,,,,4.0,4.0
-8779317592878223679-2608131503-2,19151,2608131507,2608131509,8,,ARV,MEX16,Stuttgart Hbf,8005769,Stuttgart-Bad Cannstatt,Baden-Württemberg,Stuttgart,70372,9.217468636,48.80127978,3,2608131508,,2608131509,,,,,,,,,,,1.0,0.0
7236638317671658556-2608131420-14,7141,2608131500,2608131501,2,,S,S1,Kirchheim(Teck)|Kirchheim(Teck)-Ötlingen|Wendlingen(Neckar)|Wernau(Neckar)|Plochingen|Altbach|Esslingen-Zell|Oberesslingen|Esslingen(Neckar)|Esslingen-Mettingen|Stuttgart-Obertürkheim|Stuttgart-Untertürkheim|Stuttgart Neckarpark,8005769,Stuttgart-Bad Cannstatt,Baden-Württemberg,Stuttgart,70372,9.217468636,48.80127978,3,2608131502,,2608131502,,,,,,,,,,,2.0,1.0
-4760696222469932619-2608131511-8,17544,2608131558,2608131558,6,,RE,MEX90,Gaildorf West|Murrhardt|Sulzbach(Murr)|Oppenweiler(Württ)|Backnang|Winnenden|Waiblingen,8005769,Stuttgart-Bad Cannstatt,Baden-Württemberg,Stuttgart,70372,9.217468636,48.80127978,3,2608131558,,2608131559,,h,1,Störung,,,,,,,0.0,1.0
3781169962498867592-2608131408-9,89686,2608131501,2608131502,6,,ARV,RE90,Gaildorf West|Fichtenberg|Murrhardt|Sulzbach(Murr)|Oppenweiler(Württ)|Backnang|Winnenden|Waiblingen,8005769,Stuttgart-Bad Cannstatt,Baden-Württemberg,Stuttgart,70372,9.217468636,48.80127978,3,2608131515,,2608131516,,h,2,Information,,,,,,,14.0,14.0
-4114242842381462175-2608131542-2,19153,2608131545,2608131546,8,,ARV,MEX16,Stuttgart Hbf,8005769,Stuttgart-Bad Cannstatt,Baden-Württemberg,Stuttgart,70372,9.217468636,48.80127978,3,2608131546,,2608131547,,,,,,,,,,,1.0,1.0
-6789865072698659382-2608131407-11,19424,2608131505,2608131505,6,,ARV,MEX13,Aalen Hbf|Mögglingen(Gmünd)|Böbingen(Rems)|Schwäbisch Gmünd|Lorch(Württ)|Waldhausen(b Schorndorf)|Plüderhausen|Urbach(b Schorndorf)|Schorndorf|Waiblingen,8005769,Stuttgart-Bad Cannstatt,Baden-Württemberg,Stuttgart,70372,9.217468636,48.80127978,3,2608131505,,2608131505,,,,,,,,,,,0.0,0.0
-6176428807824195191-2608131525-2,7142,2608131528,2608131529,3,,S,S1,Stuttgart Hbf,8005769,Stuttgart-Bad Cannstatt,Baden-Württemberg,Stuttgart,70372,9.217468636,48.80127978,3,2608131531,,2608131531,,,,,,,,,,,3.0,2.0
1014763779494518341-2608131550-2,7242,2608131554,2608131554,3,,S,S2,Stuttgart Hbf,8005769,Stuttgart-Bad Cannstatt,Baden-Württemberg,Stuttgart,70372,9.217468636,48.80127978,3,2608131554,,2608131554,,h,1,Bauarbeiten,,,,,,,0.0,0.0
-8962126915234620710-2608131441-11,7341,2608131511,2608131513,2,,S,S3,Backnang|Maubach|Nellmersbach|Winnenden|Schwaikheim|Neustadt-Hohenacker|Waiblingen|Fellbach|Stuttgart-Sommerrain|Stuttgart Nürnberger Str.,8005769,Stuttgart-Bad Cannstatt,Baden-Württemberg,Stuttgart,70372,9.217468636,48.80127978,3,2608131515,,2608131516,,,,,,,,,,,4.0,3.0
-6396384465199611007-2608131546-2,19423,2608131550,2608131552,7,,ARV,MEX13,Stuttgart Hbf,8005769,Stuttgart-Bad Cannstatt,Baden-Württemberg,Stuttgart,70372,9.217468636,48.80127978,3,2608131559,,2608131600,,,,,,,,,,,9.0,8.0
-7289711712054290115-2608131511-11,7343,2608131541,2608131543,2,,S,S3,Backnang|Maubach|Nellmersbach|Winnenden|Schwaikheim|Neustadt-Hohenacker|Waiblingen|Fellbach|Stuttgart-Sommerrain|Stuttgart Nürnberger Str.,8005769,Stuttgart-Bad Cannstatt,Baden-Württemberg,Stuttgart,70372,9.217468636,48.80127978,3,2608131543,,2608131543,,,,,,,,,,,2.0,0.0
-5955272615429035569-2608131433-14,7241,2608131505,2608131506,2,,S,S2,Schorndorf|Weiler(Rems)|Winterbach(b Schorndorf)|Geradstetten|Grunbach|Beutelsbach|Endersbach|Stetten-Beinstein|Rommelshausen|Waiblingen|Fellbach|Stuttgart-Sommerrain|Stuttgart Nürnberger Str.,8005769,Stuttgart-Bad Cannstatt,Baden-Württemberg,Stuttgart,70372,9.217468636,48.80127978,3,2608131512,,2608131513,,h,1,Bauarbeiten,,,,,,,7.0,7.0
-2009053455241963144-2608131448-15,19150,2608131546,2608131546,5,,ARV,MEX16,Geislingen(Steige)|Geislingen(Steige)West|Kuchen|Gingen(Fils)|Süßen|Salach|Eislingen(Fils)|Göppingen|Faurndau|Uhingen|Ebersbach(Fils)|Reichenbach(Fils)|Plochingen|Esslingen(Neckar),8005769,Stuttgart-Bad Cannstatt,Baden-Württemberg,Stuttgart,70372,9.217468636,48.80127978,3,2608131547,,2608131548,,,,,,,,,,,1.0,2.0
6037772526634891708-2608131555-2,7144,2608131558,2608131559,3,,S,S1,Stuttgart Hbf,8005769,Stuttgart-Bad Cannstatt,Baden-Württemberg,Stuttgart,70372,9.217468636,48.80127978,3,2608131558,,2608131559,,,,,,,,,,,0.0,0.0
-275229670537218485-2608131450-14,7143,2608131530,2608131531,2,,S,S1,Kirchheim(Teck)|Kirchheim(Teck)-Ötlingen|Wendlingen(Neckar)|Wernau(Neckar)|Plochingen|Altbach|Esslingen-Zell|Oberesslingen|Esslingen(Neckar)|Esslingen-Mettingen|Stuttgart-Obertürkheim|Stuttgart-Untertürkheim|Stuttgart Neckarpark,8005769,Stuttgart-Bad Cannstatt,Baden-Württemberg,Stuttgart,70372,9.217468636,48.80127978,3,2608131533,,2608131536,,,,,,,,,,,3.0,5.0
-3934810304618796517-2608131503-14,7243,2608131535,2608131536,2,,S,S2,Schorndorf|Weiler(Rems)|Winterbach(b Schorndorf)|Geradstetten|Grunbach|Beutelsbach|Endersbach|Stetten-Beinstein|Rommelshausen|Waiblingen|Fellbach|Stuttgart-Sommerrain|Stuttgart Nürnberger Str.,8005769,Stuttgart-Bad Cannstatt,Baden-Württemberg,Stuttgart,70372,9.217468636,48.80127978,3,2608131538,,2608131539,,h,1,Bauarbeiten,,,,,,,3.0,3.0
-4673584192066442283-2608131344-21,19148,2608131512,2608131512,5,,ARV,MEX16,Ulm Hbf|Beimerstetten|Westerstetten|Lonsee|Urspring|Amstetten(Württ)|Geislingen(Steige)|Geislingen(Steige)West|Kuchen|Gingen(Fils)|Süßen|Salach|Eislingen(Fils)|Göppingen|Faurndau|Uhingen|Ebersbach(Fils)|Reichenbach(Fils)|Plochingen|Esslingen(Neckar),8005769,Stuttgart-Bad Cannstatt,Baden-Württemberg,Stuttgart,70372,9.217468636,48.80127978,3,2608131518,,2608131519,,,,,,,,,,,6.0,7.0
348413315187624753-2608131456-2,98233,2608131459,2608131501,,,ARV,RE90,Stuttgart Hbf,8005769,Stuttgart-Bad Cannstatt,Baden-Württemberg,Stuttgart,70372,9.217468636,48.80127978,3,2608131501,7,2608131503,7,h,2,Information,,,,,,,2.0,2.0
4881326774039345551-2608131527-3,7542,2608131533,2608131534,2,,S,S5,Stuttgart Hbf|Stuttgart Nordbahnhof,8005770,Stuttgart-Feuerbach,Baden-Württemberg,Feuerbach,70469,9.169186287,48.81363554,3,2608131533,,2608131534,,,,,,,,,,,0.0,0.0
1564432240333127755-2608131507-3,7438,2608131513,2608131514,2,,S,S4,Stuttgart Hbf|Stuttgart Nordbahnhof,8005770,Stuttgart-Feuerbach,Baden-Württemberg,Feuerbach,70469,9.169186287,48.81363554,3,2608131514,,2608131514,,,,,,,,,,,1.0,0.0
-8779513401122207470-2608131457-3,7540,2608131503,2608131504,2,,S,S5,Stuttgart Hbf|Stuttgart Nordbahnhof,8005770,Stuttgart-Feuerbach,Baden-Württemberg,Feuerbach,70469,9.169186287,48.81363554,3,2608131503,,2608131504,,,,,,,,,,,0.0,0.0
-4934377407582477101-2608131538-1,7046,,2608131538,,,S,S60,,8005770,Stuttgart-Feuerbach,Baden-Württemberg,Feuerbach,70469,9.169186287,48.81363554,3,,,2608131539,,,,,,,,,,,0.0,1.0
-5444476258917657908-2608131503-12,7643,2608131536,2608131536,1,,S,S6,Weil der Stadt|Malmsheim|Renningen|Rutesheim|Leonberg|Höfingen|Ditzingen|Weilimdorf|Korntal|Neuwirtshaus(Porscheplatz)|Stuttgart-Zuffenhausen,8005770,Stuttgart-Feuerbach,Baden-Württemberg,Feuerbach,70469,9.169186287,48.81363554,3,2608131541,,2608131542,,,,,,,,,,,5.0,6.0
195941745446539029-2608131433-12,7441,2608131516,2608131517,1,,S,S4,Backnang|Burgstall(Murr)|Kirchberg(Murr)|Erdmannhausen|Marbach(Neckar)|Benningen(Neckar)|Freiberg(Neckar)|Favoritepark|Ludwigsburg|Kornwestheim Pbf|Stuttgart-Zuffenhausen,8005770,Stuttgart-Feuerbach,Baden-Württemberg,Feuerbach,70469,9.169186287,48.81363554,3,2608131516,,2608131517,,,,,,,,,,,0.0,0.0
6801304589286144337-2608131537-7,7545,2608131556,2608131556,1,,S,S5,Bietigheim-Bissingen|Tamm(Württ)|Asperg|Ludwigsburg|Kornwestheim Pbf|Stuttgart-Zuffenhausen,8005770,Stuttgart-Feuerbach,Baden-Württemberg,Feuerbach,70469,9.169186287,48.81363554,3,2608131556,,2608131557,,,,,,,,,,,0.0,1.0
-2365839264405796350-2608131537-3,7440,2608131543,2608131544,2,,S,S4,Stuttgart Hbf|Stuttgart Nordbahnhof,8005770,Stuttgart-Feuerbach,Baden-Württemberg,Feuerbach,70469,9.169186287,48.81363554,3,2608131543,,2608131545,,,,,,,,,,,0.0,1.0
-4899815477540796252-2608131507-7,7543,2608131526,2608131526,1,,S,S5,Bietigheim-Bissingen|Tamm(Württ)|Asperg|Ludwigsburg|Kornwestheim Pbf|Stuttgart-Zuffenhausen,8005770,Stuttgart-Feuerbach,Baden-Württemberg,Feuerbach,70469,9.169186287,48.81363554,3,2608131526,,2608131527,,,,,,,,,,,0.0,1.0
-3747023062711209303-2608131434-16,7039,2608131521,,1a,,S,,Böblingen|Sindelfingen|Maichingen|Maichingen Nord|Magstadt|Renningen Süd|Renningen|Rutesheim|Leonberg|Höfingen|Ditzingen|Weilimdorf|Korntal|Neuwirtshaus(Porscheplatz)|Stuttgart-Zuffenhausen,8005770,Stuttgart-Feuerbach,Baden-Württemberg,Feuerbach,70469,9.169186287,48.81363554,3,2608131521,,,,,,,,,,,,,0.0,0.0
-1994958145249286083-2608131517-3,7640,2608131524,2608131524,2,,S,S6,Stuttgart Hbf|Stuttgart Nordbahnhof,8005770,Stuttgart-Feuerbach,Baden-Württemberg,Feuerbach,70469,9.169186287,48.81363554,3,2608131525,,2608131526,,,,,,,,,,,1.0,2.0
-5323609184183399304-2608131508-1,7044,,2608131508,,,S,S60,,8005770,Stuttgart-Feuerbach,Baden-Württemberg,Feuerbach,70469,9.169186287,48.81363554,3,,,2608131508,,,,,,,,,,,0.0,0.0
-4327327279162025655-2608131433-12,7641,2608131506,2608131506,1,,S,S6,Weil der Stadt|Malmsheim|Renningen|Rutesheim|Leonberg|Höfingen|Ditzingen|Weilimdorf|Korntal|Neuwirtshaus(Porscheplatz)|Stuttgart-Zuffenhausen,8005770,Stuttgart-Feuerbach,Baden-Württemberg,Feuerbach,70469,9.169186287,48.81363554,3,2608131506,,2608131506,,,,,,,,,,,0.0,0.0
3936577842997907070-2608131503-12,7443,2608131546,2608131547,1,,S,S4,Backnang|Burgstall(Murr)|Kirchberg(Murr)|Erdmannhausen|Marbach(Neckar)|Benningen(Neckar)|Freiberg(Neckar)|Favoritepark|Ludwigsburg|Kornwestheim Pbf|Stuttgart-Zuffenhausen,8005770,Stuttgart-Feuerbach,Baden-Württemberg,Feuerbach,70469,9.169186287,48.81363554,3,2608131547,,2608131547,,,,,,,,,,,1.0,0.0
-434662733066569795-2608131547-3,7642,2608131554,2608131554,2,,S,S6,Stuttgart Hbf|Stuttgart Nordbahnhof,8005770,Stuttgart-Feuerbach,Baden-Württemberg,Feuerbach,70469,9.169186287,48.81363554,3,2608131554,,2608131556,,,,,,,,,,,0.0,2.0
7143365029900082015-2608131504-16,7041,2608131551,,1a,,S,,Böblingen|Sindelfingen|Maichingen|Maichingen Nord|Magstadt|Renningen Süd|Renningen|Rutesheim|Leonberg|Höfingen|Ditzingen|Weilimdorf|Korntal|Neuwirtshaus(Porscheplatz)|Stuttgart-Zuffenhausen,8005770,Stuttgart-Feuerbach,Baden-Württemberg,Feuerbach,70469,9.169186287,48.81363554,3,2608131553,,,,,,,,,,,,,2.0,0.0
-6176428807824195191-2608131525-5,7142,2608131537,2608131537,6,,S,S1,Stuttgart Hbf|Stuttgart-Bad Cannstatt|Stuttgart Neckarpark|Stuttgart-Untertürkheim,8005772,Stuttgart-Obertürkheim,Baden-Württemberg,Stuttgart,70329,9.268167932,48.76175015,4,2608131538,,2608131538,,,,,,,,,,,1.0,1.0
6830165283023982751-2608131520-11,7145,2608131552,2608131552,5,,S,S1,Kirchheim(Teck)|Kirchheim(Teck)-Ötlingen|Wendlingen(Neckar)|Wernau(Neckar)|Plochingen|Altbach|Esslingen-Zell|Oberesslingen|Esslingen(Neckar)|Esslingen-Mettingen,8005772,Stuttgart-Obertürkheim,Baden-Württemberg,Stuttgart,70329,9.268167932,48.76175015,4,2608131554,,2608131555,,,,,,,,,,,2.0,3.0
353565874858451215-2608131455-5,7140,2608131507,2608131507,6,,S,S1,Stuttgart Hbf|Stuttgart-Bad Cannstatt|Stuttgart Neckarpark|Stuttgart-Untertürkheim,8005772,Stuttgart-Obertürkheim,Baden-Württemberg,Stuttgart,70329,9.268167932,48.76175015,4,2608131508,,2608131508,,,,,,,,,,,1.0,1.0
-275229670537218485-2608131450-11,7143,2608131522,2608131522,5,,S,S1,Kirchheim(Teck)|Kirchheim(Teck)-Ötlingen|Wendlingen(Neckar)|Wernau(Neckar)|Plochingen|Altbach|Esslingen-Zell|Oberesslingen|Esslingen(Neckar)|Esslingen-Mettingen,8005772,Stuttgart-Obertürkheim,Baden-Württemberg,Stuttgart,70329,9.268167932,48.76175015,4,2608131525,,2608131526,,,,,,,,,,,3.0,4.0
6415427064152556957-2608131516-2,7741,2608131517,2608131523,2,,S,S1,Stuttgart-Vaihingen,8005773,Stuttgart-Rohr,Baden-Württemberg,Stuttgart,70565,9.108158025,48.71799427,4,2608131518,,2608131523,,,,,,,,,,,1.0,0.0
5474570967830411052-2608131516-8,7744,2608131537,2608131538,3,,S,S1,Herrenberg|Nufringen|Gärtringen|Ehningen(b Böblingen)|Hulb|Böblingen|Goldberg(Württ),8005773,Stuttgart-Rohr,Baden-Württemberg,Stuttgart,70565,9.108158025,48.71799427,4,2608131540,,2608131541,,,,,,,,,,,3.0,3.0
968865099586091217-2608131446-8,7742,2608131507,2608131508,3,,S,S1,Herrenberg|Nufringen|Gärtringen|Ehningen(b Böblingen)|Hulb|Böblingen|Goldberg(Württ),8005773,Stuttgart-Rohr,Baden-Württemberg,Stuttgart,70565,9.108158025,48.71799427,4,2608131508,,2608131509,,h,1,Störung,,,,,,,1.0,1.0
6036503238720280244-2608131546-2,7743,2608131547,2608131553,2,,S,S1,Stuttgart-Vaihingen,8005773,Stuttgart-Rohr,Baden-Württemberg,Stuttgart,70565,9.108158025,48.71799427,4,2608131547,,2608131553,,,,,,,,,,,0.0,0.0
-5830863712080480053-2608131535-2,7943,2608131536,2608131542,2,,S,S2,Stuttgart-Vaihingen,8005773,Stuttgart-Rohr,Baden-Württemberg,Stuttgart,70565,9.108158025,48.71799427,4,2608131536,,2608131542,,,,,,,,,,,0.0,0.0
4714297703339606135-2608131505-2,7941,2608131506,2608131512,2,,S,S2,Stuttgart-Vaihingen,8005773,Stuttgart-Rohr,Baden-Württemberg,Stuttgart,70565,9.108158025,48.71799427,4,2608131506,,2608131512,,,,,,,,,,,0.0,0.0
2433953663782501013-2608131533-6,7942,2608131548,2608131549,3,,S,S2,Filderstadt|Stuttgart Flughafen/Messe|Echterdingen|Leinfelden|Oberaichen,8005773,Stuttgart-Rohr,Baden-Württemberg,Stuttgart,70565,9.108158025,48.71799427,4,2608131548,,2608131549,,,,,,,,,,,0.0,0.0
6321005766427466470-2608131503-6,7940,2608131518,2608131519,3,,S,S2,Filderstadt|Stuttgart Flughafen/Messe|Echterdingen|Leinfelden|Oberaichen,8005773,Stuttgart-Rohr,Baden-Württemberg,Stuttgart,70565,9.108158025,48.71799427,4,2608131518,,2608131519,,,,,,,,,,,0.0,0.0
-1516279282303081361-2608131542-4,7342,2608131554,2608131554,4,,S,S3,Stuttgart Hbf|Stuttgart-Bad Cannstatt|Stuttgart Nürnberger Str.,8005774,Stuttgart-Sommerrain,Baden-Württemberg,Stuttgart,70374,9.248369749,48.81521824,5,2608131554,,2608131555,,,,,,,,,,,0.0,1.0
-262532238997337043-2608131512-4,7340,2608131524,2608131524,4,,S,S3,Stuttgart Hbf|Stuttgart-Bad Cannstatt|Stuttgart Nürnberger Str.,8005774,Stuttgart-Sommerrain,Baden-Württemberg,Stuttgart,70374,9.248369749,48.81521824,5,2608131524,,2608131525,,,,,,,,,,,0.0,1.0
-1015302136173583321-2608131520-4,7240,2608131529,2608131529,4,,S,S2,Stuttgart Hbf|Stuttgart-Bad Cannstatt|Stuttgart Nürnberger Str.,8005774,Stuttgart-Sommerrain,Baden-Württemberg,Stuttgart,70374,9.248369749,48.81521824,5,2608131532,,2608131533,,h,1,Bauarbeiten,,,,,,,3.0,4.0
1014763779494518341-2608131550-4,7242,2608131559,2608131559,4,,S,S2,Stuttgart Hbf|Stuttgart-Bad Cannstatt|Stuttgart Nürnberger Str.,8005774,Stuttgart-Sommerrain,Baden-Württemberg,Stuttgart,70374,9.248369749,48.81521824,5,2608131559,,2608131559,,h,1,Bauarbeiten,,,,,,,0.0,0.0
-8962126915234620710-2608131441-9,7341,2608131505,2608131505,1,,S,S3,Backnang|Maubach|Nellmersbach|Winnenden|Schwaikheim|Neustadt-Hohenacker|Waiblingen|Fellbach,8005774,Stuttgart-Sommerrain,Baden-Württemberg,Stuttgart,70374,9.248369749,48.81521824,5,2608131509,,2608131511,,,,,,,,,,,4.0,6.0
-7289711712054290115-2608131511-9,7343,2608131535,2608131535,1,,S,S3,Backnang|Maubach|Nellmersbach|Winnenden|Schwaikheim|Neustadt-Hohenacker|Waiblingen|Fellbach,8005774,Stuttgart-Sommerrain,Baden-Württemberg,Stuttgart,70374,9.248369749,48.81521824,5,2608131537,,2608131538,,,,,,,,,,,2.0,3.0
-5955272615429035569-2608131433-12,7241,2608131500,2608131500,1,,S,S2,Schorndorf|Weiler(Rems)|Winterbach(b Schorndorf)|Geradstetten|Grunbach|Beutelsbach|Endersbach|Stetten-Beinstein|Rommelshausen|Waiblingen|Fellbach,8005774,Stuttgart-Sommerrain,Baden-Württemberg,Stuttgart,70374,9.248369749,48.81521824,5,2608131506,,2608131506,,h,1,Bauarbeiten,,,,,,,6.0,6.0
-3934810304618796517-2608131503-12,7243,2608131530,2608131530,1,,S,S2,Schorndorf|Weiler(Rems)|Winterbach(b Schorndorf)|Geradstetten|Grunbach|Beutelsbach|Endersbach|Stetten-Beinstein|Rommelshausen|Waiblingen|Fellbach,8005774,Stuttgart-Sommerrain,Baden-Württemberg,Stuttgart,70374,9.248369749,48.81521824,5,2608131531,,2608131532,,h,1,Bauarbeiten,,,,,,,1.0,2.0
-6176428807824195191-2608131525-4,7142,2608131534,2608131534,6,,S,S1,Stuttgart Hbf|Stuttgart-Bad Cannstatt|Stuttgart Neckarpark,8005775,Stuttgart-Untertürkheim Pbf,Baden-Württemberg,Stuttgart,70327,9.250467074,48.77984679,3,2608131535,,2608131536,,,,,,,,,,,1.0,2.0
6830165283023982751-2608131520-12,7145,2608131555,2608131555,5,,S,S1,Kirchheim(Teck)|Kirchheim(Teck)-Ötlingen|Wendlingen(Neckar)|Wernau(Neckar)|Plochingen|Altbach|Esslingen-Zell|Oberesslingen|Esslingen(Neckar)|Esslingen-Mettingen|Stuttgart-Obertürkheim,8005775,Stuttgart-Untertürkheim Pbf,Baden-Württemberg,Stuttgart,70327,9.250467074,48.77984679,3,2608131556,,2608131557,,,,,,,,,,,1.0,2.0
353565874858451215-2608131455-4,7140,2608131504,2608131504,6,,S,S1,Stuttgart Hbf|Stuttgart-Bad Cannstatt|Stuttgart Neckarpark,8005775,Stuttgart-Untertürkheim Pbf,Baden-Württemberg,Stuttgart,70327,9.250467074,48.77984679,3,2608131504,,2608131506,,,,,,,,,,,0.0,2.0
-275229670537218485-2608131450-12,7143,2608131525,2608131525,5,,S,S1,Kirchheim(Teck)|Kirchheim(Teck)-Ötlingen|Wendlingen(Neckar)|Wernau(Neckar)|Plochingen|Altbach|Esslingen-Zell|Oberesslingen|Esslingen(Neckar)|Esslingen-Mettingen|Stuttgart-Obertürkheim,8005775,Stuttgart-Untertürkheim Pbf,Baden-Württemberg,Stuttgart,70327,9.250467074,48.77984679,3,2608131528,,2608131528,,,,,,,,,,,3.0,3.0
5473574269271434737-2608131402-11,17656,2608131528,2608131529,4,,RE,RE14a,Rottweil|Oberndorf(Neckar)|Sulz(Neckar)|Horb|Eutingen im Gäu|Ergenzingen|Bondorf(b Herrenberg)|Gäufelden|Herrenberg|Böblingen,8005776,Stuttgart-Vaihingen,Baden-Württemberg,Stuttgart,70563,9.113913368,48.72698116,3,2608131528,,2608131529,,,,,,,,,,,0.0,0.0
6415427064152556957-2608131516-1,7741,,2608131516,,,S,S1,,8005776,Stuttgart-Vaihingen,Baden-Württemberg,Stuttgart,70563,9.113913368,48.72698116,3,,,2608131516,2,,,,,,,,,,0.0,0.0
5474570967830411052-2608131516-9,7744,2608131540,,3,,S,,Herrenberg|Nufringen|Gärtringen|Ehningen(b Böblingen)|Hulb|Böblingen|Goldberg(Württ)|Stuttgart-Rohr,8005776,Stuttgart-Vaihingen,Baden-Württemberg,Stuttgart,70563,9.113913368,48.72698116,3,2608131542,,,,,,,,,,,,,2.0,0.0
-211123567369107864-2608131501-2,28487,2608131515,2608131518,6,,RE,RESB,Stuttgart Hbf,8005776,Stuttgart-Vaihingen,Baden-Württemberg,Stuttgart,70563,9.113913368,48.72698116,3,2608131520,4,2608131520,4,,,,,,,,,,5.0,2.0
968865099586091217-2608131446-9,7742,2608131510,,3,,S,,Herrenberg|Nufringen|Gärtringen|Ehningen(b Böblingen)|Hulb|Böblingen|Goldberg(Württ)|Stuttgart-Rohr,8005776,Stuttgart-Vaihingen,Baden-Württemberg,Stuttgart,70563,9.113913368,48.72698116,3,2608131510,,,,h,1,Störung,,,,,,,0.0,0.0
6036503238720280244-2608131546-1,7743,,2608131546,,,S,S1,,8005776,Stuttgart-Vaihingen,Baden-Württemberg,Stuttgart,70563,9.113913368,48.72698116,3,,,2608131546,,,,,,,,,,,0.0,0.0
-5830863712080480053-2608131535-1,7943,,2608131535,,,S,S2,,8005776,Stuttgart-Vaihingen,Baden-Württemberg,Stuttgart,70563,9.113913368,48.72698116,3,,,2608131535,,,,,,,,,,,0.0,0.0
4714297703339606135-2608131505-1,7941,,2608131505,,,S,S2,,8005776,Stuttgart-Vaihingen,Baden-Württemberg,Stuttgart,70563,9.113913368,48.72698116,3,,,2608131505,,,,,,,,,,,0.0,0.0
2433953663782501013-2608131533-7,7942,2608131550,,2,,S,,Filderstadt|Stuttgart Flughafen/Messe|Echterdingen|Leinfelden|Oberaichen|Stuttgart-Rohr,8005776,Stuttgart-Vaihingen,Baden-Württemberg,Stuttgart,70563,9.113913368,48.72698116,3,2608131550,,,,,,,,,,,,,0.0,0.0
6321005766427466470-2608131503-7,7940,2608131520,,2,,S,,Filderstadt|Stuttgart Flughafen/Messe|Echterdingen|Leinfelden|Oberaichen|Stuttgart-Rohr,8005776,Stuttgart-Vaihingen,Baden-Württemberg,Stuttgart,70563,9.113913368,48.72698116,3,2608131521,,,,,,,,,,,,,1.0,0.0
-5797445132084547113-2608131413-16,17658,2608131528,2608131529,4,,RE,RE14b,Freudenstadt Hbf|Grüntal-Wittlensweiler|Dornstetten-Aach|Dornstetten|Schopfloch(b Freudenstadt)|Bittelbronn|Horb-Heiligenfeld|Hochdorf(b Horb)|Eutingen Nord|Eutingen im Gäu|Ergenzingen|Bondorf(b Herrenberg)|Gäufelden|Herrenberg|Böblingen,8005776,Stuttgart-Vaihingen,Baden-Württemberg,Stuttgart,70563,9.113913368,48.72698116,3,2608131528,,2608131529,,,,,,,,,,,0.0,0.0
8032313004423587334-2608131533-2,28486,2608131541,2608131541,4,,RE,RESB,Böblingen,8005776,Stuttgart-Vaihingen,Baden-Württemberg,Stuttgart,70563,9.113913368,48.72698116,3,2608131543,,2608131544,,,,,,,,,,,2.0,3.0
-3711885420787930895-2608131447-7,7638,2608131503,2608131504,1,,S,S6,Stuttgart Hbf|Stuttgart Nordbahnhof|Stuttgart-Feuerbach|Stuttgart-Zuffenhausen|Neuwirtshaus(Porscheplatz)|Korntal,8006268,Stuttgart-Weilimdorf,Baden-Württemberg,Stuttgart,70499,9.094370086,48.82208429,5,2608131504,,2608131505,,,,,,,,,,,1.0,1.0
-4934377407582477101-2608131538-5,7046,2608131548,2608131548,1,,S,S60,Stuttgart-Feuerbach|Stuttgart-Zuffenhausen|Neuwirtshaus(Porscheplatz)|Korntal,8006268,Stuttgart-Weilimdorf,Baden-Württemberg,Stuttgart,70499,9.094370086,48.82208429,5,2608131549,,2608131550,,,,,,,,,,,1.0,2.0
-5444476258917657908-2608131503-8,7643,2608131526,2608131526,2,,S,S6,Weil der Stadt|Malmsheim|Renningen|Rutesheim|Leonberg|Höfingen|Ditzingen,8006268,Stuttgart-Weilimdorf,Baden-Württemberg,Stuttgart,70499,9.094370086,48.82208429,5,2608131532,,2608131532,,,,,,,,,,,6.0,6.0
-3747023062711209303-2608131434-12,7039,2608131511,2608131511,2,,S,S60,Böblingen|Sindelfingen|Maichingen|Maichingen Nord|Magstadt|Renningen Süd|Renningen|Rutesheim|Leonberg|Höfingen|Ditzingen,8006268,Stuttgart-Weilimdorf,Baden-Württemberg,Stuttgart,70499,9.094370086,48.82208429,5,2608131511,,2608131512,,,,,,,,,,,0.0,1.0
-1994958145249286083-2608131517-7,7640,2608131533,2608131534,1,,S,S6,Stuttgart Hbf|Stuttgart Nordbahnhof|Stuttgart-Feuerbach|Stuttgart-Zuffenhausen|Neuwirtshaus(Porscheplatz)|Korntal,8006268,Stuttgart-Weilimdorf,Baden-Württemberg,Stuttgart,70499,9.094370086,48.82208429,5,2608131535,,2608131536,,,,,,,,,,,2.0,2.0
-5323609184183399304-2608131508-5,7044,2608131518,2608131518,1,,S,S60,Stuttgart-Feuerbach|Stuttgart-Zuffenhausen|Neuwirtshaus(Porscheplatz)|Korntal,8006268,Stuttgart-Weilimdorf,Baden-Württemberg,Stuttgart,70499,9.094370086,48.82208429,5,2608131518,,2608131519,,,,,,,,,,,0.0,1.0
-3211478262182188991-2608131533-8,7645,2608131556,2608131556,2,,S,S6,Weil der Stadt|Malmsheim|Renningen|Rutesheim|Leonberg|Höfingen|Ditzingen,8006268,Stuttgart-Weilimdorf,Baden-Württemberg,Stuttgart,70499,9.094370086,48.82208429,5,2608131556,,2608131557,,,,,,,,,,,0.0,1.0
7143365029900082015-2608131504-12,7041,2608131541,2608131541,2,,S,S60,Böblingen|Sindelfingen|Maichingen|Maichingen Nord|Magstadt|Renningen Süd|Renningen|Rutesheim|Leonberg|Höfingen|Ditzingen,8006268,Stuttgart-Weilimdorf,Baden-Württemberg,Stuttgart,70499,9.094370086,48.82208429,5,2608131543,,2608131544,,,,,,,,,,,2.0,3.0
4881326774039345551-2608131527-4,7542,2608131536,2608131537,4,,S,S5,Stuttgart Hbf|Stuttgart Nordbahnhof|Stuttgart-Feuerbach,8005778,Stuttgart-Zuffenhausen,Baden-Württemberg,Stuttgart,70435,9.167156375,48.82960884,3,2608131536,,2608131537,,,,,,,,,,,0.0,0.0
1564432240333127755-2608131507-4,7438,2608131516,2608131517,4,,S,S4,Stuttgart Hbf|Stuttgart Nordbahnhof|Stuttgart-Feuerbach,8005778,Stuttgart-Zuffenhausen,Baden-Württemberg,Stuttgart,70435,9.167156375,48.82960884,3,2608131516,,2608131517,,,,,,,,,,,0.0,0.0
-8779513401122207470-2608131457-4,7540,2608131506,2608131507,4,,S,S5,Stuttgart Hbf|Stuttgart Nordbahnhof|Stuttgart-Feuerbach,8005778,Stuttgart-Zuffenhausen,Baden-Württemberg,Stuttgart,70435,9.167156375,48.82960884,3,2608131506,,2608131507,,,,,,,,,,,0.0,0.0
-4934377407582477101-2608131538-2,7046,2608131541,2608131541,12,,S,S60,Stuttgart-Feuerbach,8005778,Stuttgart-Zuffenhausen,Baden-Württemberg,Stuttgart,70435,9.167156375,48.82960884,3,2608131542,,2608131541,,,,,,,,,,,1.0,0.0
-5444476258917657908-2608131503-11,7643,2608131533,2608131534,12,,S,S6,Weil der Stadt|Malmsheim|Renningen|Rutesheim|Leonberg|Höfingen|Ditzingen|Weilimdorf|Korntal|Neuwirtshaus(Porscheplatz),8005778,Stuttgart-Zuffenhausen,Baden-Württemberg,Stuttgart,70435,9.167156375,48.82960884,3,2608131539,,2608131540,,,,,,,,,,,6.0,6.0
195941745446539029-2608131433-11,7441,2608131513,2608131514,2,,S,S4,Backnang|Burgstall(Murr)|Kirchberg(Murr)|Erdmannhausen|Marbach(Neckar)|Benningen(Neckar)|Freiberg(Neckar)|Favoritepark|Ludwigsburg|Kornwestheim Pbf,8005778,Stuttgart-Zuffenhausen,Baden-Württemberg,Stuttgart,70435,9.167156375,48.82960884,3,2608131514,,2608131514,,,,,,,,,,,1.0,0.0
6801304589286144337-2608131537-6,7545,2608131553,2608131554,2,,S,S5,Bietigheim-Bissingen|Tamm(Württ)|Asperg|Ludwigsburg|Kornwestheim Pbf,8005778,Stuttgart-Zuffenhausen,Baden-Württemberg,Stuttgart,70435,9.167156375,48.82960884,3,2608131554,,2608131554,,,,,,,,,,,1.0,0.0
-2365839264405796350-2608131537-4,7440,2608131546,2608131547,4,,S,S4,Stuttgart Hbf|Stuttgart Nordbahnhof|Stuttgart-Feuerbach,8005778,Stuttgart-Zuffenhausen,Baden-Württemberg,Stuttgart,70435,9.167156375,48.82960884,3,2608131546,,2608131547,,,,,,,,,,,0.0,0.0
-4899815477540796252-2608131507-6,7543,2608131523,2608131524,2,,S,S5,Bietigheim-Bissingen|Tamm(Württ)|Asperg|Ludwigsburg|Kornwestheim Pbf,8005778,Stuttgart-Zuffenhausen,Baden-Württemberg,Stuttgart,70435,9.167156375,48.82960884,3,2608131524,,2608131525,,,,,,,,,,,1.0,1.0
-3747023062711209303-2608131434-15,7039,2608131518,2608131519,12,,S,S60,Böblingen|Sindelfingen|Maichingen|Maichingen Nord|Magstadt|Renningen Süd|Renningen|Rutesheim|Leonberg|Höfingen|Ditzingen|Weilimdorf|Korntal|Neuwirtshaus(Porscheplatz),8005778,Stuttgart-Zuffenhausen,Baden-Württemberg,Stuttgart,70435,9.167156375,48.82960884,3,2608131518,,2608131519,,,,,,,,,,,0.0,0.0
-1994958145249286083-2608131517-4,7640,2608131526,2608131527,11,,S,S6,Stuttgart Hbf|Stuttgart Nordbahnhof|Stuttgart-Feuerbach,8005778,Stuttgart-Zuffenhausen,Baden-Württemberg,Stuttgart,70435,9.167156375,48.82960884,3,2608131527,,2608131528,,,,,,,,,,,1.0,1.0
-5323609184183399304-2608131508-2,7044,2608131511,2608131511,12,,S,S60,Stuttgart-Feuerbach,8005778,Stuttgart-Zuffenhausen,Baden-Württemberg,Stuttgart,70435,9.167156375,48.82960884,3,2608131511,,2608131510,,,,,,,,,,,0.0,-1.0
-4327327279162025655-2608131433-11,7641,2608131503,2608131504,12,,S,S6,Weil der Stadt|Malmsheim|Renningen|Rutesheim|Leonberg|Höfingen|Ditzingen|Weilimdorf|Korntal|Neuwirtshaus(Porscheplatz),8005778,Stuttgart-Zuffenhausen,Baden-Württemberg,Stuttgart,70435,9.167156375,48.82960884,3,2608131503,,2608131504,,,,,,,,,,,0.0,0.0
3936577842997907070-2608131503-11,7443,2608131543,2608131544,2,,S,S4,Backnang|Burgstall(Murr)|Kirchberg(Murr)|Erdmannhausen|Marbach(Neckar)|Benningen(Neckar)|Freiberg(Neckar)|Favoritepark|Ludwigsburg|Kornwestheim Pbf,8005778,Stuttgart-Zuffenhausen,Baden-Württemberg,Stuttgart,70435,9.167156375,48.82960884,3,2608131544,,2608131545,,,,,,,,,,,1.0,1.0
-434662733066569795-2608131547-4,7642,2608131556,2608131557,11,,S,S6,Stuttgart Hbf|Stuttgart Nordbahnhof|Stuttgart-Feuerbach,8005778,Stuttgart-Zuffenhausen,Baden-Württemberg,Stuttgart,70435,9.167156375,48.82960884,3,2608131558,,2608131559,,,,,,,,,,,2.0,2.0
7143365029900082015-2608131504-15,7041,2608131548,2608131549,12,,S,S60,Böblingen|Sindelfingen|Maichingen|Maichingen Nord|Magstadt|Renningen Süd|Renningen|Rutesheim|Leonberg|Höfingen|Ditzingen|Weilimdorf|Korntal|Neuwirtshaus(Porscheplatz),8005778,Stuttgart-Zuffenhausen,Baden-Württemberg,Stuttgart,70435,9.167156375,48.82960884,3,2608131550,,2608131551,,,,,,,,,,,2.0,2.0
4881326774039345551-2608131527-8,7542,2608131550,2608131550,3,,S,S5,Stuttgart Hbf|Stuttgart Nordbahnhof|Stuttgart-Feuerbach|Stuttgart-Zuffenhausen|Kornwestheim Pbf|Ludwigsburg|Asperg,8005820,Tamm (Württ),Baden-Württemberg,Tamm,71732,9.125288012,48.92187736,4,2608131550,,2608131550,,,,,,,,,,,0.0,0.0
-8779513401122207470-2608131457-8,7540,2608131520,2608131520,3,,S,S5,Stuttgart Hbf|Stuttgart Nordbahnhof|Stuttgart-Feuerbach|Stuttgart-Zuffenhausen|Kornwestheim Pbf|Ludwigsburg|Asperg,8005820,Tamm (Württ),Baden-Württemberg,Tamm,71732,9.125288012,48.92187736,4,2608131520,,2608131520,,,,,,,,,,,0.0,0.0
6801304589286144337-2608131537-2,7545,2608131540,2608131540,2,,S,S5,Bietigheim-Bissingen,8005820,Tamm (Württ),Baden-Württemberg,Tamm,71732,9.125288012,48.92187736,4,2608131540,,2608131541,,,,,,,,,,,0.0,1.0
-4899815477540796252-2608131507-2,7543,2608131510,2608131510,2,,S,S5,Bietigheim-Bissingen,8005820,Tamm (Württ),Baden-Württemberg,Tamm,71732,9.125288012,48.92187736,4,2608131510,,2608131510,,,,,,,,,,,0.0,0.0
-3060958297098975491-2608131352-18,19474,2608131528,2608131528,6,,ARV,MEX13,Crailsheim|Jagstzell|Ellwangen|Schrezheim|Schwabsberg|Goldshöfe|Hofen(b Aalen)|Wasseralfingen|Aalen Hbf|Mögglingen(Gmünd)|Böbingen(Rems)|Schwäbisch Gmünd|Lorch(Württ)|Waldhausen(b Schorndorf)|Plüderhausen|Urbach(b Schorndorf)|Schorndorf,8000180,Waiblingen,Baden-Württemberg,Waiblingen,71332,9.300476874,48.8262444,3,2608131538,,2608131538,,h,2,Störung,,,,,,,10.0,10.0
-1516279282303081361-2608131542-6,7342,2608131559,2608131600,3,,S,S3,Stuttgart Hbf|Stuttgart-Bad Cannstatt|Stuttgart Nürnberger Str.|Stuttgart-Sommerrain|Fellbach,8000180,Waiblingen,Baden-Württemberg,Waiblingen,71332,9.300476874,48.8262444,3,2608131559,,2608131600,,,,,,,,,,,0.0,0.0
-262532238997337043-2608131512-6,7340,2608131529,2608131530,3,,S,S3,Stuttgart Hbf|Stuttgart-Bad Cannstatt|Stuttgart Nürnberger Str.|Stuttgart-Sommerrain|Fellbach,8000180,Waiblingen,Baden-Württemberg,Waiblingen,71332,9.300476874,48.8262444,3,2608131529,,2608131530,,,,,,,,,,,0.0,0.0
2065126086122736063-2608131520-3,19473,2608131532,2608131532,6,,ARV,MEX13,Stuttgart Hbf|Stuttgart-Bad Cannstatt,8000180,Waiblingen,Baden-Württemberg,Waiblingen,71332,9.300476874,48.8262444,3,2608131537,7,2608131537,7,,,,,,,,,,5.0,5.0
-1015302136173583321-2608131520-6,7240,2608131534,2608131535,7,,S,S2,Stuttgart Hbf|Stuttgart-Bad Cannstatt|Stuttgart Nürnberger Str.|Stuttgart-Sommerrain|Fellbach,8000180,Waiblingen,Baden-Württemberg,Waiblingen,71332,9.300476874,48.8262444,3,2608131539,,2608131542,,h,1,Bauarbeiten,,,,,,,5.0,7.0
-3924626970669458370-2608131541-7,7345,2608131559,2608131600,1,,S,S3,Backnang|Maubach|Nellmersbach|Winnenden|Schwaikheim|Neustadt-Hohenacker,8000180,Waiblingen,Baden-Württemberg,Waiblingen,71332,9.300476874,48.8262444,3,2608131559,,2608131600,,,,,,,,,,,0.0,0.0
-4760696222469932619-2608131511-7,17544,2608131550,2608131551,1,,RE,MEX90,Gaildorf West|Murrhardt|Sulzbach(Murr)|Oppenweiler(Württ)|Backnang|Winnenden,8000180,Waiblingen,Baden-Württemberg,Waiblingen,71332,9.300476874,48.8262444,3,2608131551,,2608131552,,h,1,Störung,,,,,,,1.0,1.0
-3574262159782319876-2608131533-10,7245,2608131554,2608131555,5,,S,S2,Schorndorf|Weiler(Rems)|Winterbach(b Schorndorf)|Geradstetten|Grunbach|Beutelsbach|Endersbach|Stetten-Beinstein|Rommelshausen,8000180,Waiblingen,Baden-Württemberg,Waiblingen,71332,9.300476874,48.8262444,3,2608131554,,2608131555,,h,1,Bauarbeiten,,,,,,,0.0,0.0
-8962126915234620710-2608131441-7,7341,2608131459,2608131500,1,,S,S3,Backnang|Maubach|Nellmersbach|Winnenden|Schwaikheim|Neustadt-Hohenacker,8000180,Waiblingen,Baden-Württemberg,Waiblingen,71332,9.300476874,48.8262444,3,2608131459,,2608131504,,,,,,,,,,,0.0,4.0
-7289711712054290115-2608131511-7,7343,2608131529,2608131530,1,,S,S3,Backnang|Maubach|Nellmersbach|Winnenden|Schwaikheim|Neustadt-Hohenacker,8000180,Waiblingen,Baden-Württemberg,Waiblingen,71332,9.300476874,48.8262444,3,2608131531,,2608131532,,,,,,,,,,,2.0,2.0
-7952168138612223160-2608131507-10,19426,2608131558,2608131558,6,,ARV,MEX13,Aalen Hbf|Mögglingen(Gmünd)|Böbingen(Rems)|Schwäbisch Gmünd|Lorch(Württ)|Waldhausen(b Schorndorf)|Plüderhausen|Urbach(b Schorndorf)|Schorndorf,8000180,Waiblingen,Baden-Württemberg,Waiblingen,71332,9.300476874,48.8262444,3,2608131623,,2608131623,,,,,,,,,,,25.0,25.0
8044955983483320146-2608131442-6,7338,2608131459,2608131500,3,,S,S3,Stuttgart Hbf|Stuttgart-Bad Cannstatt|Stuttgart Nürnberger Str.|Stuttgart-Sommerrain|Fellbach,8000180,Waiblingen,Baden-Württemberg,Waiblingen,71332,9.300476874,48.8262444,3,2608131459,,2608131500,,,,,,,,,,,0.0,0.0
-5212313388548223160-2608131450-6,7238,2608131504,2608131505,7,,S,S2,Stuttgart Hbf|Stuttgart-Bad Cannstatt|Stuttgart Nürnberger Str.|Stuttgart-Sommerrain|Fellbach,8000180,Waiblingen,Baden-Württemberg,Waiblingen,71332,9.300476874,48.8262444,3,2608131505,,2608131506,,h,1,Bauarbeiten,,,,,,,1.0,1.0
-3934810304618796517-2608131503-10,7243,2608131524,2608131525,5,,S,S2,Schorndorf|Weiler(Rems)|Winterbach(b Schorndorf)|Geradstetten|Grunbach|Beutelsbach|Endersbach|Stetten-Beinstein|Rommelshausen,8000180,Waiblingen,Baden-Württemberg,Waiblingen,71332,9.300476874,48.8262444,3,2608131526,,2608131527,,h,1,Bauarbeiten,,,,,,,2.0,2.0
-7035317771144453335-2608131446-3,19421,2608131502,2608131502,6,,ARV,MEX13,Stuttgart Hbf|Stuttgart-Bad Cannstatt,8000180,Waiblingen,Baden-Württemberg,Waiblingen,71332,9.300476874,48.8262444,3,2608131512,,2608131513,,,,,,,,,,,10.0,11.0
348413315187624753-2608131456-3,98233,2608131507,2608131508,,,ARV,RE90,Stuttgart Hbf|Stuttgart-Bad Cannstatt,8000180,Waiblingen,Baden-Württemberg,Waiblingen,71332,9.300476874,48.8262444,3,2608131509,3,2608131510,3,h,2,Information,,,,,,,2.0,2.0
-3711885420787930895-2608131447-14,7638,2608131527,,2,,S,,Stuttgart Hbf|Stuttgart Nordbahnhof|Stuttgart-Feuerbach|Stuttgart-Zuffenhausen|Neuwirtshaus(Porscheplatz)|Korntal|Weilimdorf|Ditzingen|Höfingen|Leonberg|Rutesheim|Renningen|Malmsheim,8006271,Weil der Stadt,Baden-Württemberg,Weil der Stadt,71263,8.873189074,48.7557357,4,2608131528,,,,,,,,,,,,,1.0,0.0
-5444476258917657908-2608131503-1,7643,,2608131503,,,S,S6,,8006271,Weil der Stadt,Baden-Württemberg,Weil der Stadt,71263,8.873189074,48.7557357,4,,,2608131508,,,,,,,,,,,0.0,5.0
5361627864271518144-2608131458-2,26160,2608131501,2608131503,141,,SWE,RB76,Renningen,8006271,Weil der Stadt,Baden-Württemberg,Weil der Stadt,71263,8.873189074,48.7557357,4,2608131502,,2608131503,,h,2,Störung,,,,,,,1.0,0.0
-1994958145249286083-2608131517-14,7640,2608131557,,2,,S,,Stuttgart Hbf|Stuttgart Nordbahnhof|Stuttgart-Feuerbach|Stuttgart-Zuffenhausen|Neuwirtshaus(Porscheplatz)|Korntal|Weilimdorf|Ditzingen|Höfingen|Leonberg|Rutesheim|Renningen|Malmsheim,8006271,Weil der Stadt,Baden-Württemberg,Weil der Stadt,71263,8.873189074,48.7557357,4,2608131558,,,,,,,,,,,,,1.0,0.0
1681725638132185802-2608131456-5,26161,2608131514,,141,,SWE,,Calw|Calw-Heumaden|Althengstett|Ostelsheim,8006271,Weil der Stadt,Baden-Württemberg,Weil der Stadt,71263,8.873189074,48.7557357,4,2608131514,,,,h,2,Störung,,,,,,,0.0,0.0
2923165120308619606-2608131526-5,26163,2608131544,2608131544,141,,SWE,RB76,Calw|Calw-Heumaden|Althengstett|Ostelsheim,8006271,Weil der Stadt,Baden-Württemberg,Weil der Stadt,71263,8.873189074,48.7557357,4,2608131544,,,,h,2,Störung,,,,,,,0.0,0.0
7861104344940504184-2608131533-1,26162,,2608131533,,,SWE,RB76,,8006271,Weil der Stadt,Baden-Württemberg,Weil der Stadt,71263,8.873189074,48.7557357,4,,,2608131533,,h,2,Störung,,,,,,,0.0,0.0
-3211478262182188991-2608131533-1,7645,,2608131533,,,S,S6,,8006271,Weil der Stadt,Baden-Württemberg,Weil der Stadt,71263,8.873189074,48.7557357,4,,,2608131533,,,,,,,,,,,0.0,0.0
-1015302136173583321-2608131520-14,7240,2608131552,2608131552,1,,S,S2,Stuttgart Hbf|Stuttgart-Bad Cannstatt|Stuttgart Nürnberger Str.|Stuttgart-Sommerrain|Fellbach|Waiblingen|Rommelshausen|Stetten-Beinstein|Endersbach|Beutelsbach|Grunbach|Geradstetten|Winterbach(b Schorndorf),8006277,Weiler (Rems),Baden-Württemberg,Schorndorf,76314,9.501891172,48.80034585,5,2608131558,,2608131558,,h,1,Bauarbeiten,,,,,,,6.0,6.0
-3574262159782319876-2608131533-2,7245,2608131536,2608131536,2,,S,S2,Schorndorf,8006277,Weiler (Rems),Baden-Württemberg,Schorndorf,76314,9.501891172,48.80034585,5,2608131536,,2608131536,,h,1,Bauarbeiten,,,,,,,0.0,0.0
-5212313388548223160-2608131450-14,7238,2608131522,2608131522,1,,S,S2,Stuttgart Hbf|Stuttgart-Bad Cannstatt|Stuttgart Nürnberger Str.|Stuttgart-Sommerrain|Fellbach|Waiblingen|Rommelshausen|Stetten-Beinstein|Endersbach|Beutelsbach|Grunbach|Geradstetten|Winterbach(b Schorndorf),8006277,Weiler (Rems),Baden-Württemberg,Schorndorf,76314,9.501891172,48.80034585,5,2608131523,,2608131524,,h,1,Bauarbeiten,,,,,,,1.0,2.0
-3934810304618796517-2608131503-2,7243,2608131506,2608131506,2,,S,S2,Schorndorf,8006277,Weiler (Rems),Baden-Württemberg,Schorndorf,76314,9.501891172,48.80034585,5,2608131507,,2608131507,,h,1,Bauarbeiten,,,,,,,1.0,1.0
-2778847334183048047-2608131524-1,16061,,2608131524,,,RE,RE200,,8006331,Wendlingen (Neckar),Baden-Württemberg,Wendlingen am Neckar,73240,9.373662098,48.67368917,3,,,,,h,2,Störung,,,,,,c,0.0,0.0
-5286310659195805286-2608131425-13,7138,2608131502,2608131503,11,,S,S1,Stuttgart Hbf|Stuttgart-Bad Cannstatt|Stuttgart Neckarpark|Stuttgart-Untertürkheim|Stuttgart-Obertürkheim|Esslingen-Mettingen|Esslingen(Neckar)|Oberesslingen|Esslingen-Zell|Altbach|Plochingen|Wernau(Neckar),8006331,Wendlingen (Neckar),Baden-Württemberg,Wendlingen am Neckar,73240,9.373662098,48.67368917,3,2608131502,,2608131503,,,,,,,,,,,0.0,0.0
-7342276105848217719-2608131529-3,16062,2608131559,,3,,RE,,Ulm Hbf|Merklingen - Schwäbische Alb,8006331,Wendlingen (Neckar),Baden-Württemberg,Wendlingen am Neckar,73240,9.373662098,48.67368917,3,2608131608,,,,h,2,Störung,,,,,,,9.0,0.0
6830165283023982751-2608131520-3,7145,2608131527,2608131528,12,,S,S1,Kirchheim(Teck)|Kirchheim(Teck)-Ötlingen,8006331,Wendlingen (Neckar),Baden-Württemberg,Wendlingen am Neckar,73240,9.373662098,48.67368917,3,2608131527,,2608131528,,,,,,,,,,,0.0,0.0
9072809401414477062-2608131550-3,7147,2608131557,2608131558,12,,S,S1,Kirchheim(Teck)|Kirchheim(Teck)-Ötlingen,8006331,Wendlingen (Neckar),Baden-Württemberg,Wendlingen am Neckar,73240,9.373662098,48.67368917,3,2608131557,,2608131558,,,,,,,,,,,0.0,0.0
353565874858451215-2608131455-13,7140,2608131533,2608131533,11,,S,S1,Stuttgart Hbf|Stuttgart-Bad Cannstatt|Stuttgart Neckarpark|Stuttgart-Untertürkheim|Stuttgart-Obertürkheim|Esslingen-Mettingen|Esslingen(Neckar)|Oberesslingen|Esslingen-Zell|Altbach|Plochingen|Wernau(Neckar),8006331,Wendlingen (Neckar),Baden-Württemberg,Wendlingen am Neckar,73240,9.373662098,48.67368917,3,2608131533,,2608131533,,,,,,,,,,,0.0,0.0
-6176428807824195191-2608131525-12,7142,2608131558,2608131559,2,,S,S1,Stuttgart Hbf|Stuttgart-Bad Cannstatt|Stuttgart Neckarpark|Stuttgart-Untertürkheim|Stuttgart-Obertürkheim|Esslingen-Mettingen|Esslingen(Neckar)|Oberesslingen|Esslingen-Zell|Altbach|Plochingen,8006346,Wernau (Neckar),Baden-Württemberg,Wernau (Neckar),73249,9.413654423,48.69417221,4,2608131558,,2608131559,,,,,,,,,,,0.0,0.0
6830165283023982751-2608131520-4,7145,2608131531,2608131531,1,,S,S1,Kirchheim(Teck)|Kirchheim(Teck)-Ötlingen|Wendlingen(Neckar),8006346,Wernau (Neckar),Baden-Württemberg,Wernau (Neckar),73249,9.413654423,48.69417221,4,2608131531,,2608131532,,,,,,,,,,,0.0,1.0
353565874858451215-2608131455-12,7140,2608131529,2608131529,2,,S,S1,Stuttgart Hbf|Stuttgart-Bad Cannstatt|Stuttgart Neckarpark|Stuttgart-Untertürkheim|Stuttgart-Obertürkheim|Esslingen-Mettingen|Esslingen(Neckar)|Oberesslingen|Esslingen-Zell|Altbach|Plochingen,8006346,Wernau (Neckar),Baden-Württemberg,Wernau (Neckar),73249,9.413654423,48.69417221,4,2608131529,,2608131529,,,,,,,,,,,0.0,0.0
-275229670537218485-2608131450-4,7143,2608131501,2608131501,1,,S,S1,Kirchheim(Teck)|Kirchheim(Teck)-Ötlingen|Wendlingen(Neckar),8006346,Wernau (Neckar),Baden-Württemberg,Wernau (Neckar),73249,9.413654423,48.69417221,4,2608131502,,2608131503,,,,,,,,,,,1.0,2.0
-262532238997337043-2608131512-9,7340,2608131539,2608131539,2,,S,S3,Stuttgart Hbf|Stuttgart-Bad Cannstatt|Stuttgart Nürnberger Str.|Stuttgart-Sommerrain|Fellbach|Waiblingen|Neustadt-Hohenacker|Schwaikheim,8006479,Winnenden,Baden-Württemberg,Winnenden,71364,9.392155928,48.8795625,3,2608131539,,2608131540,,,,,,,,,,,0.0,1.0
-3924626970669458370-2608131541-4,7345,2608131549,2608131550,3,,S,S3,Backnang|Maubach|Nellmersbach,8006479,Winnenden,Baden-Württemberg,Winnenden,71364,9.392155928,48.8795625,3,2608131550,,2608131550,,,,,,,,,,,1.0,0.0
-4760696222469932619-2608131511-6,17544,2608131543,2608131544,3,,RE,MEX90,Gaildorf West|Murrhardt|Sulzbach(Murr)|Oppenweiler(Württ)|Backnang,8006479,Winnenden,Baden-Württemberg,Winnenden,71364,9.392155928,48.8795625,3,2608131544,,2608131545,,h,1,Störung,,,,,,,1.0,1.0
-7289711712054290115-2608131511-4,7343,2608131519,2608131520,3,,S,S3,Backnang|Maubach|Nellmersbach,8006479,Winnenden,Baden-Württemberg,Winnenden,71364,9.392155928,48.8795625,3,2608131521,,2608131522,,,,,,,,,,,2.0,2.0
8044955983483320146-2608131442-9,7338,2608131509,2608131509,2,,S,S3,Stuttgart Hbf|Stuttgart-Bad Cannstatt|Stuttgart Nürnberger Str.|Stuttgart-Sommerrain|Fellbach|Waiblingen|Neustadt-Hohenacker|Schwaikheim,8006479,Winnenden,Baden-Württemberg,Winnenden,71364,9.392155928,48.8795625,3,2608131509,,2608131509,,,,,,,,,,,0.0,0.0
348413315187624753-2608131456-4,98233,2608131515,2608131516,,,ARV,RE90,Stuttgart Hbf|Stuttgart-Bad Cannstatt|Waiblingen,8006479,Winnenden,Baden-Württemberg,Winnenden,71364,9.392155928,48.8795625,3,2608131516,2,2608131517,2,h,2,Information,,,,,,,1.0,1.0
-1015302136173583321-2608131520-13,7240,2608131550,2608131550,2,,S,S2,Stuttgart Hbf|Stuttgart-Bad Cannstatt|Stuttgart Nürnberger Str.|Stuttgart-Sommerrain|Fellbach|Waiblingen|Rommelshausen|Stetten-Beinstein|Endersbach|Beutelsbach|Grunbach|Geradstetten,8006485,Winterbach (b Schorndorf),Baden-Württemberg,Winterbach,73650,9.481549751,48.79842743,4,2608131556,,2608131557,,h,1,Bauarbeiten,,,,,,,6.0,7.0
-3574262159782319876-2608131533-3,7245,2608131538,2608131538,1,,S,S2,Schorndorf|Weiler(Rems),8006485,Winterbach (b Schorndorf),Baden-Württemberg,Winterbach,73650,9.481549751,48.79842743,4,2608131538,,2608131538,,h,1,Bauarbeiten,,,,,,,0.0,0.0
-5212313388548223160-2608131450-13,7238,2608131520,2608131520,2,,S,S2,Stuttgart Hbf|Stuttgart-Bad Cannstatt|Stuttgart Nürnberger Str.|Stuttgart-Sommerrain|Fellbach|Waiblingen|Rommelshausen|Stetten-Beinstein|Endersbach|Beutelsbach|Grunbach|Geradstetten,8006485,Winterbach (b Schorndorf),Baden-Württemberg,Winterbach,73650,9.481549751,48.79842743,4,2608131521,,2608131521,,h,1,Bauarbeiten,,,,,,,1.0,1.0
-3934810304618796517-2608131503-3,7243,2608131508,2608131508,1,,S,S2,Schorndorf|Weiler(Rems),8006485,Winterbach (b Schorndorf),Baden-Württemberg,Winterbach,73650,9.481549751,48.79842743,4,2608131509,,2608131509,,h,1,Bauarbeiten,,,,,,,1.0,1.0
-5323609184183399304-2608131508-12,7044,2608131545,2608131545,2,,S,S60,Stuttgart-Feuerbach|Stuttgart-Zuffenhausen|Neuwirtshaus(Porscheplatz)|Korntal|Weilimdorf|Ditzingen|Höfingen|Leonberg|Rutesheim|Renningen|Renningen Süd,8003807,Magstadt,Baden-Württemberg,Magstadt,71106,8.965315746,48.73616033,6,2608131546,,2608131547,,,,,,,,,,,1.0,2.0
-8479896976705599840-2608131438-12,7042,2608131515,2608131515,2,,S,S60,Stuttgart-Feuerbach|Stuttgart-Zuffenhausen|Neuwirtshaus(Porscheplatz)|Korntal|Weilimdorf|Ditzingen|Höfingen|Leonberg|Rutesheim|Renningen|Renningen Süd,8003807,Magstadt,Baden-Württemberg,Magstadt,71106,8.965315746,48.73616033,6,2608131515,,2608131516,,,,,,,,,,,0.0,1.0
-6317899099651385370-2608131534-5,7043,2608131543,2608131544,1,,S,S60,Böblingen|Sindelfingen|Maichingen|Maichingen Nord,8003807,Magstadt,Baden-Württemberg,Magstadt,71106,8.965315746,48.73616033,6,2608131548,,2608131548,,,,,,,,,,,5.0,4.0
7143365029900082015-2608131504-5,7041,2608131513,2608131514,1,,S,S60,Böblingen|Sindelfingen|Maichingen|Maichingen Nord,8003807,Magstadt,Baden-Württemberg,Magstadt,71106,8.965315746,48.73616033,6,2608131515,,2608131516,,,,,,,,,,,2.0,2.0
-5323609184183399304-2608131508-13,7044,2608131547,2608131547,2,,S,S60,Stuttgart-Feuerbach|Stuttgart-Zuffenhausen|Neuwirtshaus(Porscheplatz)|Korntal|Weilimdorf|Ditzingen|Höfingen|Leonberg|Rutesheim|Renningen|Renningen Süd|Magstadt,8003834,Maichingen Nord,Baden-Württemberg,Sindelfingen,71069,8.979416996,48.72750392,5,2608131548,,2608131549,,,,,,,,,,,1.0,2.0
-8479896976705599840-2608131438-13,7042,2608131517,2608131517,2,,S,S60,Stuttgart-Feuerbach|Stuttgart-Zuffenhausen|Neuwirtshaus(Porscheplatz)|Korntal|Weilimdorf|Ditzingen|Höfingen|Leonberg|Rutesheim|Renningen|Renningen Süd|Magstadt,8003834,Maichingen Nord,Baden-Württemberg,Sindelfingen,71069,8.979416996,48.72750392,5,2608131518,,2608131518,,,,,,,,,,,1.0,1.0
-6317899099651385370-2608131534-4,7043,2608131541,2608131541,1,,S,S60,Böblingen|Sindelfingen|Maichingen,8003834,Maichingen Nord,Baden-Württemberg,Sindelfingen,71069,8.979416996,48.72750392,5,2608131546,,2608131546,,,,,,,,,,,5.0,5.0
7143365029900082015-2608131504-4,7041,2608131511,2608131511,1,,S,S60,Böblingen|Sindelfingen|Maichingen,8003834,Maichingen Nord,Baden-Württemberg,Sindelfingen,71069,8.979416996,48.72750392,5,2608131513,,2608131513,,,,,,,,,,,2.0,2.0
-5323609184183399304-2608131508-14,7044,2608131549,2608131549,1,,S,S60,Stuttgart-Feuerbach|Stuttgart-Zuffenhausen|Neuwirtshaus(Porscheplatz)|Korntal|Weilimdorf|Ditzingen|Höfingen|Leonberg|Rutesheim|Renningen|Renningen Süd|Magstadt|Maichingen Nord,8003808,Maichingen,Baden-Württemberg,Sindelfingen,71069,8.969606704,48.72162074,6,2608131550,,2608131551,,,,,,,,,,,1.0,2.0
-8479896976705599840-2608131438-14,7042,2608131519,2608131519,1,,S,S60,Stuttgart-Feuerbach|Stuttgart-Zuffenhausen|Neuwirtshaus(Porscheplatz)|Korntal|Weilimdorf|Ditzingen|Höfingen|Leonberg|Rutesheim|Renningen|Renningen Süd|Magstadt|Maichingen Nord,8003808,Maichingen,Baden-Württemberg,Sindelfingen,71069,8.969606704,48.72162074,6,2608131519,,2608131520,,,,,,,,,,,0.0,1.0
-6317899099651385370-2608131534-3,7043,2608131539,2608131540,1,,S,S60,Böblingen|Sindelfingen,8003808,Maichingen,Baden-Württemberg,Sindelfingen,71069,8.969606704,48.72162074,6,2608131543,,2608131544,,,,,,,,,,,4.0,4.0
7143365029900082015-2608131504-3,7041,2608131509,2608131510,1,,S,S60,Böblingen|Sindelfingen,8003808,Maichingen,Baden-Württemberg,Sindelfingen,71069,8.969606704,48.72162074,6,2608131510,,2608131511,,,,,,,,,,,1.0,1.0
-5323609184183399304-2608131508-11,7044,2608131541,2608131541,2,,S,S60,Stuttgart-Feuerbach|Stuttgart-Zuffenhausen|Neuwirtshaus(Porscheplatz)|Korntal|Weilimdorf|Ditzingen|Höfingen|Leonberg|Rutesheim|Renningen,8005001,Renningen Süd,Baden-Württemberg,Renningen,71272,8.932068278,48.76261937,6,2608131542,,2608131543,,,,,,,,,,,1.0,2.0
-8479896976705599840-2608131438-11,7042,2608131511,2608131511,2,,S,S60,Stuttgart-Feuerbach|Stuttgart-Zuffenhausen|Neuwirtshaus(Porscheplatz)|Korntal|Weilimdorf|Ditzingen|Höfingen|Leonberg|Rutesheim|Renningen,8005001,Renningen Süd,Baden-Württemberg,Renningen,71272,8.932068278,48.76261937,6,2608131511,,2608131512,,,,,,,,,,,0.0,1.0
-6317899099651385370-2608131534-6,7043,2608131547,2608131548,1,,S,S60,Böblingen|Sindelfingen|Maichingen|Maichingen Nord|Magstadt,8005001,Renningen Süd,Baden-Württemberg,Renningen,71272,8.932068278,48.76261937,6,2608131551,,2608131553,,,,,,,,,,,4.0,5.0
7143365029900082015-2608131504-6,7041,2608131517,2608131518,1,,S,S60,Böblingen|Sindelfingen|Maichingen|Maichingen Nord|Magstadt,8005001,Renningen Süd,Baden-Württemberg,Renningen,71272,8.932068278,48.76261937,6,2608131519,,2608131520,,,,,,,,,,,2.0,2.0
