ID,train_number,planned_arrival,planned_departure,planned_platform,planned_status,category_train,train,path,eva_nr,station_name,station_state,station_city,station_zipcode,station_long,station_lat,station_category,changed_arrival,changed_platform_arrival,changed_departure,changed_platform_departure,message_status,priority,info,arrival_hidden,departure_hidden,arrival_path,departure_path,arrival_status,departure_status,arrival_delay_m,departure_delay_m
-6572211236779796534-2608171920-6,7161,2608171939,2608171940,3,,S,S1,Kirchheim(Teck)|Kirchheim(Teck)-Ötlingen|Wendlingen(Neckar)|Wernau(Neckar)|Plochingen,8000508,Altbach,Baden-Württemberg,Altbach,73776,9.382434033,48.72031354,3,2608171939,,2608171940,,,,,,,,,,,0.0,0.0
8890019855766315038-2608171850-6,7159,2608171909,2608171910,3,,S,S1,Kirchheim(Teck)|Kirchheim(Teck)-Ötlingen|Wendlingen(Neckar)|Wernau(Neckar)|Plochingen,8000508,Altbach,Baden-Württemberg,Altbach,73776,9.382434033,48.72031354,3,2608171909,,2608171910,,,,,,,,,,,0.0,0.0
-1558425123957504280-2608171925-10,7158,2608171950,2608171950,4,,S,S1,Stuttgart Hbf|Stuttgart-Bad Cannstatt|Stuttgart Neckarpark|Stuttgart-Untertürkheim|Stuttgart-Obertürkheim|Esslingen-Mettingen|Esslingen(Neckar)|Oberesslingen|Esslingen-Zell,8000508,Altbach,Baden-Württemberg,Altbach,73776,9.382434033,48.72031354,3,2608171950,,2608171950,,,,,,,,,,,0.0,0.0
-7621325389408103009-2608171855-10,7156,2608171920,2608171920,4,,S,S1,Stuttgart Hbf|Stuttgart-Bad Cannstatt|Stuttgart Neckarpark|Stuttgart-Untertürkheim|Stuttgart-Obertürkheim|Esslingen-Mettingen|Esslingen(Neckar)|Oberesslingen|Esslingen-Zell,8000508,Altbach,Baden-Württemberg,Altbach,73776,9.382434033,48.72031354,3,2608171920,,2608171920,,,,,,,,,,,0.0,0.0
3812495709101926064-2608171937-3,7561,2608171942,2608171943,3,,S,S5,Bietigheim-Bissingen|Tamm(Württ),8000630,Asperg,Baden-Württemberg,Asperg,71679,9.147977466,48.90725609,4,2608171942,,2608171943,,,,,,,,,,,0.0,0.0
4340980155526291036-2608171857-6,7556,2608171917,2608171917,4,,S,S5,Stuttgart Hbf|Stuttgart Nordbahnhof|Stuttgart-Zuffenhausen|Kornwestheim Pbf|Ludwigsburg,8000630,Asperg,Baden-Württemberg,Asperg,71679,9.147977466,48.90725609,4,2608171917,,2608171917,,,,,,,,,,,0.0,0.0
1856255482499479272-2608171927-6,7558,2608171947,2608171947,4,,S,S5,Stuttgart Hbf|Stuttgart Nordbahnhof|Stuttgart-Zuffenhausen|Kornwestheim Pbf|Ludwigsburg,8000630,Asperg,Baden-Württemberg,Asperg,71679,9.147977466,48.90725609,4,2608171947,,2608171947,,,,,,,,,,,0.0,0.0
4529170897520290947-2608171907-3,7559,2608171912,2608171913,3,,S,S5,Bietigheim-Bissingen|Tamm(Württ),8000630,Asperg,Baden-Württemberg,Asperg,71679,9.147977466,48.90725609,4,2608171912,,2608171913,,,,,,,,,,,0.0,0.0
3813031990365944404-2608171854-5,98234,2608171922,2608171924,,,ARV,90,Stuttgart Hbf|Stuttgart-Bad Cannstatt|Waiblingen|Winnenden,8000016,Backnang,Baden-Württemberg,Backnang,71522,9.425986107,48.94264844,3,2608171922,4,2608171924,4,h,2,Information,,,,,,,0.0,0.0
-7090282038887162588-2608171926-5,17551,2608171951,2608171952,4,,RB,MEX90,Stuttgart Hbf|Stuttgart-Bad Cannstatt|Waiblingen|Winnenden,8000016,Backnang,Baden-Württemberg,Backnang,71522,9.425986107,48.94264844,3,2608171951,,2608171952,,,,,,,,,,,0.0,0.0
3135614053194829594-2608171911-1,7359,,2608171911,,,S,S3,,8000016,Backnang,Baden-Württemberg,Backnang,71522,9.425986107,48.94264844,3,,,2608171912,,,,,,,,,,,0.0,1.0
-5674677057600428724-2608171832-7,17556,2608171906,2608171907,4,,RB,MEX90,Gaildorf West|Fichtenberg|Fornsbach|Murrhardt|Sulzbach(Murr)|Oppenweiler(Württ),8000016,Backnang,Baden-Württemberg,Backnang,71522,9.425986107,48.94264844,3,2608171908,,2608171909,,,,,,,,,,,2.0,2.0
-5999987302908863714-2608171903-1,7459,,2608171903,,,S,S4,,8000016,Backnang,Baden-Württemberg,Backnang,71522,9.425986107,48.94264844,3,,,2608171903,,h,1,Bauarbeiten,,,,,,,0.0,0.0
-3714637966122188152-2608171907-13,7454,2608171952,,1,,S,,Stuttgart Hbf|Stuttgart Nordbahnhof|Stuttgart-Zuffenhausen|Kornwestheim Pbf|Ludwigsburg|Favoritepark|Freiberg(Neckar)|Benningen(Neckar)|Marbach(Neckar)|Erdmannhausen|Kirchberg(Murr)|Burgstall(Murr),8000016,Backnang,Baden-Württemberg,Backnang,71522,9.425986107,48.94264844,3,2608171952,,,,,,,,,,,,,0.0,0.0
-6212403965013446492-2608171941-1,7361,,2608171941,,,S,S3,,8000016,Backnang,Baden-Württemberg,Backnang,71522,9.425986107,48.94264844,3,,,2608171942,,,,,,,,,,,0.0,1.0
7891754352984498965-2608171912-12,7356,2608171948,,5,,S,,Stuttgart Hbf|Stuttgart-Bad Cannstatt|Stuttgart Nürnberger Str.|Stuttgart-Sommerrain|Fellbach|Waiblingen|Neustadt-Hohenacker|Schwaikheim|Winnenden|Nellmersbach|Maubach,8000016,Backnang,Baden-Württemberg,Backnang,71522,9.425986107,48.94264844,3,2608171948,,,,,,,,,,,,,0.0,0.0
4919787015450610271-2608171911-5,17558,2608171936,2608171937,4,,RE,MEX90,Gaildorf West|Murrhardt|Sulzbach(Murr)|Oppenweiler(Württ),8000016,Backnang,Baden-Württemberg,Backnang,71522,9.425986107,48.94264844,3,2608171938,,2608171939,,h,2,Störung,,,,,,,2.0,2.0
-8665436956296760567-2608171842-12,7354,2608171918,,5,,S,,Stuttgart Hbf|Stuttgart-Bad Cannstatt|Stuttgart Nürnberger Str.|Stuttgart-Sommerrain|Fellbach|Waiblingen|Neustadt-Hohenacker|Schwaikheim|Winnenden|Nellmersbach|Maubach,8000016,Backnang,Baden-Württemberg,Backnang,71522,9.425986107,48.94264844,3,2608171918,,,,,,,,,,,,,0.0,0.0
4374010283059226194-2608171837-13,7452,2608171922,,1,,S,,Stuttgart Hbf|Stuttgart Nordbahnhof|Stuttgart-Zuffenhausen|Kornwestheim Pbf|Ludwigsburg|Favoritepark|Freiberg(Neckar)|Benningen(Neckar)|Marbach(Neckar)|Erdmannhausen|Kirchberg(Murr)|Burgstall(Murr),8000016,Backnang,Baden-Württemberg,Backnang,71522,9.425986107,48.94264844,3,2608171922,,,,,,,,,,,,,0.0,0.0
-2299085007408785264-2608171933-1,7461,,2608171933,,,S,S4,,8000016,Backnang,Baden-Württemberg,Backnang,71522,9.425986107,48.94264844,3,,,2608171934,,h,1,Bauarbeiten,,,,,,,0.0,1.0
-5999987302908863714-2608171903-6,7459,2608171927,2608171927,2,,S,S4,Backnang|Burgstall(Murr)|Kirchberg(Murr)|Erdmannhausen|Marbach(Neckar),8000873,Benningen (Neckar),Baden-Württemberg,Benningen am Neckar,71726,9.244299075,48.94379773,5,2608171927,,2608171928,,h,1,Bauarbeiten,,,,,,,0.0,1.0
-3714637966122188152-2608171907-8,7454,2608171932,2608171933,1,,S,S4,Stuttgart Hbf|Stuttgart Nordbahnhof|Stuttgart-Zuffenhausen|Kornwestheim Pbf|Ludwigsburg|Favoritepark|Freiberg(Neckar),8000873,Benningen (Neckar),Baden-Württemberg,Benningen am Neckar,71726,9.244299075,48.94379773,5,2608171932,,2608171933,,,,,,,,,,,0.0,0.0
4374010283059226194-2608171837-8,7452,2608171902,2608171903,1,,S,S4,Stuttgart Hbf|Stuttgart Nordbahnhof|Stuttgart-Zuffenhausen|Kornwestheim Pbf|Ludwigsburg|Favoritepark|Freiberg(Neckar),8000873,Benningen (Neckar),Baden-Württemberg,Benningen am Neckar,71726,9.244299075,48.94379773,5,2608171904,,2608171905,,,,,,,,,,,2.0,2.0
-2299085007408785264-2608171933-6,7461,2608171957,2608171957,2,,S,S4,Backnang|Burgstall(Murr)|Kirchberg(Murr)|Erdmannhausen|Marbach(Neckar),8000873,Benningen (Neckar),Baden-Württemberg,Benningen am Neckar,71726,9.244299075,48.94379773,5,2608171957,,2608171958,,h,1,Bauarbeiten,,,,,,,0.0,1.0
-7422643584363790684-2608171920-10,7256,2608171943,2608171943,1,,S,S2,Stuttgart Hbf|Stuttgart-Bad Cannstatt|Stuttgart Nürnberger Str.|Stuttgart-Sommerrain|Fellbach|Waiblingen|Rommelshausen|Stetten-Beinstein|Endersbach,8000934,Beutelsbach,Baden-Württemberg,Weinstadt,71384,9.38551589,48.81038925,5,2608171943,,2608171943,,h,1,Bauarbeiten,,,,,,,0.0,0.0
5807496118620218109-2608171850-10,7254,2608171913,2608171913,1,,S,S2,Stuttgart Hbf|Stuttgart-Bad Cannstatt|Stuttgart Nürnberger Str.|Stuttgart-Sommerrain|Fellbach|Waiblingen|Rommelshausen|Stetten-Beinstein|Endersbach,8000934,Beutelsbach,Baden-Württemberg,Weinstadt,71384,9.38551589,48.81038925,5,2608171913,,2608171913,,h,1,Bauarbeiten,,,,,,,0.0,0.0
-3278481612433611047-2608171933-6,7261,2608171945,2608171945,2,,S,S2,Schorndorf|Weiler(Rems)|Winterbach(b Schorndorf)|Geradstetten|Grunbach,8000934,Beutelsbach,Baden-Württemberg,Weinstadt,71384,9.38551589,48.81038925,5,2608171948,,2608171949,,h,1,Bauarbeiten,,,,,,,3.0,4.0
1183252318301173457-2608171903-6,7259,2608171915,2608171915,2,,S,S2,Schorndorf|Weiler(Rems)|Winterbach(b Schorndorf)|Geradstetten|Grunbach,8000934,Beutelsbach,Baden-Württemberg,Weinstadt,71384,9.38551589,48.81038925,5,2608171915,,2608171915,,h,1,Bauarbeiten,,,,,,,0.0,0.0
7195284655221141801-2608171932-1,19576,,2608171932,,,RE,MEX17,,8000038,Bietigheim-Bissingen,Baden-Württemberg,Bietigheim-Bissingen,74321,9.137217396,48.94794988,2,,,,,h,2,Information,,,,,,c,0.0,0.0
-2105870165284876408-2608171816-12,19242,2608171936,2608171936,10,,RE,MEX12,Reutlingen Hbf|Metzingen(Württ)|Bempflingen|Nürtingen|Oberboihingen|Wendlingen(Neckar)|Plochingen|Esslingen(Neckar)|Stuttgart-Bad Cannstatt|Stuttgart Hbf|Ludwigsburg,8000038,Bietigheim-Bissingen,Baden-Württemberg,Bietigheim-Bissingen,74321,9.137217396,48.94794988,2,2608171948,,2608171950,,h,2,Bauarbeiten,,,,,,,12.0,14.0
3812495709101926064-2608171937-1,7561,,2608171937,,,S,S5,,8000038,Bietigheim-Bissingen,Baden-Württemberg,Bietigheim-Bissingen,74321,9.137217396,48.94794988,2,,,2608171937,6,,,,,,,,,,0.0,0.0
-6772296414037226971-2608171920-1,99126,,2608171920,,,ARV,8,,8000038,Bietigheim-Bissingen,Baden-Württemberg,Bietigheim-Bissingen,74321,9.137217396,48.94794988,2,,,2608171920,9,,,,,,,,,,0.0,0.0
-1511844540643612312-2608171844-12,19569,2608171924,,3,,RE,,Pforzheim Hbf|Eutingen(Baden)|Niefern|Enzberg|Mühlacker|Mühlacker Rößlesweg|Illingen(Württ)|Vaihingen(Enz)|Sersheim|Sachsenheim|Ellental,8000038,Bietigheim-Bissingen,Baden-Württemberg,Bietigheim-Bissingen,74321,9.137217396,48.94794988,2,2608171924,,,,h,2,Information,,,,,c,,0.0,0.0
9199027665325036583-2608171912-5,19332,2608171959,2608172000,10,,RE,MEX18,Plochingen|Esslingen(Neckar)|Kornwestheim Pbf|Ludwigsburg,8000038,Bietigheim-Bissingen,Baden-Württemberg,Bietigheim-Bissingen,74321,9.137217396,48.94794988,2,2608171959,,2608172000,,h,2,Störung,,,,,,,0.0,0.0
4936118291625165433-2608171812-5,19330,2608171859,2608171900,10,,RE,MEX18,Plochingen|Esslingen(Neckar)|Kornwestheim Pbf|Ludwigsburg,8000038,Bietigheim-Bissingen,Baden-Württemberg,Bietigheim-Bissingen,74321,9.137217396,48.94794988,2,2608171859,,2608171900,,h,2,Störung,,,,,,,0.0,0.0
2445066244051190717-2608171930-7,19333,2608171955,2608171957,8,,RE,MEX18,Heilbronn Hbf|Nordheim(Württ)|Lauffen(Neckar)|Kirchheim(Neckar)|Walheim(Württ)|Besigheim,8000038,Bietigheim-Bissingen,Baden-Württemberg,Bietigheim-Bissingen,74321,9.137217396,48.94794988,2,2608171957,,2608172000,,h,2,Bauarbeiten,,,,,,,2.0,3.0
-6920329622694250068-2608171904-1,19530,,2608171904,,,RE,MEX17,,8000038,Bietigheim-Bissingen,Baden-Württemberg,Bietigheim-Bissingen,74321,9.137217396,48.94794988,2,,,2608171904,,h,2,Information,,,,,,,0.0,0.0
5357688880712202570-2608171906-3,99123,2608171940,2608171944,,,ARV,8,Neckarsulm|Heilbronn Hbf,8000038,Bietigheim-Bissingen,Baden-Württemberg,Bietigheim-Bissingen,74321,9.137217396,48.94794988,2,2608171943,8,2608171946,8,,,,,,,,,,3.0,2.0
4340980155526291036-2608171857-8,7556,2608171924,,,,S,,Stuttgart Hbf|Stuttgart Nordbahnhof|Stuttgart-Zuffenhausen|Kornwestheim Pbf|Ludwigsburg|Asperg|Tamm(Württ),8000038,Bietigheim-Bissingen,Baden-Württemberg,Bietigheim-Bissingen,74321,9.137217396,48.94794988,2,2608171924,6,,,,,,,,,,,,0.0,0.0
-7977039131388172031-2608171857-7,19241,2608171922,2608171925,8,,RE,MEX12,Heilbronn Hbf|Nordheim(Württ)|Lauffen(Neckar)|Kirchheim(Neckar)|Walheim(Württ)|Besigheim,8000038,Bietigheim-Bissingen,Baden-Württemberg,Bietigheim-Bissingen,74321,9.137217396,48.94794988,2,2608171924,,2608171925,,h,2,Bauarbeiten,,,,,,,2.0,0.0
1856255482499479272-2608171927-8,7558,2608171954,,,,S,,Stuttgart Hbf|Stuttgart Nordbahnhof|Stuttgart-Zuffenhausen|Kornwestheim Pbf|Ludwigsburg|Asperg|Tamm(Württ),8000038,Bietigheim-Bissingen,Baden-Württemberg,Bietigheim-Bissingen,74321,9.137217396,48.94794988,2,2608171956,6,,,,,,,,,,,,2.0,0.0
4529170897520290947-2608171907-1,7559,,2608171907,,,S,S5,,8000038,Bietigheim-Bissingen,Baden-Württemberg,Bietigheim-Bissingen,74321,9.137217396,48.94794988,2,,,2608171907,6,,,,,,,,,,0.0,0.0
-3165312670147307898-2608171914-12,19535,2608171950,,,,RE,,Pforzheim Hbf|Eutingen(Baden)|Niefern|Enzberg|Mühlacker|Mühlacker Rößlesweg|Illingen(Württ)|Vaihingen(Enz)|Sersheim|Sachsenheim|Ellental,8000038,Bietigheim-Bissingen,Baden-Württemberg,Bietigheim-Bissingen,74321,9.137217396,48.94794988,2,2608171951,7,,,h,2,Information,,,,,,,1.0,0.0
3607379984062485274-2608171841-15,7058,2608171926,,5,,S,,Stuttgart-Zuffenhausen|Neuwirtshaus(Porscheplatz)|Korntal|Weilimdorf|Ditzingen|Höfingen|Leonberg|Rutesheim|Renningen|Renningen Süd|Magstadt|Maichingen Nord|Maichingen|Sindelfingen,8001055,Böblingen,Baden-Württemberg,Böblingen,71034,9.004531864,48.68784871,3,2608171928,,,,h,1,Bauarbeiten,,,,,,,2.0,0.0
6458893636205588049-2608171902-12,8153,2608171925,,1,,WEG,,Dettenhausen|Weil im Schönbuch Untere Halde|Weil im Schönbuch Röte|Weil im Schönbuch Troppel|Holzgerlingen Buch|Holzgerlingen Bf|Holzgerlingen Hülben|Böblingen Zimmerschlag|Böblingen Heusteigstr|Böblingen Südbf|Böblingen Danziger Str,8001055,Böblingen,Baden-Württemberg,Böblingen,71034,9.004531864,48.68784871,3,2608171927,,,,,,,,,,,,,2.0,0.0
5766622389415138721-2608171813-15,17674,2608171920,2608171921,2,,RE,RE14b,Freudenstadt Hbf|Grüntal-Wittlensweiler|Dornstetten-Aach|Dornstetten|Schopfloch(b Freudenstadt)|Bittelbronn|Horb-Heiligenfeld|Hochdorf(b Horb)|Eutingen Nord|Eutingen im Gäu|Ergenzingen|Bondorf(b Herrenberg)|Gäufelden|Herrenberg,8001055,Böblingen,Baden-Württemberg,Böblingen,71034,9.004531864,48.68784871,3,2608171921,,2608171923,,,,,,,,,,,1.0,2.0
-2742485192176399051-2608171911-15,7060,2608171956,,5,,S,,Stuttgart-Zuffenhausen|Neuwirtshaus(Porscheplatz)|Korntal|Weilimdorf|Ditzingen|Höfingen|Leonberg|Rutesheim|Renningen|Renningen Süd|Magstadt|Maichingen Nord|Maichingen|Sindelfingen,8001055,Böblingen,Baden-Württemberg,Böblingen,71034,9.004531864,48.68784871,3,2608171957,,,,h,1,Bauarbeiten,,,,,,,1.0,0.0
-6241446741912760601-2608171802-10,17672,2608171920,2608171921,2,,RE,RE14a,Rottweil|Oberndorf(Neckar)|Sulz(Neckar)|Horb|Eutingen im Gäu|Ergenzingen|Bondorf(b Herrenberg)|Gäufelden|Herrenberg,8001055,Böblingen,Baden-Württemberg,Böblingen,71034,9.004531864,48.68784871,3,2608171921,,2608171923,,h,2,Bauarbeiten,,,,,,,1.0,2.0
7068338156505433115-2608171905-1,8152,,2608171905,,,WEG,RB46,,8001055,Böblingen,Baden-Württemberg,Böblingen,71034,9.004531864,48.68784871,3,,,2608171905,,,,,,,,,,,0.0,0.0
-2610915647049597594-2608171916-4,7757,2608171930,2608171930,4,,S,S1,Stuttgart-Vaihingen|Stuttgart-Rohr|Goldberg(Württ),8001055,Böblingen,Baden-Württemberg,Böblingen,71034,9.004531864,48.68784871,3,2608171930,,2608171931,,,,,,,,,,,0.0,1.0
-9156798996548396246-2608171901-3,28495,2608171926,,2,,RE,,Stuttgart Hbf|Stuttgart-Vaihingen,8001055,Böblingen,Baden-Württemberg,Böblingen,71034,9.004531864,48.68784871,3,2608171934,,,,,,,,,,,,,8.0,0.0
3128900407755296936-2608171934-1,7059,,2608171934,,,S,S60,,8001055,Böblingen,Baden-Württemberg,Böblingen,71034,9.004531864,48.68784871,3,,,2608171934,,h,1,Bauarbeiten,,,,,,,0.0,0.0
8862303384701956943-2608171846-6,7758,2608171900,2608171900,3,,S,S1,Herrenberg|Nufringen|Gärtringen|Ehningen(b Böblingen)|Hulb,8001055,Böblingen,Baden-Württemberg,Böblingen,71034,9.004531864,48.68784871,3,2608171901,,2608171901,,,,,,,,,,,1.0,1.0
-2772802804018317249-2608171932-12,8157,2608171955,,1,,WEG,,Dettenhausen|Weil im Schönbuch Untere Halde|Weil im Schönbuch Röte|Weil im Schönbuch Troppel|Holzgerlingen Buch|Holzgerlingen Bf|Holzgerlingen Hülben|Böblingen Zimmerschlag|Böblingen Heusteigstr|Böblingen Südbf|Böblingen Danziger Str,8001055,Böblingen,Baden-Württemberg,Böblingen,71034,9.004531864,48.68784871,3,2608171955,,,,,,,,,,,,,0.0,0.0
-9006302563846053238-2608171933-1,28494,,2608171933,,,RE,RESB,,8001055,Böblingen,Baden-Württemberg,Böblingen,71034,9.004531864,48.68784871,3,,,2608171939,,,,,,,,,,,0.0,6.0
6412527048106806940-2608171935-1,8156,,2608171935,,,WEG,RB46,,8001055,Böblingen,Baden-Württemberg,Böblingen,71034,9.004531864,48.68784871,3,,,2608171936,,,,,,,,,,,0.0,1.0
-372852547875452905-2608171904-1,7057,,2608171904,,,S,S60,,8001055,Böblingen,Baden-Württemberg,Böblingen,71034,9.004531864,48.68784871,3,,,2608171904,,h,1,Bauarbeiten,,,,,,,0.0,0.0
-1979304329788833876-2608171846-4,7755,2608171900,2608171900,4,,S,S1,Stuttgart-Vaihingen|Stuttgart-Rohr|Goldberg(Württ),8001055,Böblingen,Baden-Württemberg,Böblingen,71034,9.004531864,48.68784871,3,2608171900,,2608171900,,,,,,,,,,,0.0,0.0
-8747931418941855621-2608171916-6,7760,2608171930,2608171930,3,,S,S1,Herrenberg|Nufringen|Gärtringen|Ehningen(b Böblingen)|Hulb,8001055,Böblingen,Baden-Württemberg,Böblingen,71034,9.004531864,48.68784871,3,2608171930,,2608171931,,,,,,,,,,,0.0,1.0
-5999987302908863714-2608171903-2,7459,2608171907,2608171908,1,,S,S4,Backnang,8001296,Burgstall (Murr),Baden-Württemberg,Burgstetten,71576,9.36973562,48.92851826,6,2608171907,,2608171908,,h,1,Bauarbeiten,,,,,,,0.0,0.0
-3714637966122188152-2608171907-12,7454,2608171947,2608171947,1,,S,S4,Stuttgart Hbf|Stuttgart Nordbahnhof|Stuttgart-Zuffenhausen|Kornwestheim Pbf|Ludwigsburg|Favoritepark|Freiberg(Neckar)|Benningen(Neckar)|Marbach(Neckar)|Erdmannhausen|Kirchberg(Murr),8001296,Burgstall (Murr),Baden-Württemberg,Burgstetten,71576,9.36973562,48.92851826,6,2608171947,,2608171947,,,,,,,,,,,0.0,0.0
4374010283059226194-2608171837-12,7452,2608171917,2608171917,1,,S,S4,Stuttgart Hbf|Stuttgart Nordbahnhof|Stuttgart-Zuffenhausen|Kornwestheim Pbf|Ludwigsburg|Favoritepark|Freiberg(Neckar)|Benningen(Neckar)|Marbach(Neckar)|Erdmannhausen|Kirchberg(Murr),8001296,Burgstall (Murr),Baden-Württemberg,Burgstetten,71576,9.36973562,48.92851826,6,2608171917,,2608171918,,,,,,,,,,,0.0,1.0
-2299085007408785264-2608171933-2,7461,2608171937,2608171938,1,,S,S4,Backnang,8001296,Burgstall (Murr),Baden-Württemberg,Burgstetten,71576,9.36973562,48.92851826,6,2608171938,,2608171938,,h,1,Bauarbeiten,,,,,,,1.0,0.0
-2742485192176399051-2608171911-5,7060,2608171921,2608171921,2,,S,S60,Stuttgart-Zuffenhausen|Neuwirtshaus(Porscheplatz)|Korntal|Weilimdorf,8001476,Ditzingen,Baden-Württemberg,Ditzingen,71254,9.067095186,48.82358726,4,2608171921,,2608171921,,h,1,Bauarbeiten,,,,,,,0.0,0.0
-2362055098907975015-2608171903-7,7659,2608171924,2608171924,3,,S,S6,Weil der Stadt|Malmsheim|Renningen|Rutesheim|Leonberg|Höfingen,8001476,Ditzingen,Baden-Württemberg,Ditzingen,71254,9.067095186,48.82358726,4,2608171924,,2608171924,,h,1,Bauarbeiten,,,,,,,0.0,0.0
-7461252280383009819-2608171933-7,7661,2608171954,2608171954,3,,S,S6,Weil der Stadt|Malmsheim|Renningen|Rutesheim|Leonberg|Höfingen,8001476,Ditzingen,Baden-Württemberg,Ditzingen,71254,9.067095186,48.82358726,4,2608171954,,2608171954,,h,1,Bauarbeiten,,,,,,,0.0,0.0
-8105268467764308448-2608171855-6,7654,2608171906,2608171906,2,,S,S6,Stuttgart-Feuerbach|Stuttgart-Zuffenhausen|Neuwirtshaus(Porscheplatz)|Korntal|Weilimdorf,8001476,Ditzingen,Baden-Württemberg,Ditzingen,71254,9.067095186,48.82358726,4,2608171907,,2608171907,,h,1,Bauarbeiten,,,,,,,1.0,1.0
6794935984055018648-2608171941-5,7062,2608171951,2608171951,2,,S,S60,Stuttgart-Zuffenhausen|Neuwirtshaus(Porscheplatz)|Korntal|Weilimdorf,8001476,Ditzingen,Baden-Württemberg,Ditzingen,71254,9.067095186,48.82358726,4,2608171951,,2608171951,,h,1,Bauarbeiten,,,,,,,0.0,0.0
5496704793073772827-2608171834-11,7055,2608171909,2608171909,3,,S,S60,Böblingen|Sindelfingen|Maichingen|Maichingen Nord|Magstadt|Renningen Süd|Renningen|Rutesheim|Leonberg|Höfingen,8001476,Ditzingen,Baden-Württemberg,Ditzingen,71254,9.067095186,48.82358726,4,2608171909,,2608171909,,h,1,Bauarbeiten,,,,,,,0.0,0.0
4560737320585991855-2608171925-6,7656,2608171936,2608171936,2,,S,S6,Stuttgart-Feuerbach|Stuttgart-Zuffenhausen|Neuwirtshaus(Porscheplatz)|Korntal|Weilimdorf,8001476,Ditzingen,Baden-Württemberg,Ditzingen,71254,9.067095186,48.82358726,4,2608171937,,2608171938,,h,1,Bauarbeiten,,,,,,,1.0,2.0
-372852547875452905-2608171904-11,7057,2608171939,2608171939,3,,S,S60,Böblingen|Sindelfingen|Maichingen|Maichingen Nord|Magstadt|Renningen Süd|Renningen|Rutesheim|Leonberg|Höfingen,8001476,Ditzingen,Baden-Württemberg,Ditzingen,71254,9.067095186,48.82358726,4,2608171939,,2608171939,,h,1,Bauarbeiten,,,,,,,0.0,0.0
-2474418901068663081-2608171933-3,7958,2608171940,2608171940,2,,S,S2,Filderstadt|Stuttgart Flughafen/Messe,8001650,Echterdingen,Baden-Württemberg,Echterdingen,70771,9.169307175,48.69214787,4,2608171940,,2608171940,,,,,,,,,,,0.0,0.0
-8369154934664465589-2608171935-5,7959,2608171949,2608171950,1,,S,S2,Stuttgart-Vaihingen|Stuttgart-Rohr|Oberaichen|Leinfelden,8001650,Echterdingen,Baden-Württemberg,Echterdingen,70771,9.169307175,48.69214787,4,2608171949,,2608171950,,,,,,,,,,,0.0,0.0
-8012619847659088179-2608171905-5,7957,2608171919,2608171920,1,,S,S2,Stuttgart-Vaihingen|Stuttgart-Rohr|Oberaichen|Leinfelden,8001650,Echterdingen,Baden-Württemberg,Echterdingen,70771,9.169307175,48.69214787,4,2608171919,,2608171920,,,,,,,,,,,0.0,0.0
8022331955409261611-2608171903-3,7956,2608171910,2608171910,2,,S,S2,Filderstadt|Stuttgart Flughafen/Messe,8001650,Echterdingen,Baden-Württemberg,Echterdingen,70771,9.169307175,48.69214787,4,2608171910,,2608171910,,,,,,,,,,,0.0,0.0
-6796240322761220487-2608171946-4,7762,2608171955,2608171955,1,,S,S1,Herrenberg|Nufringen|Gärtringen,8001689,Ehningen (b Böblingen),Baden-Württemberg,Ehningen,71139,8.944310368,48.66275549,4,2608171955,,2608171955,,,,,,,,,,,0.0,0.0
-2610915647049597594-2608171916-6,7757,2608171935,2608171935,2,,S,S1,Stuttgart-Vaihingen|Stuttgart-Rohr|Goldberg(Württ)|Böblingen|Hulb,8001689,Ehningen (b Böblingen),Baden-Württemberg,Ehningen,71139,8.944310368,48.66275549,4,2608171936,,2608171936,,,,,,,,,,,1.0,1.0
-1979304329788833876-2608171846-6,7755,2608171905,2608171905,2,,S,S1,Stuttgart-Vaihingen|Stuttgart-Rohr|Goldberg(Württ)|Böblingen|Hulb,8001689,Ehningen (b Böblingen),Baden-Württemberg,Ehningen,71139,8.944310368,48.66275549,4,2608171905,,2608171905,,,,,,,,,,,0.0,0.0
-8747931418941855621-2608171916-4,7760,2608171925,2608171925,1,,S,S1,Herrenberg|Nufringen|Gärtringen,8001689,Ehningen (b Böblingen),Baden-Württemberg,Ehningen,71139,8.944310368,48.66275549,4,2608171925,,2608171926,,,,,,,,,,,0.0,1.0
-7422643584363790684-2608171920-9,7256,2608171941,2608171941,2,,S,S2,Stuttgart Hbf|Stuttgart-Bad Cannstatt|Stuttgart Nürnberger Str.|Stuttgart-Sommerrain|Fellbach|Waiblingen|Rommelshausen|Stetten-Beinstein,8001785,Endersbach,Baden-Württemberg,Weinstadt,71384,9.370192421,48.81317323,4,2608171941,,2608171942,,h,1,Bauarbeiten,,,,,,,0.0,1.0
5807496118620218109-2608171850-9,7254,2608171911,2608171911,2,,S,S2,Stuttgart Hbf|Stuttgart-Bad Cannstatt|Stuttgart Nürnberger Str.|Stuttgart-Sommerrain|Fellbach|Waiblingen|Rommelshausen|Stetten-Beinstein,8001785,Endersbach,Baden-Württemberg,Weinstadt,71384,9.370192421,48.81317323,4,2608171911,,2608171911,,h,1,Bauarbeiten,,,,,,,0.0,0.0
-3278481612433611047-2608171933-7,7261,2608171947,2608171947,3,,S,S2,Schorndorf|Weiler(Rems)|Winterbach(b Schorndorf)|Geradstetten|Grunbach|Beutelsbach,8001785,Endersbach,Baden-Württemberg,Weinstadt,71384,9.370192421,48.81317323,4,2608171950,,2608171950,,h,1,Bauarbeiten,,,,,,,3.0,3.0
1183252318301173457-2608171903-7,7259,2608171917,2608171917,3,,S,S2,Schorndorf|Weiler(Rems)|Winterbach(b Schorndorf)|Geradstetten|Grunbach|Beutelsbach,8001785,Endersbach,Baden-Württemberg,Weinstadt,71384,9.370192421,48.81317323,4,2608171917,,2608171917,,h,1,Bauarbeiten,,,,,,,0.0,0.0
-5999987302908863714-2608171903-4,7459,2608171917,2608171918,1,,S,S4,Backnang|Burgstall(Murr)|Kirchberg(Murr),8001827,Erdmannhausen,Baden-Württemberg,Erdmannhausen,71729,9.298930848,48.9483447,6,2608171919,,2608171919,,h,1,Bauarbeiten,,,,,,,2.0,1.0
-3714637966122188152-2608171907-10,7454,2608171940,2608171940,1,,S,S4,Stuttgart Hbf|Stuttgart Nordbahnhof|Stuttgart-Zuffenhausen|Kornwestheim Pbf|Ludwigsburg|Favoritepark|Freiberg(Neckar)|Benningen(Neckar)|Marbach(Neckar),8001827,Erdmannhausen,Baden-Württemberg,Erdmannhausen,71729,9.298930848,48.9483447,6,2608171940,,2608171941,,,,,,,,,,,0.0,1.0
4374010283059226194-2608171837-10,7452,2608171910,2608171910,1,,S,S4,Stuttgart Hbf|Stuttgart Nordbahnhof|Stuttgart-Zuffenhausen|Kornwestheim Pbf|Ludwigsburg|Favoritepark|Freiberg(Neckar)|Benningen(Neckar)|Marbach(Neckar),8001827,Erdmannhausen,Baden-Württemberg,Erdmannhausen,71729,9.298930848,48.9483447,6,2608171911,,2608171912,,,,,,,,,,,1.0,2.0
-2299085007408785264-2608171933-4,7461,2608171947,2608171948,1,,S,S4,Backnang|Burgstall(Murr)|Kirchberg(Murr),8001827,Erdmannhausen,Baden-Württemberg,Erdmannhausen,71729,9.298930848,48.9483447,6,2608171948,,2608171948,,h,1,Bauarbeiten,,,,,,,1.0,0.0
-8730146202823669430-2608171703-13,4238,2608171909,2608171910,3,,RE,RE5,Friedrichshafen Stadt|Löwental|Meckenbeuren|Ravensburg|Aulendorf|Bad Schussenried|Biberach(Riß)|Laupheim West|Ulm Hbf|Geislingen(Steige)|Göppingen|Plochingen,8001920,Esslingen (Neckar),Baden-Württemberg,Esslingen am Neckar,73728,9.300578149,48.73854148,3,2608171913,,2608171914,,h,2,Störung,,,,,,,4.0,4.0
4876412217104662801-2608171555-4,9577,2608171911,2608171927,5,,TGV,,Paris Est|Strasbourg|Karlsruhe Hbf,8001920,Esslingen (Neckar),Baden-Württemberg,Esslingen am Neckar,73728,9.300578149,48.73854148,3,2608172039,,2608172042,,h,3,Störung,,,Paris Est|Strasbourg|Karlsruhe Hbf,Ulm Hbf|Augsburg Hbf|München Hbf,,,88.0,75.0
8119580364174685062-2608171746-5,1090,2608171951,2608171958,2,,ICE,,München Hbf|Augsburg Hbf|Günzburg|Ulm Hbf,8001920,Esslingen (Neckar),Baden-Württemberg,Esslingen am Neckar,73728,9.300578149,48.73854148,3,2608171952,3,2608171958,3,,,,,,,,,,1.0,0.0
2333246513660073790-2608171609-9,1013,2608171948,2608171952,6,,ICE,,Dortmund Hbf|Essen Hbf|Duisburg Hbf|Düsseldorf Hbf|Köln Messe/Deutz Gl.11-12|Frankfurt(M) Flughafen Fernbf|Mannheim Hbf|Vaihingen(Enz),8001920,Esslingen (Neckar),Baden-Württemberg,Esslingen am Neckar,73728,9.300578149,48.73854148,3,2608172025,,2608172027,,h,2,Information,,,Dortmund Hbf|Essen Hbf|Duisburg Hbf|Düsseldorf Hbf|Köln Messe/Deutz Gl.11-12|Frankfurt(M) Flughafen Fernbf|Mannheim Hbf|Vaihingen(Enz),Ulm Hbf|Augsburg Hbf|München Hbf,,,37.0,35.0
-5517293294077476489-2608171940-3,19169,2608171951,2608171954,5,,ARV,16,Stuttgart Hbf|Stuttgart-Bad Cannstatt,8001920,Esslingen (Neckar),Baden-Württemberg,Esslingen am Neckar,73728,9.300578149,48.73854148,3,2608171952,,2608171954,,,,,,,,,,,1.0,0.0
9199027665325036583-2608171912-2,19332,2608171922,2608171923,3,,RE,MEX18,Plochingen,8001920,Esslingen (Neckar),Baden-Württemberg,Esslingen am Neckar,73728,9.300578149,48.73854148,3,2608171919,,2608171923,,h,2,Störung,,,,,,,-3.0,0.0
-1888638382566928596-2608171757-11,19239,2608171904,2608171905,2,,RE,MEX12,Heilbronn Hbf|Nordheim(Württ)|Lauffen(Neckar)|Kirchheim(Neckar)|Walheim(Württ)|Besigheim|Bietigheim-Bissingen|Ludwigsburg|Stuttgart Hbf|Stuttgart-Bad Cannstatt,8001920,Esslingen (Neckar),Baden-Württemberg,Esslingen am Neckar,73728,9.300578149,48.73854148,3,2608171919,8,2608171919,8,h,2,Bauarbeiten,,,,,,,15.0,14.0
1112527576681373761-2608171811-6,1097,2608171958,2608172000,5,,ICE,,Frankfurt(Main)Hbf|Darmstadt Hbf|Bensheim|Weinheim(Bergstr)Hbf|Heidelberg Hbf,8001920,Esslingen (Neckar),Baden-Württemberg,Esslingen am Neckar,73728,9.300578149,48.73854148,3,2608172000,,2608172002,,h,2,Information,,,,,,,2.0,2.0
3897754431855637341-2608171746-20,19164,2608171904,2608171905,3,,ARV,16,Ulm Hbf|Beimerstetten|Westerstetten|Lonsee|Urspring|Amstetten(Württ)|Geislingen(Steige)|Geislingen(Steige)West|Kuchen|Gingen(Fils)|Süßen|Salach|Eislingen(Fils)|Göppingen|Faurndau|Uhingen|Ebersbach(Fils)|Reichenbach(Fils)|Plochingen,8001920,Esslingen (Neckar),Baden-Württemberg,Esslingen am Neckar,73728,9.300578149,48.73854148,3,2608171904,2,2608171908,2,,,,,,,,,,0.0,3.0
-8086510943931224072-2608171900-3,19197,2608171917,2608171920,6,,ARV,16,Stuttgart Hbf|Stuttgart-Bad Cannstatt,8001920,Esslingen (Neckar),Baden-Württemberg,Esslingen am Neckar,73728,9.300578149,48.73854148,3,2608171915,5,2608171920,5,,,,,,,,,,-2.0,0.0
7280991471195430281-2608171805-4,1069,2608171859,2608171901,5,,ICE,,Karlsruhe Hbf|Bruchsal|Vaihingen(Enz),8001920,Esslingen (Neckar),Baden-Württemberg,Esslingen am Neckar,73728,9.300578149,48.73854148,3,2608171901,,2608171904,,c,,,,,,,,,2.0,3.0
-6572211236779796534-2608171920-9,7161,2608171947,2608171947,7,,S,S1,Kirchheim(Teck)|Kirchheim(Teck)-Ötlingen|Wendlingen(Neckar)|Wernau(Neckar)|Plochingen|Altbach|Esslingen-Zell|Oberesslingen,8001920,Esslingen (Neckar),Baden-Württemberg,Esslingen am Neckar,73728,9.300578149,48.73854148,3,2608171947,,2608171948,,,,,,,,,,,0.0,1.0
2955399632672402425-2608171916-8,19244,2608171956,2608171956,7,,RE,MEX12,Reutlingen Hbf|Metzingen(Württ)|Bempflingen|Nürtingen|Oberboihingen|Wendlingen(Neckar)|Plochingen,8001920,Esslingen (Neckar),Baden-Württemberg,Esslingen am Neckar,73728,9.300578149,48.73854148,3,2608171954,,2608171956,,h,2,Bauarbeiten,,,,,,,-2.0,0.0
823528371556953103-2608171937-2,4231,2608171945,2608171947,5,,RE,RE5,Stuttgart Hbf,8001920,Esslingen (Neckar),Baden-Württemberg,Esslingen am Neckar,73728,9.300578149,48.73854148,3,2608171947,,2608171948,,h,2,Störung,,,,,,,2.0,1.0
8890019855766315038-2608171850-9,7159,2608171917,2608171917,7,,S,S1,Kirchheim(Teck)|Kirchheim(Teck)-Ötlingen|Wendlingen(Neckar)|Wernau(Neckar)|Plochingen|Altbach|Esslingen-Zell|Oberesslingen,8001920,Esslingen (Neckar),Baden-Württemberg,Esslingen am Neckar,73728,9.300578149,48.73854148,3,2608171917,,2608171918,,,,,,,,,,,0.0,1.0
5253752513274739814-2608171848-14,19166,2608171940,2608171940,3,,ARV,16,Geislingen(Steige)|Geislingen(Steige)West|Kuchen|Gingen(Fils)|Süßen|Salach|Eislingen(Fils)|Göppingen|Faurndau|Uhingen|Ebersbach(Fils)|Reichenbach(Fils)|Plochingen,8001920,Esslingen (Neckar),Baden-Württemberg,Esslingen am Neckar,73728,9.300578149,48.73854148,3,2608171940,,2608171940,,,,,,,,,,,0.0,0.0
-1558425123957504280-2608171925-7,7158,2608171942,2608171943,8,,S,S1,Stuttgart Hbf|Stuttgart-Bad Cannstatt|Stuttgart Neckarpark|Stuttgart-Untertürkheim|Stuttgart-Obertürkheim|Esslingen-Mettingen,8001920,Esslingen (Neckar),Baden-Württemberg,Esslingen am Neckar,73728,9.300578149,48.73854148,3,2608171942,,2608171943,,,,,,,,,,,0.0,0.0
2177173371585704125-2608171830-10,19331,2608171934,2608171935,6,,RE,MEX18,Heilbronn Hbf|Nordheim(Württ)|Lauffen(Neckar)|Kirchheim(Neckar)|Walheim(Württ)|Besigheim|Bietigheim-Bissingen|Ludwigsburg|Kornwestheim Pbf,8001920,Esslingen (Neckar),Baden-Württemberg,Esslingen am Neckar,73728,9.300578149,48.73854148,3,2608171937,,2608171938,,h,2,Störung,,,,,,,3.0,3.0
-7621325389408103009-2608171855-7,7156,2608171912,2608171913,8,,S,S1,Stuttgart Hbf|Stuttgart-Bad Cannstatt|Stuttgart Neckarpark|Stuttgart-Untertürkheim|Stuttgart-Obertürkheim|Esslingen-Mettingen,8001920,Esslingen (Neckar),Baden-Württemberg,Esslingen am Neckar,73728,9.300578149,48.73854148,3,2608171912,,2608171913,,,,,,,,,,,0.0,0.0
-6572211236779796534-2608171920-10,7161,2608171949,2608171950,3,,S,S1,Kirchheim(Teck)|Kirchheim(Teck)-Ötlingen|Wendlingen(Neckar)|Wernau(Neckar)|Plochingen|Altbach|Esslingen-Zell|Oberesslingen|Esslingen(Neckar),8001921,Esslingen-Mettingen,Baden-Württemberg,Esslingen am Neckar,73733,9.275799007,48.74696655,3,2608171950,,2608171951,,,,,,,,,,,1.0,1.0
8890019855766315038-2608171850-10,7159,2608171919,2608171920,3,,S,S1,Kirchheim(Teck)|Kirchheim(Teck)-Ötlingen|Wendlingen(Neckar)|Wernau(Neckar)|Plochingen|Altbach|Esslingen-Zell|Oberesslingen|Esslingen(Neckar),8001921,Esslingen-Mettingen,Baden-Württemberg,Esslingen am Neckar,73733,9.275799007,48.74696655,3,2608171920,,2608171921,,,,,,,,,,,1.0,1.0
-1558425123957504280-2608171925-6,7158,2608171939,2608171939,4,,S,S1,Stuttgart Hbf|Stuttgart-Bad Cannstatt|Stuttgart Neckarpark|Stuttgart-Untertürkheim|Stuttgart-Obertürkheim,8001921,Esslingen-Mettingen,Baden-Württemberg,Esslingen am Neckar,73733,9.275799007,48.74696655,3,2608171939,,2608171940,,,,,,,,,,,0.0,1.0
-7621325389408103009-2608171855-6,7156,2608171909,2608171909,4,,S,S1,Stuttgart Hbf|Stuttgart-Bad Cannstatt|Stuttgart Neckarpark|Stuttgart-Untertürkheim|Stuttgart-Obertürkheim,8001921,Esslingen-Mettingen,Baden-Württemberg,Esslingen am Neckar,73733,9.275799007,48.74696655,3,2608171909,,2608171909,,,,,,,,,,,0.0,0.0
-6572211236779796534-2608171920-7,7161,2608171942,2608171942,3,,S,S1,Kirchheim(Teck)|Kirchheim(Teck)-Ötlingen|Wendlingen(Neckar)|Wernau(Neckar)|Plochingen|Altbach,8006642,Esslingen-Zell,Baden-Württemberg,Esslingen am Neckar,73730,9.359739507,48.72436142,3,2608171942,,2608171943,,,,,,,,,,,0.0,1.0
8890019855766315038-2608171850-7,7159,2608171912,2608171912,3,,S,S1,Kirchheim(Teck)|Kirchheim(Teck)-Ötlingen|Wendlingen(Neckar)|Wernau(Neckar)|Plochingen|Altbach,8006642,Esslingen-Zell,Baden-Württemberg,Esslingen am Neckar,73730,9.359739507,48.72436142,3,2608171912,,2608171912,,,,,,,,,,,0.0,0.0
-1558425123957504280-2608171925-9,7158,2608171947,2608171948,4,,S,S1,Stuttgart Hbf|Stuttgart-Bad Cannstatt|Stuttgart Neckarpark|Stuttgart-Untertürkheim|Stuttgart-Obertürkheim|Esslingen-Mettingen|Esslingen(Neckar)|Oberesslingen,8006642,Esslingen-Zell,Baden-Württemberg,Esslingen am Neckar,73730,9.359739507,48.72436142,3,2608171947,,2608171948,,,,,,,,,,,0.0,0.0
-7621325389408103009-2608171855-9,7156,2608171917,2608171918,4,,S,S1,Stuttgart Hbf|Stuttgart-Bad Cannstatt|Stuttgart Neckarpark|Stuttgart-Untertürkheim|Stuttgart-Obertürkheim|Esslingen-Mettingen|Esslingen(Neckar)|Oberesslingen,8006642,Esslingen-Zell,Baden-Württemberg,Esslingen am Neckar,73730,9.359739507,48.72436142,3,2608171917,,2608171918,,,,,,,,,,,0.0,0.0
-5999987302908863714-2608171903-8,7459,2608171933,2608171934,2,,S,S4,Backnang|Burgstall(Murr)|Kirchberg(Murr)|Erdmannhausen|Marbach(Neckar)|Benningen(Neckar)|Freiberg(Neckar),8001967,Favoritepark,Baden-Württemberg,Ludwigsburg,71634,9.180574277,48.90948451,5,2608171934,,2608171934,,h,1,Bauarbeiten,,,,,,,1.0,0.0
-1267321740504325492-2608171937-6,7456,2608171956,2608171956,1,,S,S4,Stuttgart Hbf|Stuttgart Nordbahnhof|Stuttgart-Zuffenhausen|Kornwestheim Pbf|Ludwigsburg,8001967,Favoritepark,Baden-Württemberg,Ludwigsburg,71634,9.180574277,48.90948451,5,2608172008,,2608172010,,,,,,,,,,,12.0,14.0
-3714637966122188152-2608171907-6,7454,2608171926,2608171926,1,,S,S4,Stuttgart Hbf|Stuttgart Nordbahnhof|Stuttgart-Zuffenhausen|Kornwestheim Pbf|Ludwigsburg,8001967,Favoritepark,Baden-Württemberg,Ludwigsburg,71634,9.180574277,48.90948451,5,2608171926,,2608171927,,,,,,,,,,,0.0,1.0
465087425734758010-2608171833-8,7457,2608171903,2608171904,2,,S,S4,Backnang|Burgstall(Murr)|Kirchberg(Murr)|Erdmannhausen|Marbach(Neckar)|Benningen(Neckar)|Freiberg(Neckar),8001967,Favoritepark,Baden-Württemberg,Ludwigsburg,71634,9.180574277,48.90948451,5,2608171907,,2608171907,,h,1,Bauarbeiten,,,,,,,4.0,3.0
5238051817368153971-2608171841-8,7357,2608171902,2608171903,4,,S,S3,Backnang|Maubach|Nellmersbach|Winnenden|Schwaikheim|Neustadt-Hohenacker|Waiblingen,8001974,Fellbach,Baden-Württemberg,Fellbach,70736,9.270645988,48.8202936,3,2608171904,,2608171904,,,,,,,,,,,2.0,1.0
3135614053194829594-2608171911-8,7359,2608171932,2608171933,4,,S,S3,Backnang|Maubach|Nellmersbach|Winnenden|Schwaikheim|Neustadt-Hohenacker|Waiblingen,8001974,Fellbach,Baden-Württemberg,Fellbach,70736,9.270645988,48.8202936,3,2608171933,,2608171933,,,,,,,,,,,1.0,0.0
-7422643584363790684-2608171920-5,7256,2608171931,2608171932,1,,S,S2,Stuttgart Hbf|Stuttgart-Bad Cannstatt|Stuttgart Nürnberger Str.|Stuttgart-Sommerrain,8001974,Fellbach,Baden-Württemberg,Fellbach,70736,9.270645988,48.8202936,3,2608171931,,2608171932,,h,1,Bauarbeiten,,,,,,,0.0,0.0
7891754352984498965-2608171912-5,7356,2608171926,2608171927,1,,S,S3,Stuttgart Hbf|Stuttgart-Bad Cannstatt|Stuttgart Nürnberger Str.|Stuttgart-Sommerrain,8001974,Fellbach,Baden-Württemberg,Fellbach,70736,9.270645988,48.8202936,3,2608171927,,2608171928,,,,,,,,,,,1.0,1.0
5807496118620218109-2608171850-5,7254,2608171901,2608171902,1,,S,S2,Stuttgart Hbf|Stuttgart-Bad Cannstatt|Stuttgart Nürnberger Str.|Stuttgart-Sommerrain,8001974,Fellbach,Baden-Württemberg,Fellbach,70736,9.270645988,48.8202936,3,2608171901,,2608171902,,h,1,Bauarbeiten,,,,,,,0.0,0.0
-3278481612433611047-2608171933-11,7261,2608171957,2608171958,4,,S,S2,Schorndorf|Weiler(Rems)|Winterbach(b Schorndorf)|Geradstetten|Grunbach|Beutelsbach|Endersbach|Stetten-Beinstein|Rommelshausen|Waiblingen,8001974,Fellbach,Baden-Württemberg,Fellbach,70736,9.270645988,48.8202936,3,2608172000,,2608172000,,h,1,Bauarbeiten,,,,,,,3.0,2.0
-8025183112725946697-2608171942-5,7358,2608171956,2608171957,1,,S,S3,Stuttgart Hbf|Stuttgart-Bad Cannstatt|Stuttgart Nürnberger Str.|Stuttgart-Sommerrain,8001974,Fellbach,Baden-Württemberg,Fellbach,70736,9.270645988,48.8202936,3,2608171956,,2608171957,,,,,,,,,,,0.0,0.0
1183252318301173457-2608171903-11,7259,2608171927,2608171928,4,,S,S2,Schorndorf|Weiler(Rems)|Winterbach(b Schorndorf)|Geradstetten|Grunbach|Beutelsbach|Endersbach|Stetten-Beinstein|Rommelshausen|Waiblingen,8001974,Fellbach,Baden-Württemberg,Fellbach,70736,9.270645988,48.8202936,3,2608171928,,2608171928,,h,1,Bauarbeiten,,,,,,,1.0,0.0
-2474418901068663081-2608171933-2,7958,2608171937,2608171938,2,,S,S2,Filderstadt,8005768,Stuttgart Flughafen/Messe,Baden-Württemberg,Leinfelden-Echterdingen,70629,9.193411574,48.69075193,4,2608171937,,2608171938,,,,,,,,,,,0.0,0.0
-8369154934664465589-2608171935-6,7959,2608171952,2608171953,1,,S,S2,Stuttgart-Vaihingen|Stuttgart-Rohr|Oberaichen|Leinfelden|Echterdingen,8005768,Stuttgart Flughafen/Messe,Baden-Württemberg,Leinfelden-Echterdingen,70629,9.193411574,48.69075193,4,2608171952,,2608171953,,,,,,,,,,,0.0,0.0
-8012619847659088179-2608171905-6,7957,2608171922,2608171923,1,,S,S2,Stuttgart-Vaihingen|Stuttgart-Rohr|Oberaichen|Leinfelden|Echterdingen,8005768,Stuttgart Flughafen/Messe,Baden-Württemberg,Leinfelden-Echterdingen,70629,9.193411574,48.69075193,4,2608171922,,2608171923,,,,,,,,,,,0.0,0.0
8022331955409261611-2608171903-2,7956,2608171907,2608171908,2,,S,S2,Filderstadt,8005768,Stuttgart Flughafen/Messe,Baden-Württemberg,Leinfelden-Echterdingen,70629,9.193411574,48.69075193,4,2608171907,,2608171908,,,,,,,,,,,0.0,0.0
-5999987302908863714-2608171903-7,7459,2608171930,2608171931,2,,S,S4,Backnang|Burgstall(Murr)|Kirchberg(Murr)|Erdmannhausen|Marbach(Neckar)|Benningen(Neckar),8002065,Freiberg (Neckar),Baden-Württemberg,Freiberg am Neckar,71691,9.197530085,48.92994974,5,2608171931,,2608171931,,h,1,Bauarbeiten,,,,,,,1.0,0.0
-1267321740504325492-2608171937-7,7456,2608171959,2608171959,3,,S,S4,Stuttgart Hbf|Stuttgart Nordbahnhof|Stuttgart-Zuffenhausen|Kornwestheim Pbf|Ludwigsburg|Favoritepark,8002065,Freiberg (Neckar),Baden-Württemberg,Freiberg am Neckar,71691,9.197530085,48.92994974,5,2608172013,,2608172014,,,,,,,,,,,14.0,15.0
-3714637966122188152-2608171907-7,7454,2608171929,2608171929,3,,S,S4,Stuttgart Hbf|Stuttgart Nordbahnhof|Stuttgart-Zuffenhausen|Kornwestheim Pbf|Ludwigsburg|Favoritepark,8002065,Freiberg (Neckar),Baden-Württemberg,Freiberg am Neckar,71691,9.197530085,48.92994974,5,2608171929,,2608171930,,,,,,,,,,,0.0,1.0
465087425734758010-2608171833-7,7457,2608171900,2608171901,2,,S,S4,Backnang|Burgstall(Murr)|Kirchberg(Murr)|Erdmannhausen|Marbach(Neckar)|Benningen(Neckar),8002065,Freiberg (Neckar),Baden-Württemberg,Freiberg am Neckar,71691,9.197530085,48.92994974,5,2608171903,,2608171904,,h,1,Bauarbeiten,,,,,,,3.0,3.0
-6796240322761220487-2608171946-3,7762,2608171952,2608171952,2,,S,S1,Herrenberg|Nufringen,8002165,Gärtringen,Baden-Württemberg,Gärtringen,71116,8.908864487,48.64080021,5,2608171952,,2608171953,,,,,,,,,,,0.0,1.0
-2610915647049597594-2608171916-7,7757,2608171938,2608171938,1,,S,S1,Stuttgart-Vaihingen|Stuttgart-Rohr|Goldberg(Württ)|Böblingen|Hulb|Ehningen(b Böblingen),8002165,Gärtringen,Baden-Württemberg,Gärtringen,71116,8.908864487,48.64080021,5,2608171941,,2608171941,,,,,,,,,,,3.0,3.0
-1979304329788833876-2608171846-7,7755,2608171908,2608171908,1,,S,S1,Stuttgart-Vaihingen|Stuttgart-Rohr|Goldberg(Württ)|Böblingen|Hulb|Ehningen(b Böblingen),8002165,Gärtringen,Baden-Württemberg,Gärtringen,71116,8.908864487,48.64080021,5,2608171910,,2608171910,,,,,,,,,,,2.0,2.0
-8747931418941855621-2608171916-3,7760,2608171922,2608171922,2,,S,S1,Herrenberg|Nufringen,8002165,Gärtringen,Baden-Württemberg,Gärtringen,71116,8.908864487,48.64080021,5,2608171922,,2608171923,,,,,,,,,,,0.0,1.0
-7422643584363790684-2608171920-12,7256,2608171947,2608171947,2,,S,S2,Stuttgart Hbf|Stuttgart-Bad Cannstatt|Stuttgart Nürnberger Str.|Stuttgart-Sommerrain|Fellbach|Waiblingen|Rommelshausen|Stetten-Beinstein|Endersbach|Beutelsbach|Grunbach,8002240,Geradstetten,Baden-Württemberg,Remshalden,73630,9.439522346,48.80527689,5,2608171947,,2608171948,,h,1,Bauarbeiten,,,,,,,0.0,1.0
5807496118620218109-2608171850-12,7254,2608171917,2608171917,2,,S,S2,Stuttgart Hbf|Stuttgart-Bad Cannstatt|Stuttgart Nürnberger Str.|Stuttgart-Sommerrain|Fellbach|Waiblingen|Rommelshausen|Stetten-Beinstein|Endersbach|Beutelsbach|Grunbach,8002240,Geradstetten,Baden-Württemberg,Remshalden,73630,9.439522346,48.80527689,5,2608171917,,2608171918,,h,1,Bauarbeiten,,,,,,,0.0,1.0
-3278481612433611047-2608171933-4,7261,2608171940,2608171941,1,,S,S2,Schorndorf|Weiler(Rems)|Winterbach(b Schorndorf),8002240,Geradstetten,Baden-Württemberg,Remshalden,73630,9.439522346,48.80527689,5,2608171940,,2608171941,,h,1,Bauarbeiten,,,,,,,0.0,0.0
1183252318301173457-2608171903-4,7259,2608171910,2608171911,1,,S,S2,Schorndorf|Weiler(Rems)|Winterbach(b Schorndorf),8002240,Geradstetten,Baden-Württemberg,Remshalden,73630,9.439522346,48.80527689,5,2608171910,,2608171911,,h,1,Bauarbeiten,,,,,,,0.0,0.0
4922732542051090705-2608171946-3,7759,2608171958,2608171958,1,,S,S1,Stuttgart-Vaihingen|Stuttgart-Rohr,8005201,Goldberg,Baden-Württemberg,Böblingen,71032,9.019733387,48.69651581,5,2608171958,,2608171958,,,,,,,,,,,0.0,0.0
-2610915647049597594-2608171916-3,7757,2608171928,2608171928,1,,S,S1,Stuttgart-Vaihingen|Stuttgart-Rohr,8005201,Goldberg,Baden-Württemberg,Böblingen,71032,9.019733387,48.69651581,5,2608171928,,2608171929,,,,,,,,,,,0.0,1.0
8862303384701956943-2608171846-7,7758,2608171902,2608171902,2,,S,S1,Herrenberg|Nufringen|Gärtringen|Ehningen(b Böblingen)|Hulb|Böblingen,8005201,Goldberg,Baden-Württemberg,Böblingen,71032,9.019733387,48.69651581,5,2608171903,,2608171903,,,,,,,,,,,1.0,1.0
-8747931418941855621-2608171916-7,7760,2608171932,2608171932,2,,S,S1,Herrenberg|Nufringen|Gärtringen|Ehningen(b Böblingen)|Hulb|Böblingen,8005201,Goldberg,Baden-Württemberg,Böblingen,71032,9.019733387,48.69651581,5,2608171932,,2608171933,,,,,,,,,,,0.0,1.0
-7422643584363790684-2608171920-11,7256,2608171945,2608171945,3,,S,S2,Stuttgart Hbf|Stuttgart-Bad Cannstatt|Stuttgart Nürnberger Str.|Stuttgart-Sommerrain|Fellbach|Waiblingen|Rommelshausen|Stetten-Beinstein|Endersbach|Beutelsbach,8002448,Grunbach,Baden-Württemberg,Remshalden,73630,9.419580601,48.810414,4,2608171945,,2608171946,,h,1,Bauarbeiten,,,,,,,0.0,1.0
5807496118620218109-2608171850-11,7254,2608171915,2608171915,3,,S,S2,Stuttgart Hbf|Stuttgart-Bad Cannstatt|Stuttgart Nürnberger Str.|Stuttgart-Sommerrain|Fellbach|Waiblingen|Rommelshausen|Stetten-Beinstein|Endersbach|Beutelsbach,8002448,Grunbach,Baden-Württemberg,Remshalden,73630,9.419580601,48.810414,4,2608171915,,2608171916,,h,1,Bauarbeiten,,,,,,,0.0,1.0
-3278481612433611047-2608171933-5,7261,2608171942,2608171943,2,,S,S2,Schorndorf|Weiler(Rems)|Winterbach(b Schorndorf)|Geradstetten,8002448,Grunbach,Baden-Württemberg,Remshalden,73630,9.419580601,48.810414,4,2608171943,1,2608171946,1,h,1,Bauarbeiten,,,,,,,1.0,3.0
1183252318301173457-2608171903-5,7259,2608171912,2608171913,2,,S,S2,Schorndorf|Weiler(Rems)|Winterbach(b Schorndorf)|Geradstetten,8002448,Grunbach,Baden-Württemberg,Remshalden,73630,9.419580601,48.810414,4,2608171912,,2608171913,,h,1,Bauarbeiten,,,,,,,0.0,0.0
-558473250098866084-2608171911-10,22857,2608171941,,102,,RB,,Tübingen Hbf|Tübingen West|Unterjesingen Sandäcker|Unterjesingen Mitte|Pfäffingen|Entringen|Altingen(Württ)|Gültstein|Herrenberg Zwerchweg,8002785,Herrenberg,Baden-Württemberg,Herrenberg,71083,8.862625253,48.59395697,3,2608171941,,,,,,,,,,,,,0.0,0.0
5306241366452732763-2608171916-2,389,2608171946,2608171947,4,,IC,,Stuttgart Hbf,8002785,Herrenberg,Baden-Württemberg,Herrenberg,71083,8.862625253,48.59395697,3,2608171951,,2608171952,,h,2,Information,,,,,,,5.0,5.0
5766622389415138721-2608171813-14,17674,2608171910,2608171911,1,,RE,RE14b,Freudenstadt Hbf|Grüntal-Wittlensweiler|Dornstetten-Aach|Dornstetten|Schopfloch(b Freudenstadt)|Bittelbronn|Horb-Heiligenfeld|Hochdorf(b Horb)|Eutingen Nord|Eutingen im Gäu|Ergenzingen|Bondorf(b Herrenberg)|Gäufelden,8002785,Herrenberg,Baden-Württemberg,Herrenberg,71083,8.862625253,48.59395697,3,2608171911,,2608171913,,,,,,,,,,,1.0,2.0
2064206487619934274-2608171919-1,22852,,2608171919,,,RB,RB63,,8002785,Herrenberg,Baden-Württemberg,Herrenberg,71083,8.862625253,48.59395697,3,,,2608171919,,,,,,,,,,,0.0,0.0
-6796240322761220487-2608171946-1,7762,,2608171946,,,S,S1,,8002785,Herrenberg,Baden-Württemberg,Herrenberg,71083,8.862625253,48.59395697,3,,,2608171946,,,,,,,,,,,0.0,0.0
-6241446741912760601-2608171802-9,17672,2608171910,2608171911,1,,RE,RE14a,Rottweil|Oberndorf(Neckar)|Sulz(Neckar)|Horb|Eutingen im Gäu|Ergenzingen|Bondorf(b Herrenberg)|Gäufelden,8002785,Herrenberg,Baden-Württemberg,Herrenberg,71083,8.862625253,48.59395697,3,2608171911,,2608171913,,h,2,Bauarbeiten,,,,,,,1.0,2.0
4682769519521374202-2608171841-10,22851,2608171911,,102,,RB,,Tübingen Hbf|Tübingen West|Unterjesingen Sandäcker|Unterjesingen Mitte|Pfäffingen|Entringen|Altingen(Württ)|Gültstein|Herrenberg Zwerchweg,8002785,Herrenberg,Baden-Württemberg,Herrenberg,71083,8.862625253,48.59395697,3,2608171911,,,,,,,,,,,,,0.0,0.0
-2610915647049597594-2608171916-9,7757,2608171945,,3,,S,,Stuttgart-Vaihingen|Stuttgart-Rohr|Goldberg(Württ)|Böblingen|Hulb|Ehningen(b Böblingen)|Gärtringen|Nufringen,8002785,Herrenberg,Baden-Württemberg,Herrenberg,71083,8.862625253,48.59395697,3,2608171948,,,,,,,,,,,,,3.0,0.0
-8546334342875279533-2608171922-1,17665,,2608171922,,,RB,RB14a,,8002785,Herrenberg,Baden-Württemberg,Herrenberg,71083,8.862625253,48.59395697,3,,,2608171922,,,,,,,,,,,0.0,0.0
-1979304329788833876-2608171846-9,7755,2608171915,,3,,S,,Stuttgart-Vaihingen|Stuttgart-Rohr|Goldberg(Württ)|Böblingen|Hulb|Ehningen(b Böblingen)|Gärtringen|Nufringen,8002785,Herrenberg,Baden-Württemberg,Herrenberg,71083,8.862625253,48.59395697,3,2608171917,,,,,,,,,,,,,2.0,0.0
-8747931418941855621-2608171916-1,7760,,2608171916,,,S,S1,,8002785,Herrenberg,Baden-Württemberg,Herrenberg,71083,8.862625253,48.59395697,3,,,2608171916,,,,,,,,,,,0.0,0.0
115680747121536313-2608171949-1,22858,,2608171949,,,RB,RB63,,8002785,Herrenberg,Baden-Württemberg,Herrenberg,71083,8.862625253,48.59395697,3,,,2608171950,,,,,,,,,,,0.0,1.0
8522387556149699857-2608171916-2,50389,2608171946,2608171947,4,,RE,IC87,Stuttgart Hbf,8002785,Herrenberg,Baden-Württemberg,Herrenberg,71083,8.862625253,48.59395697,3,2608171951,,2608171952,,h,2,Information,,,,,,,5.0,5.0
-2742485192176399051-2608171911-6,7060,2608171924,2608171924,2,,S,S60,Stuttgart-Zuffenhausen|Neuwirtshaus(Porscheplatz)|Korntal|Weilimdorf|Ditzingen,8002892,Höfingen,Baden-Württemberg,Leonberg,71229,9.026180834,48.81503436,5,2608171924,,2608171924,,h,1,Bauarbeiten,,,,,,,0.0,0.0
-2362055098907975015-2608171903-6,7659,2608171920,2608171921,1,,S,S6,Weil der Stadt|Malmsheim|Renningen|Rutesheim|Leonberg,8002892,Höfingen,Baden-Württemberg,Leonberg,71229,9.026180834,48.81503436,5,2608171921,,2608171922,,h,1,Bauarbeiten,,,,,,,1.0,1.0
-7461252280383009819-2608171933-6,7661,2608171950,2608171951,1,,S,S6,Weil der Stadt|Malmsheim|Renningen|Rutesheim|Leonberg,8002892,Höfingen,Baden-Württemberg,Leonberg,71229,9.026180834,48.81503436,5,2608171951,,2608171951,,h,1,Bauarbeiten,,,,,,,1.0,0.0
-8105268467764308448-2608171855-7,7654,2608171909,2608171909,2,,S,S6,Stuttgart-Feuerbach|Stuttgart-Zuffenhausen|Neuwirtshaus(Porscheplatz)|Korntal|Weilimdorf|Ditzingen,8002892,Höfingen,Baden-Württemberg,Leonberg,71229,9.026180834,48.81503436,5,2608171910,,2608171911,,h,1,Bauarbeiten,,,,,,,1.0,2.0
6794935984055018648-2608171941-6,7062,2608171954,2608171954,2,,S,S60,Stuttgart-Zuffenhausen|Neuwirtshaus(Porscheplatz)|Korntal|Weilimdorf|Ditzingen,8002892,Höfingen,Baden-Württemberg,Leonberg,71229,9.026180834,48.81503436,5,2608171954,,2608171954,,h,1,Bauarbeiten,,,,,,,0.0,0.0
5496704793073772827-2608171834-10,7055,2608171905,2608171906,1,,S,S60,Böblingen|Sindelfingen|Maichingen|Maichingen Nord|Magstadt|Renningen Süd|Renningen|Rutesheim|Leonberg,8002892,Höfingen,Baden-Württemberg,Leonberg,71229,9.026180834,48.81503436,5,2608171905,,2608171906,,h,1,Bauarbeiten,,,,,,,0.0,0.0
4560737320585991855-2608171925-7,7656,2608171939,2608171939,2,,S,S6,Stuttgart-Feuerbach|Stuttgart-Zuffenhausen|Neuwirtshaus(Porscheplatz)|Korntal|Weilimdorf|Ditzingen,8002892,Höfingen,Baden-Württemberg,Leonberg,71229,9.026180834,48.81503436,5,2608171941,,2608171941,,h,1,Bauarbeiten,,,,,,,2.0,2.0
-372852547875452905-2608171904-10,7057,2608171935,2608171936,1,,S,S60,Böblingen|Sindelfingen|Maichingen|Maichingen Nord|Magstadt|Renningen Süd|Renningen|Rutesheim|Leonberg,8002892,Höfingen,Baden-Württemberg,Leonberg,71229,9.026180834,48.81503436,5,2608171935,,2608171937,,h,1,Bauarbeiten,,,,,,,0.0,1.0
-6796240322761220487-2608171946-5,7762,2608171958,2608171958,2,,S,S1,Herrenberg|Nufringen|Gärtringen|Ehningen(b Böblingen),8003022,Hulb,Baden-Württemberg,Böblingen-Hulb,71032,8.982396429,48.67924173,5,2608171958,,2608171959,,,,,,,,,,,0.0,1.0
-2610915647049597594-2608171916-5,7757,2608171932,2608171932,1,,S,S1,Stuttgart-Vaihingen|Stuttgart-Rohr|Goldberg(Württ)|Böblingen,8003022,Hulb,Baden-Württemberg,Böblingen-Hulb,71032,8.982396429,48.67924173,5,2608171933,,2608171933,,,,,,,,,,,1.0,1.0
-1979304329788833876-2608171846-5,7755,2608171902,2608171902,1,,S,S1,Stuttgart-Vaihingen|Stuttgart-Rohr|Goldberg(Württ)|Böblingen,8003022,Hulb,Baden-Württemberg,Böblingen-Hulb,71032,8.982396429,48.67924173,5,2608171902,,2608171902,,,,,,,,,,,0.0,0.0
-8747931418941855621-2608171916-5,7760,2608171928,2608171928,2,,S,S1,Herrenberg|Nufringen|Gärtringen|Ehningen(b Böblingen),8003022,Hulb,Baden-Württemberg,Böblingen-Hulb,71032,8.982396429,48.67924173,5,2608171928,,2608171929,,,,,,,,,,,0.0,1.0
-2474418901068663081-2608171933-1,7958,,2608171933,,,S,S2,,8001984,Filderstadt,Baden-Württemberg,Filderstadt,70794,9.217581315,48.67649151,5,,,2608171933,,,,,,,,,,,0.0,0.0
-8369154934664465589-2608171935-7,7959,2608171957,,1,,S,,Stuttgart-Vaihingen|Stuttgart-Rohr|Oberaichen|Leinfelden|Echterdingen|Stuttgart Flughafen/Messe,8001984,Filderstadt,Baden-Württemberg,Filderstadt,70794,9.217581315,48.67649151,5,2608171957,,,,,,,,,,,,,0.0,0.0
-8012619847659088179-2608171905-7,7957,2608171927,,1,,S,,Stuttgart-Vaihingen|Stuttgart-Rohr|Oberaichen|Leinfelden|Echterdingen|Stuttgart Flughafen/Messe,8001984,Filderstadt,Baden-Württemberg,Filderstadt,70794,9.217581315,48.67649151,5,2608171927,,,,,,,,,,,,,0.0,0.0
8022331955409261611-2608171903-1,7956,,2608171903,,,S,S2,,8001984,Filderstadt,Baden-Württemberg,Filderstadt,70794,9.217581315,48.67649151,5,,,2608171903,,,,,,,,,,,0.0,0.0
-5999987302908863714-2608171903-3,7459,2608171912,2608171915,1,,S,S4,Backnang|Burgstall(Murr),8003266,Kirchberg (Murr),Baden-Württemberg,Kirchberg an der Murr,71737,9.328210283,48.93928182,6,2608171912,,2608171916,,h,1,Bauarbeiten,,,,,,,0.0,1.0
-3714637966122188152-2608171907-11,7454,2608171943,2608171943,2,,S,S4,Stuttgart Hbf|Stuttgart Nordbahnhof|Stuttgart-Zuffenhausen|Kornwestheim Pbf|Ludwigsburg|Favoritepark|Freiberg(Neckar)|Benningen(Neckar)|Marbach(Neckar)|Erdmannhausen,8003266,Kirchberg (Murr),Baden-Württemberg,Kirchberg an der Murr,71737,9.328210283,48.93928182,6,2608171943,,2608171943,,,,,,,,,,,0.0,0.0
4374010283059226194-2608171837-11,7452,2608171913,2608171913,2,,S,S4,Stuttgart Hbf|Stuttgart Nordbahnhof|Stuttgart-Zuffenhausen|Kornwestheim Pbf|Ludwigsburg|Favoritepark|Freiberg(Neckar)|Benningen(Neckar)|Marbach(Neckar)|Erdmannhausen,8003266,Kirchberg (Murr),Baden-Württemberg,Kirchberg an der Murr,71737,9.328210283,48.93928182,6,2608171914,,2608171914,,,,,,,,,,,1.0,1.0
-2299085007408785264-2608171933-3,7461,2608171942,2608171945,1,,S,S4,Backnang|Burgstall(Murr),8003266,Kirchberg (Murr),Baden-Württemberg,Kirchberg an der Murr,71737,9.328210283,48.93928182,6,2608171942,,2608171945,,h,1,Bauarbeiten,,,,,,,0.0,0.0
-6153385815820538550-2608171825-15,7154,2608171909,,2,,S,,Stuttgart Hbf|Stuttgart-Bad Cannstatt|Stuttgart Neckarpark|Stuttgart-Untertürkheim|Stuttgart-Obertürkheim|Esslingen-Mettingen|Esslingen(Neckar)|Oberesslingen|Esslingen-Zell|Altbach|Plochingen|Wernau(Neckar)|Wendlingen(Neckar)|Kirchheim(Teck)-Ötlingen,8003280,Kirchheim (Teck),Baden-Württemberg,Kirchheim unter Teck,73230,9.443872422,48.64415981,4,2608171911,,,,,,,,,,,,,2.0,0.0
-6572211236779796534-2608171920-1,7161,,2608171920,,,S,S1,,8003280,Kirchheim (Teck),Baden-Württemberg,Kirchheim unter Teck,73230,9.443872422,48.64415981,4,,,2608171921,,,,,,,,,,,0.0,1.0
-6797742653568567887-2608171854-7,37978,2608171912,,1,,RB,,Oberlenningen|Unterlenningen|Brucken|Owen(Teck)|Dettingen(Teck)|Kirchheim(Teck)Süd,8003280,Kirchheim (Teck),Baden-Württemberg,Kirchheim unter Teck,73230,9.443872422,48.64415981,4,2608171912,,,,,,,,,,,,,0.0,0.0
-6930448942701268015-2608171950-1,7163,,2608171950,,,S,S1,,8003280,Kirchheim (Teck),Baden-Württemberg,Kirchheim unter Teck,73230,9.443872422,48.64415981,4,,,2608171950,,,,,,,,,,,0.0,0.0
-1669649271596836245-2608171917-1,37979,,2608171917,,,RB,RB64,,8003280,Kirchheim (Teck),Baden-Württemberg,Kirchheim unter Teck,73230,9.443872422,48.64415981,4,,,2608171917,,,,,,,,,,,0.0,0.0
-7621325389408103009-2608171855-15,7156,2608171939,,2,,S,,Stuttgart Hbf|Stuttgart-Bad Cannstatt|Stuttgart Neckarpark|Stuttgart-Untertürkheim|Stuttgart-Obertürkheim|Esslingen-Mettingen|Esslingen(Neckar)|Oberesslingen|Esslingen-Zell|Altbach|Plochingen|Wernau(Neckar)|Wendlingen(Neckar)|Kirchheim(Teck)-Ötlingen,8003280,Kirchheim (Teck),Baden-Württemberg,Kirchheim unter Teck,73230,9.443872422,48.64415981,4,2608171944,,,,,,,,,,,,,5.0,0.0
-6153385815820538550-2608171825-14,7154,2608171906,2608171907,1,,S,S1,Stuttgart Hbf|Stuttgart-Bad Cannstatt|Stuttgart Neckarpark|Stuttgart-Untertürkheim|Stuttgart-Obertürkheim|Esslingen-Mettingen|Esslingen(Neckar)|Oberesslingen|Esslingen-Zell|Altbach|Plochingen|Wernau(Neckar)|Wendlingen(Neckar),8003282,Kirchheim (Teck)-Ötlingen,Baden-Württemberg,Kirchheim unter Teck,73230,9.416261302,48.65782388,5,2608171908,,2608171909,,,,,,,,,,,2.0,2.0
-6572211236779796534-2608171920-2,7161,2608171923,2608171923,1,,S,S1,Kirchheim(Teck),8003282,Kirchheim (Teck)-Ötlingen,Baden-Württemberg,Kirchheim unter Teck,73230,9.416261302,48.65782388,5,2608171923,,2608171925,,,,,,,,,,,0.0,2.0
-6930448942701268015-2608171950-2,7163,2608171953,2608171953,1,,S,S1,Kirchheim(Teck),8003282,Kirchheim (Teck)-Ötlingen,Baden-Württemberg,Kirchheim unter Teck,73230,9.416261302,48.65782388,5,2608171953,,2608171954,,,,,,,,,,,0.0,1.0
-7621325389408103009-2608171855-14,7156,2608171937,2608171937,1,,S,S1,Stuttgart Hbf|Stuttgart-Bad Cannstatt|Stuttgart Neckarpark|Stuttgart-Untertürkheim|Stuttgart-Obertürkheim|Esslingen-Mettingen|Esslingen(Neckar)|Oberesslingen|Esslingen-Zell|Altbach|Plochingen|Wernau(Neckar)|Wendlingen(Neckar),8003282,Kirchheim (Teck)-Ötlingen,Baden-Württemberg,Kirchheim unter Teck,73230,9.416261302,48.65782388,5,2608171940,,2608171941,,,,,,,,,,,3.0,4.0
7077047059354184600-2608171905-1,1228,,2608171905,,,WEG,RB47,,8003409,Korntal,Baden-Württemberg,Korntal,70825,9.121099128,48.82640246,4,,,2608171906,,,,,,,,,,,0.0,1.0
-2742485192176399051-2608171911-3,7060,2608171916,2608171916,1,,S,S60,Stuttgart-Zuffenhausen|Neuwirtshaus(Porscheplatz),8003409,Korntal,Baden-Württemberg,Korntal,70825,9.121099128,48.82640246,4,2608171916,,2608171916,,h,1,Bauarbeiten,,,,,,,0.0,0.0
-6108892784984132717-2608171901-7,1229,2608171924,,7,,WEG,,Heimerdingen|Hemmingen|Schwieberdingen|Münchingen|Münchingen Rührberg|Korntal Gymnasium,8003409,Korntal,Baden-Württemberg,Korntal,70825,9.121099128,48.82640246,4,2608171924,,,,,,,,,,,,,0.0,0.0
-2362055098907975015-2608171903-9,7659,2608171928,2608171929,3,,S,S6,Weil der Stadt|Malmsheim|Renningen|Rutesheim|Leonberg|Höfingen|Ditzingen|Weilimdorf,8003409,Korntal,Baden-Württemberg,Korntal,70825,9.121099128,48.82640246,4,2608171929,,2608171929,,h,1,Bauarbeiten,,,,,,,1.0,0.0
-7461252280383009819-2608171933-9,7661,2608171958,2608171959,3,,S,S6,Weil der Stadt|Malmsheim|Renningen|Rutesheim|Leonberg|Höfingen|Ditzingen|Weilimdorf,8003409,Korntal,Baden-Württemberg,Korntal,70825,9.121099128,48.82640246,4,2608171958,,2608171959,,h,1,Bauarbeiten,,,,,,,0.0,0.0
-8105268467764308448-2608171855-4,7654,2608171901,2608171901,1,,S,S6,Stuttgart-Feuerbach|Stuttgart-Zuffenhausen|Neuwirtshaus(Porscheplatz),8003409,Korntal,Baden-Württemberg,Korntal,70825,9.121099128,48.82640246,4,2608171903,,2608171903,,h,1,Bauarbeiten,,,,,,,2.0,2.0
8398337549993310672-2608171931-7,1235,2608171954,,7,,WEG,,Heimerdingen|Hemmingen|Schwieberdingen|Münchingen|Münchingen Rührberg|Korntal Gymnasium,8003409,Korntal,Baden-Württemberg,Korntal,70825,9.121099128,48.82640246,4,2608171956,,,,,,,,,,,,,2.0,0.0
-1832627888018234905-2608171935-1,1234,,2608171935,,,WEG,RB47,,8003409,Korntal,Baden-Württemberg,Korntal,70825,9.121099128,48.82640246,4,,,2608171935,,,,,,,,,,,0.0,0.0
6794935984055018648-2608171941-3,7062,2608171946,2608171946,1,,S,S60,Stuttgart-Zuffenhausen|Neuwirtshaus(Porscheplatz),8003409,Korntal,Baden-Württemberg,Korntal,70825,9.121099128,48.82640246,4,2608171946,,2608171946,,h,1,Bauarbeiten,,,,,,,0.0,0.0
5496704793073772827-2608171834-13,7055,2608171913,2608171914,3,,S,S60,Böblingen|Sindelfingen|Maichingen|Maichingen Nord|Magstadt|Renningen Süd|Renningen|Rutesheim|Leonberg|Höfingen|Ditzingen|Weilimdorf,8003409,Korntal,Baden-Württemberg,Korntal,70825,9.121099128,48.82640246,4,2608171913,,2608171914,,h,1,Bauarbeiten,,,,,,,0.0,0.0
4560737320585991855-2608171925-4,7656,2608171931,2608171931,1,,S,S6,Stuttgart-Feuerbach|Stuttgart-Zuffenhausen|Neuwirtshaus(Porscheplatz),8003409,Korntal,Baden-Württemberg,Korntal,70825,9.121099128,48.82640246,4,2608171933,,2608171933,,h,1,Bauarbeiten,,,,,,,2.0,2.0
-372852547875452905-2608171904-13,7057,2608171943,2608171944,3,,S,S60,Böblingen|Sindelfingen|Maichingen|Maichingen Nord|Magstadt|Renningen Süd|Renningen|Rutesheim|Leonberg|Höfingen|Ditzingen|Weilimdorf,8003409,Korntal,Baden-Württemberg,Korntal,70825,9.121099128,48.82640246,4,2608171943,,2608171944,,h,1,Bauarbeiten,,,,,,,0.0,0.0
3812495709101926064-2608171937-5,7561,2608171949,2608171950,3,,S,S5,Bietigheim-Bissingen|Tamm(Württ)|Asperg|Ludwigsburg,8003411,Kornwestheim Pbf,Baden-Württemberg,Kornwestheim,70806,9.179967278,48.86215948,3,2608171949,,2608171950,,,,,,,,,,,0.0,0.0
-5999987302908863714-2608171903-10,7459,2608171940,2608171940,3,,S,S4,Backnang|Burgstall(Murr)|Kirchberg(Murr)|Erdmannhausen|Marbach(Neckar)|Benningen(Neckar)|Freiberg(Neckar)|Favoritepark|Ludwigsburg,8003411,Kornwestheim Pbf,Baden-Württemberg,Kornwestheim,70806,9.179967278,48.86215948,3,2608171940,,2608171940,,h,1,Bauarbeiten,,,,,,,0.0,0.0
9199027665325036583-2608171912-3,19332,2608171942,2608171947,6,,RE,MEX18,Plochingen|Esslingen(Neckar),8003411,Kornwestheim Pbf,Baden-Württemberg,Kornwestheim,70806,9.179967278,48.86215948,3,2608171943,5,2608171947,5,h,2,Störung,,,,,,,1.0,0.0
-1267321740504325492-2608171937-4,7456,2608171950,2608171950,4,,S,S4,Stuttgart Hbf|Stuttgart Nordbahnhof|Stuttgart-Zuffenhausen,8003411,Kornwestheim Pbf,Baden-Württemberg,Kornwestheim,70806,9.179967278,48.86215948,3,2608171958,,2608172000,,,,,,,,,,,8.0,10.0
-3714637966122188152-2608171907-4,7454,2608171920,2608171920,4,,S,S4,Stuttgart Hbf|Stuttgart Nordbahnhof|Stuttgart-Zuffenhausen,8003411,Kornwestheim Pbf,Baden-Württemberg,Kornwestheim,70806,9.179967278,48.86215948,3,2608171920,,2608171920,,,,,,,,,,,0.0,0.0
465087425734758010-2608171833-10,7457,2608171910,2608171910,3,,S,S4,Backnang|Burgstall(Murr)|Kirchberg(Murr)|Erdmannhausen|Marbach(Neckar)|Benningen(Neckar)|Freiberg(Neckar)|Favoritepark|Ludwigsburg,8003411,Kornwestheim Pbf,Baden-Württemberg,Kornwestheim,70806,9.179967278,48.86215948,3,2608171913,,2608171914,,h,1,Bauarbeiten,,,,,,,3.0,4.0
4340980155526291036-2608171857-4,7556,2608171910,2608171910,4,,S,S5,Stuttgart Hbf|Stuttgart Nordbahnhof|Stuttgart-Zuffenhausen,8003411,Kornwestheim Pbf,Baden-Württemberg,Kornwestheim,70806,9.179967278,48.86215948,3,2608171910,,2608171911,,,,,,,,,,,0.0,1.0
1856255482499479272-2608171927-4,7558,2608171940,2608171940,4,,S,S5,Stuttgart Hbf|Stuttgart Nordbahnhof|Stuttgart-Zuffenhausen,8003411,Kornwestheim Pbf,Baden-Württemberg,Kornwestheim,70806,9.179967278,48.86215948,3,2608171940,,2608171940,,,,,,,,,,,0.0,0.0
4529170897520290947-2608171907-5,7559,2608171919,2608171920,3,,S,S5,Bietigheim-Bissingen|Tamm(Württ)|Asperg|Ludwigsburg,8003411,Kornwestheim Pbf,Baden-Württemberg,Kornwestheim,70806,9.179967278,48.86215948,3,2608171919,,2608171920,,,,,,,,,,,0.0,0.0
2177173371585704125-2608171830-9,19331,2608171912,2608171920,7,,RE,MEX18,Heilbronn Hbf|Nordheim(Württ)|Lauffen(Neckar)|Kirchheim(Neckar)|Walheim(Württ)|Besigheim|Bietigheim-Bissingen|Ludwigsburg,8003411,Kornwestheim Pbf,Baden-Württemberg,Kornwestheim,70806,9.179967278,48.86215948,3,2608171910,,2608171922,,h,2,Störung,,,,,,,-2.0,2.0
-2474418901068663081-2608171933-4,7958,2608171942,2608171943,2,,S,S2,Filderstadt|Stuttgart Flughafen/Messe|Echterdingen,8003622,Leinfelden,Baden-Württemberg,Leinfelden-Echterdingen,70771,9.142859698,48.6964193,4,2608171942,,2608171944,,,,,,,,,,,0.0,1.0
-8369154934664465589-2608171935-4,7959,2608171946,2608171947,1,,S,S2,Stuttgart-Vaihingen|Stuttgart-Rohr|Oberaichen,8003622,Leinfelden,Baden-Württemberg,Leinfelden-Echterdingen,70771,9.142859698,48.6964193,4,2608171946,,2608171947,,,,,,,,,,,0.0,0.0
-8012619847659088179-2608171905-4,7957,2608171916,2608171917,1,,S,S2,Stuttgart-Vaihingen|Stuttgart-Rohr|Oberaichen,8003622,Leinfelden,Baden-Württemberg,Leinfelden-Echterdingen,70771,9.142859698,48.6964193,4,2608171916,,2608171917,,,,,,,,,,,0.0,0.0
8022331955409261611-2608171903-4,7956,2608171912,2608171913,2,,S,S2,Filderstadt|Stuttgart Flughafen/Messe|Echterdingen,8003622,Leinfelden,Baden-Württemberg,Leinfelden-Echterdingen,70771,9.142859698,48.6964193,4,2608171912,,2608171913,,,,,,,,,,,0.0,0.0
-2742485192176399051-2608171911-7,7060,2608171928,2608171928,2,,S,S60,Stuttgart-Zuffenhausen|Neuwirtshaus(Porscheplatz)|Korntal|Weilimdorf|Ditzingen|Höfingen,8003652,Leonberg,Baden-Württemberg,Leonberg,71229,9.004025993,48.79970547,3,2608171928,,2608171928,,h,1,Bauarbeiten,,,,,,,0.0,0.0
-2362055098907975015-2608171903-5,7659,2608171917,2608171917,1,,S,S6,Weil der Stadt|Malmsheim|Renningen|Rutesheim,8003652,Leonberg,Baden-Württemberg,Leonberg,71229,9.004025993,48.79970547,3,2608171917,,2608171918,,h,1,Bauarbeiten,,,,,,,0.0,1.0
-7461252280383009819-2608171933-5,7661,2608171947,2608171947,1,,S,S6,Weil der Stadt|Malmsheim|Renningen|Rutesheim,8003652,Leonberg,Baden-Württemberg,Leonberg,71229,9.004025993,48.79970547,3,2608171947,,2608171947,,h,1,Bauarbeiten,,,,,,,0.0,0.0
-8105268467764308448-2608171855-8,7654,2608171913,2608171913,2,,S,S6,Stuttgart-Feuerbach|Stuttgart-Zuffenhausen|Neuwirtshaus(Porscheplatz)|Korntal|Weilimdorf|Ditzingen|Höfingen,8003652,Leonberg,Baden-Württemberg,Leonberg,71229,9.004025993,48.79970547,3,2608171914,,2608171915,,h,1,Bauarbeiten,,,,,,,1.0,2.0
6794935984055018648-2608171941-7,7062,2608171958,2608171958,2,,S,S60,Stuttgart-Zuffenhausen|Neuwirtshaus(Porscheplatz)|Korntal|Weilimdorf|Ditzingen|Höfingen,8003652,Leonberg,Baden-Württemberg,Leonberg,71229,9.004025993,48.79970547,3,2608171958,,2608171958,,h,1,Bauarbeiten,,,,,,,0.0,0.0
5496704793073772827-2608171834-9,7055,2608171902,2608171902,1,,S,S60,Böblingen|Sindelfingen|Maichingen|Maichingen Nord|Magstadt|Renningen Süd|Renningen|Rutesheim,8003652,Leonberg,Baden-Württemberg,Leonberg,71229,9.004025993,48.79970547,3,2608171902,,2608171902,,h,1,Bauarbeiten,,,,,,,0.0,0.0
4560737320585991855-2608171925-8,7656,2608171943,2608171943,2,,S,S6,Stuttgart-Feuerbach|Stuttgart-Zuffenhausen|Neuwirtshaus(Porscheplatz)|Korntal|Weilimdorf|Ditzingen|Höfingen,8003652,Leonberg,Baden-Württemberg,Leonberg,71229,9.004025993,48.79970547,3,2608171944,,2608171945,,h,1,Bauarbeiten,,,,,,,1.0,2.0
-372852547875452905-2608171904-9,7057,2608171932,2608171932,1,,S,S60,Böblingen|Sindelfingen|Maichingen|Maichingen Nord|Magstadt|Renningen Süd|Renningen|Rutesheim,8003652,Leonberg,Baden-Württemberg,Leonberg,71229,9.004025993,48.79970547,3,2608171932,,2608171932,,h,1,Bauarbeiten,,,,,,,0.0,0.0
-2105870165284876408-2608171816-11,19242,2608171929,2608171929,1,,RE,MEX12,Reutlingen Hbf|Metzingen(Württ)|Bempflingen|Nürtingen|Oberboihingen|Wendlingen(Neckar)|Plochingen|Esslingen(Neckar)|Stuttgart-Bad Cannstatt|Stuttgart Hbf,8000235,Ludwigsburg,Baden-Württemberg,Ludwigsburg,71638,9.185229823,48.89208622,3,2608171940,,2608171943,,h,2,Bauarbeiten,,,,,,,11.0,14.0
3812495709101926064-2608171937-4,7561,2608171946,2608171946,3,,S,S5,Bietigheim-Bissingen|Tamm(Württ)|Asperg,8000235,Ludwigsburg,Baden-Württemberg,Ludwigsburg,71638,9.185229823,48.89208622,3,2608171946,,2608171946,,,,,,,,,,,0.0,0.0
-5999987302908863714-2608171903-9,7459,2608171936,2608171937,3,,S,S4,Backnang|Burgstall(Murr)|Kirchberg(Murr)|Erdmannhausen|Marbach(Neckar)|Benningen(Neckar)|Freiberg(Neckar)|Favoritepark,8000235,Ludwigsburg,Baden-Württemberg,Ludwigsburg,71638,9.185229823,48.89208622,3,2608171936,,2608171937,,h,1,Bauarbeiten,,,,,,,0.0,0.0
9199027665325036583-2608171912-4,19332,2608171950,2608171953,1,,RE,MEX18,Plochingen|Esslingen(Neckar)|Kornwestheim Pbf,8000235,Ludwigsburg,Baden-Württemberg,Ludwigsburg,71638,9.185229823,48.89208622,3,2608171950,,2608171953,,h,2,Störung,,,,,,,0.0,0.0
-1267321740504325492-2608171937-5,7456,2608171953,2608171954,2,,S,S4,Stuttgart Hbf|Stuttgart Nordbahnhof|Stuttgart-Zuffenhausen|Kornwestheim Pbf,8000235,Ludwigsburg,Baden-Württemberg,Ludwigsburg,71638,9.185229823,48.89208622,3,2608172005,,2608172006,,,,,,,,,,,12.0,12.0
-3714637966122188152-2608171907-5,7454,2608171923,2608171924,2,,S,S4,Stuttgart Hbf|Stuttgart Nordbahnhof|Stuttgart-Zuffenhausen|Kornwestheim Pbf,8000235,Ludwigsburg,Baden-Württemberg,Ludwigsburg,71638,9.185229823,48.89208622,3,2608171923,,2608171924,,,,,,,,,,,0.0,0.0
465087425734758010-2608171833-9,7457,2608171906,2608171907,3,,S,S4,Backnang|Burgstall(Murr)|Kirchberg(Murr)|Erdmannhausen|Marbach(Neckar)|Benningen(Neckar)|Freiberg(Neckar)|Favoritepark,8000235,Ludwigsburg,Baden-Württemberg,Ludwigsburg,71638,9.185229823,48.89208622,3,2608171909,,2608171910,,h,1,Bauarbeiten,,,,,,,3.0,3.0
5357688880712202570-2608171906-4,99123,2608171951,,,,ARV,,Neckarsulm|Heilbronn Hbf|Bietigheim-Bissingen,8000235,Ludwigsburg,Baden-Württemberg,Ludwigsburg,71638,9.185229823,48.89208622,3,2608171953,4,,,,,,,,,,,,2.0,0.0
4340980155526291036-2608171857-5,7556,2608171913,2608171914,2,,S,S5,Stuttgart Hbf|Stuttgart Nordbahnhof|Stuttgart-Zuffenhausen|Kornwestheim Pbf,8000235,Ludwigsburg,Baden-Württemberg,Ludwigsburg,71638,9.185229823,48.89208622,3,2608171913,,2608171914,,,,,,,,,,,0.0,0.0
-7977039131388172031-2608171857-8,19241,2608171931,2608171932,4,,RE,MEX12,Heilbronn Hbf|Nordheim(Württ)|Lauffen(Neckar)|Kirchheim(Neckar)|Walheim(Württ)|Besigheim|Bietigheim-Bissingen,8000235,Ludwigsburg,Baden-Württemberg,Ludwigsburg,71638,9.185229823,48.89208622,3,2608171932,,2608171933,,h,2,Bauarbeiten,,,,,,,1.0,1.0
1856255482499479272-2608171927-5,7558,2608171943,2608171944,2,,S,S5,Stuttgart Hbf|Stuttgart Nordbahnhof|Stuttgart-Zuffenhausen|Kornwestheim Pbf,8000235,Ludwigsburg,Baden-Württemberg,Ludwigsburg,71638,9.185229823,48.89208622,3,2608171943,,2608171944,,,,,,,,,,,0.0,0.0
4529170897520290947-2608171907-4,7559,2608171916,2608171916,3,,S,S5,Bietigheim-Bissingen|Tamm(Württ)|Asperg,8000235,Ludwigsburg,Baden-Württemberg,Ludwigsburg,71638,9.185229823,48.89208622,3,2608171916,,2608171916,,,,,,,,,,,0.0,0.0
2177173371585704125-2608171830-8,19331,2608171904,2608171905,4,,RE,MEX18,Heilbronn Hbf|Nordheim(Württ)|Lauffen(Neckar)|Kirchheim(Neckar)|Walheim(Württ)|Besigheim|Bietigheim-Bissingen,8000235,Ludwigsburg,Baden-Württemberg,Ludwigsburg,71638,9.185229823,48.89208622,3,2608171904,,2608171905,,h,2,Störung,,,,,,,0.0,0.0
-2362055098907975015-2608171903-2,7659,2608171905,2608171905,2,,S,S6,Weil der Stadt,8003831,Malmsheim,Baden-Württemberg,Renningen,71272,8.905105557,48.77183564,5,2608171908,,2608171909,,h,1,Bauarbeiten,,,,,,,3.0,4.0
-7461252280383009819-2608171933-2,7661,2608171935,2608171935,2,,S,S6,Weil der Stadt,8003831,Malmsheim,Baden-Württemberg,Renningen,71272,8.905105557,48.77183564,5,2608171936,,2608171936,,h,1,Bauarbeiten,,,,,,,1.0,1.0
-8105268467764308448-2608171855-11,7654,2608171924,2608171924,1,,S,S6,Stuttgart-Feuerbach|Stuttgart-Zuffenhausen|Neuwirtshaus(Porscheplatz)|Korntal|Weilimdorf|Ditzingen|Höfingen|Leonberg|Rutesheim|Renningen,8003831,Malmsheim,Baden-Württemberg,Renningen,71272,8.905105557,48.77183564,5,2608171925,,2608171926,,h,1,Bauarbeiten,,,,,,,1.0,2.0
4560737320585991855-2608171925-11,7656,2608171954,2608171954,1,,S,S6,Stuttgart-Feuerbach|Stuttgart-Zuffenhausen|Neuwirtshaus(Porscheplatz)|Korntal|Weilimdorf|Ditzingen|Höfingen|Leonberg|Rutesheim|Renningen,8003831,Malmsheim,Baden-Württemberg,Renningen,71272,8.905105557,48.77183564,5,2608171955,,2608171956,,h,1,Bauarbeiten,,,,,,,1.0,2.0
-5999987302908863714-2608171903-5,7459,2608171921,2608171925,,,S,S4,Backnang|Burgstall(Murr)|Kirchberg(Murr)|Erdmannhausen,8003853,Marbach (Neckar),Baden-Württemberg,Marbach am Neckar,71672,9.264611825,48.9437708,3,2608171922,1,2608171926,1,h,1,Bauarbeiten,,,,,,,1.0,1.0
-3714637966122188152-2608171907-9,7454,2608171935,2608171938,1,,S,S4,Stuttgart Hbf|Stuttgart Nordbahnhof|Stuttgart-Zuffenhausen|Kornwestheim Pbf|Ludwigsburg|Favoritepark|Freiberg(Neckar)|Benningen(Neckar),8003853,Marbach (Neckar),Baden-Württemberg,Marbach am Neckar,71672,9.264611825,48.9437708,3,2608171935,,2608171938,,,,,,,,,,,0.0,0.0
4374010283059226194-2608171837-9,7452,2608171905,2608171908,1,,S,S4,Stuttgart Hbf|Stuttgart Nordbahnhof|Stuttgart-Zuffenhausen|Kornwestheim Pbf|Ludwigsburg|Favoritepark|Freiberg(Neckar)|Benningen(Neckar),8003853,Marbach (Neckar),Baden-Württemberg,Marbach am Neckar,71672,9.264611825,48.9437708,3,2608171907,,2608171909,,,,,,,,,,,2.0,1.0
-2299085007408785264-2608171933-5,7461,2608171951,2608171955,,,S,S4,Backnang|Burgstall(Murr)|Kirchberg(Murr)|Erdmannhausen,8003853,Marbach (Neckar),Baden-Württemberg,Marbach am Neckar,71672,9.264611825,48.9437708,3,2608171951,1,2608171955,1,h,1,Bauarbeiten,,,,,,,0.0,0.0
3135614053194829594-2608171911-2,7359,2608171913,2608171914,1,,S,S3,Backnang,8003913,Maubach,Baden-Württemberg,Backnang,71522,9.419487062,48.92623463,4,2608171915,,2608171916,,,,,,,,,,,2.0,2.0
-6212403965013446492-2608171941-2,7361,2608171943,2608171944,1,,S,S3,Backnang,8003913,Maubach,Baden-Württemberg,Backnang,71522,9.419487062,48.92623463,4,2608171945,,2608171946,,,,,,,,,,,2.0,2.0
7891754352984498965-2608171912-11,7356,2608171944,2608171945,2,,S,S3,Stuttgart Hbf|Stuttgart-Bad Cannstatt|Stuttgart Nürnberger Str.|Stuttgart-Sommerrain|Fellbach|Waiblingen|Neustadt-Hohenacker|Schwaikheim|Winnenden|Nellmersbach,8003913,Maubach,Baden-Württemberg,Backnang,71522,9.419487062,48.92623463,4,2608171945,,2608171945,,,,,,,,,,,1.0,0.0
-8665436956296760567-2608171842-11,7354,2608171914,2608171915,2,,S,S3,Stuttgart Hbf|Stuttgart-Bad Cannstatt|Stuttgart Nürnberger Str.|Stuttgart-Sommerrain|Fellbach|Waiblingen|Neustadt-Hohenacker|Schwaikheim|Winnenden|Nellmersbach,8003913,Maubach,Baden-Württemberg,Backnang,71522,9.419487062,48.92623463,4,2608171914,,2608171915,,,,,,,,,,,0.0,0.0
3135614053194829594-2608171911-3,7359,2608171916,2608171916,1,,S,S3,Backnang|Maubach,8004233,Nellmersbach,Baden-Württemberg,Leutenbach,71397,9.415421538,48.90336425,5,2608171918,,2608171919,,,,,,,,,,,2.0,3.0
-6212403965013446492-2608171941-3,7361,2608171946,2608171946,1,,S,S3,Backnang|Maubach,8004233,Nellmersbach,Baden-Württemberg,Leutenbach,71397,9.415421538,48.90336425,5,2608171948,,2608171948,,,,,,,,,,,2.0,2.0
7891754352984498965-2608171912-10,7356,2608171941,2608171942,2,,S,S3,Stuttgart Hbf|Stuttgart-Bad Cannstatt|Stuttgart Nürnberger Str.|Stuttgart-Sommerrain|Fellbach|Waiblingen|Neustadt-Hohenacker|Schwaikheim|Winnenden,8004233,Nellmersbach,Baden-Württemberg,Leutenbach,71397,9.415421538,48.90336425,5,2608171942,,2608171943,,,,,,,,,,,1.0,1.0
-8665436956296760567-2608171842-10,7354,2608171911,2608171912,2,,S,S3,Stuttgart Hbf|Stuttgart-Bad Cannstatt|Stuttgart Nürnberger Str.|Stuttgart-Sommerrain|Fellbach|Waiblingen|Neustadt-Hohenacker|Schwaikheim|Winnenden,8004233,Nellmersbach,Baden-Württemberg,Leutenbach,71397,9.415421538,48.90336425,5,2608171911,,2608171912,,,,,,,,,,,0.0,0.0
3135614053194829594-2608171911-6,7359,2608171925,2608171925,2,,S,S3,Backnang|Maubach|Nellmersbach|Winnenden|Schwaikheim,8004333,Neustadt-Hohenacker,Baden-Württemberg,Waiblingen,71336,9.32455106,48.85921668,5,2608171926,,2608171927,,,,,,,,,,,1.0,2.0
-6212403965013446492-2608171941-6,7361,2608171955,2608171955,2,,S,S3,Backnang|Maubach|Nellmersbach|Winnenden|Schwaikheim,8004333,Neustadt-Hohenacker,Baden-Württemberg,Waiblingen,71336,9.32455106,48.85921668,5,2608171956,,2608171956,,,,,,,,,,,1.0,1.0
7891754352984498965-2608171912-7,7356,2608171933,2608171933,1,,S,S3,Stuttgart Hbf|Stuttgart-Bad Cannstatt|Stuttgart Nürnberger Str.|Stuttgart-Sommerrain|Fellbach|Waiblingen,8004333,Neustadt-Hohenacker,Baden-Württemberg,Waiblingen,71336,9.32455106,48.85921668,5,2608171934,,2608171934,,,,,,,,,,,1.0,1.0
-8665436956296760567-2608171842-7,7354,2608171903,2608171903,1,,S,S3,Stuttgart Hbf|Stuttgart-Bad Cannstatt|Stuttgart Nürnberger Str.|Stuttgart-Sommerrain|Fellbach|Waiblingen,8004333,Neustadt-Hohenacker,Baden-Württemberg,Waiblingen,71336,9.32455106,48.85921668,5,2608171904,,2608171904,,,,,,,,,,,1.0,1.0
6230552686564451233-2608171833-10,7657,2608171901,2608171901,2,,S,S6,Weil der Stadt|Malmsheim|Renningen|Rutesheim|Leonberg|Höfingen|Ditzingen|Weilimdorf|Korntal,8004338,Neuwirtshaus (Porscheplatz),Baden-Württemberg,Stuttgart,70435,9.151955614,48.83384734,4,2608171901,,2608171903,,h,1,Bauarbeiten,,,,,,,0.0,2.0
-2742485192176399051-2608171911-2,7060,2608171913,2608171913,1,,S,S60,Stuttgart-Zuffenhausen,8004338,Neuwirtshaus (Porscheplatz),Baden-Württemberg,Stuttgart,70435,9.151955614,48.83384734,4,2608171913,,2608171913,,h,1,Bauarbeiten,,,,,,,0.0,0.0
-2362055098907975015-2608171903-10,7659,2608171931,2608171931,2,,S,S6,Weil der Stadt|Malmsheim|Renningen|Rutesheim|Leonberg|Höfingen|Ditzingen|Weilimdorf|Korntal,8004338,Neuwirtshaus (Porscheplatz),Baden-Württemberg,Stuttgart,70435,9.151955614,48.83384734,4,2608171931,,2608171932,,h,1,Bauarbeiten,,,,,,,0.0,1.0
6794935984055018648-2608171941-2,7062,2608171943,2608171943,1,,S,S60,Stuttgart-Zuffenhausen,8004338,Neuwirtshaus (Porscheplatz),Baden-Württemberg,Stuttgart,70435,9.151955614,48.83384734,4,2608171943,,2608171943,,h,1,Bauarbeiten,,,,,,,0.0,0.0
5496704793073772827-2608171834-14,7055,2608171916,2608171916,2,,S,S60,Böblingen|Sindelfingen|Maichingen|Maichingen Nord|Magstadt|Renningen Süd|Renningen|Rutesheim|Leonberg|Höfingen|Ditzingen|Weilimdorf|Korntal,8004338,Neuwirtshaus (Porscheplatz),Baden-Württemberg,Stuttgart,70435,9.151955614,48.83384734,4,2608171916,,2608171917,,h,1,Bauarbeiten,,,,,,,0.0,1.0
4560737320585991855-2608171925-3,7656,2608171928,2608171929,1,,S,S6,Stuttgart-Feuerbach|Stuttgart-Zuffenhausen,8004338,Neuwirtshaus (Porscheplatz),Baden-Württemberg,Stuttgart,70435,9.151955614,48.83384734,4,2608171930,,2608171931,,h,1,Bauarbeiten,,,,,,,2.0,2.0
-372852547875452905-2608171904-14,7057,2608171946,2608171946,2,,S,S60,Böblingen|Sindelfingen|Maichingen|Maichingen Nord|Magstadt|Renningen Süd|Renningen|Rutesheim|Leonberg|Höfingen|Ditzingen|Weilimdorf|Korntal,8004338,Neuwirtshaus (Porscheplatz),Baden-Württemberg,Stuttgart,70435,9.151955614,48.83384734,4,2608171946,,2608171947,,h,1,Bauarbeiten,,,,,,,0.0,1.0
-6566653064860181399-2608171955-3,7658,2608171958,2608171959,1,,S,S6,Stuttgart-Feuerbach|Stuttgart-Zuffenhausen,8004338,Neuwirtshaus (Porscheplatz),Baden-Württemberg,Stuttgart,70435,9.151955614,48.83384734,4,2608172000,,2608172000,,h,1,Bauarbeiten,,,,,,,2.0,1.0
-6796240322761220487-2608171946-2,7762,2608171949,2608171949,2,,S,S1,Herrenberg,8004490,Nufringen,Baden-Württemberg,Nufringen,71154,8.889817485,48.62010967,5,2608171949,,2608171950,,,,,,,,,,,0.0,1.0
-2610915647049597594-2608171916-8,7757,2608171941,2608171941,1,,S,S1,Stuttgart-Vaihingen|Stuttgart-Rohr|Goldberg(Württ)|Böblingen|Hulb|Ehningen(b Böblingen)|Gärtringen,8004490,Nufringen,Baden-Württemberg,Nufringen,71154,8.889817485,48.62010967,5,2608171944,,2608171944,,,,,,,,,,,3.0,3.0
-1979304329788833876-2608171846-8,7755,2608171911,2608171911,1,,S,S1,Stuttgart-Vaihingen|Stuttgart-Rohr|Goldberg(Württ)|Böblingen|Hulb|Ehningen(b Böblingen)|Gärtringen,8004490,Nufringen,Baden-Württemberg,Nufringen,71154,8.889817485,48.62010967,5,2608171913,,2608171913,,,,,,,,,,,2.0,2.0
-8747931418941855621-2608171916-2,7760,2608171919,2608171919,2,,S,S1,Herrenberg,8004490,Nufringen,Baden-Württemberg,Nufringen,71154,8.889817485,48.62010967,5,2608171919,,2608171920,,,,,,,,,,,0.0,1.0
-2474418901068663081-2608171933-5,7958,2608171945,2608171945,2,,S,S2,Filderstadt|Stuttgart Flughafen/Messe|Echterdingen|Leinfelden,8004496,Oberaichen,Baden-Württemberg,Leinfelden-Echterdingen,70771,9.12743664,48.70512422,5,2608171945,,2608171946,,,,,,,,,,,0.0,1.0
-8369154934664465589-2608171935-3,7959,2608171944,2608171944,1,,S,S2,Stuttgart-Vaihingen|Stuttgart-Rohr,8004496,Oberaichen,Baden-Württemberg,Leinfelden-Echterdingen,70771,9.12743664,48.70512422,5,2608171944,,2608171944,,,,,,,,,,,0.0,0.0
-8012619847659088179-2608171905-3,7957,2608171914,2608171914,1,,S,S2,Stuttgart-Vaihingen|Stuttgart-Rohr,8004496,Oberaichen,Baden-Württemberg,Leinfelden-Echterdingen,70771,9.12743664,48.70512422,5,2608171914,,2608171914,,,,,,,,,,,0.0,0.0
8022331955409261611-2608171903-5,7956,2608171915,2608171915,2,,S,S2,Filderstadt|Stuttgart Flughafen/Messe|Echterdingen|Leinfelden,8004496,Oberaichen,Baden-Württemberg,Leinfelden-Echterdingen,70771,9.12743664,48.70512422,5,2608171915,,2608171915,,,,,,,,,,,0.0,0.0
-6572211236779796534-2608171920-8,7161,2608171944,2608171945,3,,S,S1,Kirchheim(Teck)|Kirchheim(Teck)-Ötlingen|Wendlingen(Neckar)|Wernau(Neckar)|Plochingen|Altbach|Esslingen-Zell,8004528,Oberesslingen,Baden-Württemberg,Esslingen am Neckar,73730,9.327277435,48.72983585,3,2608171944,,2608171945,,,,,,,,,,,0.0,0.0
8890019855766315038-2608171850-8,7159,2608171914,2608171915,3,,S,S1,Kirchheim(Teck)|Kirchheim(Teck)-Ötlingen|Wendlingen(Neckar)|Wernau(Neckar)|Plochingen|Altbach|Esslingen-Zell,8004528,Oberesslingen,Baden-Württemberg,Esslingen am Neckar,73730,9.327277435,48.72983585,3,2608171914,,2608171915,,,,,,,,,,,0.0,0.0
-1558425123957504280-2608171925-8,7158,2608171945,2608171945,4,,S,S1,Stuttgart Hbf|Stuttgart-Bad Cannstatt|Stuttgart Neckarpark|Stuttgart-Untertürkheim|Stuttgart-Obertürkheim|Esslingen-Mettingen|Esslingen(Neckar),8004528,Oberesslingen,Baden-Württemberg,Esslingen am Neckar,73730,9.327277435,48.72983585,3,2608171945,,2608171945,,,,,,,,,,,0.0,0.0
-7621325389408103009-2608171855-8,7156,2608171915,2608171915,4,,S,S1,Stuttgart Hbf|Stuttgart-Bad Cannstatt|Stuttgart Neckarpark|Stuttgart-Untertürkheim|Stuttgart-Obertürkheim|Esslingen-Mettingen|Esslingen(Neckar),8004528,Oberesslingen,Baden-Württemberg,Esslingen am Neckar,73730,9.327277435,48.72983585,3,2608171915,,2608171915,,,,,,,,,,,0.0,0.0
-8730146202823669430-2608171703-12,4238,2608171902,2608171903,1,,RE,RE5,Friedrichshafen Stadt|Löwental|Meckenbeuren|Ravensburg|Aulendorf|Bad Schussenried|Biberach(Riß)|Laupheim West|Ulm Hbf|Geislingen(Steige)|Göppingen,8000302,Plochingen,Baden-Württemberg,Plochingen,73207,9.411294578,48.71293906,2,2608171907,,2608171908,,h,2,Störung,,,,,,,5.0,5.0
9199027665325036583-2608171912-1,19332,,2608171912,,,RE,MEX18,,8000302,Plochingen,Baden-Württemberg,Plochingen,73207,9.411294578,48.71293906,2,,,2608171912,,h,2,Störung,,,,,,,0.0,0.0
-1888638382566928596-2608171757-12,19239,2608171911,2608171912,9,,RE,MEX12,Heilbronn Hbf|Nordheim(Württ)|Lauffen(Neckar)|Kirchheim(Neckar)|Walheim(Württ)|Besigheim|Bietigheim-Bissingen|Ludwigsburg|Stuttgart Hbf|Stuttgart-Bad Cannstatt|Esslingen(Neckar),8000302,Plochingen,Baden-Württemberg,Plochingen,73207,9.411294578,48.71293906,2,2608171926,10,2608171926,10,h,2,Bauarbeiten,,,,,,,15.0,14.0
-8086510943931224072-2608171900-4,19197,2608171926,2608171927,4,,ARV,16,Stuttgart Hbf|Stuttgart-Bad Cannstatt|Esslingen(Neckar),8000302,Plochingen,Baden-Württemberg,Plochingen,73207,9.411294578,48.71293906,2,2608171926,,2608171927,,,,,,,,,,,0.0,0.0
-5626492874762918281-2608171836-19,19168,2608171955,2608171955,3,,ARV,16,Ulm Hbf|Beimerstetten|Westerstetten|Lonsee|Urspring|Amstetten(Württ)|Geislingen(Steige)|Geislingen(Steige)West|Kuchen|Gingen(Fils)|Süßen|Salach|Eislingen(Fils)|Göppingen|Faurndau|Uhingen|Ebersbach(Fils)|Reichenbach(Fils),8000302,Plochingen,Baden-Württemberg,Plochingen,73207,9.411294578,48.71293906,2,2608171956,,2608171957,,,,,,,,,,,1.0,2.0
-6572211236779796534-2608171920-5,7161,2608171935,2608171937,9,,S,S1,Kirchheim(Teck)|Kirchheim(Teck)-Ötlingen|Wendlingen(Neckar)|Wernau(Neckar),8000302,Plochingen,Baden-Württemberg,Plochingen,73207,9.411294578,48.71293906,2,2608171937,,2608171937,,,,,,,,,,,2.0,0.0
2955399632672402425-2608171916-7,19244,2608171946,2608171947,7,,RE,MEX12,Reutlingen Hbf|Metzingen(Württ)|Bempflingen|Nürtingen|Oberboihingen|Wendlingen(Neckar),8000302,Plochingen,Baden-Württemberg,Plochingen,73207,9.411294578,48.71293906,2,2608171947,,2608171947,,h,2,Bauarbeiten,,,,,,,1.0,0.0
823528371556953103-2608171937-3,4231,2608171953,2608171955,4,,RE,RE5,Stuttgart Hbf|Esslingen(Neckar),8000302,Plochingen,Baden-Württemberg,Plochingen,73207,9.411294578,48.71293906,2,2608171954,,2608171955,,h,2,Störung,,,,,,,1.0,0.0
3675379070280033065-2608171842-4,19165,2608171900,2608171900,6,,ARV,16,Stuttgart Hbf|Stuttgart-Bad Cannstatt|Esslingen(Neckar),8000302,Plochingen,Baden-Württemberg,Plochingen,73207,9.411294578,48.71293906,2,2608171903,4,2608171904,4,,,,,,,,,,3.0,4.0
8890019855766315038-2608171850-5,7159,2608171905,2608171907,9,,S,S1,Kirchheim(Teck)|Kirchheim(Teck)-Ötlingen|Wendlingen(Neckar)|Wernau(Neckar),8000302,Plochingen,Baden-Württemberg,Plochingen,73207,9.411294578,48.71293906,2,2608171905,,2608171907,,,,,,,,,,,0.0,0.0
5253752513274739814-2608171848-13,19166,2608171928,2608171934,1,,ARV,16,Geislingen(Steige)|Geislingen(Steige)West|Kuchen|Gingen(Fils)|Süßen|Salach|Eislingen(Fils)|Göppingen|Faurndau|Uhingen|Ebersbach(Fils)|Reichenbach(Fils),8000302,Plochingen,Baden-Württemberg,Plochingen,73207,9.411294578,48.71293906,2,2608171927,,2608171934,,,,,,,,,,,-1.0,0.0
-1558425123957504280-2608171925-11,7158,2608171953,2608171955,9,,S,S1,Stuttgart Hbf|Stuttgart-Bad Cannstatt|Stuttgart Neckarpark|Stuttgart-Untertürkheim|Stuttgart-Obertürkheim|Esslingen-Mettingen|Esslingen(Neckar)|Oberesslingen|Esslingen-Zell|Altbach,8000302,Plochingen,Baden-Württemberg,Plochingen,73207,9.411294578,48.71293906,2,2608171953,,2608171955,,,,,,,,,,,0.0,0.0
2177173371585704125-2608171830-11,19331,2608171942,,9,,RE,,Heilbronn Hbf|Nordheim(Württ)|Lauffen(Neckar)|Kirchheim(Neckar)|Walheim(Württ)|Besigheim|Bietigheim-Bissingen|Ludwigsburg|Kornwestheim Pbf|Esslingen(Neckar),8000302,Plochingen,Baden-Württemberg,Plochingen,73207,9.411294578,48.71293906,2,2608171944,6,,,h,2,Störung,,,,,,,2.0,0.0
-7621325389408103009-2608171855-11,7156,2608171923,2608171926,9,,S,S1,Stuttgart Hbf|Stuttgart-Bad Cannstatt|Stuttgart Neckarpark|Stuttgart-Untertürkheim|Stuttgart-Obertürkheim|Esslingen-Mettingen|Esslingen(Neckar)|Oberesslingen|Esslingen-Zell|Altbach,8000302,Plochingen,Baden-Württemberg,Plochingen,73207,9.411294578,48.71293906,2,2608171923,,2608171929,,,,,,,,,,,0.0,3.0
3607379984062485274-2608171841-9,7058,2608171904,2608171909,3,,S,S60,Stuttgart-Zuffenhausen|Neuwirtshaus(Porscheplatz)|Korntal|Weilimdorf|Ditzingen|Höfingen|Leonberg|Rutesheim,8000313,Renningen,Baden-Württemberg,Renningen,71272,8.932650148,48.77515509,3,2608171904,,2608171912,,h,1,Bauarbeiten,,,,,,,0.0,3.0
-2742485192176399051-2608171911-9,7060,2608171934,2608171939,3,,S,S60,Stuttgart-Zuffenhausen|Neuwirtshaus(Porscheplatz)|Korntal|Weilimdorf|Ditzingen|Höfingen|Leonberg|Rutesheim,8000313,Renningen,Baden-Württemberg,Renningen,71272,8.932650148,48.77515509,3,2608171935,,2608171939,,h,1,Bauarbeiten,,,,,,,1.0,0.0
-2362055098907975015-2608171903-3,7659,2608171907,2608171911,2,,S,S6,Weil der Stadt|Malmsheim,8000313,Renningen,Baden-Württemberg,Renningen,71272,8.932650148,48.77515509,3,2608171911,,2608171912,,h,1,Bauarbeiten,,,,,,,4.0,1.0
-7461252280383009819-2608171933-3,7661,2608171937,2608171941,2,,S,S6,Weil der Stadt|Malmsheim,8000313,Renningen,Baden-Württemberg,Renningen,71272,8.932650148,48.77515509,3,2608171938,,2608171941,,h,1,Bauarbeiten,,,,,,,1.0,0.0
-8105268467764308448-2608171855-10,7654,2608171919,2608171922,3,,S,S6,Stuttgart-Feuerbach|Stuttgart-Zuffenhausen|Neuwirtshaus(Porscheplatz)|Korntal|Weilimdorf|Ditzingen|Höfingen|Leonberg|Rutesheim,8000313,Renningen,Baden-Württemberg,Renningen,71272,8.932650148,48.77515509,3,2608171920,,2608171923,,h,1,Bauarbeiten,,,,,,,1.0,1.0
3964899678421724550-2608171926-6,26179,2608171948,,4,,SWE,,Calw|Calw-Heumaden|Althengstett|Ostelsheim|Weil der Stadt,8000313,Renningen,Baden-Württemberg,Renningen,71272,8.932650148,48.77515509,3,2608171948,,,,,,,,,,,,,0.0,0.0
3128900407755296936-2608171934-7,7059,2608171950,2608171956,2,,S,S60,Böblingen|Sindelfingen|Maichingen|Maichingen Nord|Magstadt|Renningen Süd,8000313,Renningen,Baden-Württemberg,Renningen,71272,8.932650148,48.77515509,3,2608171952,,2608171956,,h,1,Bauarbeiten,,,,,,,2.0,0.0
4560737320585991855-2608171925-10,7656,2608171949,2608171952,3,,S,S6,Stuttgart-Feuerbach|Stuttgart-Zuffenhausen|Neuwirtshaus(Porscheplatz)|Korntal|Weilimdorf|Ditzingen|Höfingen|Leonberg|Rutesheim,8000313,Renningen,Baden-Württemberg,Renningen,71272,8.932650148,48.77515509,3,2608171951,,2608171953,,h,1,Bauarbeiten,,,,,,,2.0,1.0
-372852547875452905-2608171904-7,7057,2608171920,2608171926,2,,S,S60,Böblingen|Sindelfingen|Maichingen|Maichingen Nord|Magstadt|Renningen Süd,8000313,Renningen,Baden-Württemberg,Renningen,71272,8.932650148,48.77515509,3,2608171921,,2608171926,,h,1,Bauarbeiten,,,,,,,1.0,0.0
-7422643584363790684-2608171920-7,7256,2608171937,2608171937,1,,S,S2,Stuttgart Hbf|Stuttgart-Bad Cannstatt|Stuttgart Nürnberger Str.|Stuttgart-Sommerrain|Fellbach|Waiblingen,8005157,Rommelshausen,Baden-Württemberg,Kernen,71394,9.319175885,48.81552017,4,2608171937,,2608171937,,h,1,Bauarbeiten,,,,,,,0.0,0.0
5807496118620218109-2608171850-7,7254,2608171907,2608171907,1,,S,S2,Stuttgart Hbf|Stuttgart-Bad Cannstatt|Stuttgart Nürnberger Str.|Stuttgart-Sommerrain|Fellbach|Waiblingen,8005157,Rommelshausen,Baden-Württemberg,Kernen,71394,9.319175885,48.81552017,4,2608171907,,2608171907,,h,1,Bauarbeiten,,,,,,,0.0,0.0
-3278481612433611047-2608171933-9,7261,2608171951,2608171952,2,,S,S2,Schorndorf|Weiler(Rems)|Winterbach(b Schorndorf)|Geradstetten|Grunbach|Beutelsbach|Endersbach|Stetten-Beinstein,8005157,Rommelshausen,Baden-Württemberg,Kernen,71394,9.319175885,48.81552017,4,2608171954,,2608171955,,h,1,Bauarbeiten,,,,,,,3.0,3.0
1183252318301173457-2608171903-9,7259,2608171921,2608171922,2,,S,S2,Schorndorf|Weiler(Rems)|Winterbach(b Schorndorf)|Geradstetten|Grunbach|Beutelsbach|Endersbach|Stetten-Beinstein,8005157,Rommelshausen,Baden-Württemberg,Kernen,71394,9.319175885,48.81552017,4,2608171921,,2608171922,,h,1,Bauarbeiten,,,,,,,0.0,0.0
3607379984062485274-2608171841-8,7058,2608171901,2608171901,2,,S,S60,Stuttgart-Zuffenhausen|Neuwirtshaus(Porscheplatz)|Korntal|Weilimdorf|Ditzingen|Höfingen|Leonberg,8005236,Rutesheim,Baden-Württemberg,Leonberg,71229,8.960325242,48.79031093,5,2608171901,,2608171901,,h,1,Bauarbeiten,,,,,,,0.0,0.0
-2742485192176399051-2608171911-8,7060,2608171931,2608171931,2,,S,S60,Stuttgart-Zuffenhausen|Neuwirtshaus(Porscheplatz)|Korntal|Weilimdorf|Ditzingen|Höfingen|Leonberg,8005236,Rutesheim,Baden-Württemberg,Leonberg,71229,8.960325242,48.79031093,5,2608171932,,2608171932,,h,1,Bauarbeiten,,,,,,,1.0,1.0
-2362055098907975015-2608171903-4,7659,2608171913,2608171914,1,,S,S6,Weil der Stadt|Malmsheim|Renningen,8005236,Rutesheim,Baden-Württemberg,Leonberg,71229,8.960325242,48.79031093,5,2608171915,,2608171915,,h,1,Bauarbeiten,,,,,,,2.0,1.0
-7461252280383009819-2608171933-4,7661,2608171943,2608171944,1,,S,S6,Weil der Stadt|Malmsheim|Renningen,8005236,Rutesheim,Baden-Württemberg,Leonberg,71229,8.960325242,48.79031093,5,2608171943,,2608171944,,h,1,Bauarbeiten,,,,,,,0.0,0.0
-8105268467764308448-2608171855-9,7654,2608171916,2608171916,2,,S,S6,Stuttgart-Feuerbach|Stuttgart-Zuffenhausen|Neuwirtshaus(Porscheplatz)|Korntal|Weilimdorf|Ditzingen|Höfingen|Leonberg,8005236,Rutesheim,Baden-Württemberg,Leonberg,71229,8.960325242,48.79031093,5,2608171918,,2608171918,,h,1,Bauarbeiten,,,,,,,2.0,2.0
3128900407755296936-2608171934-8,7059,2608171958,2608171959,1,,S,S60,Böblingen|Sindelfingen|Maichingen|Maichingen Nord|Magstadt|Renningen Süd|Renningen,8005236,Rutesheim,Baden-Württemberg,Leonberg,71229,8.960325242,48.79031093,5,2608171958,,2608171959,,h,1,Bauarbeiten,,,,,,,0.0,0.0
4560737320585991855-2608171925-9,7656,2608171946,2608171946,2,,S,S6,Stuttgart-Feuerbach|Stuttgart-Zuffenhausen|Neuwirtshaus(Porscheplatz)|Korntal|Weilimdorf|Ditzingen|Höfingen|Leonberg,8005236,Rutesheim,Baden-Württemberg,Leonberg,71229,8.960325242,48.79031093,5,2608171948,,2608171948,,h,1,Bauarbeiten,,,,,,,2.0,2.0
-372852547875452905-2608171904-8,7057,2608171928,2608171929,1,,S,S60,Böblingen|Sindelfingen|Maichingen|Maichingen Nord|Magstadt|Renningen Süd|Renningen,8005236,Rutesheim,Baden-Württemberg,Leonberg,71229,8.960325242,48.79031093,5,2608171928,,2608171929,,h,1,Bauarbeiten,,,,,,,0.0,0.0
-1077044607081714772-2608171915-4,19481,2608171943,2608171944,2,,ARV,13,Stuttgart Hbf|Stuttgart-Bad Cannstatt|Waiblingen,8005424,Schorndorf,Baden-Württemberg,Schorndorf,73614,9.525686251,48.80693898,3,2608171943,,2608171944,,h,2,Information,,,,,,,0.0,0.0
-3899663222005632832-2608171846-4,19429,2608171913,2608171914,2,,ARV,13,Stuttgart Hbf|Stuttgart-Bad Cannstatt|Waiblingen,8005424,Schorndorf,Baden-Württemberg,Schorndorf,73614,9.525686251,48.80693898,3,2608171913,,2608171914,,h,2,Information,,,,,,,0.0,0.0
-7422643584363790684-2608171920-15,7256,2608171955,,1,,S,,Stuttgart Hbf|Stuttgart-Bad Cannstatt|Stuttgart Nürnberger Str.|Stuttgart-Sommerrain|Fellbach|Waiblingen|Rommelshausen|Stetten-Beinstein|Endersbach|Beutelsbach|Grunbach|Geradstetten|Winterbach(b Schorndorf)|Weiler(Rems),8005424,Schorndorf,Baden-Württemberg,Schorndorf,73614,9.525686251,48.80693898,3,2608171954,14,,,h,1,Bauarbeiten,,,,,,,-1.0,0.0
5807496118620218109-2608171850-15,7254,2608171925,,14,,S,,Stuttgart Hbf|Stuttgart-Bad Cannstatt|Stuttgart Nürnberger Str.|Stuttgart-Sommerrain|Fellbach|Waiblingen|Rommelshausen|Stetten-Beinstein|Endersbach|Beutelsbach|Grunbach|Geradstetten|Winterbach(b Schorndorf)|Weiler(Rems),8005424,Schorndorf,Baden-Württemberg,Schorndorf,73614,9.525686251,48.80693898,3,2608171925,1,,,h,1,Bauarbeiten,,,,,,,0.0,0.0
-5526670857911427558-2608171906-2,19683,2608171928,2608171929,2,,ARV,1,Stuttgart Hbf,8005424,Schorndorf,Baden-Württemberg,Schorndorf,73614,9.525686251,48.80693898,3,2608171929,,2608171930,,h,2,Information,,,,,,,1.0,1.0
-3278481612433611047-2608171933-1,7261,,2608171933,,,S,S2,,8005424,Schorndorf,Baden-Württemberg,Schorndorf,73614,9.525686251,48.80693898,3,,,2608171933,14,h,1,Bauarbeiten,,,,,,,0.0,0.0
-6751654647568991594-2608171752-17,19482,2608171913,2608171914,3,,ARV,13,Crailsheim|Jagstzell|Ellwangen|Schrezheim|Schwabsberg|Goldshöfe|Hofen(b Aalen)|Wasseralfingen|Aalen Hbf|Mögglingen(Gmünd)|Böbingen(Rems)|Schwäbisch Gmünd|Lorch(Württ)|Waldhausen(b Schorndorf)|Plüderhausen|Urbach(b Schorndorf),8005424,Schorndorf,Baden-Württemberg,Schorndorf,73614,9.525686251,48.80693898,3,2608171913,,2608171914,,h,2,Information,,,,,,,0.0,0.0
1183252318301173457-2608171903-1,7259,,2608171903,,,S,S2,,8005424,Schorndorf,Baden-Württemberg,Schorndorf,73614,9.525686251,48.80693898,3,,,2608171903,1,h,1,Bauarbeiten,,,,,,,0.0,0.0
-1439359717796706481-2608171907-9,19434,2608171943,2608171944,3,,ARV,13,Aalen Hbf|Mögglingen(Gmünd)|Böbingen(Rems)|Schwäbisch Gmünd|Lorch(Württ)|Waldhausen(b Schorndorf)|Plüderhausen|Urbach(b Schorndorf),8005424,Schorndorf,Baden-Württemberg,Schorndorf,73614,9.525686251,48.80693898,3,2608171950,,2608171951,,h,2,Information,,,,,,,7.0,7.0
3135614053194829594-2608171911-5,7359,2608171922,2608171923,1,,S,S3,Backnang|Maubach|Nellmersbach|Winnenden,8005454,Schwaikheim,Baden-Württemberg,Schwaikheim,71409,9.354747358,48.86832665,4,2608171924,,2608171925,,,,,,,,,,,2.0,2.0
-6212403965013446492-2608171941-5,7361,2608171952,2608171953,1,,S,S3,Backnang|Maubach|Nellmersbach|Winnenden,8005454,Schwaikheim,Baden-Württemberg,Schwaikheim,71409,9.354747358,48.86832665,4,2608171953,,2608171954,,,,,,,,,,,1.0,1.0
7891754352984498965-2608171912-8,7356,2608171936,2608171936,2,,S,S3,Stuttgart Hbf|Stuttgart-Bad Cannstatt|Stuttgart Nürnberger Str.|Stuttgart-Sommerrain|Fellbach|Waiblingen|Neustadt-Hohenacker,8005454,Schwaikheim,Baden-Württemberg,Schwaikheim,71409,9.354747358,48.86832665,4,2608171936,,2608171937,,,,,,,,,,,0.0,1.0
-8665436956296760567-2608171842-8,7354,2608171906,2608171906,2,,S,S3,Stuttgart Hbf|Stuttgart-Bad Cannstatt|Stuttgart Nürnberger Str.|Stuttgart-Sommerrain|Fellbach|Waiblingen|Neustadt-Hohenacker,8005454,Schwaikheim,Baden-Württemberg,Schwaikheim,71409,9.354747358,48.86832665,4,2608171906,,2608171907,,,,,,,,,,,0.0,1.0
3607379984062485274-2608171841-14,7058,2608171922,2608171923,1,,S,S60,Stuttgart-Zuffenhausen|Neuwirtshaus(Porscheplatz)|Korntal|Weilimdorf|Ditzingen|Höfingen|Leonberg|Rutesheim|Renningen|Renningen Süd|Magstadt|Maichingen Nord|Maichingen,8005574,Sindelfingen,Baden-Württemberg,Sindelfingen,71063,8.999262079,48.70387346,6,2608171925,,2608171925,,h,1,Bauarbeiten,,,,,,,3.0,2.0
-2742485192176399051-2608171911-14,7060,2608171952,2608171953,1,,S,S60,Stuttgart-Zuffenhausen|Neuwirtshaus(Porscheplatz)|Korntal|Weilimdorf|Ditzingen|Höfingen|Leonberg|Rutesheim|Renningen|Renningen Süd|Magstadt|Maichingen Nord|Maichingen,8005574,Sindelfingen,Baden-Württemberg,Sindelfingen,71063,8.999262079,48.70387346,6,2608171953,,2608171954,,h,1,Bauarbeiten,,,,,,,1.0,1.0
3128900407755296936-2608171934-2,7059,2608171936,2608171937,1,,S,S60,Böblingen,8005574,Sindelfingen,Baden-Württemberg,Sindelfingen,71063,8.999262079,48.70387346,6,2608171936,,2608171937,,h,1,Bauarbeiten,,,,,,,0.0,0.0
-372852547875452905-2608171904-2,7057,2608171906,2608171907,1,,S,S60,Böblingen,8005574,Sindelfingen,Baden-Württemberg,Sindelfingen,71063,8.999262079,48.70387346,6,2608171907,,2608171907,,h,1,Bauarbeiten,,,,,,,1.0,0.0
-7422643584363790684-2608171920-8,7256,2608171939,2608171939,1,,S,S2,Stuttgart Hbf|Stuttgart-Bad Cannstatt|Stuttgart Nürnberger Str.|Stuttgart-Sommerrain|Fellbach|Waiblingen|Rommelshausen,8005726,Stetten-Beinstein,Baden-Württemberg,Weinstadt,71384,9.352769725,48.81199601,5,2608171940,,2608171940,,h,1,Bauarbeiten,,,,,,,1.0,1.0
5807496118620218109-2608171850-8,7254,2608171909,2608171909,1,,S,S2,Stuttgart Hbf|Stuttgart-Bad Cannstatt|Stuttgart Nürnberger Str.|Stuttgart-Sommerrain|Fellbach|Waiblingen|Rommelshausen,8005726,Stetten-Beinstein,Baden-Württemberg,Weinstadt,71384,9.352769725,48.81199601,5,2608171909,,2608171909,,h,1,Bauarbeiten,,,,,,,0.0,0.0
-3278481612433611047-2608171933-8,7261,2608171949,2608171949,2,,S,S2,Schorndorf|Weiler(Rems)|Winterbach(b Schorndorf)|Geradstetten|Grunbach|Beutelsbach|Endersbach,8005726,Stetten-Beinstein,Baden-Württemberg,Weinstadt,71384,9.352769725,48.81199601,5,2608171952,,2608171952,,h,1,Bauarbeiten,,,,,,,3.0,3.0
1183252318301173457-2608171903-8,7259,2608171919,2608171919,2,,S,S2,Schorndorf|Weiler(Rems)|Winterbach(b Schorndorf)|Geradstetten|Grunbach|Beutelsbach|Endersbach,8005726,Stetten-Beinstein,Baden-Württemberg,Weinstadt,71384,9.352769725,48.81199601,5,2608171919,,2608171919,,h,1,Bauarbeiten,,,,,,,0.0,0.0
-8730146202823669430-2608171703-14,4238,2608171920,,11,,RE,,Friedrichshafen Stadt|Löwental|Meckenbeuren|Ravensburg|Aulendorf|Bad Schussenried|Biberach(Riß)|Laupheim West|Ulm Hbf|Geislingen(Steige)|Göppingen|Plochingen|Esslingen(Neckar),8000096,Stuttgart Hbf,Baden-Württemberg,Stuttgart,70173,9.183172973,48.78473069,1,2608171927,12,,,h,2,Störung,,,,,,,7.0,0.0
5238051817368153971-2608171841-12,7357,2608171917,,4,,S,,Backnang|Maubach|Nellmersbach|Winnenden|Schwaikheim|Neustadt-Hohenacker|Waiblingen|Fellbach|Stuttgart-Sommerrain|Stuttgart Nürnberger Str.|Stuttgart-Bad Cannstatt,8000096,Stuttgart Hbf,Baden-Württemberg,Stuttgart,70173,9.183172973,48.78473069,1,2608171917,,,,,,,,,,,,,0.0,0.0
-8941932149309778658-2608171922-1,572,,2608171922,,,ICE,,,8000096,Stuttgart Hbf,Baden-Württemberg,Stuttgart,70173,9.183172973,48.78473069,1,,,2608171924,,h,3,Information,,,,,,,0.0,2.0
-7141477819000954134-2608171740-4,2066,2608171953,2608171959,11,,IC,,Nürnberg Hbf|Ansbach|Aalen Hbf,8000096,Stuttgart Hbf,Baden-Württemberg,Stuttgart,70173,9.183172973,48.78473069,1,2608171959,,2608172005,,,,,,,,,,,6.0,6.0
-2105870165284876408-2608171816-10,19242,2608171913,2608171919,9,,RE,MEX12,Reutlingen Hbf|Metzingen(Württ)|Bempflingen|Nürtingen|Oberboihingen|Wendlingen(Neckar)|Plochingen|Esslingen(Neckar)|Stuttgart-Bad Cannstatt,8000096,Stuttgart Hbf,Baden-Württemberg,Stuttgart,70173,9.183172973,48.78473069,1,2608171921,,2608171929,,h,2,Bauarbeiten,,,,,,,8.0,10.0
5306241366452732763-2608171916-1,389,,2608171916,,,IC,,,8000096,Stuttgart Hbf,Baden-Württemberg,Stuttgart,70173,9.183172973,48.78473069,1,,,2608171916,,h,2,Information,,,,,,,0.0,0.0
3654860905341796990-2608171932-1,19028,,2608171932,,,ARV,1,,8000096,Stuttgart Hbf,Baden-Württemberg,Stuttgart,70173,9.183172973,48.78473069,1,,,2608171932,,,,,,,,,,,0.0,0.0
-6944323459733799687-2608171807-12,19432,2608171909,,14,,ARV,,Aalen Hbf|Mögglingen(Gmünd)|Böbingen(Rems)|Schwäbisch Gmünd|Lorch(Württ)|Waldhausen(b Schorndorf)|Plüderhausen|Urbach(b Schorndorf)|Schorndorf|Waiblingen|Stuttgart-Bad Cannstatt,8000096,Stuttgart Hbf,Baden-Württemberg,Stuttgart,70173,9.183172973,48.78473069,1,2608171914,,,,h,2,Information,,,,,,,5.0,0.0
-7090282038887162588-2608171926-1,17551,,2608171926,,,RB,MEX90,,8000096,Stuttgart Hbf,Baden-Württemberg,Stuttgart,70173,9.183172973,48.78473069,1,,,2608171926,,,,,,,,,,,0.0,0.0
5766622389415138721-2608171813-17,17674,2608171942,,6,,RE,,Freudenstadt Hbf|Grüntal-Wittlensweiler|Dornstetten-Aach|Dornstetten|Schopfloch(b Freudenstadt)|Bittelbronn|Horb-Heiligenfeld|Hochdorf(b Horb)|Eutingen Nord|Eutingen im Gäu|Ergenzingen|Bondorf(b Herrenberg)|Gäufelden|Herrenberg|Böblingen|Stuttgart-Vaihingen,8000096,Stuttgart Hbf,Baden-Württemberg,Stuttgart,70173,9.183172973,48.78473069,1,2608171944,,,,,,,,,,,,,2.0,0.0
3135614053194829594-2608171911-12,7359,2608171947,,4,,S,,Backnang|Maubach|Nellmersbach|Winnenden|Schwaikheim|Neustadt-Hohenacker|Waiblingen|Fellbach|Stuttgart-Sommerrain|Stuttgart Nürnberger Str.|Stuttgart-Bad Cannstatt,8000096,Stuttgart Hbf,Baden-Württemberg,Stuttgart,70173,9.183172973,48.78473069,1,2608171947,,,,,,,,,,,,,0.0,0.0
-1443720912187828789-2608171832-7,19027,2608171934,,7,,ARV,,Karlsruhe Hbf|Karlsruhe-Durlach|Wilferdingen-Singen|Pforzheim Hbf|Mühlacker|Vaihingen(Enz),8000096,Stuttgart Hbf,Baden-Württemberg,Stuttgart,70173,9.183172973,48.78473069,1,2608171942,7,,,,,,,,,,,,8.0,0.0
-5674677057600428724-2608171832-11,17556,2608171932,,13,,RB,,Gaildorf West|Fichtenberg|Fornsbach|Murrhardt|Sulzbach(Murr)|Oppenweiler(Württ)|Backnang|Winnenden|Waiblingen|Stuttgart-Bad Cannstatt,8000096,Stuttgart Hbf,Baden-Württemberg,Stuttgart,70173,9.183172973,48.78473069,1,2608171935,,,,,,,,,,,,,3.0,0.0
-6241446741912760601-2608171802-12,17672,2608171942,,6,,RE,,Rottweil|Oberndorf(Neckar)|Sulz(Neckar)|Horb|Eutingen im Gäu|Ergenzingen|Bondorf(b Herrenberg)|Gäufelden|Herrenberg|Böblingen|Stuttgart-Vaihingen,8000096,Stuttgart Hbf,Baden-Württemberg,Stuttgart,70173,9.183172973,48.78473069,1,2608171944,,,,h,2,Bauarbeiten,,,,,,,2.0,0.0
-5999987302908863714-2608171903-14,7459,2608171955,,1,,S,,Backnang|Burgstall(Murr)|Kirchberg(Murr)|Erdmannhausen|Marbach(Neckar)|Benningen(Neckar)|Freiberg(Neckar)|Favoritepark|Ludwigsburg|Kornwestheim Pbf|Stuttgart-Zuffenhausen|Stuttgart-Feuerbach|Stuttgart Nordbahnhof,8000096,Stuttgart Hbf,Baden-Württemberg,Stuttgart,70173,9.183172973,48.78473069,1,2608171956,,,,h,1,Bauarbeiten,,,,,,,1.0,0.0
-5517293294077476489-2608171940-1,19169,,2608171940,,,ARV,16,,8000096,Stuttgart Hbf,Baden-Württemberg,Stuttgart,70173,9.183172973,48.78473069,1,,,2608171940,,,,,,,,,,,0.0,0.0
284758112122123065-2608171837-8,7557,2608171905,,2,,S,,Bietigheim-Bissingen|Tamm(Württ)|Asperg|Ludwigsburg|Kornwestheim Pbf|Stuttgart-Zuffenhausen|Stuttgart Nordbahnhof,8000096,Stuttgart Hbf,Baden-Württemberg,Stuttgart,70173,9.183172973,48.78473069,1,2608171905,,,,,,,,,,,,,0.0,0.0
-1077044607081714772-2608171915-1,19481,,2608171915,,,ARV,13,,8000096,Stuttgart Hbf,Baden-Württemberg,Stuttgart,70173,9.183172973,48.78473069,1,,,2608171921,,h,2,Information,,,,,,,0.0,6.0
-4384940379958233889-2608171820-15,7157,2608171905,,4,,S,,Kirchheim(Teck)|Kirchheim(Teck)-Ötlingen|Wendlingen(Neckar)|Wernau(Neckar)|Plochingen|Altbach|Esslingen-Zell|Oberesslingen|Esslingen(Neckar)|Esslingen-Mettingen|Stuttgart-Obertürkheim|Stuttgart-Untertürkheim|Stuttgart Neckarpark|Stuttgart-Bad Cannstatt,8000096,Stuttgart Hbf,Baden-Württemberg,Stuttgart,70173,9.183172973,48.78473069,1,2608171907,,,,,,,,,,,,,2.0,0.0
-1267321740504325492-2608171937-1,7456,,2608171937,,,S,S4,,8000096,Stuttgart Hbf,Baden-Württemberg,Stuttgart,70173,9.183172973,48.78473069,1,,,2608171938,,,,,,,,,,,0.0,1.0
-8615067835650990474-2608171736-5,50184,2608171932,,5,,RE,,Singen(Hohentwiel)|Tuttlingen|Rottweil|Horb,8000096,Stuttgart Hbf,Baden-Württemberg,Stuttgart,70173,9.183172973,48.78473069,1,2608172044,,,,h,2,Information,,,Singen(Hohentwiel)|Tuttlingen|Rottweil|Horb,,c,,72.0,0.0
-5752778913722820927-2608171957-1,7560,,2608171957,,,S,S5,,8000096,Stuttgart Hbf,Baden-Württemberg,Stuttgart,70173,9.183172973,48.78473069,1,,,2608171957,,,,,,,,,,,0.0,0.0
-3714637966122188152-2608171907-1,7454,,2608171907,,,S,S4,,8000096,Stuttgart Hbf,Baden-Württemberg,Stuttgart,70173,9.183172973,48.78473069,1,,,2608171907,,,,,,,,,,,0.0,0.0
-7422643584363790684-2608171920-1,7256,,2608171920,,,S,S2,,8000096,Stuttgart Hbf,Baden-Württemberg,Stuttgart,70173,9.183172973,48.78473069,1,,,2608171920,,h,1,Bauarbeiten,,,,,,,0.0,0.0
7537395545451740415-2608171728-5,512,2608171943,2608171949,9,,ICE,,München Hbf|München-Pasing|Augsburg Hbf|Ulm Hbf,8000096,Stuttgart Hbf,Baden-Württemberg,Stuttgart,70173,9.183172973,48.78473069,1,2608171944,,2608171949,,,,,,,,,,,1.0,0.0
465087425734758010-2608171833-14,7457,2608171925,,1,,S,,Backnang|Burgstall(Murr)|Kirchberg(Murr)|Erdmannhausen|Marbach(Neckar)|Benningen(Neckar)|Freiberg(Neckar)|Favoritepark|Ludwigsburg|Kornwestheim Pbf|Stuttgart-Zuffenhausen|Stuttgart-Feuerbach|Stuttgart Nordbahnhof,8000096,Stuttgart Hbf,Baden-Württemberg,Stuttgart,70173,9.183172973,48.78473069,1,2608171925,,,,h,1,Bauarbeiten,,,,,,,0.0,0.0
3897754431855637341-2608171746-22,19164,2608171916,,12,,ARV,,Ulm Hbf|Beimerstetten|Westerstetten|Lonsee|Urspring|Amstetten(Württ)|Geislingen(Steige)|Geislingen(Steige)West|Kuchen|Gingen(Fils)|Süßen|Salach|Eislingen(Fils)|Göppingen|Faurndau|Uhingen|Ebersbach(Fils)|Reichenbach(Fils)|Plochingen|Esslingen(Neckar)|Stuttgart-Bad Cannstatt,8000096,Stuttgart Hbf,Baden-Württemberg,Stuttgart,70173,9.183172973,48.78473069,1,2608171924,11,,,,,,,,,,,,8.0,0.0
-8086510943931224072-2608171900-1,19197,,2608171900,,,ARV,16,,8000096,Stuttgart Hbf,Baden-Württemberg,Stuttgart,70173,9.183172973,48.78473069,1,,,2608171902,,,,,,,,,,,0.0,2.0
5500172559625540133-2608171327-10,771,2608171906,,10,,ICE,,Hamburg Hbf|Hamburg-Harburg|Celle|Hannover Hbf|Göttingen|Kassel-Wilhelmshöhe|Frankfurt(Main)Hbf|Mannheim Hbf|Esslingen(Neckar),8000096,Stuttgart Hbf,Baden-Württemberg,Stuttgart,70173,9.183172973,48.78473069,1,2608171919,,,,h,3,Information,,,,,,,13.0,0.0
-8339144586973292546-2608171955-1,7160,,2608171955,,,S,S1,,8000096,Stuttgart Hbf,Baden-Württemberg,Stuttgart,70173,9.183172973,48.78473069,1,,,2608171955,,,,,,,,,,,0.0,0.0
-9156798996548396246-2608171901-1,28495,,2608171901,,,RE,RESB,,8000096,Stuttgart Hbf,Baden-Württemberg,Stuttgart,70173,9.183172973,48.78473069,1,,,2608171907,,,,,,,,,,,0.0,6.0
-5956983835443587833-2608171947-1,19431,,2608171947,,,ARV,13,,8000096,Stuttgart Hbf,Baden-Württemberg,Stuttgart,70173,9.183172973,48.78473069,1,,,2608171947,,h,2,Information,,,,,,,0.0,0.0
7891754352984498965-2608171912-1,7356,,2608171912,,,S,S3,,8000096,Stuttgart Hbf,Baden-Württemberg,Stuttgart,70173,9.183172973,48.78473069,1,,,2608171912,,,,,,,,,,,0.0,0.0
1759617720697231609-2608171808-9,89696,2608171902,,,,ARV,,Gaildorf West|Murrhardt|Sulzbach(Murr)|Oppenweiler(Württ)|Backnang|Winnenden|Waiblingen|Stuttgart-Bad Cannstatt,8000096,Stuttgart Hbf,Baden-Württemberg,Stuttgart,70173,9.183172973,48.78473069,1,2608171906,12,,,,,,,,,,,,4.0,0.0
823528371556953103-2608171937-1,4231,,2608171937,,,RE,RE5,,8000096,Stuttgart Hbf,Baden-Württemberg,Stuttgart,70173,9.183172973,48.78473069,1,,,2608171937,,h,2,Störung,,,,,,,0.0,0.0
-7977039131388172031-2608171857-9,19241,2608171942,2608171950,15,,RE,MEX12,Heilbronn Hbf|Nordheim(Württ)|Lauffen(Neckar)|Kirchheim(Neckar)|Walheim(Württ)|Besigheim|Bietigheim-Bissingen|Ludwigsburg,8000096,Stuttgart Hbf,Baden-Württemberg,Stuttgart,70173,9.183172973,48.78473069,1,2608171945,,2608171955,,h,2,Bauarbeiten,,,,,,,3.0,5.0
1429301461184468535-2608171833-15,7257,2608171910,,3,,S,,Schorndorf|Weiler(Rems)|Winterbach(b Schorndorf)|Geradstetten|Grunbach|Beutelsbach|Endersbach|Stetten-Beinstein|Rommelshausen|Waiblingen|Fellbach|Stuttgart-Sommerrain|Stuttgart Nürnberger Str.|Stuttgart-Bad Cannstatt,8000096,Stuttgart Hbf,Baden-Württemberg,Stuttgart,70173,9.183172973,48.78473069,1,2608171911,,,,h,1,Bauarbeiten,,,,,,,1.0,0.0
-5526670857911427558-2608171906-1,19683,,2608171906,,,ARV,1,,8000096,Stuttgart Hbf,Baden-Württemberg,Stuttgart,70173,9.183172973,48.78473069,1,,,2608171907,10,h,2,Information,,,,,,,0.0,1.0
-5161436672487901677-2608171637-7,184,2608171932,,5,,IC,,Zürich HB|Schaffhausen|Singen(Hohentwiel)|Tuttlingen|Rottweil|Horb,8000096,Stuttgart Hbf,Baden-Württemberg,Stuttgart,70173,9.183172973,48.78473069,1,2608172044,,,,h,1,Information,,,Zürich HB|Schaffhausen|Singen(Hohentwiel)|Tuttlingen|Rottweil|Horb,,c,,72.0,0.0
-8727928698848828557-2608171953-1,17553,,2608171953,,,RE,MEX90,,8000096,Stuttgart Hbf,Baden-Württemberg,Stuttgart,70173,9.183172973,48.78473069,1,,,2608171953,,,,,,,,,,,0.0,0.0
5099887882214848287-2608171113-13,2591,2608171911,2608171917,15,,ICE,,Hamburg Hbf|Ludwigslust|Wittenberge|Berlin Hbf|Berlin Südkreuz|Lutherstadt Wittenberg Hbf|Leipzig Hbf|Erfurt Hbf|Eisenach Hbf|Fulda|Frankfurt(Main)Hbf|Mannheim Hbf,8000096,Stuttgart Hbf,Baden-Württemberg,Stuttgart,70173,9.183172973,48.78473069,1,2608172001,16,2608172007,16,h,3,Information,,,Hamburg Hbf|Ludwigslust|Wittenberge|Berlin Hbf|Berlin Südkreuz|Lutherstadt Wittenberg Hbf|Leipzig Hbf|Erfurt Hbf|Eisenach Hbf|Fulda|Frankfurt(Main)Hbf|Mannheim Hbf,Ulm Hbf|Augsburg Hbf|München-Pasing|München Hbf,,,50.0,50.0
-9006302563846053238-2608171933-3,28494,2608171955,,5,,RE,,Böblingen|Stuttgart-Vaihingen,8000096,Stuttgart Hbf,Baden-Württemberg,Stuttgart,70173,9.183172973,48.78473069,1,2608172001,,,,,,,,,,,,,6.0,0.0
1856255482499479272-2608171927-1,7558,,2608171927,,,S,S5,,8000096,Stuttgart Hbf,Baden-Württemberg,Stuttgart,70173,9.183172973,48.78473069,1,,,2608171927,,,,,,,,,,,0.0,0.0
8890019855766315038-2608171850-15,7159,2608171935,,4,,S,,Kirchheim(Teck)|Kirchheim(Teck)-Ötlingen|Wendlingen(Neckar)|Wernau(Neckar)|Plochingen|Altbach|Esslingen-Zell|Oberesslingen|Esslingen(Neckar)|Esslingen-Mettingen|Stuttgart-Obertürkheim|Stuttgart-Untertürkheim|Stuttgart Neckarpark|Stuttgart-Bad Cannstatt,8000096,Stuttgart Hbf,Baden-Württemberg,Stuttgart,70173,9.183172973,48.78473069,1,2608171935,,,,,,,,,,,,,0.0,0.0
5253752513274739814-2608171848-16,19166,2608171950,,12,,ARV,,Geislingen(Steige)|Geislingen(Steige)West|Kuchen|Gingen(Fils)|Süßen|Salach|Eislingen(Fils)|Göppingen|Faurndau|Uhingen|Ebersbach(Fils)|Reichenbach(Fils)|Plochingen|Esslingen(Neckar)|Stuttgart-Bad Cannstatt,8000096,Stuttgart Hbf,Baden-Württemberg,Stuttgart,70173,9.183172973,48.78473069,1,2608171951,14,,,,,,,,,,,,1.0,0.0
-8025183112725946697-2608171942-1,7358,,2608171942,,,S,S3,,8000096,Stuttgart Hbf,Baden-Württemberg,Stuttgart,70173,9.183172973,48.78473069,1,,,2608171943,,,,,,,,,,,0.0,1.0
-1558425123957504280-2608171925-1,7158,,2608171925,,,S,S1,,8000096,Stuttgart Hbf,Baden-Württemberg,Stuttgart,70173,9.183172973,48.78473069,1,,,2608171925,,,,,,,,,,,0.0,0.0
8752806059694385566-2608171950-1,7258,,2608171950,,,S,S2,,8000096,Stuttgart Hbf,Baden-Württemberg,Stuttgart,70173,9.183172973,48.78473069,1,,,2608171950,,h,1,Bauarbeiten,,,,,,,0.0,0.0
4529170897520290947-2608171907-8,7559,2608171935,,2,,S,,Bietigheim-Bissingen|Tamm(Württ)|Asperg|Ludwigsburg|Kornwestheim Pbf|Stuttgart-Zuffenhausen|Stuttgart Nordbahnhof,8000096,Stuttgart Hbf,Baden-Württemberg,Stuttgart,70173,9.183172973,48.78473069,1,2608171934,,,,,,,,,,,,,-1.0,0.0
-6751654647568991594-2608171752-20,19482,2608171939,,14,,ARV,,Crailsheim|Jagstzell|Ellwangen|Schrezheim|Schwabsberg|Goldshöfe|Hofen(b Aalen)|Wasseralfingen|Aalen Hbf|Mögglingen(Gmünd)|Böbingen(Rems)|Schwäbisch Gmünd|Lorch(Württ)|Waldhausen(b Schorndorf)|Plüderhausen|Urbach(b Schorndorf)|Schorndorf|Waiblingen|Stuttgart-Bad Cannstatt,8000096,Stuttgart Hbf,Baden-Württemberg,Stuttgart,70173,9.183172973,48.78473069,1,2608171939,,,,h,2,Information,,,,,,,0.0,0.0
1183252318301173457-2608171903-15,7259,2608171940,,3,,S,,Schorndorf|Weiler(Rems)|Winterbach(b Schorndorf)|Geradstetten|Grunbach|Beutelsbach|Endersbach|Stetten-Beinstein|Rommelshausen|Waiblingen|Fellbach|Stuttgart-Sommerrain|Stuttgart Nürnberger Str.|Stuttgart-Bad Cannstatt,8000096,Stuttgart Hbf,Baden-Württemberg,Stuttgart,70173,9.183172973,48.78473069,1,2608171940,,,,h,1,Bauarbeiten,,,,,,,0.0,0.0
8522387556149699857-2608171916-1,50389,,2608171916,,,RE,IC87,,8000096,Stuttgart Hbf,Baden-Württemberg,Stuttgart,70173,9.183172973,48.78473069,1,,,2608171916,,h,2,Information,,,,,,,0.0,0.0
-6572211236779796534-2608171920-13,7161,2608171957,2608171957,1,,S,S1,Kirchheim(Teck)|Kirchheim(Teck)-Ötlingen|Wendlingen(Neckar)|Wernau(Neckar)|Plochingen|Altbach|Esslingen-Zell|Oberesslingen|Esslingen(Neckar)|Esslingen-Mettingen|Stuttgart-Obertürkheim|Stuttgart-Untertürkheim,8006743,Stuttgart Neckarpark,Baden-Württemberg,Stuttgart,70372,9.24106855,48.79194362,4,2608171958,,2608171958,,,,,,,,,,,1.0,1.0
8890019855766315038-2608171850-13,7159,2608171927,2608171927,1,,S,S1,Kirchheim(Teck)|Kirchheim(Teck)-Ötlingen|Wendlingen(Neckar)|Wernau(Neckar)|Plochingen|Altbach|Esslingen-Zell|Oberesslingen|Esslingen(Neckar)|Esslingen-Mettingen|Stuttgart-Obertürkheim|Stuttgart-Untertürkheim,8006743,Stuttgart Neckarpark,Baden-Württemberg,Stuttgart,70372,9.24106855,48.79194362,4,2608171927,,2608171927,,,,,,,,,,,0.0,0.0
-1558425123957504280-2608171925-3,7158,2608171932,2608171932,2,,S,S1,Stuttgart Hbf|Stuttgart-Bad Cannstatt,8006743,Stuttgart Neckarpark,Baden-Württemberg,Stuttgart,70372,9.24106855,48.79194362,4,2608171932,,2608171932,,,,,,,,,,,0.0,0.0
-7621325389408103009-2608171855-3,7156,2608171902,2608171902,2,,S,S1,Stuttgart Hbf|Stuttgart-Bad Cannstatt,8006743,Stuttgart Neckarpark,Baden-Württemberg,Stuttgart,70372,9.24106855,48.79194362,4,2608171902,,2608171902,,,,,,,,,,,0.0,0.0
3812495709101926064-2608171937-7,7561,2608171959,2608172001,4,,S,S5,Bietigheim-Bissingen|Tamm(Württ)|Asperg|Ludwigsburg|Kornwestheim Pbf|Stuttgart-Zuffenhausen,8005767,Stuttgart Nord,Baden-Württemberg,Stuttgard-Nord,70174,9.188061449,48.80374161,5,2608172002,,2608172003,,,,,,,,,,,3.0,2.0
-5999987302908863714-2608171903-13,7459,2608171949,2608171951,4,,S,S4,Backnang|Burgstall(Murr)|Kirchberg(Murr)|Erdmannhausen|Marbach(Neckar)|Benningen(Neckar)|Freiberg(Neckar)|Favoritepark|Ludwigsburg|Kornwestheim Pbf|Stuttgart-Zuffenhausen|Stuttgart-Feuerbach,8005767,Stuttgart Nord,Baden-Württemberg,Stuttgard-Nord,70174,9.188061449,48.80374161,5,2608171951,,2608171952,,h,1,Bauarbeiten,,,,,,,2.0,1.0
284758112122123065-2608171837-7,7557,2608171859,2608171901,4,,S,S5,Bietigheim-Bissingen|Tamm(Württ)|Asperg|Ludwigsburg|Kornwestheim Pbf|Stuttgart-Zuffenhausen,8005767,Stuttgart Nord,Baden-Württemberg,Stuttgard-Nord,70174,9.188061449,48.80374161,5,2608171859,,2608171901,,,,,,,,,,,0.0,0.0
-1267321740504325492-2608171937-2,7456,2608171940,2608171941,3,,S,S4,Stuttgart Hbf,8005767,Stuttgart Nord,Baden-Württemberg,Stuttgard-Nord,70174,9.188061449,48.80374161,5,2608171942,,2608171948,,,,,,,,,,,2.0,7.0
-3714637966122188152-2608171907-2,7454,2608171910,2608171911,3,,S,S4,Stuttgart Hbf,8005767,Stuttgart Nord,Baden-Württemberg,Stuttgard-Nord,70174,9.188061449,48.80374161,5,2608171911,,2608171912,,,,,,,,,,,1.0,1.0
465087425734758010-2608171833-13,7457,2608171919,2608171921,4,,S,S4,Backnang|Burgstall(Murr)|Kirchberg(Murr)|Erdmannhausen|Marbach(Neckar)|Benningen(Neckar)|Freiberg(Neckar)|Favoritepark|Ludwigsburg|Kornwestheim Pbf|Stuttgart-Zuffenhausen|Stuttgart-Feuerbach,8005767,Stuttgart Nord,Baden-Württemberg,Stuttgard-Nord,70174,9.188061449,48.80374161,5,2608171922,,2608171922,,h,1,Bauarbeiten,,,,,,,3.0,1.0
4340980155526291036-2608171857-2,7556,2608171900,2608171901,3,,S,S5,Stuttgart Hbf,8005767,Stuttgart Nord,Baden-Württemberg,Stuttgard-Nord,70174,9.188061449,48.80374161,5,2608171901,,2608171902,,,,,,,,,,,1.0,1.0
1856255482499479272-2608171927-2,7558,2608171930,2608171931,3,,S,S5,Stuttgart Hbf,8005767,Stuttgart Nord,Baden-Württemberg,Stuttgard-Nord,70174,9.188061449,48.80374161,5,2608171931,,2608171932,,,,,,,,,,,1.0,1.0
4529170897520290947-2608171907-7,7559,2608171929,2608171931,4,,S,S5,Bietigheim-Bissingen|Tamm(Württ)|Asperg|Ludwigsburg|Kornwestheim Pbf|Stuttgart-Zuffenhausen,8005767,Stuttgart Nord,Baden-Württemberg,Stuttgard-Nord,70174,9.188061449,48.80374161,5,2608171929,,2608171931,,,,,,,,,,,0.0,0.0
5238051817368153971-2608171841-10,7357,2608171907,2608171908,1,,S,S3,Backnang|Maubach|Nellmersbach|Winnenden|Schwaikheim|Neustadt-Hohenacker|Waiblingen|Fellbach|Stuttgart-Sommerrain,8004357,Stuttgart Nürnberger Straße,Baden-Württemberg,Stuttgart,70374,9.234576905,48.80656062,5,2608171908,,2608171908,,,,,,,,,,,1.0,0.0
3135614053194829594-2608171911-10,7359,2608171937,2608171938,1,,S,S3,Backnang|Maubach|Nellmersbach|Winnenden|Schwaikheim|Neustadt-Hohenacker|Waiblingen|Fellbach|Stuttgart-Sommerrain,8004357,Stuttgart Nürnberger Straße,Baden-Württemberg,Stuttgart,70374,9.234576905,48.80656062,5,2608171937,,2608171938,,,,,,,,,,,0.0,0.0
-7422643584363790684-2608171920-3,7256,2608171927,2608171927,4,,S,S2,Stuttgart Hbf|Stuttgart-Bad Cannstatt,8004357,Stuttgart Nürnberger Straße,Baden-Württemberg,Stuttgart,70374,9.234576905,48.80656062,5,2608171927,,2608171927,,h,1,Bauarbeiten,,,,,,,0.0,0.0
7891754352984498965-2608171912-3,7356,2608171922,2608171922,4,,S,S3,Stuttgart Hbf|Stuttgart-Bad Cannstatt,8004357,Stuttgart Nürnberger Straße,Baden-Württemberg,Stuttgart,70374,9.234576905,48.80656062,5,2608171922,,2608171923,,,,,,,,,,,0.0,1.0
1429301461184468535-2608171833-13,7257,2608171902,2608171903,1,,S,S2,Schorndorf|Weiler(Rems)|Winterbach(b Schorndorf)|Geradstetten|Grunbach|Beutelsbach|Endersbach|Stetten-Beinstein|Rommelshausen|Waiblingen|Fellbach|Stuttgart-Sommerrain,8004357,Stuttgart Nürnberger Straße,Baden-Württemberg,Stuttgart,70374,9.234576905,48.80656062,5,2608171904,,2608171905,,h,1,Bauarbeiten,,,,,,,2.0,2.0
-8025183112725946697-2608171942-3,7358,2608171952,2608171952,4,,S,S3,Stuttgart Hbf|Stuttgart-Bad Cannstatt,8004357,Stuttgart Nürnberger Straße,Baden-Württemberg,Stuttgart,70374,9.234576905,48.80656062,5,2608171952,,2608171952,,,,,,,,,,,0.0,0.0
8752806059694385566-2608171950-3,7258,2608171957,2608171957,4,,S,S2,Stuttgart Hbf|Stuttgart-Bad Cannstatt,8004357,Stuttgart Nürnberger Straße,Baden-Württemberg,Stuttgart,70374,9.234576905,48.80656062,5,2608171957,,2608171957,,h,1,Bauarbeiten,,,,,,,0.0,0.0
1183252318301173457-2608171903-13,7259,2608171932,2608171933,1,,S,S2,Schorndorf|Weiler(Rems)|Winterbach(b Schorndorf)|Geradstetten|Grunbach|Beutelsbach|Endersbach|Stetten-Beinstein|Rommelshausen|Waiblingen|Fellbach|Stuttgart-Sommerrain,8004357,Stuttgart Nürnberger Straße,Baden-Württemberg,Stuttgart,70374,9.234576905,48.80656062,5,2608171932,,2608171934,,h,1,Bauarbeiten,,,,,,,0.0,1.0
5238051817368153971-2608171841-11,7357,2608171911,2608171913,2,,S,S3,Backnang|Maubach|Nellmersbach|Winnenden|Schwaikheim|Neustadt-Hohenacker|Waiblingen|Fellbach|Stuttgart-Sommerrain|Stuttgart Nürnberger Str.,8005769,Stuttgart-Bad Cannstatt,Baden-Württemberg,Stuttgart,70372,9.217468636,48.80127978,3,2608171911,,2608171913,,,,,,,,,,,0.0,0.0
-2105870165284876408-2608171816-9,19242,2608171903,2608171908,1,,RE,MEX12,Reutlingen Hbf|Metzingen(Württ)|Bempflingen|Nürtingen|Oberboihingen|Wendlingen(Neckar)|Plochingen|Esslingen(Neckar),8005769,Stuttgart-Bad Cannstatt,Baden-Württemberg,Stuttgart,70372,9.217468636,48.80127978,3,2608171905,,2608171917,,h,2,Bauarbeiten,,,,,,,2.0,9.0
3813031990365944404-2608171854-2,98234,2608171857,2608171901,,,ARV,90,Stuttgart Hbf,8005769,Stuttgart-Bad Cannstatt,Baden-Württemberg,Stuttgart,70372,9.217468636,48.80127978,3,2608171857,7,2608171901,7,h,2,Information,,,,,,,0.0,0.0
-6944323459733799687-2608171807-11,19432,2608171905,2608171905,6,,ARV,13,Aalen Hbf|Mögglingen(Gmünd)|Böbingen(Rems)|Schwäbisch Gmünd|Lorch(Württ)|Waldhausen(b Schorndorf)|Plüderhausen|Urbach(b Schorndorf)|Schorndorf|Waiblingen,8005769,Stuttgart-Bad Cannstatt,Baden-Württemberg,Stuttgart,70372,9.217468636,48.80127978,3,2608171907,,2608171907,,h,2,Information,,,,,,,2.0,2.0
-7090282038887162588-2608171926-2,17551,2608171929,2608171930,7,,RB,MEX90,Stuttgart Hbf,8005769,Stuttgart-Bad Cannstatt,Baden-Württemberg,Stuttgart,70372,9.217468636,48.80127978,3,2608171929,,2608171930,,,,,,,,,,,0.0,0.0
3135614053194829594-2608171911-11,7359,2608171941,2608171943,2,,S,S3,Backnang|Maubach|Nellmersbach|Winnenden|Schwaikheim|Neustadt-Hohenacker|Waiblingen|Fellbach|Stuttgart-Sommerrain|Stuttgart Nürnberger Str.,8005769,Stuttgart-Bad Cannstatt,Baden-Württemberg,Stuttgart,70372,9.217468636,48.80127978,3,2608171941,,2608171943,,,,,,,,,,,0.0,0.0
-5674677057600428724-2608171832-10,17556,2608171928,2608171928,6,,RB,MEX90,Gaildorf West|Fichtenberg|Fornsbach|Murrhardt|Sulzbach(Murr)|Oppenweiler(Württ)|Backnang|Winnenden|Waiblingen,8005769,Stuttgart-Bad Cannstatt,Baden-Württemberg,Stuttgart,70372,9.217468636,48.80127978,3,2608171931,,2608171931,,,,,,,,,,,3.0,3.0
-5517293294077476489-2608171940-2,19169,2608171943,2608171944,8,,ARV,16,Stuttgart Hbf,8005769,Stuttgart-Bad Cannstatt,Baden-Württemberg,Stuttgart,70372,9.217468636,48.80127978,3,2608171944,,2608171945,,,,,,,,,,,1.0,1.0
-1077044607081714772-2608171915-2,19481,2608171918,2608171925,7,,ARV,13,Stuttgart Hbf,8005769,Stuttgart-Bad Cannstatt,Baden-Württemberg,Stuttgart,70372,9.217468636,48.80127978,3,2608171925,,2608171926,,h,2,Information,,,,,,,7.0,1.0
-4384940379958233889-2608171820-14,7157,2608171900,2608171901,2,,S,S1,Kirchheim(Teck)|Kirchheim(Teck)-Ötlingen|Wendlingen(Neckar)|Wernau(Neckar)|Plochingen|Altbach|Esslingen-Zell|Oberesslingen|Esslingen(Neckar)|Esslingen-Mettingen|Stuttgart-Obertürkheim|Stuttgart-Untertürkheim|Stuttgart Neckarpark,8005769,Stuttgart-Bad Cannstatt,Baden-Württemberg,Stuttgart,70372,9.217468636,48.80127978,3,2608171903,,2608171904,,,,,,,,,,,3.0,3.0
-7422643584363790684-2608171920-2,7256,2608171924,2608171924,3,,S,S2,Stuttgart Hbf,8005769,Stuttgart-Bad Cannstatt,Baden-Württemberg,Stuttgart,70372,9.217468636,48.80127978,3,2608171924,,2608171924,,h,1,Bauarbeiten,,,,,,,0.0,0.0
3897754431855637341-2608171746-21,19164,2608171912,2608171912,5,,ARV,16,Ulm Hbf|Beimerstetten|Westerstetten|Lonsee|Urspring|Amstetten(Württ)|Geislingen(Steige)|Geislingen(Steige)West|Kuchen|Gingen(Fils)|Süßen|Salach|Eislingen(Fils)|Göppingen|Faurndau|Uhingen|Ebersbach(Fils)|Reichenbach(Fils)|Plochingen|Esslingen(Neckar),8005769,Stuttgart-Bad Cannstatt,Baden-Württemberg,Stuttgart,70372,9.217468636,48.80127978,3,2608171917,,2608171920,,,,,,,,,,,5.0,8.0
-8086510943931224072-2608171900-2,19197,2608171904,2608171907,8,,ARV,16,Stuttgart Hbf,8005769,Stuttgart-Bad Cannstatt,Baden-Württemberg,Stuttgart,70372,9.217468636,48.80127978,3,2608171905,,2608171907,,,,,,,,,,,1.0,0.0
-8339144586973292546-2608171955-2,7160,2608171958,2608171959,3,,S,S1,Stuttgart Hbf,8005769,Stuttgart-Bad Cannstatt,Baden-Württemberg,Stuttgart,70372,9.217468636,48.80127978,3,2608171958,,2608171959,,,,,,,,,,,0.0,0.0
-5956983835443587833-2608171947-2,19431,2608171950,2608171952,7,,ARV,13,Stuttgart Hbf,8005769,Stuttgart-Bad Cannstatt,Baden-Württemberg,Stuttgart,70372,9.217468636,48.80127978,3,2608171951,,2608171952,,h,2,Information,,,,,,,1.0,0.0
7891754352984498965-2608171912-2,7356,2608171916,2608171919,3,,S,S3,Stuttgart Hbf,8005769,Stuttgart-Bad Cannstatt,Baden-Württemberg,Stuttgart,70372,9.217468636,48.80127978,3,2608171917,,2608171919,,,,,,,,,,,1.0,0.0
4919787015450610271-2608171911-8,17558,2608171958,2608171958,6,,RE,MEX90,Gaildorf West|Murrhardt|Sulzbach(Murr)|Oppenweiler(Württ)|Backnang|Winnenden|Waiblingen,8005769,Stuttgart-Bad Cannstatt,Baden-Württemberg,Stuttgart,70372,9.217468636,48.80127978,3,2608172001,,2608172002,,h,2,Störung,,,,,,,3.0,4.0
-7977039131388172031-2608171857-10,19241,2608171954,2608171954,8,,RE,MEX12,Heilbronn Hbf|Nordheim(Württ)|Lauffen(Neckar)|Kirchheim(Neckar)|Walheim(Württ)|Besigheim|Bietigheim-Bissingen|Ludwigsburg|Stuttgart Hbf,8005769,Stuttgart-Bad Cannstatt,Baden-Württemberg,Stuttgart,70372,9.217468636,48.80127978,3,2608172003,4,2608172002,4,h,2,Bauarbeiten,,,,,,,9.0,8.0
1429301461184468535-2608171833-14,7257,2608171905,2608171906,2,,S,S2,Schorndorf|Weiler(Rems)|Winterbach(b Schorndorf)|Geradstetten|Grunbach|Beutelsbach|Endersbach|Stetten-Beinstein|Rommelshausen|Waiblingen|Fellbach|Stuttgart-Sommerrain|Stuttgart Nürnberger Str.,8005769,Stuttgart-Bad Cannstatt,Baden-Württemberg,Stuttgart,70372,9.217468636,48.80127978,3,2608171907,,2608171908,,h,1,Bauarbeiten,,,,,,,2.0,2.0
-8727928698848828557-2608171953-2,17553,2608171957,2608171958,7,,RE,MEX90,Stuttgart Hbf,8005769,Stuttgart-Bad Cannstatt,Baden-Württemberg,Stuttgart,70372,9.217468636,48.80127978,3,2608171957,,2608171958,,,,,,,,,,,0.0,0.0
8890019855766315038-2608171850-14,7159,2608171930,2608171931,2,,S,S1,Kirchheim(Teck)|Kirchheim(Teck)-Ötlingen|Wendlingen(Neckar)|Wernau(Neckar)|Plochingen|Altbach|Esslingen-Zell|Oberesslingen|Esslingen(Neckar)|Esslingen-Mettingen|Stuttgart-Obertürkheim|Stuttgart-Untertürkheim|Stuttgart Neckarpark,8005769,Stuttgart-Bad Cannstatt,Baden-Württemberg,Stuttgart,70372,9.217468636,48.80127978,3,2608171930,,2608171931,,,,,,,,,,,0.0,0.0
5253752513274739814-2608171848-15,19166,2608171946,2608171947,5,,ARV,16,Geislingen(Steige)|Geislingen(Steige)West|Kuchen|Gingen(Fils)|Süßen|Salach|Eislingen(Fils)|Göppingen|Faurndau|Uhingen|Ebersbach(Fils)|Reichenbach(Fils)|Plochingen|Esslingen(Neckar),8005769,Stuttgart-Bad Cannstatt,Baden-Württemberg,Stuttgart,70372,9.217468636,48.80127978,3,2608171947,,2608171947,,,,,,,,,,,1.0,0.0
-8025183112725946697-2608171942-2,7358,2608171946,2608171949,3,,S,S3,Stuttgart Hbf,8005769,Stuttgart-Bad Cannstatt,Baden-Württemberg,Stuttgart,70372,9.217468636,48.80127978,3,2608171947,,2608171949,,,,,,,,,,,1.0,0.0
-1558425123957504280-2608171925-2,7158,2608171928,2608171929,3,,S,S1,Stuttgart Hbf,8005769,Stuttgart-Bad Cannstatt,Baden-Württemberg,Stuttgart,70372,9.217468636,48.80127978,3,2608171929,,2608171929,,,,,,,,,,,1.0,0.0
8752806059694385566-2608171950-2,7258,2608171954,2608171954,3,,S,S2,Stuttgart Hbf,8005769,Stuttgart-Bad Cannstatt,Baden-Württemberg,Stuttgart,70372,9.217468636,48.80127978,3,2608171954,,2608171955,,h,1,Bauarbeiten,,,,,,,0.0,1.0
-6751654647568991594-2608171752-19,19482,2608171935,2608171935,6,,ARV,13,Crailsheim|Jagstzell|Ellwangen|Schrezheim|Schwabsberg|Goldshöfe|Hofen(b Aalen)|Wasseralfingen|Aalen Hbf|Mögglingen(Gmünd)|Böbingen(Rems)|Schwäbisch Gmünd|Lorch(Württ)|Waldhausen(b Schorndorf)|Plüderhausen|Urbach(b Schorndorf)|Schorndorf|Waiblingen,8005769,Stuttgart-Bad Cannstatt,Baden-Württemberg,Stuttgart,70372,9.217468636,48.80127978,3,2608171935,,2608171936,,h,2,Information,,,,,,,0.0,1.0
1183252318301173457-2608171903-14,7259,2608171935,2608171936,2,,S,S2,Schorndorf|Weiler(Rems)|Winterbach(b Schorndorf)|Geradstetten|Grunbach|Beutelsbach|Endersbach|Stetten-Beinstein|Rommelshausen|Waiblingen|Fellbach|Stuttgart-Sommerrain|Stuttgart Nürnberger Str.,8005769,Stuttgart-Bad Cannstatt,Baden-Württemberg,Stuttgart,70372,9.217468636,48.80127978,3,2608171937,,2608171937,,h,1,Bauarbeiten,,,,,,,2.0,1.0
6230552686564451233-2608171833-12,7657,2608171905,,1a,,S,,Weil der Stadt|Malmsheim|Renningen|Rutesheim|Leonberg|Höfingen|Ditzingen|Weilimdorf|Korntal|Neuwirtshaus(Porscheplatz)|Stuttgart-Zuffenhausen,8005770,Stuttgart-Feuerbach,Baden-Württemberg,Feuerbach,70469,9.169186287,48.81363554,3,2608171907,,,,h,1,Bauarbeiten,,,,,,,2.0,0.0
-2362055098907975015-2608171903-12,7659,2608171935,,1a,,S,,Weil der Stadt|Malmsheim|Renningen|Rutesheim|Leonberg|Höfingen|Ditzingen|Weilimdorf|Korntal|Neuwirtshaus(Porscheplatz)|Stuttgart-Zuffenhausen,8005770,Stuttgart-Feuerbach,Baden-Württemberg,Feuerbach,70469,9.169186287,48.81363554,3,2608171937,,,,h,1,Bauarbeiten,,,,,,,2.0,0.0
-5999987302908863714-2608171903-12,7459,2608171946,2608171946,1,,S,S4,Backnang|Burgstall(Murr)|Kirchberg(Murr)|Erdmannhausen|Marbach(Neckar)|Benningen(Neckar)|Freiberg(Neckar)|Favoritepark|Ludwigsburg|Kornwestheim Pbf|Stuttgart-Zuffenhausen,8005770,Stuttgart-Feuerbach,Baden-Württemberg,Feuerbach,70469,9.169186287,48.81363554,3,,,,,h,1,Bauarbeiten,,,,,c,c,0.0,0.0
465087425734758010-2608171833-12,7457,2608171916,2608171916,1,,S,S4,Backnang|Burgstall(Murr)|Kirchberg(Murr)|Erdmannhausen|Marbach(Neckar)|Benningen(Neckar)|Freiberg(Neckar)|Favoritepark|Ludwigsburg|Kornwestheim Pbf|Stuttgart-Zuffenhausen,8005770,Stuttgart-Feuerbach,Baden-Württemberg,Feuerbach,70469,9.169186287,48.81363554,3,,,,,h,1,Bauarbeiten,,,,,c,c,0.0,0.0
4560737320585991855-2608171925-1,7656,,2608171925,,,S,S6,,8005770,Stuttgart-Feuerbach,Baden-Württemberg,Feuerbach,70469,9.169186287,48.81363554,3,,,2608171925,,h,1,Bauarbeiten,,,,,,,0.0,0.0
-6566653064860181399-2608171955-1,7658,,2608171955,,,S,S6,,8005770,Stuttgart-Feuerbach,Baden-Württemberg,Feuerbach,70469,9.169186287,48.81363554,3,,,2608171955,,h,1,Bauarbeiten,,,,,,,0.0,0.0
-6572211236779796534-2608171920-11,7161,2608171952,2608171952,5,,S,S1,Kirchheim(Teck)|Kirchheim(Teck)-Ötlingen|Wendlingen(Neckar)|Wernau(Neckar)|Plochingen|Altbach|Esslingen-Zell|Oberesslingen|Esslingen(Neckar)|Esslingen-Mettingen,8005772,Stuttgart-Obertürkheim,Baden-Württemberg,Stuttgart,70329,9.268167932,48.76175015,4,2608171952,,2608171953,,,,,,,,,,,0.0,1.0
8890019855766315038-2608171850-11,7159,2608171922,2608171922,5,,S,S1,Kirchheim(Teck)|Kirchheim(Teck)-Ötlingen|Wendlingen(Neckar)|Wernau(Neckar)|Plochingen|Altbach|Esslingen-Zell|Oberesslingen|Esslingen(Neckar)|Esslingen-Mettingen,8005772,Stuttgart-Obertürkheim,Baden-Württemberg,Stuttgart,70329,9.268167932,48.76175015,4,2608171922,,2608171922,,,,,,,,,,,0.0,0.0
-1558425123957504280-2608171925-5,7158,2608171937,2608171937,6,,S,S1,Stuttgart Hbf|Stuttgart-Bad Cannstatt|Stuttgart Neckarpark|Stuttgart-Untertürkheim,8005772,Stuttgart-Obertürkheim,Baden-Württemberg,Stuttgart,70329,9.268167932,48.76175015,4,2608171937,,2608171937,,,,,,,,,,,0.0,0.0
-7621325389408103009-2608171855-5,7156,2608171907,2608171907,6,,S,S1,Stuttgart Hbf|Stuttgart-Bad Cannstatt|Stuttgart Neckarpark|Stuttgart-Untertürkheim,8005772,Stuttgart-Obertürkheim,Baden-Württemberg,Stuttgart,70329,9.268167932,48.76175015,4,2608171907,,2608171907,,,,,,,,,,,0.0,0.0
-2474418901068663081-2608171933-6,7958,2608171948,2608171949,3,,S,S2,Filderstadt|Stuttgart Flughafen/Messe|Echterdingen|Leinfelden|Oberaichen,8005773,Stuttgart-Rohr,Baden-Württemberg,Stuttgart,70565,9.108158025,48.71799427,4,2608171949,,2608171949,,,,,,,,,,,1.0,0.0
4922732542051090705-2608171946-2,7759,2608171947,2608171953,2,,S,S1,Stuttgart-Vaihingen,8005773,Stuttgart-Rohr,Baden-Württemberg,Stuttgart,70565,9.108158025,48.71799427,4,2608171947,,2608171953,,,,,,,,,,,0.0,0.0
-2610915647049597594-2608171916-2,7757,2608171917,2608171923,2,,S,S1,Stuttgart-Vaihingen,8005773,Stuttgart-Rohr,Baden-Württemberg,Stuttgart,70565,9.108158025,48.71799427,4,2608171918,,2608171923,,,,,,,,,,,1.0,0.0
-8369154934664465589-2608171935-2,7959,2608171936,2608171942,2,,S,S2,Stuttgart-Vaihingen,8005773,Stuttgart-Rohr,Baden-Württemberg,Stuttgart,70565,9.108158025,48.71799427,4,2608171936,,2608171942,,,,,,,,,,,0.0,0.0
8862303384701956943-2608171846-8,7758,2608171907,2608171908,3,,S,S1,Herrenberg|Nufringen|Gärtringen|Ehningen(b Böblingen)|Hulb|Böblingen|Goldberg(Württ),8005773,Stuttgart-Rohr,Baden-Württemberg,Stuttgart,70565,9.108158025,48.71799427,4,2608171909,,2608171909,,,,,,,,,,,2.0,1.0
-8012619847659088179-2608171905-2,7957,2608171906,2608171912,2,,S,S2,Stuttgart-Vaihingen,8005773,Stuttgart-Rohr,Baden-Württemberg,Stuttgart,70565,9.108158025,48.71799427,4,2608171906,,2608171912,,,,,,,,,,,0.0,0.0
8022331955409261611-2608171903-6,7956,2608171918,2608171919,3,,S,S2,Filderstadt|Stuttgart Flughafen/Messe|Echterdingen|Leinfelden|Oberaichen,8005773,Stuttgart-Rohr,Baden-Württemberg,Stuttgart,70565,9.108158025,48.71799427,4,2608171918,,2608171919,,,,,,,,,,,0.0,0.0
-8747931418941855621-2608171916-8,7760,2608171937,2608171938,3,,S,S1,Herrenberg|Nufringen|Gärtringen|Ehningen(b Böblingen)|Hulb|Böblingen|Goldberg(Württ),8005773,Stuttgart-Rohr,Baden-Württemberg,Stuttgart,70565,9.108158025,48.71799427,4,2608171938,,2608171939,,,,,,,,,,,1.0,1.0
5238051817368153971-2608171841-9,7357,2608171905,2608171905,1,,S,S3,Backnang|Maubach|Nellmersbach|Winnenden|Schwaikheim|Neustadt-Hohenacker|Waiblingen|Fellbach,8005774,Stuttgart-Sommerrain,Baden-Württemberg,Stuttgart,70374,9.248369749,48.81521824,5,2608171906,,2608171906,,,,,,,,,,,1.0,1.0
3135614053194829594-2608171911-9,7359,2608171935,2608171935,1,,S,S3,Backnang|Maubach|Nellmersbach|Winnenden|Schwaikheim|Neustadt-Hohenacker|Waiblingen|Fellbach,8005774,Stuttgart-Sommerrain,Baden-Württemberg,Stuttgart,70374,9.248369749,48.81521824,5,2608171935,,2608171935,,,,,,,,,,,0.0,0.0
-7422643584363790684-2608171920-4,7256,2608171929,2608171929,4,,S,S2,Stuttgart Hbf|Stuttgart-Bad Cannstatt|Stuttgart Nürnberger Str.,8005774,Stuttgart-Sommerrain,Baden-Württemberg,Stuttgart,70374,9.248369749,48.81521824,5,2608171929,,2608171929,,h,1,Bauarbeiten,,,,,,,0.0,0.0
7891754352984498965-2608171912-4,7356,2608171924,2608171924,4,,S,S3,Stuttgart Hbf|Stuttgart-Bad Cannstatt|Stuttgart Nürnberger Str.,8005774,Stuttgart-Sommerrain,Baden-Württemberg,Stuttgart,70374,9.248369749,48.81521824,5,2608171925,,2608171925,,,,,,,,,,,1.0,1.0
1429301461184468535-2608171833-12,7257,2608171900,2608171900,1,,S,S2,Schorndorf|Weiler(Rems)|Winterbach(b Schorndorf)|Geradstetten|Grunbach|Beutelsbach|Endersbach|Stetten-Beinstein|Rommelshausen|Waiblingen|Fellbach,8005774,Stuttgart-Sommerrain,Baden-Württemberg,Stuttgart,70374,9.248369749,48.81521824,5,2608171901,,2608171902,,h,1,Bauarbeiten,,,,,,,1.0,2.0
-8025183112725946697-2608171942-4,7358,2608171954,2608171954,4,,S,S3,Stuttgart Hbf|Stuttgart-Bad Cannstatt|Stuttgart Nürnberger Str.,8005774,Stuttgart-Sommerrain,Baden-Württemberg,Stuttgart,70374,9.248369749,48.81521824,5,2608171954,,2608171955,,,,,,,,,,,0.0,1.0
8752806059694385566-2608171950-4,7258,2608171959,2608171959,4,,S,S2,Stuttgart Hbf|Stuttgart-Bad Cannstatt|Stuttgart Nürnberger Str.,8005774,Stuttgart-Sommerrain,Baden-Württemberg,Stuttgart,70374,9.248369749,48.81521824,5,2608171959,,2608172000,,h,1,Bauarbeiten,,,,,,,0.0,1.0
1183252318301173457-2608171903-12,7259,2608171930,2608171930,1,,S,S2,Schorndorf|Weiler(Rems)|Winterbach(b Schorndorf)|Geradstetten|Grunbach|Beutelsbach|Endersbach|Stetten-Beinstein|Rommelshausen|Waiblingen|Fellbach,8005774,Stuttgart-Sommerrain,Baden-Württemberg,Stuttgart,70374,9.248369749,48.81521824,5,2608171930,,2608171931,,h,1,Bauarbeiten,,,,,,,0.0,1.0
-6572211236779796534-2608171920-12,7161,2608171955,2608171955,5,,S,S1,Kirchheim(Teck)|Kirchheim(Teck)-Ötlingen|Wendlingen(Neckar)|Wernau(Neckar)|Plochingen|Altbach|Esslingen-Zell|Oberesslingen|Esslingen(Neckar)|Esslingen-Mettingen|Stuttgart-Obertürkheim,8005775,Stuttgart-Untertürkheim Pbf,Baden-Württemberg,Stuttgart,70327,9.250467074,48.77984679,3,2608171955,,2608171956,,,,,,,,,,,0.0,1.0
8890019855766315038-2608171850-12,7159,2608171925,2608171925,5,,S,S1,Kirchheim(Teck)|Kirchheim(Teck)-Ötlingen|Wendlingen(Neckar)|Wernau(Neckar)|Plochingen|Altbach|Esslingen-Zell|Oberesslingen|Esslingen(Neckar)|Esslingen-Mettingen|Stuttgart-Obertürkheim,8005775,Stuttgart-Untertürkheim Pbf,Baden-Württemberg,Stuttgart,70327,9.250467074,48.77984679,3,2608171925,,2608171925,,,,,,,,,,,0.0,0.0
-1558425123957504280-2608171925-4,7158,2608171934,2608171934,6,,S,S1,Stuttgart Hbf|Stuttgart-Bad Cannstatt|Stuttgart Neckarpark,8005775,Stuttgart-Untertürkheim Pbf,Baden-Württemberg,Stuttgart,70327,9.250467074,48.77984679,3,2608171934,,2608171934,,,,,,,,,,,0.0,0.0
-7621325389408103009-2608171855-4,7156,2608171904,2608171904,6,,S,S1,Stuttgart Hbf|Stuttgart-Bad Cannstatt|Stuttgart Neckarpark,8005775,Stuttgart-Untertürkheim Pbf,Baden-Württemberg,Stuttgart,70327,9.250467074,48.77984679,3,2608171904,,2608171904,,,,,,,,,,,0.0,0.0
5766622389415138721-2608171813-16,17674,2608171928,2608171929,4,,RE,RE14b,Freudenstadt Hbf|Grüntal-Wittlensweiler|Dornstetten-Aach|Dornstetten|Schopfloch(b Freudenstadt)|Bittelbronn|Horb-Heiligenfeld|Hochdorf(b Horb)|Eutingen Nord|Eutingen im Gäu|Ergenzingen|Bondorf(b Herrenberg)|Gäufelden|Herrenberg|Böblingen,8005776,Stuttgart-Vaihingen,Baden-Württemberg,Stuttgart,70563,9.113913368,48.72698116,3,2608171930,,2608171931,,,,,,,,,,,2.0,2.0
-2474418901068663081-2608171933-7,7958,2608171950,,2,,S,,Filderstadt|Stuttgart Flughafen/Messe|Echterdingen|Leinfelden|Oberaichen|Stuttgart-Rohr,8005776,Stuttgart-Vaihingen,Baden-Württemberg,Stuttgart,70563,9.113913368,48.72698116,3,2608171951,,,,,,,,,,,,,1.0,0.0
-6241446741912760601-2608171802-11,17672,2608171928,2608171929,4,,RE,RE14a,Rottweil|Oberndorf(Neckar)|Sulz(Neckar)|Horb|Eutingen im Gäu|Ergenzingen|Bondorf(b Herrenberg)|Gäufelden|Herrenberg|Böblingen,8005776,Stuttgart-Vaihingen,Baden-Württemberg,Stuttgart,70563,9.113913368,48.72698116,3,2608171930,,2608171931,,h,2,Bauarbeiten,,,,,,,2.0,2.0
4922732542051090705-2608171946-1,7759,,2608171946,,,S,S1,,8005776,Stuttgart-Vaihingen,Baden-Württemberg,Stuttgart,70563,9.113913368,48.72698116,3,,,2608171946,,,,,,,,,,,0.0,0.0
-2610915647049597594-2608171916-1,7757,,2608171916,,,S,S1,,8005776,Stuttgart-Vaihingen,Baden-Württemberg,Stuttgart,70563,9.113913368,48.72698116,3,,,2608171916,,,,,,,,,,,0.0,0.0
-9156798996548396246-2608171901-2,28495,2608171915,2608171918,6,,RE,RESB,Stuttgart Hbf,8005776,Stuttgart-Vaihingen,Baden-Württemberg,Stuttgart,70563,9.113913368,48.72698116,3,2608171923,4,2608171924,4,,,,,,,,,,8.0,6.0
-8369154934664465589-2608171935-1,7959,,2608171935,,,S,S2,,8005776,Stuttgart-Vaihingen,Baden-Württemberg,Stuttgart,70563,9.113913368,48.72698116,3,,,2608171935,,,,,,,,,,,0.0,0.0
8862303384701956943-2608171846-9,7758,2608171910,,3,,S,,Herrenberg|Nufringen|Gärtringen|Ehningen(b Böblingen)|Hulb|Böblingen|Goldberg(Württ)|Stuttgart-Rohr,8005776,Stuttgart-Vaihingen,Baden-Württemberg,Stuttgart,70563,9.113913368,48.72698116,3,2608171911,,,,,,,,,,,,,1.0,0.0
-8012619847659088179-2608171905-1,7957,,2608171905,,,S,S2,,8005776,Stuttgart-Vaihingen,Baden-Württemberg,Stuttgart,70563,9.113913368,48.72698116,3,,,2608171905,,,,,,,,,,,0.0,0.0
8022331955409261611-2608171903-7,7956,2608171920,,2,,S,,Filderstadt|Stuttgart Flughafen/Messe|Echterdingen|Leinfelden|Oberaichen|Stuttgart-Rohr,8005776,Stuttgart-Vaihingen,Baden-Württemberg,Stuttgart,70563,9.113913368,48.72698116,3,2608171920,,,,,,,,,,,,,0.0,0.0
-9006302563846053238-2608171933-2,28494,2608171941,2608171941,4,,RE,RESB,Böblingen,8005776,Stuttgart-Vaihingen,Baden-Württemberg,Stuttgart,70563,9.113913368,48.72698116,3,2608171947,,2608171947,,,,,,,,,,,6.0,6.0
-8747931418941855621-2608171916-9,7760,2608171940,,3,,S,,Herrenberg|Nufringen|Gärtringen|Ehningen(b Böblingen)|Hulb|Böblingen|Goldberg(Württ)|Stuttgart-Rohr,8005776,Stuttgart-Vaihingen,Baden-Württemberg,Stuttgart,70563,9.113913368,48.72698116,3,2608171941,,,,,,,,,,,,,1.0,0.0
-2742485192176399051-2608171911-4,7060,2608171918,2608171918,1,,S,S60,Stuttgart-Zuffenhausen|Neuwirtshaus(Porscheplatz)|Korntal,8006268,Stuttgart-Weilimdorf,Baden-Württemberg,Stuttgart,70499,9.094370086,48.82208429,5,2608171918,,2608171918,,h,1,Bauarbeiten,,,,,,,0.0,0.0
-2362055098907975015-2608171903-8,7659,2608171926,2608171926,2,,S,S6,Weil der Stadt|Malmsheim|Renningen|Rutesheim|Leonberg|Höfingen|Ditzingen,8006268,Stuttgart-Weilimdorf,Baden-Württemberg,Stuttgart,70499,9.094370086,48.82208429,5,2608171926,,2608171927,,h,1,Bauarbeiten,,,,,,,0.0,1.0
-7461252280383009819-2608171933-8,7661,2608171956,2608171956,2,,S,S6,Weil der Stadt|Malmsheim|Renningen|Rutesheim|Leonberg|Höfingen|Ditzingen,8006268,Stuttgart-Weilimdorf,Baden-Württemberg,Stuttgart,70499,9.094370086,48.82208429,5,2608171956,,2608171957,,h,1,Bauarbeiten,,,,,,,0.0,1.0
-8105268467764308448-2608171855-5,7654,2608171903,2608171904,1,,S,S6,Stuttgart-Feuerbach|Stuttgart-Zuffenhausen|Neuwirtshaus(Porscheplatz)|Korntal,8006268,Stuttgart-Weilimdorf,Baden-Württemberg,Stuttgart,70499,9.094370086,48.82208429,5,2608171905,,2608171905,,h,1,Bauarbeiten,,,,,,,2.0,1.0
6794935984055018648-2608171941-4,7062,2608171948,2608171948,1,,S,S60,Stuttgart-Zuffenhausen|Neuwirtshaus(Porscheplatz)|Korntal,8006268,Stuttgart-Weilimdorf,Baden-Württemberg,Stuttgart,70499,9.094370086,48.82208429,5,2608171948,,2608171948,,h,1,Bauarbeiten,,,,,,,0.0,0.0
5496704793073772827-2608171834-12,7055,2608171911,2608171911,2,,S,S60,Böblingen|Sindelfingen|Maichingen|Maichingen Nord|Magstadt|Renningen Süd|Renningen|Rutesheim|Leonberg|Höfingen|Ditzingen,8006268,Stuttgart-Weilimdorf,Baden-Württemberg,Stuttgart,70499,9.094370086,48.82208429,5,2608171911,,2608171912,,h,1,Bauarbeiten,,,,,,,0.0,1.0
4560737320585991855-2608171925-5,7656,2608171933,2608171934,1,,S,S6,Stuttgart-Feuerbach|Stuttgart-Zuffenhausen|Neuwirtshaus(Porscheplatz)|Korntal,8006268,Stuttgart-Weilimdorf,Baden-Württemberg,Stuttgart,70499,9.094370086,48.82208429,5,2608171935,,2608171936,,h,1,Bauarbeiten,,,,,,,2.0,2.0
-372852547875452905-2608171904-12,7057,2608171941,2608171941,2,,S,S60,Böblingen|Sindelfingen|Maichingen|Maichingen Nord|Magstadt|Renningen Süd|Renningen|Rutesheim|Leonberg|Höfingen|Ditzingen,8006268,Stuttgart-Weilimdorf,Baden-Württemberg,Stuttgart,70499,9.094370086,48.82208429,5,2608171941,,2608171942,,h,1,Bauarbeiten,,,,,,,0.0,1.0
6230552686564451233-2608171833-11,7657,2608171903,2608171904,12,,S,S6,Weil der Stadt|Malmsheim|Renningen|Rutesheim|Leonberg|Höfingen|Ditzingen|Weilimdorf|Korntal|Neuwirtshaus(Porscheplatz),8005778,Stuttgart-Zuffenhausen,Baden-Württemberg,Stuttgart,70435,9.167156375,48.82960884,3,2608171904,,2608171905,,h,1,Bauarbeiten,,,,,,,1.0,1.0
3812495709101926064-2608171937-6,7561,2608171953,2608171954,5,,S,S5,Bietigheim-Bissingen|Tamm(Württ)|Asperg|Ludwigsburg|Kornwestheim Pbf,8005778,Stuttgart-Zuffenhausen,Baden-Württemberg,Stuttgart,70435,9.167156375,48.82960884,3,2608171957,,2608171958,,,,,,,,,,,4.0,4.0
-2742485192176399051-2608171911-1,7060,,2608171911,,,S,S60,,8005778,Stuttgart-Zuffenhausen,Baden-Württemberg,Stuttgart,70435,9.167156375,48.82960884,3,,,2608171911,,h,1,Bauarbeiten,,,,,,,0.0,0.0
-2362055098907975015-2608171903-11,7659,2608171933,2608171934,12,,S,S6,Weil der Stadt|Malmsheim|Renningen|Rutesheim|Leonberg|Höfingen|Ditzingen|Weilimdorf|Korntal|Neuwirtshaus(Porscheplatz),8005778,Stuttgart-Zuffenhausen,Baden-Württemberg,Stuttgart,70435,9.167156375,48.82960884,3,2608171933,,2608171935,,h,1,Bauarbeiten,,,,,,,0.0,1.0
-5999987302908863714-2608171903-11,7459,2608171943,2608171944,5,,S,S4,Backnang|Burgstall(Murr)|Kirchberg(Murr)|Erdmannhausen|Marbach(Neckar)|Benningen(Neckar)|Freiberg(Neckar)|Favoritepark|Ludwigsburg|Kornwestheim Pbf,8005778,Stuttgart-Zuffenhausen,Baden-Württemberg,Stuttgart,70435,9.167156375,48.82960884,3,2608171943,,2608171944,,h,1,Bauarbeiten,,,,,,,0.0,0.0
-1267321740504325492-2608171937-3,7456,2608171946,2608171947,4,,S,S4,Stuttgart Hbf|Stuttgart Nordbahnhof,8005778,Stuttgart-Zuffenhausen,Baden-Württemberg,Stuttgart,70435,9.167156375,48.82960884,3,2608171952,,2608171954,,,,,,,,,,,6.0,7.0
-3714637966122188152-2608171907-3,7454,2608171916,2608171917,4,,S,S4,Stuttgart Hbf|Stuttgart Nordbahnhof,8005778,Stuttgart-Zuffenhausen,Baden-Württemberg,Stuttgart,70435,9.167156375,48.82960884,3,2608171916,,2608171917,,,,,,,,,,,0.0,0.0
465087425734758010-2608171833-11,7457,2608171913,2608171914,5,,S,S4,Backnang|Burgstall(Murr)|Kirchberg(Murr)|Erdmannhausen|Marbach(Neckar)|Benningen(Neckar)|Freiberg(Neckar)|Favoritepark|Ludwigsburg|Kornwestheim Pbf,8005778,Stuttgart-Zuffenhausen,Baden-Württemberg,Stuttgart,70435,9.167156375,48.82960884,3,2608171917,,2608171918,,h,1,Bauarbeiten,,,,,,,4.0,4.0
6794935984055018648-2608171941-1,7062,,2608171941,,,S,S60,,8005778,Stuttgart-Zuffenhausen,Baden-Württemberg,Stuttgart,70435,9.167156375,48.82960884,3,,,2608171941,,h,1,Bauarbeiten,,,,,,,0.0,0.0
5496704793073772827-2608171834-15,7055,2608171918,,11,,S,,Böblingen|Sindelfingen|Maichingen|Maichingen Nord|Magstadt|Renningen Süd|Renningen|Rutesheim|Leonberg|Höfingen|Ditzingen|Weilimdorf|Korntal|Neuwirtshaus(Porscheplatz),8005778,Stuttgart-Zuffenhausen,Baden-Württemberg,Stuttgart,70435,9.167156375,48.82960884,3,2608171918,,,,h,1,Bauarbeiten,,,,,,,0.0,0.0
4340980155526291036-2608171857-3,7556,2608171906,2608171907,4,,S,S5,Stuttgart Hbf|Stuttgart Nordbahnhof,8005778,Stuttgart-Zuffenhausen,Baden-Württemberg,Stuttgart,70435,9.167156375,48.82960884,3,2608171906,,2608171907,,,,,,,,,,,0.0,0.0
4560737320585991855-2608171925-2,7656,2608171926,2608171927,12,,S,S6,Stuttgart-Feuerbach,8005778,Stuttgart-Zuffenhausen,Baden-Württemberg,Stuttgart,70435,9.167156375,48.82960884,3,2608171927,,2608171927,,h,1,Bauarbeiten,,,,,,,1.0,0.0
-372852547875452905-2608171904-15,7057,2608171948,,11,,S,,Böblingen|Sindelfingen|Maichingen|Maichingen Nord|Magstadt|Renningen Süd|Renningen|Rutesheim|Leonberg|Höfingen|Ditzingen|Weilimdorf|Korntal|Neuwirtshaus(Porscheplatz),8005778,Stuttgart-Zuffenhausen,Baden-Württemberg,Stuttgart,70435,9.167156375,48.82960884,3,2608171949,,,,h,1,Bauarbeiten,,,,,,,1.0,0.0
1856255482499479272-2608171927-3,7558,2608171936,2608171937,4,,S,S5,Stuttgart Hbf|Stuttgart Nordbahnhof,8005778,Stuttgart-Zuffenhausen,Baden-Württemberg,Stuttgart,70435,9.167156375,48.82960884,3,2608171936,,2608171937,,,,,,,,,,,0.0,0.0
-6566653064860181399-2608171955-2,7658,2608171956,2608171957,12,,S,S6,Stuttgart-Feuerbach,8005778,Stuttgart-Zuffenhausen,Baden-Württemberg,Stuttgart,70435,9.167156375,48.82960884,3,2608171957,,2608171957,,h,1,Bauarbeiten,,,,,,,1.0,0.0
4529170897520290947-2608171907-6,7559,2608171923,2608171924,5,,S,S5,Bietigheim-Bissingen|Tamm(Württ)|Asperg|Ludwigsburg|Kornwestheim Pbf,8005778,Stuttgart-Zuffenhausen,Baden-Württemberg,Stuttgart,70435,9.167156375,48.82960884,3,2608171923,,2608171924,,,,,,,,,,,0.0,0.0
3812495709101926064-2608171937-2,7561,2608171940,2608171940,2,,S,S5,Bietigheim-Bissingen,8005820,Tamm (Württ),Baden-Württemberg,Tamm,71732,9.125288012,48.92187736,4,2608171940,,2608171940,,,,,,,,,,,0.0,0.0
4340980155526291036-2608171857-7,7556,2608171920,2608171920,3,,S,S5,Stuttgart Hbf|Stuttgart Nordbahnhof|Stuttgart-Zuffenhausen|Kornwestheim Pbf|Ludwigsburg|Asperg,8005820,Tamm (Württ),Baden-Württemberg,Tamm,71732,9.125288012,48.92187736,4,2608171920,,2608171920,,,,,,,,,,,0.0,0.0
1856255482499479272-2608171927-7,7558,2608171950,2608171950,3,,S,S5,Stuttgart Hbf|Stuttgart Nordbahnhof|Stuttgart-Zuffenhausen|Kornwestheim Pbf|Ludwigsburg|Asperg,8005820,Tamm (Württ),Baden-Württemberg,Tamm,71732,9.125288012,48.92187736,4,2608171950,,2608171951,,,,,,,,,,,0.0,1.0
4529170897520290947-2608171907-2,7559,2608171910,2608171910,2,,S,S5,Bietigheim-Bissingen,8005820,Tamm (Württ),Baden-Württemberg,Tamm,71732,9.125288012,48.92187736,4,2608171910,,2608171910,,,,,,,,,,,0.0,0.0
5238051817368153971-2608171841-7,7357,2608171859,2608171900,1,,S,S3,Backnang|Maubach|Nellmersbach|Winnenden|Schwaikheim|Neustadt-Hohenacker,8000180,Waiblingen,Baden-Württemberg,Waiblingen,71332,9.300476874,48.8262444,3,2608171901,,2608171901,,,,,,,,,,,2.0,1.0
3813031990365944404-2608171854-3,98234,2608171907,2608171908,,,ARV,90,Stuttgart Hbf|Stuttgart-Bad Cannstatt,8000180,Waiblingen,Baden-Württemberg,Waiblingen,71332,9.300476874,48.8262444,3,2608171907,3,2608171908,3,h,2,Information,,,,,,,0.0,0.0
-7090282038887162588-2608171926-3,17551,2608171936,2608171938,3,,RB,MEX90,Stuttgart Hbf|Stuttgart-Bad Cannstatt,8000180,Waiblingen,Baden-Württemberg,Waiblingen,71332,9.300476874,48.8262444,3,2608171936,,2608171938,,,,,,,,,,,0.0,0.0
3135614053194829594-2608171911-7,7359,2608171929,2608171930,1,,S,S3,Backnang|Maubach|Nellmersbach|Winnenden|Schwaikheim|Neustadt-Hohenacker,8000180,Waiblingen,Baden-Württemberg,Waiblingen,71332,9.300476874,48.8262444,3,2608171930,,2608171931,,,,,,,,,,,1.0,1.0
-5674677057600428724-2608171832-9,17556,2608171920,2608171921,1,,RB,MEX90,Gaildorf West|Fichtenberg|Fornsbach|Murrhardt|Sulzbach(Murr)|Oppenweiler(Württ)|Backnang|Winnenden,8000180,Waiblingen,Baden-Württemberg,Waiblingen,71332,9.300476874,48.8262444,3,2608171923,,2608171923,,,,,,,,,,,3.0,2.0
-1077044607081714772-2608171915-3,19481,2608171932,2608171932,6,,ARV,13,Stuttgart Hbf|Stuttgart-Bad Cannstatt,8000180,Waiblingen,Baden-Württemberg,Waiblingen,71332,9.300476874,48.8262444,3,2608171932,,2608171933,,h,2,Information,,,,,,,0.0,1.0
-3899663222005632832-2608171846-3,19429,2608171902,2608171902,6,,ARV,13,Stuttgart Hbf|Stuttgart-Bad Cannstatt,8000180,Waiblingen,Baden-Württemberg,Waiblingen,71332,9.300476874,48.8262444,3,2608171902,7,2608171902,7,h,2,Information,,,,,,,0.0,0.0
-7422643584363790684-2608171920-6,7256,2608171934,2608171935,7,,S,S2,Stuttgart Hbf|Stuttgart-Bad Cannstatt|Stuttgart Nürnberger Str.|Stuttgart-Sommerrain|Fellbach,8000180,Waiblingen,Baden-Württemberg,Waiblingen,71332,9.300476874,48.8262444,3,2608171935,,2608171935,,h,1,Bauarbeiten,,,,,,,1.0,0.0
-6212403965013446492-2608171941-7,7361,2608171959,2608172000,1,,S,S3,Backnang|Maubach|Nellmersbach|Winnenden|Schwaikheim|Neustadt-Hohenacker,8000180,Waiblingen,Baden-Württemberg,Waiblingen,71332,9.300476874,48.8262444,3,2608172000,,2608172001,,,,,,,,,,,1.0,1.0
7891754352984498965-2608171912-6,7356,2608171929,2608171930,3,,S,S3,Stuttgart Hbf|Stuttgart-Bad Cannstatt|Stuttgart Nürnberger Str.|Stuttgart-Sommerrain|Fellbach,8000180,Waiblingen,Baden-Württemberg,Waiblingen,71332,9.300476874,48.8262444,3,2608171930,,2608171930,,,,,,,,,,,1.0,0.0
4919787015450610271-2608171911-7,17558,2608171950,2608171951,1,,RE,MEX90,Gaildorf West|Murrhardt|Sulzbach(Murr)|Oppenweiler(Württ)|Backnang|Winnenden,8000180,Waiblingen,Baden-Württemberg,Waiblingen,71332,9.300476874,48.8262444,3,2608171953,,2608171953,,h,2,Störung,,,,,,,3.0,2.0
5807496118620218109-2608171850-6,7254,2608171904,2608171905,7,,S,S2,Stuttgart Hbf|Stuttgart-Bad Cannstatt|Stuttgart Nürnberger Str.|Stuttgart-Sommerrain|Fellbach,8000180,Waiblingen,Baden-Württemberg,Waiblingen,71332,9.300476874,48.8262444,3,2608171905,,2608171905,,h,1,Bauarbeiten,,,,,,,1.0,0.0
-8665436956296760567-2608171842-6,7354,2608171859,2608171900,3,,S,S3,Stuttgart Hbf|Stuttgart-Bad Cannstatt|Stuttgart Nürnberger Str.|Stuttgart-Sommerrain|Fellbach,8000180,Waiblingen,Baden-Württemberg,Waiblingen,71332,9.300476874,48.8262444,3,2608171859,,2608171900,,,,,,,,,,,0.0,0.0
-3278481612433611047-2608171933-10,7261,2608171954,2608171955,5,,S,S2,Schorndorf|Weiler(Rems)|Winterbach(b Schorndorf)|Geradstetten|Grunbach|Beutelsbach|Endersbach|Stetten-Beinstein|Rommelshausen,8000180,Waiblingen,Baden-Württemberg,Waiblingen,71332,9.300476874,48.8262444,3,2608171957,,2608171958,,h,1,Bauarbeiten,,,,,,,3.0,3.0
-8025183112725946697-2608171942-6,7358,2608171959,2608172000,3,,S,S3,Stuttgart Hbf|Stuttgart-Bad Cannstatt|Stuttgart Nürnberger Str.|Stuttgart-Sommerrain|Fellbach,8000180,Waiblingen,Baden-Württemberg,Waiblingen,71332,9.300476874,48.8262444,3,2608171959,,2608172000,,,,,,,,,,,0.0,0.0
-6751654647568991594-2608171752-18,19482,2608171928,2608171928,6,,ARV,13,Crailsheim|Jagstzell|Ellwangen|Schrezheim|Schwabsberg|Goldshöfe|Hofen(b Aalen)|Wasseralfingen|Aalen Hbf|Mögglingen(Gmünd)|Böbingen(Rems)|Schwäbisch Gmünd|Lorch(Württ)|Waldhausen(b Schorndorf)|Plüderhausen|Urbach(b Schorndorf)|Schorndorf,8000180,Waiblingen,Baden-Württemberg,Waiblingen,71332,9.300476874,48.8262444,3,2608171928,,2608171929,,h,2,Information,,,,,,,0.0,1.0
1183252318301173457-2608171903-10,7259,2608171924,2608171925,5,,S,S2,Schorndorf|Weiler(Rems)|Winterbach(b Schorndorf)|Geradstetten|Grunbach|Beutelsbach|Endersbach|Stetten-Beinstein|Rommelshausen,8000180,Waiblingen,Baden-Württemberg,Waiblingen,71332,9.300476874,48.8262444,3,2608171924,,2608171926,,h,1,Bauarbeiten,,,,,,,0.0,1.0
-1439359717796706481-2608171907-10,19434,2608171958,2608171958,6,,ARV,13,Aalen Hbf|Mögglingen(Gmünd)|Böbingen(Rems)|Schwäbisch Gmünd|Lorch(Württ)|Waldhausen(b Schorndorf)|Plüderhausen|Urbach(b Schorndorf)|Schorndorf,8000180,Waiblingen,Baden-Württemberg,Waiblingen,71332,9.300476874,48.8262444,3,2608172002,,2608172002,,h,2,Information,,,,,,,4.0,4.0
-2362055098907975015-2608171903-1,7659,,2608171903,,,S,S6,,8006271,Weil der Stadt,Baden-Württemberg,Weil der Stadt,71263,8.873189074,48.7557357,4,,,2608171905,,h,1,Bauarbeiten,,,,,,,0.0,2.0
-1371801792582433848-2608171933-1,26178,,2608171933,,,SWE,RB76,,8006271,Weil der Stadt,Baden-Württemberg,Weil der Stadt,71263,8.873189074,48.7557357,4,,,2608171934,,,,,,,,,,,0.0,1.0
-7461252280383009819-2608171933-1,7661,,2608171933,,,S,S6,,8006271,Weil der Stadt,Baden-Württemberg,Weil der Stadt,71263,8.873189074,48.7557357,4,,,2608171933,,h,1,Bauarbeiten,,,,,,,0.0,0.0
-8105268467764308448-2608171855-12,7654,2608171927,,2,,S,,Stuttgart-Feuerbach|Stuttgart-Zuffenhausen|Neuwirtshaus(Porscheplatz)|Korntal|Weilimdorf|Ditzingen|Höfingen|Leonberg|Rutesheim|Renningen|Malmsheim,8006271,Weil der Stadt,Baden-Württemberg,Weil der Stadt,71263,8.873189074,48.7557357,4,2608171929,,,,h,1,Bauarbeiten,,,,,,,2.0,0.0
2161925546529483540-2608171856-5,26177,2608171914,,141,,SWE,,Calw|Calw-Heumaden|Althengstett|Ostelsheim,8006271,Weil der Stadt,Baden-Württemberg,Weil der Stadt,71263,8.873189074,48.7557357,4,2608171914,,,,,,,,,,,,,0.0,0.0
3964899678421724550-2608171926-5,26179,2608171944,2608171944,141,,SWE,RB76,Calw|Calw-Heumaden|Althengstett|Ostelsheim,8006271,Weil der Stadt,Baden-Württemberg,Weil der Stadt,71263,8.873189074,48.7557357,4,2608171944,,2608171944,,,,,,,,,,,0.0,0.0
4560737320585991855-2608171925-12,7656,2608171957,,2,,S,,Stuttgart-Feuerbach|Stuttgart-Zuffenhausen|Neuwirtshaus(Porscheplatz)|Korntal|Weilimdorf|Ditzingen|Höfingen|Leonberg|Rutesheim|Renningen|Malmsheim,8006271,Weil der Stadt,Baden-Württemberg,Weil der Stadt,71263,8.873189074,48.7557357,4,2608171959,,,,h,1,Bauarbeiten,,,,,,,2.0,0.0
8445271706730011511-2608171858-2,26176,2608171901,2608171903,141,,SWE,RB76,Renningen,8006271,Weil der Stadt,Baden-Württemberg,Weil der Stadt,71263,8.873189074,48.7557357,4,,,2608171904,,,,,,,,,,,0.0,1.0
-7422643584363790684-2608171920-14,7256,2608171952,2608171952,1,,S,S2,Stuttgart Hbf|Stuttgart-Bad Cannstatt|Stuttgart Nürnberger Str.|Stuttgart-Sommerrain|Fellbach|Waiblingen|Rommelshausen|Stetten-Beinstein|Endersbach|Beutelsbach|Grunbach|Geradstetten|Winterbach(b Schorndorf),8006277,Weiler (Rems),Baden-Württemberg,Schorndorf,76314,9.501891172,48.80034585,5,2608171952,,2608171953,,h,1,Bauarbeiten,,,,,,,0.0,1.0
5807496118620218109-2608171850-14,7254,2608171922,2608171922,1,,S,S2,Stuttgart Hbf|Stuttgart-Bad Cannstatt|Stuttgart Nürnberger Str.|Stuttgart-Sommerrain|Fellbach|Waiblingen|Rommelshausen|Stetten-Beinstein|Endersbach|Beutelsbach|Grunbach|Geradstetten|Winterbach(b Schorndorf),8006277,Weiler (Rems),Baden-Württemberg,Schorndorf,76314,9.501891172,48.80034585,5,2608171922,,2608171923,,h,1,Bauarbeiten,,,,,,,0.0,1.0
-3278481612433611047-2608171933-2,7261,2608171936,2608171936,2,,S,S2,Schorndorf,8006277,Weiler (Rems),Baden-Württemberg,Schorndorf,76314,9.501891172,48.80034585,5,2608171936,,2608171936,,h,1,Bauarbeiten,,,,,,,0.0,0.0
1183252318301173457-2608171903-2,7259,2608171906,2608171906,2,,S,S2,Schorndorf,8006277,Weiler (Rems),Baden-Württemberg,Schorndorf,76314,9.501891172,48.80034585,5,2608171906,,2608171906,,h,1,Bauarbeiten,,,,,,,0.0,0.0
-6153385815820538550-2608171825-13,7154,2608171902,2608171903,11,,S,S1,Stuttgart Hbf|Stuttgart-Bad Cannstatt|Stuttgart Neckarpark|Stuttgart-Untertürkheim|Stuttgart-Obertürkheim|Esslingen-Mettingen|Esslingen(Neckar)|Oberesslingen|Esslingen-Zell|Altbach|Plochingen|Wernau(Neckar),8006331,Wendlingen (Neckar),Baden-Württemberg,Wendlingen am Neckar,73240,9.373662098,48.67368917,3,2608171902,,2608171904,,,,,,,,,,,0.0,1.0
2465832744839134269-2608171924-1,16069,,2608171924,,,RE,RE200,,8006331,Wendlingen (Neckar),Baden-Württemberg,Wendlingen am Neckar,73240,9.373662098,48.67368917,3,,,2608171924,,h,2,Störung,,,,,,,0.0,0.0
-8086480164976887343-2608171929-3,16070,2608171959,,3,,RE,,Ulm Hbf|Merklingen - Schwäbische Alb,8006331,Wendlingen (Neckar),Baden-Württemberg,Wendlingen am Neckar,73240,9.373662098,48.67368917,3,2608172001,,,,h,2,Störung,,,,,,,2.0,0.0
-1888638382566928596-2608171757-13,19239,2608171918,2608171918,2,,RE,MEX12,Heilbronn Hbf|Nordheim(Württ)|Lauffen(Neckar)|Kirchheim(Neckar)|Walheim(Württ)|Besigheim|Bietigheim-Bissingen|Ludwigsburg|Stuttgart Hbf|Stuttgart-Bad Cannstatt|Esslingen(Neckar)|Plochingen,8006331,Wendlingen (Neckar),Baden-Württemberg,Wendlingen am Neckar,73240,9.373662098,48.67368917,3,2608171933,3,2608171933,3,h,2,Bauarbeiten,,,,,,,15.0,15.0
-6572211236779796534-2608171920-3,7161,2608171927,2608171928,12,,S,S1,Kirchheim(Teck)|Kirchheim(Teck)-Ötlingen,8006331,Wendlingen (Neckar),Baden-Württemberg,Wendlingen am Neckar,73240,9.373662098,48.67368917,3,2608171929,,2608171929,,,,,,,,,,,2.0,1.0
2955399632672402425-2608171916-6,19244,2608171940,2608171941,1,,RE,MEX12,Reutlingen Hbf|Metzingen(Württ)|Bempflingen|Nürtingen|Oberboihingen,8006331,Wendlingen (Neckar),Baden-Württemberg,Wendlingen am Neckar,73240,9.373662098,48.67368917,3,2608171940,,2608171941,,h,2,Bauarbeiten,,,,,,,0.0,0.0
-6930448942701268015-2608171950-3,7163,2608171957,2608171958,12,,S,S1,Kirchheim(Teck)|Kirchheim(Teck)-Ötlingen,8006331,Wendlingen (Neckar),Baden-Württemberg,Wendlingen am Neckar,73240,9.373662098,48.67368917,3,2608171959,,2608172000,,,,,,,,,,,2.0,2.0
-7621325389408103009-2608171855-13,7156,2608171933,2608171933,11,,S,S1,Stuttgart Hbf|Stuttgart-Bad Cannstatt|Stuttgart Neckarpark|Stuttgart-Untertürkheim|Stuttgart-Obertürkheim|Esslingen-Mettingen|Esslingen(Neckar)|Oberesslingen|Esslingen-Zell|Altbach|Plochingen|Wernau(Neckar),8006331,Wendlingen (Neckar),Baden-Württemberg,Wendlingen am Neckar,73240,9.373662098,48.67368917,3,2608171936,,2608171937,,,,,,,,,,,3.0,4.0
-6572211236779796534-2608171920-4,7161,2608171931,2608171931,1,,S,S1,Kirchheim(Teck)|Kirchheim(Teck)-Ötlingen|Wendlingen(Neckar),8006346,Wernau (Neckar),Baden-Württemberg,Wernau (Neckar),73249,9.413654423,48.69417221,4,2608171932,,2608171933,,,,,,,,,,,1.0,2.0
8890019855766315038-2608171850-4,7159,2608171901,2608171901,1,,S,S1,Kirchheim(Teck)|Kirchheim(Teck)-Ötlingen|Wendlingen(Neckar),8006346,Wernau (Neckar),Baden-Württemberg,Wernau (Neckar),73249,9.413654423,48.69417221,4,2608171902,,2608171902,,,,,,,,,,,1.0,1.0
-1558425123957504280-2608171925-12,7158,2608171958,2608171959,2,,S,S1,Stuttgart Hbf|Stuttgart-Bad Cannstatt|Stuttgart Neckarpark|Stuttgart-Untertürkheim|Stuttgart-Obertürkheim|Esslingen-Mettingen|Esslingen(Neckar)|Oberesslingen|Esslingen-Zell|Altbach|Plochingen,8006346,Wernau (Neckar),Baden-Württemberg,Wernau (Neckar),73249,9.413654423,48.69417221,4,2608171958,,2608171959,,,,,,,,,,,0.0,0.0
-7621325389408103009-2608171855-12,7156,2608171929,2608171929,2,,S,S1,Stuttgart Hbf|Stuttgart-Bad Cannstatt|Stuttgart Neckarpark|Stuttgart-Untertürkheim|Stuttgart-Obertürkheim|Esslingen-Mettingen|Esslingen(Neckar)|Oberesslingen|Esslingen-Zell|Altbach|Plochingen,8006346,Wernau (Neckar),Baden-Württemberg,Wernau (Neckar),73249,9.413654423,48.69417221,4,2608171931,,2608171932,,,,,,,,,,,2.0,3.0
3813031990365944404-2608171854-4,98234,2608171915,2608171916,,,ARV,90,Stuttgart Hbf|Stuttgart-Bad Cannstatt|Waiblingen,8006479,Winnenden,Baden-Württemberg,Winnenden,71364,9.392155928,48.8795625,3,2608171915,2,2608171916,2,h,2,Information,,,,,,,0.0,0.0
-7090282038887162588-2608171926-4,17551,2608171944,2608171945,2,,RB,MEX90,Stuttgart Hbf|Stuttgart-Bad Cannstatt|Waiblingen,8006479,Winnenden,Baden-Württemberg,Winnenden,71364,9.392155928,48.8795625,3,2608171945,,2608171946,,,,,,,,,,,1.0,1.0
3135614053194829594-2608171911-4,7359,2608171919,2608171920,3,,S,S3,Backnang|Maubach|Nellmersbach,8006479,Winnenden,Baden-Württemberg,Winnenden,71364,9.392155928,48.8795625,3,2608171921,,2608171922,,,,,,,,,,,2.0,2.0
-5674677057600428724-2608171832-8,17556,2608171913,2608171914,3,,RB,MEX90,Gaildorf West|Fichtenberg|Fornsbach|Murrhardt|Sulzbach(Murr)|Oppenweiler(Württ)|Backnang,8006479,Winnenden,Baden-Württemberg,Winnenden,71364,9.392155928,48.8795625,3,2608171915,,2608171916,,,,,,,,,,,2.0,2.0
-6212403965013446492-2608171941-4,7361,2608171949,2608171950,3,,S,S3,Backnang|Maubach|Nellmersbach,8006479,Winnenden,Baden-Württemberg,Winnenden,71364,9.392155928,48.8795625,3,2608171951,,2608171951,,,,,,,,,,,2.0,1.0
7891754352984498965-2608171912-9,7356,2608171939,2608171939,2,,S,S3,Stuttgart Hbf|Stuttgart-Bad Cannstatt|Stuttgart Nürnberger Str.|Stuttgart-Sommerrain|Fellbach|Waiblingen|Neustadt-Hohenacker|Schwaikheim,8006479,Winnenden,Baden-Württemberg,Winnenden,71364,9.392155928,48.8795625,3,2608171939,,2608171940,,,,,,,,,,,0.0,1.0
4919787015450610271-2608171911-6,17558,2608171943,2608171944,3,,RE,MEX90,Gaildorf West|Murrhardt|Sulzbach(Murr)|Oppenweiler(Württ)|Backnang,8006479,Winnenden,Baden-Württemberg,Winnenden,71364,9.392155928,48.8795625,3,2608171945,,2608171946,,h,2,Störung,,,,,,,2.0,2.0
-8665436956296760567-2608171842-9,7354,2608171909,2608171909,2,,S,S3,Stuttgart Hbf|Stuttgart-Bad Cannstatt|Stuttgart Nürnberger Str.|Stuttgart-Sommerrain|Fellbach|Waiblingen|Neustadt-Hohenacker|Schwaikheim,8006479,Winnenden,Baden-Württemberg,Winnenden,71364,9.392155928,48.8795625,3,2608171909,,2608171909,,,,,,,,,,,0.0,0.0
-7422643584363790684-2608171920-13,7256,2608171950,2608171950,2,,S,S2,Stuttgart Hbf|Stuttgart-Bad Cannstatt|Stuttgart Nürnberger Str.|Stuttgart-Sommerrain|Fellbach|Waiblingen|Rommelshausen|Stetten-Beinstein|Endersbach|Beutelsbach|Grunbach|Geradstetten,8006485,Winterbach (b Schorndorf),Baden-Württemberg,Winterbach,73650,9.481549751,48.79842743,4,2608171950,,2608171951,,h,1,Bauarbeiten,,,,,,,0.0,1.0
5807496118620218109-2608171850-13,7254,2608171920,2608171920,2,,S,S2,Stuttgart Hbf|Stuttgart-Bad Cannstatt|Stuttgart Nürnberger Str.|Stuttgart-Sommerrain|Fellbach|Waiblingen|Rommelshausen|Stetten-Beinstein|Endersbach|Beutelsbach|Grunbach|Geradstetten,8006485,Winterbach (b Schorndorf),Baden-Württemberg,Winterbach,73650,9.481549751,48.79842743,4,2608171920,,2608171921,,h,1,Bauarbeiten,,,,,,,0.0,1.0
-3278481612433611047-2608171933-3,7261,2608171938,2608171938,1,,S,S2,Schorndorf|Weiler(Rems),8006485,Winterbach (b Schorndorf),Baden-Württemberg,Winterbach,73650,9.481549751,48.79842743,4,2608171938,,2608171938,,h,1,Bauarbeiten,,,,,,,0.0,0.0
1183252318301173457-2608171903-3,7259,2608171908,2608171908,1,,S,S2,Schorndorf|Weiler(Rems),8006485,Winterbach (b Schorndorf),Baden-Württemberg,Winterbach,73650,9.481549751,48.79842743,4,2608171908,,2608171908,,h,1,Bauarbeiten,,,,,,,0.0,0.0
3607379984062485274-2608171841-11,7058,2608171915,2608171915,2,,S,S60,Stuttgart-Zuffenhausen|Neuwirtshaus(Porscheplatz)|Korntal|Weilimdorf|Ditzingen|Höfingen|Leonberg|Rutesheim|Renningen|Renningen Süd,8003807,Magstadt,Baden-Württemberg,Magstadt,71106,8.965315746,48.73616033,6,2608171918,,2608171919,,h,1,Bauarbeiten,,,,,,,3.0,4.0
-2742485192176399051-2608171911-11,7060,2608171945,2608171945,2,,S,S60,Stuttgart-Zuffenhausen|Neuwirtshaus(Porscheplatz)|Korntal|Weilimdorf|Ditzingen|Höfingen|Leonberg|Rutesheim|Renningen|Renningen Süd,8003807,Magstadt,Baden-Württemberg,Magstadt,71106,8.965315746,48.73616033,6,2608171946,,2608171946,,h,1,Bauarbeiten,,,,,,,1.0,1.0
3128900407755296936-2608171934-5,7059,2608171943,2608171944,1,,S,S60,Böblingen|Sindelfingen|Maichingen|Maichingen Nord,8003807,Magstadt,Baden-Württemberg,Magstadt,71106,8.965315746,48.73616033,6,2608171943,,2608171945,,h,1,Bauarbeiten,,,,,,,0.0,1.0
-372852547875452905-2608171904-5,7057,2608171913,2608171914,1,,S,S60,Böblingen|Sindelfingen|Maichingen|Maichingen Nord,8003807,Magstadt,Baden-Württemberg,Magstadt,71106,8.965315746,48.73616033,6,2608171914,,2608171915,,h,1,Bauarbeiten,,,,,,,1.0,1.0
3607379984062485274-2608171841-12,7058,2608171917,2608171917,2,,S,S60,Stuttgart-Zuffenhausen|Neuwirtshaus(Porscheplatz)|Korntal|Weilimdorf|Ditzingen|Höfingen|Leonberg|Rutesheim|Renningen|Renningen Süd|Magstadt,8003834,Maichingen Nord,Baden-Württemberg,Sindelfingen,71069,8.979416996,48.72750392,5,2608171920,,2608171920,,h,1,Bauarbeiten,,,,,,,3.0,3.0
-2742485192176399051-2608171911-12,7060,2608171947,2608171947,2,,S,S60,Stuttgart-Zuffenhausen|Neuwirtshaus(Porscheplatz)|Korntal|Weilimdorf|Ditzingen|Höfingen|Leonberg|Rutesheim|Renningen|Renningen Süd|Magstadt,8003834,Maichingen Nord,Baden-Württemberg,Sindelfingen,71069,8.979416996,48.72750392,5,2608171948,,2608171948,,h,1,Bauarbeiten,,,,,,,1.0,1.0
3128900407755296936-2608171934-4,7059,2608171941,2608171941,1,,S,S60,Böblingen|Sindelfingen|Maichingen,8003834,Maichingen Nord,Baden-Württemberg,Sindelfingen,71069,8.979416996,48.72750392,5,2608171941,,2608171942,,h,1,Bauarbeiten,,,,,,,0.0,1.0
-372852547875452905-2608171904-4,7057,2608171911,2608171911,1,,S,S60,Böblingen|Sindelfingen|Maichingen,8003834,Maichingen Nord,Baden-Württemberg,Sindelfingen,71069,8.979416996,48.72750392,5,2608171912,,2608171912,,h,1,Bauarbeiten,,,,,,,1.0,1.0
3607379984062485274-2608171841-13,7058,2608171919,2608171919,1,,S,S60,Stuttgart-Zuffenhausen|Neuwirtshaus(Porscheplatz)|Korntal|Weilimdorf|Ditzingen|Höfingen|Leonberg|Rutesheim|Renningen|Renningen Süd|Magstadt|Maichingen Nord,8003808,Maichingen,Baden-Württemberg,Sindelfingen,71069,8.969606704,48.72162074,6,2608171922,,2608171922,,h,1,Bauarbeiten,,,,,,,3.0,3.0
-2742485192176399051-2608171911-13,7060,2608171949,2608171949,1,,S,S60,Stuttgart-Zuffenhausen|Neuwirtshaus(Porscheplatz)|Korntal|Weilimdorf|Ditzingen|Höfingen|Leonberg|Rutesheim|Renningen|Renningen Süd|Magstadt|Maichingen Nord,8003808,Maichingen,Baden-Württemberg,Sindelfingen,71069,8.969606704,48.72162074,6,2608171950,,2608171950,,h,1,Bauarbeiten,,,,,,,1.0,1.0
3128900407755296936-2608171934-3,7059,2608171939,2608171940,1,,S,S60,Böblingen|Sindelfingen,8003808,Maichingen,Baden-Württemberg,Sindelfingen,71069,8.969606704,48.72162074,6,2608171939,,2608171940,,h,1,Bauarbeiten,,,,,,,0.0,0.0
-372852547875452905-2608171904-3,7057,2608171909,2608171910,1,,S,S60,Böblingen|Sindelfingen,8003808,Maichingen,Baden-Württemberg,Sindelfingen,71069,8.969606704,48.72162074,6,2608171910,,2608171911,,h,1,Bauarbeiten,,,,,,,1.0,1.0
3607379984062485274-2608171841-10,7058,2608171911,2608171911,2,,S,S60,Stuttgart-Zuffenhausen|Neuwirtshaus(Porscheplatz)|Korntal|Weilimdorf|Ditzingen|Höfingen|Leonberg|Rutesheim|Renningen,8005001,Renningen Süd,Baden-Württemberg,Renningen,71272,8.932068278,48.76261937,6,2608171914,,2608171915,,h,1,Bauarbeiten,,,,,,,3.0,4.0
-2742485192176399051-2608171911-10,7060,2608171941,2608171941,2,,S,S60,Stuttgart-Zuffenhausen|Neuwirtshaus(Porscheplatz)|Korntal|Weilimdorf|Ditzingen|Höfingen|Leonberg|Rutesheim|Renningen,8005001,Renningen Süd,Baden-Württemberg,Renningen,71272,8.932068278,48.76261937,6,2608171941,,2608171942,,h,1,Bauarbeiten,,,,,,,0.0,1.0
3128900407755296936-2608171934-6,7059,2608171947,2608171948,1,,S,S60,Böblingen|Sindelfingen|Maichingen|Maichingen Nord|Magstadt,8005001,Renningen Süd,Baden-Württemberg,Renningen,71272,8.932068278,48.76261937,6,2608171947,,2608171949,,h,1,Bauarbeiten,,,,,,,0.0,1.0
-372852547875452905-2608171904-6,7057,2608171917,2608171918,1,,S,S60,Böblingen|Sindelfingen|Maichingen|Maichingen Nord|Magstadt,8005001,Renningen Süd,Baden-Württemberg,Renningen,71272,8.932068278,48.76261937,6,2608171918,,2608171919,,h,1,Bauarbeiten,,,,,,,1.0,1.0
