ID,train_number,planned_arrival,planned_departure,planned_platform,planned_status,category_train,train,path,eva_nr,station_name,station_state,station_city,station_zipcode,station_long,station_lat,station_category,changed_arrival,changed_platform_arrival,changed_departure,changed_platform_departure,message_status,priority,info,arrival_hidden,departure_hidden,arrival_path,departure_path,arrival_status,departure_status,arrival_delay_m,departure_delay_m
-7621325389408103009-2608241855-10,7156,2608241920,2608241920,4,,S,S1,Stuttgart Hbf|Stuttgart-Bad Cannstatt|Stuttgart Neckarpark|Stuttgart-Untertürkheim|Stuttgart-Obertürkheim|Esslingen-Mettingen|Esslingen(Neckar)|Oberesslingen|Esslingen-Zell,8000508,Altbach,Baden-Württemberg,Altbach,73776,9.382434033,48.72031354,3,2608241930,,2608241931,,,,,,,,,,,10.0,11.0
8890019855766315038-2608241850-6,7159,2608241909,2608241910,3,,S,S1,Kirchheim(Teck)|Kirchheim(Teck)-Ötlingen|Wendlingen(Neckar)|Wernau(Neckar)|Plochingen,8000508,Altbach,Baden-Württemberg,Altbach,73776,9.382434033,48.72031354,3,2608241909,,2608241910,,,,,,,,,,,0.0,0.0
-6572211236779796534-2608241920-6,7161,2608241939,2608241940,3,,S,S1,Kirchheim(Teck)|Kirchheim(Teck)-Ötlingen|Wendlingen(Neckar)|Wernau(Neckar)|Plochingen,8000508,Altbach,Baden-Württemberg,Altbach,73776,9.382434033,48.72031354,3,2608241939,,2608241940,,,,,,,,,,,0.0,0.0
-1558425123957504280-2608241925-10,7158,2608241950,2608241950,4,,S,S1,Stuttgart Hbf|Stuttgart-Bad Cannstatt|Stuttgart Neckarpark|Stuttgart-Untertürkheim|Stuttgart-Obertürkheim|Esslingen-Mettingen|Esslingen(Neckar)|Oberesslingen|Esslingen-Zell,8000508,Altbach,Baden-Württemberg,Altbach,73776,9.382434033,48.72031354,3,2608241950,,2608241950,,,,,,,,,,,0.0,0.0
4374010283059226194-2608241837-14,7452,2608241922,,1,,S,,Stuttgart Hbf|Stuttgart Nordbahnhof|Stuttgart-Feuerbach|Stuttgart-Zuffenhausen|Kornwestheim Pbf|Ludwigsburg|Favoritepark|Freiberg(Neckar)|Benningen(Neckar)|Marbach(Neckar)|Erdmannhausen|Kirchberg(Murr)|Burgstall(Murr),8000016,Backnang,Baden-Württemberg,Backnang,71522,9.425986107,48.94264844,3,2608241922,,,,,,,,,,,,,0.0,0.0
7891754352984498965-2608241912-12,7356,2608241948,,5,,S,,Stuttgart Hbf|Stuttgart-Bad Cannstatt|Stuttgart Nürnberger Str.|Stuttgart-Sommerrain|Fellbach|Waiblingen|Neustadt-Hohenacker|Schwaikheim|Winnenden|Nellmersbach|Maubach,8000016,Backnang,Baden-Württemberg,Backnang,71522,9.425986107,48.94264844,3,2608241951,,,,,,,,,,,,,3.0,0.0
3135614053194829594-2608241911-1,7359,,2608241911,,,S,S3,,8000016,Backnang,Baden-Württemberg,Backnang,71522,9.425986107,48.94264844,3,,,2608241913,,,,,,,,,,,0.0,2.0
-2299085007408785264-2608241933-1,7461,,2608241933,,,S,S4,,8000016,Backnang,Baden-Württemberg,Backnang,71522,9.425986107,48.94264844,3,,,2608241933,,,,,,,,,,,0.0,0.0
4741716309245589308-2608241854-5,88625,2608241922,2608241924,4,,ARV,RE90,Stuttgart Hbf|Stuttgart-Bad Cannstatt|Waiblingen|Winnenden,8000016,Backnang,Baden-Württemberg,Backnang,71522,9.425986107,48.94264844,3,2608241922,,2608241924,,,,,,,,,,,0.0,0.0
3350894187046807511-2608241903-6,17558,2608241936,2608241937,4,,RE,MEX90,Schwäbisch Hall-Hessental|Gaildorf West|Murrhardt|Sulzbach(Murr)|Oppenweiler(Württ),8000016,Backnang,Baden-Württemberg,Backnang,71522,9.425986107,48.94264844,3,2608241942,,2608241942,,,,,,,,,,,6.0,5.0
-5999987302908863714-2608241903-1,7459,,2608241903,,,S,S4,,8000016,Backnang,Baden-Württemberg,Backnang,71522,9.425986107,48.94264844,3,,,2608241903,,,,,,,,,,,0.0,0.0
7560393394993320684-2608241815-8,17556,2608241906,2608241907,4,,RB,MEX90,Schwäbisch Hall-Hessental|Gaildorf West|Fichtenberg|Fornsbach|Murrhardt|Sulzbach(Murr)|Oppenweiler(Württ),8000016,Backnang,Baden-Württemberg,Backnang,71522,9.425986107,48.94264844,3,2608241909,,2608241910,,,,,,,,,,,3.0,3.0
-6212403965013446492-2608241941-1,7361,,2608241941,,,S,S3,,8000016,Backnang,Baden-Württemberg,Backnang,71522,9.425986107,48.94264844,3,,,2608241945,,,,,,,,,,,0.0,4.0
-8665436956296760567-2608241842-12,7354,2608241918,,5,,S,,Stuttgart Hbf|Stuttgart-Bad Cannstatt|Stuttgart Nürnberger Str.|Stuttgart-Sommerrain|Fellbach|Waiblingen|Neustadt-Hohenacker|Schwaikheim|Winnenden|Nellmersbach|Maubach,8000016,Backnang,Baden-Württemberg,Backnang,71522,9.425986107,48.94264844,3,2608241918,,,,,,,,,,,,,0.0,0.0
-3714637966122188152-2608241907-14,7454,2608241952,,1,,S,,Stuttgart Hbf|Stuttgart Nordbahnhof|Stuttgart-Feuerbach|Stuttgart-Zuffenhausen|Kornwestheim Pbf|Ludwigsburg|Favoritepark|Freiberg(Neckar)|Benningen(Neckar)|Marbach(Neckar)|Erdmannhausen|Kirchberg(Murr)|Burgstall(Murr),8000016,Backnang,Baden-Württemberg,Backnang,71522,9.425986107,48.94264844,3,2608241952,,,,,,,,,,,,,0.0,0.0
-7090282038887162588-2608241926-5,17551,2608241951,2608241952,4,,RB,MEX90,Stuttgart Hbf|Stuttgart-Bad Cannstatt|Waiblingen|Winnenden,8000016,Backnang,Baden-Württemberg,Backnang,71522,9.425986107,48.94264844,3,2608241958,,2608241959,,,,,,,,,,,7.0,7.0
4374010283059226194-2608241837-9,7452,2608241902,2608241903,1,,S,S4,Stuttgart Hbf|Stuttgart Nordbahnhof|Stuttgart-Feuerbach|Stuttgart-Zuffenhausen|Kornwestheim Pbf|Ludwigsburg|Favoritepark|Freiberg(Neckar),8000873,Benningen (Neckar),Baden-Württemberg,Benningen am Neckar,71726,9.244299075,48.94379773,5,2608241903,,2608241904,,,,,,,,,,,1.0,1.0
-2299085007408785264-2608241933-6,7461,2608241957,2608241957,2,,S,S4,Backnang|Burgstall(Murr)|Kirchberg(Murr)|Erdmannhausen|Marbach(Neckar),8000873,Benningen (Neckar),Baden-Württemberg,Benningen am Neckar,71726,9.244299075,48.94379773,5,2608241957,,2608241958,,,,,,,,,,,0.0,1.0
-5999987302908863714-2608241903-6,7459,2608241927,2608241927,2,,S,S4,Backnang|Burgstall(Murr)|Kirchberg(Murr)|Erdmannhausen|Marbach(Neckar),8000873,Benningen (Neckar),Baden-Württemberg,Benningen am Neckar,71726,9.244299075,48.94379773,5,2608241927,,2608241928,,,,,,,,,,,0.0,1.0
-3714637966122188152-2608241907-9,7454,2608241932,2608241933,1,,S,S4,Stuttgart Hbf|Stuttgart Nordbahnhof|Stuttgart-Feuerbach|Stuttgart-Zuffenhausen|Kornwestheim Pbf|Ludwigsburg|Favoritepark|Freiberg(Neckar),8000873,Benningen (Neckar),Baden-Württemberg,Benningen am Neckar,71726,9.244299075,48.94379773,5,2608241934,,2608241934,,,,,,,,,,,2.0,1.0
5807496118620218109-2608241850-10,7254,2608241913,2608241913,1,,S,S2,Stuttgart Hbf|Stuttgart-Bad Cannstatt|Stuttgart Nürnberger Str.|Stuttgart-Sommerrain|Fellbach|Waiblingen|Rommelshausen|Stetten-Beinstein|Endersbach,8000934,Beutelsbach,Baden-Württemberg,Weinstadt,71384,9.38551589,48.81038925,5,2608241913,,2608241913,,,,,,,,,,,0.0,0.0
-3278481612433611047-2608241933-6,7261,2608241945,2608241945,2,,S,S2,Schorndorf|Weiler(Rems)|Winterbach(b Schorndorf)|Geradstetten|Grunbach,8000934,Beutelsbach,Baden-Württemberg,Weinstadt,71384,9.38551589,48.81038925,5,2608241945,,2608241945,,,,,,,,,,,0.0,0.0
1183252318301173457-2608241903-6,7259,2608241915,2608241915,2,,S,S2,Schorndorf|Weiler(Rems)|Winterbach(b Schorndorf)|Geradstetten|Grunbach,8000934,Beutelsbach,Baden-Württemberg,Weinstadt,71384,9.38551589,48.81038925,5,2608241915,,2608241915,,,,,,,,,,,0.0,0.0
-7422643584363790684-2608241920-10,7256,2608241943,2608241943,1,,S,S2,Stuttgart Hbf|Stuttgart-Bad Cannstatt|Stuttgart Nürnberger Str.|Stuttgart-Sommerrain|Fellbach|Waiblingen|Rommelshausen|Stetten-Beinstein|Endersbach,8000934,Beutelsbach,Baden-Württemberg,Weinstadt,71384,9.38551589,48.81038925,5,2608241945,,2608241946,,,,,,,,,,,2.0,3.0
-6920329622694250068-2608241904-1,19530,,2608241904,,,RE,MEX17,,8000038,Bietigheim-Bissingen,Baden-Württemberg,Bietigheim-Bissingen,74321,9.137217396,48.94794988,2,,,2608241905,,,,,,,,,,,0.0,1.0
-3165312670147307898-2608241914-12,19535,2608241950,,,,RE,,Pforzheim Hbf|Eutingen(Baden)|Niefern|Enzberg|Mühlacker|Mühlacker Rößlesweg|Illingen(Württ)|Vaihingen(Enz)|Sersheim|Sachsenheim|Ellental,8000038,Bietigheim-Bissingen,Baden-Württemberg,Bietigheim-Bissingen,74321,9.137217396,48.94794988,2,2608241953,7,,,,,,,,,,,,3.0,0.0
7195284655221141801-2608241932-1,19576,,2608241932,,,RE,MEX17,,8000038,Bietigheim-Bissingen,Baden-Württemberg,Bietigheim-Bissingen,74321,9.137217396,48.94794988,2,,,2608241936,4,,,,,,,,,,0.0,4.0
-1511844540643612312-2608241844-12,19569,2608241924,,3,,RE,,Pforzheim Hbf|Eutingen(Baden)|Niefern|Enzberg|Mühlacker|Mühlacker Rößlesweg|Illingen(Württ)|Vaihingen(Enz)|Sersheim|Sachsenheim|Ellental,8000038,Bietigheim-Bissingen,Baden-Württemberg,Bietigheim-Bissingen,74321,9.137217396,48.94794988,2,2608241924,4,,,,,,,,,,,,0.0,0.0
-9156798996548396246-2608241901-3,28495,2608241926,,2,,RE,,Stuttgart Hbf|Stuttgart-Vaihingen,8001055,Böblingen,Baden-Württemberg,Böblingen,71034,9.004531864,48.68784871,3,2608241929,,,,,,,,,,,,,3.0,0.0
-2772802804018317249-2608241932-12,8157,2608241955,,1,,WEG,,Dettenhausen|Weil im Schönbuch Untere Halde|Weil im Schönbuch Röte|Weil im Schönbuch Troppel|Holzgerlingen Buch|Holzgerlingen Bf|Holzgerlingen Hülben|Böblingen Zimmerschlag|Böblingen Heusteigstr|Böblingen Südbf|Böblingen Danziger Str,8001055,Böblingen,Baden-Württemberg,Böblingen,71034,9.004531864,48.68784871,3,2608241955,,,,,,,,,,,,,0.0,0.0
6458893636205588049-2608241902-12,8153,2608241925,,1,,WEG,,Dettenhausen|Weil im Schönbuch Untere Halde|Weil im Schönbuch Röte|Weil im Schönbuch Troppel|Holzgerlingen Buch|Holzgerlingen Bf|Holzgerlingen Hülben|Böblingen Zimmerschlag|Böblingen Heusteigstr|Böblingen Südbf|Böblingen Danziger Str,8001055,Böblingen,Baden-Württemberg,Böblingen,71034,9.004531864,48.68784871,3,2608241925,,,,,,,,,,,,,0.0,0.0
-9006302563846053238-2608241933-1,28494,,2608241933,,,RE,RESB,,8001055,Böblingen,Baden-Württemberg,Böblingen,71034,9.004531864,48.68784871,3,,,2608241935,,,,,,,,,,,0.0,2.0
-1979304329788833876-2608241846-4,7755,2608241900,2608241900,4,,S,S1,Stuttgart-Vaihingen|Stuttgart-Rohr|Goldberg(Württ),8001055,Böblingen,Baden-Württemberg,Böblingen,71034,9.004531864,48.68784871,3,2608241901,3,2608241903,3,,,,,,,,,,1.0,3.0
-8747931418941855621-2608241916-6,7760,2608241930,2608241930,3,,S,S1,Herrenberg|Nufringen|Gärtringen|Ehningen(b Böblingen)|Hulb,8001055,Böblingen,Baden-Württemberg,Böblingen,71034,9.004531864,48.68784871,3,2608241931,,2608241932,,,,,,,,,,,1.0,2.0
6412527048106806940-2608241935-1,8156,,2608241935,,,WEG,RB46,,8001055,Böblingen,Baden-Württemberg,Böblingen,71034,9.004531864,48.68784871,3,,,2608241935,,,,,,,,,,,0.0,0.0
-372852547875452905-2608241904-1,7057,,2608241904,,,S,S60,,8001055,Böblingen,Baden-Württemberg,Böblingen,71034,9.004531864,48.68784871,3,,,2608241904,,,,,,,,,,,0.0,0.0
3128900407755296936-2608241934-1,7059,,2608241934,,,S,S60,,8001055,Böblingen,Baden-Württemberg,Böblingen,71034,9.004531864,48.68784871,3,,,2608241934,,,,,,,,,,,0.0,0.0
-1986872159209865397-2608241908-16,7060,2608241956,,5,,S,,Stuttgart-Feuerbach|Stuttgart-Zuffenhausen|Neuwirtshaus(Porscheplatz)|Korntal|Weilimdorf|Ditzingen|Höfingen|Leonberg|Rutesheim|Renningen|Renningen Süd|Magstadt|Maichingen Nord|Maichingen|Sindelfingen,8001055,Böblingen,Baden-Württemberg,Böblingen,71034,9.004531864,48.68784871,3,2608241956,,,,,,,,,,,,,0.0,0.0
8862303384701956943-2608241846-6,7758,2608241900,2608241900,3,,S,S1,Herrenberg|Nufringen|Gärtringen|Ehningen(b Böblingen)|Hulb,8001055,Böblingen,Baden-Württemberg,Böblingen,71034,9.004531864,48.68784871,3,2608241902,2,2608241903,2,,,,,,,,,,2.0,3.0
-6241446741912760601-2608241802-10,17672,2608241920,2608241921,2,,RE,RE14a,Rottweil|Oberndorf(Neckar)|Sulz(Neckar)|Horb|Eutingen im Gäu|Ergenzingen|Bondorf(b Herrenberg)|Gäufelden|Herrenberg,8001055,Böblingen,Baden-Württemberg,Böblingen,71034,9.004531864,48.68784871,3,2608241920,,2608241921,,h,1,Störung,,,,,,,0.0,0.0
7068338156505433115-2608241905-1,8152,,2608241905,,,WEG,RB46,,8001055,Böblingen,Baden-Württemberg,Böblingen,71034,9.004531864,48.68784871,3,,,2608241905,,,,,,,,,,,0.0,0.0
1999917199815931661-2608241838-16,7058,2608241926,,5,,S,,Stuttgart-Feuerbach|Stuttgart-Zuffenhausen|Neuwirtshaus(Porscheplatz)|Korntal|Weilimdorf|Ditzingen|Höfingen|Leonberg|Rutesheim|Renningen|Renningen Süd|Magstadt|Maichingen Nord|Maichingen|Sindelfingen,8001055,Böblingen,Baden-Württemberg,Böblingen,71034,9.004531864,48.68784871,3,2608241927,,,,,,,,,,,,,1.0,0.0
5766622389415138721-2608241813-15,17674,2608241920,2608241921,2,,RE,RE14b,Freudenstadt Hbf|Grüntal-Wittlensweiler|Dornstetten-Aach|Dornstetten|Schopfloch(b Freudenstadt)|Bittelbronn|Horb-Heiligenfeld|Hochdorf(b Horb)|Eutingen Nord|Eutingen im Gäu|Ergenzingen|Bondorf(b Herrenberg)|Gäufelden|Herrenberg,8001055,Böblingen,Baden-Württemberg,Böblingen,71034,9.004531864,48.68784871,3,2608241920,,2608241921,,h,1,Störung,,,,,,,0.0,0.0
-2610915647049597594-2608241916-4,7757,2608241930,2608241930,4,,S,S1,Stuttgart-Vaihingen|Stuttgart-Rohr|Goldberg(Württ),8001055,Böblingen,Baden-Württemberg,Böblingen,71034,9.004531864,48.68784871,3,2608241932,,2608241933,,,,,,,,,,,2.0,3.0
4374010283059226194-2608241837-13,7452,2608241917,2608241917,1,,S,S4,Stuttgart Hbf|Stuttgart Nordbahnhof|Stuttgart-Feuerbach|Stuttgart-Zuffenhausen|Kornwestheim Pbf|Ludwigsburg|Favoritepark|Freiberg(Neckar)|Benningen(Neckar)|Marbach(Neckar)|Erdmannhausen|Kirchberg(Murr),8001296,Burgstall (Murr),Baden-Württemberg,Burgstetten,71576,9.36973562,48.92851826,6,2608241917,,2608241917,,,,,,,,,,,0.0,0.0
-2299085007408785264-2608241933-2,7461,2608241937,2608241938,1,,S,S4,Backnang,8001296,Burgstall (Murr),Baden-Württemberg,Burgstetten,71576,9.36973562,48.92851826,6,2608241937,,2608241938,,,,,,,,,,,0.0,0.0
-5999987302908863714-2608241903-2,7459,2608241907,2608241908,1,,S,S4,Backnang,8001296,Burgstall (Murr),Baden-Württemberg,Burgstetten,71576,9.36973562,48.92851826,6,2608241907,,2608241908,,,,,,,,,,,0.0,0.0
-3714637966122188152-2608241907-13,7454,2608241947,2608241947,1,,S,S4,Stuttgart Hbf|Stuttgart Nordbahnhof|Stuttgart-Feuerbach|Stuttgart-Zuffenhausen|Kornwestheim Pbf|Ludwigsburg|Favoritepark|Freiberg(Neckar)|Benningen(Neckar)|Marbach(Neckar)|Erdmannhausen|Kirchberg(Murr),8001296,Burgstall (Murr),Baden-Württemberg,Burgstetten,71576,9.36973562,48.92851826,6,2608241948,,2608241948,,,,,,,,,,,1.0,1.0
8124393015929641593-2608241847-8,7654,2608241906,2608241906,2,,S,S6,Stuttgart Hbf|Stuttgart Nordbahnhof|Stuttgart-Feuerbach|Stuttgart-Zuffenhausen|Neuwirtshaus(Porscheplatz)|Korntal|Weilimdorf,8001476,Ditzingen,Baden-Württemberg,Ditzingen,71254,9.067095186,48.82358726,4,2608241906,,2608241906,,,,,,,,,,,0.0,0.0
3112269054498031514-2608241938-6,7062,2608241951,2608241951,2,,S,S60,Stuttgart-Feuerbach|Stuttgart-Zuffenhausen|Neuwirtshaus(Porscheplatz)|Korntal|Weilimdorf,8001476,Ditzingen,Baden-Württemberg,Ditzingen,71254,9.067095186,48.82358726,4,2608241951,,2608241951,,,,,,,,,,,0.0,0.0
-372852547875452905-2608241904-11,7057,2608241939,2608241939,3,,S,S60,Böblingen|Sindelfingen|Maichingen|Maichingen Nord|Magstadt|Renningen Süd|Renningen|Rutesheim|Leonberg|Höfingen,8001476,Ditzingen,Baden-Württemberg,Ditzingen,71254,9.067095186,48.82358726,4,2608241939,,2608241939,,,,,,,,,,,0.0,0.0
-2296361887691329517-2608241917-8,7656,2608241936,2608241936,2,,S,S6,Stuttgart Hbf|Stuttgart Nordbahnhof|Stuttgart-Feuerbach|Stuttgart-Zuffenhausen|Neuwirtshaus(Porscheplatz)|Korntal|Weilimdorf,8001476,Ditzingen,Baden-Württemberg,Ditzingen,71254,9.067095186,48.82358726,4,2608241938,,2608241938,,,,,,,,,,,2.0,2.0
-1986872159209865397-2608241908-6,7060,2608241921,2608241921,2,,S,S60,Stuttgart-Feuerbach|Stuttgart-Zuffenhausen|Neuwirtshaus(Porscheplatz)|Korntal|Weilimdorf,8001476,Ditzingen,Baden-Württemberg,Ditzingen,71254,9.067095186,48.82358726,4,2608241921,,2608241921,,,,,,,,,,,0.0,0.0
-2362055098907975015-2608241903-7,7659,2608241924,2608241924,3,,S,S6,Weil der Stadt|Malmsheim|Renningen|Rutesheim|Leonberg|Höfingen,8001476,Ditzingen,Baden-Württemberg,Ditzingen,71254,9.067095186,48.82358726,4,2608241924,,2608241924,,,,,,,,,,,0.0,0.0
5496704793073772827-2608241834-11,7055,2608241909,2608241909,3,,S,S60,Böblingen|Sindelfingen|Maichingen|Maichingen Nord|Magstadt|Renningen Süd|Renningen|Rutesheim|Leonberg|Höfingen,8001476,Ditzingen,Baden-Württemberg,Ditzingen,71254,9.067095186,48.82358726,4,2608241911,,2608241912,,,,,,,,,,,2.0,3.0
-7461252280383009819-2608241933-7,7661,2608241954,2608241954,3,,S,S6,Weil der Stadt|Malmsheim|Renningen|Rutesheim|Leonberg|Höfingen,8001476,Ditzingen,Baden-Württemberg,Ditzingen,71254,9.067095186,48.82358726,4,2608241954,,2608241954,,,,,,,,,,,0.0,0.0
-8012619847659088179-2608241905-5,7957,2608241919,2608241920,1,,S,S2,Stuttgart-Vaihingen|Stuttgart-Rohr|Oberaichen|Leinfelden,8001650,Echterdingen,Baden-Württemberg,Echterdingen,70771,9.169307175,48.69214787,4,2608241919,,2608241920,,,,,,,,,,,0.0,0.0
8022331955409261611-2608241903-3,7956,2608241910,2608241910,2,,S,S2,Filderstadt|Stuttgart Flughafen/Messe,8001650,Echterdingen,Baden-Württemberg,Echterdingen,70771,9.169307175,48.69214787,4,2608241910,,2608241910,,,,,,,,,,,0.0,0.0
-8369154934664465589-2608241935-5,7959,2608241949,2608241950,1,,S,S2,Stuttgart-Vaihingen|Stuttgart-Rohr|Oberaichen|Leinfelden,8001650,Echterdingen,Baden-Württemberg,Echterdingen,70771,9.169307175,48.69214787,4,2608241949,,2608241950,,,,,,,,,,,0.0,0.0
-2474418901068663081-2608241933-3,7958,2608241940,2608241940,2,,S,S2,Filderstadt|Stuttgart Flughafen/Messe,8001650,Echterdingen,Baden-Württemberg,Echterdingen,70771,9.169307175,48.69214787,4,2608241941,,2608241941,,,,,,,,,,,1.0,1.0
-1979304329788833876-2608241846-6,7755,2608241905,2608241905,2,,S,S1,Stuttgart-Vaihingen|Stuttgart-Rohr|Goldberg(Württ)|Böblingen|Hulb,8001689,Ehningen (b Böblingen),Baden-Württemberg,Ehningen,71139,8.944310368,48.66275549,4,2608241908,,2608241908,,,,,,,,,,,3.0,3.0
-8747931418941855621-2608241916-4,7760,2608241925,2608241925,1,,S,S1,Herrenberg|Nufringen|Gärtringen,8001689,Ehningen (b Böblingen),Baden-Württemberg,Ehningen,71139,8.944310368,48.66275549,4,2608241925,,2608241925,,,,,,,,,,,0.0,0.0
-2610915647049597594-2608241916-6,7757,2608241935,2608241935,2,,S,S1,Stuttgart-Vaihingen|Stuttgart-Rohr|Goldberg(Württ)|Böblingen|Hulb,8001689,Ehningen (b Böblingen),Baden-Württemberg,Ehningen,71139,8.944310368,48.66275549,4,2608241938,,2608241939,,,,,,,,,,,3.0,4.0
-6796240322761220487-2608241946-4,7762,2608241955,2608241955,1,,S,S1,Herrenberg|Nufringen|Gärtringen,8001689,Ehningen (b Böblingen),Baden-Württemberg,Ehningen,71139,8.944310368,48.66275549,4,2608241955,,2608241955,,,,,,,,,,,0.0,0.0
5807496118620218109-2608241850-9,7254,2608241911,2608241911,2,,S,S2,Stuttgart Hbf|Stuttgart-Bad Cannstatt|Stuttgart Nürnberger Str.|Stuttgart-Sommerrain|Fellbach|Waiblingen|Rommelshausen|Stetten-Beinstein,8001785,Endersbach,Baden-Württemberg,Weinstadt,71384,9.370192421,48.81317323,4,2608241911,,2608241911,,,,,,,,,,,0.0,0.0
-3278481612433611047-2608241933-7,7261,2608241947,2608241947,3,,S,S2,Schorndorf|Weiler(Rems)|Winterbach(b Schorndorf)|Geradstetten|Grunbach|Beutelsbach,8001785,Endersbach,Baden-Württemberg,Weinstadt,71384,9.370192421,48.81317323,4,2608241947,,2608241947,,,,,,,,,,,0.0,0.0
1183252318301173457-2608241903-7,7259,2608241917,2608241917,3,,S,S2,Schorndorf|Weiler(Rems)|Winterbach(b Schorndorf)|Geradstetten|Grunbach|Beutelsbach,8001785,Endersbach,Baden-Württemberg,Weinstadt,71384,9.370192421,48.81317323,4,2608241917,,2608241917,,,,,,,,,,,0.0,0.0
-7422643584363790684-2608241920-9,7256,2608241941,2608241941,2,,S,S2,Stuttgart Hbf|Stuttgart-Bad Cannstatt|Stuttgart Nürnberger Str.|Stuttgart-Sommerrain|Fellbach|Waiblingen|Rommelshausen|Stetten-Beinstein,8001785,Endersbach,Baden-Württemberg,Weinstadt,71384,9.370192421,48.81317323,4,2608241944,,2608241944,,,,,,,,,,,3.0,3.0
4374010283059226194-2608241837-11,7452,2608241910,2608241910,1,,S,S4,Stuttgart Hbf|Stuttgart Nordbahnhof|Stuttgart-Feuerbach|Stuttgart-Zuffenhausen|Kornwestheim Pbf|Ludwigsburg|Favoritepark|Freiberg(Neckar)|Benningen(Neckar)|Marbach(Neckar),8001827,Erdmannhausen,Baden-Württemberg,Erdmannhausen,71729,9.298930848,48.9483447,6,2608241910,,2608241911,,,,,,,,,,,0.0,1.0
-2299085007408785264-2608241933-4,7461,2608241947,2608241948,1,,S,S4,Backnang|Burgstall(Murr)|Kirchberg(Murr),8001827,Erdmannhausen,Baden-Württemberg,Erdmannhausen,71729,9.298930848,48.9483447,6,2608241948,,2608241949,,,,,,,,,,,1.0,1.0
-5999987302908863714-2608241903-4,7459,2608241917,2608241918,1,,S,S4,Backnang|Burgstall(Murr)|Kirchberg(Murr),8001827,Erdmannhausen,Baden-Württemberg,Erdmannhausen,71729,9.298930848,48.9483447,6,2608241917,,2608241918,,,,,,,,,,,0.0,0.0
-3714637966122188152-2608241907-11,7454,2608241940,2608241940,1,,S,S4,Stuttgart Hbf|Stuttgart Nordbahnhof|Stuttgart-Feuerbach|Stuttgart-Zuffenhausen|Kornwestheim Pbf|Ludwigsburg|Favoritepark|Freiberg(Neckar)|Benningen(Neckar)|Marbach(Neckar),8001827,Erdmannhausen,Baden-Württemberg,Erdmannhausen,71729,9.298930848,48.9483447,6,2608241940,,2608241941,,,,,,,,,,,0.0,1.0
-8730146202823669430-2608241703-13,4238,2608241909,2608241910,3,,RE,RE5,Friedrichshafen Stadt|Löwental|Meckenbeuren|Ravensburg|Aulendorf|Bad Schussenried|Biberach(Riß)|Laupheim West|Ulm Hbf|Geislingen(Steige)|Göppingen|Plochingen,8001920,Esslingen (Neckar),Baden-Württemberg,Esslingen am Neckar,73728,9.300578149,48.73854148,3,2608241940,,2608241942,,,,,,,Friedrichshafen Stadt|Löwental|Meckenbeuren|Ravensburg|Aulendorf|Bad Schussenried|Biberach(Riß)|Laupheim West|Ulm Hbf|Geislingen(Steige)|Göppingen|Plochingen,Stuttgart Hbf,,,31.0,32.0
5253752513274739814-2608241848-14,19166,2608241940,2608241940,3,,ARV,MEX16,Geislingen(Steige)|Geislingen(Steige)West|Kuchen|Gingen(Fils)|Süßen|Salach|Eislingen(Fils)|Göppingen|Faurndau|Uhingen|Ebersbach(Fils)|Reichenbach(Fils)|Plochingen,8001920,Esslingen (Neckar),Baden-Württemberg,Esslingen am Neckar,73728,9.300578149,48.73854148,3,,,,,,,,,,,,c,c,0.0,0.0
-7621325389408103009-2608241855-7,7156,2608241912,2608241913,8,,S,S1,Stuttgart Hbf|Stuttgart-Bad Cannstatt|Stuttgart Neckarpark|Stuttgart-Untertürkheim|Stuttgart-Obertürkheim|Esslingen-Mettingen,8001920,Esslingen (Neckar),Baden-Württemberg,Esslingen am Neckar,73728,9.300578149,48.73854148,3,2608241923,,2608241924,,,,,,,,,,,11.0,11.0
8119580364174685062-2608241746-5,1090,2608241951,2608241958,2,,ICE,,München Hbf|Augsburg Hbf|Günzburg|Ulm Hbf,8001920,Esslingen (Neckar),Baden-Württemberg,Esslingen am Neckar,73728,9.300578149,48.73854148,3,2608241950,3,2608241958,3,,,,,,,,,,-1.0,0.0
-9217867316075344623-2608241451-8,1013,2608241948,2608241952,6,,ICE,,Essen Hbf|Duisburg Hbf|Düsseldorf Hbf|Köln Messe/Deutz Gl.11-12|Frankfurt(M) Flughafen Fernbf|Mannheim Hbf|Vaihingen(Enz),8001920,Esslingen (Neckar),Baden-Württemberg,Esslingen am Neckar,73728,9.300578149,48.73854148,3,2608241952,,2608241954,,h,2,Information,,,,,,,4.0,2.0
2955399632672402425-2608241916-8,19244,2608241956,2608241956,7,,RE,MEX12,Reutlingen Hbf|Metzingen(Württ)|Bempflingen|Nürtingen|Oberboihingen|Wendlingen(Neckar)|Plochingen,8001920,Esslingen (Neckar),Baden-Württemberg,Esslingen am Neckar,73728,9.300578149,48.73854148,3,2608241957,,2608241958,,,,,,,,,,,1.0,2.0
8890019855766315038-2608241850-9,7159,2608241917,2608241917,7,,S,S1,Kirchheim(Teck)|Kirchheim(Teck)-Ötlingen|Wendlingen(Neckar)|Wernau(Neckar)|Plochingen|Altbach|Esslingen-Zell|Oberesslingen,8001920,Esslingen (Neckar),Baden-Württemberg,Esslingen am Neckar,73728,9.300578149,48.73854148,3,2608241917,,2608241918,,,,,,,,,,,0.0,1.0
-5526353379898780614-2608241816-14,19164,2608241904,2608241905,3,,ARV,MEX16,Geislingen(Steige)|Geislingen(Steige)West|Kuchen|Gingen(Fils)|Süßen|Salach|Eislingen(Fils)|Göppingen|Faurndau|Uhingen|Ebersbach(Fils)|Reichenbach(Fils)|Plochingen,8001920,Esslingen (Neckar),Baden-Württemberg,Esslingen am Neckar,73728,9.300578149,48.73854148,3,2608241911,,2608241913,,,,,,,,,,,7.0,8.0
-8086510943931224072-2608241900-3,19197,2608241917,2608241920,6,,ARV,MEX16,Stuttgart Hbf|Stuttgart-Bad Cannstatt,8001920,Esslingen (Neckar),Baden-Württemberg,Esslingen am Neckar,73728,9.300578149,48.73854148,3,2608241917,5,2608241921,5,,,,,,,,,,0.0,1.0
-6572211236779796534-2608241920-9,7161,2608241947,2608241947,7,,S,S1,Kirchheim(Teck)|Kirchheim(Teck)-Ötlingen|Wendlingen(Neckar)|Wernau(Neckar)|Plochingen|Altbach|Esslingen-Zell|Oberesslingen,8001920,Esslingen (Neckar),Baden-Württemberg,Esslingen am Neckar,73728,9.300578149,48.73854148,3,2608241947,,2608241947,,,,,,,,,,,0.0,0.0
-5517293294077476489-2608241940-3,19169,2608241951,2608241954,5,,ARV,MEX16,Stuttgart Hbf|Stuttgart-Bad Cannstatt,8001920,Esslingen (Neckar),Baden-Württemberg,Esslingen am Neckar,73728,9.300578149,48.73854148,3,,,,,,,,,,,,c,c,0.0,0.0
-8462099243086557188-2608241920-2,19331,2608241934,2608241935,6,,RE,MEX18,Kornwestheim Pbf,8001920,Esslingen (Neckar),Baden-Württemberg,Esslingen am Neckar,73728,9.300578149,48.73854148,3,2608241940,,2608241941,,c,,,,,,,,,6.0,6.0
7280991471195430281-2608241805-4,1069,2608241859,2608241901,5,,ICE,,Karlsruhe Hbf|Bruchsal|Vaihingen(Enz),8001920,Esslingen (Neckar),Baden-Württemberg,Esslingen am Neckar,73728,9.300578149,48.73854148,3,2608241859,6,2608241901,6,,,,,,,,,,0.0,0.0
823528371556953103-2608241937-2,4231,2608241945,2608241947,5,,RE,RE5,Stuttgart Hbf,8001920,Esslingen (Neckar),Baden-Württemberg,Esslingen am Neckar,73728,9.300578149,48.73854148,3,2608241949,,2608241950,,,,,,,,,,,4.0,3.0
1112527576681373761-2608241811-6,1097,2608241958,2608242000,5,,ICE,,Frankfurt(Main)Hbf|Darmstadt Hbf|Bensheim|Weinheim(Bergstr)Hbf|Heidelberg Hbf,8001920,Esslingen (Neckar),Baden-Württemberg,Esslingen am Neckar,73728,9.300578149,48.73854148,3,2608241956,,2608242000,,,,,,,,,,,-2.0,0.0
4876412217104662801-2608241555-5,9577,2608241911,2608241927,5,,TGV,,Paris Est|Strasbourg|Kehl|Karlsruhe Hbf,8001920,Esslingen (Neckar),Baden-Württemberg,Esslingen am Neckar,73728,9.300578149,48.73854148,3,2608241942,,2608241945,,,,,,,,,,,31.0,18.0
6772228088550316376-2608241851-3,19239,2608241904,2608241905,2,,RE,MEX12,Stuttgart Hbf|Stuttgart-Bad Cannstatt,8001920,Esslingen (Neckar),Baden-Württemberg,Esslingen am Neckar,73728,9.300578149,48.73854148,3,2608241904,8,2608241905,8,c,,,,,,,,,0.0,0.0
9199027665325036583-2608241912-2,19332,2608241922,2608241923,3,,RE,MEX18,Plochingen,8001920,Esslingen (Neckar),Baden-Württemberg,Esslingen am Neckar,73728,9.300578149,48.73854148,3,2608241925,,2608241925,,,,,,,,,,,3.0,2.0
-1558425123957504280-2608241925-7,7158,2608241942,2608241943,8,,S,S1,Stuttgart Hbf|Stuttgart-Bad Cannstatt|Stuttgart Neckarpark|Stuttgart-Untertürkheim|Stuttgart-Obertürkheim|Esslingen-Mettingen,8001920,Esslingen (Neckar),Baden-Württemberg,Esslingen am Neckar,73728,9.300578149,48.73854148,3,2608241942,,2608241943,,,,,,,,,,,0.0,0.0
-7621325389408103009-2608241855-6,7156,2608241909,2608241909,4,,S,S1,Stuttgart Hbf|Stuttgart-Bad Cannstatt|Stuttgart Neckarpark|Stuttgart-Untertürkheim|Stuttgart-Obertürkheim,8001921,Esslingen-Mettingen,Baden-Württemberg,Esslingen am Neckar,73733,9.275799007,48.74696655,3,2608241921,,2608241921,,,,,,,,,,,12.0,12.0
8890019855766315038-2608241850-10,7159,2608241919,2608241920,3,,S,S1,Kirchheim(Teck)|Kirchheim(Teck)-Ötlingen|Wendlingen(Neckar)|Wernau(Neckar)|Plochingen|Altbach|Esslingen-Zell|Oberesslingen|Esslingen(Neckar),8001921,Esslingen-Mettingen,Baden-Württemberg,Esslingen am Neckar,73733,9.275799007,48.74696655,3,2608241920,,2608241921,,,,,,,,,,,1.0,1.0
-6572211236779796534-2608241920-10,7161,2608241949,2608241950,3,,S,S1,Kirchheim(Teck)|Kirchheim(Teck)-Ötlingen|Wendlingen(Neckar)|Wernau(Neckar)|Plochingen|Altbach|Esslingen-Zell|Oberesslingen|Esslingen(Neckar),8001921,Esslingen-Mettingen,Baden-Württemberg,Esslingen am Neckar,73733,9.275799007,48.74696655,3,2608241949,,2608241950,,,,,,,,,,,0.0,0.0
-1558425123957504280-2608241925-6,7158,2608241939,2608241939,4,,S,S1,Stuttgart Hbf|Stuttgart-Bad Cannstatt|Stuttgart Neckarpark|Stuttgart-Untertürkheim|Stuttgart-Obertürkheim,8001921,Esslingen-Mettingen,Baden-Württemberg,Esslingen am Neckar,73733,9.275799007,48.74696655,3,2608241940,,2608241940,,,,,,,,,,,1.0,1.0
-7621325389408103009-2608241855-9,7156,2608241917,2608241918,4,,S,S1,Stuttgart Hbf|Stuttgart-Bad Cannstatt|Stuttgart Neckarpark|Stuttgart-Untertürkheim|Stuttgart-Obertürkheim|Esslingen-Mettingen|Esslingen(Neckar)|Oberesslingen,8006642,Esslingen-Zell,Baden-Württemberg,Esslingen am Neckar,73730,9.359739507,48.72436142,3,2608241928,,2608241928,,,,,,,,,,,11.0,10.0
8890019855766315038-2608241850-7,7159,2608241912,2608241912,3,,S,S1,Kirchheim(Teck)|Kirchheim(Teck)-Ötlingen|Wendlingen(Neckar)|Wernau(Neckar)|Plochingen|Altbach,8006642,Esslingen-Zell,Baden-Württemberg,Esslingen am Neckar,73730,9.359739507,48.72436142,3,2608241912,,2608241913,,,,,,,,,,,0.0,1.0
-6572211236779796534-2608241920-7,7161,2608241942,2608241942,3,,S,S1,Kirchheim(Teck)|Kirchheim(Teck)-Ötlingen|Wendlingen(Neckar)|Wernau(Neckar)|Plochingen|Altbach,8006642,Esslingen-Zell,Baden-Württemberg,Esslingen am Neckar,73730,9.359739507,48.72436142,3,2608241942,,2608241942,,,,,,,,,,,0.0,0.0
-1558425123957504280-2608241925-9,7158,2608241947,2608241948,4,,S,S1,Stuttgart Hbf|Stuttgart-Bad Cannstatt|Stuttgart Neckarpark|Stuttgart-Untertürkheim|Stuttgart-Obertürkheim|Esslingen-Mettingen|Esslingen(Neckar)|Oberesslingen,8006642,Esslingen-Zell,Baden-Württemberg,Esslingen am Neckar,73730,9.359739507,48.72436142,3,2608241948,,2608241948,,,,,,,,,,,1.0,0.0
465087425734758010-2608241833-8,7457,2608241903,2608241904,2,,S,S4,Backnang|Burgstall(Murr)|Kirchberg(Murr)|Erdmannhausen|Marbach(Neckar)|Benningen(Neckar)|Freiberg(Neckar),8001967,Favoritepark,Baden-Württemberg,Ludwigsburg,71634,9.180574277,48.90948451,5,2608241905,,2608241906,,,,,,,,,,,2.0,2.0
-1267321740504325492-2608241937-7,7456,2608241956,2608241956,1,,S,S4,Stuttgart Hbf|Stuttgart Nordbahnhof|Stuttgart-Feuerbach|Stuttgart-Zuffenhausen|Kornwestheim Pbf|Ludwigsburg,8001967,Favoritepark,Baden-Württemberg,Ludwigsburg,71634,9.180574277,48.90948451,5,2608242000,,2608242000,,,,,,,,,,,4.0,4.0
-5999987302908863714-2608241903-8,7459,2608241933,2608241934,2,,S,S4,Backnang|Burgstall(Murr)|Kirchberg(Murr)|Erdmannhausen|Marbach(Neckar)|Benningen(Neckar)|Freiberg(Neckar),8001967,Favoritepark,Baden-Württemberg,Ludwigsburg,71634,9.180574277,48.90948451,5,2608241933,,2608241934,,,,,,,,,,,0.0,0.0
-3714637966122188152-2608241907-7,7454,2608241926,2608241926,1,,S,S4,Stuttgart Hbf|Stuttgart Nordbahnhof|Stuttgart-Feuerbach|Stuttgart-Zuffenhausen|Kornwestheim Pbf|Ludwigsburg,8001967,Favoritepark,Baden-Württemberg,Ludwigsburg,71634,9.180574277,48.90948451,5,2608241927,,2608241928,,,,,,,,,,,1.0,2.0
7891754352984498965-2608241912-5,7356,2608241926,2608241927,1,,S,S3,Stuttgart Hbf|Stuttgart-Bad Cannstatt|Stuttgart Nürnberger Str.|Stuttgart-Sommerrain,8001974,Fellbach,Baden-Württemberg,Fellbach,70736,9.270645988,48.8202936,3,2608241929,,2608241930,,,,,,,,,,,3.0,3.0
3135614053194829594-2608241911-8,7359,2608241932,2608241933,4,,S,S3,Backnang|Maubach|Nellmersbach|Winnenden|Schwaikheim|Neustadt-Hohenacker|Waiblingen,8001974,Fellbach,Baden-Württemberg,Fellbach,70736,9.270645988,48.8202936,3,2608241935,,2608241936,,,,,,,,,,,3.0,3.0
5807496118620218109-2608241850-5,7254,2608241901,2608241902,1,,S,S2,Stuttgart Hbf|Stuttgart-Bad Cannstatt|Stuttgart Nürnberger Str.|Stuttgart-Sommerrain,8001974,Fellbach,Baden-Württemberg,Fellbach,70736,9.270645988,48.8202936,3,2608241901,,2608241902,,,,,,,,,,,0.0,0.0
-8025183112725946697-2608241942-5,7358,2608241956,2608241957,1,,S,S3,Stuttgart Hbf|Stuttgart-Bad Cannstatt|Stuttgart Nürnberger Str.|Stuttgart-Sommerrain,8001974,Fellbach,Baden-Württemberg,Fellbach,70736,9.270645988,48.8202936,3,2608241954,,2608241957,,,,,,,,,,,-2.0,0.0
-3278481612433611047-2608241933-11,7261,2608241957,2608241958,4,,S,S2,Schorndorf|Weiler(Rems)|Winterbach(b Schorndorf)|Geradstetten|Grunbach|Beutelsbach|Endersbach|Stetten-Beinstein|Rommelshausen|Waiblingen,8001974,Fellbach,Baden-Württemberg,Fellbach,70736,9.270645988,48.8202936,3,2608241957,,2608241958,,,,,,,,,,,0.0,0.0
1183252318301173457-2608241903-11,7259,2608241927,2608241928,4,,S,S2,Schorndorf|Weiler(Rems)|Winterbach(b Schorndorf)|Geradstetten|Grunbach|Beutelsbach|Endersbach|Stetten-Beinstein|Rommelshausen|Waiblingen,8001974,Fellbach,Baden-Württemberg,Fellbach,70736,9.270645988,48.8202936,3,2608241928,,2608241929,,,,,,,,,,,1.0,1.0
-7422643584363790684-2608241920-5,7256,2608241931,2608241932,1,,S,S2,Stuttgart Hbf|Stuttgart-Bad Cannstatt|Stuttgart Nürnberger Str.|Stuttgart-Sommerrain,8001974,Fellbach,Baden-Württemberg,Fellbach,70736,9.270645988,48.8202936,3,2608241933,,2608241934,,,,,,,,,,,2.0,2.0
5238051817368153971-2608241841-8,7357,2608241902,2608241903,4,,S,S3,Backnang|Maubach|Nellmersbach|Winnenden|Schwaikheim|Neustadt-Hohenacker|Waiblingen,8001974,Fellbach,Baden-Württemberg,Fellbach,70736,9.270645988,48.8202936,3,2608241903,,2608241903,,,,,,,,,,,1.0,0.0
-8012619847659088179-2608241905-6,7957,2608241922,2608241923,1,,S,S2,Stuttgart-Vaihingen|Stuttgart-Rohr|Oberaichen|Leinfelden|Echterdingen,8005768,Stuttgart Flughafen/Messe,Baden-Württemberg,Leinfelden-Echterdingen,70629,9.193411574,48.69075193,4,2608241922,,2608241923,,,,,,,,,,,0.0,0.0
8022331955409261611-2608241903-2,7956,2608241907,2608241908,2,,S,S2,Filderstadt,8005768,Stuttgart Flughafen/Messe,Baden-Württemberg,Leinfelden-Echterdingen,70629,9.193411574,48.69075193,4,2608241907,,2608241908,,,,,,,,,,,0.0,0.0
-8369154934664465589-2608241935-6,7959,2608241952,2608241953,1,,S,S2,Stuttgart-Vaihingen|Stuttgart-Rohr|Oberaichen|Leinfelden|Echterdingen,8005768,Stuttgart Flughafen/Messe,Baden-Württemberg,Leinfelden-Echterdingen,70629,9.193411574,48.69075193,4,2608241952,,2608241953,,,,,,,,,,,0.0,0.0
-2474418901068663081-2608241933-2,7958,2608241937,2608241938,2,,S,S2,Filderstadt,8005768,Stuttgart Flughafen/Messe,Baden-Württemberg,Leinfelden-Echterdingen,70629,9.193411574,48.69075193,4,2608241937,,2608241940,,,,,,,,,,,0.0,2.0
465087425734758010-2608241833-7,7457,2608241900,2608241901,2,,S,S4,Backnang|Burgstall(Murr)|Kirchberg(Murr)|Erdmannhausen|Marbach(Neckar)|Benningen(Neckar),8002065,Freiberg (Neckar),Baden-Württemberg,Freiberg am Neckar,71691,9.197530085,48.92994974,5,2608241902,,2608241903,,,,,,,,,,,2.0,2.0
-1267321740504325492-2608241937-8,7456,2608241959,2608241959,3,,S,S4,Stuttgart Hbf|Stuttgart Nordbahnhof|Stuttgart-Feuerbach|Stuttgart-Zuffenhausen|Kornwestheim Pbf|Ludwigsburg|Favoritepark,8002065,Freiberg (Neckar),Baden-Württemberg,Freiberg am Neckar,71691,9.197530085,48.92994974,5,2608242003,,2608242003,,,,,,,,,,,4.0,4.0
-5999987302908863714-2608241903-7,7459,2608241930,2608241931,2,,S,S4,Backnang|Burgstall(Murr)|Kirchberg(Murr)|Erdmannhausen|Marbach(Neckar)|Benningen(Neckar),8002065,Freiberg (Neckar),Baden-Württemberg,Freiberg am Neckar,71691,9.197530085,48.92994974,5,2608241930,,2608241931,,,,,,,,,,,0.0,0.0
-3714637966122188152-2608241907-8,7454,2608241929,2608241929,3,,S,S4,Stuttgart Hbf|Stuttgart Nordbahnhof|Stuttgart-Feuerbach|Stuttgart-Zuffenhausen|Kornwestheim Pbf|Ludwigsburg|Favoritepark,8002065,Freiberg (Neckar),Baden-Württemberg,Freiberg am Neckar,71691,9.197530085,48.92994974,5,2608241930,,2608241931,,,,,,,,,,,1.0,2.0
-1979304329788833876-2608241846-7,7755,2608241908,2608241908,1,,S,S1,Stuttgart-Vaihingen|Stuttgart-Rohr|Goldberg(Württ)|Böblingen|Hulb|Ehningen(b Böblingen),8002165,Gärtringen,Baden-Württemberg,Gärtringen,71116,8.908864487,48.64080021,5,2608241911,,2608241911,,,,,,,,,,,3.0,3.0
-8747931418941855621-2608241916-3,7760,2608241922,2608241922,2,,S,S1,Herrenberg|Nufringen,8002165,Gärtringen,Baden-Württemberg,Gärtringen,71116,8.908864487,48.64080021,5,2608241922,,2608241922,,,,,,,,,,,0.0,0.0
-2610915647049597594-2608241916-7,7757,2608241938,2608241938,1,,S,S1,Stuttgart-Vaihingen|Stuttgart-Rohr|Goldberg(Württ)|Böblingen|Hulb|Ehningen(b Böblingen),8002165,Gärtringen,Baden-Württemberg,Gärtringen,71116,8.908864487,48.64080021,5,2608241942,,2608241943,,,,,,,,,,,4.0,5.0
-6796240322761220487-2608241946-3,7762,2608241952,2608241952,2,,S,S1,Herrenberg|Nufringen,8002165,Gärtringen,Baden-Württemberg,Gärtringen,71116,8.908864487,48.64080021,5,2608241952,,2608241952,,,,,,,,,,,0.0,0.0
5807496118620218109-2608241850-12,7254,2608241917,2608241917,2,,S,S2,Stuttgart Hbf|Stuttgart-Bad Cannstatt|Stuttgart Nürnberger Str.|Stuttgart-Sommerrain|Fellbach|Waiblingen|Rommelshausen|Stetten-Beinstein|Endersbach|Beutelsbach|Grunbach,8002240,Geradstetten,Baden-Württemberg,Remshalden,73630,9.439522346,48.80527689,5,2608241917,,2608241917,,,,,,,,,,,0.0,0.0
-3278481612433611047-2608241933-4,7261,2608241940,2608241941,1,,S,S2,Schorndorf|Weiler(Rems)|Winterbach(b Schorndorf),8002240,Geradstetten,Baden-Württemberg,Remshalden,73630,9.439522346,48.80527689,5,2608241940,,2608241941,,,,,,,,,,,0.0,0.0
1183252318301173457-2608241903-4,7259,2608241910,2608241911,1,,S,S2,Schorndorf|Weiler(Rems)|Winterbach(b Schorndorf),8002240,Geradstetten,Baden-Württemberg,Remshalden,73630,9.439522346,48.80527689,5,2608241910,,2608241911,,,,,,,,,,,0.0,0.0
-7422643584363790684-2608241920-12,7256,2608241947,2608241947,2,,S,S2,Stuttgart Hbf|Stuttgart-Bad Cannstatt|Stuttgart Nürnberger Str.|Stuttgart-Sommerrain|Fellbach|Waiblingen|Rommelshausen|Stetten-Beinstein|Endersbach|Beutelsbach|Grunbach,8002240,Geradstetten,Baden-Württemberg,Remshalden,73630,9.439522346,48.80527689,5,2608241950,,2608241950,,,,,,,,,,,3.0,3.0
-8747931418941855621-2608241916-7,7760,2608241932,2608241932,2,,S,S1,Herrenberg|Nufringen|Gärtringen|Ehningen(b Böblingen)|Hulb|Böblingen,8005201,Goldberg,Baden-Württemberg,Böblingen,71032,9.019733387,48.69651581,5,2608241933,,2608241933,,,,,,,,,,,1.0,1.0
8862303384701956943-2608241846-7,7758,2608241902,2608241902,2,,S,S1,Herrenberg|Nufringen|Gärtringen|Ehningen(b Böblingen)|Hulb|Böblingen,8005201,Goldberg,Baden-Württemberg,Böblingen,71032,9.019733387,48.69651581,5,2608241905,,2608241905,,,,,,,,,,,3.0,3.0
-2610915647049597594-2608241916-3,7757,2608241928,2608241928,1,,S,S1,Stuttgart-Vaihingen|Stuttgart-Rohr,8005201,Goldberg,Baden-Württemberg,Böblingen,71032,9.019733387,48.69651581,5,2608241930,,2608241931,,,,,,,,,,,2.0,3.0
4922732542051090705-2608241946-3,7759,2608241958,2608241958,1,,S,S1,Stuttgart-Vaihingen|Stuttgart-Rohr,8005201,Goldberg,Baden-Württemberg,Böblingen,71032,9.019733387,48.69651581,5,2608241958,,2608241958,,,,,,,,,,,0.0,0.0
5807496118620218109-2608241850-11,7254,2608241915,2608241915,3,,S,S2,Stuttgart Hbf|Stuttgart-Bad Cannstatt|Stuttgart Nürnberger Str.|Stuttgart-Sommerrain|Fellbach|Waiblingen|Rommelshausen|Stetten-Beinstein|Endersbach|Beutelsbach,8002448,Grunbach,Baden-Württemberg,Remshalden,73630,9.419580601,48.810414,4,2608241915,,2608241915,,,,,,,,,,,0.0,0.0
-3278481612433611047-2608241933-5,7261,2608241942,2608241943,2,,S,S2,Schorndorf|Weiler(Rems)|Winterbach(b Schorndorf)|Geradstetten,8002448,Grunbach,Baden-Württemberg,Remshalden,73630,9.419580601,48.810414,4,2608241942,,2608241943,,,,,,,,,,,0.0,0.0
1183252318301173457-2608241903-5,7259,2608241912,2608241913,2,,S,S2,Schorndorf|Weiler(Rems)|Winterbach(b Schorndorf)|Geradstetten,8002448,Grunbach,Baden-Württemberg,Remshalden,73630,9.419580601,48.810414,4,2608241912,,2608241913,,,,,,,,,,,0.0,0.0
-7422643584363790684-2608241920-11,7256,2608241945,2608241945,3,,S,S2,Stuttgart Hbf|Stuttgart-Bad Cannstatt|Stuttgart Nürnberger Str.|Stuttgart-Sommerrain|Fellbach|Waiblingen|Rommelshausen|Stetten-Beinstein|Endersbach|Beutelsbach,8002448,Grunbach,Baden-Württemberg,Remshalden,73630,9.419580601,48.810414,4,2608241948,,2608241948,,,,,,,,,,,3.0,3.0
-558473250098866084-2608241911-10,22857,2608241941,,102,,RB,,Tübingen Hbf|Tübingen West|Unterjesingen Sandäcker|Unterjesingen Mitte|Pfäffingen|Entringen|Altingen(Württ)|Gültstein|Herrenberg Zwerchweg,8002785,Herrenberg,Baden-Württemberg,Herrenberg,71083,8.862625253,48.59395697,3,2608241941,,,,,,,,,,,,,0.0,0.0
-8546334342875279533-2608241922-1,17665,,2608241922,,,RB,RB14a,,8002785,Herrenberg,Baden-Württemberg,Herrenberg,71083,8.862625253,48.59395697,3,,,2608242102,,h,1,Störung,,,,Gäufelden|Bondorf(b Herrenberg)|Ergenzingen|Eutingen im Gäu|Horb,,,0.0,100.0
-1979304329788833876-2608241846-9,7755,2608241915,,3,,S,,Stuttgart-Vaihingen|Stuttgart-Rohr|Goldberg(Württ)|Böblingen|Hulb|Ehningen(b Böblingen)|Gärtringen|Nufringen,8002785,Herrenberg,Baden-Württemberg,Herrenberg,71083,8.862625253,48.59395697,3,2608241915,,,,,,,,,,,,,0.0,0.0
-8747931418941855621-2608241916-1,7760,,2608241916,,,S,S1,,8002785,Herrenberg,Baden-Württemberg,Herrenberg,71083,8.862625253,48.59395697,3,,,2608241916,,,,,,,,,,,0.0,0.0
115680747121536313-2608241949-1,22858,,2608241949,,,RB,RB63,,8002785,Herrenberg,Baden-Württemberg,Herrenberg,71083,8.862625253,48.59395697,3,,,2608241949,,,,,,,,,,,0.0,0.0
8522387556149699857-2608241916-2,50389,2608241946,2608241947,4,,RE,IC87,Stuttgart Hbf,8002785,Herrenberg,Baden-Württemberg,Herrenberg,71083,8.862625253,48.59395697,3,2608242108,,2608242109,,,,,,,Stuttgart Hbf,Gäufelden|Bondorf(b Herrenberg)|Horb|Sulz(Neckar)|Oberndorf(Neckar)|Rottweil|Spaichingen|Tuttlingen|Engen|Singen(Hohentwiel),c,c,82.0,82.0
2064206487619934274-2608241919-1,22852,,2608241919,,,RB,RB63,,8002785,Herrenberg,Baden-Württemberg,Herrenberg,71083,8.862625253,48.59395697,3,,,2608241920,,,,,,,,,,,0.0,1.0
-6241446741912760601-2608241802-9,17672,2608241910,2608241911,1,,RE,RE14a,Rottweil|Oberndorf(Neckar)|Sulz(Neckar)|Horb|Eutingen im Gäu|Ergenzingen|Bondorf(b Herrenberg)|Gäufelden,8002785,Herrenberg,Baden-Württemberg,Herrenberg,71083,8.862625253,48.59395697,3,2608241910,,2608241911,,h,1,Störung,,,,,,,0.0,0.0
5766622389415138721-2608241813-14,17674,2608241910,2608241911,1,,RE,RE14b,Freudenstadt Hbf|Grüntal-Wittlensweiler|Dornstetten-Aach|Dornstetten|Schopfloch(b Freudenstadt)|Bittelbronn|Horb-Heiligenfeld|Hochdorf(b Horb)|Eutingen Nord|Eutingen im Gäu|Ergenzingen|Bondorf(b Herrenberg)|Gäufelden,8002785,Herrenberg,Baden-Württemberg,Herrenberg,71083,8.862625253,48.59395697,3,2608241909,,2608241911,,h,1,Störung,,,,,,,-1.0,0.0
-2610915647049597594-2608241916-9,7757,2608241945,,3,,S,,Stuttgart-Vaihingen|Stuttgart-Rohr|Goldberg(Württ)|Böblingen|Hulb|Ehningen(b Böblingen)|Gärtringen|Nufringen,8002785,Herrenberg,Baden-Württemberg,Herrenberg,71083,8.862625253,48.59395697,3,2608241950,2,,,,,,,,,,,,5.0,0.0
-6796240322761220487-2608241946-1,7762,,2608241946,,,S,S1,,8002785,Herrenberg,Baden-Württemberg,Herrenberg,71083,8.862625253,48.59395697,3,,,2608241946,,,,,,,,,,,0.0,0.0
5306241366452732763-2608241916-2,389,2608241946,2608241947,4,,IC,,Stuttgart Hbf,8002785,Herrenberg,Baden-Württemberg,Herrenberg,71083,8.862625253,48.59395697,3,2608242108,,2608242109,,h,2,Information,,,Stuttgart Hbf,Gäufelden|Bondorf(b Herrenberg)|Horb|Sulz(Neckar)|Oberndorf(Neckar)|Rottweil|Spaichingen|Tuttlingen|Engen|Singen(Hohentwiel)|Schaffhausen|Zürich HB,c,c,82.0,82.0
4682769519521374202-2608241841-10,22851,2608241911,,102,,RB,,Tübingen Hbf|Tübingen West|Unterjesingen Sandäcker|Unterjesingen Mitte|Pfäffingen|Entringen|Altingen(Württ)|Gültstein|Herrenberg Zwerchweg,8002785,Herrenberg,Baden-Württemberg,Herrenberg,71083,8.862625253,48.59395697,3,2608241911,,,,,,,,,,,,,0.0,0.0
8124393015929641593-2608241847-9,7654,2608241909,2608241909,2,,S,S6,Stuttgart Hbf|Stuttgart Nordbahnhof|Stuttgart-Feuerbach|Stuttgart-Zuffenhausen|Neuwirtshaus(Porscheplatz)|Korntal|Weilimdorf|Ditzingen,8002892,Höfingen,Baden-Württemberg,Leonberg,71229,9.026180834,48.81503436,5,2608241909,,2608241910,,,,,,,,,,,0.0,1.0
3112269054498031514-2608241938-7,7062,2608241954,2608241954,2,,S,S60,Stuttgart-Feuerbach|Stuttgart-Zuffenhausen|Neuwirtshaus(Porscheplatz)|Korntal|Weilimdorf|Ditzingen,8002892,Höfingen,Baden-Württemberg,Leonberg,71229,9.026180834,48.81503436,5,2608241954,,2608241955,,,,,,,,,,,0.0,1.0
-372852547875452905-2608241904-10,7057,2608241935,2608241936,1,,S,S60,Böblingen|Sindelfingen|Maichingen|Maichingen Nord|Magstadt|Renningen Süd|Renningen|Rutesheim|Leonberg,8002892,Höfingen,Baden-Württemberg,Leonberg,71229,9.026180834,48.81503436,5,2608241935,,2608241936,,,,,,,,,,,0.0,0.0
-2296361887691329517-2608241917-9,7656,2608241939,2608241939,2,,S,S6,Stuttgart Hbf|Stuttgart Nordbahnhof|Stuttgart-Feuerbach|Stuttgart-Zuffenhausen|Neuwirtshaus(Porscheplatz)|Korntal|Weilimdorf|Ditzingen,8002892,Höfingen,Baden-Württemberg,Leonberg,71229,9.026180834,48.81503436,5,2608241941,,2608241942,,,,,,,,,,,2.0,3.0
-1986872159209865397-2608241908-7,7060,2608241924,2608241924,2,,S,S60,Stuttgart-Feuerbach|Stuttgart-Zuffenhausen|Neuwirtshaus(Porscheplatz)|Korntal|Weilimdorf|Ditzingen,8002892,Höfingen,Baden-Württemberg,Leonberg,71229,9.026180834,48.81503436,5,2608241924,,2608241925,,,,,,,,,,,0.0,1.0
-2362055098907975015-2608241903-6,7659,2608241920,2608241921,1,,S,S6,Weil der Stadt|Malmsheim|Renningen|Rutesheim|Leonberg,8002892,Höfingen,Baden-Württemberg,Leonberg,71229,9.026180834,48.81503436,5,2608241920,,2608241921,,,,,,,,,,,0.0,0.0
5496704793073772827-2608241834-10,7055,2608241905,2608241906,1,,S,S60,Böblingen|Sindelfingen|Maichingen|Maichingen Nord|Magstadt|Renningen Süd|Renningen|Rutesheim|Leonberg,8002892,Höfingen,Baden-Württemberg,Leonberg,71229,9.026180834,48.81503436,5,2608241907,,2608241909,,,,,,,,,,,2.0,3.0
-7461252280383009819-2608241933-6,7661,2608241950,2608241951,1,,S,S6,Weil der Stadt|Malmsheim|Renningen|Rutesheim|Leonberg,8002892,Höfingen,Baden-Württemberg,Leonberg,71229,9.026180834,48.81503436,5,2608241950,,2608241951,,,,,,,,,,,0.0,0.0
-1979304329788833876-2608241846-5,7755,2608241902,2608241902,1,,S,S1,Stuttgart-Vaihingen|Stuttgart-Rohr|Goldberg(Württ)|Böblingen,8003022,Hulb,Baden-Württemberg,Böblingen-Hulb,71032,8.982396429,48.67924173,5,2608241905,,2608241905,,,,,,,,,,,3.0,3.0
-8747931418941855621-2608241916-5,7760,2608241928,2608241928,2,,S,S1,Herrenberg|Nufringen|Gärtringen|Ehningen(b Böblingen),8003022,Hulb,Baden-Württemberg,Böblingen-Hulb,71032,8.982396429,48.67924173,5,2608241928,,2608241929,,,,,,,,,,,0.0,1.0
-2610915647049597594-2608241916-5,7757,2608241932,2608241932,1,,S,S1,Stuttgart-Vaihingen|Stuttgart-Rohr|Goldberg(Württ)|Böblingen,8003022,Hulb,Baden-Württemberg,Böblingen-Hulb,71032,8.982396429,48.67924173,5,2608241935,,2608241935,,,,,,,,,,,3.0,3.0
-6796240322761220487-2608241946-5,7762,2608241958,2608241958,2,,S,S1,Herrenberg|Nufringen|Gärtringen|Ehningen(b Böblingen),8003022,Hulb,Baden-Württemberg,Böblingen-Hulb,71032,8.982396429,48.67924173,5,2608241958,,2608241958,,,,,,,,,,,0.0,0.0
-8012619847659088179-2608241905-7,7957,2608241927,,1,,S,,Stuttgart-Vaihingen|Stuttgart-Rohr|Oberaichen|Leinfelden|Echterdingen|Stuttgart Flughafen/Messe,8001984,Filderstadt,Baden-Württemberg,Filderstadt,70794,9.217581315,48.67649151,5,2608241927,,,,,,,,,,,,,0.0,0.0
8022331955409261611-2608241903-1,7956,,2608241903,,,S,S2,,8001984,Filderstadt,Baden-Württemberg,Filderstadt,70794,9.217581315,48.67649151,5,,,2608241903,,,,,,,,,,,0.0,0.0
-8369154934664465589-2608241935-7,7959,2608241957,,1,,S,,Stuttgart-Vaihingen|Stuttgart-Rohr|Oberaichen|Leinfelden|Echterdingen|Stuttgart Flughafen/Messe,8001984,Filderstadt,Baden-Württemberg,Filderstadt,70794,9.217581315,48.67649151,5,2608241957,,,,,,,,,,,,,0.0,0.0
-2474418901068663081-2608241933-1,7958,,2608241933,,,S,S2,,8001984,Filderstadt,Baden-Württemberg,Filderstadt,70794,9.217581315,48.67649151,5,,,2608241933,,,,,,,,,,,0.0,0.0
4374010283059226194-2608241837-12,7452,2608241913,2608241913,2,,S,S4,Stuttgart Hbf|Stuttgart Nordbahnhof|Stuttgart-Feuerbach|Stuttgart-Zuffenhausen|Kornwestheim Pbf|Ludwigsburg|Favoritepark|Freiberg(Neckar)|Benningen(Neckar)|Marbach(Neckar)|Erdmannhausen,8003266,Kirchberg (Murr),Baden-Württemberg,Kirchberg an der Murr,71737,9.328210283,48.93928182,6,2608241913,,2608241914,,,,,,,,,,,0.0,1.0
-2299085007408785264-2608241933-3,7461,2608241942,2608241945,1,,S,S4,Backnang|Burgstall(Murr),8003266,Kirchberg (Murr),Baden-Württemberg,Kirchberg an der Murr,71737,9.328210283,48.93928182,6,2608241942,,2608241945,,,,,,,,,,,0.0,0.0
-5999987302908863714-2608241903-3,7459,2608241912,2608241915,1,,S,S4,Backnang|Burgstall(Murr),8003266,Kirchberg (Murr),Baden-Württemberg,Kirchberg an der Murr,71737,9.328210283,48.93928182,6,2608241912,,2608241915,,,,,,,,,,,0.0,0.0
-3714637966122188152-2608241907-12,7454,2608241943,2608241943,2,,S,S4,Stuttgart Hbf|Stuttgart Nordbahnhof|Stuttgart-Feuerbach|Stuttgart-Zuffenhausen|Kornwestheim Pbf|Ludwigsburg|Favoritepark|Freiberg(Neckar)|Benningen(Neckar)|Marbach(Neckar)|Erdmannhausen,8003266,Kirchberg (Murr),Baden-Württemberg,Kirchberg an der Murr,71737,9.328210283,48.93928182,6,2608241943,,2608241944,,,,,,,,,,,0.0,1.0
-6153385815820538550-2608241825-15,7154,2608241909,,2,,S,,Stuttgart Hbf|Stuttgart-Bad Cannstatt|Stuttgart Neckarpark|Stuttgart-Untertürkheim|Stuttgart-Obertürkheim|Esslingen-Mettingen|Esslingen(Neckar)|Oberesslingen|Esslingen-Zell|Altbach|Plochingen|Wernau(Neckar)|Wendlingen(Neckar)|Kirchheim(Teck)-Ötlingen,8003280,Kirchheim (Teck),Baden-Württemberg,Kirchheim unter Teck,73230,9.443872422,48.64415981,4,2608241910,,,,,,,,,,,,,1.0,0.0
-7621325389408103009-2608241855-15,7156,2608241939,,2,,S,,Stuttgart Hbf|Stuttgart-Bad Cannstatt|Stuttgart Neckarpark|Stuttgart-Untertürkheim|Stuttgart-Obertürkheim|Esslingen-Mettingen|Esslingen(Neckar)|Oberesslingen|Esslingen-Zell|Altbach|Plochingen|Wernau(Neckar)|Wendlingen(Neckar)|Kirchheim(Teck)-Ötlingen,8003280,Kirchheim (Teck),Baden-Württemberg,Kirchheim unter Teck,73230,9.443872422,48.64415981,4,2608241946,,,,,,,,,,,,,7.0,0.0
-6930448942701268015-2608241950-1,7163,,2608241950,,,S,S1,,8003280,Kirchheim (Teck),Baden-Württemberg,Kirchheim unter Teck,73230,9.443872422,48.64415981,4,,,2608241952,,,,,,,,,,,0.0,2.0
-6572211236779796534-2608241920-1,7161,,2608241920,,,S,S1,,8003280,Kirchheim (Teck),Baden-Württemberg,Kirchheim unter Teck,73230,9.443872422,48.64415981,4,,,2608241920,,,,,,,,,,,0.0,0.0
-6797742653568567887-2608241854-7,37978,2608241912,,1,,RB,,Oberlenningen|Unterlenningen|Brucken|Owen(Teck)|Dettingen(Teck)|Kirchheim(Teck)Süd,8003280,Kirchheim (Teck),Baden-Württemberg,Kirchheim unter Teck,73230,9.443872422,48.64415981,4,2608241912,,,,,,,,,,,,,0.0,0.0
-1669649271596836245-2608241917-1,37979,,2608241917,,,RB,RB64,,8003280,Kirchheim (Teck),Baden-Württemberg,Kirchheim unter Teck,73230,9.443872422,48.64415981,4,,,2608241917,,,,,,,,,,,0.0,0.0
-6153385815820538550-2608241825-14,7154,2608241906,2608241907,1,,S,S1,Stuttgart Hbf|Stuttgart-Bad Cannstatt|Stuttgart Neckarpark|Stuttgart-Untertürkheim|Stuttgart-Obertürkheim|Esslingen-Mettingen|Esslingen(Neckar)|Oberesslingen|Esslingen-Zell|Altbach|Plochingen|Wernau(Neckar)|Wendlingen(Neckar),8003282,Kirchheim (Teck)-Ötlingen,Baden-Württemberg,Kirchheim unter Teck,73230,9.416261302,48.65782388,5,2608241907,,2608241908,,,,,,,,,,,1.0,1.0
-7621325389408103009-2608241855-14,7156,2608241937,2608241937,1,,S,S1,Stuttgart Hbf|Stuttgart-Bad Cannstatt|Stuttgart Neckarpark|Stuttgart-Untertürkheim|Stuttgart-Obertürkheim|Esslingen-Mettingen|Esslingen(Neckar)|Oberesslingen|Esslingen-Zell|Altbach|Plochingen|Wernau(Neckar)|Wendlingen(Neckar),8003282,Kirchheim (Teck)-Ötlingen,Baden-Württemberg,Kirchheim unter Teck,73230,9.416261302,48.65782388,5,2608241943,,2608241944,,,,,,,,,,,6.0,7.0
-6930448942701268015-2608241950-2,7163,2608241953,2608241953,1,,S,S1,Kirchheim(Teck),8003282,Kirchheim (Teck)-Ötlingen,Baden-Württemberg,Kirchheim unter Teck,73230,9.416261302,48.65782388,5,2608241955,,2608241956,,,,,,,,,,,2.0,3.0
-6572211236779796534-2608241920-2,7161,2608241923,2608241923,1,,S,S1,Kirchheim(Teck),8003282,Kirchheim (Teck)-Ötlingen,Baden-Württemberg,Kirchheim unter Teck,73230,9.416261302,48.65782388,5,2608241923,,2608241923,,,,,,,,,,,0.0,0.0
8124393015929641593-2608241847-6,7654,2608241901,2608241901,1,,S,S6,Stuttgart Hbf|Stuttgart Nordbahnhof|Stuttgart-Feuerbach|Stuttgart-Zuffenhausen|Neuwirtshaus(Porscheplatz),8003409,Korntal,Baden-Württemberg,Korntal,70825,9.121099128,48.82640246,4,2608241901,,2608241901,,,,,,,,,,,0.0,0.0
3112269054498031514-2608241938-4,7062,2608241946,2608241946,1,,S,S60,Stuttgart-Feuerbach|Stuttgart-Zuffenhausen|Neuwirtshaus(Porscheplatz),8003409,Korntal,Baden-Württemberg,Korntal,70825,9.121099128,48.82640246,4,2608241946,,2608241947,,,,,,,,,,,0.0,1.0
-372852547875452905-2608241904-13,7057,2608241943,2608241944,3,,S,S60,Böblingen|Sindelfingen|Maichingen|Maichingen Nord|Magstadt|Renningen Süd|Renningen|Rutesheim|Leonberg|Höfingen|Ditzingen|Weilimdorf,8003409,Korntal,Baden-Württemberg,Korntal,70825,9.121099128,48.82640246,4,2608241943,,2608241944,,,,,,,,,,,0.0,0.0
-2296361887691329517-2608241917-6,7656,2608241931,2608241931,1,,S,S6,Stuttgart Hbf|Stuttgart Nordbahnhof|Stuttgart-Feuerbach|Stuttgart-Zuffenhausen|Neuwirtshaus(Porscheplatz),8003409,Korntal,Baden-Württemberg,Korntal,70825,9.121099128,48.82640246,4,2608241933,,2608241934,,,,,,,,,,,2.0,3.0
8398337549993310672-2608241931-7,1235,2608241954,,7,,WEG,,Heimerdingen|Hemmingen|Schwieberdingen|Münchingen|Münchingen Rührberg|Korntal Gymnasium,8003409,Korntal,Baden-Württemberg,Korntal,70825,9.121099128,48.82640246,4,2608241954,,,,,,,,,,,,,0.0,0.0
-1986872159209865397-2608241908-4,7060,2608241916,2608241916,1,,S,S60,Stuttgart-Feuerbach|Stuttgart-Zuffenhausen|Neuwirtshaus(Porscheplatz),8003409,Korntal,Baden-Württemberg,Korntal,70825,9.121099128,48.82640246,4,2608241916,,2608241916,,,,,,,,,,,0.0,0.0
-2362055098907975015-2608241903-9,7659,2608241928,2608241929,3,,S,S6,Weil der Stadt|Malmsheim|Renningen|Rutesheim|Leonberg|Höfingen|Ditzingen|Weilimdorf,8003409,Korntal,Baden-Württemberg,Korntal,70825,9.121099128,48.82640246,4,2608241928,,2608241929,,,,,,,,,,,0.0,0.0
5496704793073772827-2608241834-13,7055,2608241913,2608241914,3,,S,S60,Böblingen|Sindelfingen|Maichingen|Maichingen Nord|Magstadt|Renningen Süd|Renningen|Rutesheim|Leonberg|Höfingen|Ditzingen|Weilimdorf,8003409,Korntal,Baden-Württemberg,Korntal,70825,9.121099128,48.82640246,4,2608241915,,2608241916,,,,,,,,,,,2.0,2.0
-7461252280383009819-2608241933-9,7661,2608241958,2608241959,3,,S,S6,Weil der Stadt|Malmsheim|Renningen|Rutesheim|Leonberg|Höfingen|Ditzingen|Weilimdorf,8003409,Korntal,Baden-Württemberg,Korntal,70825,9.121099128,48.82640246,4,2608241958,,2608241959,,,,,,,,,,,0.0,0.0
-6108892784984132717-2608241901-7,1229,2608241924,,7,,WEG,,Heimerdingen|Hemmingen|Schwieberdingen|Münchingen|Münchingen Rührberg|Korntal Gymnasium,8003409,Korntal,Baden-Württemberg,Korntal,70825,9.121099128,48.82640246,4,2608241925,,,,,,,,,,,,,1.0,0.0
7077047059354184600-2608241905-1,1228,,2608241905,,,WEG,RB47,,8003409,Korntal,Baden-Württemberg,Korntal,70825,9.121099128,48.82640246,4,,,2608241905,,,,,,,,,,,0.0,0.0
-1832627888018234905-2608241935-1,1234,,2608241935,,,WEG,RB47,,8003409,Korntal,Baden-Württemberg,Korntal,70825,9.121099128,48.82640246,4,,,2608241935,,,,,,,,,,,0.0,0.0
465087425734758010-2608241833-10,7457,2608241910,2608241910,3,,S,S4,Backnang|Burgstall(Murr)|Kirchberg(Murr)|Erdmannhausen|Marbach(Neckar)|Benningen(Neckar)|Freiberg(Neckar)|Favoritepark|Ludwigsburg,8003411,Kornwestheim Pbf,Baden-Württemberg,Kornwestheim,70806,9.179967278,48.86215948,3,2608241913,,2608241913,,,,,,,,,,,3.0,3.0
789883459373931925-2608241916-2,7559,2608241919,2608241920,3,,S,S5,Ludwigsburg,8003411,Kornwestheim Pbf,Baden-Württemberg,Kornwestheim,70806,9.179967278,48.86215948,3,2608241920,,2608241920,,,,,,,,,,,1.0,0.0
1856255482499479272-2608241927-5,7558,2608241940,2608241940,4,,S,S5,Stuttgart Hbf|Stuttgart Nordbahnhof|Stuttgart-Feuerbach|Stuttgart-Zuffenhausen,8003411,Kornwestheim Pbf,Baden-Württemberg,Kornwestheim,70806,9.179967278,48.86215948,3,2608241940,,2608241940,,,,,,,,,,,0.0,0.0
-1267321740504325492-2608241937-5,7456,2608241950,2608241950,4,,S,S4,Stuttgart Hbf|Stuttgart Nordbahnhof|Stuttgart-Feuerbach|Stuttgart-Zuffenhausen,8003411,Kornwestheim Pbf,Baden-Württemberg,Kornwestheim,70806,9.179967278,48.86215948,3,2608241952,,2608241954,,,,,,,,,,,2.0,4.0
4340980155526291036-2608241857-5,7556,2608241910,2608241910,4,,S,S5,Stuttgart Hbf|Stuttgart Nordbahnhof|Stuttgart-Feuerbach|Stuttgart-Zuffenhausen,8003411,Kornwestheim Pbf,Baden-Württemberg,Kornwestheim,70806,9.179967278,48.86215948,3,2608241910,,2608241911,,,,,,,,,,,0.0,1.0
-5999987302908863714-2608241903-10,7459,2608241940,2608241940,3,,S,S4,Backnang|Burgstall(Murr)|Kirchberg(Murr)|Erdmannhausen|Marbach(Neckar)|Benningen(Neckar)|Freiberg(Neckar)|Favoritepark|Ludwigsburg,8003411,Kornwestheim Pbf,Baden-Württemberg,Kornwestheim,70806,9.179967278,48.86215948,3,2608241940,,2608241941,,,,,,,,,,,0.0,1.0
-8462099243086557188-2608241920-1,19331,,2608241920,,,RE,MEX18,,8003411,Kornwestheim Pbf,Baden-Württemberg,Kornwestheim,70806,9.179967278,48.86215948,3,,,2608241925,,,,,,,,,,,0.0,5.0
-3714637966122188152-2608241907-5,7454,2608241920,2608241920,4,,S,S4,Stuttgart Hbf|Stuttgart Nordbahnhof|Stuttgart-Feuerbach|Stuttgart-Zuffenhausen,8003411,Kornwestheim Pbf,Baden-Württemberg,Kornwestheim,70806,9.179967278,48.86215948,3,2608241921,,2608241922,,,,,,,,,,,1.0,2.0
8229824385589885076-2608241946-2,7561,2608241949,2608241950,3,,S,S5,Ludwigsburg,8003411,Kornwestheim Pbf,Baden-Württemberg,Kornwestheim,70806,9.179967278,48.86215948,3,2608241951,,2608241951,,,,,,,,,,,2.0,1.0
9199027665325036583-2608241912-3,19332,2608241942,,6,,RE,,Plochingen|Esslingen(Neckar),8003411,Kornwestheim Pbf,Baden-Württemberg,Kornwestheim,70806,9.179967278,48.86215948,3,2608241943,7,,,,,,,,,,,,1.0,0.0
-8012619847659088179-2608241905-4,7957,2608241916,2608241917,1,,S,S2,Stuttgart-Vaihingen|Stuttgart-Rohr|Oberaichen,8003622,Leinfelden,Baden-Württemberg,Leinfelden-Echterdingen,70771,9.142859698,48.6964193,4,2608241916,,2608241917,,,,,,,,,,,0.0,0.0
8022331955409261611-2608241903-4,7956,2608241912,2608241913,2,,S,S2,Filderstadt|Stuttgart Flughafen/Messe|Echterdingen,8003622,Leinfelden,Baden-Württemberg,Leinfelden-Echterdingen,70771,9.142859698,48.6964193,4,2608241912,,2608241913,,,,,,,,,,,0.0,0.0
-8369154934664465589-2608241935-4,7959,2608241946,2608241947,1,,S,S2,Stuttgart-Vaihingen|Stuttgart-Rohr|Oberaichen,8003622,Leinfelden,Baden-Württemberg,Leinfelden-Echterdingen,70771,9.142859698,48.6964193,4,2608241946,,2608241947,,,,,,,,,,,0.0,0.0
-2474418901068663081-2608241933-4,7958,2608241942,2608241943,2,,S,S2,Filderstadt|Stuttgart Flughafen/Messe|Echterdingen,8003622,Leinfelden,Baden-Württemberg,Leinfelden-Echterdingen,70771,9.142859698,48.6964193,4,2608241944,,2608241944,,,,,,,,,,,2.0,1.0
8124393015929641593-2608241847-10,7654,2608241913,2608241913,2,,S,S6,Stuttgart Hbf|Stuttgart Nordbahnhof|Stuttgart-Feuerbach|Stuttgart-Zuffenhausen|Neuwirtshaus(Porscheplatz)|Korntal|Weilimdorf|Ditzingen|Höfingen,8003652,Leonberg,Baden-Württemberg,Leonberg,71229,9.004025993,48.79970547,3,2608241913,,2608241913,,,,,,,,,,,0.0,0.0
3112269054498031514-2608241938-8,7062,2608241958,2608241958,2,,S,S60,Stuttgart-Feuerbach|Stuttgart-Zuffenhausen|Neuwirtshaus(Porscheplatz)|Korntal|Weilimdorf|Ditzingen|Höfingen,8003652,Leonberg,Baden-Württemberg,Leonberg,71229,9.004025993,48.79970547,3,2608241958,,2608241959,,,,,,,,,,,0.0,1.0
-372852547875452905-2608241904-9,7057,2608241932,2608241932,1,,S,S60,Böblingen|Sindelfingen|Maichingen|Maichingen Nord|Magstadt|Renningen Süd|Renningen|Rutesheim,8003652,Leonberg,Baden-Württemberg,Leonberg,71229,9.004025993,48.79970547,3,2608241932,,2608241932,,,,,,,,,,,0.0,0.0
-2296361887691329517-2608241917-10,7656,2608241943,2608241943,2,,S,S6,Stuttgart Hbf|Stuttgart Nordbahnhof|Stuttgart-Feuerbach|Stuttgart-Zuffenhausen|Neuwirtshaus(Porscheplatz)|Korntal|Weilimdorf|Ditzingen|Höfingen,8003652,Leonberg,Baden-Württemberg,Leonberg,71229,9.004025993,48.79970547,3,2608241945,,2608241945,,,,,,,,,,,2.0,2.0
-1986872159209865397-2608241908-8,7060,2608241928,2608241928,2,,S,S60,Stuttgart-Feuerbach|Stuttgart-Zuffenhausen|Neuwirtshaus(Porscheplatz)|Korntal|Weilimdorf|Ditzingen|Höfingen,8003652,Leonberg,Baden-Württemberg,Leonberg,71229,9.004025993,48.79970547,3,2608241928,,2608241928,,,,,,,,,,,0.0,0.0
-2362055098907975015-2608241903-5,7659,2608241917,2608241917,1,,S,S6,Weil der Stadt|Malmsheim|Renningen|Rutesheim,8003652,Leonberg,Baden-Württemberg,Leonberg,71229,9.004025993,48.79970547,3,2608241917,,2608241917,,,,,,,,,,,0.0,0.0
5496704793073772827-2608241834-9,7055,2608241902,2608241902,1,,S,S60,Böblingen|Sindelfingen|Maichingen|Maichingen Nord|Magstadt|Renningen Süd|Renningen|Rutesheim,8003652,Leonberg,Baden-Württemberg,Leonberg,71229,9.004025993,48.79970547,3,2608241904,,2608241904,,,,,,,,,,,2.0,2.0
-7461252280383009819-2608241933-5,7661,2608241947,2608241947,1,,S,S6,Weil der Stadt|Malmsheim|Renningen|Rutesheim,8003652,Leonberg,Baden-Württemberg,Leonberg,71229,9.004025993,48.79970547,3,2608241947,,2608241947,,,,,,,,,,,0.0,0.0
465087425734758010-2608241833-9,7457,2608241906,2608241907,3,,S,S4,Backnang|Burgstall(Murr)|Kirchberg(Murr)|Erdmannhausen|Marbach(Neckar)|Benningen(Neckar)|Freiberg(Neckar)|Favoritepark,8000235,Ludwigsburg,Baden-Württemberg,Ludwigsburg,71638,9.185229823,48.89208622,3,2608241907,,2608241910,,,,,,,,,,,1.0,3.0
789883459373931925-2608241916-1,7559,,2608241916,,,S,S5,,8000235,Ludwigsburg,Baden-Württemberg,Ludwigsburg,71638,9.185229823,48.89208622,3,,,2608241917,,,,,,,,,,,0.0,1.0
1856255482499479272-2608241927-6,7558,2608241943,,2,,S,,Stuttgart Hbf|Stuttgart Nordbahnhof|Stuttgart-Feuerbach|Stuttgart-Zuffenhausen|Kornwestheim Pbf,8000235,Ludwigsburg,Baden-Württemberg,Ludwigsburg,71638,9.185229823,48.89208622,3,2608241944,3,,,,,,,,,,,,1.0,0.0
-1267321740504325492-2608241937-6,7456,2608241953,2608241954,2,,S,S4,Stuttgart Hbf|Stuttgart Nordbahnhof|Stuttgart-Feuerbach|Stuttgart-Zuffenhausen|Kornwestheim Pbf,8000235,Ludwigsburg,Baden-Württemberg,Ludwigsburg,71638,9.185229823,48.89208622,3,2608241957,,2608241958,,,,,,,,,,,4.0,4.0
4340980155526291036-2608241857-6,7556,2608241913,,2,,S,,Stuttgart Hbf|Stuttgart Nordbahnhof|Stuttgart-Feuerbach|Stuttgart-Zuffenhausen|Kornwestheim Pbf,8000235,Ludwigsburg,Baden-Württemberg,Ludwigsburg,71638,9.185229823,48.89208622,3,2608241914,3,,,,,,,,,,,,1.0,0.0
-5999987302908863714-2608241903-9,7459,2608241936,2608241937,3,,S,S4,Backnang|Burgstall(Murr)|Kirchberg(Murr)|Erdmannhausen|Marbach(Neckar)|Benningen(Neckar)|Freiberg(Neckar)|Favoritepark,8000235,Ludwigsburg,Baden-Württemberg,Ludwigsburg,71638,9.185229823,48.89208622,3,2608241936,,2608241937,,,,,,,,,,,0.0,0.0
-3714637966122188152-2608241907-6,7454,2608241923,2608241924,2,,S,S4,Stuttgart Hbf|Stuttgart Nordbahnhof|Stuttgart-Feuerbach|Stuttgart-Zuffenhausen|Kornwestheim Pbf,8000235,Ludwigsburg,Baden-Württemberg,Ludwigsburg,71638,9.185229823,48.89208622,3,2608241924,,2608241925,,,,,,,,,,,1.0,1.0
8229824385589885076-2608241946-1,7561,,2608241946,,,S,S5,,8000235,Ludwigsburg,Baden-Württemberg,Ludwigsburg,71638,9.185229823,48.89208622,3,,,2608241948,,,,,,,,,,,0.0,2.0
8124393015929641593-2608241847-13,7654,2608241924,2608241924,1,,S,S6,Stuttgart Hbf|Stuttgart Nordbahnhof|Stuttgart-Feuerbach|Stuttgart-Zuffenhausen|Neuwirtshaus(Porscheplatz)|Korntal|Weilimdorf|Ditzingen|Höfingen|Leonberg|Rutesheim|Renningen,8003831,Malmsheim,Baden-Württemberg,Renningen,71272,8.905105557,48.77183564,5,2608241924,,2608241925,,,,,,,,,,,0.0,1.0
-2296361887691329517-2608241917-13,7656,2608241954,2608241954,1,,S,S6,Stuttgart Hbf|Stuttgart Nordbahnhof|Stuttgart-Feuerbach|Stuttgart-Zuffenhausen|Neuwirtshaus(Porscheplatz)|Korntal|Weilimdorf|Ditzingen|Höfingen|Leonberg|Rutesheim|Renningen,8003831,Malmsheim,Baden-Württemberg,Renningen,71272,8.905105557,48.77183564,5,2608241954,,2608241954,,,,,,,,,,,0.0,0.0
-2362055098907975015-2608241903-2,7659,2608241905,2608241905,2,,S,S6,Weil der Stadt,8003831,Malmsheim,Baden-Württemberg,Renningen,71272,8.905105557,48.77183564,5,2608241905,,2608241906,,,,,,,,,,,0.0,1.0
-7461252280383009819-2608241933-2,7661,2608241935,2608241935,2,,S,S6,Weil der Stadt,8003831,Malmsheim,Baden-Württemberg,Renningen,71272,8.905105557,48.77183564,5,2608241936,,2608241936,,,,,,,,,,,1.0,1.0
4374010283059226194-2608241837-10,7452,2608241905,2608241908,1,,S,S4,Stuttgart Hbf|Stuttgart Nordbahnhof|Stuttgart-Feuerbach|Stuttgart-Zuffenhausen|Kornwestheim Pbf|Ludwigsburg|Favoritepark|Freiberg(Neckar)|Benningen(Neckar),8003853,Marbach (Neckar),Baden-Württemberg,Marbach am Neckar,71672,9.264611825,48.9437708,3,2608241905,,2608241908,,,,,,,,,,,0.0,0.0
-2299085007408785264-2608241933-5,7461,2608241951,2608241955,,,S,S4,Backnang|Burgstall(Murr)|Kirchberg(Murr)|Erdmannhausen,8003853,Marbach (Neckar),Baden-Württemberg,Marbach am Neckar,71672,9.264611825,48.9437708,3,2608241952,1,2608241955,1,,,,,,,,,,1.0,0.0
-5999987302908863714-2608241903-5,7459,2608241921,2608241925,,,S,S4,Backnang|Burgstall(Murr)|Kirchberg(Murr)|Erdmannhausen,8003853,Marbach (Neckar),Baden-Württemberg,Marbach am Neckar,71672,9.264611825,48.9437708,3,2608241921,1,2608241925,1,,,,,,,,,,0.0,0.0
-3714637966122188152-2608241907-10,7454,2608241935,2608241938,1,,S,S4,Stuttgart Hbf|Stuttgart Nordbahnhof|Stuttgart-Feuerbach|Stuttgart-Zuffenhausen|Kornwestheim Pbf|Ludwigsburg|Favoritepark|Freiberg(Neckar)|Benningen(Neckar),8003853,Marbach (Neckar),Baden-Württemberg,Marbach am Neckar,71672,9.264611825,48.9437708,3,2608241936,,2608241938,,,,,,,,,,,1.0,0.0
7891754352984498965-2608241912-11,7356,2608241944,2608241945,2,,S,S3,Stuttgart Hbf|Stuttgart-Bad Cannstatt|Stuttgart Nürnberger Str.|Stuttgart-Sommerrain|Fellbach|Waiblingen|Neustadt-Hohenacker|Schwaikheim|Winnenden|Nellmersbach,8003913,Maubach,Baden-Württemberg,Backnang,71522,9.419487062,48.92623463,4,2608241948,,2608241949,,,,,,,,,,,4.0,4.0
3135614053194829594-2608241911-2,7359,2608241913,2608241914,1,,S,S3,Backnang,8003913,Maubach,Baden-Württemberg,Backnang,71522,9.419487062,48.92623463,4,2608241916,,2608241917,,,,,,,,,,,3.0,3.0
-6212403965013446492-2608241941-2,7361,2608241943,2608241944,1,,S,S3,Backnang,8003913,Maubach,Baden-Württemberg,Backnang,71522,9.419487062,48.92623463,4,2608241948,,2608241949,,,,,,,,,,,5.0,5.0
-8665436956296760567-2608241842-11,7354,2608241914,2608241915,2,,S,S3,Stuttgart Hbf|Stuttgart-Bad Cannstatt|Stuttgart Nürnberger Str.|Stuttgart-Sommerrain|Fellbach|Waiblingen|Neustadt-Hohenacker|Schwaikheim|Winnenden|Nellmersbach,8003913,Maubach,Baden-Württemberg,Backnang,71522,9.419487062,48.92623463,4,2608241915,,2608241916,,,,,,,,,,,1.0,1.0
7891754352984498965-2608241912-10,7356,2608241941,2608241942,2,,S,S3,Stuttgart Hbf|Stuttgart-Bad Cannstatt|Stuttgart Nürnberger Str.|Stuttgart-Sommerrain|Fellbach|Waiblingen|Neustadt-Hohenacker|Schwaikheim|Winnenden,8004233,Nellmersbach,Baden-Württemberg,Leutenbach,71397,9.415421538,48.90336425,5,2608241945,,2608241946,,,,,,,,,,,4.0,4.0
3135614053194829594-2608241911-3,7359,2608241916,2608241916,1,,S,S3,Backnang|Maubach,8004233,Nellmersbach,Baden-Württemberg,Leutenbach,71397,9.415421538,48.90336425,5,2608241919,,2608241920,,,,,,,,,,,3.0,4.0
-6212403965013446492-2608241941-3,7361,2608241946,2608241946,1,,S,S3,Backnang|Maubach,8004233,Nellmersbach,Baden-Württemberg,Leutenbach,71397,9.415421538,48.90336425,5,2608241951,,2608241952,,,,,,,,,,,5.0,6.0
-8665436956296760567-2608241842-10,7354,2608241911,2608241912,2,,S,S3,Stuttgart Hbf|Stuttgart-Bad Cannstatt|Stuttgart Nürnberger Str.|Stuttgart-Sommerrain|Fellbach|Waiblingen|Neustadt-Hohenacker|Schwaikheim|Winnenden,8004233,Nellmersbach,Baden-Württemberg,Leutenbach,71397,9.415421538,48.90336425,5,2608241912,,2608241913,,,,,,,,,,,1.0,1.0
7891754352984498965-2608241912-7,7356,2608241933,2608241933,1,,S,S3,Stuttgart Hbf|Stuttgart-Bad Cannstatt|Stuttgart Nürnberger Str.|Stuttgart-Sommerrain|Fellbach|Waiblingen,8004333,Neustadt-Hohenacker,Baden-Württemberg,Waiblingen,71336,9.32455106,48.85921668,5,2608241936,,2608241937,,,,,,,,,,,3.0,4.0
3135614053194829594-2608241911-6,7359,2608241925,2608241925,2,,S,S3,Backnang|Maubach|Nellmersbach|Winnenden|Schwaikheim,8004333,Neustadt-Hohenacker,Baden-Württemberg,Waiblingen,71336,9.32455106,48.85921668,5,2608241927,,2608241928,,,,,,,,,,,2.0,3.0
-6212403965013446492-2608241941-6,7361,2608241955,2608241955,2,,S,S3,Backnang|Maubach|Nellmersbach|Winnenden|Schwaikheim,8004333,Neustadt-Hohenacker,Baden-Württemberg,Waiblingen,71336,9.32455106,48.85921668,5,2608242000,,2608242001,,,,,,,,,,,5.0,6.0
-8665436956296760567-2608241842-7,7354,2608241903,2608241903,1,,S,S3,Stuttgart Hbf|Stuttgart-Bad Cannstatt|Stuttgart Nürnberger Str.|Stuttgart-Sommerrain|Fellbach|Waiblingen,8004333,Neustadt-Hohenacker,Baden-Württemberg,Waiblingen,71336,9.32455106,48.85921668,5,2608241904,,2608241904,,,,,,,,,,,1.0,1.0
3112269054498031514-2608241938-3,7062,2608241943,2608241943,1,,S,S60,Stuttgart-Feuerbach|Stuttgart-Zuffenhausen,8004338,Neuwirtshaus (Porscheplatz),Baden-Württemberg,Stuttgart,70435,9.151955614,48.83384734,4,2608241944,,2608241944,,,,,,,,,,,1.0,1.0
-372852547875452905-2608241904-14,7057,2608241946,2608241946,2,,S,S60,Böblingen|Sindelfingen|Maichingen|Maichingen Nord|Magstadt|Renningen Süd|Renningen|Rutesheim|Leonberg|Höfingen|Ditzingen|Weilimdorf|Korntal,8004338,Neuwirtshaus (Porscheplatz),Baden-Württemberg,Stuttgart,70435,9.151955614,48.83384734,4,2608241946,,2608241947,,,,,,,,,,,0.0,1.0
-2296361887691329517-2608241917-5,7656,2608241928,2608241929,1,,S,S6,Stuttgart Hbf|Stuttgart Nordbahnhof|Stuttgart-Feuerbach|Stuttgart-Zuffenhausen,8004338,Neuwirtshaus (Porscheplatz),Baden-Württemberg,Stuttgart,70435,9.151955614,48.83384734,4,2608241931,,2608241932,,,,,,,,,,,3.0,3.0
-1986872159209865397-2608241908-3,7060,2608241913,2608241913,1,,S,S60,Stuttgart-Feuerbach|Stuttgart-Zuffenhausen,8004338,Neuwirtshaus (Porscheplatz),Baden-Württemberg,Stuttgart,70435,9.151955614,48.83384734,4,2608241913,,2608241913,,,,,,,,,,,0.0,0.0
-1350780593772268701-2608241947-5,7658,2608241958,2608241959,1,,S,S6,Stuttgart Hbf|Stuttgart Nordbahnhof|Stuttgart-Feuerbach|Stuttgart-Zuffenhausen,8004338,Neuwirtshaus (Porscheplatz),Baden-Württemberg,Stuttgart,70435,9.151955614,48.83384734,4,2608241958,,2608241959,,,,,,,,,,,0.0,0.0
-2362055098907975015-2608241903-10,7659,2608241931,2608241931,2,,S,S6,Weil der Stadt|Malmsheim|Renningen|Rutesheim|Leonberg|Höfingen|Ditzingen|Weilimdorf|Korntal,8004338,Neuwirtshaus (Porscheplatz),Baden-Württemberg,Stuttgart,70435,9.151955614,48.83384734,4,2608241931,,2608241932,,,,,,,,,,,0.0,1.0
5496704793073772827-2608241834-14,7055,2608241916,2608241916,2,,S,S60,Böblingen|Sindelfingen|Maichingen|Maichingen Nord|Magstadt|Renningen Süd|Renningen|Rutesheim|Leonberg|Höfingen|Ditzingen|Weilimdorf|Korntal,8004338,Neuwirtshaus (Porscheplatz),Baden-Württemberg,Stuttgart,70435,9.151955614,48.83384734,4,2608241918,,2608241919,,,,,,,,,,,2.0,3.0
6230552686564451233-2608241833-10,7657,2608241901,2608241901,2,,S,S6,Weil der Stadt|Malmsheim|Renningen|Rutesheim|Leonberg|Höfingen|Ditzingen|Weilimdorf|Korntal,8004338,Neuwirtshaus (Porscheplatz),Baden-Württemberg,Stuttgart,70435,9.151955614,48.83384734,4,2608241901,,2608241902,,,,,,,,,,,0.0,1.0
-1979304329788833876-2608241846-8,7755,2608241911,2608241911,1,,S,S1,Stuttgart-Vaihingen|Stuttgart-Rohr|Goldberg(Württ)|Böblingen|Hulb|Ehningen(b Böblingen)|Gärtringen,8004490,Nufringen,Baden-Württemberg,Nufringen,71154,8.889817485,48.62010967,5,2608241913,,2608241914,,,,,,,,,,,2.0,3.0
-8747931418941855621-2608241916-2,7760,2608241919,2608241919,2,,S,S1,Herrenberg,8004490,Nufringen,Baden-Württemberg,Nufringen,71154,8.889817485,48.62010967,5,2608241919,,2608241920,,,,,,,,,,,0.0,1.0
-2610915647049597594-2608241916-8,7757,2608241941,2608241941,1,,S,S1,Stuttgart-Vaihingen|Stuttgart-Rohr|Goldberg(Württ)|Böblingen|Hulb|Ehningen(b Böblingen)|Gärtringen,8004490,Nufringen,Baden-Württemberg,Nufringen,71154,8.889817485,48.62010967,5,2608241945,,2608241945,,,,,,,,,,,4.0,4.0
-6796240322761220487-2608241946-2,7762,2608241949,2608241949,2,,S,S1,Herrenberg,8004490,Nufringen,Baden-Württemberg,Nufringen,71154,8.889817485,48.62010967,5,2608241949,,2608241949,,,,,,,,,,,0.0,0.0
-8012619847659088179-2608241905-3,7957,2608241914,2608241914,1,,S,S2,Stuttgart-Vaihingen|Stuttgart-Rohr,8004496,Oberaichen,Baden-Württemberg,Leinfelden-Echterdingen,70771,9.12743664,48.70512422,5,2608241914,,2608241915,,,,,,,,,,,0.0,1.0
8022331955409261611-2608241903-5,7956,2608241915,2608241915,2,,S,S2,Filderstadt|Stuttgart Flughafen/Messe|Echterdingen|Leinfelden,8004496,Oberaichen,Baden-Württemberg,Leinfelden-Echterdingen,70771,9.12743664,48.70512422,5,2608241915,,2608241915,,,,,,,,,,,0.0,0.0
-8369154934664465589-2608241935-3,7959,2608241944,2608241944,1,,S,S2,Stuttgart-Vaihingen|Stuttgart-Rohr,8004496,Oberaichen,Baden-Württemberg,Leinfelden-Echterdingen,70771,9.12743664,48.70512422,5,2608241944,,2608241944,,,,,,,,,,,0.0,0.0
-2474418901068663081-2608241933-5,7958,2608241945,2608241945,2,,S,S2,Filderstadt|Stuttgart Flughafen/Messe|Echterdingen|Leinfelden,8004496,Oberaichen,Baden-Württemberg,Leinfelden-Echterdingen,70771,9.12743664,48.70512422,5,2608241946,,2608241947,,,,,,,,,,,1.0,2.0
-7621325389408103009-2608241855-8,7156,2608241915,2608241915,4,,S,S1,Stuttgart Hbf|Stuttgart-Bad Cannstatt|Stuttgart Neckarpark|Stuttgart-Untertürkheim|Stuttgart-Obertürkheim|Esslingen-Mettingen|Esslingen(Neckar),8004528,Oberesslingen,Baden-Württemberg,Esslingen am Neckar,73730,9.327277435,48.72983585,3,2608241926,,2608241926,,,,,,,,,,,11.0,11.0
8890019855766315038-2608241850-8,7159,2608241914,2608241915,3,,S,S1,Kirchheim(Teck)|Kirchheim(Teck)-Ötlingen|Wendlingen(Neckar)|Wernau(Neckar)|Plochingen|Altbach|Esslingen-Zell,8004528,Oberesslingen,Baden-Württemberg,Esslingen am Neckar,73730,9.327277435,48.72983585,3,2608241914,,2608241915,,,,,,,,,,,0.0,0.0
-6572211236779796534-2608241920-8,7161,2608241944,2608241945,3,,S,S1,Kirchheim(Teck)|Kirchheim(Teck)-Ötlingen|Wendlingen(Neckar)|Wernau(Neckar)|Plochingen|Altbach|Esslingen-Zell,8004528,Oberesslingen,Baden-Württemberg,Esslingen am Neckar,73730,9.327277435,48.72983585,3,2608241944,,2608241945,,,,,,,,,,,0.0,0.0
-1558425123957504280-2608241925-8,7158,2608241945,2608241945,4,,S,S1,Stuttgart Hbf|Stuttgart-Bad Cannstatt|Stuttgart Neckarpark|Stuttgart-Untertürkheim|Stuttgart-Obertürkheim|Esslingen-Mettingen|Esslingen(Neckar),8004528,Oberesslingen,Baden-Württemberg,Esslingen am Neckar,73730,9.327277435,48.72983585,3,2608241945,,2608241946,,,,,,,,,,,0.0,1.0
-8730146202823669430-2608241703-12,4238,2608241902,2608241903,1,,RE,RE5,Friedrichshafen Stadt|Löwental|Meckenbeuren|Ravensburg|Aulendorf|Bad Schussenried|Biberach(Riß)|Laupheim West|Ulm Hbf|Geislingen(Steige)|Göppingen,8000302,Plochingen,Baden-Württemberg,Plochingen,73207,9.411294578,48.71293906,2,2608241933,,2608241934,,,,,,,Friedrichshafen Stadt|Löwental|Meckenbeuren|Ravensburg|Aulendorf|Bad Schussenried|Biberach(Riß)|Laupheim West|Ulm Hbf|Geislingen(Steige)|Göppingen,Esslingen(Neckar)|Stuttgart Hbf,,,31.0,31.0
5253752513274739814-2608241848-13,19166,2608241928,2608241934,1,,ARV,MEX16,Geislingen(Steige)|Geislingen(Steige)West|Kuchen|Gingen(Fils)|Süßen|Salach|Eislingen(Fils)|Göppingen|Faurndau|Uhingen|Ebersbach(Fils)|Reichenbach(Fils),8000302,Plochingen,Baden-Württemberg,Plochingen,73207,9.411294578,48.71293906,2,,,,,,,,,,,,c,c,0.0,0.0
-7621325389408103009-2608241855-11,7156,2608241923,2608241926,9,,S,S1,Stuttgart Hbf|Stuttgart-Bad Cannstatt|Stuttgart Neckarpark|Stuttgart-Untertürkheim|Stuttgart-Obertürkheim|Esslingen-Mettingen|Esslingen(Neckar)|Oberesslingen|Esslingen-Zell|Altbach,8000302,Plochingen,Baden-Württemberg,Plochingen,73207,9.411294578,48.71293906,2,2608241933,10,2608241933,10,,,,,,,,,,10.0,7.0
2955399632672402425-2608241916-7,19244,2608241946,2608241947,7,,RE,MEX12,Reutlingen Hbf|Metzingen(Württ)|Bempflingen|Nürtingen|Oberboihingen|Wendlingen(Neckar),8000302,Plochingen,Baden-Württemberg,Plochingen,73207,9.411294578,48.71293906,2,2608241946,,2608241947,,,,,,,,,,,0.0,0.0
8890019855766315038-2608241850-5,7159,2608241905,2608241907,9,,S,S1,Kirchheim(Teck)|Kirchheim(Teck)-Ötlingen|Wendlingen(Neckar)|Wernau(Neckar),8000302,Plochingen,Baden-Württemberg,Plochingen,73207,9.411294578,48.71293906,2,2608241906,,2608241907,,,,,,,,,,,1.0,0.0
-8086510943931224072-2608241900-4,19197,2608241926,2608241927,4,,ARV,MEX16,Stuttgart Hbf|Stuttgart-Bad Cannstatt|Esslingen(Neckar),8000302,Plochingen,Baden-Württemberg,Plochingen,73207,9.411294578,48.71293906,2,2608241926,,2608241927,,,,,,,,,,,0.0,0.0
471345808015335715-2608241913-13,19168,2608241955,2608241955,3,,ARV,MEX16,Geislingen(Steige)|Geislingen(Steige)West|Kuchen|Gingen(Fils)|Süßen|Salach|Eislingen(Fils)|Göppingen|Faurndau|Uhingen|Ebersbach(Fils)|Reichenbach(Fils),8000302,Plochingen,Baden-Württemberg,Plochingen,73207,9.411294578,48.71293906,2,2608241955,1,2608241955,1,,,,,,,,,,0.0,0.0
-6572211236779796534-2608241920-5,7161,2608241935,2608241937,9,,S,S1,Kirchheim(Teck)|Kirchheim(Teck)-Ötlingen|Wendlingen(Neckar)|Wernau(Neckar),8000302,Plochingen,Baden-Württemberg,Plochingen,73207,9.411294578,48.71293906,2,2608241935,,2608241937,,,,,,,,,,,0.0,0.0
-8462099243086557188-2608241920-3,19331,2608241942,,9,,RE,,Kornwestheim Pbf|Esslingen(Neckar),8000302,Plochingen,Baden-Württemberg,Plochingen,73207,9.411294578,48.71293906,2,2608241948,3,,,c,,,,,,,,,6.0,0.0
823528371556953103-2608241937-3,4231,2608241953,2608241955,4,,RE,RE5,Stuttgart Hbf|Esslingen(Neckar),8000302,Plochingen,Baden-Württemberg,Plochingen,73207,9.411294578,48.71293906,2,2608241957,,2608241958,,,,,,,,,,,4.0,3.0
3675379070280033065-2608241842-4,19165,2608241900,2608241900,6,,ARV,MEX16,Stuttgart Hbf|Stuttgart-Bad Cannstatt|Esslingen(Neckar),8000302,Plochingen,Baden-Württemberg,Plochingen,73207,9.411294578,48.71293906,2,2608241903,4,2608241904,4,,,,,,,,,,3.0,4.0
6772228088550316376-2608241851-4,19239,2608241911,2608241912,9,,RE,MEX12,Stuttgart Hbf|Stuttgart-Bad Cannstatt|Esslingen(Neckar),8000302,Plochingen,Baden-Württemberg,Plochingen,73207,9.411294578,48.71293906,2,2608241912,,2608241913,,,,,,,,,,,1.0,1.0
9199027665325036583-2608241912-1,19332,,2608241912,,,RE,MEX18,,8000302,Plochingen,Baden-Württemberg,Plochingen,73207,9.411294578,48.71293906,2,,,2608241913,,,,,,,,,,,0.0,1.0
-1558425123957504280-2608241925-11,7158,2608241953,2608241955,9,,S,S1,Stuttgart Hbf|Stuttgart-Bad Cannstatt|Stuttgart Neckarpark|Stuttgart-Untertürkheim|Stuttgart-Obertürkheim|Esslingen-Mettingen|Esslingen(Neckar)|Oberesslingen|Esslingen-Zell|Altbach,8000302,Plochingen,Baden-Württemberg,Plochingen,73207,9.411294578,48.71293906,2,2608241953,,2608241955,,,,,,,,,,,0.0,0.0
8124393015929641593-2608241847-12,7654,2608241919,2608241922,3,,S,S6,Stuttgart Hbf|Stuttgart Nordbahnhof|Stuttgart-Feuerbach|Stuttgart-Zuffenhausen|Neuwirtshaus(Porscheplatz)|Korntal|Weilimdorf|Ditzingen|Höfingen|Leonberg|Rutesheim,8000313,Renningen,Baden-Württemberg,Renningen,71272,8.932650148,48.77515509,3,2608241919,,2608241922,,,,,,,,,,,0.0,0.0
-372852547875452905-2608241904-7,7057,2608241920,2608241926,2,,S,S60,Böblingen|Sindelfingen|Maichingen|Maichingen Nord|Magstadt|Renningen Süd,8000313,Renningen,Baden-Württemberg,Renningen,71272,8.932650148,48.77515509,3,2608241922,,2608241926,,,,,,,,,,,2.0,0.0
3128900407755296936-2608241934-7,7059,2608241950,2608241956,2,,S,S60,Böblingen|Sindelfingen|Maichingen|Maichingen Nord|Magstadt|Renningen Süd,8000313,Renningen,Baden-Württemberg,Renningen,71272,8.932650148,48.77515509,3,2608241953,,2608241956,,,,,,,,,,,3.0,0.0
-2296361887691329517-2608241917-12,7656,2608241949,2608241952,3,,S,S6,Stuttgart Hbf|Stuttgart Nordbahnhof|Stuttgart-Feuerbach|Stuttgart-Zuffenhausen|Neuwirtshaus(Porscheplatz)|Korntal|Weilimdorf|Ditzingen|Höfingen|Leonberg|Rutesheim,8000313,Renningen,Baden-Württemberg,Renningen,71272,8.932650148,48.77515509,3,2608241951,,2608241952,,,,,,,,,,,2.0,0.0
-1986872159209865397-2608241908-10,7060,2608241934,2608241939,3,,S,S60,Stuttgart-Feuerbach|Stuttgart-Zuffenhausen|Neuwirtshaus(Porscheplatz)|Korntal|Weilimdorf|Ditzingen|Höfingen|Leonberg|Rutesheim,8000313,Renningen,Baden-Württemberg,Renningen,71272,8.932650148,48.77515509,3,2608241935,,2608241939,,,,,,,,,,,1.0,0.0
-2362055098907975015-2608241903-3,7659,2608241907,2608241911,2,,S,S6,Weil der Stadt|Malmsheim,8000313,Renningen,Baden-Württemberg,Renningen,71272,8.932650148,48.77515509,3,2608241908,,2608241911,,,,,,,,,,,1.0,0.0
-7461252280383009819-2608241933-3,7661,2608241937,2608241941,2,,S,S6,Weil der Stadt|Malmsheim,8000313,Renningen,Baden-Württemberg,Renningen,71272,8.932650148,48.77515509,3,2608241938,,2608241941,,,,,,,,,,,1.0,0.0
1999917199815931661-2608241838-10,7058,2608241904,2608241909,3,,S,S60,Stuttgart-Feuerbach|Stuttgart-Zuffenhausen|Neuwirtshaus(Porscheplatz)|Korntal|Weilimdorf|Ditzingen|Höfingen|Leonberg|Rutesheim,8000313,Renningen,Baden-Württemberg,Renningen,71272,8.932650148,48.77515509,3,2608241905,,2608241910,,,,,,,,,,,1.0,1.0
3964899678421724550-2608241926-6,26179,2608241948,,4,,SWE,,Calw|Calw-Heumaden|Althengstett|Ostelsheim|Weil der Stadt,8000313,Renningen,Baden-Württemberg,Renningen,71272,8.932650148,48.77515509,3,2608242005,,,,h,1,Störung,,,,,,,17.0,0.0
5807496118620218109-2608241850-7,7254,2608241907,2608241907,1,,S,S2,Stuttgart Hbf|Stuttgart-Bad Cannstatt|Stuttgart Nürnberger Str.|Stuttgart-Sommerrain|Fellbach|Waiblingen,8005157,Rommelshausen,Baden-Württemberg,Kernen,71394,9.319175885,48.81552017,4,2608241907,,2608241907,,,,,,,,,,,0.0,0.0
-3278481612433611047-2608241933-9,7261,2608241951,2608241952,2,,S,S2,Schorndorf|Weiler(Rems)|Winterbach(b Schorndorf)|Geradstetten|Grunbach|Beutelsbach|Endersbach|Stetten-Beinstein,8005157,Rommelshausen,Baden-Württemberg,Kernen,71394,9.319175885,48.81552017,4,2608241951,,2608241952,,,,,,,,,,,0.0,0.0
1183252318301173457-2608241903-9,7259,2608241921,2608241922,2,,S,S2,Schorndorf|Weiler(Rems)|Winterbach(b Schorndorf)|Geradstetten|Grunbach|Beutelsbach|Endersbach|Stetten-Beinstein,8005157,Rommelshausen,Baden-Württemberg,Kernen,71394,9.319175885,48.81552017,4,2608241921,,2608241922,,,,,,,,,,,0.0,0.0
-7422643584363790684-2608241920-7,7256,2608241937,2608241937,1,,S,S2,Stuttgart Hbf|Stuttgart-Bad Cannstatt|Stuttgart Nürnberger Str.|Stuttgart-Sommerrain|Fellbach|Waiblingen,8005157,Rommelshausen,Baden-Württemberg,Kernen,71394,9.319175885,48.81552017,4,2608241939,,2608241940,,,,,,,,,,,2.0,3.0
8124393015929641593-2608241847-11,7654,2608241916,2608241916,2,,S,S6,Stuttgart Hbf|Stuttgart Nordbahnhof|Stuttgart-Feuerbach|Stuttgart-Zuffenhausen|Neuwirtshaus(Porscheplatz)|Korntal|Weilimdorf|Ditzingen|Höfingen|Leonberg,8005236,Rutesheim,Baden-Württemberg,Leonberg,71229,8.960325242,48.79031093,5,2608241916,,2608241917,,,,,,,,,,,0.0,1.0
-372852547875452905-2608241904-8,7057,2608241928,2608241929,1,,S,S60,Böblingen|Sindelfingen|Maichingen|Maichingen Nord|Magstadt|Renningen Süd|Renningen,8005236,Rutesheim,Baden-Württemberg,Leonberg,71229,8.960325242,48.79031093,5,2608241928,,2608241929,,,,,,,,,,,0.0,0.0
3128900407755296936-2608241934-8,7059,2608241958,2608241959,1,,S,S60,Böblingen|Sindelfingen|Maichingen|Maichingen Nord|Magstadt|Renningen Süd|Renningen,8005236,Rutesheim,Baden-Württemberg,Leonberg,71229,8.960325242,48.79031093,5,2608241959,,2608242000,,,,,,,,,,,1.0,1.0
-2296361887691329517-2608241917-11,7656,2608241946,2608241946,2,,S,S6,Stuttgart Hbf|Stuttgart Nordbahnhof|Stuttgart-Feuerbach|Stuttgart-Zuffenhausen|Neuwirtshaus(Porscheplatz)|Korntal|Weilimdorf|Ditzingen|Höfingen|Leonberg,8005236,Rutesheim,Baden-Württemberg,Leonberg,71229,8.960325242,48.79031093,5,2608241948,,2608241949,,,,,,,,,,,2.0,3.0
-1986872159209865397-2608241908-9,7060,2608241931,2608241931,2,,S,S60,Stuttgart-Feuerbach|Stuttgart-Zuffenhausen|Neuwirtshaus(Porscheplatz)|Korntal|Weilimdorf|Ditzingen|Höfingen|Leonberg,8005236,Rutesheim,Baden-Württemberg,Leonberg,71229,8.960325242,48.79031093,5,2608241931,,2608241932,,,,,,,,,,,0.0,1.0
-2362055098907975015-2608241903-4,7659,2608241913,2608241914,1,,S,S6,Weil der Stadt|Malmsheim|Renningen,8005236,Rutesheim,Baden-Württemberg,Leonberg,71229,8.960325242,48.79031093,5,2608241913,,2608241914,,,,,,,,,,,0.0,0.0
-7461252280383009819-2608241933-4,7661,2608241943,2608241944,1,,S,S6,Weil der Stadt|Malmsheim|Renningen,8005236,Rutesheim,Baden-Württemberg,Leonberg,71229,8.960325242,48.79031093,5,2608241943,,2608241944,,,,,,,,,,,0.0,0.0
1999917199815931661-2608241838-9,7058,2608241901,2608241901,2,,S,S60,Stuttgart-Feuerbach|Stuttgart-Zuffenhausen|Neuwirtshaus(Porscheplatz)|Korntal|Weilimdorf|Ditzingen|Höfingen|Leonberg,8005236,Rutesheim,Baden-Württemberg,Leonberg,71229,8.960325242,48.79031093,5,2608241902,,2608241903,,,,,,,,,,,1.0,2.0
-5666972343065898100-2608241806-7,19683,2608241928,2608241929,2,,ARV,RE1,Karlsruhe Hbf|Karlsruhe-Durlach|Pforzheim Hbf|Mühlacker|Vaihingen(Enz)|Stuttgart Hbf,8005424,Schorndorf,Baden-Württemberg,Schorndorf,73614,9.525686251,48.80693898,3,2608241929,,2608241929,,,,,,,,,,,1.0,0.0
5807496118620218109-2608241850-15,7254,2608241925,,14,,S,,Stuttgart Hbf|Stuttgart-Bad Cannstatt|Stuttgart Nürnberger Str.|Stuttgart-Sommerrain|Fellbach|Waiblingen|Rommelshausen|Stetten-Beinstein|Endersbach|Beutelsbach|Grunbach|Geradstetten|Winterbach(b Schorndorf)|Weiler(Rems),8005424,Schorndorf,Baden-Württemberg,Schorndorf,73614,9.525686251,48.80693898,3,2608241924,,,,,,,,,,,,,-1.0,0.0
-3278481612433611047-2608241933-1,7261,,2608241933,,,S,S2,,8005424,Schorndorf,Baden-Württemberg,Schorndorf,73614,9.525686251,48.80693898,3,,,2608241933,,,,,,,,,,,0.0,0.0
-6751654647568991594-2608241752-17,19482,2608241913,2608241914,3,,ARV,MEX13,Crailsheim|Jagstzell|Ellwangen|Schrezheim|Schwabsberg|Goldshöfe|Hofen(b Aalen)|Wasseralfingen|Aalen Hbf|Mögglingen(Gmünd)|Böbingen(Rems)|Schwäbisch Gmünd|Lorch(Württ)|Waldhausen(b Schorndorf)|Plüderhausen|Urbach(b Schorndorf),8005424,Schorndorf,Baden-Württemberg,Schorndorf,73614,9.525686251,48.80693898,3,2608241914,,2608241916,,,,,,,,,,,1.0,2.0
1183252318301173457-2608241903-1,7259,,2608241903,,,S,S2,,8005424,Schorndorf,Baden-Württemberg,Schorndorf,73614,9.525686251,48.80693898,3,,,2608241903,,,,,,,,,,,0.0,0.0
-1439359717796706481-2608241907-9,19434,2608241943,2608241944,3,,ARV,MEX13,Aalen Hbf|Mögglingen(Gmünd)|Böbingen(Rems)|Schwäbisch Gmünd|Lorch(Württ)|Waldhausen(b Schorndorf)|Plüderhausen|Urbach(b Schorndorf),8005424,Schorndorf,Baden-Württemberg,Schorndorf,73614,9.525686251,48.80693898,3,2608241943,,2608241944,,,,,,,,,c,c,0.0,0.0
-7422643584363790684-2608241920-15,7256,2608241955,,1,,S,,Stuttgart Hbf|Stuttgart-Bad Cannstatt|Stuttgart Nürnberger Str.|Stuttgart-Sommerrain|Fellbach|Waiblingen|Rommelshausen|Stetten-Beinstein|Endersbach|Beutelsbach|Grunbach|Geradstetten|Winterbach(b Schorndorf)|Weiler(Rems),8005424,Schorndorf,Baden-Württemberg,Schorndorf,73614,9.525686251,48.80693898,3,2608241956,,,,,,,,,,,,,1.0,0.0
-1077044607081714772-2608241915-4,19481,2608241943,2608241944,2,,ARV,MEX13,Stuttgart Hbf|Stuttgart-Bad Cannstatt|Waiblingen,8005424,Schorndorf,Baden-Württemberg,Schorndorf,73614,9.525686251,48.80693898,3,2608241944,,2608241945,,,,,,,,,,,1.0,1.0
-3899663222005632832-2608241846-4,19429,2608241913,2608241914,2,,ARV,MEX13,Stuttgart Hbf|Stuttgart-Bad Cannstatt|Waiblingen,8005424,Schorndorf,Baden-Württemberg,Schorndorf,73614,9.525686251,48.80693898,3,2608241913,,2608241914,,,,,,,,,,,0.0,0.0
7891754352984498965-2608241912-8,7356,2608241936,2608241936,2,,S,S3,Stuttgart Hbf|Stuttgart-Bad Cannstatt|Stuttgart Nürnberger Str.|Stuttgart-Sommerrain|Fellbach|Waiblingen|Neustadt-Hohenacker,8005454,Schwaikheim,Baden-Württemberg,Schwaikheim,71409,9.354747358,48.86832665,4,2608241939,,2608241940,,,,,,,,,,,3.0,4.0
3135614053194829594-2608241911-5,7359,2608241922,2608241923,1,,S,S3,Backnang|Maubach|Nellmersbach|Winnenden,8005454,Schwaikheim,Baden-Württemberg,Schwaikheim,71409,9.354747358,48.86832665,4,2608241925,,2608241926,,,,,,,,,,,3.0,3.0
-6212403965013446492-2608241941-5,7361,2608241952,2608241953,1,,S,S3,Backnang|Maubach|Nellmersbach|Winnenden,8005454,Schwaikheim,Baden-Württemberg,Schwaikheim,71409,9.354747358,48.86832665,4,2608241957,,2608241958,,,,,,,,,,,5.0,5.0
-8665436956296760567-2608241842-8,7354,2608241906,2608241906,2,,S,S3,Stuttgart Hbf|Stuttgart-Bad Cannstatt|Stuttgart Nürnberger Str.|Stuttgart-Sommerrain|Fellbach|Waiblingen|Neustadt-Hohenacker,8005454,Schwaikheim,Baden-Württemberg,Schwaikheim,71409,9.354747358,48.86832665,4,2608241906,,2608241907,,,,,,,,,,,0.0,1.0
-372852547875452905-2608241904-2,7057,2608241906,2608241907,1,,S,S60,Böblingen,8005574,Sindelfingen,Baden-Württemberg,Sindelfingen,71063,8.999262079,48.70387346,6,2608241907,,2608241907,,,,,,,,,,,1.0,0.0
3128900407755296936-2608241934-2,7059,2608241936,2608241937,1,,S,S60,Böblingen,8005574,Sindelfingen,Baden-Württemberg,Sindelfingen,71063,8.999262079,48.70387346,6,2608241938,,2608241939,,,,,,,,,,,2.0,2.0
-1986872159209865397-2608241908-15,7060,2608241952,2608241953,1,,S,S60,Stuttgart-Feuerbach|Stuttgart-Zuffenhausen|Neuwirtshaus(Porscheplatz)|Korntal|Weilimdorf|Ditzingen|Höfingen|Leonberg|Rutesheim|Renningen|Renningen Süd|Magstadt|Maichingen Nord|Maichingen,8005574,Sindelfingen,Baden-Württemberg,Sindelfingen,71063,8.999262079,48.70387346,6,2608241953,,2608241953,,,,,,,,,,,1.0,0.0
1999917199815931661-2608241838-15,7058,2608241922,2608241923,1,,S,S60,Stuttgart-Feuerbach|Stuttgart-Zuffenhausen|Neuwirtshaus(Porscheplatz)|Korntal|Weilimdorf|Ditzingen|Höfingen|Leonberg|Rutesheim|Renningen|Renningen Süd|Magstadt|Maichingen Nord|Maichingen,8005574,Sindelfingen,Baden-Württemberg,Sindelfingen,71063,8.999262079,48.70387346,6,2608241923,,2608241924,,,,,,,,,,,1.0,1.0
5807496118620218109-2608241850-8,7254,2608241909,2608241909,1,,S,S2,Stuttgart Hbf|Stuttgart-Bad Cannstatt|Stuttgart Nürnberger Str.|Stuttgart-Sommerrain|Fellbach|Waiblingen|Rommelshausen,8005726,Stetten-Beinstein,Baden-Württemberg,Weinstadt,71384,9.352769725,48.81199601,5,2608241909,,2608241909,,,,,,,,,,,0.0,0.0
-3278481612433611047-2608241933-8,7261,2608241949,2608241949,2,,S,S2,Schorndorf|Weiler(Rems)|Winterbach(b Schorndorf)|Geradstetten|Grunbach|Beutelsbach|Endersbach,8005726,Stetten-Beinstein,Baden-Württemberg,Weinstadt,71384,9.352769725,48.81199601,5,2608241949,,2608241949,,,,,,,,,,,0.0,0.0
1183252318301173457-2608241903-8,7259,2608241919,2608241919,2,,S,S2,Schorndorf|Weiler(Rems)|Winterbach(b Schorndorf)|Geradstetten|Grunbach|Beutelsbach|Endersbach,8005726,Stetten-Beinstein,Baden-Württemberg,Weinstadt,71384,9.352769725,48.81199601,5,2608241919,,2608241919,,,,,,,,,,,0.0,0.0
-7422643584363790684-2608241920-8,7256,2608241939,2608241939,1,,S,S2,Stuttgart Hbf|Stuttgart-Bad Cannstatt|Stuttgart Nürnberger Str.|Stuttgart-Sommerrain|Fellbach|Waiblingen|Rommelshausen,8005726,Stetten-Beinstein,Baden-Württemberg,Weinstadt,71384,9.352769725,48.81199601,5,2608241942,,2608241942,,,,,,,,,,,3.0,3.0
465087425734758010-2608241833-14,7457,2608241925,,1,,S,,Backnang|Burgstall(Murr)|Kirchberg(Murr)|Erdmannhausen|Marbach(Neckar)|Benningen(Neckar)|Freiberg(Neckar)|Favoritepark|Ludwigsburg|Kornwestheim Pbf|Stuttgart-Zuffenhausen|Stuttgart-Feuerbach|Stuttgart Nordbahnhof,8000096,Stuttgart Hbf,Baden-Württemberg,Stuttgart,70173,9.183172973,48.78473069,1,2608241927,,,,,,,,,,,,,2.0,0.0
-8730146202823669430-2608241703-14,4238,2608241920,,11,,RE,,Friedrichshafen Stadt|Löwental|Meckenbeuren|Ravensburg|Aulendorf|Bad Schussenried|Biberach(Riß)|Laupheim West|Ulm Hbf|Geislingen(Steige)|Göppingen|Plochingen|Esslingen(Neckar),8000096,Stuttgart Hbf,Baden-Württemberg,Stuttgart,70173,9.183172973,48.78473069,1,2608241954,12,,,,,,,,Friedrichshafen Stadt|Löwental|Meckenbeuren|Ravensburg|Aulendorf|Bad Schussenried|Biberach(Riß)|Laupheim West|Ulm Hbf|Geislingen(Steige)|Göppingen|Plochingen|Esslingen(Neckar),,,,34.0,0.0
-8339144586973292546-2608241955-1,7160,,2608241955,,,S,S1,,8000096,Stuttgart Hbf,Baden-Württemberg,Stuttgart,70173,9.183172973,48.78473069,1,,,2608241955,,,,,,,,,,,0.0,0.0
-7141477819000954134-2608241740-4,2066,2608241953,2608241959,11,,IC,,Nürnberg Hbf|Ansbach|Aalen Hbf,8000096,Stuttgart Hbf,Baden-Württemberg,Stuttgart,70173,9.183172973,48.78473069,1,2608242009,,2608242016,,c,,,,,,,,,16.0,17.0
-5161436672487901677-2608241637-7,184,2608241932,,5,,IC,,Zürich HB|Schaffhausen|Singen(Hohentwiel)|Tuttlingen|Rottweil|Horb,8000096,Stuttgart Hbf,Baden-Württemberg,Stuttgart,70173,9.183172973,48.78473069,1,2608241932,,,,h,1,Störung,,,,,c,,0.0,0.0
-8727928698848828557-2608241953-1,17553,,2608241953,,,RE,MEX90,,8000096,Stuttgart Hbf,Baden-Württemberg,Stuttgart,70173,9.183172973,48.78473069,1,,,2608241959,11,,,,,,,,,,0.0,6.0
-9156798996548396246-2608241901-1,28495,,2608241901,,,RE,RESB,,8000096,Stuttgart Hbf,Baden-Württemberg,Stuttgart,70173,9.183172973,48.78473069,1,,,2608241904,,,,,,,,,,,0.0,3.0
-5956983835443587833-2608241947-1,19431,,2608241947,,,ARV,MEX13,,8000096,Stuttgart Hbf,Baden-Württemberg,Stuttgart,70173,9.183172973,48.78473069,1,,,2608241948,,,,,,,,,,,0.0,1.0
7891754352984498965-2608241912-1,7356,,2608241912,,,S,S3,,8000096,Stuttgart Hbf,Baden-Württemberg,Stuttgart,70173,9.183172973,48.78473069,1,,,2608241918,,,,,,,,,,,0.0,6.0
-9006302563846053238-2608241933-3,28494,2608241955,,5,,RE,,Böblingen|Stuttgart-Vaihingen,8000096,Stuttgart Hbf,Baden-Württemberg,Stuttgart,70173,9.183172973,48.78473069,1,2608241957,,,,,,,,,,,,,2.0,0.0
-5666972343065898100-2608241806-6,19683,2608241859,2608241906,15,,ARV,RE1,Karlsruhe Hbf|Karlsruhe-Durlach|Pforzheim Hbf|Mühlacker|Vaihingen(Enz),8000096,Stuttgart Hbf,Baden-Württemberg,Stuttgart,70173,9.183172973,48.78473069,1,2608241905,,2608241909,,,,,,,,,,,6.0,3.0
3135614053194829594-2608241911-12,7359,2608241947,,4,,S,,Backnang|Maubach|Nellmersbach|Winnenden|Schwaikheim|Neustadt-Hohenacker|Waiblingen|Fellbach|Stuttgart-Sommerrain|Stuttgart Nürnberger Str.|Stuttgart-Bad Cannstatt,8000096,Stuttgart Hbf,Baden-Württemberg,Stuttgart,70173,9.183172973,48.78473069,1,2608241947,,,,,,,,,,,,,0.0,0.0
5253752513274739814-2608241848-16,19166,2608241950,,12,,ARV,,Geislingen(Steige)|Geislingen(Steige)West|Kuchen|Gingen(Fils)|Süßen|Salach|Eislingen(Fils)|Göppingen|Faurndau|Uhingen|Ebersbach(Fils)|Reichenbach(Fils)|Plochingen|Esslingen(Neckar)|Stuttgart-Bad Cannstatt,8000096,Stuttgart Hbf,Baden-Württemberg,Stuttgart,70173,9.183172973,48.78473069,1,,,,,,,,,,,,c,,0.0,0.0
-8025183112725946697-2608241942-1,7358,,2608241942,,,S,S3,,8000096,Stuttgart Hbf,Baden-Württemberg,Stuttgart,70173,9.183172973,48.78473069,1,,,2608241942,,,,,,,,,,,0.0,0.0
8752806059694385566-2608241950-1,7258,,2608241950,,,S,S2,,8000096,Stuttgart Hbf,Baden-Württemberg,Stuttgart,70173,9.183172973,48.78473069,1,,,2608241950,,,,,,,,,,,0.0,0.0
-6751654647568991594-2608241752-20,19482,2608241939,,14,,ARV,,Crailsheim|Jagstzell|Ellwangen|Schrezheim|Schwabsberg|Goldshöfe|Hofen(b Aalen)|Wasseralfingen|Aalen Hbf|Mögglingen(Gmünd)|Böbingen(Rems)|Schwäbisch Gmünd|Lorch(Württ)|Waldhausen(b Schorndorf)|Plüderhausen|Urbach(b Schorndorf)|Schorndorf|Waiblingen|Stuttgart-Bad Cannstatt,8000096,Stuttgart Hbf,Baden-Württemberg,Stuttgart,70173,9.183172973,48.78473069,1,2608241942,,,,,,,,,,,,,3.0,0.0
1183252318301173457-2608241903-15,7259,2608241940,,3,,S,,Schorndorf|Weiler(Rems)|Winterbach(b Schorndorf)|Geradstetten|Grunbach|Beutelsbach|Endersbach|Stetten-Beinstein|Rommelshausen|Waiblingen|Fellbach|Stuttgart-Sommerrain|Stuttgart Nürnberger Str.|Stuttgart-Bad Cannstatt,8000096,Stuttgart Hbf,Baden-Württemberg,Stuttgart,70173,9.183172973,48.78473069,1,2608241940,,,,,,,,,,,,,0.0,0.0
1429301461184468535-2608241833-15,7257,2608241910,,3,,S,,Schorndorf|Weiler(Rems)|Winterbach(b Schorndorf)|Geradstetten|Grunbach|Beutelsbach|Endersbach|Stetten-Beinstein|Rommelshausen|Waiblingen|Fellbach|Stuttgart-Sommerrain|Stuttgart Nürnberger Str.|Stuttgart-Bad Cannstatt,8000096,Stuttgart Hbf,Baden-Württemberg,Stuttgart,70173,9.183172973,48.78473069,1,2608241914,,,,,,,,,,,,,4.0,0.0
8522387556149699857-2608241916-1,50389,,2608241916,,,RE,IC87,,8000096,Stuttgart Hbf,Baden-Württemberg,Stuttgart,70173,9.183172973,48.78473069,1,,,2608242036,,,,,,,,Herrenberg|Gäufelden|Bondorf(b Herrenberg)|Horb|Sulz(Neckar)|Oberndorf(Neckar)|Rottweil|Spaichingen|Tuttlingen|Engen|Singen(Hohentwiel),,c,0.0,80.0
789883459373931925-2608241916-6,7559,2608241935,,2,,S,,Ludwigsburg|Kornwestheim Pbf|Stuttgart-Zuffenhausen|Stuttgart-Feuerbach|Stuttgart Nordbahnhof,8000096,Stuttgart Hbf,Baden-Württemberg,Stuttgart,70173,9.183172973,48.78473069,1,2608241935,,,,,,,,,,,,,0.0,0.0
1284839978881194831-2608241846-6,7557,2608241905,,1,,S,,Ludwigsburg|Kornwestheim Pbf|Stuttgart-Zuffenhausen|Stuttgart-Feuerbach|Stuttgart Nordbahnhof,8000096,Stuttgart Hbf,Baden-Württemberg,Stuttgart,70173,9.183172973,48.78473069,1,2608241905,,,,,,,,,,,,,0.0,0.0
9144716824704701089-2608241638-20,88620,2608241902,,11,,ARV,,Nürnberg Hbf|Roßtal|Heilsbronn|Wicklesgreuth|Ansbach|Leutershausen-Wiedersbach|Dombühl|Schnelldorf|Crailsheim|Eckartshausen-Ilshofen|Schwäbisch Hall-Hessental|Gaildorf West|Murrhardt|Sulzbach(Murr)|Oppenweiler(Württ)|Backnang|Winnenden|Waiblingen|Stuttgart-Bad Cannstatt,8000096,Stuttgart Hbf,Baden-Württemberg,Stuttgart,70173,9.183172973,48.78473069,1,2608241925,,,,,,,,,,,,,23.0,0.0
1856255482499479272-2608241927-1,7558,,2608241927,,,S,S5,,8000096,Stuttgart Hbf,Baden-Württemberg,Stuttgart,70173,9.183172973,48.78473069,1,,,2608241927,,,,,,,,,,,0.0,0.0
-2296361887691329517-2608241917-1,7656,,2608241917,,,S,S6,,8000096,Stuttgart Hbf,Baden-Württemberg,Stuttgart,70173,9.183172973,48.78473069,1,,,2608241920,,,,,,,,,,,0.0,3.0
8890019855766315038-2608241850-15,7159,2608241935,,4,,S,,Kirchheim(Teck)|Kirchheim(Teck)-Ötlingen|Wendlingen(Neckar)|Wernau(Neckar)|Plochingen|Altbach|Esslingen-Zell|Oberesslingen|Esslingen(Neckar)|Esslingen-Mettingen|Stuttgart-Obertürkheim|Stuttgart-Untertürkheim|Stuttgart Neckarpark|Stuttgart-Bad Cannstatt,8000096,Stuttgart Hbf,Baden-Württemberg,Stuttgart,70173,9.183172973,48.78473069,1,2608241935,,,,,,,,,,,,,0.0,0.0
-1267321740504325492-2608241937-1,7456,,2608241937,,,S,S4,,8000096,Stuttgart Hbf,Baden-Württemberg,Stuttgart,70173,9.183172973,48.78473069,1,,,2608241940,,,,,,,,,,,0.0,3.0
-1350780593772268701-2608241947-1,7658,,2608241947,,,S,S6,,8000096,Stuttgart Hbf,Baden-Württemberg,Stuttgart,70173,9.183172973,48.78473069,1,,,2608241947,,,,,,,,,,,0.0,0.0
5899829411297351806-2608241950-1,19241,,2608241950,,,RE,MEX12,,8000096,Stuttgart Hbf,Baden-Württemberg,Stuttgart,70173,9.183172973,48.78473069,1,,,2608241951,12,h,2,Störung,,,,,,,0.0,1.0
-7422643584363790684-2608241920-1,7256,,2608241920,,,S,S2,,8000096,Stuttgart Hbf,Baden-Württemberg,Stuttgart,70173,9.183172973,48.78473069,1,,,2608241922,,,,,,,,,,,0.0,2.0
5099887882214848287-2608241133-14,2591,2608241911,2608241917,15,,ICE,,Hamburg Hbf|Büchen|Ludwigslust|Wittenberge|Berlin Hbf|Berlin Südkreuz|Lutherstadt Wittenberg Hbf|Leipzig Hbf|Erfurt Hbf|Eisenach Hbf|Fulda|Frankfurt(Main)Hbf|Mannheim Hbf,8000096,Stuttgart Hbf,Baden-Württemberg,Stuttgart,70173,9.183172973,48.78473069,1,2608242020,,2608242026,,c,,,,,Hamburg Hbf|Büchen|Ludwigslust|Wittenberge|Berlin Hbf|Berlin Südkreuz|Lutherstadt Wittenberg Hbf|Leipzig Hbf|Erfurt Hbf|Eisenach Hbf|Fulda|Frankfurt(Main)Hbf|Mannheim Hbf,Ulm Hbf|Augsburg Hbf|München-Pasing|München Hbf,,,69.0,69.0
-2362055098907975015-2608241903-14,7659,2608241945,,1,,S,,Weil der Stadt|Malmsheim|Renningen|Rutesheim|Leonberg|Höfingen|Ditzingen|Weilimdorf|Korntal|Neuwirtshaus(Porscheplatz)|Stuttgart-Zuffenhausen|Stuttgart-Feuerbach|Stuttgart Nordbahnhof,8000096,Stuttgart Hbf,Baden-Württemberg,Stuttgart,70173,9.183172973,48.78473069,1,2608241947,,,,,,,,,,,,,2.0,0.0
-5526353379898780614-2608241816-16,19164,2608241916,,12,,ARV,,Geislingen(Steige)|Geislingen(Steige)West|Kuchen|Gingen(Fils)|Süßen|Salach|Eislingen(Fils)|Göppingen|Faurndau|Uhingen|Ebersbach(Fils)|Reichenbach(Fils)|Plochingen|Esslingen(Neckar)|Stuttgart-Bad Cannstatt,8000096,Stuttgart Hbf,Baden-Württemberg,Stuttgart,70173,9.183172973,48.78473069,1,2608241928,13,,,,,,,,,,,,12.0,0.0
-6241446741912760601-2608241802-12,17672,2608241942,,6,,RE,,Rottweil|Oberndorf(Neckar)|Sulz(Neckar)|Horb|Eutingen im Gäu|Ergenzingen|Bondorf(b Herrenberg)|Gäufelden|Herrenberg|Böblingen|Stuttgart-Vaihingen,8000096,Stuttgart Hbf,Baden-Württemberg,Stuttgart,70173,9.183172973,48.78473069,1,2608241943,,,,h,1,Störung,,,,,,,1.0,0.0
5238051817368153971-2608241841-12,7357,2608241917,,4,,S,,Backnang|Maubach|Nellmersbach|Winnenden|Schwaikheim|Neustadt-Hohenacker|Waiblingen|Fellbach|Stuttgart-Sommerrain|Stuttgart Nürnberger Str.|Stuttgart-Bad Cannstatt,8000096,Stuttgart Hbf,Baden-Württemberg,Stuttgart,70173,9.183172973,48.78473069,1,2608241923,,,,,,,,,,,,,6.0,0.0
-8086510943931224072-2608241900-1,19197,,2608241900,,,ARV,MEX16,,8000096,Stuttgart Hbf,Baden-Württemberg,Stuttgart,70173,9.183172973,48.78473069,1,,,2608241906,,,,,,,,,,,0.0,6.0
-5999987302908863714-2608241903-14,7459,2608241955,,2,,S,,Backnang|Burgstall(Murr)|Kirchberg(Murr)|Erdmannhausen|Marbach(Neckar)|Benningen(Neckar)|Freiberg(Neckar)|Favoritepark|Ludwigsburg|Kornwestheim Pbf|Stuttgart-Zuffenhausen|Stuttgart-Feuerbach|Stuttgart Nordbahnhof,8000096,Stuttgart Hbf,Baden-Württemberg,Stuttgart,70173,9.183172973,48.78473069,1,2608241955,,,,,,,,,,,,,0.0,0.0
-2105870165284876408-2608241816-10,19242,2608241913,,9,,RE,,Reutlingen Hbf|Metzingen(Württ)|Bempflingen|Nürtingen|Oberboihingen|Wendlingen(Neckar)|Plochingen|Esslingen(Neckar)|Stuttgart-Bad Cannstatt,8000096,Stuttgart Hbf,Baden-Württemberg,Stuttgart,70173,9.183172973,48.78473069,1,2608241916,12,,,h,2,Störung,,,,,,,3.0,0.0
-5517293294077476489-2608241940-1,19169,,2608241940,,,ARV,MEX16,,8000096,Stuttgart Hbf,Baden-Württemberg,Stuttgart,70173,9.183172973,48.78473069,1,,,,,,,,,,,,,p,0.0,0.0
7560393394993320684-2608241815-12,17556,2608241932,,13,,RB,,Schwäbisch Hall-Hessental|Gaildorf West|Fichtenberg|Fornsbach|Murrhardt|Sulzbach(Murr)|Oppenweiler(Württ)|Backnang|Winnenden|Waiblingen|Stuttgart-Bad Cannstatt,8000096,Stuttgart Hbf,Baden-Württemberg,Stuttgart,70173,9.183172973,48.78473069,1,2608241937,11,,,,,,,,,,,,5.0,0.0
-6944323459733799687-2608241807-12,19432,2608241909,,14,,ARV,,Aalen Hbf|Mögglingen(Gmünd)|Böbingen(Rems)|Schwäbisch Gmünd|Lorch(Württ)|Waldhausen(b Schorndorf)|Plüderhausen|Urbach(b Schorndorf)|Schorndorf|Waiblingen|Stuttgart-Bad Cannstatt,8000096,Stuttgart Hbf,Baden-Württemberg,Stuttgart,70173,9.183172973,48.78473069,1,2608241911,,,,,,,,,,,,,2.0,0.0
6230552686564451233-2608241833-14,7657,2608241915,,2,,S,,Weil der Stadt|Malmsheim|Renningen|Rutesheim|Leonberg|Höfingen|Ditzingen|Weilimdorf|Korntal|Neuwirtshaus(Porscheplatz)|Stuttgart-Zuffenhausen|Stuttgart-Feuerbach|Stuttgart Nordbahnhof,8000096,Stuttgart Hbf,Baden-Württemberg,Stuttgart,70173,9.183172973,48.78473069,1,2608241919,,,,,,,,,,,,,4.0,0.0
5766622389415138721-2608241813-17,17674,2608241942,,6,,RE,,Freudenstadt Hbf|Grüntal-Wittlensweiler|Dornstetten-Aach|Dornstetten|Schopfloch(b Freudenstadt)|Bittelbronn|Horb-Heiligenfeld|Hochdorf(b Horb)|Eutingen Nord|Eutingen im Gäu|Ergenzingen|Bondorf(b Herrenberg)|Gäufelden|Herrenberg|Böblingen|Stuttgart-Vaihingen,8000096,Stuttgart Hbf,Baden-Württemberg,Stuttgart,70173,9.183172973,48.78473069,1,2608241942,,,,h,1,Störung,,,,,,,0.0,0.0
-4384940379958233889-2608241820-15,7157,2608241905,,4,,S,,Kirchheim(Teck)|Kirchheim(Teck)-Ötlingen|Wendlingen(Neckar)|Wernau(Neckar)|Plochingen|Altbach|Esslingen-Zell|Oberesslingen|Esslingen(Neckar)|Esslingen-Mettingen|Stuttgart-Obertürkheim|Stuttgart-Untertürkheim|Stuttgart Neckarpark|Stuttgart-Bad Cannstatt,8000096,Stuttgart Hbf,Baden-Württemberg,Stuttgart,70173,9.183172973,48.78473069,1,2608241910,,,,,,,,,,,,,5.0,0.0
-1077044607081714772-2608241915-1,19481,,2608241915,,,ARV,MEX13,,8000096,Stuttgart Hbf,Baden-Württemberg,Stuttgart,70173,9.183172973,48.78473069,1,,,2608241918,,,,,,,,,,,0.0,3.0
823528371556953103-2608241937-1,4231,,2608241937,,,RE,RE5,,8000096,Stuttgart Hbf,Baden-Württemberg,Stuttgart,70173,9.183172973,48.78473069,1,,,2608241938,,,,,,,,,,,0.0,1.0
-8615067835650990474-2608241736-5,50184,2608241932,,5,,RE,,Singen(Hohentwiel)|Tuttlingen|Rottweil|Horb,8000096,Stuttgart Hbf,Baden-Württemberg,Stuttgart,70173,9.183172973,48.78473069,1,2608241932,,,,,,,,,,,c,,0.0,0.0
-5752778913722820927-2608241957-1,7560,,2608241957,,,S,S5,,8000096,Stuttgart Hbf,Baden-Württemberg,Stuttgart,70173,9.183172973,48.78473069,1,,,2608241957,,,,,,,,,,,0.0,0.0
-3714637966122188152-2608241907-1,7454,,2608241907,,,S,S4,,8000096,Stuttgart Hbf,Baden-Württemberg,Stuttgart,70173,9.183172973,48.78473069,1,,,2608241907,,,,,,,,,,,0.0,0.0
7537395545451740415-2608241728-5,512,2608241943,2608241949,9,,ICE,,München Hbf|München-Pasing|Augsburg Hbf|Ulm Hbf,8000096,Stuttgart Hbf,Baden-Württemberg,Stuttgart,70173,9.183172973,48.78473069,1,2608241941,,2608241949,,,,,,,,,,,-2.0,0.0
-8941932149309778658-2608241922-1,572,,2608241922,,,ICE,,,8000096,Stuttgart Hbf,Baden-Württemberg,Stuttgart,70173,9.183172973,48.78473069,1,,,2608241929,,,,,,,,,,,0.0,7.0
5306241366452732763-2608241916-1,389,,2608241916,,,IC,,,8000096,Stuttgart Hbf,Baden-Württemberg,Stuttgart,70173,9.183172973,48.78473069,1,,,2608242036,,h,2,Information,,,,Herrenberg|Gäufelden|Bondorf(b Herrenberg)|Horb|Sulz(Neckar)|Oberndorf(Neckar)|Rottweil|Spaichingen|Tuttlingen|Engen|Singen(Hohentwiel)|Schaffhausen|Zürich HB,,c,0.0,80.0
3654860905341796990-2608241932-1,19028,,2608241932,,,ARV,RE1,,8000096,Stuttgart Hbf,Baden-Württemberg,Stuttgart,70173,9.183172973,48.78473069,1,,,2608241933,,,,,,,,,,,0.0,1.0
-7090282038887162588-2608241926-1,17551,,2608241926,,,RB,MEX90,,8000096,Stuttgart Hbf,Baden-Württemberg,Stuttgart,70173,9.183172973,48.78473069,1,,,2608241934,,,,,,,,,,,0.0,8.0
-1558425123957504280-2608241925-1,7158,,2608241925,,,S,S1,,8000096,Stuttgart Hbf,Baden-Württemberg,Stuttgart,70173,9.183172973,48.78473069,1,,,2608241927,,,,,,,,,,,0.0,2.0
-1443720912187828789-2608241832-7,19027,2608241927,,8,,ARV,,Karlsruhe Hbf|Karlsruhe-Durlach|Wilferdingen-Singen|Pforzheim Hbf|Mühlacker|Vaihingen(Enz),8000096,Stuttgart Hbf,Baden-Württemberg,Stuttgart,70173,9.183172973,48.78473069,1,2608241927,,,,,,,,,,,,,0.0,0.0
-7621325389408103009-2608241855-3,7156,2608241902,2608241902,2,,S,S1,Stuttgart Hbf|Stuttgart-Bad Cannstatt,8006743,Stuttgart Neckarpark,Baden-Württemberg,Stuttgart,70372,9.24106855,48.79194362,4,2608241915,,2608241915,,,,,,,,,,,13.0,13.0
8890019855766315038-2608241850-13,7159,2608241927,2608241927,1,,S,S1,Kirchheim(Teck)|Kirchheim(Teck)-Ötlingen|Wendlingen(Neckar)|Wernau(Neckar)|Plochingen|Altbach|Esslingen-Zell|Oberesslingen|Esslingen(Neckar)|Esslingen-Mettingen|Stuttgart-Obertürkheim|Stuttgart-Untertürkheim,8006743,Stuttgart Neckarpark,Baden-Württemberg,Stuttgart,70372,9.24106855,48.79194362,4,2608241927,,2608241927,,,,,,,,,,,0.0,0.0
-6572211236779796534-2608241920-13,7161,2608241957,2608241957,1,,S,S1,Kirchheim(Teck)|Kirchheim(Teck)-Ötlingen|Wendlingen(Neckar)|Wernau(Neckar)|Plochingen|Altbach|Esslingen-Zell|Oberesslingen|Esslingen(Neckar)|Esslingen-Mettingen|Stuttgart-Obertürkheim|Stuttgart-Untertürkheim,8006743,Stuttgart Neckarpark,Baden-Württemberg,Stuttgart,70372,9.24106855,48.79194362,4,2608241957,,2608241957,,,,,,,,,,,0.0,0.0
-1558425123957504280-2608241925-3,7158,2608241932,2608241932,2,,S,S1,Stuttgart Hbf|Stuttgart-Bad Cannstatt,8006743,Stuttgart Neckarpark,Baden-Württemberg,Stuttgart,70372,9.24106855,48.79194362,4,2608241934,,2608241934,,,,,,,,,,,2.0,2.0
465087425734758010-2608241833-13,7457,2608241919,2608241921,4,,S,S4,Backnang|Burgstall(Murr)|Kirchberg(Murr)|Erdmannhausen|Marbach(Neckar)|Benningen(Neckar)|Freiberg(Neckar)|Favoritepark|Ludwigsburg|Kornwestheim Pbf|Stuttgart-Zuffenhausen|Stuttgart-Feuerbach,8005767,Stuttgart Nord,Baden-Württemberg,Stuttgard-Nord,70174,9.188061449,48.80374161,5,2608241921,,2608241923,,,,,,,,,,,2.0,2.0
789883459373931925-2608241916-5,7559,2608241929,2608241931,4,,S,S5,Ludwigsburg|Kornwestheim Pbf|Stuttgart-Zuffenhausen|Stuttgart-Feuerbach,8005767,Stuttgart Nord,Baden-Württemberg,Stuttgard-Nord,70174,9.188061449,48.80374161,5,2608241930,,2608241931,,,,,,,,,,,1.0,0.0
1284839978881194831-2608241846-5,7557,2608241859,2608241901,4,,S,S5,Ludwigsburg|Kornwestheim Pbf|Stuttgart-Zuffenhausen|Stuttgart-Feuerbach,8005767,Stuttgart Nord,Baden-Württemberg,Stuttgard-Nord,70174,9.188061449,48.80374161,5,2608241859,,2608241901,,,,,,,,,,,0.0,0.0
1856255482499479272-2608241927-2,7558,2608241930,2608241931,3,,S,S5,Stuttgart Hbf,8005767,Stuttgart Nord,Baden-Württemberg,Stuttgard-Nord,70174,9.188061449,48.80374161,5,2608241931,,2608241932,,,,,,,,,,,1.0,1.0
-2296361887691329517-2608241917-2,7656,2608241920,2608241922,3,,S,S6,Stuttgart Hbf,8005767,Stuttgart Nord,Baden-Württemberg,Stuttgard-Nord,70174,9.188061449,48.80374161,5,2608241924,,2608241925,,,,,,,,,,,4.0,3.0
-1267321740504325492-2608241937-2,7456,2608241940,2608241941,3,,S,S4,Stuttgart Hbf,8005767,Stuttgart Nord,Baden-Württemberg,Stuttgard-Nord,70174,9.188061449,48.80374161,5,2608241944,,2608241945,,,,,,,,,,,4.0,4.0
4340980155526291036-2608241857-2,7556,2608241900,2608241901,3,,S,S5,Stuttgart Hbf,8005767,Stuttgart Nord,Baden-Württemberg,Stuttgard-Nord,70174,9.188061449,48.80374161,5,2608241901,,2608241901,,,,,,,,,,,1.0,0.0
-1350780593772268701-2608241947-2,7658,2608241950,2608241952,3,,S,S6,Stuttgart Hbf,8005767,Stuttgart Nord,Baden-Württemberg,Stuttgard-Nord,70174,9.188061449,48.80374161,5,2608241951,,2608241952,,,,,,,,,,,1.0,0.0
-2362055098907975015-2608241903-13,7659,2608241939,2608241941,4,,S,S6,Weil der Stadt|Malmsheim|Renningen|Rutesheim|Leonberg|Höfingen|Ditzingen|Weilimdorf|Korntal|Neuwirtshaus(Porscheplatz)|Stuttgart-Zuffenhausen|Stuttgart-Feuerbach,8005767,Stuttgart Nord,Baden-Württemberg,Stuttgard-Nord,70174,9.188061449,48.80374161,5,2608241939,,2608241942,,,,,,,,,,,0.0,1.0
-5999987302908863714-2608241903-13,7459,2608241949,2608241951,4,,S,S4,Backnang|Burgstall(Murr)|Kirchberg(Murr)|Erdmannhausen|Marbach(Neckar)|Benningen(Neckar)|Freiberg(Neckar)|Favoritepark|Ludwigsburg|Kornwestheim Pbf|Stuttgart-Zuffenhausen|Stuttgart-Feuerbach,8005767,Stuttgart Nord,Baden-Württemberg,Stuttgard-Nord,70174,9.188061449,48.80374161,5,2608241949,,2608241951,,,,,,,,,,,0.0,0.0
6230552686564451233-2608241833-13,7657,2608241909,2608241911,4,,S,S6,Weil der Stadt|Malmsheim|Renningen|Rutesheim|Leonberg|Höfingen|Ditzingen|Weilimdorf|Korntal|Neuwirtshaus(Porscheplatz)|Stuttgart-Zuffenhausen|Stuttgart-Feuerbach,8005767,Stuttgart Nord,Baden-Württemberg,Stuttgard-Nord,70174,9.188061449,48.80374161,5,2608241909,,2608241912,,,,,,,,,,,0.0,1.0
-3714637966122188152-2608241907-2,7454,2608241910,2608241911,3,,S,S4,Stuttgart Hbf,8005767,Stuttgart Nord,Baden-Württemberg,Stuttgard-Nord,70174,9.188061449,48.80374161,5,2608241912,,2608241913,,,,,,,,,,,2.0,2.0
8229824385589885076-2608241946-5,7561,2608241959,2608242001,4,,S,S5,Ludwigsburg|Kornwestheim Pbf|Stuttgart-Zuffenhausen|Stuttgart-Feuerbach,8005767,Stuttgart Nord,Baden-Württemberg,Stuttgard-Nord,70174,9.188061449,48.80374161,5,2608241959,,2608242001,,,,,,,,,,,0.0,0.0
7891754352984498965-2608241912-3,7356,2608241922,2608241922,4,,S,S3,Stuttgart Hbf|Stuttgart-Bad Cannstatt,8004357,Stuttgart Nürnberger Straße,Baden-Württemberg,Stuttgart,70374,9.234576905,48.80656062,5,2608241925,,2608241926,,,,,,,,,,,3.0,4.0
3135614053194829594-2608241911-10,7359,2608241937,2608241938,1,,S,S3,Backnang|Maubach|Nellmersbach|Winnenden|Schwaikheim|Neustadt-Hohenacker|Waiblingen|Fellbach|Stuttgart-Sommerrain,8004357,Stuttgart Nürnberger Straße,Baden-Württemberg,Stuttgart,70374,9.234576905,48.80656062,5,2608241940,,2608241940,,,,,,,,,,,3.0,2.0
-8025183112725946697-2608241942-3,7358,2608241952,2608241952,4,,S,S3,Stuttgart Hbf|Stuttgart-Bad Cannstatt,8004357,Stuttgart Nürnberger Straße,Baden-Württemberg,Stuttgart,70374,9.234576905,48.80656062,5,2608241950,,2608241950,,,,,,,,,,,-2.0,-2.0
8752806059694385566-2608241950-3,7258,2608241957,2608241957,4,,S,S2,Stuttgart Hbf|Stuttgart-Bad Cannstatt,8004357,Stuttgart Nürnberger Straße,Baden-Württemberg,Stuttgart,70374,9.234576905,48.80656062,5,2608242000,,2608242001,,,,,,,,,,,3.0,4.0
1183252318301173457-2608241903-13,7259,2608241932,2608241933,1,,S,S2,Schorndorf|Weiler(Rems)|Winterbach(b Schorndorf)|Geradstetten|Grunbach|Beutelsbach|Endersbach|Stetten-Beinstein|Rommelshausen|Waiblingen|Fellbach|Stuttgart-Sommerrain,8004357,Stuttgart Nürnberger Straße,Baden-Württemberg,Stuttgart,70374,9.234576905,48.80656062,5,2608241933,,2608241933,,,,,,,,,,,1.0,0.0
1429301461184468535-2608241833-13,7257,2608241902,2608241903,1,,S,S2,Schorndorf|Weiler(Rems)|Winterbach(b Schorndorf)|Geradstetten|Grunbach|Beutelsbach|Endersbach|Stetten-Beinstein|Rommelshausen|Waiblingen|Fellbach|Stuttgart-Sommerrain,8004357,Stuttgart Nürnberger Straße,Baden-Württemberg,Stuttgart,70374,9.234576905,48.80656062,5,2608241903,,2608241904,,,,,,,,,,,1.0,1.0
-7422643584363790684-2608241920-3,7256,2608241927,2608241927,4,,S,S2,Stuttgart Hbf|Stuttgart-Bad Cannstatt,8004357,Stuttgart Nürnberger Straße,Baden-Württemberg,Stuttgart,70374,9.234576905,48.80656062,5,2608241929,,2608241929,,,,,,,,,,,2.0,2.0
5238051817368153971-2608241841-10,7357,2608241907,2608241908,1,,S,S3,Backnang|Maubach|Nellmersbach|Winnenden|Schwaikheim|Neustadt-Hohenacker|Waiblingen|Fellbach|Stuttgart-Sommerrain,8004357,Stuttgart Nürnberger Straße,Baden-Württemberg,Stuttgart,70374,9.234576905,48.80656062,5,2608241907,,2608241908,,,,,,,,,,,0.0,0.0
-8339144586973292546-2608241955-2,7160,2608241958,2608241959,3,,S,S1,Stuttgart Hbf,8005769,Stuttgart-Bad Cannstatt,Baden-Württemberg,Stuttgart,70372,9.217468636,48.80127978,3,2608242001,,2608242002,,,,,,,,,,,3.0,3.0
-8727928698848828557-2608241953-2,17553,2608241957,2608241958,7,,RE,MEX90,Stuttgart Hbf,8005769,Stuttgart-Bad Cannstatt,Baden-Württemberg,Stuttgart,70372,9.217468636,48.80127978,3,2608242003,,2608242003,,,,,,,,,,,6.0,5.0
-5956983835443587833-2608241947-2,19431,2608241950,2608241952,7,,ARV,MEX13,Stuttgart Hbf,8005769,Stuttgart-Bad Cannstatt,Baden-Württemberg,Stuttgart,70372,9.217468636,48.80127978,3,2608241952,,2608241953,,,,,,,,,,,2.0,1.0
7891754352984498965-2608241912-2,7356,2608241916,2608241919,3,,S,S3,Stuttgart Hbf,8005769,Stuttgart-Bad Cannstatt,Baden-Württemberg,Stuttgart,70372,9.217468636,48.80127978,3,2608241922,,2608241922,,,,,,,,,,,6.0,3.0
3135614053194829594-2608241911-11,7359,2608241941,2608241943,2,,S,S3,Backnang|Maubach|Nellmersbach|Winnenden|Schwaikheim|Neustadt-Hohenacker|Waiblingen|Fellbach|Stuttgart-Sommerrain|Stuttgart Nürnberger Str.,8005769,Stuttgart-Bad Cannstatt,Baden-Württemberg,Stuttgart,70372,9.217468636,48.80127978,3,2608241943,,2608241943,,,,,,,,,,,2.0,0.0
5253752513274739814-2608241848-15,19166,2608241946,2608241947,5,,ARV,MEX16,Geislingen(Steige)|Geislingen(Steige)West|Kuchen|Gingen(Fils)|Süßen|Salach|Eislingen(Fils)|Göppingen|Faurndau|Uhingen|Ebersbach(Fils)|Reichenbach(Fils)|Plochingen|Esslingen(Neckar),8005769,Stuttgart-Bad Cannstatt,Baden-Württemberg,Stuttgart,70372,9.217468636,48.80127978,3,,,,,,,,,,,,c,c,0.0,0.0
-8025183112725946697-2608241942-2,7358,2608241946,2608241949,3,,S,S3,Stuttgart Hbf,8005769,Stuttgart-Bad Cannstatt,Baden-Württemberg,Stuttgart,70372,9.217468636,48.80127978,3,2608241946,,2608241947,,,,,,,,,,,0.0,-2.0
8752806059694385566-2608241950-2,7258,2608241954,2608241954,3,,S,S2,Stuttgart Hbf,8005769,Stuttgart-Bad Cannstatt,Baden-Württemberg,Stuttgart,70372,9.217468636,48.80127978,3,2608241957,,2608241958,,,,,,,,,,,3.0,4.0
-6751654647568991594-2608241752-19,19482,2608241935,2608241935,6,,ARV,MEX13,Crailsheim|Jagstzell|Ellwangen|Schrezheim|Schwabsberg|Goldshöfe|Hofen(b Aalen)|Wasseralfingen|Aalen Hbf|Mögglingen(Gmünd)|Böbingen(Rems)|Schwäbisch Gmünd|Lorch(Württ)|Waldhausen(b Schorndorf)|Plüderhausen|Urbach(b Schorndorf)|Schorndorf|Waiblingen,8005769,Stuttgart-Bad Cannstatt,Baden-Württemberg,Stuttgart,70372,9.217468636,48.80127978,3,2608241937,,2608241939,,,,,,,,,,,2.0,4.0
1183252318301173457-2608241903-14,7259,2608241935,2608241936,2,,S,S2,Schorndorf|Weiler(Rems)|Winterbach(b Schorndorf)|Geradstetten|Grunbach|Beutelsbach|Endersbach|Stetten-Beinstein|Rommelshausen|Waiblingen|Fellbach|Stuttgart-Sommerrain|Stuttgart Nürnberger Str.,8005769,Stuttgart-Bad Cannstatt,Baden-Württemberg,Stuttgart,70372,9.217468636,48.80127978,3,2608241936,,2608241937,,,,,,,,,,,1.0,1.0
1429301461184468535-2608241833-14,7257,2608241905,2608241906,2,,S,S2,Schorndorf|Weiler(Rems)|Winterbach(b Schorndorf)|Geradstetten|Grunbach|Beutelsbach|Endersbach|Stetten-Beinstein|Rommelshausen|Waiblingen|Fellbach|Stuttgart-Sommerrain|Stuttgart Nürnberger Str.,8005769,Stuttgart-Bad Cannstatt,Baden-Württemberg,Stuttgart,70372,9.217468636,48.80127978,3,2608241909,,2608241910,,,,,,,,,,,4.0,4.0
8890019855766315038-2608241850-14,7159,2608241930,2608241931,2,,S,S1,Kirchheim(Teck)|Kirchheim(Teck)-Ötlingen|Wendlingen(Neckar)|Wernau(Neckar)|Plochingen|Altbach|Esslingen-Zell|Oberesslingen|Esslingen(Neckar)|Esslingen-Mettingen|Stuttgart-Obertürkheim|Stuttgart-Untertürkheim|Stuttgart Neckarpark,8005769,Stuttgart-Bad Cannstatt,Baden-Württemberg,Stuttgart,70372,9.217468636,48.80127978,3,2608241930,,2608241931,,,,,,,,,,,0.0,0.0
4741716309245589308-2608241854-2,88625,2608241857,2608241901,7,,ARV,RE90,Stuttgart Hbf,8005769,Stuttgart-Bad Cannstatt,Baden-Württemberg,Stuttgart,70372,9.217468636,48.80127978,3,2608241858,,2608241901,,,,,,,,,,,1.0,0.0
5899829411297351806-2608241950-2,19241,2608241954,2608241954,8,,RE,MEX12,Stuttgart Hbf,8005769,Stuttgart-Bad Cannstatt,Baden-Württemberg,Stuttgart,70372,9.217468636,48.80127978,3,2608241955,4,2608241956,4,h,2,Störung,,,,,,,1.0,2.0
-7422643584363790684-2608241920-2,7256,2608241924,2608241924,3,,S,S2,Stuttgart Hbf,8005769,Stuttgart-Bad Cannstatt,Baden-Württemberg,Stuttgart,70372,9.217468636,48.80127978,3,2608241926,,2608241927,,,,,,,,,,,2.0,3.0
3350894187046807511-2608241903-9,17558,2608241958,2608241958,6,,RE,MEX90,Schwäbisch Hall-Hessental|Gaildorf West|Murrhardt|Sulzbach(Murr)|Oppenweiler(Württ)|Backnang|Winnenden|Waiblingen,8005769,Stuttgart-Bad Cannstatt,Baden-Württemberg,Stuttgart,70372,9.217468636,48.80127978,3,2608242002,,2608242002,,,,,,,,,,,4.0,4.0
-5526353379898780614-2608241816-15,19164,2608241912,2608241912,5,,ARV,MEX16,Geislingen(Steige)|Geislingen(Steige)West|Kuchen|Gingen(Fils)|Süßen|Salach|Eislingen(Fils)|Göppingen|Faurndau|Uhingen|Ebersbach(Fils)|Reichenbach(Fils)|Plochingen|Esslingen(Neckar),8005769,Stuttgart-Bad Cannstatt,Baden-Württemberg,Stuttgart,70372,9.217468636,48.80127978,3,2608241921,,2608241924,,,,,,,,,,,9.0,12.0
5238051817368153971-2608241841-11,7357,2608241911,2608241913,2,,S,S3,Backnang|Maubach|Nellmersbach|Winnenden|Schwaikheim|Neustadt-Hohenacker|Waiblingen|Fellbach|Stuttgart-Sommerrain|Stuttgart Nürnberger Str.,8005769,Stuttgart-Bad Cannstatt,Baden-Württemberg,Stuttgart,70372,9.217468636,48.80127978,3,2608241912,,2608241914,,,,,,,,,,,1.0,1.0
-8086510943931224072-2608241900-2,19197,2608241904,2608241907,8,,ARV,MEX16,Stuttgart Hbf,8005769,Stuttgart-Bad Cannstatt,Baden-Württemberg,Stuttgart,70372,9.217468636,48.80127978,3,2608241910,,2608241911,,,,,,,,,,,6.0,4.0
-2105870165284876408-2608241816-9,19242,2608241903,2608241908,1,,RE,MEX12,Reutlingen Hbf|Metzingen(Württ)|Bempflingen|Nürtingen|Oberboihingen|Wendlingen(Neckar)|Plochingen|Esslingen(Neckar),8005769,Stuttgart-Bad Cannstatt,Baden-Württemberg,Stuttgart,70372,9.217468636,48.80127978,3,2608241907,,2608241912,,h,2,Störung,,,,,,,4.0,4.0
-5517293294077476489-2608241940-2,19169,2608241943,2608241944,8,,ARV,MEX16,Stuttgart Hbf,8005769,Stuttgart-Bad Cannstatt,Baden-Württemberg,Stuttgart,70372,9.217468636,48.80127978,3,,,,,,,,,,,,p,p,0.0,0.0
7560393394993320684-2608241815-11,17556,2608241928,2608241928,6,,RB,MEX90,Schwäbisch Hall-Hessental|Gaildorf West|Fichtenberg|Fornsbach|Murrhardt|Sulzbach(Murr)|Oppenweiler(Württ)|Backnang|Winnenden|Waiblingen,8005769,Stuttgart-Bad Cannstatt,Baden-Württemberg,Stuttgart,70372,9.217468636,48.80127978,3,2608241931,,2608241931,,,,,,,,,,,3.0,3.0
-6944323459733799687-2608241807-11,19432,2608241905,2608241905,6,,ARV,MEX13,Aalen Hbf|Mögglingen(Gmünd)|Böbingen(Rems)|Schwäbisch Gmünd|Lorch(Württ)|Waldhausen(b Schorndorf)|Plüderhausen|Urbach(b Schorndorf)|Schorndorf|Waiblingen,8005769,Stuttgart-Bad Cannstatt,Baden-Württemberg,Stuttgart,70372,9.217468636,48.80127978,3,2608241907,,2608241907,,,,,,,,,,,2.0,2.0
-4384940379958233889-2608241820-14,7157,2608241900,2608241901,2,,S,S1,Kirchheim(Teck)|Kirchheim(Teck)-Ötlingen|Wendlingen(Neckar)|Wernau(Neckar)|Plochingen|Altbach|Esslingen-Zell|Oberesslingen|Esslingen(Neckar)|Esslingen-Mettingen|Stuttgart-Obertürkheim|Stuttgart-Untertürkheim|Stuttgart Neckarpark,8005769,Stuttgart-Bad Cannstatt,Baden-Württemberg,Stuttgart,70372,9.217468636,48.80127978,3,2608241905,,2608241906,,,,,,,,,,,5.0,5.0
-1077044607081714772-2608241915-2,19481,2608241918,2608241925,7,,ARV,MEX13,Stuttgart Hbf,8005769,Stuttgart-Bad Cannstatt,Baden-Württemberg,Stuttgart,70372,9.217468636,48.80127978,3,2608241921,,2608241925,,,,,,,,,,,3.0,0.0
-7090282038887162588-2608241926-2,17551,2608241929,2608241930,7,,RB,MEX90,Stuttgart Hbf,8005769,Stuttgart-Bad Cannstatt,Baden-Württemberg,Stuttgart,70372,9.217468636,48.80127978,3,2608241937,,2608241938,,,,,,,,,,,8.0,8.0
-1558425123957504280-2608241925-2,7158,2608241928,2608241929,3,,S,S1,Stuttgart Hbf,8005769,Stuttgart-Bad Cannstatt,Baden-Württemberg,Stuttgart,70372,9.217468636,48.80127978,3,2608241931,,2608241931,,,,,,,,,,,3.0,2.0
465087425734758010-2608241833-12,7457,2608241916,2608241917,1,,S,S4,Backnang|Burgstall(Murr)|Kirchberg(Murr)|Erdmannhausen|Marbach(Neckar)|Benningen(Neckar)|Freiberg(Neckar)|Favoritepark|Ludwigsburg|Kornwestheim Pbf|Stuttgart-Zuffenhausen,8005770,Stuttgart-Feuerbach,Baden-Württemberg,Feuerbach,70469,9.169186287,48.81363554,3,2608241919,,2608241920,,,,,,,,,,,3.0,3.0
789883459373931925-2608241916-4,7559,2608241926,2608241926,1,,S,S5,Ludwigsburg|Kornwestheim Pbf|Stuttgart-Zuffenhausen,8005770,Stuttgart-Feuerbach,Baden-Württemberg,Feuerbach,70469,9.169186287,48.81363554,3,2608241928,,2608241928,,,,,,,,,,,2.0,2.0
3112269054498031514-2608241938-1,7062,,2608241938,,,S,S60,,8005770,Stuttgart-Feuerbach,Baden-Württemberg,Feuerbach,70469,9.169186287,48.81363554,3,,,2608241938,,,,,,,,,,,0.0,0.0
-372852547875452905-2608241904-16,7057,2608241951,,1a,,S,,Böblingen|Sindelfingen|Maichingen|Maichingen Nord|Magstadt|Renningen Süd|Renningen|Rutesheim|Leonberg|Höfingen|Ditzingen|Weilimdorf|Korntal|Neuwirtshaus(Porscheplatz)|Stuttgart-Zuffenhausen,8005770,Stuttgart-Feuerbach,Baden-Württemberg,Feuerbach,70469,9.169186287,48.81363554,3,2608241951,,,,,,,,,,,,,0.0,0.0
1856255482499479272-2608241927-3,7558,2608241933,2608241934,2,,S,S5,Stuttgart Hbf|Stuttgart Nordbahnhof,8005770,Stuttgart-Feuerbach,Baden-Württemberg,Feuerbach,70469,9.169186287,48.81363554,3,2608241934,,2608241934,,,,,,,,,,,1.0,0.0
-2296361887691329517-2608241917-3,7656,2608241924,2608241924,2,,S,S6,Stuttgart Hbf|Stuttgart Nordbahnhof,8005770,Stuttgart-Feuerbach,Baden-Württemberg,Feuerbach,70469,9.169186287,48.81363554,3,2608241927,,2608241927,,,,,,,,,,,3.0,3.0
-1986872159209865397-2608241908-1,7060,,2608241908,,,S,S60,,8005770,Stuttgart-Feuerbach,Baden-Württemberg,Feuerbach,70469,9.169186287,48.81363554,3,,,2608241908,,,,,,,,,,,0.0,0.0
-1267321740504325492-2608241937-3,7456,2608241943,2608241944,2,,S,S4,Stuttgart Hbf|Stuttgart Nordbahnhof,8005770,Stuttgart-Feuerbach,Baden-Württemberg,Feuerbach,70469,9.169186287,48.81363554,3,2608241946,,2608241947,,,,,,,,,,,3.0,3.0
4340980155526291036-2608241857-3,7556,2608241903,2608241904,2,,S,S5,Stuttgart Hbf|Stuttgart Nordbahnhof,8005770,Stuttgart-Feuerbach,Baden-Württemberg,Feuerbach,70469,9.169186287,48.81363554,3,2608241903,,2608241904,,,,,,,,,,,0.0,0.0
-1350780593772268701-2608241947-3,7658,2608241954,2608241954,2,,S,S6,Stuttgart Hbf|Stuttgart Nordbahnhof,8005770,Stuttgart-Feuerbach,Baden-Württemberg,Feuerbach,70469,9.169186287,48.81363554,3,2608241954,,2608241954,,,,,,,,,,,0.0,0.0
-2362055098907975015-2608241903-12,7659,2608241936,2608241936,1,,S,S6,Weil der Stadt|Malmsheim|Renningen|Rutesheim|Leonberg|Höfingen|Ditzingen|Weilimdorf|Korntal|Neuwirtshaus(Porscheplatz)|Stuttgart-Zuffenhausen,8005770,Stuttgart-Feuerbach,Baden-Württemberg,Feuerbach,70469,9.169186287,48.81363554,3,2608241936,,2608241937,,,,,,,,,,,0.0,1.0
5496704793073772827-2608241834-16,7055,2608241921,,1a,,S,,Böblingen|Sindelfingen|Maichingen|Maichingen Nord|Magstadt|Renningen Süd|Renningen|Rutesheim|Leonberg|Höfingen|Ditzingen|Weilimdorf|Korntal|Neuwirtshaus(Porscheplatz)|Stuttgart-Zuffenhausen,8005770,Stuttgart-Feuerbach,Baden-Württemberg,Feuerbach,70469,9.169186287,48.81363554,3,2608241923,,,,,,,,,,,,,2.0,0.0
-5999987302908863714-2608241903-12,7459,2608241946,2608241947,1,,S,S4,Backnang|Burgstall(Murr)|Kirchberg(Murr)|Erdmannhausen|Marbach(Neckar)|Benningen(Neckar)|Freiberg(Neckar)|Favoritepark|Ludwigsburg|Kornwestheim Pbf|Stuttgart-Zuffenhausen,8005770,Stuttgart-Feuerbach,Baden-Württemberg,Feuerbach,70469,9.169186287,48.81363554,3,2608241946,,2608241947,,,,,,,,,,,0.0,0.0
6230552686564451233-2608241833-12,7657,2608241906,2608241906,1,,S,S6,Weil der Stadt|Malmsheim|Renningen|Rutesheim|Leonberg|Höfingen|Ditzingen|Weilimdorf|Korntal|Neuwirtshaus(Porscheplatz)|Stuttgart-Zuffenhausen,8005770,Stuttgart-Feuerbach,Baden-Württemberg,Feuerbach,70469,9.169186287,48.81363554,3,2608241906,,2608241906,,,,,,,,,,,0.0,0.0
-3714637966122188152-2608241907-3,7454,2608241913,2608241914,2,,S,S4,Stuttgart Hbf|Stuttgart Nordbahnhof,8005770,Stuttgart-Feuerbach,Baden-Württemberg,Feuerbach,70469,9.169186287,48.81363554,3,2608241915,,2608241916,,,,,,,,,,,2.0,2.0
8229824385589885076-2608241946-4,7561,2608241956,2608241956,1,,S,S5,Ludwigsburg|Kornwestheim Pbf|Stuttgart-Zuffenhausen,8005770,Stuttgart-Feuerbach,Baden-Württemberg,Feuerbach,70469,9.169186287,48.81363554,3,2608241956,,2608241957,,,,,,,,,,,0.0,1.0
-7621325389408103009-2608241855-5,7156,2608241907,2608241907,6,,S,S1,Stuttgart Hbf|Stuttgart-Bad Cannstatt|Stuttgart Neckarpark|Stuttgart-Untertürkheim,8005772,Stuttgart-Obertürkheim,Baden-Württemberg,Stuttgart,70329,9.268167932,48.76175015,4,2608241919,,2608241919,,,,,,,,,,,12.0,12.0
8890019855766315038-2608241850-11,7159,2608241922,2608241922,5,,S,S1,Kirchheim(Teck)|Kirchheim(Teck)-Ötlingen|Wendlingen(Neckar)|Wernau(Neckar)|Plochingen|Altbach|Esslingen-Zell|Oberesslingen|Esslingen(Neckar)|Esslingen-Mettingen,8005772,Stuttgart-Obertürkheim,Baden-Württemberg,Stuttgart,70329,9.268167932,48.76175015,4,2608241922,,2608241922,,,,,,,,,,,0.0,0.0
-6572211236779796534-2608241920-11,7161,2608241952,2608241952,5,,S,S1,Kirchheim(Teck)|Kirchheim(Teck)-Ötlingen|Wendlingen(Neckar)|Wernau(Neckar)|Plochingen|Altbach|Esslingen-Zell|Oberesslingen|Esslingen(Neckar)|Esslingen-Mettingen,8005772,Stuttgart-Obertürkheim,Baden-Württemberg,Stuttgart,70329,9.268167932,48.76175015,4,2608241952,,2608241952,,,,,,,,,,,0.0,0.0
-1558425123957504280-2608241925-5,7158,2608241937,2608241937,6,,S,S1,Stuttgart Hbf|Stuttgart-Bad Cannstatt|Stuttgart Neckarpark|Stuttgart-Untertürkheim,8005772,Stuttgart-Obertürkheim,Baden-Württemberg,Stuttgart,70329,9.268167932,48.76175015,4,2608241938,,2608241938,,,,,,,,,,,1.0,1.0
-8012619847659088179-2608241905-2,7957,2608241906,2608241912,2,,S,S2,Stuttgart-Vaihingen,8005773,Stuttgart-Rohr,Baden-Württemberg,Stuttgart,70565,9.108158025,48.71799427,4,2608241907,,2608241912,,,,,,,,,,,1.0,0.0
8022331955409261611-2608241903-6,7956,2608241918,2608241919,3,,S,S2,Filderstadt|Stuttgart Flughafen/Messe|Echterdingen|Leinfelden|Oberaichen,8005773,Stuttgart-Rohr,Baden-Württemberg,Stuttgart,70565,9.108158025,48.71799427,4,2608241918,,2608241919,,,,,,,,,,,0.0,0.0
-8369154934664465589-2608241935-2,7959,2608241936,2608241942,2,,S,S2,Stuttgart-Vaihingen,8005773,Stuttgart-Rohr,Baden-Württemberg,Stuttgart,70565,9.108158025,48.71799427,4,2608241937,,2608241942,,,,,,,,,,,1.0,0.0
-8747931418941855621-2608241916-8,7760,2608241937,2608241938,3,,S,S1,Herrenberg|Nufringen|Gärtringen|Ehningen(b Böblingen)|Hulb|Böblingen|Goldberg(Württ),8005773,Stuttgart-Rohr,Baden-Württemberg,Stuttgart,70565,9.108158025,48.71799427,4,2608241939,,2608241939,,,,,,,,,,,2.0,1.0
8862303384701956943-2608241846-8,7758,2608241907,2608241908,3,,S,S1,Herrenberg|Nufringen|Gärtringen|Ehningen(b Böblingen)|Hulb|Böblingen|Goldberg(Württ),8005773,Stuttgart-Rohr,Baden-Württemberg,Stuttgart,70565,9.108158025,48.71799427,4,2608241911,,2608241912,,,,,,,,,,,4.0,4.0
-2610915647049597594-2608241916-2,7757,2608241917,2608241923,2,,S,S1,Stuttgart-Vaihingen,8005773,Stuttgart-Rohr,Baden-Württemberg,Stuttgart,70565,9.108158025,48.71799427,4,2608241918,,2608241925,,,,,,,,,,,1.0,2.0
4922732542051090705-2608241946-2,7759,2608241947,2608241953,2,,S,S1,Stuttgart-Vaihingen,8005773,Stuttgart-Rohr,Baden-Württemberg,Stuttgart,70565,9.108158025,48.71799427,4,2608241947,,2608241953,,,,,,,,,,,0.0,0.0
-2474418901068663081-2608241933-6,7958,2608241948,2608241949,3,,S,S2,Filderstadt|Stuttgart Flughafen/Messe|Echterdingen|Leinfelden|Oberaichen,8005773,Stuttgart-Rohr,Baden-Württemberg,Stuttgart,70565,9.108158025,48.71799427,4,2608241949,,2608241949,,,,,,,,,,,1.0,0.0
7891754352984498965-2608241912-4,7356,2608241924,2608241924,4,,S,S3,Stuttgart Hbf|Stuttgart-Bad Cannstatt|Stuttgart Nürnberger Str.,8005774,Stuttgart-Sommerrain,Baden-Württemberg,Stuttgart,70374,9.248369749,48.81521824,5,2608241927,,2608241928,,,,,,,,,,,3.0,4.0
3135614053194829594-2608241911-9,7359,2608241935,2608241935,1,,S,S3,Backnang|Maubach|Nellmersbach|Winnenden|Schwaikheim|Neustadt-Hohenacker|Waiblingen|Fellbach,8005774,Stuttgart-Sommerrain,Baden-Württemberg,Stuttgart,70374,9.248369749,48.81521824,5,2608241937,,2608241938,,,,,,,,,,,2.0,3.0
-8025183112725946697-2608241942-4,7358,2608241954,2608241954,4,,S,S3,Stuttgart Hbf|Stuttgart-Bad Cannstatt|Stuttgart Nürnberger Str.,8005774,Stuttgart-Sommerrain,Baden-Württemberg,Stuttgart,70374,9.248369749,48.81521824,5,2608241952,,2608241953,,,,,,,,,,,-2.0,-1.0
8752806059694385566-2608241950-4,7258,2608241959,2608241959,4,,S,S2,Stuttgart Hbf|Stuttgart-Bad Cannstatt|Stuttgart Nürnberger Str.,8005774,Stuttgart-Sommerrain,Baden-Württemberg,Stuttgart,70374,9.248369749,48.81521824,5,2608242002,,2608242003,,,,,,,,,,,3.0,4.0
1183252318301173457-2608241903-12,7259,2608241930,2608241930,1,,S,S2,Schorndorf|Weiler(Rems)|Winterbach(b Schorndorf)|Geradstetten|Grunbach|Beutelsbach|Endersbach|Stetten-Beinstein|Rommelshausen|Waiblingen|Fellbach,8005774,Stuttgart-Sommerrain,Baden-Württemberg,Stuttgart,70374,9.248369749,48.81521824,5,2608241930,,2608241931,,,,,,,,,,,0.0,1.0
1429301461184468535-2608241833-12,7257,2608241900,2608241900,1,,S,S2,Schorndorf|Weiler(Rems)|Winterbach(b Schorndorf)|Geradstetten|Grunbach|Beutelsbach|Endersbach|Stetten-Beinstein|Rommelshausen|Waiblingen|Fellbach,8005774,Stuttgart-Sommerrain,Baden-Württemberg,Stuttgart,70374,9.248369749,48.81521824,5,2608241901,,2608241901,,,,,,,,,,,1.0,1.0
-7422643584363790684-2608241920-4,7256,2608241929,2608241929,4,,S,S2,Stuttgart Hbf|Stuttgart-Bad Cannstatt|Stuttgart Nürnberger Str.,8005774,Stuttgart-Sommerrain,Baden-Württemberg,Stuttgart,70374,9.248369749,48.81521824,5,2608241931,,2608241932,,,,,,,,,,,2.0,3.0
5238051817368153971-2608241841-9,7357,2608241905,2608241905,1,,S,S3,Backnang|Maubach|Nellmersbach|Winnenden|Schwaikheim|Neustadt-Hohenacker|Waiblingen|Fellbach,8005774,Stuttgart-Sommerrain,Baden-Württemberg,Stuttgart,70374,9.248369749,48.81521824,5,2608241905,,2608241906,,,,,,,,,,,0.0,1.0
-7621325389408103009-2608241855-4,7156,2608241904,2608241904,6,,S,S1,Stuttgart Hbf|Stuttgart-Bad Cannstatt|Stuttgart Neckarpark,8005775,Stuttgart-Untertürkheim Pbf,Baden-Württemberg,Stuttgart,70327,9.250467074,48.77984679,3,2608241917,,2608241917,,,,,,,,,,,13.0,13.0
8890019855766315038-2608241850-12,7159,2608241925,2608241925,5,,S,S1,Kirchheim(Teck)|Kirchheim(Teck)-Ötlingen|Wendlingen(Neckar)|Wernau(Neckar)|Plochingen|Altbach|Esslingen-Zell|Oberesslingen|Esslingen(Neckar)|Esslingen-Mettingen|Stuttgart-Obertürkheim,8005775,Stuttgart-Untertürkheim Pbf,Baden-Württemberg,Stuttgart,70327,9.250467074,48.77984679,3,2608241925,,2608241925,,,,,,,,,,,0.0,0.0
-6572211236779796534-2608241920-12,7161,2608241955,2608241955,5,,S,S1,Kirchheim(Teck)|Kirchheim(Teck)-Ötlingen|Wendlingen(Neckar)|Wernau(Neckar)|Plochingen|Altbach|Esslingen-Zell|Oberesslingen|Esslingen(Neckar)|Esslingen-Mettingen|Stuttgart-Obertürkheim,8005775,Stuttgart-Untertürkheim Pbf,Baden-Württemberg,Stuttgart,70327,9.250467074,48.77984679,3,2608241955,,2608241955,,,,,,,,,,,0.0,0.0
-1558425123957504280-2608241925-4,7158,2608241934,2608241934,6,,S,S1,Stuttgart Hbf|Stuttgart-Bad Cannstatt|Stuttgart Neckarpark,8005775,Stuttgart-Untertürkheim Pbf,Baden-Württemberg,Stuttgart,70327,9.250467074,48.77984679,3,2608241936,,2608241936,,,,,,,,,,,2.0,2.0
-8012619847659088179-2608241905-1,7957,,2608241905,,,S,S2,,8005776,Stuttgart-Vaihingen,Baden-Württemberg,Stuttgart,70563,9.113913368,48.72698116,3,,,2608241905,,,,,,,,,,,0.0,0.0
8022331955409261611-2608241903-7,7956,2608241920,,2,,S,,Filderstadt|Stuttgart Flughafen/Messe|Echterdingen|Leinfelden|Oberaichen|Stuttgart-Rohr,8005776,Stuttgart-Vaihingen,Baden-Württemberg,Stuttgart,70563,9.113913368,48.72698116,3,2608241920,,,,,,,,,,,,,0.0,0.0
-9156798996548396246-2608241901-2,28495,2608241915,2608241918,6,,RE,RESB,Stuttgart Hbf,8005776,Stuttgart-Vaihingen,Baden-Württemberg,Stuttgart,70563,9.113913368,48.72698116,3,2608241920,4,2608241921,4,,,,,,,,,,5.0,3.0
-8369154934664465589-2608241935-1,7959,,2608241935,,,S,S2,,8005776,Stuttgart-Vaihingen,Baden-Württemberg,Stuttgart,70563,9.113913368,48.72698116,3,,,2608241935,,,,,,,,,,,0.0,0.0
-9006302563846053238-2608241933-2,28494,2608241941,2608241941,4,,RE,RESB,Böblingen,8005776,Stuttgart-Vaihingen,Baden-Württemberg,Stuttgart,70563,9.113913368,48.72698116,3,2608241942,,2608241943,,,,,,,,,,,1.0,2.0
-8747931418941855621-2608241916-9,7760,2608241940,,3,,S,,Herrenberg|Nufringen|Gärtringen|Ehningen(b Böblingen)|Hulb|Böblingen|Goldberg(Württ)|Stuttgart-Rohr,8005776,Stuttgart-Vaihingen,Baden-Württemberg,Stuttgart,70563,9.113913368,48.72698116,3,2608241942,,,,,,,,,,,,,2.0,0.0
8862303384701956943-2608241846-9,7758,2608241910,,3,,S,,Herrenberg|Nufringen|Gärtringen|Ehningen(b Böblingen)|Hulb|Böblingen|Goldberg(Württ)|Stuttgart-Rohr,8005776,Stuttgart-Vaihingen,Baden-Württemberg,Stuttgart,70563,9.113913368,48.72698116,3,2608241914,,,,,,,,,,,,,4.0,0.0
-6241446741912760601-2608241802-11,17672,2608241928,2608241929,4,,RE,RE14a,Rottweil|Oberndorf(Neckar)|Sulz(Neckar)|Horb|Eutingen im Gäu|Ergenzingen|Bondorf(b Herrenberg)|Gäufelden|Herrenberg|Böblingen,8005776,Stuttgart-Vaihingen,Baden-Württemberg,Stuttgart,70563,9.113913368,48.72698116,3,2608241928,,2608241929,,h,1,Störung,,,,,,,0.0,0.0
5766622389415138721-2608241813-16,17674,2608241928,2608241929,4,,RE,RE14b,Freudenstadt Hbf|Grüntal-Wittlensweiler|Dornstetten-Aach|Dornstetten|Schopfloch(b Freudenstadt)|Bittelbronn|Horb-Heiligenfeld|Hochdorf(b Horb)|Eutingen Nord|Eutingen im Gäu|Ergenzingen|Bondorf(b Herrenberg)|Gäufelden|Herrenberg|Böblingen,8005776,Stuttgart-Vaihingen,Baden-Württemberg,Stuttgart,70563,9.113913368,48.72698116,3,2608241928,,2608241929,,h,1,Störung,,,,,,,0.0,0.0
-2610915647049597594-2608241916-1,7757,,2608241916,,,S,S1,,8005776,Stuttgart-Vaihingen,Baden-Württemberg,Stuttgart,70563,9.113913368,48.72698116,3,,,2608241917,,,,,,,,,,,0.0,1.0
4922732542051090705-2608241946-1,7759,,2608241946,,,S,S1,,8005776,Stuttgart-Vaihingen,Baden-Württemberg,Stuttgart,70563,9.113913368,48.72698116,3,,,2608241946,,,,,,,,,,,0.0,0.0
-2474418901068663081-2608241933-7,7958,2608241950,,2,,S,,Filderstadt|Stuttgart Flughafen/Messe|Echterdingen|Leinfelden|Oberaichen|Stuttgart-Rohr,8005776,Stuttgart-Vaihingen,Baden-Württemberg,Stuttgart,70563,9.113913368,48.72698116,3,2608241951,,,,,,,,,,,,,1.0,0.0
8124393015929641593-2608241847-7,7654,2608241903,2608241904,1,,S,S6,Stuttgart Hbf|Stuttgart Nordbahnhof|Stuttgart-Feuerbach|Stuttgart-Zuffenhausen|Neuwirtshaus(Porscheplatz)|Korntal,8006268,Stuttgart-Weilimdorf,Baden-Württemberg,Stuttgart,70499,9.094370086,48.82208429,5,2608241903,,2608241904,,,,,,,,,,,0.0,0.0
3112269054498031514-2608241938-5,7062,2608241948,2608241948,1,,S,S60,Stuttgart-Feuerbach|Stuttgart-Zuffenhausen|Neuwirtshaus(Porscheplatz)|Korntal,8006268,Stuttgart-Weilimdorf,Baden-Württemberg,Stuttgart,70499,9.094370086,48.82208429,5,2608241948,,2608241949,,,,,,,,,,,0.0,1.0
-372852547875452905-2608241904-12,7057,2608241941,2608241941,2,,S,S60,Böblingen|Sindelfingen|Maichingen|Maichingen Nord|Magstadt|Renningen Süd|Renningen|Rutesheim|Leonberg|Höfingen|Ditzingen,8006268,Stuttgart-Weilimdorf,Baden-Württemberg,Stuttgart,70499,9.094370086,48.82208429,5,2608241941,,2608241942,,,,,,,,,,,0.0,1.0
-2296361887691329517-2608241917-7,7656,2608241933,2608241934,1,,S,S6,Stuttgart Hbf|Stuttgart Nordbahnhof|Stuttgart-Feuerbach|Stuttgart-Zuffenhausen|Neuwirtshaus(Porscheplatz)|Korntal,8006268,Stuttgart-Weilimdorf,Baden-Württemberg,Stuttgart,70499,9.094370086,48.82208429,5,2608241936,,2608241936,,,,,,,,,,,3.0,2.0
-1986872159209865397-2608241908-5,7060,2608241918,2608241918,1,,S,S60,Stuttgart-Feuerbach|Stuttgart-Zuffenhausen|Neuwirtshaus(Porscheplatz)|Korntal,8006268,Stuttgart-Weilimdorf,Baden-Württemberg,Stuttgart,70499,9.094370086,48.82208429,5,2608241918,,2608241919,,,,,,,,,,,0.0,1.0
-2362055098907975015-2608241903-8,7659,2608241926,2608241926,2,,S,S6,Weil der Stadt|Malmsheim|Renningen|Rutesheim|Leonberg|Höfingen|Ditzingen,8006268,Stuttgart-Weilimdorf,Baden-Württemberg,Stuttgart,70499,9.094370086,48.82208429,5,2608241926,,2608241927,,,,,,,,,,,0.0,1.0
5496704793073772827-2608241834-12,7055,2608241911,2608241911,2,,S,S60,Böblingen|Sindelfingen|Maichingen|Maichingen Nord|Magstadt|Renningen Süd|Renningen|Rutesheim|Leonberg|Höfingen|Ditzingen,8006268,Stuttgart-Weilimdorf,Baden-Württemberg,Stuttgart,70499,9.094370086,48.82208429,5,2608241913,,2608241914,,,,,,,,,,,2.0,3.0
-7461252280383009819-2608241933-8,7661,2608241956,2608241956,2,,S,S6,Weil der Stadt|Malmsheim|Renningen|Rutesheim|Leonberg|Höfingen|Ditzingen,8006268,Stuttgart-Weilimdorf,Baden-Württemberg,Stuttgart,70499,9.094370086,48.82208429,5,2608241956,,2608241957,,,,,,,,,,,0.0,1.0
465087425734758010-2608241833-11,7457,2608241913,2608241914,2,,S,S4,Backnang|Burgstall(Murr)|Kirchberg(Murr)|Erdmannhausen|Marbach(Neckar)|Benningen(Neckar)|Freiberg(Neckar)|Favoritepark|Ludwigsburg|Kornwestheim Pbf,8005778,Stuttgart-Zuffenhausen,Baden-Württemberg,Stuttgart,70435,9.167156375,48.82960884,3,2608241916,,2608241917,,,,,,,,,,,3.0,3.0
789883459373931925-2608241916-3,7559,2608241923,2608241924,2,,S,S5,Ludwigsburg|Kornwestheim Pbf,8005778,Stuttgart-Zuffenhausen,Baden-Württemberg,Stuttgart,70435,9.167156375,48.82960884,3,2608241923,,2608241925,,,,,,,,,,,0.0,1.0
3112269054498031514-2608241938-2,7062,2608241941,2608241941,12,,S,S60,Stuttgart-Feuerbach,8005778,Stuttgart-Zuffenhausen,Baden-Württemberg,Stuttgart,70435,9.167156375,48.82960884,3,2608241941,,2608241941,,,,,,,,,,,0.0,0.0
-372852547875452905-2608241904-15,7057,2608241948,2608241949,12,,S,S60,Böblingen|Sindelfingen|Maichingen|Maichingen Nord|Magstadt|Renningen Süd|Renningen|Rutesheim|Leonberg|Höfingen|Ditzingen|Weilimdorf|Korntal|Neuwirtshaus(Porscheplatz),8005778,Stuttgart-Zuffenhausen,Baden-Württemberg,Stuttgart,70435,9.167156375,48.82960884,3,2608241949,,2608241949,,,,,,,,,,,1.0,0.0
1856255482499479272-2608241927-4,7558,2608241936,2608241937,4,,S,S5,Stuttgart Hbf|Stuttgart Nordbahnhof|Stuttgart-Feuerbach,8005778,Stuttgart-Zuffenhausen,Baden-Württemberg,Stuttgart,70435,9.167156375,48.82960884,3,2608241936,,2608241937,,,,,,,,,,,0.0,0.0
-2296361887691329517-2608241917-4,7656,2608241926,2608241927,11,,S,S6,Stuttgart Hbf|Stuttgart Nordbahnhof|Stuttgart-Feuerbach,8005778,Stuttgart-Zuffenhausen,Baden-Württemberg,Stuttgart,70435,9.167156375,48.82960884,3,2608241929,,2608241930,,,,,,,,,,,3.0,3.0
-1986872159209865397-2608241908-2,7060,2608241911,2608241911,12,,S,S60,Stuttgart-Feuerbach,8005778,Stuttgart-Zuffenhausen,Baden-Württemberg,Stuttgart,70435,9.167156375,48.82960884,3,2608241911,,2608241910,,,,,,,,,,,0.0,-1.0
-1267321740504325492-2608241937-4,7456,2608241946,2608241947,4,,S,S4,Stuttgart Hbf|Stuttgart Nordbahnhof|Stuttgart-Feuerbach,8005778,Stuttgart-Zuffenhausen,Baden-Württemberg,Stuttgart,70435,9.167156375,48.82960884,3,2608241949,,2608241950,,,,,,,,,,,3.0,3.0
4340980155526291036-2608241857-4,7556,2608241906,2608241907,4,,S,S5,Stuttgart Hbf|Stuttgart Nordbahnhof|Stuttgart-Feuerbach,8005778,Stuttgart-Zuffenhausen,Baden-Württemberg,Stuttgart,70435,9.167156375,48.82960884,3,2608241906,,2608241907,,,,,,,,,,,0.0,0.0
-1350780593772268701-2608241947-4,7658,2608241956,2608241957,11,,S,S6,Stuttgart Hbf|Stuttgart Nordbahnhof|Stuttgart-Feuerbach,8005778,Stuttgart-Zuffenhausen,Baden-Württemberg,Stuttgart,70435,9.167156375,48.82960884,3,2608241956,,2608241957,,,,,,,,,,,0.0,0.0
-2362055098907975015-2608241903-11,7659,2608241933,2608241934,12,,S,S6,Weil der Stadt|Malmsheim|Renningen|Rutesheim|Leonberg|Höfingen|Ditzingen|Weilimdorf|Korntal|Neuwirtshaus(Porscheplatz),8005778,Stuttgart-Zuffenhausen,Baden-Württemberg,Stuttgart,70435,9.167156375,48.82960884,3,2608241933,,2608241934,,,,,,,,,,,0.0,0.0
5496704793073772827-2608241834-15,7055,2608241918,2608241919,12,,S,S60,Böblingen|Sindelfingen|Maichingen|Maichingen Nord|Magstadt|Renningen Süd|Renningen|Rutesheim|Leonberg|Höfingen|Ditzingen|Weilimdorf|Korntal|Neuwirtshaus(Porscheplatz),8005778,Stuttgart-Zuffenhausen,Baden-Württemberg,Stuttgart,70435,9.167156375,48.82960884,3,2608241920,,2608241920,,,,,,,,,,,2.0,1.0
-5999987302908863714-2608241903-11,7459,2608241943,2608241944,2,,S,S4,Backnang|Burgstall(Murr)|Kirchberg(Murr)|Erdmannhausen|Marbach(Neckar)|Benningen(Neckar)|Freiberg(Neckar)|Favoritepark|Ludwigsburg|Kornwestheim Pbf,8005778,Stuttgart-Zuffenhausen,Baden-Württemberg,Stuttgart,70435,9.167156375,48.82960884,3,2608241943,,2608241944,,,,,,,,,,,0.0,0.0
6230552686564451233-2608241833-11,7657,2608241903,2608241904,12,,S,S6,Weil der Stadt|Malmsheim|Renningen|Rutesheim|Leonberg|Höfingen|Ditzingen|Weilimdorf|Korntal|Neuwirtshaus(Porscheplatz),8005778,Stuttgart-Zuffenhausen,Baden-Württemberg,Stuttgart,70435,9.167156375,48.82960884,3,2608241903,,2608241904,,,,,,,,,,,0.0,0.0
-3714637966122188152-2608241907-4,7454,2608241916,2608241917,4,,S,S4,Stuttgart Hbf|Stuttgart Nordbahnhof|Stuttgart-Feuerbach,8005778,Stuttgart-Zuffenhausen,Baden-Württemberg,Stuttgart,70435,9.167156375,48.82960884,3,2608241917,,2608241918,,,,,,,,,,,1.0,1.0
8229824385589885076-2608241946-3,7561,2608241953,2608241954,2,,S,S5,Ludwigsburg|Kornwestheim Pbf,8005778,Stuttgart-Zuffenhausen,Baden-Württemberg,Stuttgart,70435,9.167156375,48.82960884,3,2608241954,,2608241955,,,,,,,,,,,1.0,1.0
7891754352984498965-2608241912-6,7356,2608241929,2608241930,3,,S,S3,Stuttgart Hbf|Stuttgart-Bad Cannstatt|Stuttgart Nürnberger Str.|Stuttgart-Sommerrain|Fellbach,8000180,Waiblingen,Baden-Württemberg,Waiblingen,71332,9.300476874,48.8262444,3,2608241932,,2608241933,,,,,,,,,,,3.0,3.0
3135614053194829594-2608241911-7,7359,2608241929,2608241930,1,,S,S3,Backnang|Maubach|Nellmersbach|Winnenden|Schwaikheim|Neustadt-Hohenacker,8000180,Waiblingen,Baden-Württemberg,Waiblingen,71332,9.300476874,48.8262444,3,2608241932,,2608241933,,,,,,,,,,,3.0,3.0
5807496118620218109-2608241850-6,7254,2608241904,2608241905,7,,S,S2,Stuttgart Hbf|Stuttgart-Bad Cannstatt|Stuttgart Nürnberger Str.|Stuttgart-Sommerrain|Fellbach,8000180,Waiblingen,Baden-Württemberg,Waiblingen,71332,9.300476874,48.8262444,3,2608241905,,2608241905,,,,,,,,,,,1.0,0.0
-8025183112725946697-2608241942-6,7358,2608241959,2608242000,3,,S,S3,Stuttgart Hbf|Stuttgart-Bad Cannstatt|Stuttgart Nürnberger Str.|Stuttgart-Sommerrain|Fellbach,8000180,Waiblingen,Baden-Württemberg,Waiblingen,71332,9.300476874,48.8262444,3,2608241959,,2608242000,,,,,,,,,,,0.0,0.0
-3278481612433611047-2608241933-10,7261,2608241954,2608241955,5,,S,S2,Schorndorf|Weiler(Rems)|Winterbach(b Schorndorf)|Geradstetten|Grunbach|Beutelsbach|Endersbach|Stetten-Beinstein|Rommelshausen,8000180,Waiblingen,Baden-Württemberg,Waiblingen,71332,9.300476874,48.8262444,3,2608241954,,2608241955,,,,,,,,,,,0.0,0.0
-6751654647568991594-2608241752-18,19482,2608241928,2608241928,6,,ARV,MEX13,Crailsheim|Jagstzell|Ellwangen|Schrezheim|Schwabsberg|Goldshöfe|Hofen(b Aalen)|Wasseralfingen|Aalen Hbf|Mögglingen(Gmünd)|Böbingen(Rems)|Schwäbisch Gmünd|Lorch(Württ)|Waldhausen(b Schorndorf)|Plüderhausen|Urbach(b Schorndorf)|Schorndorf,8000180,Waiblingen,Baden-Württemberg,Waiblingen,71332,9.300476874,48.8262444,3,2608241930,,2608241930,,,,,,,,,,,2.0,2.0
1183252318301173457-2608241903-10,7259,2608241924,2608241925,5,,S,S2,Schorndorf|Weiler(Rems)|Winterbach(b Schorndorf)|Geradstetten|Grunbach|Beutelsbach|Endersbach|Stetten-Beinstein|Rommelshausen,8000180,Waiblingen,Baden-Württemberg,Waiblingen,71332,9.300476874,48.8262444,3,2608241924,,2608241926,,,,,,,,,,,0.0,1.0
-1439359717796706481-2608241907-10,19434,2608241958,2608241958,6,,ARV,MEX13,Aalen Hbf|Mögglingen(Gmünd)|Böbingen(Rems)|Schwäbisch Gmünd|Lorch(Württ)|Waldhausen(b Schorndorf)|Plüderhausen|Urbach(b Schorndorf)|Schorndorf,8000180,Waiblingen,Baden-Württemberg,Waiblingen,71332,9.300476874,48.8262444,3,2608241958,,2608241958,,,,,,,,,c,c,0.0,0.0
4741716309245589308-2608241854-3,88625,2608241907,2608241908,3,,ARV,RE90,Stuttgart Hbf|Stuttgart-Bad Cannstatt,8000180,Waiblingen,Baden-Württemberg,Waiblingen,71332,9.300476874,48.8262444,3,2608241907,,2608241908,,,,,,,,,,,0.0,0.0
-7422643584363790684-2608241920-6,7256,2608241934,2608241935,7,,S,S2,Stuttgart Hbf|Stuttgart-Bad Cannstatt|Stuttgart Nürnberger Str.|Stuttgart-Sommerrain|Fellbach,8000180,Waiblingen,Baden-Württemberg,Waiblingen,71332,9.300476874,48.8262444,3,2608241938,,2608241938,,,,,,,,,,,4.0,3.0
3350894187046807511-2608241903-8,17558,2608241950,2608241951,1,,RE,MEX90,Schwäbisch Hall-Hessental|Gaildorf West|Murrhardt|Sulzbach(Murr)|Oppenweiler(Württ)|Backnang|Winnenden,8000180,Waiblingen,Baden-Württemberg,Waiblingen,71332,9.300476874,48.8262444,3,2608241955,,2608241955,,,,,,,,,,,5.0,4.0
5238051817368153971-2608241841-7,7357,2608241859,2608241900,1,,S,S3,Backnang|Maubach|Nellmersbach|Winnenden|Schwaikheim|Neustadt-Hohenacker,8000180,Waiblingen,Baden-Württemberg,Waiblingen,71332,9.300476874,48.8262444,3,2608241859,,2608241900,,,,,,,,,,,0.0,0.0
7560393394993320684-2608241815-10,17556,2608241920,2608241921,1,,RB,MEX90,Schwäbisch Hall-Hessental|Gaildorf West|Fichtenberg|Fornsbach|Murrhardt|Sulzbach(Murr)|Oppenweiler(Württ)|Backnang|Winnenden,8000180,Waiblingen,Baden-Württemberg,Waiblingen,71332,9.300476874,48.8262444,3,2608241924,,2608241924,,,,,,,,,,,4.0,3.0
-1077044607081714772-2608241915-3,19481,2608241932,2608241932,6,,ARV,MEX13,Stuttgart Hbf|Stuttgart-Bad Cannstatt,8000180,Waiblingen,Baden-Württemberg,Waiblingen,71332,9.300476874,48.8262444,3,2608241935,7,2608241935,7,,,,,,,,,,3.0,3.0
-3899663222005632832-2608241846-3,19429,2608241902,2608241902,6,,ARV,MEX13,Stuttgart Hbf|Stuttgart-Bad Cannstatt,8000180,Waiblingen,Baden-Württemberg,Waiblingen,71332,9.300476874,48.8262444,3,2608241902,7,2608241902,7,,,,,,,,,,0.0,0.0
-6212403965013446492-2608241941-7,7361,2608241959,2608242000,1,,S,S3,Backnang|Maubach|Nellmersbach|Winnenden|Schwaikheim|Neustadt-Hohenacker,8000180,Waiblingen,Baden-Württemberg,Waiblingen,71332,9.300476874,48.8262444,3,2608242004,,2608242005,,,,,,,,,,,5.0,5.0
-8665436956296760567-2608241842-6,7354,2608241859,2608241900,3,,S,S3,Stuttgart Hbf|Stuttgart-Bad Cannstatt|Stuttgart Nürnberger Str.|Stuttgart-Sommerrain|Fellbach,8000180,Waiblingen,Baden-Württemberg,Waiblingen,71332,9.300476874,48.8262444,3,2608241900,,2608241900,,,,,,,,,,,1.0,0.0
-7090282038887162588-2608241926-3,17551,2608241936,2608241938,3,,RB,MEX90,Stuttgart Hbf|Stuttgart-Bad Cannstatt,8000180,Waiblingen,Baden-Württemberg,Waiblingen,71332,9.300476874,48.8262444,3,2608241944,,2608241945,,,,,,,,,,,8.0,7.0
8124393015929641593-2608241847-14,7654,2608241927,,2,,S,,Stuttgart Hbf|Stuttgart Nordbahnhof|Stuttgart-Feuerbach|Stuttgart-Zuffenhausen|Neuwirtshaus(Porscheplatz)|Korntal|Weilimdorf|Ditzingen|Höfingen|Leonberg|Rutesheim|Renningen|Malmsheim,8006271,Weil der Stadt,Baden-Württemberg,Weil der Stadt,71263,8.873189074,48.7557357,4,2608241928,,,,,,,,,,,,,1.0,0.0
8445271706730011511-2608241858-2,26176,2608241901,2608241903,141,,SWE,RB76,Renningen,8006271,Weil der Stadt,Baden-Württemberg,Weil der Stadt,71263,8.873189074,48.7557357,4,2608241904,,2608241906,,h,1,Störung,,,,,p,,3.0,3.0
-2296361887691329517-2608241917-14,7656,2608241957,,2,,S,,Stuttgart Hbf|Stuttgart Nordbahnhof|Stuttgart-Feuerbach|Stuttgart-Zuffenhausen|Neuwirtshaus(Porscheplatz)|Korntal|Weilimdorf|Ditzingen|Höfingen|Leonberg|Rutesheim|Renningen|Malmsheim,8006271,Weil der Stadt,Baden-Württemberg,Weil der Stadt,71263,8.873189074,48.7557357,4,2608241957,,,,,,,,,,,,,0.0,0.0
-2362055098907975015-2608241903-1,7659,,2608241903,,,S,S6,,8006271,Weil der Stadt,Baden-Württemberg,Weil der Stadt,71263,8.873189074,48.7557357,4,,,2608241903,,,,,,,,,,,0.0,0.0
-1371801792582433848-2608241933-1,26178,,2608241933,,,SWE,RB76,,8006271,Weil der Stadt,Baden-Württemberg,Weil der Stadt,71263,8.873189074,48.7557357,4,,,,,h,1,Störung,,,,,,c,0.0,0.0
-7461252280383009819-2608241933-1,7661,,2608241933,,,S,S6,,8006271,Weil der Stadt,Baden-Württemberg,Weil der Stadt,71263,8.873189074,48.7557357,4,,,2608241934,,,,,,,,,,,0.0,1.0
2161925546529483540-2608241856-5,26177,2608241914,,141,,SWE,,Calw|Calw-Heumaden|Althengstett|Ostelsheim,8006271,Weil der Stadt,Baden-Württemberg,Weil der Stadt,71263,8.873189074,48.7557357,4,2608241914,,,,h,1,Störung,,,,,c,,0.0,0.0
3964899678421724550-2608241926-5,26179,2608241944,2608241944,141,,SWE,RB76,Calw|Calw-Heumaden|Althengstett|Ostelsheim,8006271,Weil der Stadt,Baden-Württemberg,Weil der Stadt,71263,8.873189074,48.7557357,4,2608241959,,2608242001,,h,1,Störung,,,,,,,15.0,17.0
5807496118620218109-2608241850-14,7254,2608241922,2608241922,1,,S,S2,Stuttgart Hbf|Stuttgart-Bad Cannstatt|Stuttgart Nürnberger Str.|Stuttgart-Sommerrain|Fellbach|Waiblingen|Rommelshausen|Stetten-Beinstein|Endersbach|Beutelsbach|Grunbach|Geradstetten|Winterbach(b Schorndorf),8006277,Weiler (Rems),Baden-Württemberg,Schorndorf,76314,9.501891172,48.80034585,5,2608241922,,2608241922,,,,,,,,,,,0.0,0.0
-3278481612433611047-2608241933-2,7261,2608241936,2608241936,2,,S,S2,Schorndorf,8006277,Weiler (Rems),Baden-Württemberg,Schorndorf,76314,9.501891172,48.80034585,5,2608241936,,2608241936,,,,,,,,,,,0.0,0.0
1183252318301173457-2608241903-2,7259,2608241906,2608241906,2,,S,S2,Schorndorf,8006277,Weiler (Rems),Baden-Württemberg,Schorndorf,76314,9.501891172,48.80034585,5,2608241906,,2608241906,,,,,,,,,,,0.0,0.0
-7422643584363790684-2608241920-14,7256,2608241952,2608241952,1,,S,S2,Stuttgart Hbf|Stuttgart-Bad Cannstatt|Stuttgart Nürnberger Str.|Stuttgart-Sommerrain|Fellbach|Waiblingen|Rommelshausen|Stetten-Beinstein|Endersbach|Beutelsbach|Grunbach|Geradstetten|Winterbach(b Schorndorf),8006277,Weiler (Rems),Baden-Württemberg,Schorndorf,76314,9.501891172,48.80034585,5,2608241954,,2608241955,,,,,,,,,,,2.0,3.0
-6153385815820538550-2608241825-13,7154,2608241902,2608241903,11,,S,S1,Stuttgart Hbf|Stuttgart-Bad Cannstatt|Stuttgart Neckarpark|Stuttgart-Untertürkheim|Stuttgart-Obertürkheim|Esslingen-Mettingen|Esslingen(Neckar)|Oberesslingen|Esslingen-Zell|Altbach|Plochingen|Wernau(Neckar),8006331,Wendlingen (Neckar),Baden-Württemberg,Wendlingen am Neckar,73240,9.373662098,48.67368917,3,2608241903,,2608241903,,,,,,,,,,,1.0,0.0
-7621325389408103009-2608241855-13,7156,2608241933,2608241933,11,,S,S1,Stuttgart Hbf|Stuttgart-Bad Cannstatt|Stuttgart Neckarpark|Stuttgart-Untertürkheim|Stuttgart-Obertürkheim|Esslingen-Mettingen|Esslingen(Neckar)|Oberesslingen|Esslingen-Zell|Altbach|Plochingen|Wernau(Neckar),8006331,Wendlingen (Neckar),Baden-Württemberg,Wendlingen am Neckar,73240,9.373662098,48.67368917,3,2608241939,,2608241940,,,,,,,,,,,6.0,7.0
2955399632672402425-2608241916-6,19244,2608241940,2608241941,1,,RE,MEX12,Reutlingen Hbf|Metzingen(Württ)|Bempflingen|Nürtingen|Oberboihingen,8006331,Wendlingen (Neckar),Baden-Württemberg,Wendlingen am Neckar,73240,9.373662098,48.67368917,3,2608241940,,2608241941,,,,,,,,,,,0.0,0.0
-6930448942701268015-2608241950-3,7163,2608241957,2608241958,12,,S,S1,Kirchheim(Teck)|Kirchheim(Teck)-Ötlingen,8006331,Wendlingen (Neckar),Baden-Württemberg,Wendlingen am Neckar,73240,9.373662098,48.67368917,3,2608241959,,2608242000,,,,,,,,,,,2.0,2.0
2465832744839134269-2608241924-1,16069,,2608241924,,,RE,RE200,,8006331,Wendlingen (Neckar),Baden-Württemberg,Wendlingen am Neckar,73240,9.373662098,48.67368917,3,,,2608241924,,,,,,,,,,,0.0,0.0
-6572211236779796534-2608241920-3,7161,2608241927,2608241928,12,,S,S1,Kirchheim(Teck)|Kirchheim(Teck)-Ötlingen,8006331,Wendlingen (Neckar),Baden-Württemberg,Wendlingen am Neckar,73240,9.373662098,48.67368917,3,2608241927,,2608241928,,,,,,,,,,,0.0,0.0
-8086480164976887343-2608241929-3,16070,2608241959,,3,,RE,,Ulm Hbf|Merklingen - Schwäbische Alb,8006331,Wendlingen (Neckar),Baden-Württemberg,Wendlingen am Neckar,73240,9.373662098,48.67368917,3,2608241959,,,,,,,,,,,,,0.0,0.0
6772228088550316376-2608241851-5,19239,2608241918,2608241918,2,,RE,MEX12,Stuttgart Hbf|Stuttgart-Bad Cannstatt|Esslingen(Neckar)|Plochingen,8006331,Wendlingen (Neckar),Baden-Württemberg,Wendlingen am Neckar,73240,9.373662098,48.67368917,3,2608241918,,2608241919,,,,,,,,,,,0.0,1.0
-7621325389408103009-2608241855-12,7156,2608241929,2608241929,2,,S,S1,Stuttgart Hbf|Stuttgart-Bad Cannstatt|Stuttgart Neckarpark|Stuttgart-Untertürkheim|Stuttgart-Obertürkheim|Esslingen-Mettingen|Esslingen(Neckar)|Oberesslingen|Esslingen-Zell|Altbach|Plochingen,8006346,Wernau (Neckar),Baden-Württemberg,Wernau (Neckar),73249,9.413654423,48.69417221,4,2608241936,,2608241936,,,,,,,,,,,7.0,7.0
8890019855766315038-2608241850-4,7159,2608241901,2608241901,1,,S,S1,Kirchheim(Teck)|Kirchheim(Teck)-Ötlingen|Wendlingen(Neckar),8006346,Wernau (Neckar),Baden-Württemberg,Wernau (Neckar),73249,9.413654423,48.69417221,4,2608241901,,2608241902,,,,,,,,,,,0.0,1.0
-6572211236779796534-2608241920-4,7161,2608241931,2608241931,1,,S,S1,Kirchheim(Teck)|Kirchheim(Teck)-Ötlingen|Wendlingen(Neckar),8006346,Wernau (Neckar),Baden-Württemberg,Wernau (Neckar),73249,9.413654423,48.69417221,4,2608241931,,2608241931,,,,,,,,,,,0.0,0.0
-1558425123957504280-2608241925-12,7158,2608241958,2608241959,2,,S,S1,Stuttgart Hbf|Stuttgart-Bad Cannstatt|Stuttgart Neckarpark|Stuttgart-Untertürkheim|Stuttgart-Obertürkheim|Esslingen-Mettingen|Esslingen(Neckar)|Oberesslingen|Esslingen-Zell|Altbach|Plochingen,8006346,Wernau (Neckar),Baden-Württemberg,Wernau (Neckar),73249,9.413654423,48.69417221,4,2608241958,,2608241959,,,,,,,,,,,0.0,0.0
7891754352984498965-2608241912-9,7356,2608241939,2608241939,2,,S,S3,Stuttgart Hbf|Stuttgart-Bad Cannstatt|Stuttgart Nürnberger Str.|Stuttgart-Sommerrain|Fellbach|Waiblingen|Neustadt-Hohenacker|Schwaikheim,8006479,Winnenden,Baden-Württemberg,Winnenden,71364,9.392155928,48.8795625,3,2608241942,,2608241943,,,,,,,,,,,3.0,4.0
3135614053194829594-2608241911-4,7359,2608241919,2608241920,3,,S,S3,Backnang|Maubach|Nellmersbach,8006479,Winnenden,Baden-Württemberg,Winnenden,71364,9.392155928,48.8795625,3,2608241922,,2608241922,,,,,,,,,,,3.0,2.0
4741716309245589308-2608241854-4,88625,2608241915,2608241916,2,,ARV,RE90,Stuttgart Hbf|Stuttgart-Bad Cannstatt|Waiblingen,8006479,Winnenden,Baden-Württemberg,Winnenden,71364,9.392155928,48.8795625,3,2608241915,,2608241916,,,,,,,,,,,0.0,0.0
3350894187046807511-2608241903-7,17558,2608241943,2608241944,3,,RE,MEX90,Schwäbisch Hall-Hessental|Gaildorf West|Murrhardt|Sulzbach(Murr)|Oppenweiler(Württ)|Backnang,8006479,Winnenden,Baden-Württemberg,Winnenden,71364,9.392155928,48.8795625,3,2608241948,,2608241948,,,,,,,,,,,5.0,4.0
7560393394993320684-2608241815-9,17556,2608241913,2608241914,3,,RB,MEX90,Schwäbisch Hall-Hessental|Gaildorf West|Fichtenberg|Fornsbach|Murrhardt|Sulzbach(Murr)|Oppenweiler(Württ)|Backnang,8006479,Winnenden,Baden-Württemberg,Winnenden,71364,9.392155928,48.8795625,3,2608241916,,2608241917,,,,,,,,,,,3.0,3.0
-6212403965013446492-2608241941-4,7361,2608241949,2608241950,3,,S,S3,Backnang|Maubach|Nellmersbach,8006479,Winnenden,Baden-Württemberg,Winnenden,71364,9.392155928,48.8795625,3,2608241954,,2608241955,,,,,,,,,,,5.0,5.0
-8665436956296760567-2608241842-9,7354,2608241909,2608241909,2,,S,S3,Stuttgart Hbf|Stuttgart-Bad Cannstatt|Stuttgart Nürnberger Str.|Stuttgart-Sommerrain|Fellbach|Waiblingen|Neustadt-Hohenacker|Schwaikheim,8006479,Winnenden,Baden-Württemberg,Winnenden,71364,9.392155928,48.8795625,3,2608241909,,2608241910,,,,,,,,,,,0.0,1.0
-7090282038887162588-2608241926-4,17551,2608241944,2608241945,2,,RB,MEX90,Stuttgart Hbf|Stuttgart-Bad Cannstatt|Waiblingen,8006479,Winnenden,Baden-Württemberg,Winnenden,71364,9.392155928,48.8795625,3,2608241951,,2608241952,,,,,,,,,,,7.0,7.0
5807496118620218109-2608241850-13,7254,2608241920,2608241920,2,,S,S2,Stuttgart Hbf|Stuttgart-Bad Cannstatt|Stuttgart Nürnberger Str.|Stuttgart-Sommerrain|Fellbach|Waiblingen|Rommelshausen|Stetten-Beinstein|Endersbach|Beutelsbach|Grunbach|Geradstetten,8006485,Winterbach (b Schorndorf),Baden-Württemberg,Winterbach,73650,9.481549751,48.79842743,4,2608241920,,2608241920,,,,,,,,,,,0.0,0.0
-3278481612433611047-2608241933-3,7261,2608241938,2608241938,1,,S,S2,Schorndorf|Weiler(Rems),8006485,Winterbach (b Schorndorf),Baden-Württemberg,Winterbach,73650,9.481549751,48.79842743,4,2608241938,,2608241938,,,,,,,,,,,0.0,0.0
1183252318301173457-2608241903-3,7259,2608241908,2608241908,1,,S,S2,Schorndorf|Weiler(Rems),8006485,Winterbach (b Schorndorf),Baden-Württemberg,Winterbach,73650,9.481549751,48.79842743,4,2608241908,,2608241908,,,,,,,,,,,0.0,0.0
-7422643584363790684-2608241920-13,7256,2608241950,2608241950,2,,S,S2,Stuttgart Hbf|Stuttgart-Bad Cannstatt|Stuttgart Nürnberger Str.|Stuttgart-Sommerrain|Fellbach|Waiblingen|Rommelshausen|Stetten-Beinstein|Endersbach|Beutelsbach|Grunbach|Geradstetten,8006485,Winterbach (b Schorndorf),Baden-Württemberg,Winterbach,73650,9.481549751,48.79842743,4,2608241952,,2608241953,,,,,,,,,,,2.0,3.0
-372852547875452905-2608241904-5,7057,2608241913,2608241914,1,,S,S60,Böblingen|Sindelfingen|Maichingen|Maichingen Nord,8003807,Magstadt,Baden-Württemberg,Magstadt,71106,8.965315746,48.73616033,6,2608241914,,2608241915,,,,,,,,,,,1.0,1.0
3128900407755296936-2608241934-5,7059,2608241943,2608241944,1,,S,S60,Böblingen|Sindelfingen|Maichingen|Maichingen Nord,8003807,Magstadt,Baden-Württemberg,Magstadt,71106,8.965315746,48.73616033,6,2608241945,,2608241946,,,,,,,,,,,2.0,2.0
-1986872159209865397-2608241908-12,7060,2608241945,2608241945,2,,S,S60,Stuttgart-Feuerbach|Stuttgart-Zuffenhausen|Neuwirtshaus(Porscheplatz)|Korntal|Weilimdorf|Ditzingen|Höfingen|Leonberg|Rutesheim|Renningen|Renningen Süd,8003807,Magstadt,Baden-Württemberg,Magstadt,71106,8.965315746,48.73616033,6,2608241945,,2608241946,,,,,,,,,,,0.0,1.0
1999917199815931661-2608241838-12,7058,2608241915,2608241915,2,,S,S60,Stuttgart-Feuerbach|Stuttgart-Zuffenhausen|Neuwirtshaus(Porscheplatz)|Korntal|Weilimdorf|Ditzingen|Höfingen|Leonberg|Rutesheim|Renningen|Renningen Süd,8003807,Magstadt,Baden-Württemberg,Magstadt,71106,8.965315746,48.73616033,6,2608241916,,2608241917,,,,,,,,,,,1.0,2.0
-372852547875452905-2608241904-4,7057,2608241911,2608241911,1,,S,S60,Böblingen|Sindelfingen|Maichingen,8003834,Maichingen Nord,Baden-Württemberg,Sindelfingen,71069,8.979416996,48.72750392,5,2608241912,,2608241913,,,,,,,,,,,1.0,2.0
3128900407755296936-2608241934-4,7059,2608241941,2608241941,1,,S,S60,Böblingen|Sindelfingen|Maichingen,8003834,Maichingen Nord,Baden-Württemberg,Sindelfingen,71069,8.979416996,48.72750392,5,2608241944,,2608241944,,,,,,,,,,,3.0,3.0
-1986872159209865397-2608241908-13,7060,2608241947,2608241947,2,,S,S60,Stuttgart-Feuerbach|Stuttgart-Zuffenhausen|Neuwirtshaus(Porscheplatz)|Korntal|Weilimdorf|Ditzingen|Höfingen|Leonberg|Rutesheim|Renningen|Renningen Süd|Magstadt,8003834,Maichingen Nord,Baden-Württemberg,Sindelfingen,71069,8.979416996,48.72750392,5,2608241948,,2608241948,,,,,,,,,,,1.0,1.0
1999917199815931661-2608241838-13,7058,2608241917,2608241917,2,,S,S60,Stuttgart-Feuerbach|Stuttgart-Zuffenhausen|Neuwirtshaus(Porscheplatz)|Korntal|Weilimdorf|Ditzingen|Höfingen|Leonberg|Rutesheim|Renningen|Renningen Süd|Magstadt,8003834,Maichingen Nord,Baden-Württemberg,Sindelfingen,71069,8.979416996,48.72750392,5,2608241919,,2608241919,,,,,,,,,,,2.0,2.0
-372852547875452905-2608241904-3,7057,2608241909,2608241910,1,,S,S60,Böblingen|Sindelfingen,8003808,Maichingen,Baden-Württemberg,Sindelfingen,71069,8.969606704,48.72162074,6,2608241910,,2608241911,,,,,,,,,,,1.0,1.0
3128900407755296936-2608241934-3,7059,2608241939,2608241940,1,,S,S60,Böblingen|Sindelfingen,8003808,Maichingen,Baden-Württemberg,Sindelfingen,71069,8.969606704,48.72162074,6,2608241941,,2608241942,,,,,,,,,,,2.0,2.0
-1986872159209865397-2608241908-14,7060,2608241949,2608241949,1,,S,S60,Stuttgart-Feuerbach|Stuttgart-Zuffenhausen|Neuwirtshaus(Porscheplatz)|Korntal|Weilimdorf|Ditzingen|Höfingen|Leonberg|Rutesheim|Renningen|Renningen Süd|Magstadt|Maichingen Nord,8003808,Maichingen,Baden-Württemberg,Sindelfingen,71069,8.969606704,48.72162074,6,2608241949,,2608241951,,,,,,,,,,,0.0,2.0
1999917199815931661-2608241838-14,7058,2608241919,2608241919,1,,S,S60,Stuttgart-Feuerbach|Stuttgart-Zuffenhausen|Neuwirtshaus(Porscheplatz)|Korntal|Weilimdorf|Ditzingen|Höfingen|Leonberg|Rutesheim|Renningen|Renningen Süd|Magstadt|Maichingen Nord,8003808,Maichingen,Baden-Württemberg,Sindelfingen,71069,8.969606704,48.72162074,6,2608241920,,2608241921,,,,,,,,,,,1.0,2.0
-372852547875452905-2608241904-6,7057,2608241917,2608241918,1,,S,S60,Böblingen|Sindelfingen|Maichingen|Maichingen Nord|Magstadt,8005001,Renningen Süd,Baden-Württemberg,Renningen,71272,8.932068278,48.76261937,6,2608241918,,2608241919,,,,,,,,,,,1.0,1.0
3128900407755296936-2608241934-6,7059,2608241947,2608241948,1,,S,S60,Böblingen|Sindelfingen|Maichingen|Maichingen Nord|Magstadt,8005001,Renningen Süd,Baden-Württemberg,Renningen,71272,8.932068278,48.76261937,6,2608241949,,2608241951,,,,,,,,,,,2.0,3.0
-1986872159209865397-2608241908-11,7060,2608241941,2608241941,2,,S,S60,Stuttgart-Feuerbach|Stuttgart-Zuffenhausen|Neuwirtshaus(Porscheplatz)|Korntal|Weilimdorf|Ditzingen|Höfingen|Leonberg|Rutesheim|Renningen,8005001,Renningen Süd,Baden-Württemberg,Renningen,71272,8.932068278,48.76261937,6,2608241941,,2608241942,,,,,,,,,,,0.0,1.0
1999917199815931661-2608241838-11,7058,2608241911,2608241911,2,,S,S60,Stuttgart-Feuerbach|Stuttgart-Zuffenhausen|Neuwirtshaus(Porscheplatz)|Korntal|Weilimdorf|Ditzingen|Höfingen|Leonberg|Rutesheim|Renningen,8005001,Renningen Süd,Baden-Württemberg,Renningen,71272,8.932068278,48.76261937,6,2608241912,,2608241913,,,,,,,,,,,1.0,2.0
