ID,train_number,planned_arrival,planned_departure,planned_platform,planned_status,category_train,train,path,eva_nr,station_name,station_state,station_city,station_zipcode,station_long,station_lat,station_category,changed_arrival,changed_platform_arrival,changed_departure,changed_platform_departure,message_status,priority,info,arrival_hidden,departure_hidden,arrival_path,departure_path,arrival_status,departure_status,arrival_delay_m,departure_delay_m
2298525024658281877-2608010025-10,7178,2608010050,2608010050,4,,S,S1,Stuttgart Hbf|Stuttgart-Bad Cannstatt|Stuttgart Neckarpark|Stuttgart-Untertürkheim|Stuttgart-Obertürkheim|Esslingen-Mettingen|Esslingen(Neckar)|Oberesslingen|Esslingen-Zell,8000508,Altbach,Baden-Württemberg,Altbach,73776,9.382434033,48.72031354,3,2608010050,,2608010051,,,,,,,,,,,0.0,1.0
8092363418274949423-2607312350-6,7179,2608010009,2608010010,3,,S,S1,Kirchheim(Teck)|Kirchheim(Teck)-Ötlingen|Wendlingen(Neckar)|Wernau(Neckar)|Plochingen,8000508,Altbach,Baden-Württemberg,Altbach,73776,9.382434033,48.72031354,3,2608010010,,2608010010,,,,,,,,,,,1.0,0.0
6181068125164198804-2607312355-10,7176,2608010020,2608010020,4,,S,S1,Stuttgart Hbf|Stuttgart-Bad Cannstatt|Stuttgart Neckarpark|Stuttgart-Untertürkheim|Stuttgart-Obertürkheim|Esslingen-Mettingen|Esslingen(Neckar)|Oberesslingen|Esslingen-Zell,8000508,Altbach,Baden-Württemberg,Altbach,73776,9.382434033,48.72031354,3,2608010020,,2608010021,,,,,,,,,,,0.0,1.0
-8775031481172421761-2608010020-6,7181,2608010039,2608010040,3,,S,S1,Kirchheim(Teck)|Kirchheim(Teck)-Ötlingen|Wendlingen(Neckar)|Wernau(Neckar)|Plochingen,8000508,Altbach,Baden-Württemberg,Altbach,73776,9.382434033,48.72031354,3,2608010039,,2608010040,,,,,,,,,,,0.0,0.0
-5842345505256526084-2607312357-7,7576,2608010017,2608010017,4,,S,S5,Stuttgart Hbf|Stuttgart Nordbahnhof|Stuttgart-Feuerbach|Stuttgart-Zuffenhausen|Kornwestheim Pbf|Ludwigsburg,8000630,Asperg,Baden-Württemberg,Asperg,71679,9.147977466,48.90725609,4,2608010017,,2608010017,,,,,,,,,,,0.0,0.0
8164387048971779418-2608010007-3,7579,2608010012,2608010013,3,,S,S5,Bietigheim-Bissingen|Tamm(Württ),8000630,Asperg,Baden-Württemberg,Asperg,71679,9.147977466,48.90725609,4,2608010013,,2608010014,,,,,,,,,,,1.0,1.0
-1059289875129037590-2608010027-7,7578,2608010047,2608010047,4,,S,S5,Stuttgart Hbf|Stuttgart Nordbahnhof|Stuttgart-Feuerbach|Stuttgart-Zuffenhausen|Kornwestheim Pbf|Ludwigsburg,8000630,Asperg,Baden-Württemberg,Asperg,71679,9.147977466,48.90725609,4,2608010047,,2608010048,,,,,,,,,,,0.0,1.0
1549583197322147811-2607312238-16,88652,2608010047,2608010047,4,,ARV,RE90,Nürnberg Hbf|Roßtal|Heilsbronn|Wicklesgreuth|Ansbach|Leutershausen-Wiedersbach|Dombühl|Schnelldorf|Crailsheim|Eckartshausen-Ilshofen|Schwäbisch Hall-Hessental|Gaildorf West|Murrhardt|Sulzbach(Murr)|Oppenweiler(Württ),8000016,Backnang,Baden-Württemberg,Backnang,71522,9.425986107,48.94264844,3,,,,,h,1,Bauarbeiten,,,,,c,c,0.0,0.0
414984855934234452-2607312332-7,17570,2608010006,2608010007,3,,RB,MEX19,Gaildorf West|Fichtenberg|Fornsbach|Murrhardt|Sulzbach(Murr)|Oppenweiler(Württ),8000016,Backnang,Baden-Württemberg,Backnang,71522,9.425986107,48.94264844,3,2608010006,,2608010008,,h,2,Bauarbeiten,,,,,,,0.0,1.0
-4175471405587783145-2608010007-14,7474,2608010052,,1,,S,,Stuttgart Hbf|Stuttgart Nordbahnhof|Stuttgart-Feuerbach|Stuttgart-Zuffenhausen|Kornwestheim Pbf|Ludwigsburg|Favoritepark|Freiberg(Neckar)|Benningen(Neckar)|Marbach(Neckar)|Erdmannhausen|Kirchberg(Murr)|Burgstall(Murr),8000016,Backnang,Baden-Württemberg,Backnang,71522,9.425986107,48.94264844,3,2608010051,,,,,,,,,,,,,-1.0,0.0
4235977593412169897-2607312342-12,7374,2608010018,,5,,S,,Stuttgart Hbf|Stuttgart-Bad Cannstatt|Stuttgart Nürnberger Str.|Stuttgart-Sommerrain|Fellbach|Waiblingen|Neustadt-Hohenacker|Schwaikheim|Winnenden|Nellmersbach|Maubach,8000016,Backnang,Baden-Württemberg,Backnang,71522,9.425986107,48.94264844,3,2608010019,,,,,,,,,,,,,1.0,0.0
-7954900908861678594-2608010026-2,17503,2608010058,2608010058,4,,RB,MEX90,Stuttgart Hbf,8000016,Backnang,Baden-Württemberg,Backnang,71522,9.425986107,48.94264844,3,2608010059,2,2608010101,2,h,1,Störung,,,,,,,1.0,3.0
8494074834215864068-2608010011-1,7379,,2608010011,,,S,S3,,8000016,Backnang,Baden-Württemberg,Backnang,71522,9.425986107,48.94264844,3,,,2608010011,,,,,,,,,,,0.0,0.0
6798625749353298235-2608010012-12,7376,2608010048,,5,,S,,Stuttgart Hbf|Stuttgart-Bad Cannstatt|Stuttgart Nürnberger Str.|Stuttgart-Sommerrain|Fellbach|Waiblingen|Neustadt-Hohenacker|Schwaikheim|Winnenden|Nellmersbach|Maubach,8000016,Backnang,Baden-Württemberg,Backnang,71522,9.425986107,48.94264844,3,2608010049,,,,,,,,,,,,,1.0,0.0
-4175471405587783145-2608010007-9,7474,2608010032,2608010033,1,,S,S4,Stuttgart Hbf|Stuttgart Nordbahnhof|Stuttgart-Feuerbach|Stuttgart-Zuffenhausen|Kornwestheim Pbf|Ludwigsburg|Favoritepark|Freiberg(Neckar),8000873,Benningen (Neckar),Baden-Württemberg,Benningen am Neckar,71726,9.244299075,48.94379773,5,2608010032,,2608010033,,,,,,,,,,,0.0,0.0
3008894599226717977-2607312337-9,7472,2608010002,2608010003,1,,S,S4,Stuttgart Hbf|Stuttgart Nordbahnhof|Stuttgart-Feuerbach|Stuttgart-Zuffenhausen|Kornwestheim Pbf|Ludwigsburg|Favoritepark|Freiberg(Neckar),8000873,Benningen (Neckar),Baden-Württemberg,Benningen am Neckar,71726,9.244299075,48.94379773,5,2608010004,,2608010004,,,,,,,,,,,2.0,1.0
1310577337143634619-2608010025-2,7479,2608010027,2608010027,2,,S,S4,Marbach(Neckar),8000873,Benningen (Neckar),Baden-Württemberg,Benningen am Neckar,71726,9.244299075,48.94379773,5,2608010027,,2608010028,,,,,,,,,,,0.0,1.0
6461875104419562950-2608010020-10,7276,2608010043,2608010043,1,,S,S2,Stuttgart Hbf|Stuttgart-Bad Cannstatt|Stuttgart Nürnberger Str.|Stuttgart-Sommerrain|Fellbach|Waiblingen|Rommelshausen|Stetten-Beinstein|Endersbach,8000934,Beutelsbach,Baden-Württemberg,Weinstadt,71384,9.38551589,48.81038925,5,2608010046,,2608010046,,h,1,Bauarbeiten,,,,,,,3.0,3.0
-6065798673451795825-2607312350-10,7274,2608010013,2608010013,1,,S,S2,Stuttgart Hbf|Stuttgart-Bad Cannstatt|Stuttgart Nürnberger Str.|Stuttgart-Sommerrain|Fellbach|Waiblingen|Rommelshausen|Stetten-Beinstein|Endersbach,8000934,Beutelsbach,Baden-Württemberg,Weinstadt,71384,9.38551589,48.81038925,5,2608010013,,2608010014,,h,1,Bauarbeiten,,,,,,,0.0,1.0
6570008134094305920-2608010003-6,7279,2608010015,2608010015,2,,S,S2,Schorndorf|Weiler(Rems)|Winterbach(b Schorndorf)|Geradstetten|Grunbach,8000934,Beutelsbach,Baden-Württemberg,Weinstadt,71384,9.38551589,48.81038925,5,2608010017,,2608010018,,h,1,Bauarbeiten,,,,,,,2.0,3.0
-8097229136581884814-2608010033-6,7281,2608010045,2608010045,2,,S,S2,Schorndorf|Weiler(Rems)|Winterbach(b Schorndorf)|Geradstetten|Grunbach,8000934,Beutelsbach,Baden-Württemberg,Weinstadt,71384,9.38551589,48.81038925,5,2608010046,,2608010046,,h,1,Bauarbeiten,,,,,,,1.0,1.0
-5842345505256526084-2607312357-9,7576,2608010024,,5,,S,,Stuttgart Hbf|Stuttgart Nordbahnhof|Stuttgart-Feuerbach|Stuttgart-Zuffenhausen|Kornwestheim Pbf|Ludwigsburg|Asperg|Tamm(Württ),8000038,Bietigheim-Bissingen,Baden-Württemberg,Bietigheim-Bissingen,74321,9.137217396,48.94794988,2,2608010024,6,,,,,,,,,,,,0.0,0.0
-2156184823073248932-2608010023-3,19584,2608010039,2608010040,7,,RE,MEX17,Stuttgart Hbf|Ludwigsburg,8000038,Bietigheim-Bissingen,Baden-Württemberg,Bietigheim-Bissingen,74321,9.137217396,48.94794988,2,2608010041,,2608010043,,,,,,,,,,,2.0,3.0
-4648549312800637119-2607312314-6,19250,2607312358,2608010000,10,,RE,MEX18,Plochingen|Esslingen(Neckar)|Stuttgart-Bad Cannstatt|Stuttgart Hbf|Ludwigsburg,8000038,Bietigheim-Bissingen,Baden-Württemberg,Bietigheim-Bissingen,74321,9.137217396,48.94794988,2,,,,,h,2,Störung,,,,,c,c,0.0,0.0
503863255708873152-2607312305-12,19364,2608010035,2608010036,10,,RE,MEX12,Tübingen Hbf|Reutlingen Hbf|Metzingen(Württ)|Bempflingen|Nürtingen|Oberboihingen|Wendlingen(Neckar)|Plochingen|Esslingen(Neckar)|Kornwestheim Pbf|Ludwigsburg,8000038,Bietigheim-Bissingen,Baden-Württemberg,Bietigheim-Bissingen,74321,9.137217396,48.94794988,2,2608010035,,2608010036,,h,2,Störung,,,,,,,0.0,0.0
8164387048971779418-2608010007-1,7579,,2608010007,,,S,S5,,8000038,Bietigheim-Bissingen,Baden-Württemberg,Bietigheim-Bissingen,74321,9.137217396,48.94794988,2,,,2608010007,6,,,,,,,,,,0.0,0.0
575051924010749743-2607312357-7,19377,2608010022,2608010027,8,,RE,MEX12,Heilbronn Hbf|Nordheim(Württ)|Lauffen(Neckar)|Kirchheim(Neckar)|Walheim(Württ)|Besigheim,8000038,Bietigheim-Bissingen,Baden-Württemberg,Bietigheim-Bissingen,74321,9.137217396,48.94794988,2,2608010135,,2608010137,,,,,,,Heilbronn Hbf|Nordheim(Württ)|Lauffen(Neckar)|Kirchheim(Neckar)|Walheim(Württ)|Besigheim,Ludwigsburg|Stuttgart Hbf,,,73.0,70.0
-5764140322882206759-2608010021-1,19373,,2608010021,,,RE,MEX17,,8000038,Bietigheim-Bissingen,Baden-Württemberg,Bietigheim-Bissingen,74321,9.137217396,48.94794988,2,,,2608010023,,,,,,,,,,,0.0,2.0
-1059289875129037590-2608010027-9,7578,2608010054,,5,,S,,Stuttgart Hbf|Stuttgart Nordbahnhof|Stuttgart-Feuerbach|Stuttgart-Zuffenhausen|Kornwestheim Pbf|Ludwigsburg|Asperg|Tamm(Württ),8000038,Bietigheim-Bissingen,Baden-Württemberg,Bietigheim-Bissingen,74321,9.137217396,48.94794988,2,2608010054,6,,,,,,,,,,,,0.0,0.0
-1459141203769340300-2608010016-4,7777,2608010030,2608010030,4,,S,S1,Stuttgart-Vaihingen|Stuttgart-Rohr|Goldberg(Württ),8001055,Böblingen,Baden-Württemberg,Böblingen,71034,9.004531864,48.68784871,3,2608010030,,2608010031,,,,,,,,,,,0.0,1.0
-2978262493163587752-2608010016-6,7780,2608010030,2608010030,3,,S,S1,Herrenberg|Nufringen|Gärtringen|Ehningen(b Böblingen)|Hulb,8001055,Böblingen,Baden-Württemberg,Böblingen,71034,9.004531864,48.68784871,3,2608010031,,2608010032,,,,,,,,,,,1.0,2.0
-3702197453825054100-2608010018-3,4779,2608010042,2608010043,,,RE,RE14a,Stuttgart Hbf|Stuttgart-Vaihingen,8001055,Böblingen,Baden-Württemberg,Böblingen,71034,9.004531864,48.68784871,3,2608010042,4,2608010043,4,,,,,,,,,,0.0,0.0
-4429961813474362097-2608010002-12,8001,2608010025,,1,,WEG,,Dettenhausen|Weil im Schönbuch Untere Halde|Weil im Schönbuch Röte|Weil im Schönbuch Troppel|Holzgerlingen Buch|Holzgerlingen Bf|Holzgerlingen Hülben|Böblingen Zimmerschlag|Böblingen Heusteigstr|Böblingen Südbf|Böblingen Danziger Str,8001055,Böblingen,Baden-Württemberg,Böblingen,71034,9.004531864,48.68784871,3,2608010025,,,,,,,,,,,,,0.0,0.0
-6259882265361652539-2608010035-1,8004,,2608010035,,,WEG,RB46,,8001055,Böblingen,Baden-Württemberg,Böblingen,71034,9.004531864,48.68784871,3,,,2608010035,,,,,,,,,,,0.0,0.0
3135343690013222861-2608010009-7,7078,2608010026,,5,,S,,Renningen|Renningen Süd|Magstadt|Maichingen Nord|Maichingen|Sindelfingen,8001055,Böblingen,Baden-Württemberg,Böblingen,71034,9.004531864,48.68784871,3,2608010026,,,,,,,,,,,,,0.0,0.0
3254218711381615406-2607312346-4,7775,2608010000,2608010000,4,,S,S1,Stuttgart-Vaihingen|Stuttgart-Rohr|Goldberg(Württ),8001055,Böblingen,Baden-Württemberg,Böblingen,71034,9.004531864,48.68784871,3,2608010000,,2608010001,,,,,,,,,,,0.0,1.0
-8774147686098078692-2608010004-1,7077,,2608010004,,,S,S60,,8001055,Böblingen,Baden-Württemberg,Böblingen,71034,9.004531864,48.68784871,3,,,2608010004,,,,,,,,,,,0.0,0.0
-9074467080985277700-2608010034-1,7079,,2608010034,,,S,S60,,8001055,Böblingen,Baden-Württemberg,Böblingen,71034,9.004531864,48.68784871,3,,,2608010034,,,,,,,,,,,0.0,0.0
4991213592121918551-2607312346-6,7778,2608010000,2608010000,3,,S,S1,Herrenberg|Nufringen|Gärtringen|Ehningen(b Böblingen)|Hulb,8001055,Böblingen,Baden-Württemberg,Böblingen,71034,9.004531864,48.68784871,3,2608010001,,2608010001,,,,,,,,,,,1.0,1.0
4489850678279006572-2608010005-1,8000,,2608010005,,,WEG,RB46,,8001055,Böblingen,Baden-Württemberg,Böblingen,71034,9.004531864,48.68784871,3,,,2608010005,,,,,,,,,,,0.0,0.0
-4175471405587783145-2608010007-13,7474,2608010047,2608010047,1,,S,S4,Stuttgart Hbf|Stuttgart Nordbahnhof|Stuttgart-Feuerbach|Stuttgart-Zuffenhausen|Kornwestheim Pbf|Ludwigsburg|Favoritepark|Freiberg(Neckar)|Benningen(Neckar)|Marbach(Neckar)|Erdmannhausen|Kirchberg(Murr),8001296,Burgstall (Murr),Baden-Württemberg,Burgstetten,71576,9.36973562,48.92851826,6,2608010047,,2608010047,,,,,,,,,,,0.0,0.0
7735692879743924898-2608010017-8,7676,2608010036,2608010036,2,,S,S6,Stuttgart Hbf|Stuttgart Nordbahnhof|Stuttgart-Feuerbach|Stuttgart-Zuffenhausen|Neuwirtshaus(Porscheplatz)|Korntal|Weilimdorf,8001476,Ditzingen,Baden-Württemberg,Ditzingen,71254,9.067095186,48.82358726,4,2608010036,,2608010036,,,,,,,,,,,0.0,0.0
-2875027575093930885-2608010003-7,7679,2608010024,2608010024,3,,S,S6,Weil der Stadt|Malmsheim|Renningen|Rutesheim|Leonberg|Höfingen,8001476,Ditzingen,Baden-Württemberg,Ditzingen,71254,9.067095186,48.82358726,4,2608010024,,2608010024,,,,,,,,,,,0.0,0.0
7251830197396160216-2607312347-8,7674,2608010006,2608010006,2,,S,S6,Stuttgart Hbf|Stuttgart Nordbahnhof|Stuttgart-Feuerbach|Stuttgart-Zuffenhausen|Neuwirtshaus(Porscheplatz)|Korntal|Weilimdorf,8001476,Ditzingen,Baden-Württemberg,Ditzingen,71254,9.067095186,48.82358726,4,2608010006,,2608010007,,,,,,,,,,,0.0,1.0
1391287489183680041-2608010035-5,7979,2608010049,2608010050,1,,S,S2,Stuttgart-Vaihingen|Stuttgart-Rohr|Oberaichen|Leinfelden,8001650,Echterdingen,Baden-Württemberg,Echterdingen,70771,9.169307175,48.69214787,4,2608010049,,2608010050,,,,,,,,,,,0.0,0.0
3605325443872813677-2608010005-5,7977,2608010019,2608010020,1,,S,S2,Stuttgart-Vaihingen|Stuttgart-Rohr|Oberaichen|Leinfelden,8001650,Echterdingen,Baden-Württemberg,Echterdingen,70771,9.169307175,48.69214787,4,2608010019,,2608010020,,,,,,,,,,,0.0,0.0
5905216437651592640-2608010003-3,7976,2608010010,2608010010,2,,S,S2,Filderstadt|Stuttgart Flughafen/Messe,8001650,Echterdingen,Baden-Württemberg,Echterdingen,70771,9.169307175,48.69214787,4,2608010010,,2608010010,,,,,,,,,,,0.0,0.0
-7276272804962501987-2608010033-3,7978,2608010040,2608010040,2,,S,S2,Filderstadt|Stuttgart Flughafen/Messe,8001650,Echterdingen,Baden-Württemberg,Echterdingen,70771,9.169307175,48.69214787,4,2608010040,,2608010040,,,,,,,,,,,0.0,0.0
-1459141203769340300-2608010016-6,7777,2608010035,2608010035,1,,S,S1,Stuttgart-Vaihingen|Stuttgart-Rohr|Goldberg(Württ)|Böblingen|Hulb,8001689,Ehningen (b Böblingen),Baden-Württemberg,Ehningen,71139,8.944310368,48.66275549,4,2608010035,2,2608010036,2,,,,,,,,,,0.0,1.0
-2978262493163587752-2608010016-4,7780,2608010025,2608010025,1,,S,S1,Herrenberg|Nufringen|Gärtringen,8001689,Ehningen (b Böblingen),Baden-Württemberg,Ehningen,71139,8.944310368,48.66275549,4,2608010026,,2608010026,,,,,,,,,,,1.0,1.0
3254218711381615406-2607312346-6,7775,2608010005,2608010005,1,,S,S1,Stuttgart-Vaihingen|Stuttgart-Rohr|Goldberg(Württ)|Böblingen|Hulb,8001689,Ehningen (b Böblingen),Baden-Württemberg,Ehningen,71139,8.944310368,48.66275549,4,2608010005,2,2608010006,2,,,,,,,,,,0.0,1.0
6461875104419562950-2608010020-9,7276,2608010041,2608010041,2,,S,S2,Stuttgart Hbf|Stuttgart-Bad Cannstatt|Stuttgart Nürnberger Str.|Stuttgart-Sommerrain|Fellbach|Waiblingen|Rommelshausen|Stetten-Beinstein,8001785,Endersbach,Baden-Württemberg,Weinstadt,71384,9.370192421,48.81317323,4,2608010044,,2608010044,,h,1,Bauarbeiten,,,,,,,3.0,3.0
-6065798673451795825-2607312350-9,7274,2608010011,2608010011,2,,S,S2,Stuttgart Hbf|Stuttgart-Bad Cannstatt|Stuttgart Nürnberger Str.|Stuttgart-Sommerrain|Fellbach|Waiblingen|Rommelshausen|Stetten-Beinstein,8001785,Endersbach,Baden-Württemberg,Weinstadt,71384,9.370192421,48.81317323,4,2608010012,,2608010012,,h,1,Bauarbeiten,,,,,,,1.0,1.0
6570008134094305920-2608010003-7,7279,2608010017,2608010017,3,,S,S2,Schorndorf|Weiler(Rems)|Winterbach(b Schorndorf)|Geradstetten|Grunbach|Beutelsbach,8001785,Endersbach,Baden-Württemberg,Weinstadt,71384,9.370192421,48.81317323,4,2608010019,,2608010020,,h,1,Bauarbeiten,,,,,,,2.0,3.0
-8097229136581884814-2608010033-7,7281,2608010047,2608010047,3,,S,S2,Schorndorf|Weiler(Rems)|Winterbach(b Schorndorf)|Geradstetten|Grunbach|Beutelsbach,8001785,Endersbach,Baden-Württemberg,Weinstadt,71384,9.370192421,48.81317323,4,2608010048,,2608010048,,h,1,Bauarbeiten,,,,,,,1.0,1.0
-4175471405587783145-2608010007-11,7474,2608010040,2608010040,1,,S,S4,Stuttgart Hbf|Stuttgart Nordbahnhof|Stuttgart-Feuerbach|Stuttgart-Zuffenhausen|Kornwestheim Pbf|Ludwigsburg|Favoritepark|Freiberg(Neckar)|Benningen(Neckar)|Marbach(Neckar),8001827,Erdmannhausen,Baden-Württemberg,Erdmannhausen,71729,9.298930848,48.9483447,6,2608010040,,2608010040,,,,,,,,,,,0.0,0.0
-5928511114991419671-2608010054-1,19189,,2608010054,,,ARV,MEX16,,8001920,Esslingen (Neckar),Baden-Württemberg,Esslingen am Neckar,73728,9.300578149,48.73854148,3,,,2608010055,,,,,,,,,,,0.0,1.0
2298525024658281877-2608010025-7,7178,2608010042,2608010043,8,,S,S1,Stuttgart Hbf|Stuttgart-Bad Cannstatt|Stuttgart Neckarpark|Stuttgart-Untertürkheim|Stuttgart-Obertürkheim|Esslingen-Mettingen,8001920,Esslingen (Neckar),Baden-Württemberg,Esslingen am Neckar,73728,9.300578149,48.73854148,3,2608010042,,2608010043,,,,,,,,,,,0.0,0.0
-6232403407797161851-2607312236-20,19184,2608010004,,3,,ARV,,Ulm Hbf|Beimerstetten|Westerstetten|Lonsee|Urspring|Amstetten(Württ)|Geislingen(Steige)|Geislingen(Steige)West|Kuchen|Gingen(Fils)|Süßen|Salach|Eislingen(Fils)|Göppingen|Faurndau|Uhingen|Ebersbach(Fils)|Reichenbach(Fils)|Plochingen,8001920,Esslingen (Neckar),Baden-Württemberg,Esslingen am Neckar,73728,9.300578149,48.73854148,3,2608010006,5,,,,,,,,,,,,2.0,0.0
8092363418274949423-2607312350-9,7179,2608010017,2608010017,7,,S,S1,Kirchheim(Teck)|Kirchheim(Teck)-Ötlingen|Wendlingen(Neckar)|Wernau(Neckar)|Plochingen|Altbach|Esslingen-Zell|Oberesslingen,8001920,Esslingen (Neckar),Baden-Württemberg,Esslingen am Neckar,73728,9.300578149,48.73854148,3,2608010017,,2608010018,,,,,,,,,,,0.0,1.0
-7897404026215875608-2608010015-1,19187,,2608010015,,,ARV,MEX16,,8001920,Esslingen (Neckar),Baden-Württemberg,Esslingen am Neckar,73728,9.300578149,48.73854148,3,,,2608010018,,,,,,,,,,,0.0,3.0
6181068125164198804-2607312355-7,7176,2608010012,2608010013,8,,S,S1,Stuttgart Hbf|Stuttgart-Bad Cannstatt|Stuttgart Neckarpark|Stuttgart-Untertürkheim|Stuttgart-Obertürkheim|Esslingen-Mettingen,8001920,Esslingen (Neckar),Baden-Württemberg,Esslingen am Neckar,73728,9.300578149,48.73854148,3,2608010012,,2608010013,,,,,,,,,,,0.0,0.0
-4544555874310930360-2607312315-5,4236,2608010009,2608010010,3,,RE,RE5,Ulm Hbf|Geislingen(Steige)|Göppingen|Plochingen,8001920,Esslingen (Neckar),Baden-Württemberg,Esslingen am Neckar,73728,9.300578149,48.73854148,3,2608010014,7,2608010015,7,h,2,Störung,,,,,,,5.0,5.0
6942066076921155059-2608010014-2,19342,2608010020,2608010021,3,,RE,MEX18,Plochingen,8001920,Esslingen (Neckar),Baden-Württemberg,Esslingen am Neckar,73728,9.300578149,48.73854148,3,2608010020,,2608010021,,,,,,,,,c,c,0.0,0.0
503863255708873152-2607312305-9,19364,2607312355,2608010000,3,,RE,MEX12,Tübingen Hbf|Reutlingen Hbf|Metzingen(Württ)|Bempflingen|Nürtingen|Oberboihingen|Wendlingen(Neckar)|Plochingen,8001920,Esslingen (Neckar),Baden-Württemberg,Esslingen am Neckar,73728,9.300578149,48.73854148,3,2607312356,,2608010000,,h,2,Störung,,,,,,,1.0,0.0
-4359664030948879851-2607312348-14,19186,2608010040,,3,,ARV,,Geislingen(Steige)|Geislingen(Steige)West|Kuchen|Gingen(Fils)|Süßen|Salach|Eislingen(Fils)|Göppingen|Faurndau|Uhingen|Ebersbach(Fils)|Reichenbach(Fils)|Plochingen,8001920,Esslingen (Neckar),Baden-Württemberg,Esslingen am Neckar,73728,9.300578149,48.73854148,3,2608010040,5,,,,,,,,,,,,0.0,0.0
-6491793160727462036-2608010047-3,19343,2608010059,2608010100,5,,RE,MEX12,Stuttgart Hbf|Stuttgart-Bad Cannstatt,8001920,Esslingen (Neckar),Baden-Württemberg,Esslingen am Neckar,73728,9.300578149,48.73854148,3,2608010101,8,2608010102,8,,,,,,,,,,2.0,2.0
-8775031481172421761-2608010020-9,7181,2608010047,2608010047,7,,S,S1,Kirchheim(Teck)|Kirchheim(Teck)-Ötlingen|Wendlingen(Neckar)|Wernau(Neckar)|Plochingen|Altbach|Esslingen-Zell|Oberesslingen,8001920,Esslingen (Neckar),Baden-Württemberg,Esslingen am Neckar,73728,9.300578149,48.73854148,3,2608010047,,2608010048,,,,,,,,,,,0.0,1.0
2298525024658281877-2608010025-6,7178,2608010039,2608010039,4,,S,S1,Stuttgart Hbf|Stuttgart-Bad Cannstatt|Stuttgart Neckarpark|Stuttgart-Untertürkheim|Stuttgart-Obertürkheim,8001921,Esslingen-Mettingen,Baden-Württemberg,Esslingen am Neckar,73733,9.275799007,48.74696655,3,2608010040,,2608010040,,,,,,,,,,,1.0,1.0
8092363418274949423-2607312350-10,7179,2608010019,2608010020,3,,S,S1,Kirchheim(Teck)|Kirchheim(Teck)-Ötlingen|Wendlingen(Neckar)|Wernau(Neckar)|Plochingen|Altbach|Esslingen-Zell|Oberesslingen|Esslingen(Neckar),8001921,Esslingen-Mettingen,Baden-Württemberg,Esslingen am Neckar,73733,9.275799007,48.74696655,3,2608010020,,2608010021,,,,,,,,,,,1.0,1.0
6181068125164198804-2607312355-6,7176,2608010009,2608010009,4,,S,S1,Stuttgart Hbf|Stuttgart-Bad Cannstatt|Stuttgart Neckarpark|Stuttgart-Untertürkheim|Stuttgart-Obertürkheim,8001921,Esslingen-Mettingen,Baden-Württemberg,Esslingen am Neckar,73733,9.275799007,48.74696655,3,2608010009,,2608010010,,,,,,,,,,,0.0,1.0
-8775031481172421761-2608010020-10,7181,2608010049,2608010050,3,,S,S1,Kirchheim(Teck)|Kirchheim(Teck)-Ötlingen|Wendlingen(Neckar)|Wernau(Neckar)|Plochingen|Altbach|Esslingen-Zell|Oberesslingen|Esslingen(Neckar),8001921,Esslingen-Mettingen,Baden-Württemberg,Esslingen am Neckar,73733,9.275799007,48.74696655,3,2608010050,,2608010050,,,,,,,,,,,1.0,0.0
2298525024658281877-2608010025-9,7178,2608010047,2608010048,4,,S,S1,Stuttgart Hbf|Stuttgart-Bad Cannstatt|Stuttgart Neckarpark|Stuttgart-Untertürkheim|Stuttgart-Obertürkheim|Esslingen-Mettingen|Esslingen(Neckar)|Oberesslingen,8006642,Esslingen-Zell,Baden-Württemberg,Esslingen am Neckar,73730,9.359739507,48.72436142,3,2608010048,,2608010049,,,,,,,,,,,1.0,1.0
8092363418274949423-2607312350-7,7179,2608010012,2608010012,3,,S,S1,Kirchheim(Teck)|Kirchheim(Teck)-Ötlingen|Wendlingen(Neckar)|Wernau(Neckar)|Plochingen|Altbach,8006642,Esslingen-Zell,Baden-Württemberg,Esslingen am Neckar,73730,9.359739507,48.72436142,3,2608010012,,2608010013,,,,,,,,,,,0.0,1.0
6181068125164198804-2607312355-9,7176,2608010017,2608010018,4,,S,S1,Stuttgart Hbf|Stuttgart-Bad Cannstatt|Stuttgart Neckarpark|Stuttgart-Untertürkheim|Stuttgart-Obertürkheim|Esslingen-Mettingen|Esslingen(Neckar)|Oberesslingen,8006642,Esslingen-Zell,Baden-Württemberg,Esslingen am Neckar,73730,9.359739507,48.72436142,3,2608010017,,2608010018,,,,,,,,,,,0.0,0.0
-8775031481172421761-2608010020-7,7181,2608010042,2608010042,3,,S,S1,Kirchheim(Teck)|Kirchheim(Teck)-Ötlingen|Wendlingen(Neckar)|Wernau(Neckar)|Plochingen|Altbach,8006642,Esslingen-Zell,Baden-Württemberg,Esslingen am Neckar,73730,9.359739507,48.72436142,3,2608010042,,2608010042,,,,,,,,,,,0.0,0.0
-4175471405587783145-2608010007-7,7474,2608010026,2608010026,1,,S,S4,Stuttgart Hbf|Stuttgart Nordbahnhof|Stuttgart-Feuerbach|Stuttgart-Zuffenhausen|Kornwestheim Pbf|Ludwigsburg,8001967,Favoritepark,Baden-Württemberg,Ludwigsburg,71634,9.180574277,48.90948451,5,2608010026,,2608010026,,,,,,,,,,,0.0,0.0
7846954886947346104-2608010037-7,7476,2608010056,2608010056,1,,S,S4,Stuttgart Hbf|Stuttgart Nordbahnhof|Stuttgart-Feuerbach|Stuttgart-Zuffenhausen|Kornwestheim Pbf|Ludwigsburg,8001967,Favoritepark,Baden-Württemberg,Ludwigsburg,71634,9.180574277,48.90948451,5,2608010057,,2608010058,,,,,,,,,,,1.0,2.0
1310577337143634619-2608010025-4,7479,2608010033,2608010034,2,,S,S4,Marbach(Neckar)|Benningen(Neckar)|Freiberg(Neckar),8001967,Favoritepark,Baden-Württemberg,Ludwigsburg,71634,9.180574277,48.90948451,5,2608010033,,2608010034,,,,,,,,,,,0.0,0.0
2977099434128495599-2607312355-4,7477,2608010003,2608010004,2,,S,S4,Marbach(Neckar)|Benningen(Neckar)|Freiberg(Neckar),8001967,Favoritepark,Baden-Württemberg,Ludwigsburg,71634,9.180574277,48.90948451,5,2608010003,,2608010004,,,,,,,,,,,0.0,0.0
8924619333411272467-2608010042-5,7378,2608010056,2608010057,1,,S,S3,Stuttgart Hbf|Stuttgart-Bad Cannstatt|Stuttgart Nürnberger Str.|Stuttgart-Sommerrain,8001974,Fellbach,Baden-Württemberg,Fellbach,70736,9.270645988,48.8202936,3,2608010103,,2608010104,,,,,,,,,,,7.0,7.0
6461875104419562950-2608010020-5,7276,2608010031,2608010032,1,,S,S2,Stuttgart Hbf|Stuttgart-Bad Cannstatt|Stuttgart Nürnberger Str.|Stuttgart-Sommerrain,8001974,Fellbach,Baden-Württemberg,Fellbach,70736,9.270645988,48.8202936,3,2608010032,,2608010033,,h,1,Bauarbeiten,,,,,,,1.0,1.0
-6065798673451795825-2607312350-5,7274,2608010001,2608010002,1,,S,S2,Stuttgart Hbf|Stuttgart-Bad Cannstatt|Stuttgart Nürnberger Str.|Stuttgart-Sommerrain,8001974,Fellbach,Baden-Württemberg,Fellbach,70736,9.270645988,48.8202936,3,2608010001,,2608010002,,h,1,Bauarbeiten,,,,,,,0.0,0.0
6570008134094305920-2608010003-11,7279,2608010027,2608010028,4,,S,S2,Schorndorf|Weiler(Rems)|Winterbach(b Schorndorf)|Geradstetten|Grunbach|Beutelsbach|Endersbach|Stetten-Beinstein|Rommelshausen|Waiblingen,8001974,Fellbach,Baden-Württemberg,Fellbach,70736,9.270645988,48.8202936,3,2608010030,,2608010032,,h,1,Bauarbeiten,,,,,,,3.0,4.0
-7120372043677331542-2607312341-8,7377,2608010002,2608010003,4,,S,S3,Backnang|Maubach|Nellmersbach|Winnenden|Schwaikheim|Neustadt-Hohenacker|Waiblingen,8001974,Fellbach,Baden-Württemberg,Fellbach,70736,9.270645988,48.8202936,3,2608010002,,2608010006,,,,,,,,,,,0.0,3.0
8494074834215864068-2608010011-8,7379,2608010032,2608010033,4,,S,S3,Backnang|Maubach|Nellmersbach|Winnenden|Schwaikheim|Neustadt-Hohenacker|Waiblingen,8001974,Fellbach,Baden-Württemberg,Fellbach,70736,9.270645988,48.8202936,3,2608010034,,2608010036,,,,,,,,,,,2.0,3.0
-8097229136581884814-2608010033-11,7281,2608010057,2608010058,4,,S,S2,Schorndorf|Weiler(Rems)|Winterbach(b Schorndorf)|Geradstetten|Grunbach|Beutelsbach|Endersbach|Stetten-Beinstein|Rommelshausen|Waiblingen,8001974,Fellbach,Baden-Württemberg,Fellbach,70736,9.270645988,48.8202936,3,2608010057,,2608010058,,h,1,Bauarbeiten,,,,,,,0.0,0.0
6798625749353298235-2608010012-5,7376,2608010026,2608010027,1,,S,S3,Stuttgart Hbf|Stuttgart-Bad Cannstatt|Stuttgart Nürnberger Str.|Stuttgart-Sommerrain,8001974,Fellbach,Baden-Württemberg,Fellbach,70736,9.270645988,48.8202936,3,2608010026,,2608010027,,,,,,,,,,,0.0,0.0
1391287489183680041-2608010035-6,7979,2608010052,2608010053,1,,S,S2,Stuttgart-Vaihingen|Stuttgart-Rohr|Oberaichen|Leinfelden|Echterdingen,8005768,Stuttgart Flughafen/Messe,Baden-Württemberg,Leinfelden-Echterdingen,70629,9.193411574,48.69075193,4,2608010052,,2608010053,,,,,,,,,,,0.0,0.0
3605325443872813677-2608010005-6,7977,2608010022,2608010023,1,,S,S2,Stuttgart-Vaihingen|Stuttgart-Rohr|Oberaichen|Leinfelden|Echterdingen,8005768,Stuttgart Flughafen/Messe,Baden-Württemberg,Leinfelden-Echterdingen,70629,9.193411574,48.69075193,4,2608010022,,2608010023,,,,,,,,,,,0.0,0.0
5905216437651592640-2608010003-2,7976,2608010007,2608010008,2,,S,S2,Filderstadt,8005768,Stuttgart Flughafen/Messe,Baden-Württemberg,Leinfelden-Echterdingen,70629,9.193411574,48.69075193,4,2608010007,,2608010008,,,,,,,,,,,0.0,0.0
-7276272804962501987-2608010033-2,7978,2608010037,2608010038,2,,S,S2,Filderstadt,8005768,Stuttgart Flughafen/Messe,Baden-Württemberg,Leinfelden-Echterdingen,70629,9.193411574,48.69075193,4,2608010037,,2608010038,,,,,,,,,,,0.0,0.0
-4175471405587783145-2608010007-8,7474,2608010029,2608010029,3,,S,S4,Stuttgart Hbf|Stuttgart Nordbahnhof|Stuttgart-Feuerbach|Stuttgart-Zuffenhausen|Kornwestheim Pbf|Ludwigsburg|Favoritepark,8002065,Freiberg (Neckar),Baden-Württemberg,Freiberg am Neckar,71691,9.197530085,48.92994974,5,2608010029,,2608010029,,,,,,,,,,,0.0,0.0
7846954886947346104-2608010037-8,7476,2608010059,2608010059,3,,S,S4,Stuttgart Hbf|Stuttgart Nordbahnhof|Stuttgart-Feuerbach|Stuttgart-Zuffenhausen|Kornwestheim Pbf|Ludwigsburg|Favoritepark,8002065,Freiberg (Neckar),Baden-Württemberg,Freiberg am Neckar,71691,9.197530085,48.92994974,5,2608010100,,2608010101,,,,,,,,,,,1.0,2.0
1310577337143634619-2608010025-3,7479,2608010030,2608010031,2,,S,S4,Marbach(Neckar)|Benningen(Neckar),8002065,Freiberg (Neckar),Baden-Württemberg,Freiberg am Neckar,71691,9.197530085,48.92994974,5,2608010030,,2608010031,,,,,,,,,,,0.0,0.0
2977099434128495599-2607312355-3,7477,2608010000,2608010001,2,,S,S4,Marbach(Neckar)|Benningen(Neckar),8002065,Freiberg (Neckar),Baden-Württemberg,Freiberg am Neckar,71691,9.197530085,48.92994974,5,2608010000,,2608010001,,,,,,,,,,,0.0,0.0
-1459141203769340300-2608010016-7,7777,2608010038,2608010038,1,,S,S1,Stuttgart-Vaihingen|Stuttgart-Rohr|Goldberg(Württ)|Böblingen|Hulb|Ehningen(b Böblingen),8002165,Gärtringen,Baden-Württemberg,Gärtringen,71116,8.908864487,48.64080021,5,2608010039,,2608010040,,,,,,,,,,,1.0,2.0
-2978262493163587752-2608010016-3,7780,2608010022,2608010022,2,,S,S1,Herrenberg|Nufringen,8002165,Gärtringen,Baden-Württemberg,Gärtringen,71116,8.908864487,48.64080021,5,2608010023,,2608010023,,,,,,,,,,,1.0,1.0
3254218711381615406-2607312346-7,7775,2608010008,2608010008,1,,S,S1,Stuttgart-Vaihingen|Stuttgart-Rohr|Goldberg(Württ)|Böblingen|Hulb|Ehningen(b Böblingen),8002165,Gärtringen,Baden-Württemberg,Gärtringen,71116,8.908864487,48.64080021,5,2608010008,,2608010009,,,,,,,,,,,0.0,1.0
6461875104419562950-2608010020-12,7276,2608010047,2608010047,2,,S,S2,Stuttgart Hbf|Stuttgart-Bad Cannstatt|Stuttgart Nürnberger Str.|Stuttgart-Sommerrain|Fellbach|Waiblingen|Rommelshausen|Stetten-Beinstein|Endersbach|Beutelsbach|Grunbach,8002240,Geradstetten,Baden-Württemberg,Remshalden,73630,9.439522346,48.80527689,5,2608010052,1,2608010052,1,h,1,Bauarbeiten,,,,,,,5.0,5.0
-6065798673451795825-2607312350-12,7274,2608010017,2608010017,2,,S,S2,Stuttgart Hbf|Stuttgart-Bad Cannstatt|Stuttgart Nürnberger Str.|Stuttgart-Sommerrain|Fellbach|Waiblingen|Rommelshausen|Stetten-Beinstein|Endersbach|Beutelsbach|Grunbach,8002240,Geradstetten,Baden-Württemberg,Remshalden,73630,9.439522346,48.80527689,5,2608010020,,2608010020,,h,1,Bauarbeiten,,,,,,,3.0,3.0
6570008134094305920-2608010003-4,7279,2608010010,2608010011,1,,S,S2,Schorndorf|Weiler(Rems)|Winterbach(b Schorndorf),8002240,Geradstetten,Baden-Württemberg,Remshalden,73630,9.439522346,48.80527689,5,2608010012,,2608010013,,h,1,Bauarbeiten,,,,,,,2.0,2.0
-8097229136581884814-2608010033-4,7281,2608010040,2608010041,1,,S,S2,Schorndorf|Weiler(Rems)|Winterbach(b Schorndorf),8002240,Geradstetten,Baden-Württemberg,Remshalden,73630,9.439522346,48.80527689,5,2608010040,,2608010041,,h,1,Bauarbeiten,,,,,,,0.0,0.0
-1459141203769340300-2608010016-3,7777,2608010028,2608010028,1,,S,S1,Stuttgart-Vaihingen|Stuttgart-Rohr,8005201,Goldberg,Baden-Württemberg,Böblingen,71032,9.019733387,48.69651581,5,2608010028,,2608010029,,,,,,,,,,,0.0,1.0
-2978262493163587752-2608010016-7,7780,2608010032,2608010032,2,,S,S1,Herrenberg|Nufringen|Gärtringen|Ehningen(b Böblingen)|Hulb|Böblingen,8005201,Goldberg,Baden-Württemberg,Böblingen,71032,9.019733387,48.69651581,5,2608010033,,2608010035,,,,,,,,,,,1.0,3.0
-3828888404650944113-2608010046-3,7779,2608010058,2608010058,1,,S,S1,Stuttgart-Vaihingen|Stuttgart-Rohr,8005201,Goldberg,Baden-Württemberg,Böblingen,71032,9.019733387,48.69651581,5,2608010058,,2608010059,,,,,,,,,,,0.0,1.0
4991213592121918551-2607312346-7,7778,2608010002,2608010002,2,,S,S1,Herrenberg|Nufringen|Gärtringen|Ehningen(b Böblingen)|Hulb|Böblingen,8005201,Goldberg,Baden-Württemberg,Böblingen,71032,9.019733387,48.69651581,5,2608010003,,2608010003,,,,,,,,,,,1.0,1.0
6461875104419562950-2608010020-11,7276,2608010045,2608010045,3,,S,S2,Stuttgart Hbf|Stuttgart-Bad Cannstatt|Stuttgart Nürnberger Str.|Stuttgart-Sommerrain|Fellbach|Waiblingen|Rommelshausen|Stetten-Beinstein|Endersbach|Beutelsbach,8002448,Grunbach,Baden-Württemberg,Remshalden,73630,9.419580601,48.810414,4,2608010049,1,2608010050,1,h,1,Bauarbeiten,,,,,,,4.0,5.0
-6065798673451795825-2607312350-11,7274,2608010015,2608010015,3,,S,S2,Stuttgart Hbf|Stuttgart-Bad Cannstatt|Stuttgart Nürnberger Str.|Stuttgart-Sommerrain|Fellbach|Waiblingen|Rommelshausen|Stetten-Beinstein|Endersbach|Beutelsbach,8002448,Grunbach,Baden-Württemberg,Remshalden,73630,9.419580601,48.810414,4,2608010016,,2608010018,,h,1,Bauarbeiten,,,,,,,1.0,3.0
6570008134094305920-2608010003-5,7279,2608010012,2608010013,2,,S,S2,Schorndorf|Weiler(Rems)|Winterbach(b Schorndorf)|Geradstetten,8002448,Grunbach,Baden-Württemberg,Remshalden,73630,9.419580601,48.810414,4,2608010014,,2608010015,,h,1,Bauarbeiten,,,,,,,2.0,2.0
-8097229136581884814-2608010033-5,7281,2608010042,2608010043,2,,S,S2,Schorndorf|Weiler(Rems)|Winterbach(b Schorndorf)|Geradstetten,8002448,Grunbach,Baden-Württemberg,Remshalden,73630,9.419580601,48.810414,4,2608010043,,2608010044,,h,1,Bauarbeiten,,,,,,,1.0,1.0
-1459141203769340300-2608010016-9,7777,2608010045,,3,,S,,Stuttgart-Vaihingen|Stuttgart-Rohr|Goldberg(Württ)|Böblingen|Hulb|Ehningen(b Böblingen)|Gärtringen|Nufringen,8002785,Herrenberg,Baden-Württemberg,Herrenberg,71083,8.862625253,48.59395697,3,2608010046,2,,,,,,,,,,,,1.0,0.0
-2978262493163587752-2608010016-1,7780,,2608010016,,,S,S1,,8002785,Herrenberg,Baden-Württemberg,Herrenberg,71083,8.862625253,48.59395697,3,,,2608010016,,,,,,,,,,,0.0,0.0
-3702197453825054100-2608010018-4,4779,2608010055,2608010056,,,RE,RE14a,Stuttgart Hbf|Stuttgart-Vaihingen|Böblingen,8002785,Herrenberg,Baden-Württemberg,Herrenberg,71083,8.862625253,48.59395697,3,2608010053,4,2608010056,4,,,,,,,,,,-2.0,0.0
-7178566801938544932-2608010019-1,22888,,2608010019,,,RB,RB63,,8002785,Herrenberg,Baden-Württemberg,Herrenberg,71083,8.862625253,48.59395697,3,,,2608010019,,h,2,Information,,,,,,,0.0,0.0
4466967580549170140-2607312341-10,22893,2608010011,,102,,RB,,Tübingen Hbf|Tübingen West|Unterjesingen Sandäcker|Unterjesingen Mitte|Pfäffingen|Entringen|Altingen(Württ)|Gültstein|Herrenberg Zwerchweg,8002785,Herrenberg,Baden-Württemberg,Herrenberg,71083,8.862625253,48.59395697,3,2608010011,,,,h,2,Information,,,,,,,0.0,0.0
3254218711381615406-2607312346-9,7775,2608010015,,3,,S,,Stuttgart-Vaihingen|Stuttgart-Rohr|Goldberg(Württ)|Böblingen|Hulb|Ehningen(b Böblingen)|Gärtringen|Nufringen,8002785,Herrenberg,Baden-Württemberg,Herrenberg,71083,8.862625253,48.59395697,3,2608010015,,,,,,,,,,,,,0.0,0.0
7735692879743924898-2608010017-9,7676,2608010039,2608010039,2,,S,S6,Stuttgart Hbf|Stuttgart Nordbahnhof|Stuttgart-Feuerbach|Stuttgart-Zuffenhausen|Neuwirtshaus(Porscheplatz)|Korntal|Weilimdorf|Ditzingen,8002892,Höfingen,Baden-Württemberg,Leonberg,71229,9.026180834,48.81503436,5,2608010039,,2608010040,,,,,,,,,,,0.0,1.0
-2875027575093930885-2608010003-6,7679,2608010020,2608010021,1,,S,S6,Weil der Stadt|Malmsheim|Renningen|Rutesheim|Leonberg,8002892,Höfingen,Baden-Württemberg,Leonberg,71229,9.026180834,48.81503436,5,2608010020,,2608010021,,,,,,,,,,,0.0,0.0
7251830197396160216-2607312347-9,7674,2608010009,2608010009,2,,S,S6,Stuttgart Hbf|Stuttgart Nordbahnhof|Stuttgart-Feuerbach|Stuttgart-Zuffenhausen|Neuwirtshaus(Porscheplatz)|Korntal|Weilimdorf|Ditzingen,8002892,Höfingen,Baden-Württemberg,Leonberg,71229,9.026180834,48.81503436,5,2608010010,,2608010011,,,,,,,,,,,1.0,2.0
-1459141203769340300-2608010016-5,7777,2608010032,2608010032,2,,S,S1,Stuttgart-Vaihingen|Stuttgart-Rohr|Goldberg(Württ)|Böblingen,8003022,Hulb,Baden-Württemberg,Böblingen-Hulb,71032,8.982396429,48.67924173,5,2608010033,1,2608010033,1,,,,,,,,,,1.0,1.0
-2978262493163587752-2608010016-5,7780,2608010028,2608010028,2,,S,S1,Herrenberg|Nufringen|Gärtringen|Ehningen(b Böblingen),8003022,Hulb,Baden-Württemberg,Böblingen-Hulb,71032,8.982396429,48.67924173,5,2608010028,,2608010029,,,,,,,,,,,0.0,1.0
3254218711381615406-2607312346-5,7775,2608010002,2608010002,2,,S,S1,Stuttgart-Vaihingen|Stuttgart-Rohr|Goldberg(Württ)|Böblingen,8003022,Hulb,Baden-Württemberg,Böblingen-Hulb,71032,8.982396429,48.67924173,5,2608010002,1,2608010003,1,,,,,,,,,,0.0,1.0
1391287489183680041-2608010035-7,7979,2608010057,,1,,S,,Stuttgart-Vaihingen|Stuttgart-Rohr|Oberaichen|Leinfelden|Echterdingen|Stuttgart Flughafen/Messe,8001984,Filderstadt,Baden-Württemberg,Filderstadt,70794,9.217581315,48.67649151,5,2608010057,,,,,,,,,,,,,0.0,0.0
3605325443872813677-2608010005-7,7977,2608010027,,1,,S,,Stuttgart-Vaihingen|Stuttgart-Rohr|Oberaichen|Leinfelden|Echterdingen|Stuttgart Flughafen/Messe,8001984,Filderstadt,Baden-Württemberg,Filderstadt,70794,9.217581315,48.67649151,5,2608010027,,,,,,,,,,,,,0.0,0.0
5905216437651592640-2608010003-1,7976,,2608010003,,,S,S2,,8001984,Filderstadt,Baden-Württemberg,Filderstadt,70794,9.217581315,48.67649151,5,,,2608010003,,,,,,,,,,,0.0,0.0
-7276272804962501987-2608010033-1,7978,,2608010033,,,S,S2,,8001984,Filderstadt,Baden-Württemberg,Filderstadt,70794,9.217581315,48.67649151,5,,,2608010033,,,,,,,,,,,0.0,0.0
-4175471405587783145-2608010007-12,7474,2608010043,2608010043,2,,S,S4,Stuttgart Hbf|Stuttgart Nordbahnhof|Stuttgart-Feuerbach|Stuttgart-Zuffenhausen|Kornwestheim Pbf|Ludwigsburg|Favoritepark|Freiberg(Neckar)|Benningen(Neckar)|Marbach(Neckar)|Erdmannhausen,8003266,Kirchberg (Murr),Baden-Württemberg,Kirchberg an der Murr,71737,9.328210283,48.93928182,6,2608010043,,2608010043,,,,,,,,,,,0.0,0.0
-6275608324438357522-2607312325-15,7174,2608010009,,2,,S,,Stuttgart Hbf|Stuttgart-Bad Cannstatt|Stuttgart Neckarpark|Stuttgart-Untertürkheim|Stuttgart-Obertürkheim|Esslingen-Mettingen|Esslingen(Neckar)|Oberesslingen|Esslingen-Zell|Altbach|Plochingen|Wernau(Neckar)|Wendlingen(Neckar)|Kirchheim(Teck)-Ötlingen,8003280,Kirchheim (Teck),Baden-Württemberg,Kirchheim unter Teck,73230,9.443872422,48.64415981,4,2608010010,,,,,,,,,,,,,1.0,0.0
6181068125164198804-2607312355-15,7176,2608010039,,2,,S,,Stuttgart Hbf|Stuttgart-Bad Cannstatt|Stuttgart Neckarpark|Stuttgart-Untertürkheim|Stuttgart-Obertürkheim|Esslingen-Mettingen|Esslingen(Neckar)|Oberesslingen|Esslingen-Zell|Altbach|Plochingen|Wernau(Neckar)|Wendlingen(Neckar)|Kirchheim(Teck)-Ötlingen,8003280,Kirchheim (Teck),Baden-Württemberg,Kirchheim unter Teck,73230,9.443872422,48.64415981,4,2608010040,,,,,,,,,,,,,1.0,0.0
-8775031481172421761-2608010020-1,7181,,2608010020,,,S,S1,,8003280,Kirchheim (Teck),Baden-Württemberg,Kirchheim unter Teck,73230,9.443872422,48.64415981,4,,,2608010020,,,,,,,,,,,0.0,0.0
-6275608324438357522-2607312325-14,7174,2608010006,2608010007,1,,S,S1,Stuttgart Hbf|Stuttgart-Bad Cannstatt|Stuttgart Neckarpark|Stuttgart-Untertürkheim|Stuttgart-Obertürkheim|Esslingen-Mettingen|Esslingen(Neckar)|Oberesslingen|Esslingen-Zell|Altbach|Plochingen|Wernau(Neckar)|Wendlingen(Neckar),8003282,Kirchheim (Teck)-Ötlingen,Baden-Württemberg,Kirchheim unter Teck,73230,9.416261302,48.65782388,5,2608010006,,2608010007,,,,,,,,,,,0.0,0.0
6181068125164198804-2607312355-14,7176,2608010036,2608010037,1,,S,S1,Stuttgart Hbf|Stuttgart-Bad Cannstatt|Stuttgart Neckarpark|Stuttgart-Untertürkheim|Stuttgart-Obertürkheim|Esslingen-Mettingen|Esslingen(Neckar)|Oberesslingen|Esslingen-Zell|Altbach|Plochingen|Wernau(Neckar)|Wendlingen(Neckar),8003282,Kirchheim (Teck)-Ötlingen,Baden-Württemberg,Kirchheim unter Teck,73230,9.416261302,48.65782388,5,2608010036,,2608010038,,,,,,,,,,,0.0,1.0
-8775031481172421761-2608010020-2,7181,2608010023,2608010023,1,,S,S1,Kirchheim(Teck),8003282,Kirchheim (Teck)-Ötlingen,Baden-Württemberg,Kirchheim unter Teck,73230,9.416261302,48.65782388,5,2608010023,,2608010023,,,,,,,,,,,0.0,0.0
7735692879743924898-2608010017-6,7676,2608010031,2608010031,1,,S,S6,Stuttgart Hbf|Stuttgart Nordbahnhof|Stuttgart-Feuerbach|Stuttgart-Zuffenhausen|Neuwirtshaus(Porscheplatz),8003409,Korntal,Baden-Württemberg,Korntal,70825,9.121099128,48.82640246,4,2608010031,,2608010031,,,,,,,,,,,0.0,0.0
-2875027575093930885-2608010003-9,7679,2608010028,2608010029,3,,S,S6,Weil der Stadt|Malmsheim|Renningen|Rutesheim|Leonberg|Höfingen|Ditzingen|Weilimdorf,8003409,Korntal,Baden-Württemberg,Korntal,70825,9.121099128,48.82640246,4,2608010028,,2608010029,,,,,,,,,,,0.0,0.0
7251830197396160216-2607312347-6,7674,2608010001,2608010001,1,,S,S6,Stuttgart Hbf|Stuttgart Nordbahnhof|Stuttgart-Feuerbach|Stuttgart-Zuffenhausen|Neuwirtshaus(Porscheplatz),8003409,Korntal,Baden-Württemberg,Korntal,70825,9.121099128,48.82640246,4,2608010002,,2608010002,,,,,,,,,,,1.0,1.0
5793407647973528623-2608010031-7,1007,2608010054,,7,,WEG,,Heimerdingen|Hemmingen|Schwieberdingen|Münchingen|Münchingen Rührberg|Korntal Gymnasium,8003409,Korntal,Baden-Württemberg,Korntal,70825,9.121099128,48.82640246,4,2608010054,,,,,,,,,,,,,0.0,0.0
-4886226872455518347-2608010005-1,1000,,2608010005,,,WEG,RB47,,8003409,Korntal,Baden-Württemberg,Korntal,70825,9.121099128,48.82640246,4,,,2608010005,,,,,,,,,,,0.0,0.0
-5842345505256526084-2607312357-5,7576,2608010010,2608010010,4,,S,S5,Stuttgart Hbf|Stuttgart Nordbahnhof|Stuttgart-Feuerbach|Stuttgart-Zuffenhausen,8003411,Kornwestheim Pbf,Baden-Württemberg,Kornwestheim,70806,9.179967278,48.86215948,3,2608010010,,2608010011,,,,,,,,,,,0.0,1.0
-4175471405587783145-2608010007-5,7474,2608010020,2608010020,4,,S,S4,Stuttgart Hbf|Stuttgart Nordbahnhof|Stuttgart-Feuerbach|Stuttgart-Zuffenhausen,8003411,Kornwestheim Pbf,Baden-Württemberg,Kornwestheim,70806,9.179967278,48.86215948,3,2608010020,,2608010020,,,,,,,,,,,0.0,0.0
503863255708873152-2607312305-10,19364,2608010015,2608010025,7,,RE,MEX12,Tübingen Hbf|Reutlingen Hbf|Metzingen(Württ)|Bempflingen|Nürtingen|Oberboihingen|Wendlingen(Neckar)|Plochingen|Esslingen(Neckar),8003411,Kornwestheim Pbf,Baden-Württemberg,Kornwestheim,70806,9.179967278,48.86215948,3,2608010015,,2608010025,,h,2,Störung,,,,,,,0.0,0.0
8164387048971779418-2608010007-5,7579,2608010019,2608010020,3,,S,S5,Bietigheim-Bissingen|Tamm(Württ)|Asperg|Ludwigsburg,8003411,Kornwestheim Pbf,Baden-Württemberg,Kornwestheim,70806,9.179967278,48.86215948,3,2608010020,,2608010021,,,,,,,,,,,1.0,1.0
7846954886947346104-2608010037-5,7476,2608010050,2608010050,4,,S,S4,Stuttgart Hbf|Stuttgart Nordbahnhof|Stuttgart-Feuerbach|Stuttgart-Zuffenhausen,8003411,Kornwestheim Pbf,Baden-Württemberg,Kornwestheim,70806,9.179967278,48.86215948,3,2608010050,,2608010051,,,,,,,,,,,0.0,1.0
-1059289875129037590-2608010027-5,7578,2608010040,2608010040,4,,S,S5,Stuttgart Hbf|Stuttgart Nordbahnhof|Stuttgart-Feuerbach|Stuttgart-Zuffenhausen,8003411,Kornwestheim Pbf,Baden-Württemberg,Kornwestheim,70806,9.179967278,48.86215948,3,2608010040,,2608010040,,,,,,,,,,,0.0,0.0
1310577337143634619-2608010025-6,7479,2608010040,2608010040,3,,S,S4,Marbach(Neckar)|Benningen(Neckar)|Freiberg(Neckar)|Favoritepark|Ludwigsburg,8003411,Kornwestheim Pbf,Baden-Württemberg,Kornwestheim,70806,9.179967278,48.86215948,3,2608010040,,2608010041,,,,,,,,,,,0.0,1.0
2977099434128495599-2607312355-6,7477,2608010010,2608010010,3,,S,S4,Marbach(Neckar)|Benningen(Neckar)|Freiberg(Neckar)|Favoritepark|Ludwigsburg,8003411,Kornwestheim Pbf,Baden-Württemberg,Kornwestheim,70806,9.179967278,48.86215948,3,2608010010,,2608010010,,,,,,,,,,,0.0,0.0
1391287489183680041-2608010035-4,7979,2608010046,2608010047,1,,S,S2,Stuttgart-Vaihingen|Stuttgart-Rohr|Oberaichen,8003622,Leinfelden,Baden-Württemberg,Leinfelden-Echterdingen,70771,9.142859698,48.6964193,4,2608010046,,2608010047,,,,,,,,,,,0.0,0.0
3605325443872813677-2608010005-4,7977,2608010016,2608010017,1,,S,S2,Stuttgart-Vaihingen|Stuttgart-Rohr|Oberaichen,8003622,Leinfelden,Baden-Württemberg,Leinfelden-Echterdingen,70771,9.142859698,48.6964193,4,2608010016,,2608010017,,,,,,,,,,,0.0,0.0
5905216437651592640-2608010003-4,7976,2608010012,2608010013,2,,S,S2,Filderstadt|Stuttgart Flughafen/Messe|Echterdingen,8003622,Leinfelden,Baden-Württemberg,Leinfelden-Echterdingen,70771,9.142859698,48.6964193,4,2608010012,,2608010013,,,,,,,,,,,0.0,0.0
-7276272804962501987-2608010033-4,7978,2608010042,2608010043,2,,S,S2,Filderstadt|Stuttgart Flughafen/Messe|Echterdingen,8003622,Leinfelden,Baden-Württemberg,Leinfelden-Echterdingen,70771,9.142859698,48.6964193,4,2608010042,,2608010043,,,,,,,,,,,0.0,0.0
7735692879743924898-2608010017-10,7676,2608010043,2608010043,2,,S,S6,Stuttgart Hbf|Stuttgart Nordbahnhof|Stuttgart-Feuerbach|Stuttgart-Zuffenhausen|Neuwirtshaus(Porscheplatz)|Korntal|Weilimdorf|Ditzingen|Höfingen,8003652,Leonberg,Baden-Württemberg,Leonberg,71229,9.004025993,48.79970547,3,2608010043,,2608010043,,,,,,,,,,,0.0,0.0
-2875027575093930885-2608010003-5,7679,2608010017,2608010017,1,,S,S6,Weil der Stadt|Malmsheim|Renningen|Rutesheim,8003652,Leonberg,Baden-Württemberg,Leonberg,71229,9.004025993,48.79970547,3,2608010017,,2608010017,,,,,,,,,,,0.0,0.0
7251830197396160216-2607312347-10,7674,2608010013,2608010013,2,,S,S6,Stuttgart Hbf|Stuttgart Nordbahnhof|Stuttgart-Feuerbach|Stuttgart-Zuffenhausen|Neuwirtshaus(Porscheplatz)|Korntal|Weilimdorf|Ditzingen|Höfingen,8003652,Leonberg,Baden-Württemberg,Leonberg,71229,9.004025993,48.79970547,3,2608010013,,2608010014,,,,,,,,,,,0.0,1.0
-5842345505256526084-2607312357-6,7576,2608010013,2608010014,2,,S,S5,Stuttgart Hbf|Stuttgart Nordbahnhof|Stuttgart-Feuerbach|Stuttgart-Zuffenhausen|Kornwestheim Pbf,8000235,Ludwigsburg,Baden-Württemberg,Ludwigsburg,71638,9.185229823,48.89208622,3,2608010014,,2608010014,,,,,,,,,,,1.0,0.0
-2156184823073248932-2608010023-2,19584,2608010032,2608010033,1,,RE,MEX17,Stuttgart Hbf,8000235,Ludwigsburg,Baden-Württemberg,Ludwigsburg,71638,9.185229823,48.89208622,3,2608010033,,2608010035,,,,,,,,,,,1.0,2.0
-4175471405587783145-2608010007-6,7474,2608010023,2608010024,2,,S,S4,Stuttgart Hbf|Stuttgart Nordbahnhof|Stuttgart-Feuerbach|Stuttgart-Zuffenhausen|Kornwestheim Pbf,8000235,Ludwigsburg,Baden-Württemberg,Ludwigsburg,71638,9.185229823,48.89208622,3,2608010023,,2608010024,,,,,,,,,,,0.0,0.0
503863255708873152-2607312305-11,19364,2608010028,2608010029,1,,RE,MEX12,Tübingen Hbf|Reutlingen Hbf|Metzingen(Württ)|Bempflingen|Nürtingen|Oberboihingen|Wendlingen(Neckar)|Plochingen|Esslingen(Neckar)|Kornwestheim Pbf,8000235,Ludwigsburg,Baden-Württemberg,Ludwigsburg,71638,9.185229823,48.89208622,3,2608010028,,2608010029,,h,2,Störung,,,,,,,0.0,0.0
8164387048971779418-2608010007-4,7579,2608010016,2608010016,3,,S,S5,Bietigheim-Bissingen|Tamm(Württ)|Asperg,8000235,Ludwigsburg,Baden-Württemberg,Ludwigsburg,71638,9.185229823,48.89208622,3,2608010017,,2608010017,,,,,,,,,,,1.0,1.0
575051924010749743-2607312357-8,19377,2608010034,2608010034,4,,RE,MEX12,Heilbronn Hbf|Nordheim(Württ)|Lauffen(Neckar)|Kirchheim(Neckar)|Walheim(Württ)|Besigheim|Bietigheim-Bissingen,8000235,Ludwigsburg,Baden-Württemberg,Ludwigsburg,71638,9.185229823,48.89208622,3,2608010144,,2608010145,,,,,,,Heilbronn Hbf|Nordheim(Württ)|Lauffen(Neckar)|Kirchheim(Neckar)|Walheim(Württ)|Besigheim|Bietigheim-Bissingen,Stuttgart Hbf,,,70.0,71.0
7846954886947346104-2608010037-6,7476,2608010053,2608010054,2,,S,S4,Stuttgart Hbf|Stuttgart Nordbahnhof|Stuttgart-Feuerbach|Stuttgart-Zuffenhausen|Kornwestheim Pbf,8000235,Ludwigsburg,Baden-Württemberg,Ludwigsburg,71638,9.185229823,48.89208622,3,2608010054,,2608010055,,,,,,,,,,,1.0,1.0
-5764140322882206759-2608010021-2,19373,2608010028,2608010029,4,,RE,MEX17,Bietigheim-Bissingen,8000235,Ludwigsburg,Baden-Württemberg,Ludwigsburg,71638,9.185229823,48.89208622,3,2608010031,5,2608010032,5,,,,,,,,,,3.0,3.0
-1059289875129037590-2608010027-6,7578,2608010043,2608010044,2,,S,S5,Stuttgart Hbf|Stuttgart Nordbahnhof|Stuttgart-Feuerbach|Stuttgart-Zuffenhausen|Kornwestheim Pbf,8000235,Ludwigsburg,Baden-Württemberg,Ludwigsburg,71638,9.185229823,48.89208622,3,2608010043,,2608010044,,,,,,,,,,,0.0,0.0
-6342382568126164390-2607312312-5,19037,2608010005,2608010007,4,,ARV,RE1,Karlsruhe Hbf|Karlsruhe-Durlach|Vaihingen(Enz)|Bietigheim-Bissingen,8000235,Ludwigsburg,Baden-Württemberg,Ludwigsburg,71638,9.185229823,48.89208622,3,2608010028,4,2608010029,4,,,,,,,,,,23.0,22.0
1310577337143634619-2608010025-5,7479,2608010036,2608010037,3,,S,S4,Marbach(Neckar)|Benningen(Neckar)|Freiberg(Neckar)|Favoritepark,8000235,Ludwigsburg,Baden-Württemberg,Ludwigsburg,71638,9.185229823,48.89208622,3,2608010036,,2608010037,,,,,,,,,,,0.0,0.0
-1923875060183499829-2607312330-8,19375,2608010004,2608010005,4,,RE,MEX18,Heilbronn Hbf|Nordheim(Württ)|Lauffen(Neckar)|Kirchheim(Neckar)|Walheim(Württ)|Besigheim|Bietigheim-Bissingen,8000235,Ludwigsburg,Baden-Württemberg,Ludwigsburg,71638,9.185229823,48.89208622,3,,,,,,,,,,,,c,c,0.0,0.0
2977099434128495599-2607312355-5,7477,2608010006,2608010007,3,,S,S4,Marbach(Neckar)|Benningen(Neckar)|Freiberg(Neckar)|Favoritepark,8000235,Ludwigsburg,Baden-Württemberg,Ludwigsburg,71638,9.185229823,48.89208622,3,2608010006,,2608010007,,,,,,,,,,,0.0,0.0
7735692879743924898-2608010017-13,7676,2608010054,2608010054,1,,S,S6,Stuttgart Hbf|Stuttgart Nordbahnhof|Stuttgart-Feuerbach|Stuttgart-Zuffenhausen|Neuwirtshaus(Porscheplatz)|Korntal|Weilimdorf|Ditzingen|Höfingen|Leonberg|Rutesheim|Renningen,8003831,Malmsheim,Baden-Württemberg,Renningen,71272,8.905105557,48.77183564,5,2608010054,,2608010054,,,,,,,,,,,0.0,0.0
-2875027575093930885-2608010003-2,7679,2608010005,2608010005,2,,S,S6,Weil der Stadt,8003831,Malmsheim,Baden-Württemberg,Renningen,71272,8.905105557,48.77183564,5,2608010005,,2608010006,,,,,,,,,,,0.0,1.0
7251830197396160216-2607312347-13,7674,2608010024,2608010024,1,,S,S6,Stuttgart Hbf|Stuttgart Nordbahnhof|Stuttgart-Feuerbach|Stuttgart-Zuffenhausen|Neuwirtshaus(Porscheplatz)|Korntal|Weilimdorf|Ditzingen|Höfingen|Leonberg|Rutesheim|Renningen,8003831,Malmsheim,Baden-Württemberg,Renningen,71272,8.905105557,48.77183564,5,2608010024,,2608010025,,,,,,,,,,,0.0,1.0
-4175471405587783145-2608010007-10,7474,2608010035,2608010038,1,,S,S4,Stuttgart Hbf|Stuttgart Nordbahnhof|Stuttgart-Feuerbach|Stuttgart-Zuffenhausen|Kornwestheim Pbf|Ludwigsburg|Favoritepark|Freiberg(Neckar)|Benningen(Neckar),8003853,Marbach (Neckar),Baden-Württemberg,Marbach am Neckar,71672,9.264611825,48.9437708,3,2608010035,,2608010038,,,,,,,,,,,0.0,0.0
3008894599226717977-2607312337-10,7472,2608010005,,1,,S,,Stuttgart Hbf|Stuttgart Nordbahnhof|Stuttgart-Feuerbach|Stuttgart-Zuffenhausen|Kornwestheim Pbf|Ludwigsburg|Favoritepark|Freiberg(Neckar)|Benningen(Neckar),8003853,Marbach (Neckar),Baden-Württemberg,Marbach am Neckar,71672,9.264611825,48.9437708,3,2608010006,,,,,,,,,,,,,1.0,0.0
1310577337143634619-2608010025-1,7479,,2608010025,,,S,S4,,8003853,Marbach (Neckar),Baden-Württemberg,Marbach am Neckar,71672,9.264611825,48.9437708,3,,,2608010025,1,,,,,,,,,,0.0,0.0
4235977593412169897-2607312342-11,7374,2608010014,2608010015,2,,S,S3,Stuttgart Hbf|Stuttgart-Bad Cannstatt|Stuttgart Nürnberger Str.|Stuttgart-Sommerrain|Fellbach|Waiblingen|Neustadt-Hohenacker|Schwaikheim|Winnenden|Nellmersbach,8003913,Maubach,Baden-Württemberg,Backnang,71522,9.419487062,48.92623463,4,2608010015,,2608010016,,,,,,,,,,,1.0,1.0
8494074834215864068-2608010011-2,7379,2608010013,2608010014,1,,S,S3,Backnang,8003913,Maubach,Baden-Württemberg,Backnang,71522,9.419487062,48.92623463,4,2608010014,,2608010014,,,,,,,,,,,1.0,0.0
6798625749353298235-2608010012-11,7376,2608010044,2608010045,2,,S,S3,Stuttgart Hbf|Stuttgart-Bad Cannstatt|Stuttgart Nürnberger Str.|Stuttgart-Sommerrain|Fellbach|Waiblingen|Neustadt-Hohenacker|Schwaikheim|Winnenden|Nellmersbach,8003913,Maubach,Baden-Württemberg,Backnang,71522,9.419487062,48.92623463,4,2608010046,,2608010047,,,,,,,,,,,2.0,2.0
4235977593412169897-2607312342-10,7374,2608010011,2608010012,2,,S,S3,Stuttgart Hbf|Stuttgart-Bad Cannstatt|Stuttgart Nürnberger Str.|Stuttgart-Sommerrain|Fellbach|Waiblingen|Neustadt-Hohenacker|Schwaikheim|Winnenden,8004233,Nellmersbach,Baden-Württemberg,Leutenbach,71397,9.415421538,48.90336425,5,2608010012,,2608010013,,,,,,,,,,,1.0,1.0
8494074834215864068-2608010011-3,7379,2608010016,2608010016,1,,S,S3,Backnang|Maubach,8004233,Nellmersbach,Baden-Württemberg,Leutenbach,71397,9.415421538,48.90336425,5,2608010016,,2608010017,,,,,,,,,,,0.0,1.0
6798625749353298235-2608010012-10,7376,2608010041,2608010042,2,,S,S3,Stuttgart Hbf|Stuttgart-Bad Cannstatt|Stuttgart Nürnberger Str.|Stuttgart-Sommerrain|Fellbach|Waiblingen|Neustadt-Hohenacker|Schwaikheim|Winnenden,8004233,Nellmersbach,Baden-Württemberg,Leutenbach,71397,9.415421538,48.90336425,5,2608010043,,2608010044,,,,,,,,,,,2.0,2.0
4235977593412169897-2607312342-7,7374,2608010003,2608010003,1,,S,S3,Stuttgart Hbf|Stuttgart-Bad Cannstatt|Stuttgart Nürnberger Str.|Stuttgart-Sommerrain|Fellbach|Waiblingen,8004333,Neustadt-Hohenacker,Baden-Württemberg,Waiblingen,71336,9.32455106,48.85921668,5,2608010003,,2608010004,,,,,,,,,,,0.0,1.0
8494074834215864068-2608010011-6,7379,2608010025,2608010025,2,,S,S3,Backnang|Maubach|Nellmersbach|Winnenden|Schwaikheim,8004333,Neustadt-Hohenacker,Baden-Württemberg,Waiblingen,71336,9.32455106,48.85921668,5,2608010025,,2608010026,,,,,,,,,,,0.0,1.0
6798625749353298235-2608010012-7,7376,2608010033,2608010033,1,,S,S3,Stuttgart Hbf|Stuttgart-Bad Cannstatt|Stuttgart Nürnberger Str.|Stuttgart-Sommerrain|Fellbach|Waiblingen,8004333,Neustadt-Hohenacker,Baden-Württemberg,Waiblingen,71336,9.32455106,48.85921668,5,2608010034,,2608010035,,,,,,,,,,,1.0,2.0
7735692879743924898-2608010017-5,7676,2608010028,2608010029,1,,S,S6,Stuttgart Hbf|Stuttgart Nordbahnhof|Stuttgart-Feuerbach|Stuttgart-Zuffenhausen,8004338,Neuwirtshaus (Porscheplatz),Baden-Württemberg,Stuttgart,70435,9.151955614,48.83384734,4,2608010028,,2608010029,,,,,,,,,,,0.0,0.0
-2875027575093930885-2608010003-10,7679,2608010031,2608010031,2,,S,S6,Weil der Stadt|Malmsheim|Renningen|Rutesheim|Leonberg|Höfingen|Ditzingen|Weilimdorf|Korntal,8004338,Neuwirtshaus (Porscheplatz),Baden-Württemberg,Stuttgart,70435,9.151955614,48.83384734,4,2608010031,,2608010032,,,,,,,,,,,0.0,1.0
7310467920449271-2608010047-5,7678,2608010058,2608010059,1,,S,S6,Stuttgart Hbf|Stuttgart Nordbahnhof|Stuttgart-Feuerbach|Stuttgart-Zuffenhausen,8004338,Neuwirtshaus (Porscheplatz),Baden-Württemberg,Stuttgart,70435,9.151955614,48.83384734,4,2608010059,,2608010059,,,,,,,,,,,1.0,0.0
-6526775162747392382-2607312333-10,7677,2608010001,2608010001,2,,S,S6,Weil der Stadt|Malmsheim|Renningen|Rutesheim|Leonberg|Höfingen|Ditzingen|Weilimdorf|Korntal,8004338,Neuwirtshaus (Porscheplatz),Baden-Württemberg,Stuttgart,70435,9.151955614,48.83384734,4,2608010001,,2608010002,,,,,,,,,,,0.0,1.0
-1459141203769340300-2608010016-8,7777,2608010041,2608010041,1,,S,S1,Stuttgart-Vaihingen|Stuttgart-Rohr|Goldberg(Württ)|Böblingen|Hulb|Ehningen(b Böblingen)|Gärtringen,8004490,Nufringen,Baden-Württemberg,Nufringen,71154,8.889817485,48.62010967,5,2608010042,,2608010042,,,,,,,,,,,1.0,1.0
-2978262493163587752-2608010016-2,7780,2608010019,2608010019,2,,S,S1,Herrenberg,8004490,Nufringen,Baden-Württemberg,Nufringen,71154,8.889817485,48.62010967,5,2608010020,,2608010020,,,,,,,,,,,1.0,1.0
3254218711381615406-2607312346-8,7775,2608010011,2608010011,1,,S,S1,Stuttgart-Vaihingen|Stuttgart-Rohr|Goldberg(Württ)|Böblingen|Hulb|Ehningen(b Böblingen)|Gärtringen,8004490,Nufringen,Baden-Württemberg,Nufringen,71154,8.889817485,48.62010967,5,2608010011,,2608010011,,,,,,,,,,,0.0,0.0
1391287489183680041-2608010035-3,7979,2608010044,2608010044,1,,S,S2,Stuttgart-Vaihingen|Stuttgart-Rohr,8004496,Oberaichen,Baden-Württemberg,Leinfelden-Echterdingen,70771,9.12743664,48.70512422,5,2608010044,,2608010044,,,,,,,,,,,0.0,0.0
3605325443872813677-2608010005-3,7977,2608010014,2608010014,1,,S,S2,Stuttgart-Vaihingen|Stuttgart-Rohr,8004496,Oberaichen,Baden-Württemberg,Leinfelden-Echterdingen,70771,9.12743664,48.70512422,5,2608010014,,2608010014,,,,,,,,,,,0.0,0.0
5905216437651592640-2608010003-5,7976,2608010015,2608010015,2,,S,S2,Filderstadt|Stuttgart Flughafen/Messe|Echterdingen|Leinfelden,8004496,Oberaichen,Baden-Württemberg,Leinfelden-Echterdingen,70771,9.12743664,48.70512422,5,2608010015,,2608010015,,,,,,,,,,,0.0,0.0
-7276272804962501987-2608010033-5,7978,2608010045,2608010045,2,,S,S2,Filderstadt|Stuttgart Flughafen/Messe|Echterdingen|Leinfelden,8004496,Oberaichen,Baden-Württemberg,Leinfelden-Echterdingen,70771,9.12743664,48.70512422,5,2608010045,,2608010045,,,,,,,,,,,0.0,0.0
2298525024658281877-2608010025-8,7178,2608010045,2608010045,4,,S,S1,Stuttgart Hbf|Stuttgart-Bad Cannstatt|Stuttgart Neckarpark|Stuttgart-Untertürkheim|Stuttgart-Obertürkheim|Esslingen-Mettingen|Esslingen(Neckar),8004528,Oberesslingen,Baden-Württemberg,Esslingen am Neckar,73730,9.327277435,48.72983585,3,2608010045,,2608010045,,,,,,,,,,,0.0,0.0
8092363418274949423-2607312350-8,7179,2608010014,2608010015,3,,S,S1,Kirchheim(Teck)|Kirchheim(Teck)-Ötlingen|Wendlingen(Neckar)|Wernau(Neckar)|Plochingen|Altbach|Esslingen-Zell,8004528,Oberesslingen,Baden-Württemberg,Esslingen am Neckar,73730,9.327277435,48.72983585,3,2608010015,,2608010015,,,,,,,,,,,1.0,0.0
6181068125164198804-2607312355-8,7176,2608010015,2608010015,4,,S,S1,Stuttgart Hbf|Stuttgart-Bad Cannstatt|Stuttgart Neckarpark|Stuttgart-Untertürkheim|Stuttgart-Obertürkheim|Esslingen-Mettingen|Esslingen(Neckar),8004528,Oberesslingen,Baden-Württemberg,Esslingen am Neckar,73730,9.327277435,48.72983585,3,2608010015,,2608010015,,,,,,,,,,,0.0,0.0
-8775031481172421761-2608010020-8,7181,2608010044,2608010045,3,,S,S1,Kirchheim(Teck)|Kirchheim(Teck)-Ötlingen|Wendlingen(Neckar)|Wernau(Neckar)|Plochingen|Altbach|Esslingen-Zell,8004528,Oberesslingen,Baden-Württemberg,Esslingen am Neckar,73730,9.327277435,48.72983585,3,2608010044,,2608010045,,,,,,,,,,,0.0,0.0
2298525024658281877-2608010025-11,7178,2608010053,2608010055,9,,S,S1,Stuttgart Hbf|Stuttgart-Bad Cannstatt|Stuttgart Neckarpark|Stuttgart-Untertürkheim|Stuttgart-Obertürkheim|Esslingen-Mettingen|Esslingen(Neckar)|Oberesslingen|Esslingen-Zell|Altbach,8000302,Plochingen,Baden-Württemberg,Plochingen,73207,9.411294578,48.71293906,2,2608010053,10,2608010055,10,,,,,,,,,,0.0,0.0
8092363418274949423-2607312350-5,7179,2608010005,2608010007,9,,S,S1,Kirchheim(Teck)|Kirchheim(Teck)-Ötlingen|Wendlingen(Neckar)|Wernau(Neckar),8000302,Plochingen,Baden-Württemberg,Plochingen,73207,9.411294578,48.71293906,2,2608010005,,2608010008,,,,,,,,,,,0.0,1.0
-7897404026215875608-2608010015-2,19187,2608010023,2608010030,3,,ARV,MEX16,Esslingen(Neckar),8000302,Plochingen,Baden-Württemberg,Plochingen,73207,9.411294578,48.71293906,2,2608010024,,2608010030,,,,,,,,,,,1.0,0.0
6181068125164198804-2607312355-11,7176,2608010023,2608010025,9,,S,S1,Stuttgart Hbf|Stuttgart-Bad Cannstatt|Stuttgart Neckarpark|Stuttgart-Untertürkheim|Stuttgart-Obertürkheim|Esslingen-Mettingen|Esslingen(Neckar)|Oberesslingen|Esslingen-Zell|Altbach,8000302,Plochingen,Baden-Württemberg,Plochingen,73207,9.411294578,48.71293906,2,2608010023,,2608010025,,,,,,,,,,,0.0,0.0
-4544555874310930360-2607312315-4,4236,2608010002,2608010003,1,,RE,RE5,Ulm Hbf|Geislingen(Steige)|Göppingen,8000302,Plochingen,Baden-Württemberg,Plochingen,73207,9.411294578,48.71293906,2,2608010004,6,2608010004,6,h,2,Störung,,,,,,,2.0,1.0
6942066076921155059-2608010014-1,19342,,2608010014,,,RE,MEX18,,8000302,Plochingen,Baden-Württemberg,Plochingen,73207,9.411294578,48.71293906,2,,,2608010014,,,,,,,,,,c,0.0,0.0
6538495934741560204-2607312346-19,19188,2608010056,2608010057,1,,ARV,MEX16,Ulm Hbf|Beimerstetten|Westerstetten|Lonsee|Urspring|Amstetten(Württ)|Geislingen(Steige)|Geislingen(Steige)West|Kuchen|Gingen(Fils)|Süßen|Salach|Eislingen(Fils)|Göppingen|Faurndau|Uhingen|Ebersbach(Fils)|Reichenbach(Fils),8000302,Plochingen,Baden-Württemberg,Plochingen,73207,9.411294578,48.71293906,2,2608010059,,2608010100,,,,,,,,,,,3.0,3.0
-4359664030948879851-2607312348-13,19186,2608010028,2608010034,1,,ARV,MEX16,Geislingen(Steige)|Geislingen(Steige)West|Kuchen|Gingen(Fils)|Süßen|Salach|Eislingen(Fils)|Göppingen|Faurndau|Uhingen|Ebersbach(Fils)|Reichenbach(Fils),8000302,Plochingen,Baden-Württemberg,Plochingen,73207,9.411294578,48.71293906,2,2608010027,,2608010034,,,,,,,,,,,-1.0,0.0
-8775031481172421761-2608010020-5,7181,2608010035,2608010037,9,,S,S1,Kirchheim(Teck)|Kirchheim(Teck)-Ötlingen|Wendlingen(Neckar)|Wernau(Neckar),8000302,Plochingen,Baden-Württemberg,Plochingen,73207,9.411294578,48.71293906,2,2608010035,,2608010037,,,,,,,,,,,0.0,0.0
-3352528596960270258-2607312354-2,19185,2608010000,2608010000,4,,ARV,MEX16,Esslingen(Neckar),8000302,Plochingen,Baden-Württemberg,Plochingen,73207,9.411294578,48.71293906,2,2608010002,,2608010006,,,,,,,,,,,2.0,6.0
7735692879743924898-2608010017-12,7676,2608010049,2608010052,3,,S,S6,Stuttgart Hbf|Stuttgart Nordbahnhof|Stuttgart-Feuerbach|Stuttgart-Zuffenhausen|Neuwirtshaus(Porscheplatz)|Korntal|Weilimdorf|Ditzingen|Höfingen|Leonberg|Rutesheim,8000313,Renningen,Baden-Württemberg,Renningen,71272,8.932650148,48.77515509,3,2608010049,,2608010052,,,,,,,,,,,0.0,0.0
-2875027575093930885-2608010003-3,7679,2608010007,2608010011,2,,S,S6,Weil der Stadt|Malmsheim,8000313,Renningen,Baden-Württemberg,Renningen,71272,8.932650148,48.77515509,3,2608010008,,2608010011,,,,,,,,,,,1.0,0.0
7251830197396160216-2607312347-12,7674,2608010019,2608010022,3,,S,S6,Stuttgart Hbf|Stuttgart Nordbahnhof|Stuttgart-Feuerbach|Stuttgart-Zuffenhausen|Neuwirtshaus(Porscheplatz)|Korntal|Weilimdorf|Ditzingen|Höfingen|Leonberg|Rutesheim,8000313,Renningen,Baden-Württemberg,Renningen,71272,8.932650148,48.77515509,3,2608010020,,2608010022,,,,,,,,,,,1.0,0.0
3135343690013222861-2608010009-1,7078,,2608010009,,,S,S60,,8000313,Renningen,Baden-Württemberg,Renningen,71272,8.932650148,48.77515509,3,,,2608010009,,,,,,,,,,,0.0,0.0
-8774147686098078692-2608010004-7,7077,2608010020,,2,,S,,Böblingen|Sindelfingen|Maichingen|Maichingen Nord|Magstadt|Renningen Süd,8000313,Renningen,Baden-Württemberg,Renningen,71272,8.932650148,48.77515509,3,2608010020,,,,,,,,,,,,,0.0,0.0
-9074467080985277700-2608010034-7,7079,2608010050,,2,,S,,Böblingen|Sindelfingen|Maichingen|Maichingen Nord|Magstadt|Renningen Süd,8000313,Renningen,Baden-Württemberg,Renningen,71272,8.932650148,48.77515509,3,2608010052,,,,,,,,,,,,,2.0,0.0
6461875104419562950-2608010020-7,7276,2608010037,2608010037,1,,S,S2,Stuttgart Hbf|Stuttgart-Bad Cannstatt|Stuttgart Nürnberger Str.|Stuttgart-Sommerrain|Fellbach|Waiblingen,8005157,Rommelshausen,Baden-Württemberg,Kernen,71394,9.319175885,48.81552017,4,2608010040,,2608010040,,h,1,Bauarbeiten,,,,,,,3.0,3.0
-6065798673451795825-2607312350-7,7274,2608010007,2608010007,1,,S,S2,Stuttgart Hbf|Stuttgart-Bad Cannstatt|Stuttgart Nürnberger Str.|Stuttgart-Sommerrain|Fellbach|Waiblingen,8005157,Rommelshausen,Baden-Württemberg,Kernen,71394,9.319175885,48.81552017,4,2608010008,,2608010008,,h,1,Bauarbeiten,,,,,,,1.0,1.0
6570008134094305920-2608010003-9,7279,2608010021,2608010022,2,,S,S2,Schorndorf|Weiler(Rems)|Winterbach(b Schorndorf)|Geradstetten|Grunbach|Beutelsbach|Endersbach|Stetten-Beinstein,8005157,Rommelshausen,Baden-Württemberg,Kernen,71394,9.319175885,48.81552017,4,2608010024,,2608010025,,h,1,Bauarbeiten,,,,,,,3.0,3.0
-8097229136581884814-2608010033-9,7281,2608010051,2608010052,2,,S,S2,Schorndorf|Weiler(Rems)|Winterbach(b Schorndorf)|Geradstetten|Grunbach|Beutelsbach|Endersbach|Stetten-Beinstein,8005157,Rommelshausen,Baden-Württemberg,Kernen,71394,9.319175885,48.81552017,4,2608010052,,2608010053,,h,1,Bauarbeiten,,,,,,,1.0,1.0
7735692879743924898-2608010017-11,7676,2608010046,2608010046,2,,S,S6,Stuttgart Hbf|Stuttgart Nordbahnhof|Stuttgart-Feuerbach|Stuttgart-Zuffenhausen|Neuwirtshaus(Porscheplatz)|Korntal|Weilimdorf|Ditzingen|Höfingen|Leonberg,8005236,Rutesheim,Baden-Württemberg,Leonberg,71229,8.960325242,48.79031093,5,2608010046,,2608010047,,,,,,,,,,,0.0,1.0
-2875027575093930885-2608010003-4,7679,2608010013,2608010014,1,,S,S6,Weil der Stadt|Malmsheim|Renningen,8005236,Rutesheim,Baden-Württemberg,Leonberg,71229,8.960325242,48.79031093,5,2608010014,,2608010014,,,,,,,,,,,1.0,0.0
7251830197396160216-2607312347-11,7674,2608010016,2608010016,2,,S,S6,Stuttgart Hbf|Stuttgart Nordbahnhof|Stuttgart-Feuerbach|Stuttgart-Zuffenhausen|Neuwirtshaus(Porscheplatz)|Korntal|Weilimdorf|Ditzingen|Höfingen|Leonberg,8005236,Rutesheim,Baden-Württemberg,Leonberg,71229,8.960325242,48.79031093,5,2608010017,,2608010018,,,,,,,,,,,1.0,2.0
5967105885829265768-2608010032-2,19491,2608010043,2608010044,2,,ARV,MEX13,Waiblingen,8005424,Schorndorf,Baden-Württemberg,Schorndorf,73614,9.525686251,48.80693898,3,2608010050,,2608010051,,,,,,,,,,,7.0,7.0
3794757181233164765-2608010002-2,19441,2608010013,2608010014,2,,ARV,MEX13,Waiblingen,8005424,Schorndorf,Baden-Württemberg,Schorndorf,73614,9.525686251,48.80693898,3,2608010015,,2608010016,,,,,,,,,,,2.0,2.0
6461875104419562950-2608010020-15,7276,2608010055,,1,,S,,Stuttgart Hbf|Stuttgart-Bad Cannstatt|Stuttgart Nürnberger Str.|Stuttgart-Sommerrain|Fellbach|Waiblingen|Rommelshausen|Stetten-Beinstein|Endersbach|Beutelsbach|Grunbach|Geradstetten|Winterbach(b Schorndorf)|Weiler(Rems),8005424,Schorndorf,Baden-Württemberg,Schorndorf,73614,9.525686251,48.80693898,3,2608010101,14,,,h,1,Bauarbeiten,,,,,,,6.0,0.0
5642224881119907643-2607312356-6,19492,2608010013,2608010014,3,,ARV,MEX13,Schwäbisch Gmünd|Lorch(Württ)|Waldhausen(b Schorndorf)|Plüderhausen|Urbach(b Schorndorf),8005424,Schorndorf,Baden-Württemberg,Schorndorf,73614,9.525686251,48.80693898,3,2608010014,,2608010015,,,,,,,,,,,1.0,1.0
-6065798673451795825-2607312350-15,7274,2608010025,,1,,S,,Stuttgart Hbf|Stuttgart-Bad Cannstatt|Stuttgart Nürnberger Str.|Stuttgart-Sommerrain|Fellbach|Waiblingen|Rommelshausen|Stetten-Beinstein|Endersbach|Beutelsbach|Grunbach|Geradstetten|Winterbach(b Schorndorf)|Weiler(Rems),8005424,Schorndorf,Baden-Württemberg,Schorndorf,73614,9.525686251,48.80693898,3,2608010026,,,,h,1,Bauarbeiten,,,,,,,1.0,0.0
6570008134094305920-2608010003-1,7279,,2608010003,,,S,S2,,8005424,Schorndorf,Baden-Württemberg,Schorndorf,73614,9.525686251,48.80693898,3,,,2608010004,1,h,1,Bauarbeiten,,,,,,,0.0,1.0
-8097229136581884814-2608010033-1,7281,,2608010033,,,S,S2,,8005424,Schorndorf,Baden-Württemberg,Schorndorf,73614,9.525686251,48.80693898,3,,,2608010033,,h,1,Bauarbeiten,,,,,,,0.0,0.0
4235977593412169897-2607312342-8,7374,2608010006,2608010006,2,,S,S3,Stuttgart Hbf|Stuttgart-Bad Cannstatt|Stuttgart Nürnberger Str.|Stuttgart-Sommerrain|Fellbach|Waiblingen|Neustadt-Hohenacker,8005454,Schwaikheim,Baden-Württemberg,Schwaikheim,71409,9.354747358,48.86832665,4,2608010006,,2608010007,,,,,,,,,,,0.0,1.0
8494074834215864068-2608010011-5,7379,2608010022,2608010023,1,,S,S3,Backnang|Maubach|Nellmersbach|Winnenden,8005454,Schwaikheim,Baden-Württemberg,Schwaikheim,71409,9.354747358,48.86832665,4,2608010022,,2608010023,,,,,,,,,,,0.0,0.0
6798625749353298235-2608010012-8,7376,2608010036,2608010036,2,,S,S3,Stuttgart Hbf|Stuttgart-Bad Cannstatt|Stuttgart Nürnberger Str.|Stuttgart-Sommerrain|Fellbach|Waiblingen|Neustadt-Hohenacker,8005454,Schwaikheim,Baden-Württemberg,Schwaikheim,71409,9.354747358,48.86832665,4,2608010037,,2608010038,,,,,,,,,,,1.0,2.0
3135343690013222861-2608010009-6,7078,2608010022,2608010023,1,,S,S60,Renningen|Renningen Süd|Magstadt|Maichingen Nord|Maichingen,8005574,Sindelfingen,Baden-Württemberg,Sindelfingen,71063,8.999262079,48.70387346,6,2608010023,,2608010023,,,,,,,,,,,1.0,0.0
-8774147686098078692-2608010004-2,7077,2608010006,2608010007,1,,S,S60,Böblingen,8005574,Sindelfingen,Baden-Württemberg,Sindelfingen,71063,8.999262079,48.70387346,6,2608010006,,2608010007,,,,,,,,,,,0.0,0.0
-9074467080985277700-2608010034-2,7079,2608010036,2608010037,1,,S,S60,Böblingen,8005574,Sindelfingen,Baden-Württemberg,Sindelfingen,71063,8.999262079,48.70387346,6,2608010037,,2608010038,,,,,,,,,,,1.0,1.0
6461875104419562950-2608010020-8,7276,2608010039,2608010039,1,,S,S2,Stuttgart Hbf|Stuttgart-Bad Cannstatt|Stuttgart Nürnberger Str.|Stuttgart-Sommerrain|Fellbach|Waiblingen|Rommelshausen,8005726,Stetten-Beinstein,Baden-Württemberg,Weinstadt,71384,9.352769725,48.81199601,5,2608010042,,2608010042,,h,1,Bauarbeiten,,,,,,,3.0,3.0
-6065798673451795825-2607312350-8,7274,2608010009,2608010009,1,,S,S2,Stuttgart Hbf|Stuttgart-Bad Cannstatt|Stuttgart Nürnberger Str.|Stuttgart-Sommerrain|Fellbach|Waiblingen|Rommelshausen,8005726,Stetten-Beinstein,Baden-Württemberg,Weinstadt,71384,9.352769725,48.81199601,5,2608010010,,2608010010,,h,1,Bauarbeiten,,,,,,,1.0,1.0
6570008134094305920-2608010003-8,7279,2608010019,2608010019,2,,S,S2,Schorndorf|Weiler(Rems)|Winterbach(b Schorndorf)|Geradstetten|Grunbach|Beutelsbach|Endersbach,8005726,Stetten-Beinstein,Baden-Württemberg,Weinstadt,71384,9.352769725,48.81199601,5,2608010021,,2608010022,,h,1,Bauarbeiten,,,,,,,2.0,3.0
-8097229136581884814-2608010033-8,7281,2608010049,2608010049,2,,S,S2,Schorndorf|Weiler(Rems)|Winterbach(b Schorndorf)|Geradstetten|Grunbach|Beutelsbach|Endersbach,8005726,Stetten-Beinstein,Baden-Württemberg,Weinstadt,71384,9.352769725,48.81199601,5,2608010049,,2608010050,,h,1,Bauarbeiten,,,,,,,0.0,1.0
7108274583246193747-2607312246-5,698,2608010043,2608010051,6,,ICE,,München Hbf|München-Pasing|Augsburg Hbf|Ulm Hbf,8000096,Stuttgart Hbf,Baden-Württemberg,Stuttgart,70173,9.183172973,48.78473069,1,2608010053,6,2608010104,6,h,1,Information,,,,,,,10.0,13.0
7735692879743924898-2608010017-1,7676,,2608010017,,,S,S6,,8000096,Stuttgart Hbf,Baden-Württemberg,Stuttgart,70173,9.183172973,48.78473069,1,,,2608010018,,,,,,,,,,,0.0,1.0
-2875027575093930885-2608010003-14,7679,2608010045,,1,,S,,Weil der Stadt|Malmsheim|Renningen|Rutesheim|Leonberg|Höfingen|Ditzingen|Weilimdorf|Korntal|Neuwirtshaus(Porscheplatz)|Stuttgart-Zuffenhausen|Stuttgart-Feuerbach|Stuttgart Nordbahnhof,8000096,Stuttgart Hbf,Baden-Württemberg,Stuttgart,70173,9.183172973,48.78473069,1,2608010046,,,,,,,,,,,,,1.0,0.0
2298525024658281877-2608010025-1,7178,,2608010025,,,S,S1,,8000096,Stuttgart Hbf,Baden-Württemberg,Stuttgart,70173,9.183172973,48.78473069,1,,,2608010026,,,,,,,,,,,0.0,1.0
-3702197453825054100-2608010018-1,4779,,2608010018,,,RE,RE14a,,8000096,Stuttgart Hbf,Baden-Württemberg,Stuttgart,70173,9.183172973,48.78473069,1,,,2608010019,6,,,,,,,,,,0.0,1.0
8092363418274949423-2607312350-15,7179,2608010035,,4,,S,,Kirchheim(Teck)|Kirchheim(Teck)-Ötlingen|Wendlingen(Neckar)|Wernau(Neckar)|Plochingen|Altbach|Esslingen-Zell|Oberesslingen|Esslingen(Neckar)|Esslingen-Mettingen|Stuttgart-Obertürkheim|Stuttgart-Untertürkheim|Stuttgart Neckarpark|Stuttgart-Bad Cannstatt,8000096,Stuttgart Hbf,Baden-Württemberg,Stuttgart,70173,9.183172973,48.78473069,1,2608010035,,,,,,,,,,,,,0.0,0.0
2012844247404076426-2607312326-9,19444,2608010009,,14,,ARV,,Schwäbisch Gmünd|Lorch(Württ)|Waldhausen(b Schorndorf)|Plüderhausen|Urbach(b Schorndorf)|Schorndorf|Waiblingen|Stuttgart-Bad Cannstatt,8000096,Stuttgart Hbf,Baden-Württemberg,Stuttgart,70173,9.183172973,48.78473069,1,2608010015,13,,,,,,,,,,,,6.0,0.0
-4825921784207905950-2608010057-1,7580,,2608010057,,,S,S5,,8000096,Stuttgart Hbf,Baden-Württemberg,Stuttgart,70173,9.183172973,48.78473069,1,,,2608010059,,,,,,,,,,,0.0,2.0
414984855934234452-2607312332-8,17570,2608010035,,12,,RB,,Gaildorf West|Fichtenberg|Fornsbach|Murrhardt|Sulzbach(Murr)|Oppenweiler(Württ)|Backnang,8000096,Stuttgart Hbf,Baden-Württemberg,Stuttgart,70173,9.183172973,48.78473069,1,2608010051,9,,,h,2,Bauarbeiten,,,,,,,16.0,0.0
-2156184823073248932-2608010023-1,19584,,2608010023,,,RE,MEX17,,8000096,Stuttgart Hbf,Baden-Württemberg,Stuttgart,70173,9.183172973,48.78473069,1,,,2608010024,10,,,,,,,,,,0.0,1.0
-4175471405587783145-2608010007-1,7474,,2608010007,,,S,S4,,8000096,Stuttgart Hbf,Baden-Württemberg,Stuttgart,70173,9.183172973,48.78473069,1,,,2608010007,,,,,,,,,,,0.0,0.0
-4544555874310930360-2607312315-6,4236,2608010019,,7,,RE,,Ulm Hbf|Geislingen(Steige)|Göppingen|Plochingen|Esslingen(Neckar),8000096,Stuttgart Hbf,Baden-Württemberg,Stuttgart,70173,9.183172973,48.78473069,1,2608010025,11,,,h,2,Störung,,,,,,,6.0,0.0
6942066076921155059-2608010014-4,19342,2608010032,,5,,RE,,Plochingen|Esslingen(Neckar)|Stuttgart-Bad Cannstatt,8000096,Stuttgart Hbf,Baden-Württemberg,Stuttgart,70173,9.183172973,48.78473069,1,2608010032,,,,,,,,,,,c,,0.0,0.0
8924619333411272467-2608010042-1,7378,,2608010042,,,S,S3,,8000096,Stuttgart Hbf,Baden-Württemberg,Stuttgart,70173,9.183172973,48.78473069,1,,,2608010052,,,,,,,,,,,0.0,10.0
4705599029793291676-2607312320-15,7177,2608010005,,4,,S,,Kirchheim(Teck)|Kirchheim(Teck)-Ötlingen|Wendlingen(Neckar)|Wernau(Neckar)|Plochingen|Altbach|Esslingen-Zell|Oberesslingen|Esslingen(Neckar)|Esslingen-Mettingen|Stuttgart-Obertürkheim|Stuttgart-Untertürkheim|Stuttgart Neckarpark|Stuttgart-Bad Cannstatt,8000096,Stuttgart Hbf,Baden-Württemberg,Stuttgart,70173,9.183172973,48.78473069,1,2608010005,,,,,,,,,,,,,0.0,0.0
-777260281010664973-2608010016-1,19036,,2608010016,,,ARV,RE1,,8000096,Stuttgart Hbf,Baden-Württemberg,Stuttgart,70173,9.183172973,48.78473069,1,,,2608010016,11,,,,,,,,,,0.0,0.0
6461875104419562950-2608010020-1,7276,,2608010020,,,S,S2,,8000096,Stuttgart Hbf,Baden-Württemberg,Stuttgart,70173,9.183172973,48.78473069,1,,,2608010021,,h,1,Bauarbeiten,,,,,,,0.0,1.0
-7954900908861678594-2608010026-1,17503,,2608010026,,,RB,MEX90,,8000096,Stuttgart Hbf,Baden-Württemberg,Stuttgart,70173,9.183172973,48.78473069,1,,,2608010027,8,h,1,Störung,,,,,,,0.0,1.0
-1263112065111090114-2607312328-15,7277,2608010010,,3,,S,,Schorndorf|Weiler(Rems)|Winterbach(b Schorndorf)|Geradstetten|Grunbach|Beutelsbach|Endersbach|Stetten-Beinstein|Rommelshausen|Waiblingen|Fellbach|Stuttgart-Sommerrain|Stuttgart Nürnberger Str.|Stuttgart-Bad Cannstatt,8000096,Stuttgart Hbf,Baden-Württemberg,Stuttgart,70173,9.183172973,48.78473069,1,2608010013,,,,h,1,Bauarbeiten,,,,,,,3.0,0.0
-1663225643001113593-2607312312-7,88650,2608010033,,13,,ARV,,Schwäbisch Hall-Hessental|Gaildorf West|Murrhardt|Sulzbach(Murr)|Oppenweiler(Württ)|Backnang,8000096,Stuttgart Hbf,Baden-Württemberg,Stuttgart,70173,9.183172973,48.78473069,1,,,,,h,1,Bauarbeiten,,,,,c,,0.0,0.0
8164387048971779418-2608010007-9,7579,2608010035,,2,,S,,Bietigheim-Bissingen|Tamm(Württ)|Asperg|Ludwigsburg|Kornwestheim Pbf|Stuttgart-Zuffenhausen|Stuttgart-Feuerbach|Stuttgart Nordbahnhof,8000096,Stuttgart Hbf,Baden-Württemberg,Stuttgart,70173,9.183172973,48.78473069,1,2608010035,,,,,,,,,,,,,0.0,0.0
6570008134094305920-2608010003-15,7279,2608010040,,3,,S,,Schorndorf|Weiler(Rems)|Winterbach(b Schorndorf)|Geradstetten|Grunbach|Beutelsbach|Endersbach|Stetten-Beinstein|Rommelshausen|Waiblingen|Fellbach|Stuttgart-Sommerrain|Stuttgart Nürnberger Str.|Stuttgart-Bad Cannstatt,8000096,Stuttgart Hbf,Baden-Württemberg,Stuttgart,70173,9.183172973,48.78473069,1,2608010045,,,,h,1,Bauarbeiten,,,,,,,5.0,0.0
575051924010749743-2607312357-9,19377,2608010044,,8,,RE,,Heilbronn Hbf|Nordheim(Württ)|Lauffen(Neckar)|Kirchheim(Neckar)|Walheim(Württ)|Besigheim|Bietigheim-Bissingen|Ludwigsburg,8000096,Stuttgart Hbf,Baden-Württemberg,Stuttgart,70173,9.183172973,48.78473069,1,2608010158,,,,,,,,,Heilbronn Hbf|Nordheim(Württ)|Lauffen(Neckar)|Kirchheim(Neckar)|Walheim(Württ)|Besigheim|Bietigheim-Bissingen|Ludwigsburg,,,,74.0,0.0
7846954886947346104-2608010037-1,7476,,2608010037,,,S,S4,,8000096,Stuttgart Hbf,Baden-Württemberg,Stuttgart,70173,9.183172973,48.78473069,1,,,2608010038,,,,,,,,,,,0.0,1.0
-7120372043677331542-2607312341-12,7377,2608010017,,4,,S,,Backnang|Maubach|Nellmersbach|Winnenden|Schwaikheim|Neustadt-Hohenacker|Waiblingen|Fellbach|Stuttgart-Sommerrain|Stuttgart Nürnberger Str.|Stuttgart-Bad Cannstatt,8000096,Stuttgart Hbf,Baden-Württemberg,Stuttgart,70173,9.183172973,48.78473069,1,2608010018,,,,,,,,,,,,,1.0,0.0
4872555672288923535-2607311745-14,617,2608010011,,16,,ICE,,Hamburg Hbf|Hamburg-Harburg|Bremen Hbf|Osnabrück Hbf|Münster(Westf)Hbf|Dortmund Hbf|Bochum Hbf|Essen Hbf|Duisburg Hbf|Düsseldorf Hbf|Köln Hbf|Frankfurt(M) Flughafen Fernbf|Mannheim Hbf,8000096,Stuttgart Hbf,Baden-Württemberg,Stuttgart,70173,9.183172973,48.78473069,1,2608010010,,,,h,3,Information,,,,,,,-1.0,0.0
-5764140322882206759-2608010021-3,19373,2608010040,,15,,RE,,Bietigheim-Bissingen|Ludwigsburg,8000096,Stuttgart Hbf,Baden-Württemberg,Stuttgart,70173,9.183172973,48.78473069,1,2608010043,12,,,,,,,,,,,,3.0,0.0
6588190298506647860-2607312337-9,7577,2608010005,,1,,S,,Bietigheim-Bissingen|Tamm(Württ)|Asperg|Ludwigsburg|Kornwestheim Pbf|Stuttgart-Zuffenhausen|Stuttgart-Feuerbach|Stuttgart Nordbahnhof,8000096,Stuttgart Hbf,Baden-Württemberg,Stuttgart,70173,9.183172973,48.78473069,1,2608010005,,,,,,,,,,,,,0.0,0.0
8494074834215864068-2608010011-12,7379,2608010047,,4,,S,,Backnang|Maubach|Nellmersbach|Winnenden|Schwaikheim|Neustadt-Hohenacker|Waiblingen|Fellbach|Stuttgart-Sommerrain|Stuttgart Nürnberger Str.|Stuttgart-Bad Cannstatt,8000096,Stuttgart Hbf,Baden-Württemberg,Stuttgart,70173,9.183172973,48.78473069,1,2608010059,,,,,,,,,,,,,12.0,0.0
-6491793160727462036-2608010047-1,19343,,2608010047,,,RE,MEX12,,8000096,Stuttgart Hbf,Baden-Württemberg,Stuttgart,70173,9.183172973,48.78473069,1,,,2608010047,12,,,,,,,,,,0.0,0.0
-3366414490112859120-2608010055-1,7180,,2608010055,,,S,S1,,8000096,Stuttgart Hbf,Baden-Württemberg,Stuttgart,70173,9.183172973,48.78473069,1,,,2608010102,,,,,,,,,,,0.0,7.0
7310467920449271-2608010047-1,7678,,2608010047,,,S,S6,,8000096,Stuttgart Hbf,Baden-Württemberg,Stuttgart,70173,9.183172973,48.78473069,1,,,2608010049,,,,,,,,,,,0.0,2.0
7313231446534335906-2608010050-1,7278,,2608010050,,,S,S2,,8000096,Stuttgart Hbf,Baden-Württemberg,Stuttgart,70173,9.183172973,48.78473069,1,,,2608010055,,h,1,Bauarbeiten,,,,,,,0.0,5.0
-1059289875129037590-2608010027-1,7578,,2608010027,,,S,S5,,8000096,Stuttgart Hbf,Baden-Württemberg,Stuttgart,70173,9.183172973,48.78473069,1,,,2608010027,,,,,,,,,,,0.0,0.0
-6342382568126164390-2607312312-6,19037,2608010019,,14,,ARV,,Karlsruhe Hbf|Karlsruhe-Durlach|Vaihingen(Enz)|Bietigheim-Bissingen|Ludwigsburg,8000096,Stuttgart Hbf,Baden-Württemberg,Stuttgart,70173,9.183172973,48.78473069,1,2608010040,7,,,,,,,,,,,,21.0,0.0
1310577337143634619-2608010025-10,7479,2608010055,,2,,S,,Marbach(Neckar)|Benningen(Neckar)|Freiberg(Neckar)|Favoritepark|Ludwigsburg|Kornwestheim Pbf|Stuttgart-Zuffenhausen|Stuttgart-Feuerbach|Stuttgart Nordbahnhof,8000096,Stuttgart Hbf,Baden-Württemberg,Stuttgart,70173,9.183172973,48.78473069,1,2608010056,,,,,,,,,,,,,1.0,0.0
-1923875060183499829-2607312330-9,19375,2608010015,,13,,RE,,Heilbronn Hbf|Nordheim(Württ)|Lauffen(Neckar)|Kirchheim(Neckar)|Walheim(Württ)|Besigheim|Bietigheim-Bissingen|Ludwigsburg,8000096,Stuttgart Hbf,Baden-Württemberg,Stuttgart,70173,9.183172973,48.78473069,1,,,,,,,,,,,,c,,0.0,0.0
6798625749353298235-2608010012-1,7376,,2608010012,,,S,S3,,8000096,Stuttgart Hbf,Baden-Württemberg,Stuttgart,70173,9.183172973,48.78473069,1,,,2608010014,,,,,,,,,,,0.0,2.0
2977099434128495599-2607312355-10,7477,2608010025,,1,,S,,Marbach(Neckar)|Benningen(Neckar)|Freiberg(Neckar)|Favoritepark|Ludwigsburg|Kornwestheim Pbf|Stuttgart-Zuffenhausen|Stuttgart-Feuerbach|Stuttgart Nordbahnhof,8000096,Stuttgart Hbf,Baden-Württemberg,Stuttgart,70173,9.183172973,48.78473069,1,2608010025,,,,,,,,,,,,,0.0,0.0
-6526775162747392382-2607312333-14,7677,2608010015,,2,,S,,Weil der Stadt|Malmsheim|Renningen|Rutesheim|Leonberg|Höfingen|Ditzingen|Weilimdorf|Korntal|Neuwirtshaus(Porscheplatz)|Stuttgart-Zuffenhausen|Stuttgart-Feuerbach|Stuttgart Nordbahnhof,8000096,Stuttgart Hbf,Baden-Württemberg,Stuttgart,70173,9.183172973,48.78473069,1,2608010015,,,,,,,,,,,,,0.0,0.0
2298525024658281877-2608010025-3,7178,2608010032,2608010032,2,,S,S1,Stuttgart Hbf|Stuttgart-Bad Cannstatt,8006743,Stuttgart Neckarpark,Baden-Württemberg,Stuttgart,70372,9.24106855,48.79194362,4,2608010032,,2608010033,,,,,,,,,,,0.0,1.0
8092363418274949423-2607312350-13,7179,2608010027,2608010027,1,,S,S1,Kirchheim(Teck)|Kirchheim(Teck)-Ötlingen|Wendlingen(Neckar)|Wernau(Neckar)|Plochingen|Altbach|Esslingen-Zell|Oberesslingen|Esslingen(Neckar)|Esslingen-Mettingen|Stuttgart-Obertürkheim|Stuttgart-Untertürkheim,8006743,Stuttgart Neckarpark,Baden-Württemberg,Stuttgart,70372,9.24106855,48.79194362,4,2608010027,,2608010028,,,,,,,,,,,0.0,1.0
6181068125164198804-2607312355-3,7176,2608010002,2608010002,2,,S,S1,Stuttgart Hbf|Stuttgart-Bad Cannstatt,8006743,Stuttgart Neckarpark,Baden-Württemberg,Stuttgart,70372,9.24106855,48.79194362,4,2608010003,,2608010003,,,,,,,,,,,1.0,1.0
-8775031481172421761-2608010020-13,7181,2608010057,2608010057,1,,S,S1,Kirchheim(Teck)|Kirchheim(Teck)-Ötlingen|Wendlingen(Neckar)|Wernau(Neckar)|Plochingen|Altbach|Esslingen-Zell|Oberesslingen|Esslingen(Neckar)|Esslingen-Mettingen|Stuttgart-Obertürkheim|Stuttgart-Untertürkheim,8006743,Stuttgart Neckarpark,Baden-Württemberg,Stuttgart,70372,9.24106855,48.79194362,4,2608010057,,2608010057,,,,,,,,,,,0.0,0.0
7735692879743924898-2608010017-2,7676,2608010020,2608010022,3,,S,S6,Stuttgart Hbf,8005767,Stuttgart Nord,Baden-Württemberg,Stuttgard-Nord,70174,9.188061449,48.80374161,5,2608010021,,2608010022,,,,,,,,,,,1.0,0.0
-5842345505256526084-2607312357-2,7576,2608010000,2608010001,3,,S,S5,Stuttgart Hbf,8005767,Stuttgart Nord,Baden-Württemberg,Stuttgard-Nord,70174,9.188061449,48.80374161,5,2608010001,,2608010002,,,,,,,,,,,1.0,1.0
-2875027575093930885-2608010003-13,7679,2608010039,2608010041,4,,S,S6,Weil der Stadt|Malmsheim|Renningen|Rutesheim|Leonberg|Höfingen|Ditzingen|Weilimdorf|Korntal|Neuwirtshaus(Porscheplatz)|Stuttgart-Zuffenhausen|Stuttgart-Feuerbach,8005767,Stuttgart Nord,Baden-Württemberg,Stuttgard-Nord,70174,9.188061449,48.80374161,5,2608010039,,2608010041,,,,,,,,,,,0.0,0.0
-4175471405587783145-2608010007-2,7474,2608010010,2608010011,3,,S,S4,Stuttgart Hbf,8005767,Stuttgart Nord,Baden-Württemberg,Stuttgard-Nord,70174,9.188061449,48.80374161,5,2608010010,,2608010011,,,,,,,,,,,0.0,0.0
8164387048971779418-2608010007-8,7579,2608010029,2608010031,4,,S,S5,Bietigheim-Bissingen|Tamm(Württ)|Asperg|Ludwigsburg|Kornwestheim Pbf|Stuttgart-Zuffenhausen|Stuttgart-Feuerbach,8005767,Stuttgart Nord,Baden-Württemberg,Stuttgard-Nord,70174,9.188061449,48.80374161,5,2608010029,,2608010031,,,,,,,,,,,0.0,0.0
7846954886947346104-2608010037-2,7476,2608010040,2608010041,3,,S,S4,Stuttgart Hbf,8005767,Stuttgart Nord,Baden-Württemberg,Stuttgard-Nord,70174,9.188061449,48.80374161,5,2608010041,,2608010042,,,,,,,,,,,1.0,1.0
6588190298506647860-2607312337-8,7577,2607312359,2608010001,4,,S,S5,Bietigheim-Bissingen|Tamm(Württ)|Asperg|Ludwigsburg|Kornwestheim Pbf|Stuttgart-Zuffenhausen|Stuttgart-Feuerbach,8005767,Stuttgart Nord,Baden-Württemberg,Stuttgard-Nord,70174,9.188061449,48.80374161,5,2608010000,,2608010001,,,,,,,,,,,1.0,0.0
7310467920449271-2608010047-2,7678,2608010050,2608010052,3,,S,S6,Stuttgart Hbf,8005767,Stuttgart Nord,Baden-Württemberg,Stuttgard-Nord,70174,9.188061449,48.80374161,5,2608010052,,2608010053,,,,,,,,,,,2.0,1.0
-1059289875129037590-2608010027-2,7578,2608010030,2608010031,3,,S,S5,Stuttgart Hbf,8005767,Stuttgart Nord,Baden-Württemberg,Stuttgard-Nord,70174,9.188061449,48.80374161,5,2608010031,,2608010032,,,,,,,,,,,1.0,1.0
1310577337143634619-2608010025-9,7479,2608010049,2608010051,4,,S,S4,Marbach(Neckar)|Benningen(Neckar)|Freiberg(Neckar)|Favoritepark|Ludwigsburg|Kornwestheim Pbf|Stuttgart-Zuffenhausen|Stuttgart-Feuerbach,8005767,Stuttgart Nord,Baden-Württemberg,Stuttgard-Nord,70174,9.188061449,48.80374161,5,2608010049,,2608010053,,,,,,,,,,,0.0,2.0
2977099434128495599-2607312355-9,7477,2608010019,2608010021,4,,S,S4,Marbach(Neckar)|Benningen(Neckar)|Freiberg(Neckar)|Favoritepark|Ludwigsburg|Kornwestheim Pbf|Stuttgart-Zuffenhausen|Stuttgart-Feuerbach,8005767,Stuttgart Nord,Baden-Württemberg,Stuttgard-Nord,70174,9.188061449,48.80374161,5,2608010019,,2608010021,,,,,,,,,,,0.0,0.0
-6526775162747392382-2607312333-13,7677,2608010009,2608010011,4,,S,S6,Weil der Stadt|Malmsheim|Renningen|Rutesheim|Leonberg|Höfingen|Ditzingen|Weilimdorf|Korntal|Neuwirtshaus(Porscheplatz)|Stuttgart-Zuffenhausen|Stuttgart-Feuerbach,8005767,Stuttgart Nord,Baden-Württemberg,Stuttgard-Nord,70174,9.188061449,48.80374161,5,2608010009,,2608010011,,,,,,,,,,,0.0,0.0
8924619333411272467-2608010042-3,7378,2608010052,2608010052,4,,S,S3,Stuttgart Hbf|Stuttgart-Bad Cannstatt,8004357,Stuttgart Nürnberger Straße,Baden-Württemberg,Stuttgart,70374,9.234576905,48.80656062,5,2608010059,,2608010059,,,,,,,,,,,7.0,7.0
6461875104419562950-2608010020-3,7276,2608010027,2608010027,4,,S,S2,Stuttgart Hbf|Stuttgart-Bad Cannstatt,8004357,Stuttgart Nürnberger Straße,Baden-Württemberg,Stuttgart,70374,9.234576905,48.80656062,5,2608010028,,2608010028,,h,1,Bauarbeiten,,,,,,,1.0,1.0
-1263112065111090114-2607312328-13,7277,2608010002,2608010003,1,,S,S2,Schorndorf|Weiler(Rems)|Winterbach(b Schorndorf)|Geradstetten|Grunbach|Beutelsbach|Endersbach|Stetten-Beinstein|Rommelshausen|Waiblingen|Fellbach|Stuttgart-Sommerrain,8004357,Stuttgart Nürnberger Straße,Baden-Württemberg,Stuttgart,70374,9.234576905,48.80656062,5,2608010002,,2608010003,,h,1,Bauarbeiten,,,,,,,0.0,0.0
6570008134094305920-2608010003-13,7279,2608010032,2608010033,1,,S,S2,Schorndorf|Weiler(Rems)|Winterbach(b Schorndorf)|Geradstetten|Grunbach|Beutelsbach|Endersbach|Stetten-Beinstein|Rommelshausen|Waiblingen|Fellbach|Stuttgart-Sommerrain,8004357,Stuttgart Nürnberger Straße,Baden-Württemberg,Stuttgart,70374,9.234576905,48.80656062,5,2608010036,,2608010038,,h,1,Bauarbeiten,,,,,,,4.0,5.0
-7120372043677331542-2607312341-10,7377,2608010007,2608010008,1,,S,S3,Backnang|Maubach|Nellmersbach|Winnenden|Schwaikheim|Neustadt-Hohenacker|Waiblingen|Fellbach|Stuttgart-Sommerrain,8004357,Stuttgart Nürnberger Straße,Baden-Württemberg,Stuttgart,70374,9.234576905,48.80656062,5,2608010010,,2608010011,,,,,,,,,,,3.0,3.0
8494074834215864068-2608010011-10,7379,2608010037,2608010038,1,,S,S3,Backnang|Maubach|Nellmersbach|Winnenden|Schwaikheim|Neustadt-Hohenacker|Waiblingen|Fellbach|Stuttgart-Sommerrain,8004357,Stuttgart Nürnberger Straße,Baden-Württemberg,Stuttgart,70374,9.234576905,48.80656062,5,2608010041,,2608010042,,,,,,,,,,,4.0,4.0
7313231446534335906-2608010050-3,7278,2608010057,2608010057,4,,S,S2,Stuttgart Hbf|Stuttgart-Bad Cannstatt,8004357,Stuttgart Nürnberger Straße,Baden-Württemberg,Stuttgart,70374,9.234576905,48.80656062,5,2608010104,,2608010105,,h,1,Bauarbeiten,,,,,,,7.0,8.0
6798625749353298235-2608010012-3,7376,2608010022,2608010022,4,,S,S3,Stuttgart Hbf|Stuttgart-Bad Cannstatt,8004357,Stuttgart Nürnberger Straße,Baden-Württemberg,Stuttgart,70374,9.234576905,48.80656062,5,2608010022,,2608010023,,,,,,,,,,,0.0,1.0
2298525024658281877-2608010025-2,7178,2608010028,2608010029,3,,S,S1,Stuttgart Hbf,8005769,Stuttgart-Bad Cannstatt,Baden-Württemberg,Stuttgart,70372,9.217468636,48.80127978,3,2608010029,,2608010030,,,,,,,,,,,1.0,1.0
8092363418274949423-2607312350-14,7179,2608010030,2608010031,2,,S,S1,Kirchheim(Teck)|Kirchheim(Teck)-Ötlingen|Wendlingen(Neckar)|Wernau(Neckar)|Plochingen|Altbach|Esslingen-Zell|Oberesslingen|Esslingen(Neckar)|Esslingen-Mettingen|Stuttgart-Obertürkheim|Stuttgart-Untertürkheim|Stuttgart Neckarpark,8005769,Stuttgart-Bad Cannstatt,Baden-Württemberg,Stuttgart,70372,9.217468636,48.80127978,3,2608010030,,2608010031,,,,,,,,,,,0.0,0.0
2012844247404076426-2607312326-8,19444,2608010005,2608010005,6,,ARV,MEX13,Schwäbisch Gmünd|Lorch(Württ)|Waldhausen(b Schorndorf)|Plüderhausen|Urbach(b Schorndorf)|Schorndorf|Waiblingen,8005769,Stuttgart-Bad Cannstatt,Baden-Württemberg,Stuttgart,70372,9.217468636,48.80127978,3,2608010010,1,2608010010,1,,,,,,,,,,5.0,5.0
6942066076921155059-2608010014-3,19342,2608010027,2608010028,1,,RE,MEX18,Plochingen|Esslingen(Neckar),8005769,Stuttgart-Bad Cannstatt,Baden-Württemberg,Stuttgart,70372,9.217468636,48.80127978,3,2608010028,,2608010029,,,,,,,,,c,c,1.0,1.0
8924619333411272467-2608010042-2,7378,2608010046,2608010049,3,,S,S3,Stuttgart Hbf,8005769,Stuttgart-Bad Cannstatt,Baden-Württemberg,Stuttgart,70372,9.217468636,48.80127978,3,2608010056,,2608010057,,,,,,,,,,,10.0,8.0
4705599029793291676-2607312320-14,7177,2608010000,2608010001,2,,S,S1,Kirchheim(Teck)|Kirchheim(Teck)-Ötlingen|Wendlingen(Neckar)|Wernau(Neckar)|Plochingen|Altbach|Esslingen-Zell|Oberesslingen|Esslingen(Neckar)|Esslingen-Mettingen|Stuttgart-Obertürkheim|Stuttgart-Untertürkheim|Stuttgart Neckarpark,8005769,Stuttgart-Bad Cannstatt,Baden-Württemberg,Stuttgart,70372,9.217468636,48.80127978,3,2608010000,,2608010001,,,,,,,,,,,0.0,0.0
6461875104419562950-2608010020-2,7276,2608010024,2608010024,3,,S,S2,Stuttgart Hbf,8005769,Stuttgart-Bad Cannstatt,Baden-Württemberg,Stuttgart,70372,9.217468636,48.80127978,3,2608010025,,2608010025,,h,1,Bauarbeiten,,,,,,,1.0,1.0
-1263112065111090114-2607312328-14,7277,2608010005,2608010006,2,,S,S2,Schorndorf|Weiler(Rems)|Winterbach(b Schorndorf)|Geradstetten|Grunbach|Beutelsbach|Endersbach|Stetten-Beinstein|Rommelshausen|Waiblingen|Fellbach|Stuttgart-Sommerrain|Stuttgart Nürnberger Str.,8005769,Stuttgart-Bad Cannstatt,Baden-Württemberg,Stuttgart,70372,9.217468636,48.80127978,3,2608010007,,2608010009,,h,1,Bauarbeiten,,,,,,,2.0,3.0
6570008134094305920-2608010003-14,7279,2608010035,2608010036,2,,S,S2,Schorndorf|Weiler(Rems)|Winterbach(b Schorndorf)|Geradstetten|Grunbach|Beutelsbach|Endersbach|Stetten-Beinstein|Rommelshausen|Waiblingen|Fellbach|Stuttgart-Sommerrain|Stuttgart Nürnberger Str.,8005769,Stuttgart-Bad Cannstatt,Baden-Württemberg,Stuttgart,70372,9.217468636,48.80127978,3,2608010041,,2608010042,,h,1,Bauarbeiten,,,,,,,6.0,6.0
-7120372043677331542-2607312341-11,7377,2608010011,2608010013,2,,S,S3,Backnang|Maubach|Nellmersbach|Winnenden|Schwaikheim|Neustadt-Hohenacker|Waiblingen|Fellbach|Stuttgart-Sommerrain|Stuttgart Nürnberger Str.,8005769,Stuttgart-Bad Cannstatt,Baden-Württemberg,Stuttgart,70372,9.217468636,48.80127978,3,2608010014,,2608010015,,,,,,,,,,,3.0,2.0
8494074834215864068-2608010011-11,7379,2608010041,2608010043,2,,S,S3,Backnang|Maubach|Nellmersbach|Winnenden|Schwaikheim|Neustadt-Hohenacker|Waiblingen|Fellbach|Stuttgart-Sommerrain|Stuttgart Nürnberger Str.,8005769,Stuttgart-Bad Cannstatt,Baden-Württemberg,Stuttgart,70372,9.217468636,48.80127978,3,2608010045,,2608010050,,,,,,,,,,,4.0,7.0
-6491793160727462036-2608010047-2,19343,2608010050,2608010052,4,,RE,MEX12,Stuttgart Hbf,8005769,Stuttgart-Bad Cannstatt,Baden-Württemberg,Stuttgart,70372,9.217468636,48.80127978,3,2608010052,,2608010053,,,,,,,,,,,2.0,1.0
-3366414490112859120-2608010055-2,7180,2608010058,2608010059,3,,S,S1,Stuttgart Hbf,8005769,Stuttgart-Bad Cannstatt,Baden-Württemberg,Stuttgart,70372,9.217468636,48.80127978,3,2608010106,,2608010107,,,,,,,,,,,8.0,8.0
7313231446534335906-2608010050-2,7278,2608010054,2608010054,3,,S,S2,Stuttgart Hbf,8005769,Stuttgart-Bad Cannstatt,Baden-Württemberg,Stuttgart,70372,9.217468636,48.80127978,3,2608010100,,2608010101,,h,1,Bauarbeiten,,,,,,,6.0,7.0
6798625749353298235-2608010012-2,7376,2608010016,2608010019,3,,S,S3,Stuttgart Hbf,8005769,Stuttgart-Bad Cannstatt,Baden-Württemberg,Stuttgart,70372,9.217468636,48.80127978,3,2608010018,,2608010019,,,,,,,,,,,2.0,0.0
7735692879743924898-2608010017-3,7676,2608010024,2608010024,2,,S,S6,Stuttgart Hbf|Stuttgart Nordbahnhof,8005770,Stuttgart-Feuerbach,Baden-Württemberg,Feuerbach,70469,9.169186287,48.81363554,3,2608010024,,2608010024,,,,,,,,,,,0.0,0.0
-5842345505256526084-2607312357-3,7576,2608010003,2608010004,2,,S,S5,Stuttgart Hbf|Stuttgart Nordbahnhof,8005770,Stuttgart-Feuerbach,Baden-Württemberg,Feuerbach,70469,9.169186287,48.81363554,3,2608010003,,2608010004,,,,,,,,,,,0.0,0.0
-2875027575093930885-2608010003-12,7679,2608010036,2608010036,1,,S,S6,Weil der Stadt|Malmsheim|Renningen|Rutesheim|Leonberg|Höfingen|Ditzingen|Weilimdorf|Korntal|Neuwirtshaus(Porscheplatz)|Stuttgart-Zuffenhausen,8005770,Stuttgart-Feuerbach,Baden-Württemberg,Feuerbach,70469,9.169186287,48.81363554,3,2608010036,,2608010036,,,,,,,,,,,0.0,0.0
-4175471405587783145-2608010007-3,7474,2608010013,2608010014,2,,S,S4,Stuttgart Hbf|Stuttgart Nordbahnhof,8005770,Stuttgart-Feuerbach,Baden-Württemberg,Feuerbach,70469,9.169186287,48.81363554,3,2608010013,,2608010014,,,,,,,,,,,0.0,0.0
8164387048971779418-2608010007-7,7579,2608010026,2608010026,1,,S,S5,Bietigheim-Bissingen|Tamm(Württ)|Asperg|Ludwigsburg|Kornwestheim Pbf|Stuttgart-Zuffenhausen,8005770,Stuttgart-Feuerbach,Baden-Württemberg,Feuerbach,70469,9.169186287,48.81363554,3,2608010027,,2608010027,,,,,,,,,,,1.0,1.0
7846954886947346104-2608010037-3,7476,2608010043,2608010044,2,,S,S4,Stuttgart Hbf|Stuttgart Nordbahnhof,8005770,Stuttgart-Feuerbach,Baden-Württemberg,Feuerbach,70469,9.169186287,48.81363554,3,2608010043,,2608010044,,,,,,,,,,,0.0,0.0
7310467920449271-2608010047-3,7678,2608010054,2608010054,2,,S,S6,Stuttgart Hbf|Stuttgart Nordbahnhof,8005770,Stuttgart-Feuerbach,Baden-Württemberg,Feuerbach,70469,9.169186287,48.81363554,3,2608010054,,2608010055,,,,,,,,,,,0.0,1.0
-1059289875129037590-2608010027-3,7578,2608010033,2608010034,2,,S,S5,Stuttgart Hbf|Stuttgart Nordbahnhof,8005770,Stuttgart-Feuerbach,Baden-Württemberg,Feuerbach,70469,9.169186287,48.81363554,3,2608010033,,2608010034,,,,,,,,,,,0.0,0.0
1310577337143634619-2608010025-8,7479,2608010046,2608010047,1,,S,S4,Marbach(Neckar)|Benningen(Neckar)|Freiberg(Neckar)|Favoritepark|Ludwigsburg|Kornwestheim Pbf|Stuttgart-Zuffenhausen,8005770,Stuttgart-Feuerbach,Baden-Württemberg,Feuerbach,70469,9.169186287,48.81363554,3,2608010047,,2608010047,,,,,,,,,,,1.0,0.0
2977099434128495599-2607312355-8,7477,2608010016,2608010017,1,,S,S4,Marbach(Neckar)|Benningen(Neckar)|Freiberg(Neckar)|Favoritepark|Ludwigsburg|Kornwestheim Pbf|Stuttgart-Zuffenhausen,8005770,Stuttgart-Feuerbach,Baden-Württemberg,Feuerbach,70469,9.169186287,48.81363554,3,2608010016,,2608010017,,,,,,,,,,,0.0,0.0
-6526775162747392382-2607312333-12,7677,2608010006,2608010006,1,,S,S6,Weil der Stadt|Malmsheim|Renningen|Rutesheim|Leonberg|Höfingen|Ditzingen|Weilimdorf|Korntal|Neuwirtshaus(Porscheplatz)|Stuttgart-Zuffenhausen,8005770,Stuttgart-Feuerbach,Baden-Württemberg,Feuerbach,70469,9.169186287,48.81363554,3,2608010006,,2608010006,,,,,,,,,,,0.0,0.0
2298525024658281877-2608010025-5,7178,2608010037,2608010037,6,,S,S1,Stuttgart Hbf|Stuttgart-Bad Cannstatt|Stuttgart Neckarpark|Stuttgart-Untertürkheim,8005772,Stuttgart-Obertürkheim,Baden-Württemberg,Stuttgart,70329,9.268167932,48.76175015,4,2608010037,,2608010038,,,,,,,,,,,0.0,1.0
8092363418274949423-2607312350-11,7179,2608010022,2608010022,5,,S,S1,Kirchheim(Teck)|Kirchheim(Teck)-Ötlingen|Wendlingen(Neckar)|Wernau(Neckar)|Plochingen|Altbach|Esslingen-Zell|Oberesslingen|Esslingen(Neckar)|Esslingen-Mettingen,8005772,Stuttgart-Obertürkheim,Baden-Württemberg,Stuttgart,70329,9.268167932,48.76175015,4,2608010022,,2608010023,,,,,,,,,,,0.0,1.0
6181068125164198804-2607312355-5,7176,2608010007,2608010007,6,,S,S1,Stuttgart Hbf|Stuttgart-Bad Cannstatt|Stuttgart Neckarpark|Stuttgart-Untertürkheim,8005772,Stuttgart-Obertürkheim,Baden-Württemberg,Stuttgart,70329,9.268167932,48.76175015,4,2608010007,,2608010007,,,,,,,,,,,0.0,0.0
-8775031481172421761-2608010020-11,7181,2608010052,2608010052,5,,S,S1,Kirchheim(Teck)|Kirchheim(Teck)-Ötlingen|Wendlingen(Neckar)|Wernau(Neckar)|Plochingen|Altbach|Esslingen-Zell|Oberesslingen|Esslingen(Neckar)|Esslingen-Mettingen,8005772,Stuttgart-Obertürkheim,Baden-Württemberg,Stuttgart,70329,9.268167932,48.76175015,4,2608010052,,2608010053,,,,,,,,,,,0.0,1.0
-1459141203769340300-2608010016-2,7777,2608010017,2608010023,2,,S,S1,Stuttgart-Vaihingen,8005773,Stuttgart-Rohr,Baden-Württemberg,Stuttgart,70565,9.108158025,48.71799427,4,2608010017,,2608010023,,,,,,,,,,,0.0,0.0
-2978262493163587752-2608010016-8,7780,2608010037,2608010038,3,,S,S1,Herrenberg|Nufringen|Gärtringen|Ehningen(b Böblingen)|Hulb|Böblingen|Goldberg(Württ),8005773,Stuttgart-Rohr,Baden-Württemberg,Stuttgart,70565,9.108158025,48.71799427,4,2608010040,,2608010041,,,,,,,,,,,3.0,3.0
1391287489183680041-2608010035-2,7979,2608010036,2608010042,2,,S,S2,Stuttgart-Vaihingen,8005773,Stuttgart-Rohr,Baden-Württemberg,Stuttgart,70565,9.108158025,48.71799427,4,2608010036,,2608010042,,,,,,,,,,,0.0,0.0
3605325443872813677-2608010005-2,7977,2608010006,2608010012,2,,S,S2,Stuttgart-Vaihingen,8005773,Stuttgart-Rohr,Baden-Württemberg,Stuttgart,70565,9.108158025,48.71799427,4,2608010007,,2608010012,,,,,,,,,,,1.0,0.0
-3828888404650944113-2608010046-2,7779,2608010047,2608010053,2,,S,S1,Stuttgart-Vaihingen,8005773,Stuttgart-Rohr,Baden-Württemberg,Stuttgart,70565,9.108158025,48.71799427,4,2608010047,,2608010053,,,,,,,,,,,0.0,0.0
5905216437651592640-2608010003-6,7976,2608010018,2608010019,3,,S,S2,Filderstadt|Stuttgart Flughafen/Messe|Echterdingen|Leinfelden|Oberaichen,8005773,Stuttgart-Rohr,Baden-Württemberg,Stuttgart,70565,9.108158025,48.71799427,4,2608010018,,2608010020,,,,,,,,,,,0.0,1.0
4991213592121918551-2607312346-8,7778,2608010007,2608010008,3,,S,S1,Herrenberg|Nufringen|Gärtringen|Ehningen(b Böblingen)|Hulb|Böblingen|Goldberg(Württ),8005773,Stuttgart-Rohr,Baden-Württemberg,Stuttgart,70565,9.108158025,48.71799427,4,2608010009,,2608010010,,,,,,,,,,,2.0,2.0
-7276272804962501987-2608010033-6,7978,2608010048,2608010049,3,,S,S2,Filderstadt|Stuttgart Flughafen/Messe|Echterdingen|Leinfelden|Oberaichen,8005773,Stuttgart-Rohr,Baden-Württemberg,Stuttgart,70565,9.108158025,48.71799427,4,2608010048,,2608010049,,,,,,,,,,,0.0,0.0
8924619333411272467-2608010042-4,7378,2608010054,2608010054,4,,S,S3,Stuttgart Hbf|Stuttgart-Bad Cannstatt|Stuttgart Nürnberger Str.,8005774,Stuttgart-Sommerrain,Baden-Württemberg,Stuttgart,70374,9.248369749,48.81521824,5,2608010101,,2608010102,,,,,,,,,,,7.0,8.0
6461875104419562950-2608010020-4,7276,2608010029,2608010029,4,,S,S2,Stuttgart Hbf|Stuttgart-Bad Cannstatt|Stuttgart Nürnberger Str.,8005774,Stuttgart-Sommerrain,Baden-Württemberg,Stuttgart,70374,9.248369749,48.81521824,5,2608010030,,2608010031,,h,1,Bauarbeiten,,,,,,,1.0,2.0
-1263112065111090114-2607312328-12,7277,2608010000,2608010000,1,,S,S2,Schorndorf|Weiler(Rems)|Winterbach(b Schorndorf)|Geradstetten|Grunbach|Beutelsbach|Endersbach|Stetten-Beinstein|Rommelshausen|Waiblingen|Fellbach,8005774,Stuttgart-Sommerrain,Baden-Württemberg,Stuttgart,70374,9.248369749,48.81521824,5,2608010000,,2608010001,,h,1,Bauarbeiten,,,,,,,0.0,1.0
6570008134094305920-2608010003-12,7279,2608010030,2608010030,1,,S,S2,Schorndorf|Weiler(Rems)|Winterbach(b Schorndorf)|Geradstetten|Grunbach|Beutelsbach|Endersbach|Stetten-Beinstein|Rommelshausen|Waiblingen|Fellbach,8005774,Stuttgart-Sommerrain,Baden-Württemberg,Stuttgart,70374,9.248369749,48.81521824,5,2608010034,,2608010035,,h,1,Bauarbeiten,,,,,,,4.0,5.0
-7120372043677331542-2607312341-9,7377,2608010005,2608010005,1,,S,S3,Backnang|Maubach|Nellmersbach|Winnenden|Schwaikheim|Neustadt-Hohenacker|Waiblingen|Fellbach,8005774,Stuttgart-Sommerrain,Baden-Württemberg,Stuttgart,70374,9.248369749,48.81521824,5,2608010008,,2608010009,,,,,,,,,,,3.0,4.0
8494074834215864068-2608010011-9,7379,2608010035,2608010035,1,,S,S3,Backnang|Maubach|Nellmersbach|Winnenden|Schwaikheim|Neustadt-Hohenacker|Waiblingen|Fellbach,8005774,Stuttgart-Sommerrain,Baden-Württemberg,Stuttgart,70374,9.248369749,48.81521824,5,2608010038,,2608010039,,,,,,,,,,,3.0,4.0
7313231446534335906-2608010050-4,7278,2608010059,2608010059,4,,S,S2,Stuttgart Hbf|Stuttgart-Bad Cannstatt|Stuttgart Nürnberger Str.,8005774,Stuttgart-Sommerrain,Baden-Württemberg,Stuttgart,70374,9.248369749,48.81521824,5,2608010106,,2608010107,,h,1,Bauarbeiten,,,,,,,7.0,8.0
6798625749353298235-2608010012-4,7376,2608010024,2608010024,4,,S,S3,Stuttgart Hbf|Stuttgart-Bad Cannstatt|Stuttgart Nürnberger Str.,8005774,Stuttgart-Sommerrain,Baden-Württemberg,Stuttgart,70374,9.248369749,48.81521824,5,2608010024,,2608010025,,,,,,,,,,,0.0,1.0
2298525024658281877-2608010025-4,7178,2608010034,2608010034,6,,S,S1,Stuttgart Hbf|Stuttgart-Bad Cannstatt|Stuttgart Neckarpark,8005775,Stuttgart-Untertürkheim Pbf,Baden-Württemberg,Stuttgart,70327,9.250467074,48.77984679,3,2608010034,,2608010035,,,,,,,,,,,0.0,1.0
8092363418274949423-2607312350-12,7179,2608010025,2608010025,5,,S,S1,Kirchheim(Teck)|Kirchheim(Teck)-Ötlingen|Wendlingen(Neckar)|Wernau(Neckar)|Plochingen|Altbach|Esslingen-Zell|Oberesslingen|Esslingen(Neckar)|Esslingen-Mettingen|Stuttgart-Obertürkheim,8005775,Stuttgart-Untertürkheim Pbf,Baden-Württemberg,Stuttgart,70327,9.250467074,48.77984679,3,2608010025,,2608010026,,,,,,,,,,,0.0,1.0
6181068125164198804-2607312355-4,7176,2608010004,2608010004,6,,S,S1,Stuttgart Hbf|Stuttgart-Bad Cannstatt|Stuttgart Neckarpark,8005775,Stuttgart-Untertürkheim Pbf,Baden-Württemberg,Stuttgart,70327,9.250467074,48.77984679,3,2608010004,,2608010005,,,,,,,,,,,0.0,1.0
-8775031481172421761-2608010020-12,7181,2608010055,2608010055,5,,S,S1,Kirchheim(Teck)|Kirchheim(Teck)-Ötlingen|Wendlingen(Neckar)|Wernau(Neckar)|Plochingen|Altbach|Esslingen-Zell|Oberesslingen|Esslingen(Neckar)|Esslingen-Mettingen|Stuttgart-Obertürkheim,8005775,Stuttgart-Untertürkheim Pbf,Baden-Württemberg,Stuttgart,70327,9.250467074,48.77984679,3,2608010055,,2608010055,,,,,,,,,,,0.0,0.0
-1459141203769340300-2608010016-1,7777,,2608010016,,,S,S1,,8005776,Stuttgart-Vaihingen,Baden-Württemberg,Stuttgart,70563,9.113913368,48.72698116,3,,,2608010016,,,,,,,,,,,0.0,0.0
-2978262493163587752-2608010016-9,7780,2608010040,,3,,S,,Herrenberg|Nufringen|Gärtringen|Ehningen(b Böblingen)|Hulb|Böblingen|Goldberg(Württ)|Stuttgart-Rohr,8005776,Stuttgart-Vaihingen,Baden-Württemberg,Stuttgart,70563,9.113913368,48.72698116,3,2608010043,,,,,,,,,,,,,3.0,0.0
-3702197453825054100-2608010018-2,4779,2608010031,2608010032,,,RE,RE14a,Stuttgart Hbf,8005776,Stuttgart-Vaihingen,Baden-Württemberg,Stuttgart,70563,9.113913368,48.72698116,3,2608010033,1,2608010034,1,,,,,,,,,,2.0,2.0
1391287489183680041-2608010035-1,7979,,2608010035,,,S,S2,,8005776,Stuttgart-Vaihingen,Baden-Württemberg,Stuttgart,70563,9.113913368,48.72698116,3,,,2608010035,,,,,,,,,,,0.0,0.0
3605325443872813677-2608010005-1,7977,,2608010005,,,S,S2,,8005776,Stuttgart-Vaihingen,Baden-Württemberg,Stuttgart,70563,9.113913368,48.72698116,3,,,2608010006,,,,,,,,,,,0.0,1.0
-3828888404650944113-2608010046-1,7779,,2608010046,,,S,S1,,8005776,Stuttgart-Vaihingen,Baden-Württemberg,Stuttgart,70563,9.113913368,48.72698116,3,,,2608010046,,,,,,,,,,,0.0,0.0
5905216437651592640-2608010003-7,7976,2608010020,,2,,S,,Filderstadt|Stuttgart Flughafen/Messe|Echterdingen|Leinfelden|Oberaichen|Stuttgart-Rohr,8005776,Stuttgart-Vaihingen,Baden-Württemberg,Stuttgart,70563,9.113913368,48.72698116,3,2608010021,,,,,,,,,,,,,1.0,0.0
4991213592121918551-2607312346-9,7778,2608010010,,3,,S,,Herrenberg|Nufringen|Gärtringen|Ehningen(b Böblingen)|Hulb|Böblingen|Goldberg(Württ)|Stuttgart-Rohr,8005776,Stuttgart-Vaihingen,Baden-Württemberg,Stuttgart,70563,9.113913368,48.72698116,3,2608010012,,,,,,,,,,,,,2.0,0.0
-7276272804962501987-2608010033-7,7978,2608010050,,2,,S,,Filderstadt|Stuttgart Flughafen/Messe|Echterdingen|Leinfelden|Oberaichen|Stuttgart-Rohr,8005776,Stuttgart-Vaihingen,Baden-Württemberg,Stuttgart,70563,9.113913368,48.72698116,3,2608010051,,,,,,,,,,,,,1.0,0.0
7735692879743924898-2608010017-7,7676,2608010033,2608010034,1,,S,S6,Stuttgart Hbf|Stuttgart Nordbahnhof|Stuttgart-Feuerbach|Stuttgart-Zuffenhausen|Neuwirtshaus(Porscheplatz)|Korntal,8006268,Stuttgart-Weilimdorf,Baden-Württemberg,Stuttgart,70499,9.094370086,48.82208429,5,2608010033,,2608010034,,,,,,,,,,,0.0,0.0
-2875027575093930885-2608010003-8,7679,2608010026,2608010026,2,,S,S6,Weil der Stadt|Malmsheim|Renningen|Rutesheim|Leonberg|Höfingen|Ditzingen,8006268,Stuttgart-Weilimdorf,Baden-Württemberg,Stuttgart,70499,9.094370086,48.82208429,5,2608010026,,2608010026,,,,,,,,,,,0.0,0.0
7251830197396160216-2607312347-7,7674,2608010003,2608010004,1,,S,S6,Stuttgart Hbf|Stuttgart Nordbahnhof|Stuttgart-Feuerbach|Stuttgart-Zuffenhausen|Neuwirtshaus(Porscheplatz)|Korntal,8006268,Stuttgart-Weilimdorf,Baden-Württemberg,Stuttgart,70499,9.094370086,48.82208429,5,2608010004,,2608010005,,,,,,,,,,,1.0,1.0
7735692879743924898-2608010017-4,7676,2608010026,2608010027,11,,S,S6,Stuttgart Hbf|Stuttgart Nordbahnhof|Stuttgart-Feuerbach,8005778,Stuttgart-Zuffenhausen,Baden-Württemberg,Stuttgart,70435,9.167156375,48.82960884,3,2608010026,,2608010027,,,,,,,,,,,0.0,0.0
-5842345505256526084-2607312357-4,7576,2608010006,2608010007,4,,S,S5,Stuttgart Hbf|Stuttgart Nordbahnhof|Stuttgart-Feuerbach,8005778,Stuttgart-Zuffenhausen,Baden-Württemberg,Stuttgart,70435,9.167156375,48.82960884,3,2608010006,,2608010007,,,,,,,,,,,0.0,0.0
-2875027575093930885-2608010003-11,7679,2608010033,2608010034,12,,S,S6,Weil der Stadt|Malmsheim|Renningen|Rutesheim|Leonberg|Höfingen|Ditzingen|Weilimdorf|Korntal|Neuwirtshaus(Porscheplatz),8005778,Stuttgart-Zuffenhausen,Baden-Württemberg,Stuttgart,70435,9.167156375,48.82960884,3,2608010033,,2608010034,,,,,,,,,,,0.0,0.0
-4175471405587783145-2608010007-4,7474,2608010016,2608010017,4,,S,S4,Stuttgart Hbf|Stuttgart Nordbahnhof|Stuttgart-Feuerbach,8005778,Stuttgart-Zuffenhausen,Baden-Württemberg,Stuttgart,70435,9.167156375,48.82960884,3,2608010016,,2608010017,,,,,,,,,,,0.0,0.0
8164387048971779418-2608010007-6,7579,2608010023,2608010024,2,,S,S5,Bietigheim-Bissingen|Tamm(Württ)|Asperg|Ludwigsburg|Kornwestheim Pbf,8005778,Stuttgart-Zuffenhausen,Baden-Württemberg,Stuttgart,70435,9.167156375,48.82960884,3,2608010024,,2608010025,,,,,,,,,,,1.0,1.0
7846954886947346104-2608010037-4,7476,2608010046,2608010047,4,,S,S4,Stuttgart Hbf|Stuttgart Nordbahnhof|Stuttgart-Feuerbach,8005778,Stuttgart-Zuffenhausen,Baden-Württemberg,Stuttgart,70435,9.167156375,48.82960884,3,2608010046,,2608010047,,,,,,,,,,,0.0,0.0
7310467920449271-2608010047-4,7678,2608010056,2608010057,11,,S,S6,Stuttgart Hbf|Stuttgart Nordbahnhof|Stuttgart-Feuerbach,8005778,Stuttgart-Zuffenhausen,Baden-Württemberg,Stuttgart,70435,9.167156375,48.82960884,3,2608010057,,2608010057,,,,,,,,,,,1.0,0.0
-1059289875129037590-2608010027-4,7578,2608010036,2608010037,4,,S,S5,Stuttgart Hbf|Stuttgart Nordbahnhof|Stuttgart-Feuerbach,8005778,Stuttgart-Zuffenhausen,Baden-Württemberg,Stuttgart,70435,9.167156375,48.82960884,3,2608010036,,2608010037,,,,,,,,,,,0.0,0.0
1310577337143634619-2608010025-7,7479,2608010043,2608010044,2,,S,S4,Marbach(Neckar)|Benningen(Neckar)|Freiberg(Neckar)|Favoritepark|Ludwigsburg|Kornwestheim Pbf,8005778,Stuttgart-Zuffenhausen,Baden-Württemberg,Stuttgart,70435,9.167156375,48.82960884,3,2608010043,,2608010045,,,,,,,,,,,0.0,1.0
2977099434128495599-2607312355-7,7477,2608010013,2608010014,2,,S,S4,Marbach(Neckar)|Benningen(Neckar)|Freiberg(Neckar)|Favoritepark|Ludwigsburg|Kornwestheim Pbf,8005778,Stuttgart-Zuffenhausen,Baden-Württemberg,Stuttgart,70435,9.167156375,48.82960884,3,2608010013,,2608010014,,,,,,,,,,,0.0,0.0
-6526775162747392382-2607312333-11,7677,2608010003,2608010004,12,,S,S6,Weil der Stadt|Malmsheim|Renningen|Rutesheim|Leonberg|Höfingen|Ditzingen|Weilimdorf|Korntal|Neuwirtshaus(Porscheplatz),8005778,Stuttgart-Zuffenhausen,Baden-Württemberg,Stuttgart,70435,9.167156375,48.82960884,3,2608010003,,2608010004,,,,,,,,,,,0.0,0.0
-5842345505256526084-2607312357-8,7576,2608010020,2608010020,3,,S,S5,Stuttgart Hbf|Stuttgart Nordbahnhof|Stuttgart-Feuerbach|Stuttgart-Zuffenhausen|Kornwestheim Pbf|Ludwigsburg|Asperg,8005820,Tamm (Württ),Baden-Württemberg,Tamm,71732,9.125288012,48.92187736,4,2608010020,,2608010020,,,,,,,,,,,0.0,0.0
8164387048971779418-2608010007-2,7579,2608010010,2608010010,2,,S,S5,Bietigheim-Bissingen,8005820,Tamm (Württ),Baden-Württemberg,Tamm,71732,9.125288012,48.92187736,4,2608010010,,2608010011,,,,,,,,,,,0.0,1.0
-1059289875129037590-2608010027-8,7578,2608010050,2608010050,3,,S,S5,Stuttgart Hbf|Stuttgart Nordbahnhof|Stuttgart-Feuerbach|Stuttgart-Zuffenhausen|Kornwestheim Pbf|Ludwigsburg|Asperg,8005820,Tamm (Württ),Baden-Württemberg,Tamm,71732,9.125288012,48.92187736,4,2608010050,,2608010050,,,,,,,,,,,0.0,0.0
5967105885829265768-2608010032-1,19491,,2608010032,,,ARV,MEX13,,8000180,Waiblingen,Baden-Württemberg,Waiblingen,71332,9.300476874,48.8262444,3,,,2608010035,,,,,,,,,,,0.0,3.0
3794757181233164765-2608010002-1,19441,,2608010002,,,ARV,MEX13,,8000180,Waiblingen,Baden-Württemberg,Waiblingen,71332,9.300476874,48.8262444,3,,,2608010003,,,,,,,,,,,0.0,1.0
8924619333411272467-2608010042-6,7378,2608010059,2608010100,3,,S,S3,Stuttgart Hbf|Stuttgart-Bad Cannstatt|Stuttgart Nürnberger Str.|Stuttgart-Sommerrain|Fellbach,8000180,Waiblingen,Baden-Württemberg,Waiblingen,71332,9.300476874,48.8262444,3,2608010106,,2608010107,,,,,,,,,,,7.0,7.0
6461875104419562950-2608010020-6,7276,2608010034,2608010035,7,,S,S2,Stuttgart Hbf|Stuttgart-Bad Cannstatt|Stuttgart Nürnberger Str.|Stuttgart-Sommerrain|Fellbach,8000180,Waiblingen,Baden-Württemberg,Waiblingen,71332,9.300476874,48.8262444,3,2608010036,,2608010038,,h,1,Bauarbeiten,,,,,,,2.0,3.0
4235977593412169897-2607312342-6,7374,2607312359,2608010000,3,,S,S3,Stuttgart Hbf|Stuttgart-Bad Cannstatt|Stuttgart Nürnberger Str.|Stuttgart-Sommerrain|Fellbach,8000180,Waiblingen,Baden-Württemberg,Waiblingen,71332,9.300476874,48.8262444,3,2607312359,,2608010000,,,,,,,,,,,0.0,0.0
5642224881119907643-2607312356-7,19492,2608010028,,6,,ARV,,Schwäbisch Gmünd|Lorch(Württ)|Waldhausen(b Schorndorf)|Plüderhausen|Urbach(b Schorndorf)|Schorndorf,8000180,Waiblingen,Baden-Württemberg,Waiblingen,71332,9.300476874,48.8262444,3,2608010030,,,,,,,,,,,,,2.0,0.0
-6065798673451795825-2607312350-6,7274,2608010004,2608010005,7,,S,S2,Stuttgart Hbf|Stuttgart-Bad Cannstatt|Stuttgart Nürnberger Str.|Stuttgart-Sommerrain|Fellbach,8000180,Waiblingen,Baden-Württemberg,Waiblingen,71332,9.300476874,48.8262444,3,2608010006,7,2608010006,7,h,1,Bauarbeiten,,,,,,,2.0,1.0
6570008134094305920-2608010003-10,7279,2608010024,2608010025,5,,S,S2,Schorndorf|Weiler(Rems)|Winterbach(b Schorndorf)|Geradstetten|Grunbach|Beutelsbach|Endersbach|Stetten-Beinstein|Rommelshausen,8000180,Waiblingen,Baden-Württemberg,Waiblingen,71332,9.300476874,48.8262444,3,2608010027,,2608010028,,h,1,Bauarbeiten,,,,,,,3.0,3.0
-7120372043677331542-2607312341-7,7377,2607312359,2608010000,5,,S,S3,Backnang|Maubach|Nellmersbach|Winnenden|Schwaikheim|Neustadt-Hohenacker,8000180,Waiblingen,Baden-Württemberg,Waiblingen,71332,9.300476874,48.8262444,3,2607312359,1,2608010000,1,,,,,,,,,,0.0,0.0
8494074834215864068-2608010011-7,7379,2608010029,2608010030,1,,S,S3,Backnang|Maubach|Nellmersbach|Winnenden|Schwaikheim|Neustadt-Hohenacker,8000180,Waiblingen,Baden-Württemberg,Waiblingen,71332,9.300476874,48.8262444,3,2608010029,,2608010031,,,,,,,,,,,0.0,1.0
-8097229136581884814-2608010033-10,7281,2608010054,2608010055,5,,S,S2,Schorndorf|Weiler(Rems)|Winterbach(b Schorndorf)|Geradstetten|Grunbach|Beutelsbach|Endersbach|Stetten-Beinstein|Rommelshausen,8000180,Waiblingen,Baden-Württemberg,Waiblingen,71332,9.300476874,48.8262444,3,2608010055,,2608010055,,h,1,Bauarbeiten,,,,,,,1.0,0.0
6798625749353298235-2608010012-6,7376,2608010029,2608010030,3,,S,S3,Stuttgart Hbf|Stuttgart-Bad Cannstatt|Stuttgart Nürnberger Str.|Stuttgart-Sommerrain|Fellbach,8000180,Waiblingen,Baden-Württemberg,Waiblingen,71332,9.300476874,48.8262444,3,2608010030,,2608010031,,,,,,,,,,,1.0,1.0
7735692879743924898-2608010017-14,7676,2608010057,,2,,S,,Stuttgart Hbf|Stuttgart Nordbahnhof|Stuttgart-Feuerbach|Stuttgart-Zuffenhausen|Neuwirtshaus(Porscheplatz)|Korntal|Weilimdorf|Ditzingen|Höfingen|Leonberg|Rutesheim|Renningen|Malmsheim,8006271,Weil der Stadt,Baden-Württemberg,Weil der Stadt,71263,8.873189074,48.7557357,4,2608010058,,,,,,,,,,,,,1.0,0.0
-2875027575093930885-2608010003-1,7679,,2608010003,,,S,S6,,8006271,Weil der Stadt,Baden-Württemberg,Weil der Stadt,71263,8.873189074,48.7557357,4,,,2608010003,,,,,,,,,,,0.0,0.0
-4080091169318114370-2607312358-2,26190,2608010001,2608010003,141,,SWE,RB76,Renningen,8006271,Weil der Stadt,Baden-Württemberg,Weil der Stadt,71263,8.873189074,48.7557357,4,2608010002,,2608010003,,h,1,Störung,,,,,,,1.0,0.0
7251830197396160216-2607312347-14,7674,2608010027,,2,,S,,Stuttgart Hbf|Stuttgart Nordbahnhof|Stuttgart-Feuerbach|Stuttgart-Zuffenhausen|Neuwirtshaus(Porscheplatz)|Korntal|Weilimdorf|Ditzingen|Höfingen|Leonberg|Rutesheim|Renningen|Malmsheim,8006271,Weil der Stadt,Baden-Württemberg,Weil der Stadt,71263,8.873189074,48.7557357,4,2608010028,,,,,,,,,,,,,1.0,0.0
-3002578559228263212-2608010026-5,26193,2608010044,,141,,SWE,,Calw|Calw-Heumaden|Althengstett|Ostelsheim,8006271,Weil der Stadt,Baden-Württemberg,Weil der Stadt,71263,8.873189074,48.7557357,4,2608010044,,,,h,1,Störung,,,,,,,0.0,0.0
6461875104419562950-2608010020-14,7276,2608010052,2608010052,1,,S,S2,Stuttgart Hbf|Stuttgart-Bad Cannstatt|Stuttgart Nürnberger Str.|Stuttgart-Sommerrain|Fellbach|Waiblingen|Rommelshausen|Stetten-Beinstein|Endersbach|Beutelsbach|Grunbach|Geradstetten|Winterbach(b Schorndorf),8006277,Weiler (Rems),Baden-Württemberg,Schorndorf,76314,9.501891172,48.80034585,5,2608010057,2,2608010058,2,h,1,Bauarbeiten,,,,,,,5.0,6.0
-6065798673451795825-2607312350-14,7274,2608010022,2608010022,1,,S,S2,Stuttgart Hbf|Stuttgart-Bad Cannstatt|Stuttgart Nürnberger Str.|Stuttgart-Sommerrain|Fellbach|Waiblingen|Rommelshausen|Stetten-Beinstein|Endersbach|Beutelsbach|Grunbach|Geradstetten|Winterbach(b Schorndorf),8006277,Weiler (Rems),Baden-Württemberg,Schorndorf,76314,9.501891172,48.80034585,5,2608010025,,2608010025,,h,1,Bauarbeiten,,,,,,,3.0,3.0
6570008134094305920-2608010003-2,7279,2608010006,2608010006,2,,S,S2,Schorndorf,8006277,Weiler (Rems),Baden-Württemberg,Schorndorf,76314,9.501891172,48.80034585,5,2608010007,,2608010008,,h,1,Bauarbeiten,,,,,,,1.0,2.0
-8097229136581884814-2608010033-2,7281,2608010036,2608010036,2,,S,S2,Schorndorf,8006277,Weiler (Rems),Baden-Württemberg,Schorndorf,76314,9.501891172,48.80034585,5,2608010036,,2608010036,,h,1,Bauarbeiten,,,,,,,0.0,0.0
-514569955058895236-2608010024-1,16079,,2608010024,,,RE,RE200,,8006331,Wendlingen (Neckar),Baden-Württemberg,Wendlingen am Neckar,73240,9.373662098,48.67368917,3,,,2608010024,,h,2,Bauarbeiten,,,,,,,0.0,0.0
-6275608324438357522-2607312325-13,7174,2608010002,2608010003,11,,S,S1,Stuttgart Hbf|Stuttgart-Bad Cannstatt|Stuttgart Neckarpark|Stuttgart-Untertürkheim|Stuttgart-Obertürkheim|Esslingen-Mettingen|Esslingen(Neckar)|Oberesslingen|Esslingen-Zell|Altbach|Plochingen|Wernau(Neckar),8006331,Wendlingen (Neckar),Baden-Württemberg,Wendlingen am Neckar,73240,9.373662098,48.67368917,3,2608010002,,2608010003,,,,,,,,,,,0.0,0.0
6181068125164198804-2607312355-13,7176,2608010032,2608010033,11,,S,S1,Stuttgart Hbf|Stuttgart-Bad Cannstatt|Stuttgart Neckarpark|Stuttgart-Untertürkheim|Stuttgart-Obertürkheim|Esslingen-Mettingen|Esslingen(Neckar)|Oberesslingen|Esslingen-Zell|Altbach|Plochingen|Wernau(Neckar),8006331,Wendlingen (Neckar),Baden-Württemberg,Wendlingen am Neckar,73240,9.373662098,48.67368917,3,2608010032,,2608010033,,,,,,,,,,,0.0,0.0
-1088215098390052968-2608010029-3,16082,2608010059,,3,,RE,,Ulm Hbf|Merklingen - Schwäbische Alb,8006331,Wendlingen (Neckar),Baden-Württemberg,Wendlingen am Neckar,73240,9.373662098,48.67368917,3,2608010057,,,,h,2,Bauarbeiten,,,,,,,-2.0,0.0
-8775031481172421761-2608010020-3,7181,2608010027,2608010028,12,,S,S1,Kirchheim(Teck)|Kirchheim(Teck)-Ötlingen,8006331,Wendlingen (Neckar),Baden-Württemberg,Wendlingen am Neckar,73240,9.373662098,48.67368917,3,2608010027,,2608010028,,,,,,,,,,,0.0,0.0
2298525024658281877-2608010025-12,7178,2608010058,2608010059,2,,S,S1,Stuttgart Hbf|Stuttgart-Bad Cannstatt|Stuttgart Neckarpark|Stuttgart-Untertürkheim|Stuttgart-Obertürkheim|Esslingen-Mettingen|Esslingen(Neckar)|Oberesslingen|Esslingen-Zell|Altbach|Plochingen,8006346,Wernau (Neckar),Baden-Württemberg,Wernau (Neckar),73249,9.413654423,48.69417221,4,2608010058,,2608010059,,,,,,,,,,,0.0,0.0
8092363418274949423-2607312350-4,7179,2608010001,2608010001,1,,S,S1,Kirchheim(Teck)|Kirchheim(Teck)-Ötlingen|Wendlingen(Neckar),8006346,Wernau (Neckar),Baden-Württemberg,Wernau (Neckar),73249,9.413654423,48.69417221,4,2608010001,,2608010002,,,,,,,,,,,0.0,1.0
6181068125164198804-2607312355-12,7176,2608010028,2608010029,2,,S,S1,Stuttgart Hbf|Stuttgart-Bad Cannstatt|Stuttgart Neckarpark|Stuttgart-Untertürkheim|Stuttgart-Obertürkheim|Esslingen-Mettingen|Esslingen(Neckar)|Oberesslingen|Esslingen-Zell|Altbach|Plochingen,8006346,Wernau (Neckar),Baden-Württemberg,Wernau (Neckar),73249,9.413654423,48.69417221,4,2608010028,,2608010029,,,,,,,,,,,0.0,0.0
-8775031481172421761-2608010020-4,7181,2608010031,2608010031,1,,S,S1,Kirchheim(Teck)|Kirchheim(Teck)-Ötlingen|Wendlingen(Neckar),8006346,Wernau (Neckar),Baden-Württemberg,Wernau (Neckar),73249,9.413654423,48.69417221,4,2608010032,,2608010032,,,,,,,,,,,1.0,1.0
4235977593412169897-2607312342-9,7374,2608010009,2608010009,2,,S,S3,Stuttgart Hbf|Stuttgart-Bad Cannstatt|Stuttgart Nürnberger Str.|Stuttgart-Sommerrain|Fellbach|Waiblingen|Neustadt-Hohenacker|Schwaikheim,8006479,Winnenden,Baden-Württemberg,Winnenden,71364,9.392155928,48.8795625,3,2608010009,,2608010010,,,,,,,,,,,0.0,1.0
8494074834215864068-2608010011-4,7379,2608010019,2608010020,3,,S,S3,Backnang|Maubach|Nellmersbach,8006479,Winnenden,Baden-Württemberg,Winnenden,71364,9.392155928,48.8795625,3,2608010019,,2608010020,,,,,,,,,,,0.0,0.0
6798625749353298235-2608010012-9,7376,2608010039,2608010039,2,,S,S3,Stuttgart Hbf|Stuttgart-Bad Cannstatt|Stuttgart Nürnberger Str.|Stuttgart-Sommerrain|Fellbach|Waiblingen|Neustadt-Hohenacker|Schwaikheim,8006479,Winnenden,Baden-Württemberg,Winnenden,71364,9.392155928,48.8795625,3,2608010040,,2608010041,,,,,,,,,,,1.0,2.0
6461875104419562950-2608010020-13,7276,2608010050,2608010050,2,,S,S2,Stuttgart Hbf|Stuttgart-Bad Cannstatt|Stuttgart Nürnberger Str.|Stuttgart-Sommerrain|Fellbach|Waiblingen|Rommelshausen|Stetten-Beinstein|Endersbach|Beutelsbach|Grunbach|Geradstetten,8006485,Winterbach (b Schorndorf),Baden-Württemberg,Winterbach,73650,9.481549751,48.79842743,4,2608010055,1,2608010056,1,h,1,Bauarbeiten,,,,,,,5.0,6.0
-6065798673451795825-2607312350-13,7274,2608010020,2608010020,2,,S,S2,Stuttgart Hbf|Stuttgart-Bad Cannstatt|Stuttgart Nürnberger Str.|Stuttgart-Sommerrain|Fellbach|Waiblingen|Rommelshausen|Stetten-Beinstein|Endersbach|Beutelsbach|Grunbach|Geradstetten,8006485,Winterbach (b Schorndorf),Baden-Württemberg,Winterbach,73650,9.481549751,48.79842743,4,2608010022,,2608010023,,h,1,Bauarbeiten,,,,,,,2.0,3.0
6570008134094305920-2608010003-3,7279,2608010008,2608010008,1,,S,S2,Schorndorf|Weiler(Rems),8006485,Winterbach (b Schorndorf),Baden-Württemberg,Winterbach,73650,9.481549751,48.79842743,4,2608010009,,2608010010,,h,1,Bauarbeiten,,,,,,,1.0,2.0
-8097229136581884814-2608010033-3,7281,2608010038,2608010038,1,,S,S2,Schorndorf|Weiler(Rems),8006485,Winterbach (b Schorndorf),Baden-Württemberg,Winterbach,73650,9.481549751,48.79842743,4,2608010038,,2608010038,,h,1,Bauarbeiten,,,,,,,0.0,0.0
3135343690013222861-2608010009-3,7078,2608010015,2608010015,2,,S,S60,Renningen|Renningen Süd,8003807,Magstadt,Baden-Württemberg,Magstadt,71106,8.965315746,48.73616033,6,2608010015,,2608010016,,,,,,,,,,,0.0,1.0
-8774147686098078692-2608010004-5,7077,2608010013,2608010014,1,,S,S60,Böblingen|Sindelfingen|Maichingen|Maichingen Nord,8003807,Magstadt,Baden-Württemberg,Magstadt,71106,8.965315746,48.73616033,6,2608010013,,2608010014,,,,,,,,,,,0.0,0.0
-9074467080985277700-2608010034-5,7079,2608010043,2608010044,1,,S,S60,Böblingen|Sindelfingen|Maichingen|Maichingen Nord,8003807,Magstadt,Baden-Württemberg,Magstadt,71106,8.965315746,48.73616033,6,2608010044,,2608010045,,,,,,,,,,,1.0,1.0
3135343690013222861-2608010009-4,7078,2608010017,2608010017,2,,S,S60,Renningen|Renningen Süd|Magstadt,8003834,Maichingen Nord,Baden-Württemberg,Sindelfingen,71069,8.979416996,48.72750392,5,2608010018,,2608010018,,,,,,,,,,,1.0,1.0
-8774147686098078692-2608010004-4,7077,2608010011,2608010011,1,,S,S60,Böblingen|Sindelfingen|Maichingen,8003834,Maichingen Nord,Baden-Württemberg,Sindelfingen,71069,8.979416996,48.72750392,5,2608010011,,2608010012,,,,,,,,,,,0.0,1.0
-9074467080985277700-2608010034-4,7079,2608010041,2608010041,1,,S,S60,Böblingen|Sindelfingen|Maichingen,8003834,Maichingen Nord,Baden-Württemberg,Sindelfingen,71069,8.979416996,48.72750392,5,2608010042,,2608010042,,,,,,,,,,,1.0,1.0
3135343690013222861-2608010009-5,7078,2608010019,2608010019,1,,S,S60,Renningen|Renningen Süd|Magstadt|Maichingen Nord,8003808,Maichingen,Baden-Württemberg,Sindelfingen,71069,8.969606704,48.72162074,6,2608010019,,2608010020,,,,,,,,,,,0.0,1.0
-8774147686098078692-2608010004-3,7077,2608010009,2608010010,1,,S,S60,Böblingen|Sindelfingen,8003808,Maichingen,Baden-Württemberg,Sindelfingen,71069,8.969606704,48.72162074,6,2608010009,,2608010010,,,,,,,,,,,0.0,0.0
-9074467080985277700-2608010034-3,7079,2608010039,2608010040,1,,S,S60,Böblingen|Sindelfingen,8003808,Maichingen,Baden-Württemberg,Sindelfingen,71069,8.969606704,48.72162074,6,2608010040,,2608010041,,,,,,,,,,,1.0,1.0
3135343690013222861-2608010009-2,7078,2608010011,2608010011,2,,S,S60,Renningen,8005001,Renningen Süd,Baden-Württemberg,Renningen,71272,8.932068278,48.76261937,6,2608010011,,2608010012,,,,,,,,,,,0.0,1.0
-8774147686098078692-2608010004-6,7077,2608010017,2608010018,1,,S,S60,Böblingen|Sindelfingen|Maichingen|Maichingen Nord|Magstadt,8005001,Renningen Süd,Baden-Württemberg,Renningen,71272,8.932068278,48.76261937,6,2608010017,,2608010018,,,,,,,,,,,0.0,0.0
-9074467080985277700-2608010034-6,7079,2608010047,2608010048,1,,S,S60,Böblingen|Sindelfingen|Maichingen|Maichingen Nord|Magstadt,8005001,Renningen Süd,Baden-Württemberg,Renningen,71272,8.932068278,48.76261937,6,2608010048,,2608010049,,,,,,,,,,,1.0,1.0
