ID,train_number,planned_arrival,planned_departure,planned_platform,planned_status,category_train,train,path,eva_nr,station_name,station_state,station_city,station_zipcode,station_long,station_lat,station_category,changed_arrival,changed_platform_arrival,changed_departure,changed_platform_departure,message_status,priority,info,arrival_hidden,departure_hidden,arrival_path,departure_path,arrival_status,departure_status,arrival_delay_m,departure_delay_m
4705599029793291676-2608232320-6,7177,2608232339,2608232340,3,,S,S1,Kirchheim(Teck)|Kirchheim(Teck)-Ötlingen|Wendlingen(Neckar)|Wernau(Neckar)|Plochingen,8000508,Altbach,Baden-Württemberg,Altbach,73776,9.382434033,48.72031354,3,2608232339,,2608232340,,,,,,,,,,,0.0,0.0
-6275608324438357522-2608232325-10,7174,2608232350,2608232350,4,,S,S1,Stuttgart Hbf|Stuttgart-Bad Cannstatt|Stuttgart Neckarpark|Stuttgart-Untertürkheim|Stuttgart-Obertürkheim|Esslingen-Mettingen|Esslingen(Neckar)|Oberesslingen|Esslingen-Zell,8000508,Altbach,Baden-Württemberg,Altbach,73776,9.382434033,48.72031354,3,2608232350,,2608232350,,,,,,,,,,,0.0,0.0
-5753279830124609145-2608232250-6,7175,2608232309,2608232310,3,,S,S1,Kirchheim(Teck)|Kirchheim(Teck)-Ötlingen|Wendlingen(Neckar)|Wernau(Neckar)|Plochingen,8000508,Altbach,Baden-Württemberg,Altbach,73776,9.382434033,48.72031354,3,2608232309,,2608232310,,,,,,,,,,,0.0,0.0
-5197983836264116534-2608232255-10,7172,2608232320,2608232320,4,,S,S1,Stuttgart Hbf|Stuttgart-Bad Cannstatt|Stuttgart Neckarpark|Stuttgart-Untertürkheim|Stuttgart-Obertürkheim|Esslingen-Mettingen|Esslingen(Neckar)|Oberesslingen|Esslingen-Zell,8000508,Altbach,Baden-Württemberg,Altbach,73776,9.382434033,48.72031354,3,2608232320,,2608232321,,,,,,,,,,,0.0,1.0
-3024751796155966495-2608232327-5,88651,2608232351,2608232351,4,,ARV,RE90,Stuttgart Hbf|Stuttgart-Bad Cannstatt|Waiblingen|Winnenden,8000016,Backnang,Baden-Württemberg,Backnang,71522,9.425986107,48.94264844,3,2608240010,,2608240010,,,,,,,,,p,p,19.0,19.0
5733563224153092938-2608232303-1,7475,,2608232303,,,S,S4,,8000016,Backnang,Baden-Württemberg,Backnang,71522,9.425986107,48.94264844,3,,,2608232303,,,,,,,,,,,0.0,0.0
-547796110281084784-2608232242-12,7370,2608232318,,5,,S,,Stuttgart Hbf|Stuttgart-Bad Cannstatt|Stuttgart Nürnberger Str.|Stuttgart-Sommerrain|Fellbach|Waiblingen|Neustadt-Hohenacker|Schwaikheim|Winnenden|Nellmersbach|Maubach,8000016,Backnang,Baden-Württemberg,Backnang,71522,9.425986107,48.94264844,3,2608232320,,,,h,1,Störung,,,,,c,,2.0,0.0
-7917245534189458014-2608232255-5,17561,2608232320,2608232323,4,,RB,MEX90,Stuttgart Hbf|Stuttgart-Bad Cannstatt|Waiblingen|Winnenden,8000016,Backnang,Baden-Württemberg,Backnang,71522,9.425986107,48.94264844,3,2608232325,,2608232326,,h,2,Störung,,,,,,,5.0,3.0
-2519407903994888306-2608232312-12,7372,2608232348,,5,,S,,Stuttgart Hbf|Stuttgart-Bad Cannstatt|Stuttgart Nürnberger Str.|Stuttgart-Sommerrain|Fellbach|Waiblingen|Neustadt-Hohenacker|Schwaikheim|Winnenden|Nellmersbach|Maubach,8000016,Backnang,Baden-Württemberg,Backnang,71522,9.425986107,48.94264844,3,2608232348,,,,h,1,Störung,,,,,c,,0.0,0.0
-7120372043677331542-2608232341-1,7377,,2608232341,,,S,S3,,8000016,Backnang,Baden-Württemberg,Backnang,71522,9.425986107,48.94264844,3,,,2608232341,,h,1,Störung,,,,,,c,0.0,0.0
6639779206673554813-2608232312-8,88640,2608232349,2608232355,3,,ARV,RE90,Schwäbisch Hall-Hessental|Gaildorf West|Fichtenberg|Fornsbach|Murrhardt|Sulzbach(Murr)|Oppenweiler(Württ),8000016,Backnang,Baden-Württemberg,Backnang,71522,9.425986107,48.94264844,3,2608232354,,2608232356,,,,,,,,,,,5.0,1.0
-4957905266396441447-2608232311-1,7375,,2608232311,,,S,S3,,8000016,Backnang,Baden-Württemberg,Backnang,71522,9.425986107,48.94264844,3,,,2608232313,,h,1,Störung,,,,,,,0.0,2.0
5844079694201012734-2608232307-14,7470,2608232352,,1,,S,,Stuttgart Hbf|Stuttgart Nordbahnhof|Stuttgart-Feuerbach|Stuttgart-Zuffenhausen|Kornwestheim Pbf|Ludwigsburg|Favoritepark|Freiberg(Neckar)|Benningen(Neckar)|Marbach(Neckar)|Erdmannhausen|Kirchberg(Murr)|Burgstall(Murr),8000016,Backnang,Baden-Württemberg,Backnang,71522,9.425986107,48.94264844,3,2608232352,,,,,,,,,,,,,0.0,0.0
-9133197457517218638-2608232237-9,7468,2608232302,2608232303,1,,S,S4,Stuttgart Hbf|Stuttgart Nordbahnhof|Stuttgart-Feuerbach|Stuttgart-Zuffenhausen|Kornwestheim Pbf|Ludwigsburg|Favoritepark|Freiberg(Neckar),8000873,Benningen (Neckar),Baden-Württemberg,Benningen am Neckar,71726,9.244299075,48.94379773,5,2608232303,,2608232304,,,,,,,,,,,1.0,1.0
2977099434128495599-2608232355-2,7477,2608232357,2608232357,2,,S,S4,Marbach(Neckar),8000873,Benningen (Neckar),Baden-Württemberg,Benningen am Neckar,71726,9.244299075,48.94379773,5,2608232357,,2608232358,,,,,,,,,,,0.0,1.0
5733563224153092938-2608232303-6,7475,2608232327,2608232327,2,,S,S4,Backnang|Burgstall(Murr)|Kirchberg(Murr)|Erdmannhausen|Marbach(Neckar),8000873,Benningen (Neckar),Baden-Württemberg,Benningen am Neckar,71726,9.244299075,48.94379773,5,2608232327,,2608232328,,,,,,,,,,,0.0,1.0
5844079694201012734-2608232307-9,7470,2608232332,2608232333,1,,S,S4,Stuttgart Hbf|Stuttgart Nordbahnhof|Stuttgart-Feuerbach|Stuttgart-Zuffenhausen|Kornwestheim Pbf|Ludwigsburg|Favoritepark|Freiberg(Neckar),8000873,Benningen (Neckar),Baden-Württemberg,Benningen am Neckar,71726,9.244299075,48.94379773,5,2608232332,,2608232333,,,,,,,,,,,0.0,0.0
-2344980071254063452-2608232250-10,7270,2608232313,2608232313,1,,S,S2,Stuttgart Hbf|Stuttgart-Bad Cannstatt|Stuttgart Nürnberger Str.|Stuttgart-Sommerrain|Fellbach|Waiblingen|Rommelshausen|Stetten-Beinstein|Endersbach,8000934,Beutelsbach,Baden-Württemberg,Weinstadt,71384,9.38551589,48.81038925,5,2608232313,,2608232313,,h,1,Bauarbeiten,,,,,,,0.0,0.0
-6617041224126724026-2608232320-10,7272,2608232343,2608232343,1,,S,S2,Stuttgart Hbf|Stuttgart-Bad Cannstatt|Stuttgart Nürnberger Str.|Stuttgart-Sommerrain|Fellbach|Waiblingen|Rommelshausen|Stetten-Beinstein|Endersbach,8000934,Beutelsbach,Baden-Württemberg,Weinstadt,71384,9.38551589,48.81038925,5,2608232345,,2608232346,,h,1,Bauarbeiten,,,,,,,2.0,3.0
-1263112065111090114-2608232328-6,7277,2608232345,2608232345,2,,S,S2,Schorndorf|Weiler(Rems)|Winterbach(b Schorndorf)|Geradstetten|Grunbach,8000934,Beutelsbach,Baden-Württemberg,Weinstadt,71384,9.38551589,48.81038925,5,2608232340,,2608232345,,h,1,Bauarbeiten,,,,,,,-5.0,0.0
1962327971982131461-2608232303-6,7275,2608232315,2608232315,2,,S,S2,Schorndorf|Weiler(Rems)|Winterbach(b Schorndorf)|Geradstetten|Grunbach,8000934,Beutelsbach,Baden-Württemberg,Weinstadt,71384,9.38551589,48.81038925,5,2608232315,,2608232315,,h,1,Bauarbeiten,,,,,,,0.0,0.0
786034673520317015-2608232214-12,19577,2608232303,,4,,RE,,Pforzheim Hbf|Eutingen(Baden)|Niefern|Enzberg|Mühlacker|Mühlacker Rößlesweg|Illingen(Württ)|Vaihingen(Enz)|Sersheim|Sachsenheim|Ellental,8000038,Bietigheim-Bissingen,Baden-Württemberg,Bietigheim-Bissingen,74321,9.137217396,48.94794988,2,2608232306,9,,,h,2,Störung,,,,,,,3.0,0.0
-1825917850582556726-2608232304-1,19582,,2608232304,,,RE,MEX17,,8000038,Bietigheim-Bissingen,Baden-Württemberg,Bietigheim-Bissingen,74321,9.137217396,48.94794988,2,,,2608232306,3,h,2,Störung,,,,,,,0.0,2.0
7102936800576072855-2608232323-12,19579,2608232359,,3,,RE,,Pforzheim Hbf|Eutingen(Baden)|Niefern|Enzberg|Mühlacker|Mühlacker Rößlesweg|Illingen(Württ)|Vaihingen(Enz)|Sersheim|Sachsenheim|Ellental,8000038,Bietigheim-Bissingen,Baden-Württemberg,Bietigheim-Bissingen,74321,9.137217396,48.94794988,2,2608240002,,,,h,2,Störung,,,,,,,3.0,0.0
2382757692606580950-2608232246-4,7771,2608232300,2608232300,4,,S,S1,Stuttgart-Vaihingen|Stuttgart-Rohr|Goldberg(Württ),8001055,Böblingen,Baden-Württemberg,Böblingen,71034,9.004531864,48.68784871,3,2608232300,,2608232300,,,,,,,,,,,0.0,0.0
-7552157599667806188-2608232246-6,7774,2608232300,2608232300,3,,S,S1,Herrenberg|Nufringen|Gärtringen|Ehningen(b Böblingen)|Hulb,8001055,Böblingen,Baden-Württemberg,Böblingen,71034,9.004531864,48.68784871,3,2608232301,,2608232302,,,,,,,,,,,1.0,2.0
-5662900889334396771-2608232316-6,7776,2608232330,2608232330,3,,S,S1,Herrenberg|Nufringen|Gärtringen|Ehningen(b Böblingen)|Hulb,8001055,Böblingen,Baden-Württemberg,Böblingen,71034,9.004531864,48.68784871,3,2608232330,,2608232330,,,,,,,,,,,0.0,0.0
6070629116344169766-2608232228-8,4774,2608232321,2608232322,,,RB,RB14a,Oberndorf(Neckar)|Horb|Eutingen im Gäu|Ergenzingen|Bondorf(b Herrenberg)|Gäufelden|Herrenberg,8001055,Böblingen,Baden-Württemberg,Böblingen,71034,9.004531864,48.68784871,3,2608232321,2,2608232322,2,,,,,,,,,,0.0,0.0
3150370635624129361-2608232304-1,7073,,2608232304,,,S,S60,,8001055,Böblingen,Baden-Württemberg,Böblingen,71034,9.004531864,48.68784871,3,,,2608232304,,,,,,,,,,,0.0,0.0
1851201085371332579-2608232339-7,7076,2608232356,,5,,S,,Renningen|Renningen Süd|Magstadt|Maichingen Nord|Maichingen|Sindelfingen,8001055,Böblingen,Baden-Württemberg,Böblingen,71034,9.004531864,48.68784871,3,2608232356,,,,,,,,,,,,,0.0,0.0
3929535977463866299-2608232334-1,7075,,2608232334,,,S,S60,,8001055,Böblingen,Baden-Württemberg,Böblingen,71034,9.004531864,48.68784871,3,,,2608232334,,,,,,,,,,,0.0,0.0
2387949285937243483-2608232302-12,8185,2608232325,,1,,WEG,,Dettenhausen|Weil im Schönbuch Untere Halde|Weil im Schönbuch Röte|Weil im Schönbuch Troppel|Holzgerlingen Buch|Holzgerlingen Bf|Holzgerlingen Hülben|Böblingen Zimmerschlag|Böblingen Heusteigstr|Böblingen Südbf|Böblingen Danziger Str,8001055,Böblingen,Baden-Württemberg,Böblingen,71034,9.004531864,48.68784871,3,2608232325,,,,,,,,,,,,,0.0,0.0
935362855559139176-2608232335-1,8188,,2608232335,,,WEG,RB46,,8001055,Böblingen,Baden-Württemberg,Böblingen,71034,9.004531864,48.68784871,3,,,2608232335,,,,,,,,,,,0.0,0.0
7722730552485304498-2608232309-7,7074,2608232326,,5,,S,,Renningen|Renningen Süd|Magstadt|Maichingen Nord|Maichingen|Sindelfingen,8001055,Böblingen,Baden-Württemberg,Böblingen,71034,9.004531864,48.68784871,3,2608232326,,,,,,,,,,,,,0.0,0.0
2629905197525077527-2608232316-4,7773,2608232330,2608232330,4,,S,S1,Stuttgart-Vaihingen|Stuttgart-Rohr|Goldberg(Württ),8001055,Böblingen,Baden-Württemberg,Böblingen,71034,9.004531864,48.68784871,3,2608232330,,2608232330,,,,,,,,,,,0.0,0.0
5733563224153092938-2608232303-2,7475,2608232307,2608232308,1,,S,S4,Backnang,8001296,Burgstall (Murr),Baden-Württemberg,Burgstetten,71576,9.36973562,48.92851826,6,2608232307,,2608232309,,,,,,,,,,,0.0,1.0
5844079694201012734-2608232307-13,7470,2608232347,2608232347,1,,S,S4,Stuttgart Hbf|Stuttgart Nordbahnhof|Stuttgart-Feuerbach|Stuttgart-Zuffenhausen|Kornwestheim Pbf|Ludwigsburg|Favoritepark|Freiberg(Neckar)|Benningen(Neckar)|Marbach(Neckar)|Erdmannhausen|Kirchberg(Murr),8001296,Burgstall (Murr),Baden-Württemberg,Burgstetten,71576,9.36973562,48.92851826,6,2608232347,,2608232348,,,,,,,,,,,0.0,1.0
-6526775162747392382-2608232333-7,7677,2608232354,2608232354,3,,S,S6,Weil der Stadt|Malmsheim|Renningen|Rutesheim|Leonberg|Höfingen,8001476,Ditzingen,Baden-Württemberg,Ditzingen,71254,9.067095186,48.82358726,4,2608232354,,2608232354,,,,,,,,,,,0.0,0.0
5891323909249949515-2608232247-8,7670,2608232306,2608232306,2,,S,S6,Stuttgart Hbf|Stuttgart Nordbahnhof|Stuttgart-Feuerbach|Stuttgart-Zuffenhausen|Neuwirtshaus(Porscheplatz)|Korntal|Weilimdorf,8001476,Ditzingen,Baden-Württemberg,Ditzingen,71254,9.067095186,48.82358726,4,2608232306,,2608232306,,,,,,,,,,,0.0,0.0
-4547114169407799378-2608232303-7,7675,2608232324,2608232324,3,,S,S6,Weil der Stadt|Malmsheim|Renningen|Rutesheim|Leonberg|Höfingen,8001476,Ditzingen,Baden-Württemberg,Ditzingen,71254,9.067095186,48.82358726,4,2608232325,,2608232325,,,,,,,,,,,1.0,1.0
-3328654811997120273-2608232317-8,7672,2608232336,2608232336,2,,S,S6,Stuttgart Hbf|Stuttgart Nordbahnhof|Stuttgart-Feuerbach|Stuttgart-Zuffenhausen|Neuwirtshaus(Porscheplatz)|Korntal|Weilimdorf,8001476,Ditzingen,Baden-Württemberg,Ditzingen,71254,9.067095186,48.82358726,4,2608232336,,2608232336,,,,,,,,,,,0.0,0.0
2043069556628672575-2608232335-5,7975,2608232349,2608232350,1,,S,S2,Stuttgart-Vaihingen|Stuttgart-Rohr|Oberaichen|Leinfelden,8001650,Echterdingen,Baden-Württemberg,Echterdingen,70771,9.169307175,48.69214787,4,2608232349,,2608232350,,,,,,,,,,,0.0,0.0
1870656160504428642-2608232333-3,7974,2608232340,2608232340,2,,S,S2,Filderstadt|Stuttgart Flughafen/Messe,8001650,Echterdingen,Baden-Württemberg,Echterdingen,70771,9.169307175,48.69214787,4,2608232340,,2608232340,,,,,,,,,,,0.0,0.0
-4449289664459012618-2608232303-3,7972,2608232310,2608232310,2,,S,S2,Filderstadt|Stuttgart Flughafen/Messe,8001650,Echterdingen,Baden-Württemberg,Echterdingen,70771,9.169307175,48.69214787,4,2608232310,,2608232310,,,,,,,,,,,0.0,0.0
-2935564319618747934-2608232305-5,7973,2608232319,2608232320,1,,S,S2,Stuttgart-Vaihingen|Stuttgart-Rohr|Oberaichen|Leinfelden,8001650,Echterdingen,Baden-Württemberg,Echterdingen,70771,9.169307175,48.69214787,4,2608232319,,2608232320,,,,,,,,,,,0.0,0.0
2382757692606580950-2608232246-6,7771,2608232305,2608232305,2,,S,S1,Stuttgart-Vaihingen|Stuttgart-Rohr|Goldberg(Württ)|Böblingen|Hulb,8001689,Ehningen (b Böblingen),Baden-Württemberg,Ehningen,71139,8.944310368,48.66275549,4,2608232305,,2608232305,,,,,,,,,,,0.0,0.0
-5662900889334396771-2608232316-4,7776,2608232325,2608232325,1,,S,S1,Herrenberg|Nufringen|Gärtringen,8001689,Ehningen (b Böblingen),Baden-Württemberg,Ehningen,71139,8.944310368,48.66275549,4,2608232325,,2608232325,,,,,,,,,,,0.0,0.0
4991213592121918551-2608232346-4,7778,2608232355,2608232355,1,,S,S1,Herrenberg|Nufringen|Gärtringen,8001689,Ehningen (b Böblingen),Baden-Württemberg,Ehningen,71139,8.944310368,48.66275549,4,2608232355,,2608232355,,,,,,,,,,,0.0,0.0
2629905197525077527-2608232316-6,7773,2608232335,2608232335,2,,S,S1,Stuttgart-Vaihingen|Stuttgart-Rohr|Goldberg(Württ)|Böblingen|Hulb,8001689,Ehningen (b Böblingen),Baden-Württemberg,Ehningen,71139,8.944310368,48.66275549,4,2608232335,,2608232335,,,,,,,,,,,0.0,0.0
-2344980071254063452-2608232250-9,7270,2608232311,2608232311,2,,S,S2,Stuttgart Hbf|Stuttgart-Bad Cannstatt|Stuttgart Nürnberger Str.|Stuttgart-Sommerrain|Fellbach|Waiblingen|Rommelshausen|Stetten-Beinstein,8001785,Endersbach,Baden-Württemberg,Weinstadt,71384,9.370192421,48.81317323,4,2608232311,,2608232311,,h,1,Bauarbeiten,,,,,,,0.0,0.0
-6617041224126724026-2608232320-9,7272,2608232341,2608232341,2,,S,S2,Stuttgart Hbf|Stuttgart-Bad Cannstatt|Stuttgart Nürnberger Str.|Stuttgart-Sommerrain|Fellbach|Waiblingen|Rommelshausen|Stetten-Beinstein,8001785,Endersbach,Baden-Württemberg,Weinstadt,71384,9.370192421,48.81317323,4,2608232343,,2608232344,,h,1,Bauarbeiten,,,,,,,2.0,3.0
-1263112065111090114-2608232328-7,7277,2608232347,2608232347,3,,S,S2,Schorndorf|Weiler(Rems)|Winterbach(b Schorndorf)|Geradstetten|Grunbach|Beutelsbach,8001785,Endersbach,Baden-Württemberg,Weinstadt,71384,9.370192421,48.81317323,4,2608232346,,2608232347,,h,1,Bauarbeiten,,,,,,,-1.0,0.0
1962327971982131461-2608232303-7,7275,2608232317,2608232317,3,,S,S2,Schorndorf|Weiler(Rems)|Winterbach(b Schorndorf)|Geradstetten|Grunbach|Beutelsbach,8001785,Endersbach,Baden-Württemberg,Weinstadt,71384,9.370192421,48.81317323,4,2608232317,,2608232317,,h,1,Bauarbeiten,,,,,,,0.0,0.0
5733563224153092938-2608232303-4,7475,2608232317,2608232318,1,,S,S4,Backnang|Burgstall(Murr)|Kirchberg(Murr),8001827,Erdmannhausen,Baden-Württemberg,Erdmannhausen,71729,9.298930848,48.9483447,6,2608232317,,2608232319,,,,,,,,,,,0.0,1.0
5844079694201012734-2608232307-11,7470,2608232340,2608232340,1,,S,S4,Stuttgart Hbf|Stuttgart Nordbahnhof|Stuttgart-Feuerbach|Stuttgart-Zuffenhausen|Kornwestheim Pbf|Ludwigsburg|Favoritepark|Freiberg(Neckar)|Benningen(Neckar)|Marbach(Neckar),8001827,Erdmannhausen,Baden-Württemberg,Erdmannhausen,71729,9.298930848,48.9483447,6,2608232341,,2608232342,,,,,,,,,,,1.0,2.0
-3568010245526377395-2608232335-2,4239,2608232344,2608232349,5,,RE,RE5,Stuttgart Hbf,8001920,Esslingen (Neckar),Baden-Württemberg,Esslingen am Neckar,73728,9.300578149,48.73854148,3,2608232351,6,2608232351,6,h,2,Störung,,,,,,,7.0,2.0
6265651251282179819-2608232216-14,19180,2608232304,2608232305,3,,ARV,MEX16,Geislingen(Steige)|Geislingen(Steige)West|Kuchen|Gingen(Fils)|Süßen|Salach|Eislingen(Fils)|Göppingen|Faurndau|Uhingen|Ebersbach(Fils)|Reichenbach(Fils)|Plochingen,8001920,Esslingen (Neckar),Baden-Württemberg,Esslingen am Neckar,73728,9.300578149,48.73854148,3,2608232303,,2608232305,,,,,,,,,,,-1.0,0.0
-4464931541841790379-2608232253-2,19367,2608232302,2608232303,6,,RE,MEX12,Stuttgart Hbf,8001920,Esslingen (Neckar),Baden-Württemberg,Esslingen am Neckar,73728,9.300578149,48.73854148,3,2608232304,,2608232304,,h,2,Bauarbeiten,,,,,,,2.0,1.0
4705599029793291676-2608232320-9,7177,2608232347,2608232347,7,,S,S1,Kirchheim(Teck)|Kirchheim(Teck)-Ötlingen|Wendlingen(Neckar)|Wernau(Neckar)|Plochingen|Altbach|Esslingen-Zell|Oberesslingen,8001920,Esslingen (Neckar),Baden-Württemberg,Esslingen am Neckar,73728,9.300578149,48.73854148,3,2608232347,,2608232348,,,,,,,,,,,0.0,1.0
-4417689319907478142-2608232238-6,32568,2608232311,2608232314,3,,RE,RE5,Geislingen(Steige)|Gingen(Fils)|Eislingen(Fils)|Göppingen|Plochingen,8001920,Esslingen (Neckar),Baden-Württemberg,Esslingen am Neckar,73728,9.300578149,48.73854148,3,2608232313,,2608232314,,h,2,Störung,,,,,,,2.0,0.0
-4648549312800637119-2608232314-2,19250,2608232320,2608232320,3,,RE,MEX18,Plochingen,8001920,Esslingen (Neckar),Baden-Württemberg,Esslingen am Neckar,73728,9.300578149,48.73854148,3,2608232322,7,2608232323,7,h,2,Störung,,,,,,,2.0,3.0
-4165700884382640783-2608232316-8,19364,2608232355,2608232356,3,,RE,MEX12,Reutlingen Hbf|Metzingen(Württ)|Bempflingen|Nürtingen|Oberboihingen|Wendlingen(Neckar)|Plochingen,8001920,Esslingen (Neckar),Baden-Württemberg,Esslingen am Neckar,73728,9.300578149,48.73854148,3,2608232355,,2608232356,,h,2,Bauarbeiten,,,,,,,0.0,0.0
-6275608324438357522-2608232325-7,7174,2608232342,2608232343,8,,S,S1,Stuttgart Hbf|Stuttgart-Bad Cannstatt|Stuttgart Neckarpark|Stuttgart-Untertürkheim|Stuttgart-Obertürkheim|Esslingen-Mettingen,8001920,Esslingen (Neckar),Baden-Württemberg,Esslingen am Neckar,73728,9.300578149,48.73854148,3,2608232342,,2608232343,,,,,,,,,,,0.0,0.0
-5753279830124609145-2608232250-9,7175,2608232317,2608232317,7,,S,S1,Kirchheim(Teck)|Kirchheim(Teck)-Ötlingen|Wendlingen(Neckar)|Wernau(Neckar)|Plochingen|Altbach|Esslingen-Zell|Oberesslingen,8001920,Esslingen (Neckar),Baden-Württemberg,Esslingen am Neckar,73728,9.300578149,48.73854148,3,2608232317,,2608232317,,,,,,,,,,,0.0,0.0
-7007709070303320005-2608232303-3,19183,2608232316,2608232320,5,,ARV,MEX16,Stuttgart Hbf|Stuttgart-Bad Cannstatt,8001920,Esslingen (Neckar),Baden-Württemberg,Esslingen am Neckar,73728,9.300578149,48.73854148,3,2608232317,,2608232320,,,,,,,,,,,1.0,0.0
-5197983836264116534-2608232255-7,7172,2608232312,2608232313,8,,S,S1,Stuttgart Hbf|Stuttgart-Bad Cannstatt|Stuttgart Neckarpark|Stuttgart-Untertürkheim|Stuttgart-Obertürkheim|Esslingen-Mettingen,8001920,Esslingen (Neckar),Baden-Württemberg,Esslingen am Neckar,73728,9.300578149,48.73854148,3,2608232312,,2608232313,,,,,,,,,,,0.0,0.0
6962993513256562528-2608232342-3,19185,2608232353,2608232354,5,,ARV,MEX16,Stuttgart Hbf|Stuttgart-Bad Cannstatt,8001920,Esslingen (Neckar),Baden-Württemberg,Esslingen am Neckar,73728,9.300578149,48.73854148,3,2608232354,,2608232355,,,,,,,,,,,1.0,1.0
4481864889005584421-2608232320-2,19339,2608232334,2608232335,6,,RE,MEX18,Kornwestheim Pbf,8001920,Esslingen (Neckar),Baden-Württemberg,Esslingen am Neckar,73728,9.300578149,48.73854148,3,2608232347,5,2608232348,5,h,2,Störung,,,,,,,13.0,13.0
2788179078236926371-2608232310-7,19182,2608232340,2608232340,3,,ARV,MEX16,Göppingen|Faurndau|Uhingen|Ebersbach(Fils)|Reichenbach(Fils)|Plochingen,8001920,Esslingen (Neckar),Baden-Württemberg,Esslingen am Neckar,73728,9.300578149,48.73854148,3,2608232340,,2608232341,,,,,,,,,,,0.0,1.0
4705599029793291676-2608232320-10,7177,2608232349,2608232350,3,,S,S1,Kirchheim(Teck)|Kirchheim(Teck)-Ötlingen|Wendlingen(Neckar)|Wernau(Neckar)|Plochingen|Altbach|Esslingen-Zell|Oberesslingen|Esslingen(Neckar),8001921,Esslingen-Mettingen,Baden-Württemberg,Esslingen am Neckar,73733,9.275799007,48.74696655,3,2608232350,,2608232351,,,,,,,,,,,1.0,1.0
-6275608324438357522-2608232325-6,7174,2608232339,2608232339,4,,S,S1,Stuttgart Hbf|Stuttgart-Bad Cannstatt|Stuttgart Neckarpark|Stuttgart-Untertürkheim|Stuttgart-Obertürkheim,8001921,Esslingen-Mettingen,Baden-Württemberg,Esslingen am Neckar,73733,9.275799007,48.74696655,3,2608232339,,2608232340,,,,,,,,,,,0.0,1.0
-5753279830124609145-2608232250-10,7175,2608232319,2608232320,3,,S,S1,Kirchheim(Teck)|Kirchheim(Teck)-Ötlingen|Wendlingen(Neckar)|Wernau(Neckar)|Plochingen|Altbach|Esslingen-Zell|Oberesslingen|Esslingen(Neckar),8001921,Esslingen-Mettingen,Baden-Württemberg,Esslingen am Neckar,73733,9.275799007,48.74696655,3,2608232319,,2608232320,,,,,,,,,,,0.0,0.0
-5197983836264116534-2608232255-6,7172,2608232309,2608232309,4,,S,S1,Stuttgart Hbf|Stuttgart-Bad Cannstatt|Stuttgart Neckarpark|Stuttgart-Untertürkheim|Stuttgart-Obertürkheim,8001921,Esslingen-Mettingen,Baden-Württemberg,Esslingen am Neckar,73733,9.275799007,48.74696655,3,2608232309,,2608232310,,,,,,,,,,,0.0,1.0
4705599029793291676-2608232320-7,7177,2608232342,2608232342,3,,S,S1,Kirchheim(Teck)|Kirchheim(Teck)-Ötlingen|Wendlingen(Neckar)|Wernau(Neckar)|Plochingen|Altbach,8006642,Esslingen-Zell,Baden-Württemberg,Esslingen am Neckar,73730,9.359739507,48.72436142,3,2608232342,,2608232342,,,,,,,,,,,0.0,0.0
-6275608324438357522-2608232325-9,7174,2608232347,2608232348,4,,S,S1,Stuttgart Hbf|Stuttgart-Bad Cannstatt|Stuttgart Neckarpark|Stuttgart-Untertürkheim|Stuttgart-Obertürkheim|Esslingen-Mettingen|Esslingen(Neckar)|Oberesslingen,8006642,Esslingen-Zell,Baden-Württemberg,Esslingen am Neckar,73730,9.359739507,48.72436142,3,2608232347,,2608232348,,,,,,,,,,,0.0,0.0
-5753279830124609145-2608232250-7,7175,2608232312,2608232312,3,,S,S1,Kirchheim(Teck)|Kirchheim(Teck)-Ötlingen|Wendlingen(Neckar)|Wernau(Neckar)|Plochingen|Altbach,8006642,Esslingen-Zell,Baden-Württemberg,Esslingen am Neckar,73730,9.359739507,48.72436142,3,2608232312,,2608232312,,,,,,,,,,,0.0,0.0
-5197983836264116534-2608232255-9,7172,2608232317,2608232318,4,,S,S1,Stuttgart Hbf|Stuttgart-Bad Cannstatt|Stuttgart Neckarpark|Stuttgart-Untertürkheim|Stuttgart-Obertürkheim|Esslingen-Mettingen|Esslingen(Neckar)|Oberesslingen,8006642,Esslingen-Zell,Baden-Württemberg,Esslingen am Neckar,73730,9.359739507,48.72436142,3,2608232317,,2608232318,,,,,,,,,,,0.0,0.0
1545875388134255836-2608232255-4,7473,2608232303,2608232304,2,,S,S4,Marbach(Neckar)|Benningen(Neckar)|Freiberg(Neckar),8001967,Favoritepark,Baden-Württemberg,Ludwigsburg,71634,9.180574277,48.90948451,5,2608232303,,2608232304,,,,,,,,,,,0.0,0.0
5733563224153092938-2608232303-8,7475,2608232333,2608232334,2,,S,S4,Backnang|Burgstall(Murr)|Kirchberg(Murr)|Erdmannhausen|Marbach(Neckar)|Benningen(Neckar)|Freiberg(Neckar),8001967,Favoritepark,Baden-Württemberg,Ludwigsburg,71634,9.180574277,48.90948451,5,2608232333,,2608232334,,,,,,,,,,,0.0,0.0
3008894599226717977-2608232337-7,7472,2608232356,2608232356,1,,S,S4,Stuttgart Hbf|Stuttgart Nordbahnhof|Stuttgart-Feuerbach|Stuttgart-Zuffenhausen|Kornwestheim Pbf|Ludwigsburg,8001967,Favoritepark,Baden-Württemberg,Ludwigsburg,71634,9.180574277,48.90948451,5,2608232356,,2608232357,,,,,,,,,,,0.0,1.0
5844079694201012734-2608232307-7,7470,2608232326,2608232326,1,,S,S4,Stuttgart Hbf|Stuttgart Nordbahnhof|Stuttgart-Feuerbach|Stuttgart-Zuffenhausen|Kornwestheim Pbf|Ludwigsburg,8001967,Favoritepark,Baden-Württemberg,Ludwigsburg,71634,9.180574277,48.90948451,5,2608232326,,2608232326,,,,,,,,,,,0.0,0.0
4235977593412169897-2608232342-5,7374,2608232356,2608232357,1,,S,S3,Stuttgart Hbf|Stuttgart-Bad Cannstatt|Stuttgart Nürnberger Str.|Stuttgart-Sommerrain,8001974,Fellbach,Baden-Württemberg,Fellbach,70736,9.270645988,48.8202936,3,2608232356,,2608232357,,h,1,Störung,,,,,,,0.0,0.0
-2344980071254063452-2608232250-5,7270,2608232301,2608232302,1,,S,S2,Stuttgart Hbf|Stuttgart-Bad Cannstatt|Stuttgart Nürnberger Str.|Stuttgart-Sommerrain,8001974,Fellbach,Baden-Württemberg,Fellbach,70736,9.270645988,48.8202936,3,2608232301,,2608232302,,h,1,Bauarbeiten,,,,,,,0.0,0.0
-6617041224126724026-2608232320-5,7272,2608232331,2608232332,1,,S,S2,Stuttgart Hbf|Stuttgart-Bad Cannstatt|Stuttgart Nürnberger Str.|Stuttgart-Sommerrain,8001974,Fellbach,Baden-Württemberg,Fellbach,70736,9.270645988,48.8202936,3,2608232332,,2608232332,,h,1,Bauarbeiten,,,,,,,1.0,0.0
-1263112065111090114-2608232328-11,7277,2608232357,2608232358,4,,S,S2,Schorndorf|Weiler(Rems)|Winterbach(b Schorndorf)|Geradstetten|Grunbach|Beutelsbach|Endersbach|Stetten-Beinstein|Rommelshausen|Waiblingen,8001974,Fellbach,Baden-Württemberg,Fellbach,70736,9.270645988,48.8202936,3,2608232357,,2608232358,,h,1,Bauarbeiten,,,,,,,0.0,0.0
1962327971982131461-2608232303-11,7275,2608232327,2608232328,4,,S,S2,Schorndorf|Weiler(Rems)|Winterbach(b Schorndorf)|Geradstetten|Grunbach|Beutelsbach|Endersbach|Stetten-Beinstein|Rommelshausen|Waiblingen,8001974,Fellbach,Baden-Württemberg,Fellbach,70736,9.270645988,48.8202936,3,2608232327,,2608232328,,h,1,Bauarbeiten,,,,,,,0.0,0.0
-2519407903994888306-2608232312-5,7372,2608232326,2608232327,1,,S,S3,Stuttgart Hbf|Stuttgart-Bad Cannstatt|Stuttgart Nürnberger Str.|Stuttgart-Sommerrain,8001974,Fellbach,Baden-Württemberg,Fellbach,70736,9.270645988,48.8202936,3,2608232326,,2608232327,,h,1,Störung,,,,,,,0.0,0.0
-4957905266396441447-2608232311-8,7375,2608232332,2608232333,4,,S,S3,Backnang|Maubach|Nellmersbach|Winnenden|Schwaikheim|Neustadt-Hohenacker|Waiblingen,8001974,Fellbach,Baden-Württemberg,Fellbach,70736,9.270645988,48.8202936,3,2608232333,,2608232334,,h,1,Störung,,,,,,,1.0,1.0
-2279373399383894760-2608232241-8,7373,2608232302,2608232303,4,,S,S3,Backnang|Maubach|Nellmersbach|Winnenden|Schwaikheim|Neustadt-Hohenacker|Waiblingen,8001974,Fellbach,Baden-Württemberg,Fellbach,70736,9.270645988,48.8202936,3,2608232302,,2608232303,,,,,,,,,,,0.0,0.0
2043069556628672575-2608232335-6,7975,2608232352,2608232353,1,,S,S2,Stuttgart-Vaihingen|Stuttgart-Rohr|Oberaichen|Leinfelden|Echterdingen,8005768,Stuttgart Flughafen/Messe,Baden-Württemberg,Leinfelden-Echterdingen,70629,9.193411574,48.69075193,4,2608232352,,2608232353,,,,,,,,,,,0.0,0.0
1870656160504428642-2608232333-2,7974,2608232337,2608232338,2,,S,S2,Filderstadt,8005768,Stuttgart Flughafen/Messe,Baden-Württemberg,Leinfelden-Echterdingen,70629,9.193411574,48.69075193,4,2608232337,,2608232338,,,,,,,,,,,0.0,0.0
-4449289664459012618-2608232303-2,7972,2608232307,2608232308,2,,S,S2,Filderstadt,8005768,Stuttgart Flughafen/Messe,Baden-Württemberg,Leinfelden-Echterdingen,70629,9.193411574,48.69075193,4,2608232307,,2608232308,,,,,,,,,,,0.0,0.0
-2935564319618747934-2608232305-6,7973,2608232322,2608232323,1,,S,S2,Stuttgart-Vaihingen|Stuttgart-Rohr|Oberaichen|Leinfelden|Echterdingen,8005768,Stuttgart Flughafen/Messe,Baden-Württemberg,Leinfelden-Echterdingen,70629,9.193411574,48.69075193,4,2608232323,,2608232323,,,,,,,,,,,1.0,0.0
1545875388134255836-2608232255-3,7473,2608232300,2608232301,2,,S,S4,Marbach(Neckar)|Benningen(Neckar),8002065,Freiberg (Neckar),Baden-Württemberg,Freiberg am Neckar,71691,9.197530085,48.92994974,5,2608232300,,2608232301,,,,,,,,,,,0.0,0.0
5733563224153092938-2608232303-7,7475,2608232330,2608232331,2,,S,S4,Backnang|Burgstall(Murr)|Kirchberg(Murr)|Erdmannhausen|Marbach(Neckar)|Benningen(Neckar),8002065,Freiberg (Neckar),Baden-Württemberg,Freiberg am Neckar,71691,9.197530085,48.92994974,5,2608232330,,2608232331,,,,,,,,,,,0.0,0.0
3008894599226717977-2608232337-8,7472,2608232359,2608232359,3,,S,S4,Stuttgart Hbf|Stuttgart Nordbahnhof|Stuttgart-Feuerbach|Stuttgart-Zuffenhausen|Kornwestheim Pbf|Ludwigsburg|Favoritepark,8002065,Freiberg (Neckar),Baden-Württemberg,Freiberg am Neckar,71691,9.197530085,48.92994974,5,2608240000,,2608240000,,,,,,,,,,,1.0,1.0
5844079694201012734-2608232307-8,7470,2608232329,2608232329,3,,S,S4,Stuttgart Hbf|Stuttgart Nordbahnhof|Stuttgart-Feuerbach|Stuttgart-Zuffenhausen|Kornwestheim Pbf|Ludwigsburg|Favoritepark,8002065,Freiberg (Neckar),Baden-Württemberg,Freiberg am Neckar,71691,9.197530085,48.92994974,5,2608232329,,2608232329,,,,,,,,,,,0.0,0.0
2382757692606580950-2608232246-7,7771,2608232308,2608232308,1,,S,S1,Stuttgart-Vaihingen|Stuttgart-Rohr|Goldberg(Württ)|Böblingen|Hulb|Ehningen(b Böblingen),8002165,Gärtringen,Baden-Württemberg,Gärtringen,71116,8.908864487,48.64080021,5,2608232308,,2608232308,,,,,,,,,,,0.0,0.0
-5662900889334396771-2608232316-3,7776,2608232322,2608232322,2,,S,S1,Herrenberg|Nufringen,8002165,Gärtringen,Baden-Württemberg,Gärtringen,71116,8.908864487,48.64080021,5,2608232322,,2608232322,,,,,,,,,,,0.0,0.0
4991213592121918551-2608232346-3,7778,2608232352,2608232352,2,,S,S1,Herrenberg|Nufringen,8002165,Gärtringen,Baden-Württemberg,Gärtringen,71116,8.908864487,48.64080021,5,2608232352,,2608232352,,,,,,,,,,,0.0,0.0
2629905197525077527-2608232316-7,7773,2608232338,2608232338,1,,S,S1,Stuttgart-Vaihingen|Stuttgart-Rohr|Goldberg(Württ)|Böblingen|Hulb|Ehningen(b Böblingen),8002165,Gärtringen,Baden-Württemberg,Gärtringen,71116,8.908864487,48.64080021,5,2608232338,,2608232339,,,,,,,,,,,0.0,1.0
-2344980071254063452-2608232250-12,7270,2608232317,2608232317,2,,S,S2,Stuttgart Hbf|Stuttgart-Bad Cannstatt|Stuttgart Nürnberger Str.|Stuttgart-Sommerrain|Fellbach|Waiblingen|Rommelshausen|Stetten-Beinstein|Endersbach|Beutelsbach|Grunbach,8002240,Geradstetten,Baden-Württemberg,Remshalden,73630,9.439522346,48.80527689,5,2608232317,,2608232318,,h,1,Bauarbeiten,,,,,,,0.0,1.0
-6617041224126724026-2608232320-12,7272,2608232347,2608232347,2,,S,S2,Stuttgart Hbf|Stuttgart-Bad Cannstatt|Stuttgart Nürnberger Str.|Stuttgart-Sommerrain|Fellbach|Waiblingen|Rommelshausen|Stetten-Beinstein|Endersbach|Beutelsbach|Grunbach,8002240,Geradstetten,Baden-Württemberg,Remshalden,73630,9.439522346,48.80527689,5,2608232349,,2608232350,,h,1,Bauarbeiten,,,,,,,2.0,3.0
-1263112065111090114-2608232328-4,7277,2608232335,2608232336,1,,S,S2,Schorndorf|Weiler(Rems)|Winterbach(b Schorndorf),8002240,Geradstetten,Baden-Württemberg,Remshalden,73630,9.439522346,48.80527689,5,2608232335,,2608232336,,h,1,Bauarbeiten,,,,,,,0.0,0.0
1962327971982131461-2608232303-4,7275,2608232310,2608232311,1,,S,S2,Schorndorf|Weiler(Rems)|Winterbach(b Schorndorf),8002240,Geradstetten,Baden-Württemberg,Remshalden,73630,9.439522346,48.80527689,5,2608232310,,2608232311,,h,1,Bauarbeiten,,,,,,,0.0,0.0
-7552157599667806188-2608232246-7,7774,2608232302,2608232302,2,,S,S1,Herrenberg|Nufringen|Gärtringen|Ehningen(b Böblingen)|Hulb|Böblingen,8005201,Goldberg,Baden-Württemberg,Böblingen,71032,9.019733387,48.69651581,5,2608232303,,2608232304,,,,,,,,,,,1.0,2.0
-5662900889334396771-2608232316-7,7776,2608232332,2608232332,2,,S,S1,Herrenberg|Nufringen|Gärtringen|Ehningen(b Böblingen)|Hulb|Böblingen,8005201,Goldberg,Baden-Württemberg,Böblingen,71032,9.019733387,48.69651581,5,2608232332,,2608232332,,,,,,,,,,,0.0,0.0
3254218711381615406-2608232346-3,7775,2608232358,2608232358,1,,S,S1,Stuttgart-Vaihingen|Stuttgart-Rohr,8005201,Goldberg,Baden-Württemberg,Böblingen,71032,9.019733387,48.69651581,5,2608232358,,2608232358,,,,,,,,,,,0.0,0.0
2629905197525077527-2608232316-3,7773,2608232328,2608232328,1,,S,S1,Stuttgart-Vaihingen|Stuttgart-Rohr,8005201,Goldberg,Baden-Württemberg,Böblingen,71032,9.019733387,48.69651581,5,2608232328,,2608232328,,,,,,,,,,,0.0,0.0
-2344980071254063452-2608232250-11,7270,2608232315,2608232315,3,,S,S2,Stuttgart Hbf|Stuttgart-Bad Cannstatt|Stuttgart Nürnberger Str.|Stuttgart-Sommerrain|Fellbach|Waiblingen|Rommelshausen|Stetten-Beinstein|Endersbach|Beutelsbach,8002448,Grunbach,Baden-Württemberg,Remshalden,73630,9.419580601,48.810414,4,2608232315,,2608232316,,h,1,Bauarbeiten,,,,,,,0.0,1.0
-6617041224126724026-2608232320-11,7272,2608232345,2608232345,3,,S,S2,Stuttgart Hbf|Stuttgart-Bad Cannstatt|Stuttgart Nürnberger Str.|Stuttgart-Sommerrain|Fellbach|Waiblingen|Rommelshausen|Stetten-Beinstein|Endersbach|Beutelsbach,8002448,Grunbach,Baden-Württemberg,Remshalden,73630,9.419580601,48.810414,4,2608232347,,2608232348,,h,1,Bauarbeiten,,,,,,,2.0,3.0
-1263112065111090114-2608232328-5,7277,2608232338,2608232342,1,,S,S2,Schorndorf|Weiler(Rems)|Winterbach(b Schorndorf)|Geradstetten,8002448,Grunbach,Baden-Württemberg,Remshalden,73630,9.419580601,48.810414,4,2608232338,2,2608232338,2,h,1,Bauarbeiten,,,,,,,0.0,-4.0
1962327971982131461-2608232303-5,7275,2608232312,2608232313,2,,S,S2,Schorndorf|Weiler(Rems)|Winterbach(b Schorndorf)|Geradstetten,8002448,Grunbach,Baden-Württemberg,Remshalden,73630,9.419580601,48.810414,4,2608232312,,2608232313,,h,1,Bauarbeiten,,,,,,,0.0,0.0
2382757692606580950-2608232246-9,7771,2608232315,,3,,S,,Stuttgart-Vaihingen|Stuttgart-Rohr|Goldberg(Württ)|Böblingen|Hulb|Ehningen(b Böblingen)|Gärtringen|Nufringen,8002785,Herrenberg,Baden-Württemberg,Herrenberg,71083,8.862625253,48.59395697,3,2608232315,,,,,,,,,,,,,0.0,0.0
-924266248706315035-2608232325-2,52387,2608232355,2608232356,4,,RE,IC87,Stuttgart Hbf,8002785,Herrenberg,Baden-Württemberg,Herrenberg,71083,8.862625253,48.59395697,3,2608232356,,2608232356,,h,2,Information,,,,,,,1.0,0.0
-7205575770431825157-2608232319-1,22882,,2608232319,,,RB,RB63,,8002785,Herrenberg,Baden-Württemberg,Herrenberg,71083,8.862625253,48.59395697,3,,,2608232320,,h,2,Bauarbeiten,,,,,,,0.0,1.0
-5662900889334396771-2608232316-1,7776,,2608232316,,,S,S1,,8002785,Herrenberg,Baden-Württemberg,Herrenberg,71083,8.862625253,48.59395697,3,,,2608232316,,,,,,,,,,,0.0,0.0
-1749959168913802135-2608232325-2,2387,2608232355,2608232356,4,,IC,,Stuttgart Hbf,8002785,Herrenberg,Baden-Württemberg,Herrenberg,71083,8.862625253,48.59395697,3,2608232356,,2608232356,,h,2,Information,,,,,,,1.0,0.0
6070629116344169766-2608232228-7,4774,2608232311,2608232312,,,RB,RB14a,Oberndorf(Neckar)|Horb|Eutingen im Gäu|Ergenzingen|Bondorf(b Herrenberg)|Gäufelden,8002785,Herrenberg,Baden-Württemberg,Herrenberg,71083,8.862625253,48.59395697,3,2608232311,1,2608232312,1,,,,,,,,,,0.0,0.0
-1147515621121078718-2608232241-10,22887,2608232311,,102,,RB,,Tübingen Hbf|Tübingen West|Unterjesingen Sandäcker|Unterjesingen Mitte|Pfäffingen|Entringen|Altingen(Württ)|Gültstein|Herrenberg Zwerchweg,8002785,Herrenberg,Baden-Württemberg,Herrenberg,71083,8.862625253,48.59395697,3,2608232311,,,,h,2,Bauarbeiten,,,,,,,0.0,0.0
4991213592121918551-2608232346-1,7778,,2608232346,,,S,S1,,8002785,Herrenberg,Baden-Württemberg,Herrenberg,71083,8.862625253,48.59395697,3,,,2608232346,,,,,,,,,,,0.0,0.0
2629905197525077527-2608232316-9,7773,2608232345,,3,,S,,Stuttgart-Vaihingen|Stuttgart-Rohr|Goldberg(Württ)|Böblingen|Hulb|Ehningen(b Böblingen)|Gärtringen|Nufringen,8002785,Herrenberg,Baden-Württemberg,Herrenberg,71083,8.862625253,48.59395697,3,2608232345,,,,,,,,,,,,,0.0,0.0
-6526775162747392382-2608232333-6,7677,2608232350,2608232351,1,,S,S6,Weil der Stadt|Malmsheim|Renningen|Rutesheim|Leonberg,8002892,Höfingen,Baden-Württemberg,Leonberg,71229,9.026180834,48.81503436,5,2608232350,,2608232351,,,,,,,,,,,0.0,0.0
5891323909249949515-2608232247-9,7670,2608232309,2608232309,2,,S,S6,Stuttgart Hbf|Stuttgart Nordbahnhof|Stuttgart-Feuerbach|Stuttgart-Zuffenhausen|Neuwirtshaus(Porscheplatz)|Korntal|Weilimdorf|Ditzingen,8002892,Höfingen,Baden-Württemberg,Leonberg,71229,9.026180834,48.81503436,5,2608232309,,2608232310,,,,,,,,,,,0.0,1.0
-4547114169407799378-2608232303-6,7675,2608232320,2608232321,1,,S,S6,Weil der Stadt|Malmsheim|Renningen|Rutesheim|Leonberg,8002892,Höfingen,Baden-Württemberg,Leonberg,71229,9.026180834,48.81503436,5,2608232322,,2608232323,,,,,,,,,,,2.0,2.0
-3328654811997120273-2608232317-9,7672,2608232339,2608232339,2,,S,S6,Stuttgart Hbf|Stuttgart Nordbahnhof|Stuttgart-Feuerbach|Stuttgart-Zuffenhausen|Neuwirtshaus(Porscheplatz)|Korntal|Weilimdorf|Ditzingen,8002892,Höfingen,Baden-Württemberg,Leonberg,71229,9.026180834,48.81503436,5,2608232339,,2608232339,,,,,,,,,,,0.0,0.0
2382757692606580950-2608232246-5,7771,2608232302,2608232302,1,,S,S1,Stuttgart-Vaihingen|Stuttgart-Rohr|Goldberg(Württ)|Böblingen,8003022,Hulb,Baden-Württemberg,Böblingen-Hulb,71032,8.982396429,48.67924173,5,2608232302,,2608232302,,,,,,,,,,,0.0,0.0
-5662900889334396771-2608232316-5,7776,2608232328,2608232328,2,,S,S1,Herrenberg|Nufringen|Gärtringen|Ehningen(b Böblingen),8003022,Hulb,Baden-Württemberg,Böblingen-Hulb,71032,8.982396429,48.67924173,5,2608232328,,2608232328,,,,,,,,,,,0.0,0.0
4991213592121918551-2608232346-5,7778,2608232358,2608232358,2,,S,S1,Herrenberg|Nufringen|Gärtringen|Ehningen(b Böblingen),8003022,Hulb,Baden-Württemberg,Böblingen-Hulb,71032,8.982396429,48.67924173,5,2608232358,,2608232358,,,,,,,,,,,0.0,0.0
2629905197525077527-2608232316-5,7773,2608232332,2608232332,1,,S,S1,Stuttgart-Vaihingen|Stuttgart-Rohr|Goldberg(Württ)|Böblingen,8003022,Hulb,Baden-Württemberg,Böblingen-Hulb,71032,8.982396429,48.67924173,5,2608232332,,2608232332,,,,,,,,,,,0.0,0.0
2043069556628672575-2608232335-7,7975,2608232357,,1,,S,,Stuttgart-Vaihingen|Stuttgart-Rohr|Oberaichen|Leinfelden|Echterdingen|Stuttgart Flughafen/Messe,8001984,Filderstadt,Baden-Württemberg,Filderstadt,70794,9.217581315,48.67649151,5,2608232357,,,,,,,,,,,,,0.0,0.0
1870656160504428642-2608232333-1,7974,,2608232333,,,S,S2,,8001984,Filderstadt,Baden-Württemberg,Filderstadt,70794,9.217581315,48.67649151,5,,,2608232333,,,,,,,,,,,0.0,0.0
-4449289664459012618-2608232303-1,7972,,2608232303,,,S,S2,,8001984,Filderstadt,Baden-Württemberg,Filderstadt,70794,9.217581315,48.67649151,5,,,2608232303,,,,,,,,,,,0.0,0.0
-2935564319618747934-2608232305-7,7973,2608232327,,1,,S,,Stuttgart-Vaihingen|Stuttgart-Rohr|Oberaichen|Leinfelden|Echterdingen|Stuttgart Flughafen/Messe,8001984,Filderstadt,Baden-Württemberg,Filderstadt,70794,9.217581315,48.67649151,5,2608232327,,,,,,,,,,,,,0.0,0.0
5733563224153092938-2608232303-3,7475,2608232312,2608232315,1,,S,S4,Backnang|Burgstall(Murr),8003266,Kirchberg (Murr),Baden-Württemberg,Kirchberg an der Murr,71737,9.328210283,48.93928182,6,2608232312,,2608232315,,,,,,,,,,,0.0,0.0
5844079694201012734-2608232307-12,7470,2608232343,2608232343,2,,S,S4,Stuttgart Hbf|Stuttgart Nordbahnhof|Stuttgart-Feuerbach|Stuttgart-Zuffenhausen|Kornwestheim Pbf|Ludwigsburg|Favoritepark|Freiberg(Neckar)|Benningen(Neckar)|Marbach(Neckar)|Erdmannhausen,8003266,Kirchberg (Murr),Baden-Württemberg,Kirchberg an der Murr,71737,9.328210283,48.93928182,6,2608232344,,2608232344,,,,,,,,,,,1.0,1.0
8092363418274949423-2608232350-1,7179,,2608232350,,,S,S1,,8003280,Kirchheim (Teck),Baden-Württemberg,Kirchheim unter Teck,73230,9.443872422,48.64415981,4,,,2608232350,,,,,,,,,,,0.0,0.0
-8289701104022316843-2608232225-15,7170,2608232309,,2,,S,,Stuttgart Hbf|Stuttgart-Bad Cannstatt|Stuttgart Neckarpark|Stuttgart-Untertürkheim|Stuttgart-Obertürkheim|Esslingen-Mettingen|Esslingen(Neckar)|Oberesslingen|Esslingen-Zell|Altbach|Plochingen|Wernau(Neckar)|Wendlingen(Neckar)|Kirchheim(Teck)-Ötlingen,8003280,Kirchheim (Teck),Baden-Württemberg,Kirchheim unter Teck,73230,9.443872422,48.64415981,4,2608232310,,,,,,,,,,,,,1.0,0.0
4705599029793291676-2608232320-1,7177,,2608232320,,,S,S1,,8003280,Kirchheim (Teck),Baden-Württemberg,Kirchheim unter Teck,73230,9.443872422,48.64415981,4,,,2608232321,,,,,,,,,,,0.0,1.0
-5197983836264116534-2608232255-15,7172,2608232339,,2,,S,,Stuttgart Hbf|Stuttgart-Bad Cannstatt|Stuttgart Neckarpark|Stuttgart-Untertürkheim|Stuttgart-Obertürkheim|Esslingen-Mettingen|Esslingen(Neckar)|Oberesslingen|Esslingen-Zell|Altbach|Plochingen|Wernau(Neckar)|Wendlingen(Neckar)|Kirchheim(Teck)-Ötlingen,8003280,Kirchheim (Teck),Baden-Württemberg,Kirchheim unter Teck,73230,9.443872422,48.64415981,4,2608232340,,,,,,,,,,,,,1.0,0.0
8092363418274949423-2608232350-2,7179,2608232353,2608232353,1,,S,S1,Kirchheim(Teck),8003282,Kirchheim (Teck)-Ötlingen,Baden-Württemberg,Kirchheim unter Teck,73230,9.416261302,48.65782388,5,2608232353,,2608232354,,,,,,,,,,,0.0,1.0
-8289701104022316843-2608232225-14,7170,2608232306,2608232307,1,,S,S1,Stuttgart Hbf|Stuttgart-Bad Cannstatt|Stuttgart Neckarpark|Stuttgart-Untertürkheim|Stuttgart-Obertürkheim|Esslingen-Mettingen|Esslingen(Neckar)|Oberesslingen|Esslingen-Zell|Altbach|Plochingen|Wernau(Neckar)|Wendlingen(Neckar),8003282,Kirchheim (Teck)-Ötlingen,Baden-Württemberg,Kirchheim unter Teck,73230,9.416261302,48.65782388,5,2608232307,,2608232308,,,,,,,,,,,1.0,1.0
4705599029793291676-2608232320-2,7177,2608232323,2608232323,1,,S,S1,Kirchheim(Teck),8003282,Kirchheim (Teck)-Ötlingen,Baden-Württemberg,Kirchheim unter Teck,73230,9.416261302,48.65782388,5,2608232323,,2608232324,,,,,,,,,,,0.0,1.0
-5197983836264116534-2608232255-14,7172,2608232337,2608232337,1,,S,S1,Stuttgart Hbf|Stuttgart-Bad Cannstatt|Stuttgart Neckarpark|Stuttgart-Untertürkheim|Stuttgart-Obertürkheim|Esslingen-Mettingen|Esslingen(Neckar)|Oberesslingen|Esslingen-Zell|Altbach|Plochingen|Wernau(Neckar)|Wendlingen(Neckar),8003282,Kirchheim (Teck)-Ötlingen,Baden-Württemberg,Kirchheim unter Teck,73230,9.416261302,48.65782388,5,2608232337,,2608232338,,,,,,,,,,,0.0,1.0
-6458312361329057415-2608232305-1,1276,,2608232305,,,WEG,RB47,,8003409,Korntal,Baden-Württemberg,Korntal,70825,9.121099128,48.82640246,4,,,2608232305,,,,,,,,,,,0.0,0.0
-6526775162747392382-2608232333-9,7677,2608232358,2608232359,3,,S,S6,Weil der Stadt|Malmsheim|Renningen|Rutesheim|Leonberg|Höfingen|Ditzingen|Weilimdorf,8003409,Korntal,Baden-Württemberg,Korntal,70825,9.121099128,48.82640246,4,2608232358,,2608232359,,,,,,,,,,,0.0,0.0
5891323909249949515-2608232247-6,7670,2608232301,2608232301,1,,S,S6,Stuttgart Hbf|Stuttgart Nordbahnhof|Stuttgart-Feuerbach|Stuttgart-Zuffenhausen|Neuwirtshaus(Porscheplatz),8003409,Korntal,Baden-Württemberg,Korntal,70825,9.121099128,48.82640246,4,2608232301,,2608232302,,,,,,,,,,,0.0,1.0
5678084358759611485-2608232331-7,1283,2608232354,,7,,WEG,,Heimerdingen|Hemmingen|Schwieberdingen|Münchingen|Münchingen Rührberg|Korntal Gymnasium,8003409,Korntal,Baden-Württemberg,Korntal,70825,9.121099128,48.82640246,4,2608232355,,,,,,,,,,,,,1.0,0.0
-4547114169407799378-2608232303-9,7675,2608232328,2608232329,3,,S,S6,Weil der Stadt|Malmsheim|Renningen|Rutesheim|Leonberg|Höfingen|Ditzingen|Weilimdorf,8003409,Korntal,Baden-Württemberg,Korntal,70825,9.121099128,48.82640246,4,2608232329,,2608232330,,,,,,,,,,,1.0,1.0
-3328654811997120273-2608232317-6,7672,2608232331,2608232331,1,,S,S6,Stuttgart Hbf|Stuttgart Nordbahnhof|Stuttgart-Feuerbach|Stuttgart-Zuffenhausen|Neuwirtshaus(Porscheplatz),8003409,Korntal,Baden-Württemberg,Korntal,70825,9.121099128,48.82640246,4,2608232331,,2608232332,,,,,,,,,,,0.0,1.0
1545875388134255836-2608232255-6,7473,2608232310,2608232310,3,,S,S4,Marbach(Neckar)|Benningen(Neckar)|Freiberg(Neckar)|Favoritepark|Ludwigsburg,8003411,Kornwestheim Pbf,Baden-Württemberg,Kornwestheim,70806,9.179967278,48.86215948,3,2608232310,,2608232310,,,,,,,,,,,0.0,0.0
5733563224153092938-2608232303-10,7475,2608232340,2608232340,3,,S,S4,Backnang|Burgstall(Murr)|Kirchberg(Murr)|Erdmannhausen|Marbach(Neckar)|Benningen(Neckar)|Freiberg(Neckar)|Favoritepark|Ludwigsburg,8003411,Kornwestheim Pbf,Baden-Württemberg,Kornwestheim,70806,9.179967278,48.86215948,3,2608232340,,2608232341,,,,,,,,,,,0.0,1.0
1185018983986773480-2608232346-2,7577,2608232349,2608232350,3,,S,S5,Ludwigsburg,8003411,Kornwestheim Pbf,Baden-Württemberg,Kornwestheim,70806,9.179967278,48.86215948,3,2608232350,,2608232350,,h,2,Bauarbeiten,,,,,,,1.0,0.0
6578504014529649907-2608232316-2,7575,2608232319,2608232320,3,,S,S5,Ludwigsburg,8003411,Kornwestheim Pbf,Baden-Württemberg,Kornwestheim,70806,9.179967278,48.86215948,3,2608232319,,2608232320,,h,2,Bauarbeiten,,,,,,,0.0,0.0
-3011188424747458948-2608232257-5,7572,2608232310,2608232310,4,,S,S5,Stuttgart Hbf|Stuttgart Nordbahnhof|Stuttgart-Feuerbach|Stuttgart-Zuffenhausen,8003411,Kornwestheim Pbf,Baden-Württemberg,Kornwestheim,70806,9.179967278,48.86215948,3,2608232310,,2608232311,,h,2,Bauarbeiten,,,,,,,0.0,1.0
4481864889005584421-2608232320-1,19339,,2608232320,,,RE,MEX18,,8003411,Kornwestheim Pbf,Baden-Württemberg,Kornwestheim,70806,9.179967278,48.86215948,3,,,2608232321,6,h,2,Störung,,,,,,,0.0,1.0
3008894599226717977-2608232337-5,7472,2608232350,2608232350,4,,S,S4,Stuttgart Hbf|Stuttgart Nordbahnhof|Stuttgart-Feuerbach|Stuttgart-Zuffenhausen,8003411,Kornwestheim Pbf,Baden-Württemberg,Kornwestheim,70806,9.179967278,48.86215948,3,2608232350,,2608232351,,,,,,,,,,,0.0,1.0
-674299633319716956-2608232327-5,7574,2608232340,2608232340,4,,S,S5,Stuttgart Hbf|Stuttgart Nordbahnhof|Stuttgart-Feuerbach|Stuttgart-Zuffenhausen,8003411,Kornwestheim Pbf,Baden-Württemberg,Kornwestheim,70806,9.179967278,48.86215948,3,2608232340,,2608232340,,h,2,Bauarbeiten,,,,,,,0.0,0.0
5844079694201012734-2608232307-5,7470,2608232320,2608232320,4,,S,S4,Stuttgart Hbf|Stuttgart Nordbahnhof|Stuttgart-Feuerbach|Stuttgart-Zuffenhausen,8003411,Kornwestheim Pbf,Baden-Württemberg,Kornwestheim,70806,9.179967278,48.86215948,3,2608232320,,2608232320,,,,,,,,,,,0.0,0.0
2043069556628672575-2608232335-4,7975,2608232346,2608232347,1,,S,S2,Stuttgart-Vaihingen|Stuttgart-Rohr|Oberaichen,8003622,Leinfelden,Baden-Württemberg,Leinfelden-Echterdingen,70771,9.142859698,48.6964193,4,2608232346,,2608232347,,,,,,,,,,,0.0,0.0
1870656160504428642-2608232333-4,7974,2608232342,2608232343,2,,S,S2,Filderstadt|Stuttgart Flughafen/Messe|Echterdingen,8003622,Leinfelden,Baden-Württemberg,Leinfelden-Echterdingen,70771,9.142859698,48.6964193,4,2608232342,,2608232343,,,,,,,,,,,0.0,0.0
-4449289664459012618-2608232303-4,7972,2608232312,2608232313,2,,S,S2,Filderstadt|Stuttgart Flughafen/Messe|Echterdingen,8003622,Leinfelden,Baden-Württemberg,Leinfelden-Echterdingen,70771,9.142859698,48.6964193,4,2608232312,,2608232313,,,,,,,,,,,0.0,0.0
-2935564319618747934-2608232305-4,7973,2608232316,2608232317,1,,S,S2,Stuttgart-Vaihingen|Stuttgart-Rohr|Oberaichen,8003622,Leinfelden,Baden-Württemberg,Leinfelden-Echterdingen,70771,9.142859698,48.6964193,4,2608232316,,2608232317,,,,,,,,,,,0.0,0.0
-6526775162747392382-2608232333-5,7677,2608232347,2608232347,1,,S,S6,Weil der Stadt|Malmsheim|Renningen|Rutesheim,8003652,Leonberg,Baden-Württemberg,Leonberg,71229,9.004025993,48.79970547,3,2608232347,,2608232347,,,,,,,,,,,0.0,0.0
5891323909249949515-2608232247-10,7670,2608232313,2608232313,2,,S,S6,Stuttgart Hbf|Stuttgart Nordbahnhof|Stuttgart-Feuerbach|Stuttgart-Zuffenhausen|Neuwirtshaus(Porscheplatz)|Korntal|Weilimdorf|Ditzingen|Höfingen,8003652,Leonberg,Baden-Württemberg,Leonberg,71229,9.004025993,48.79970547,3,2608232313,,2608232314,,,,,,,,,,,0.0,1.0
-4547114169407799378-2608232303-5,7675,2608232317,2608232317,1,,S,S6,Weil der Stadt|Malmsheim|Renningen|Rutesheim,8003652,Leonberg,Baden-Württemberg,Leonberg,71229,9.004025993,48.79970547,3,2608232318,,2608232319,,,,,,,,,,,1.0,2.0
-3328654811997120273-2608232317-10,7672,2608232343,2608232343,2,,S,S6,Stuttgart Hbf|Stuttgart Nordbahnhof|Stuttgart-Feuerbach|Stuttgart-Zuffenhausen|Neuwirtshaus(Porscheplatz)|Korntal|Weilimdorf|Ditzingen|Höfingen,8003652,Leonberg,Baden-Württemberg,Leonberg,71229,9.004025993,48.79970547,3,2608232343,,2608232344,,,,,,,,,,,0.0,1.0
1545875388134255836-2608232255-5,7473,2608232306,2608232307,3,,S,S4,Marbach(Neckar)|Benningen(Neckar)|Freiberg(Neckar)|Favoritepark,8000235,Ludwigsburg,Baden-Württemberg,Ludwigsburg,71638,9.185229823,48.89208622,3,2608232306,,2608232307,,,,,,,,,,,0.0,0.0
5733563224153092938-2608232303-9,7475,2608232336,2608232337,3,,S,S4,Backnang|Burgstall(Murr)|Kirchberg(Murr)|Erdmannhausen|Marbach(Neckar)|Benningen(Neckar)|Freiberg(Neckar)|Favoritepark,8000235,Ludwigsburg,Baden-Württemberg,Ludwigsburg,71638,9.185229823,48.89208622,3,2608232336,,2608232337,,,,,,,,,,,0.0,0.0
1185018983986773480-2608232346-1,7577,,2608232346,,,S,S5,,8000235,Ludwigsburg,Baden-Württemberg,Ludwigsburg,71638,9.185229823,48.89208622,3,,,2608232347,,h,2,Bauarbeiten,,,,,,,0.0,1.0
6578504014529649907-2608232316-1,7575,,2608232316,,,S,S5,,8000235,Ludwigsburg,Baden-Württemberg,Ludwigsburg,71638,9.185229823,48.89208622,3,,,2608232317,,h,2,Bauarbeiten,,,,,,,0.0,1.0
-3011188424747458948-2608232257-6,7572,2608232313,,2,,S,,Stuttgart Hbf|Stuttgart Nordbahnhof|Stuttgart-Feuerbach|Stuttgart-Zuffenhausen|Kornwestheim Pbf,8000235,Ludwigsburg,Baden-Württemberg,Ludwigsburg,71638,9.185229823,48.89208622,3,2608232314,,,,h,2,Bauarbeiten,,,,,,,1.0,0.0
3008894599226717977-2608232337-6,7472,2608232353,2608232354,2,,S,S4,Stuttgart Hbf|Stuttgart Nordbahnhof|Stuttgart-Feuerbach|Stuttgart-Zuffenhausen|Kornwestheim Pbf,8000235,Ludwigsburg,Baden-Württemberg,Ludwigsburg,71638,9.185229823,48.89208622,3,2608232354,,2608232354,,,,,,,,,,,1.0,0.0
-674299633319716956-2608232327-6,7574,2608232343,,2,,S,,Stuttgart Hbf|Stuttgart Nordbahnhof|Stuttgart-Feuerbach|Stuttgart-Zuffenhausen|Kornwestheim Pbf,8000235,Ludwigsburg,Baden-Württemberg,Ludwigsburg,71638,9.185229823,48.89208622,3,2608232344,,,,h,2,Bauarbeiten,,,,,,,1.0,0.0
5844079694201012734-2608232307-6,7470,2608232323,2608232324,2,,S,S4,Stuttgart Hbf|Stuttgart Nordbahnhof|Stuttgart-Feuerbach|Stuttgart-Zuffenhausen|Kornwestheim Pbf,8000235,Ludwigsburg,Baden-Württemberg,Ludwigsburg,71638,9.185229823,48.89208622,3,2608232323,,2608232324,,,,,,,,,,,0.0,0.0
-6526775162747392382-2608232333-2,7677,2608232335,2608232335,2,,S,S6,Weil der Stadt,8003831,Malmsheim,Baden-Württemberg,Renningen,71272,8.905105557,48.77183564,5,2608232335,,2608232336,,,,,,,,,,,0.0,1.0
5891323909249949515-2608232247-13,7670,2608232324,2608232324,1,,S,S6,Stuttgart Hbf|Stuttgart Nordbahnhof|Stuttgart-Feuerbach|Stuttgart-Zuffenhausen|Neuwirtshaus(Porscheplatz)|Korntal|Weilimdorf|Ditzingen|Höfingen|Leonberg|Rutesheim|Renningen,8003831,Malmsheim,Baden-Württemberg,Renningen,71272,8.905105557,48.77183564,5,2608232324,,2608232325,,,,,,,,,,,0.0,1.0
-4547114169407799378-2608232303-2,7675,2608232305,2608232305,2,,S,S6,Weil der Stadt,8003831,Malmsheim,Baden-Württemberg,Renningen,71272,8.905105557,48.77183564,5,2608232306,,2608232306,,,,,,,,,,,1.0,1.0
-3328654811997120273-2608232317-13,7672,2608232354,2608232354,1,,S,S6,Stuttgart Hbf|Stuttgart Nordbahnhof|Stuttgart-Feuerbach|Stuttgart-Zuffenhausen|Neuwirtshaus(Porscheplatz)|Korntal|Weilimdorf|Ditzingen|Höfingen|Leonberg|Rutesheim|Renningen,8003831,Malmsheim,Baden-Württemberg,Renningen,71272,8.905105557,48.77183564,5,2608232354,,2608232354,,,,,,,,,,,0.0,0.0
-9133197457517218638-2608232237-10,7468,2608232305,,1,,S,,Stuttgart Hbf|Stuttgart Nordbahnhof|Stuttgart-Feuerbach|Stuttgart-Zuffenhausen|Kornwestheim Pbf|Ludwigsburg|Favoritepark|Freiberg(Neckar)|Benningen(Neckar),8003853,Marbach (Neckar),Baden-Württemberg,Marbach am Neckar,71672,9.264611825,48.9437708,3,2608232306,,,,,,,,,,,,,1.0,0.0
2977099434128495599-2608232355-1,7477,,2608232355,,,S,S4,,8003853,Marbach (Neckar),Baden-Württemberg,Marbach am Neckar,71672,9.264611825,48.9437708,3,,,2608232356,1,,,,,,,,,,0.0,1.0
5733563224153092938-2608232303-5,7475,2608232321,2608232325,,,S,S4,Backnang|Burgstall(Murr)|Kirchberg(Murr)|Erdmannhausen,8003853,Marbach (Neckar),Baden-Württemberg,Marbach am Neckar,71672,9.264611825,48.9437708,3,2608232321,1,2608232325,1,,,,,,,,,,0.0,0.0
5844079694201012734-2608232307-10,7470,2608232335,2608232338,1,,S,S4,Stuttgart Hbf|Stuttgart Nordbahnhof|Stuttgart-Feuerbach|Stuttgart-Zuffenhausen|Kornwestheim Pbf|Ludwigsburg|Favoritepark|Freiberg(Neckar)|Benningen(Neckar),8003853,Marbach (Neckar),Baden-Württemberg,Marbach am Neckar,71672,9.264611825,48.9437708,3,2608232335,,2608232339,,,,,,,,,,,0.0,1.0
-547796110281084784-2608232242-11,7370,2608232314,2608232315,2,,S,S3,Stuttgart Hbf|Stuttgart-Bad Cannstatt|Stuttgart Nürnberger Str.|Stuttgart-Sommerrain|Fellbach|Waiblingen|Neustadt-Hohenacker|Schwaikheim|Winnenden|Nellmersbach,8003913,Maubach,Baden-Württemberg,Backnang,71522,9.419487062,48.92623463,4,2608232317,,2608232317,,h,1,Störung,,,,,c,c,3.0,2.0
-2519407903994888306-2608232312-11,7372,2608232344,2608232345,2,,S,S3,Stuttgart Hbf|Stuttgart-Bad Cannstatt|Stuttgart Nürnberger Str.|Stuttgart-Sommerrain|Fellbach|Waiblingen|Neustadt-Hohenacker|Schwaikheim|Winnenden|Nellmersbach,8003913,Maubach,Baden-Württemberg,Backnang,71522,9.419487062,48.92623463,4,2608232344,,2608232345,,h,1,Störung,,,,,c,c,0.0,0.0
-7120372043677331542-2608232341-2,7377,2608232343,2608232344,1,,S,S3,Backnang,8003913,Maubach,Baden-Württemberg,Backnang,71522,9.419487062,48.92623463,4,2608232343,,2608232344,,h,1,Störung,,,,,c,c,0.0,0.0
-4957905266396441447-2608232311-2,7375,2608232313,2608232314,1,,S,S3,Backnang,8003913,Maubach,Baden-Württemberg,Backnang,71522,9.419487062,48.92623463,4,2608232315,,2608232316,,h,1,Störung,,,,,,,2.0,2.0
-547796110281084784-2608232242-10,7370,2608232311,2608232312,2,,S,S3,Stuttgart Hbf|Stuttgart-Bad Cannstatt|Stuttgart Nürnberger Str.|Stuttgart-Sommerrain|Fellbach|Waiblingen|Neustadt-Hohenacker|Schwaikheim|Winnenden,8004233,Nellmersbach,Baden-Württemberg,Leutenbach,71397,9.415421538,48.90336425,5,2608232314,,2608232314,,h,1,Störung,,,,,c,c,3.0,2.0
-2519407903994888306-2608232312-10,7372,2608232341,2608232342,2,,S,S3,Stuttgart Hbf|Stuttgart-Bad Cannstatt|Stuttgart Nürnberger Str.|Stuttgart-Sommerrain|Fellbach|Waiblingen|Neustadt-Hohenacker|Schwaikheim|Winnenden,8004233,Nellmersbach,Baden-Württemberg,Leutenbach,71397,9.415421538,48.90336425,5,2608232342,,2608232342,,h,1,Störung,,,,,c,c,1.0,0.0
-7120372043677331542-2608232341-3,7377,2608232346,2608232346,1,,S,S3,Backnang|Maubach,8004233,Nellmersbach,Baden-Württemberg,Leutenbach,71397,9.415421538,48.90336425,5,2608232346,,2608232346,,h,1,Störung,,,,,c,c,0.0,0.0
-4957905266396441447-2608232311-3,7375,2608232316,2608232316,1,,S,S3,Backnang|Maubach,8004233,Nellmersbach,Baden-Württemberg,Leutenbach,71397,9.415421538,48.90336425,5,2608232318,,2608232319,,h,1,Störung,,,,,,,2.0,3.0
-547796110281084784-2608232242-7,7370,2608232303,2608232303,1,,S,S3,Stuttgart Hbf|Stuttgart-Bad Cannstatt|Stuttgart Nürnberger Str.|Stuttgart-Sommerrain|Fellbach|Waiblingen,8004333,Neustadt-Hohenacker,Baden-Württemberg,Waiblingen,71336,9.32455106,48.85921668,5,2608232303,,2608232304,,h,1,Störung,,,,,,,0.0,1.0
-2519407903994888306-2608232312-7,7372,2608232333,2608232333,1,,S,S3,Stuttgart Hbf|Stuttgart-Bad Cannstatt|Stuttgart Nürnberger Str.|Stuttgart-Sommerrain|Fellbach|Waiblingen,8004333,Neustadt-Hohenacker,Baden-Württemberg,Waiblingen,71336,9.32455106,48.85921668,5,2608232333,,2608232334,,h,1,Störung,,,,,,,0.0,1.0
-7120372043677331542-2608232341-6,7377,2608232355,2608232355,2,,S,S3,Backnang|Maubach|Nellmersbach|Winnenden|Schwaikheim,8004333,Neustadt-Hohenacker,Baden-Württemberg,Waiblingen,71336,9.32455106,48.85921668,5,2608232356,,2608232356,,h,1,Störung,,,,,,,1.0,1.0
-4957905266396441447-2608232311-6,7375,2608232325,2608232325,2,,S,S3,Backnang|Maubach|Nellmersbach|Winnenden|Schwaikheim,8004333,Neustadt-Hohenacker,Baden-Württemberg,Waiblingen,71336,9.32455106,48.85921668,5,2608232327,,2608232327,,h,1,Störung,,,,,,,2.0,2.0
7251830197396160216-2608232347-5,7674,2608232358,2608232359,1,,S,S6,Stuttgart Hbf|Stuttgart Nordbahnhof|Stuttgart-Feuerbach|Stuttgart-Zuffenhausen,8004338,Neuwirtshaus (Porscheplatz),Baden-Württemberg,Stuttgart,70435,9.151955614,48.83384734,4,2608232358,,2608232359,,,,,,,,,,,0.0,0.0
-4547114169407799378-2608232303-10,7675,2608232331,2608232331,2,,S,S6,Weil der Stadt|Malmsheim|Renningen|Rutesheim|Leonberg|Höfingen|Ditzingen|Weilimdorf|Korntal,8004338,Neuwirtshaus (Porscheplatz),Baden-Württemberg,Stuttgart,70435,9.151955614,48.83384734,4,2608232332,,2608232333,,,,,,,,,,,1.0,2.0
-3328654811997120273-2608232317-5,7672,2608232328,2608232329,1,,S,S6,Stuttgart Hbf|Stuttgart Nordbahnhof|Stuttgart-Feuerbach|Stuttgart-Zuffenhausen,8004338,Neuwirtshaus (Porscheplatz),Baden-Württemberg,Stuttgart,70435,9.151955614,48.83384734,4,2608232328,,2608232329,,,,,,,,,,,0.0,0.0
-8768743806902916019-2608232233-10,7673,2608232301,2608232301,2,,S,S6,Weil der Stadt|Malmsheim|Renningen|Rutesheim|Leonberg|Höfingen|Ditzingen|Weilimdorf|Korntal,8004338,Neuwirtshaus (Porscheplatz),Baden-Württemberg,Stuttgart,70435,9.151955614,48.83384734,4,2608232301,,2608232301,,,,,,,,,,,0.0,0.0
2382757692606580950-2608232246-8,7771,2608232311,2608232311,1,,S,S1,Stuttgart-Vaihingen|Stuttgart-Rohr|Goldberg(Württ)|Böblingen|Hulb|Ehningen(b Böblingen)|Gärtringen,8004490,Nufringen,Baden-Württemberg,Nufringen,71154,8.889817485,48.62010967,5,2608232311,,2608232311,,,,,,,,,,,0.0,0.0
-5662900889334396771-2608232316-2,7776,2608232319,2608232319,2,,S,S1,Herrenberg,8004490,Nufringen,Baden-Württemberg,Nufringen,71154,8.889817485,48.62010967,5,2608232319,,2608232319,,,,,,,,,,,0.0,0.0
4991213592121918551-2608232346-2,7778,2608232349,2608232349,2,,S,S1,Herrenberg,8004490,Nufringen,Baden-Württemberg,Nufringen,71154,8.889817485,48.62010967,5,2608232349,,2608232349,,,,,,,,,,,0.0,0.0
2629905197525077527-2608232316-8,7773,2608232341,2608232341,1,,S,S1,Stuttgart-Vaihingen|Stuttgart-Rohr|Goldberg(Württ)|Böblingen|Hulb|Ehningen(b Böblingen)|Gärtringen,8004490,Nufringen,Baden-Württemberg,Nufringen,71154,8.889817485,48.62010967,5,2608232341,,2608232341,,,,,,,,,,,0.0,0.0
2043069556628672575-2608232335-3,7975,2608232344,2608232344,1,,S,S2,Stuttgart-Vaihingen|Stuttgart-Rohr,8004496,Oberaichen,Baden-Württemberg,Leinfelden-Echterdingen,70771,9.12743664,48.70512422,5,2608232344,,2608232345,,,,,,,,,,,0.0,1.0
1870656160504428642-2608232333-5,7974,2608232345,2608232345,2,,S,S2,Filderstadt|Stuttgart Flughafen/Messe|Echterdingen|Leinfelden,8004496,Oberaichen,Baden-Württemberg,Leinfelden-Echterdingen,70771,9.12743664,48.70512422,5,2608232345,,2608232345,,,,,,,,,,,0.0,0.0
-4449289664459012618-2608232303-5,7972,2608232315,2608232315,2,,S,S2,Filderstadt|Stuttgart Flughafen/Messe|Echterdingen|Leinfelden,8004496,Oberaichen,Baden-Württemberg,Leinfelden-Echterdingen,70771,9.12743664,48.70512422,5,2608232315,,2608232315,,,,,,,,,,,0.0,0.0
-2935564319618747934-2608232305-3,7973,2608232314,2608232314,1,,S,S2,Stuttgart-Vaihingen|Stuttgart-Rohr,8004496,Oberaichen,Baden-Württemberg,Leinfelden-Echterdingen,70771,9.12743664,48.70512422,5,2608232314,,2608232315,,,,,,,,,,,0.0,1.0
4705599029793291676-2608232320-8,7177,2608232344,2608232345,3,,S,S1,Kirchheim(Teck)|Kirchheim(Teck)-Ötlingen|Wendlingen(Neckar)|Wernau(Neckar)|Plochingen|Altbach|Esslingen-Zell,8004528,Oberesslingen,Baden-Württemberg,Esslingen am Neckar,73730,9.327277435,48.72983585,3,2608232344,,2608232345,,,,,,,,,,,0.0,0.0
-6275608324438357522-2608232325-8,7174,2608232345,2608232345,4,,S,S1,Stuttgart Hbf|Stuttgart-Bad Cannstatt|Stuttgart Neckarpark|Stuttgart-Untertürkheim|Stuttgart-Obertürkheim|Esslingen-Mettingen|Esslingen(Neckar),8004528,Oberesslingen,Baden-Württemberg,Esslingen am Neckar,73730,9.327277435,48.72983585,3,2608232345,,2608232345,,,,,,,,,,,0.0,0.0
-5753279830124609145-2608232250-8,7175,2608232314,2608232315,3,,S,S1,Kirchheim(Teck)|Kirchheim(Teck)-Ötlingen|Wendlingen(Neckar)|Wernau(Neckar)|Plochingen|Altbach|Esslingen-Zell,8004528,Oberesslingen,Baden-Württemberg,Esslingen am Neckar,73730,9.327277435,48.72983585,3,2608232314,,2608232315,,,,,,,,,,,0.0,0.0
-5197983836264116534-2608232255-8,7172,2608232315,2608232315,4,,S,S1,Stuttgart Hbf|Stuttgart-Bad Cannstatt|Stuttgart Neckarpark|Stuttgart-Untertürkheim|Stuttgart-Obertürkheim|Esslingen-Mettingen|Esslingen(Neckar),8004528,Oberesslingen,Baden-Württemberg,Esslingen am Neckar,73730,9.327277435,48.72983585,3,2608232315,,2608232315,,,,,,,,,,,0.0,0.0
-3568010245526377395-2608232335-3,4239,2608232355,2608232356,4,,RE,RE5,Stuttgart Hbf|Esslingen(Neckar),8000302,Plochingen,Baden-Württemberg,Plochingen,73207,9.411294578,48.71293906,2,2608232357,,2608232359,,h,2,Störung,,,,,,,2.0,3.0
-4464931541841790379-2608232253-3,19367,2608232311,2608232312,9,,RE,MEX12,Stuttgart Hbf|Esslingen(Neckar),8000302,Plochingen,Baden-Württemberg,Plochingen,73207,9.411294578,48.71293906,2,2608232311,,2608232312,,h,2,Bauarbeiten,,,,,,,0.0,0.0
4705599029793291676-2608232320-5,7177,2608232335,2608232337,9,,S,S1,Kirchheim(Teck)|Kirchheim(Teck)-Ötlingen|Wendlingen(Neckar)|Wernau(Neckar),8000302,Plochingen,Baden-Württemberg,Plochingen,73207,9.411294578,48.71293906,2,2608232335,,2608232337,,,,,,,,,,,0.0,0.0
-4417689319907478142-2608232238-5,32568,2608232304,2608232305,1,,RE,RE5,Geislingen(Steige)|Gingen(Fils)|Eislingen(Fils)|Göppingen,8000302,Plochingen,Baden-Württemberg,Plochingen,73207,9.411294578,48.71293906,2,2608232307,,2608232308,,h,2,Störung,,,,,,,3.0,3.0
-4648549312800637119-2608232314-1,19250,,2608232314,,,RE,MEX18,,8000302,Plochingen,Baden-Württemberg,Plochingen,73207,9.411294578,48.71293906,2,,,2608232315,,h,2,Störung,,,,,,,0.0,1.0
-4165700884382640783-2608232316-7,19364,2608232347,2608232349,6,,RE,MEX12,Reutlingen Hbf|Metzingen(Württ)|Bempflingen|Nürtingen|Oberboihingen|Wendlingen(Neckar),8000302,Plochingen,Baden-Württemberg,Plochingen,73207,9.411294578,48.71293906,2,2608232347,6,2608232349,6,h,2,Bauarbeiten,,,,,,,0.0,0.0
-6275608324438357522-2608232325-11,7174,2608232353,2608232355,9,,S,S1,Stuttgart Hbf|Stuttgart-Bad Cannstatt|Stuttgart Neckarpark|Stuttgart-Untertürkheim|Stuttgart-Obertürkheim|Esslingen-Mettingen|Esslingen(Neckar)|Oberesslingen|Esslingen-Zell|Altbach,8000302,Plochingen,Baden-Württemberg,Plochingen,73207,9.411294578,48.71293906,2,2608232353,,2608232355,,,,,,,,,,,0.0,0.0
-5753279830124609145-2608232250-5,7175,2608232305,2608232307,9,,S,S1,Kirchheim(Teck)|Kirchheim(Teck)-Ötlingen|Wendlingen(Neckar)|Wernau(Neckar),8000302,Plochingen,Baden-Württemberg,Plochingen,73207,9.411294578,48.71293906,2,2608232305,,2608232307,,,,,,,,,,,0.0,0.0
-7007709070303320005-2608232303-4,19183,2608232326,2608232330,6,,ARV,MEX16,Stuttgart Hbf|Stuttgart-Bad Cannstatt|Esslingen(Neckar),8000302,Plochingen,Baden-Württemberg,Plochingen,73207,9.411294578,48.71293906,2,2608232326,,2608232333,,,,,,,,,,,0.0,3.0
-5197983836264116534-2608232255-11,7172,2608232323,2608232326,9,,S,S1,Stuttgart Hbf|Stuttgart-Bad Cannstatt|Stuttgart Neckarpark|Stuttgart-Untertürkheim|Stuttgart-Obertürkheim|Esslingen-Mettingen|Esslingen(Neckar)|Oberesslingen|Esslingen-Zell|Altbach,8000302,Plochingen,Baden-Württemberg,Plochingen,73207,9.411294578,48.71293906,2,2608232323,,2608232326,,,,,,,,,,,0.0,0.0
262818894561514456-2608232242-4,19181,2608232300,2608232300,4,,ARV,MEX16,Stuttgart Hbf|Stuttgart-Bad Cannstatt|Esslingen(Neckar),8000302,Plochingen,Baden-Württemberg,Plochingen,73207,9.411294578,48.71293906,2,2608232300,,2608232301,,,,,,,,,,,0.0,1.0
4481864889005584421-2608232320-3,19339,2608232342,,7,,RE,,Kornwestheim Pbf|Esslingen(Neckar),8000302,Plochingen,Baden-Württemberg,Plochingen,73207,9.411294578,48.71293906,2,2608232353,7,,,h,2,Störung,,,,,,,11.0,0.0
2788179078236926371-2608232310-6,19182,2608232328,2608232334,1,,ARV,MEX16,Göppingen|Faurndau|Uhingen|Ebersbach(Fils)|Reichenbach(Fils),8000302,Plochingen,Baden-Württemberg,Plochingen,73207,9.411294578,48.71293906,2,2608232329,,2608232334,,,,,,,,,,,1.0,0.0
-1473937929900876235-2608232313-13,19184,2608232357,2608232358,3,,ARV,MEX16,Geislingen(Steige)|Geislingen(Steige)West|Kuchen|Gingen(Fils)|Süßen|Salach|Eislingen(Fils)|Göppingen|Faurndau|Uhingen|Ebersbach(Fils)|Reichenbach(Fils),8000302,Plochingen,Baden-Württemberg,Plochingen,73207,9.411294578,48.71293906,2,2608232357,,2608232358,,,,,,,,,,,0.0,0.0
-6526775162747392382-2608232333-3,7677,2608232337,2608232341,2,,S,S6,Weil der Stadt|Malmsheim,8000313,Renningen,Baden-Württemberg,Renningen,71272,8.932650148,48.77515509,3,2608232338,,2608232341,,,,,,,,,,,1.0,0.0
5891323909249949515-2608232247-12,7670,2608232319,2608232322,3,,S,S6,Stuttgart Hbf|Stuttgart Nordbahnhof|Stuttgart-Feuerbach|Stuttgart-Zuffenhausen|Neuwirtshaus(Porscheplatz)|Korntal|Weilimdorf|Ditzingen|Höfingen|Leonberg|Rutesheim,8000313,Renningen,Baden-Württemberg,Renningen,71272,8.932650148,48.77515509,3,2608232319,,2608232323,,,,,,,,,,,0.0,1.0
3150370635624129361-2608232304-7,7073,2608232320,,2,,S,,Böblingen|Sindelfingen|Maichingen|Maichingen Nord|Magstadt|Renningen Süd,8000313,Renningen,Baden-Württemberg,Renningen,71272,8.932650148,48.77515509,3,2608232321,,,,,,,,,,,,,1.0,0.0
1851201085371332579-2608232339-1,7076,,2608232339,,,S,S60,,8000313,Renningen,Baden-Württemberg,Renningen,71272,8.932650148,48.77515509,3,,,2608232339,,,,,,,,,,,0.0,0.0
3929535977463866299-2608232334-7,7075,2608232350,,2,,S,,Böblingen|Sindelfingen|Maichingen|Maichingen Nord|Magstadt|Renningen Süd,8000313,Renningen,Baden-Württemberg,Renningen,71272,8.932650148,48.77515509,3,2608232350,,,,,,,,,,,,,0.0,0.0
-4547114169407799378-2608232303-3,7675,2608232307,2608232311,2,,S,S6,Weil der Stadt|Malmsheim,8000313,Renningen,Baden-Württemberg,Renningen,71272,8.932650148,48.77515509,3,2608232308,,2608232312,,,,,,,,,,,1.0,1.0
-3328654811997120273-2608232317-12,7672,2608232349,2608232352,3,,S,S6,Stuttgart Hbf|Stuttgart Nordbahnhof|Stuttgart-Feuerbach|Stuttgart-Zuffenhausen|Neuwirtshaus(Porscheplatz)|Korntal|Weilimdorf|Ditzingen|Höfingen|Leonberg|Rutesheim,8000313,Renningen,Baden-Württemberg,Renningen,71272,8.932650148,48.77515509,3,2608232350,,2608232352,,,,,,,,,,,1.0,0.0
7722730552485304498-2608232309-1,7074,,2608232309,,,S,S60,,8000313,Renningen,Baden-Württemberg,Renningen,71272,8.932650148,48.77515509,3,,,2608232309,,,,,,,,,,,0.0,0.0
-2344980071254063452-2608232250-7,7270,2608232307,2608232307,1,,S,S2,Stuttgart Hbf|Stuttgart-Bad Cannstatt|Stuttgart Nürnberger Str.|Stuttgart-Sommerrain|Fellbach|Waiblingen,8005157,Rommelshausen,Baden-Württemberg,Kernen,71394,9.319175885,48.81552017,4,2608232307,,2608232307,,h,1,Bauarbeiten,,,,,,,0.0,0.0
-6617041224126724026-2608232320-7,7272,2608232337,2608232337,1,,S,S2,Stuttgart Hbf|Stuttgart-Bad Cannstatt|Stuttgart Nürnberger Str.|Stuttgart-Sommerrain|Fellbach|Waiblingen,8005157,Rommelshausen,Baden-Württemberg,Kernen,71394,9.319175885,48.81552017,4,2608232339,,2608232340,,h,1,Bauarbeiten,,,,,,,2.0,3.0
-1263112065111090114-2608232328-9,7277,2608232351,2608232352,2,,S,S2,Schorndorf|Weiler(Rems)|Winterbach(b Schorndorf)|Geradstetten|Grunbach|Beutelsbach|Endersbach|Stetten-Beinstein,8005157,Rommelshausen,Baden-Württemberg,Kernen,71394,9.319175885,48.81552017,4,2608232351,,2608232352,,h,1,Bauarbeiten,,,,,,,0.0,0.0
1962327971982131461-2608232303-9,7275,2608232321,2608232322,2,,S,S2,Schorndorf|Weiler(Rems)|Winterbach(b Schorndorf)|Geradstetten|Grunbach|Beutelsbach|Endersbach|Stetten-Beinstein,8005157,Rommelshausen,Baden-Württemberg,Kernen,71394,9.319175885,48.81552017,4,2608232321,,2608232322,,h,1,Bauarbeiten,,,,,,,0.0,0.0
-6526775162747392382-2608232333-4,7677,2608232343,2608232344,1,,S,S6,Weil der Stadt|Malmsheim|Renningen,8005236,Rutesheim,Baden-Württemberg,Leonberg,71229,8.960325242,48.79031093,5,2608232343,,2608232344,,,,,,,,,,,0.0,0.0
5891323909249949515-2608232247-11,7670,2608232316,2608232316,2,,S,S6,Stuttgart Hbf|Stuttgart Nordbahnhof|Stuttgart-Feuerbach|Stuttgart-Zuffenhausen|Neuwirtshaus(Porscheplatz)|Korntal|Weilimdorf|Ditzingen|Höfingen|Leonberg,8005236,Rutesheim,Baden-Württemberg,Leonberg,71229,8.960325242,48.79031093,5,2608232316,,2608232317,,,,,,,,,,,0.0,1.0
-4547114169407799378-2608232303-4,7675,2608232313,2608232314,1,,S,S6,Weil der Stadt|Malmsheim|Renningen,8005236,Rutesheim,Baden-Württemberg,Leonberg,71229,8.960325242,48.79031093,5,2608232315,,2608232315,,,,,,,,,,,2.0,1.0
-3328654811997120273-2608232317-11,7672,2608232346,2608232346,2,,S,S6,Stuttgart Hbf|Stuttgart Nordbahnhof|Stuttgart-Feuerbach|Stuttgart-Zuffenhausen|Neuwirtshaus(Porscheplatz)|Korntal|Weilimdorf|Ditzingen|Höfingen|Leonberg,8005236,Rutesheim,Baden-Württemberg,Leonberg,71229,8.960325242,48.79031093,5,2608232347,,2608232347,,,,,,,,,,,1.0,1.0
-2344980071254063452-2608232250-15,7270,2608232325,,1,,S,,Stuttgart Hbf|Stuttgart-Bad Cannstatt|Stuttgart Nürnberger Str.|Stuttgart-Sommerrain|Fellbach|Waiblingen|Rommelshausen|Stetten-Beinstein|Endersbach|Beutelsbach|Grunbach|Geradstetten|Winterbach(b Schorndorf)|Weiler(Rems),8005424,Schorndorf,Baden-Württemberg,Schorndorf,73614,9.525686251,48.80693898,3,2608232324,14,,,h,1,Bauarbeiten,,,,,,,-1.0,0.0
-6617041224126724026-2608232320-15,7272,2608232355,,1,,S,,Stuttgart Hbf|Stuttgart-Bad Cannstatt|Stuttgart Nürnberger Str.|Stuttgart-Sommerrain|Fellbach|Waiblingen|Rommelshausen|Stetten-Beinstein|Endersbach|Beutelsbach|Grunbach|Geradstetten|Winterbach(b Schorndorf)|Weiler(Rems),8005424,Schorndorf,Baden-Württemberg,Schorndorf,73614,9.525686251,48.80693898,3,2608232356,,,,h,1,Bauarbeiten,,,,,,,1.0,0.0
4486633585369224848-2608232206-7,19687,2608232327,2608232329,2,,ARV,RE1,Karlsruhe Hbf|Karlsruhe-Durlach|Pforzheim Hbf|Mühlacker|Vaihingen(Enz)|Stuttgart Hbf,8005424,Schorndorf,Baden-Württemberg,Schorndorf,73614,9.525686251,48.80693898,3,2608232338,,2608232338,,h,2,Information,,,,,,,11.0,9.0
-1263112065111090114-2608232328-1,7277,,2608232328,,,S,S2,,8005424,Schorndorf,Baden-Württemberg,Schorndorf,73614,9.525686251,48.80693898,3,,,2608232328,1,h,1,Bauarbeiten,,,,,,,0.0,0.0
1962327971982131461-2608232303-1,7275,,2608232303,,,S,S2,,8005424,Schorndorf,Baden-Württemberg,Schorndorf,73614,9.525686251,48.80693898,3,,,2608232303,14,h,1,Bauarbeiten,,,,,,,0.0,0.0
851972923842418645-2608232152-17,19490,2608232313,2608232314,3,,ARV,MEX13,Crailsheim|Jagstzell|Ellwangen|Schrezheim|Schwabsberg|Goldshöfe|Hofen(b Aalen)|Wasseralfingen|Aalen Hbf|Mögglingen(Gmünd)|Böbingen(Rems)|Schwäbisch Gmünd|Lorch(Württ)|Waldhausen(b Schorndorf)|Plüderhausen|Urbach(b Schorndorf),8005424,Schorndorf,Baden-Württemberg,Schorndorf,73614,9.525686251,48.80693898,3,2608232322,,2608232323,,h,2,Störung,,,,,,,9.0,9.0
-578287023725178066-2608232320-4,19489,2608232343,2608232344,2,,ARV,MEX13,Stuttgart Hbf|Stuttgart-Bad Cannstatt|Waiblingen,8005424,Schorndorf,Baden-Württemberg,Schorndorf,73614,9.525686251,48.80693898,3,2608232348,,2608232348,,,,,,,,,,,5.0,4.0
-547796110281084784-2608232242-8,7370,2608232306,2608232306,2,,S,S3,Stuttgart Hbf|Stuttgart-Bad Cannstatt|Stuttgart Nürnberger Str.|Stuttgart-Sommerrain|Fellbach|Waiblingen|Neustadt-Hohenacker,8005454,Schwaikheim,Baden-Württemberg,Schwaikheim,71409,9.354747358,48.86832665,4,2608232306,,2608232306,,h,1,Störung,,,,,,,0.0,0.0
-2519407903994888306-2608232312-8,7372,2608232336,2608232336,2,,S,S3,Stuttgart Hbf|Stuttgart-Bad Cannstatt|Stuttgart Nürnberger Str.|Stuttgart-Sommerrain|Fellbach|Waiblingen|Neustadt-Hohenacker,8005454,Schwaikheim,Baden-Württemberg,Schwaikheim,71409,9.354747358,48.86832665,4,2608232336,,2608232352,,h,1,Störung,,,,,,,0.0,16.0
-7120372043677331542-2608232341-5,7377,2608232352,2608232353,1,,S,S3,Backnang|Maubach|Nellmersbach|Winnenden,8005454,Schwaikheim,Baden-Württemberg,Schwaikheim,71409,9.354747358,48.86832665,4,2608232353,,2608232354,,h,1,Störung,,,,,,,1.0,1.0
-4957905266396441447-2608232311-5,7375,2608232322,2608232323,1,,S,S3,Backnang|Maubach|Nellmersbach|Winnenden,8005454,Schwaikheim,Baden-Württemberg,Schwaikheim,71409,9.354747358,48.86832665,4,2608232324,,2608232325,,h,1,Störung,,,,,,,2.0,2.0
3150370635624129361-2608232304-2,7073,2608232306,2608232307,1,,S,S60,Böblingen,8005574,Sindelfingen,Baden-Württemberg,Sindelfingen,71063,8.999262079,48.70387346,6,2608232306,,2608232307,,,,,,,,,,,0.0,0.0
1851201085371332579-2608232339-6,7076,2608232352,2608232353,1,,S,S60,Renningen|Renningen Süd|Magstadt|Maichingen Nord|Maichingen,8005574,Sindelfingen,Baden-Württemberg,Sindelfingen,71063,8.999262079,48.70387346,6,2608232352,,2608232353,,,,,,,,,,,0.0,0.0
3929535977463866299-2608232334-2,7075,2608232336,2608232337,1,,S,S60,Böblingen,8005574,Sindelfingen,Baden-Württemberg,Sindelfingen,71063,8.999262079,48.70387346,6,2608232336,,2608232337,,,,,,,,,,,0.0,0.0
7722730552485304498-2608232309-6,7074,2608232322,2608232323,1,,S,S60,Renningen|Renningen Süd|Magstadt|Maichingen Nord|Maichingen,8005574,Sindelfingen,Baden-Württemberg,Sindelfingen,71063,8.999262079,48.70387346,6,2608232322,,2608232323,,,,,,,,,,,0.0,0.0
-2344980071254063452-2608232250-8,7270,2608232309,2608232309,1,,S,S2,Stuttgart Hbf|Stuttgart-Bad Cannstatt|Stuttgart Nürnberger Str.|Stuttgart-Sommerrain|Fellbach|Waiblingen|Rommelshausen,8005726,Stetten-Beinstein,Baden-Württemberg,Weinstadt,71384,9.352769725,48.81199601,5,2608232309,,2608232309,,h,1,Bauarbeiten,,,,,,,0.0,0.0
-6617041224126724026-2608232320-8,7272,2608232339,2608232339,1,,S,S2,Stuttgart Hbf|Stuttgart-Bad Cannstatt|Stuttgart Nürnberger Str.|Stuttgart-Sommerrain|Fellbach|Waiblingen|Rommelshausen,8005726,Stetten-Beinstein,Baden-Württemberg,Weinstadt,71384,9.352769725,48.81199601,5,2608232342,,2608232342,,h,1,Bauarbeiten,,,,,,,3.0,3.0
-1263112065111090114-2608232328-8,7277,2608232349,2608232349,2,,S,S2,Schorndorf|Weiler(Rems)|Winterbach(b Schorndorf)|Geradstetten|Grunbach|Beutelsbach|Endersbach,8005726,Stetten-Beinstein,Baden-Württemberg,Weinstadt,71384,9.352769725,48.81199601,5,2608232349,,2608232349,,h,1,Bauarbeiten,,,,,,,0.0,0.0
1962327971982131461-2608232303-8,7275,2608232319,2608232319,2,,S,S2,Schorndorf|Weiler(Rems)|Winterbach(b Schorndorf)|Geradstetten|Grunbach|Beutelsbach|Endersbach,8005726,Stetten-Beinstein,Baden-Württemberg,Weinstadt,71384,9.352769725,48.81199601,5,2608232319,,2608232319,,h,1,Bauarbeiten,,,,,,,0.0,0.0
1545875388134255836-2608232255-10,7473,2608232325,,1,,S,,Marbach(Neckar)|Benningen(Neckar)|Freiberg(Neckar)|Favoritepark|Ludwigsburg|Kornwestheim Pbf|Stuttgart-Zuffenhausen|Stuttgart-Feuerbach|Stuttgart Nordbahnhof,8000096,Stuttgart Hbf,Baden-Württemberg,Stuttgart,70173,9.183172973,48.78473069,1,2608232325,,,,,,,,,,,,,0.0,0.0
-6309040329427903805-2608232233-15,7273,2608232310,,3,,S,,Schorndorf|Weiler(Rems)|Winterbach(b Schorndorf)|Geradstetten|Grunbach|Beutelsbach|Endersbach|Stetten-Beinstein|Rommelshausen|Waiblingen|Fellbach|Stuttgart-Sommerrain|Stuttgart Nürnberger Str.|Stuttgart-Bad Cannstatt,8000096,Stuttgart Hbf,Baden-Württemberg,Stuttgart,70173,9.183172973,48.78473069,1,2608232310,,,,h,1,Bauarbeiten,,,,,,,0.0,0.0
-3024751796155966495-2608232327-1,88651,,2608232327,,,ARV,RE90,,8000096,Stuttgart Hbf,Baden-Württemberg,Stuttgart,70173,9.183172973,48.78473069,1,,,2608232341,,,,,,,,,,,0.0,14.0
-924266248706315035-2608232325-1,52387,,2608232325,,,RE,IC87,,8000096,Stuttgart Hbf,Baden-Württemberg,Stuttgart,70173,9.183172973,48.78473069,1,,,2608232325,,h,2,Information,,,,,,,0.0,0.0
4235977593412169897-2608232342-1,7374,,2608232342,,,S,S3,,8000096,Stuttgart Hbf,Baden-Württemberg,Stuttgart,70173,9.183172973,48.78473069,1,,,2608232342,,h,1,Störung,,,,,,,0.0,0.0
-5177110216702378413-2608232216-10,19360,2608232312,,8,,RE,,Reutlingen Hbf|Metzingen(Württ)|Bempflingen|Nürtingen|Oberboihingen|Wendlingen(Neckar)|Plochingen|Esslingen(Neckar)|Stuttgart-Bad Cannstatt,8000096,Stuttgart Hbf,Baden-Württemberg,Stuttgart,70173,9.183172973,48.78473069,1,2608232312,,,,h,2,Bauarbeiten,,,,,,,0.0,0.0
-3568010245526377395-2608232335-1,4239,,2608232335,,,RE,RE5,,8000096,Stuttgart Hbf,Baden-Württemberg,Stuttgart,70173,9.183172973,48.78473069,1,,,2608232338,12,h,2,Störung,,,,,,,0.0,3.0
-6617041224126724026-2608232320-1,7272,,2608232320,,,S,S2,,8000096,Stuttgart Hbf,Baden-Württemberg,Stuttgart,70173,9.183172973,48.78473069,1,,,2608232320,,h,1,Bauarbeiten,,,,,,,0.0,0.0
5733563224153092938-2608232303-14,7475,2608232355,,2,,S,,Backnang|Burgstall(Murr)|Kirchberg(Murr)|Erdmannhausen|Marbach(Neckar)|Benningen(Neckar)|Freiberg(Neckar)|Favoritepark|Ludwigsburg|Kornwestheim Pbf|Stuttgart-Zuffenhausen|Stuttgart-Feuerbach|Stuttgart Nordbahnhof,8000096,Stuttgart Hbf,Baden-Württemberg,Stuttgart,70173,9.183172973,48.78473069,1,2608232355,,,,,,,,,,,,,0.0,0.0
6265651251282179819-2608232216-16,19180,2608232316,,12,,ARV,,Geislingen(Steige)|Geislingen(Steige)West|Kuchen|Gingen(Fils)|Süßen|Salach|Eislingen(Fils)|Göppingen|Faurndau|Uhingen|Ebersbach(Fils)|Reichenbach(Fils)|Plochingen|Esslingen(Neckar)|Stuttgart-Bad Cannstatt,8000096,Stuttgart Hbf,Baden-Württemberg,Stuttgart,70173,9.183172973,48.78473069,1,2608232316,14,,,,,,,,,,,,0.0,0.0
-2514579921730197184-2608232036-22,89690,2608232303,,9,,ARV,,Nürnberg Hbf|Roßtal|Heilsbronn|Wicklesgreuth|Ansbach|Leutershausen-Wiedersbach|Dombühl|Schnelldorf|Crailsheim|Eckartshausen-Ilshofen|Schwäbisch Hall-Hessental|Gaildorf West|Fichtenberg|Fornsbach|Murrhardt|Sulzbach(Murr)|Oppenweiler(Württ)|Backnang|Winnenden|Waiblingen|Stuttgart-Bad Cannstatt,8000096,Stuttgart Hbf,Baden-Württemberg,Stuttgart,70173,9.183172973,48.78473069,1,2608232352,,,,h,2,Information,,,Nürnberg Hbf|Roßtal|Heilsbronn|Wicklesgreuth|Ansbach|Leutershausen-Wiedersbach|Dombühl|Schnelldorf|Crailsheim|Eckartshausen-Ilshofen|Schwäbisch Hall-Hessental|Gaildorf West|Fichtenberg|Fornsbach|Murrhardt|Sulzbach(Murr)|Oppenweiler(Württ)|Backnang|Winnenden|Waiblingen|Stuttgart-Bad Cannstatt,,,,49.0,0.0
4486633585369224848-2608232206-6,19687,2608232259,2608232306,15,,ARV,RE1,Karlsruhe Hbf|Karlsruhe-Durlach|Pforzheim Hbf|Mühlacker|Vaihingen(Enz),8000096,Stuttgart Hbf,Baden-Württemberg,Stuttgart,70173,9.183172973,48.78473069,1,2608232307,,2608232313,,h,2,Information,,,,,,,8.0,7.0
7251830197396160216-2608232347-1,7674,,2608232347,,,S,S6,,8000096,Stuttgart Hbf,Baden-Württemberg,Stuttgart,70173,9.183172973,48.78473069,1,,,2608232347,,,,,,,,,,,0.0,0.0
2549669235541620341-2608232246-6,7573,2608232305,,1,,S,,Ludwigsburg|Kornwestheim Pbf|Stuttgart-Zuffenhausen|Stuttgart-Feuerbach|Stuttgart Nordbahnhof,8000096,Stuttgart Hbf,Baden-Württemberg,Stuttgart,70173,9.183172973,48.78473069,1,2608232305,,,,h,2,Bauarbeiten,,,,,,,0.0,0.0
-1749959168913802135-2608232325-1,2387,,2608232325,,,IC,,,8000096,Stuttgart Hbf,Baden-Württemberg,Stuttgart,70173,9.183172973,48.78473069,1,,,2608232325,,h,2,Information,,,,,,,0.0,0.0
-4417689319907478142-2608232238-7,32568,2608232325,,14,,RE,,Geislingen(Steige)|Gingen(Fils)|Eislingen(Fils)|Göppingen|Plochingen|Esslingen(Neckar),8000096,Stuttgart Hbf,Baden-Württemberg,Stuttgart,70173,9.183172973,48.78473069,1,2608232327,12,,,h,2,Störung,,,,,,,2.0,0.0
-4648549312800637119-2608232314-4,19250,2608232332,,9,,RE,,Plochingen|Esslingen(Neckar)|Stuttgart-Bad Cannstatt,8000096,Stuttgart Hbf,Baden-Württemberg,Stuttgart,70173,9.183172973,48.78473069,1,2608232338,,,,h,2,Störung,,,,,,,6.0,0.0
6578504014529649907-2608232316-6,7575,2608232335,,2,,S,,Ludwigsburg|Kornwestheim Pbf|Stuttgart-Zuffenhausen|Stuttgart-Feuerbach|Stuttgart Nordbahnhof,8000096,Stuttgart Hbf,Baden-Württemberg,Stuttgart,70173,9.183172973,48.78473069,1,2608232335,,,,h,2,Bauarbeiten,,,,,,,0.0,0.0
-6065798673451795825-2608232350-1,7274,,2608232350,,,S,S2,,8000096,Stuttgart Hbf,Baden-Württemberg,Stuttgart,70173,9.183172973,48.78473069,1,,,2608232350,,h,1,Bauarbeiten,,,,,,,0.0,0.0
4747644076881825118-2608232149-5,1060,2608232342,,10,,ICE,,München Hbf|München-Pasing|Augsburg Hbf|Ulm Hbf,8000096,Stuttgart Hbf,Baden-Württemberg,Stuttgart,70173,9.183172973,48.78473069,1,2608232343,11,,,,,,,,,,,,1.0,0.0
1962327971982131461-2608232303-15,7275,2608232340,,3,,S,,Schorndorf|Weiler(Rems)|Winterbach(b Schorndorf)|Geradstetten|Grunbach|Beutelsbach|Endersbach|Stetten-Beinstein|Rommelshausen|Waiblingen|Fellbach|Stuttgart-Sommerrain|Stuttgart Nürnberger Str.|Stuttgart-Bad Cannstatt,8000096,Stuttgart Hbf,Baden-Württemberg,Stuttgart,70173,9.183172973,48.78473069,1,2608232340,,,,h,1,Bauarbeiten,,,,,,,0.0,0.0
-6275608324438357522-2608232325-1,7174,,2608232325,,,S,S1,,8000096,Stuttgart Hbf,Baden-Württemberg,Stuttgart,70173,9.183172973,48.78473069,1,,,2608232325,5,,,,,,,,,,0.0,0.0
-5753279830124609145-2608232250-15,7175,2608232335,,4,,S,,Kirchheim(Teck)|Kirchheim(Teck)-Ötlingen|Wendlingen(Neckar)|Wernau(Neckar)|Plochingen|Altbach|Esslingen-Zell|Oberesslingen|Esslingen(Neckar)|Esslingen-Mettingen|Stuttgart-Obertürkheim|Stuttgart-Untertürkheim|Stuttgart Neckarpark|Stuttgart-Bad Cannstatt,8000096,Stuttgart Hbf,Baden-Württemberg,Stuttgart,70173,9.183172973,48.78473069,1,2608232335,,,,,,,,,,,,,0.0,0.0
-2519407903994888306-2608232312-1,7372,,2608232312,,,S,S3,,8000096,Stuttgart Hbf,Baden-Württemberg,Stuttgart,70173,9.183172973,48.78473069,1,,,2608232312,,h,1,Störung,,,,,,,0.0,0.0
6070629116344169766-2608232228-10,4774,2608232343,,5,,RB,,Oberndorf(Neckar)|Horb|Eutingen im Gäu|Ergenzingen|Bondorf(b Herrenberg)|Gäufelden|Herrenberg|Böblingen|Stuttgart-Vaihingen,8000096,Stuttgart Hbf,Baden-Württemberg,Stuttgart,70173,9.183172973,48.78473069,1,2608232348,,,,,,,,,,,,,5.0,0.0
851972923842418645-2608232152-20,19490,2608232339,,14,,ARV,,Crailsheim|Jagstzell|Ellwangen|Schrezheim|Schwabsberg|Goldshöfe|Hofen(b Aalen)|Wasseralfingen|Aalen Hbf|Mögglingen(Gmünd)|Böbingen(Rems)|Schwäbisch Gmünd|Lorch(Württ)|Waldhausen(b Schorndorf)|Plüderhausen|Urbach(b Schorndorf)|Schorndorf|Waiblingen|Stuttgart-Bad Cannstatt,8000096,Stuttgart Hbf,Baden-Württemberg,Stuttgart,70173,9.183172973,48.78473069,1,2608232346,,,,h,2,Störung,,,,,,,7.0,0.0
-7007709070303320005-2608232303-1,19183,,2608232303,,,ARV,MEX16,,8000096,Stuttgart Hbf,Baden-Württemberg,Stuttgart,70173,9.183172973,48.78473069,1,,,2608232305,,,,,,,,,,,0.0,2.0
-8147093115275959137-2608232232-7,19035,2608232325,,6,,ARV,,Karlsruhe Hbf|Karlsruhe-Durlach|Wilferdingen-Singen|Pforzheim Hbf|Mühlacker|Vaihingen(Enz),8000096,Stuttgart Hbf,Baden-Württemberg,Stuttgart,70173,9.183172973,48.78473069,1,2608232327,8,,,h,2,Information,,,,,,,2.0,0.0
-5842345505256526084-2608232357-1,7576,,2608232357,,,S,S5,,8000096,Stuttgart Hbf,Baden-Württemberg,Stuttgart,70173,9.183172973,48.78473069,1,,,2608232357,,h,2,Bauarbeiten,,,,,,,0.0,0.0
-3862696523251175756-2608232220-15,7173,2608232305,,4,,S,,Kirchheim(Teck)|Kirchheim(Teck)-Ötlingen|Wendlingen(Neckar)|Wernau(Neckar)|Plochingen|Altbach|Esslingen-Zell|Oberesslingen|Esslingen(Neckar)|Esslingen-Mettingen|Stuttgart-Obertürkheim|Stuttgart-Untertürkheim|Stuttgart Neckarpark|Stuttgart-Bad Cannstatt,8000096,Stuttgart Hbf,Baden-Württemberg,Stuttgart,70173,9.183172973,48.78473069,1,2608232305,,,,,,,,,,,,,0.0,0.0
6962993513256562528-2608232342-1,19185,,2608232342,,,ARV,MEX16,,8000096,Stuttgart Hbf,Baden-Württemberg,Stuttgart,70173,9.183172973,48.78473069,1,,,2608232343,14,,,,,,,,,,0.0,1.0
-4547114169407799378-2608232303-14,7675,2608232345,,1,,S,,Weil der Stadt|Malmsheim|Renningen|Rutesheim|Leonberg|Höfingen|Ditzingen|Weilimdorf|Korntal|Neuwirtshaus(Porscheplatz)|Stuttgart-Zuffenhausen|Stuttgart-Feuerbach|Stuttgart Nordbahnhof,8000096,Stuttgart Hbf,Baden-Württemberg,Stuttgart,70173,9.183172973,48.78473069,1,2608232345,,,,,,,,,,,,,0.0,0.0
-3328654811997120273-2608232317-1,7672,,2608232317,,,S,S6,,8000096,Stuttgart Hbf,Baden-Württemberg,Stuttgart,70173,9.183172973,48.78473069,1,,,2608232318,,,,,,,,,,,0.0,1.0
3008894599226717977-2608232337-1,7472,,2608232337,,,S,S4,,8000096,Stuttgart Hbf,Baden-Württemberg,Stuttgart,70173,9.183172973,48.78473069,1,,,2608232337,,,,,,,,,,,0.0,0.0
-674299633319716956-2608232327-1,7574,,2608232327,,,S,S5,,8000096,Stuttgart Hbf,Baden-Württemberg,Stuttgart,70173,9.183172973,48.78473069,1,,,2608232327,,h,2,Bauarbeiten,,,,,,,0.0,0.0
6181068125164198804-2608232355-1,7176,,2608232355,,,S,S1,,8000096,Stuttgart Hbf,Baden-Württemberg,Stuttgart,70173,9.183172973,48.78473069,1,,,2608232355,,,,,,,,,,,0.0,0.0
-578287023725178066-2608232320-1,19489,,2608232320,,,ARV,MEX13,,8000096,Stuttgart Hbf,Baden-Württemberg,Stuttgart,70173,9.183172973,48.78473069,1,,,2608232320,12,,,,,,,,,,0.0,0.0
-8768743806902916019-2608232233-14,7673,2608232315,,2,,S,,Weil der Stadt|Malmsheim|Renningen|Rutesheim|Leonberg|Höfingen|Ditzingen|Weilimdorf|Korntal|Neuwirtshaus(Porscheplatz)|Stuttgart-Zuffenhausen|Stuttgart-Feuerbach|Stuttgart Nordbahnhof,8000096,Stuttgart Hbf,Baden-Württemberg,Stuttgart,70173,9.183172973,48.78473069,1,2608232315,,,,,,,,,,,,,0.0,0.0
-4957905266396441447-2608232311-12,7375,2608232347,,4,,S,,Backnang|Maubach|Nellmersbach|Winnenden|Schwaikheim|Neustadt-Hohenacker|Waiblingen|Fellbach|Stuttgart-Sommerrain|Stuttgart Nürnberger Str.|Stuttgart-Bad Cannstatt,8000096,Stuttgart Hbf,Baden-Württemberg,Stuttgart,70173,9.183172973,48.78473069,1,2608232347,,,,h,1,Störung,,,,,,,0.0,0.0
7894190401518258960-2608232202-4,19686,2608232250,2608232313,10,,ARV,RE1,Aalen Hbf|Schwäbisch Gmünd|Schorndorf,8000096,Stuttgart Hbf,Baden-Württemberg,Stuttgart,70173,9.183172973,48.78473069,1,2608232252,,2608232314,,h,2,Information,,,,,,,2.0,1.0
2788179078236926371-2608232310-9,19182,2608232350,,13,,ARV,,Göppingen|Faurndau|Uhingen|Ebersbach(Fils)|Reichenbach(Fils)|Plochingen|Esslingen(Neckar)|Stuttgart-Bad Cannstatt,8000096,Stuttgart Hbf,Baden-Württemberg,Stuttgart,70173,9.183172973,48.78473069,1,2608232354,,,,,,,,,,,,,4.0,0.0
4835106484250607918-2608231533-13,2595,2608232311,,15,,ICE,,Hamburg Hbf|Ludwigslust|Wittenberge|Berlin Hbf|Berlin Südkreuz|Lutherstadt Wittenberg Hbf|Leipzig Hbf|Erfurt Hbf|Eisenach Hbf|Fulda|Frankfurt(Main)Hbf|Mannheim Hbf,8000096,Stuttgart Hbf,Baden-Württemberg,Stuttgart,70173,9.183172973,48.78473069,1,2608232338,,,,h,3,Information,,,,,,,27.0,0.0
-2279373399383894760-2608232241-12,7373,2608232317,,4,,S,,Backnang|Maubach|Nellmersbach|Winnenden|Schwaikheim|Neustadt-Hohenacker|Waiblingen|Fellbach|Stuttgart-Sommerrain|Stuttgart Nürnberger Str.|Stuttgart-Bad Cannstatt,8000096,Stuttgart Hbf,Baden-Württemberg,Stuttgart,70173,9.183172973,48.78473069,1,2608232321,5,,,,,,,,,,,,4.0,0.0
5844079694201012734-2608232307-1,7470,,2608232307,,,S,S4,,8000096,Stuttgart Hbf,Baden-Württemberg,Stuttgart,70173,9.183172973,48.78473069,1,,,2608232307,,,,,,,,,,,0.0,0.0
4705599029793291676-2608232320-13,7177,2608232357,2608232357,1,,S,S1,Kirchheim(Teck)|Kirchheim(Teck)-Ötlingen|Wendlingen(Neckar)|Wernau(Neckar)|Plochingen|Altbach|Esslingen-Zell|Oberesslingen|Esslingen(Neckar)|Esslingen-Mettingen|Stuttgart-Obertürkheim|Stuttgart-Untertürkheim,8006743,Stuttgart Neckarpark,Baden-Württemberg,Stuttgart,70372,9.24106855,48.79194362,4,2608232357,,2608232357,,,,,,,,,,,0.0,0.0
-6275608324438357522-2608232325-3,7174,2608232332,2608232332,2,,S,S1,Stuttgart Hbf|Stuttgart-Bad Cannstatt,8006743,Stuttgart Neckarpark,Baden-Württemberg,Stuttgart,70372,9.24106855,48.79194362,4,2608232333,,2608232333,,,,,,,,,,,1.0,1.0
-5753279830124609145-2608232250-13,7175,2608232327,2608232327,1,,S,S1,Kirchheim(Teck)|Kirchheim(Teck)-Ötlingen|Wendlingen(Neckar)|Wernau(Neckar)|Plochingen|Altbach|Esslingen-Zell|Oberesslingen|Esslingen(Neckar)|Esslingen-Mettingen|Stuttgart-Obertürkheim|Stuttgart-Untertürkheim,8006743,Stuttgart Neckarpark,Baden-Württemberg,Stuttgart,70372,9.24106855,48.79194362,4,2608232327,,2608232327,,,,,,,,,,,0.0,0.0
-5197983836264116534-2608232255-3,7172,2608232302,2608232302,2,,S,S1,Stuttgart Hbf|Stuttgart-Bad Cannstatt,8006743,Stuttgart Neckarpark,Baden-Württemberg,Stuttgart,70372,9.24106855,48.79194362,4,2608232302,,2608232303,,,,,,,,,,,0.0,1.0
1545875388134255836-2608232255-9,7473,2608232319,2608232321,4,,S,S4,Marbach(Neckar)|Benningen(Neckar)|Freiberg(Neckar)|Favoritepark|Ludwigsburg|Kornwestheim Pbf|Stuttgart-Zuffenhausen|Stuttgart-Feuerbach,8005767,Stuttgart Nord,Baden-Württemberg,Stuttgard-Nord,70174,9.188061449,48.80374161,5,2608232319,,2608232321,,,,,,,,,,,0.0,0.0
5733563224153092938-2608232303-13,7475,2608232349,2608232351,4,,S,S4,Backnang|Burgstall(Murr)|Kirchberg(Murr)|Erdmannhausen|Marbach(Neckar)|Benningen(Neckar)|Freiberg(Neckar)|Favoritepark|Ludwigsburg|Kornwestheim Pbf|Stuttgart-Zuffenhausen|Stuttgart-Feuerbach,8005767,Stuttgart Nord,Baden-Württemberg,Stuttgard-Nord,70174,9.188061449,48.80374161,5,2608232349,,2608232352,,,,,,,,,,,0.0,1.0
7251830197396160216-2608232347-2,7674,2608232350,2608232352,3,,S,S6,Stuttgart Hbf,8005767,Stuttgart Nord,Baden-Württemberg,Stuttgard-Nord,70174,9.188061449,48.80374161,5,2608232351,,2608232352,,,,,,,,,,,1.0,0.0
2549669235541620341-2608232246-5,7573,2608232259,2608232301,4,,S,S5,Ludwigsburg|Kornwestheim Pbf|Stuttgart-Zuffenhausen|Stuttgart-Feuerbach,8005767,Stuttgart Nord,Baden-Württemberg,Stuttgard-Nord,70174,9.188061449,48.80374161,5,2608232259,,2608232301,,h,2,Bauarbeiten,,,,,,,0.0,0.0
1185018983986773480-2608232346-5,7577,2608232359,2608240001,4,,S,S5,Ludwigsburg|Kornwestheim Pbf|Stuttgart-Zuffenhausen|Stuttgart-Feuerbach,8005767,Stuttgart Nord,Baden-Württemberg,Stuttgard-Nord,70174,9.188061449,48.80374161,5,2608232359,,2608240001,,h,2,Bauarbeiten,,,,,,,0.0,0.0
6578504014529649907-2608232316-5,7575,2608232329,2608232331,4,,S,S5,Ludwigsburg|Kornwestheim Pbf|Stuttgart-Zuffenhausen|Stuttgart-Feuerbach,8005767,Stuttgart Nord,Baden-Württemberg,Stuttgard-Nord,70174,9.188061449,48.80374161,5,2608232329,,2608232331,,h,2,Bauarbeiten,,,,,,,0.0,0.0
-3011188424747458948-2608232257-2,7572,2608232300,2608232301,3,,S,S5,Stuttgart Hbf,8005767,Stuttgart Nord,Baden-Württemberg,Stuttgard-Nord,70174,9.188061449,48.80374161,5,2608232302,,2608232302,,h,2,Bauarbeiten,,,,,,,2.0,1.0
-4547114169407799378-2608232303-13,7675,2608232339,2608232341,4,,S,S6,Weil der Stadt|Malmsheim|Renningen|Rutesheim|Leonberg|Höfingen|Ditzingen|Weilimdorf|Korntal|Neuwirtshaus(Porscheplatz)|Stuttgart-Zuffenhausen|Stuttgart-Feuerbach,8005767,Stuttgart Nord,Baden-Württemberg,Stuttgard-Nord,70174,9.188061449,48.80374161,5,2608232339,,2608232341,,,,,,,,,,,0.0,0.0
-3328654811997120273-2608232317-2,7672,2608232320,2608232322,3,,S,S6,Stuttgart Hbf,8005767,Stuttgart Nord,Baden-Württemberg,Stuttgard-Nord,70174,9.188061449,48.80374161,5,2608232321,,2608232322,,,,,,,,,,,1.0,0.0
3008894599226717977-2608232337-2,7472,2608232340,2608232341,3,,S,S4,Stuttgart Hbf,8005767,Stuttgart Nord,Baden-Württemberg,Stuttgard-Nord,70174,9.188061449,48.80374161,5,2608232341,,2608232342,,,,,,,,,,,1.0,1.0
-674299633319716956-2608232327-2,7574,2608232330,2608232331,3,,S,S5,Stuttgart Hbf,8005767,Stuttgart Nord,Baden-Württemberg,Stuttgard-Nord,70174,9.188061449,48.80374161,5,2608232330,,2608232331,,h,2,Bauarbeiten,,,,,,,0.0,0.0
-8768743806902916019-2608232233-13,7673,2608232309,2608232311,4,,S,S6,Weil der Stadt|Malmsheim|Renningen|Rutesheim|Leonberg|Höfingen|Ditzingen|Weilimdorf|Korntal|Neuwirtshaus(Porscheplatz)|Stuttgart-Zuffenhausen|Stuttgart-Feuerbach,8005767,Stuttgart Nord,Baden-Württemberg,Stuttgard-Nord,70174,9.188061449,48.80374161,5,2608232309,,2608232311,,,,,,,,,,,0.0,0.0
5844079694201012734-2608232307-2,7470,2608232310,2608232311,3,,S,S4,Stuttgart Hbf,8005767,Stuttgart Nord,Baden-Württemberg,Stuttgard-Nord,70174,9.188061449,48.80374161,5,2608232310,,2608232311,,,,,,,,,,,0.0,0.0
-6309040329427903805-2608232233-13,7273,2608232302,2608232303,1,,S,S2,Schorndorf|Weiler(Rems)|Winterbach(b Schorndorf)|Geradstetten|Grunbach|Beutelsbach|Endersbach|Stetten-Beinstein|Rommelshausen|Waiblingen|Fellbach|Stuttgart-Sommerrain,8004357,Stuttgart Nürnberger Straße,Baden-Württemberg,Stuttgart,70374,9.234576905,48.80656062,5,2608232302,,2608232303,,h,1,Bauarbeiten,,,,,,,0.0,0.0
4235977593412169897-2608232342-3,7374,2608232352,2608232352,4,,S,S3,Stuttgart Hbf|Stuttgart-Bad Cannstatt,8004357,Stuttgart Nürnberger Straße,Baden-Württemberg,Stuttgart,70374,9.234576905,48.80656062,5,2608232352,,2608232352,,h,1,Störung,,,,,,,0.0,0.0
-6617041224126724026-2608232320-3,7272,2608232327,2608232327,4,,S,S2,Stuttgart Hbf|Stuttgart-Bad Cannstatt,8004357,Stuttgart Nürnberger Straße,Baden-Württemberg,Stuttgart,70374,9.234576905,48.80656062,5,2608232328,,2608232328,,h,1,Bauarbeiten,,,,,,,1.0,1.0
-6065798673451795825-2608232350-3,7274,2608232357,2608232357,4,,S,S2,Stuttgart Hbf|Stuttgart-Bad Cannstatt,8004357,Stuttgart Nürnberger Straße,Baden-Württemberg,Stuttgart,70374,9.234576905,48.80656062,5,2608232357,,2608232357,,h,1,Bauarbeiten,,,,,,,0.0,0.0
1962327971982131461-2608232303-13,7275,2608232332,2608232333,1,,S,S2,Schorndorf|Weiler(Rems)|Winterbach(b Schorndorf)|Geradstetten|Grunbach|Beutelsbach|Endersbach|Stetten-Beinstein|Rommelshausen|Waiblingen|Fellbach|Stuttgart-Sommerrain,8004357,Stuttgart Nürnberger Straße,Baden-Württemberg,Stuttgart,70374,9.234576905,48.80656062,5,2608232332,,2608232333,,h,1,Bauarbeiten,,,,,,,0.0,0.0
-2519407903994888306-2608232312-3,7372,2608232322,2608232322,4,,S,S3,Stuttgart Hbf|Stuttgart-Bad Cannstatt,8004357,Stuttgart Nürnberger Straße,Baden-Württemberg,Stuttgart,70374,9.234576905,48.80656062,5,2608232322,,2608232322,,h,1,Störung,,,,,,,0.0,0.0
-4957905266396441447-2608232311-10,7375,2608232337,2608232338,1,,S,S3,Backnang|Maubach|Nellmersbach|Winnenden|Schwaikheim|Neustadt-Hohenacker|Waiblingen|Fellbach|Stuttgart-Sommerrain,8004357,Stuttgart Nürnberger Straße,Baden-Württemberg,Stuttgart,70374,9.234576905,48.80656062,5,2608232337,,2608232338,,h,1,Störung,,,,,,,0.0,0.0
-2279373399383894760-2608232241-10,7373,2608232307,2608232308,1,,S,S3,Backnang|Maubach|Nellmersbach|Winnenden|Schwaikheim|Neustadt-Hohenacker|Waiblingen|Fellbach|Stuttgart-Sommerrain,8004357,Stuttgart Nürnberger Straße,Baden-Württemberg,Stuttgart,70374,9.234576905,48.80656062,5,2608232307,,2608232308,,,,,,,,,,,0.0,0.0
-6309040329427903805-2608232233-14,7273,2608232305,2608232306,2,,S,S2,Schorndorf|Weiler(Rems)|Winterbach(b Schorndorf)|Geradstetten|Grunbach|Beutelsbach|Endersbach|Stetten-Beinstein|Rommelshausen|Waiblingen|Fellbach|Stuttgart-Sommerrain|Stuttgart Nürnberger Str.,8005769,Stuttgart-Bad Cannstatt,Baden-Württemberg,Stuttgart,70372,9.217468636,48.80127978,3,2608232305,,2608232306,,h,1,Bauarbeiten,,,,,,,0.0,0.0
-3024751796155966495-2608232327-2,88651,2608232330,2608232331,7,,ARV,RE90,Stuttgart Hbf,8005769,Stuttgart-Bad Cannstatt,Baden-Württemberg,Stuttgart,70372,9.217468636,48.80127978,3,2608232344,,2608232345,,,,,,,,,p,p,14.0,14.0
4235977593412169897-2608232342-2,7374,2608232346,2608232349,3,,S,S3,Stuttgart Hbf,8005769,Stuttgart-Bad Cannstatt,Baden-Württemberg,Stuttgart,70372,9.217468636,48.80127978,3,2608232347,,2608232349,,h,1,Störung,,,,,,,1.0,0.0
-5177110216702378413-2608232216-9,19360,2608232302,2608232308,5,,RE,MEX12,Reutlingen Hbf|Metzingen(Württ)|Bempflingen|Nürtingen|Oberboihingen|Wendlingen(Neckar)|Plochingen|Esslingen(Neckar),8005769,Stuttgart-Bad Cannstatt,Baden-Württemberg,Stuttgart,70372,9.217468636,48.80127978,3,2608232302,,2608232309,,h,2,Bauarbeiten,,,,,,,0.0,1.0
-6617041224126724026-2608232320-2,7272,2608232324,2608232324,3,,S,S2,Stuttgart Hbf,8005769,Stuttgart-Bad Cannstatt,Baden-Württemberg,Stuttgart,70372,9.217468636,48.80127978,3,2608232325,,2608232325,,h,1,Bauarbeiten,,,,,,,1.0,1.0
6265651251282179819-2608232216-15,19180,2608232312,2608232312,5,,ARV,MEX16,Geislingen(Steige)|Geislingen(Steige)West|Kuchen|Gingen(Fils)|Süßen|Salach|Eislingen(Fils)|Göppingen|Faurndau|Uhingen|Ebersbach(Fils)|Reichenbach(Fils)|Plochingen|Esslingen(Neckar),8005769,Stuttgart-Bad Cannstatt,Baden-Württemberg,Stuttgart,70372,9.217468636,48.80127978,3,2608232312,,2608232312,,,,,,,,,,,0.0,0.0
-2514579921730197184-2608232036-21,89690,2608232300,2608232300,6,,ARV,RE90,Nürnberg Hbf|Roßtal|Heilsbronn|Wicklesgreuth|Ansbach|Leutershausen-Wiedersbach|Dombühl|Schnelldorf|Crailsheim|Eckartshausen-Ilshofen|Schwäbisch Hall-Hessental|Gaildorf West|Fichtenberg|Fornsbach|Murrhardt|Sulzbach(Murr)|Oppenweiler(Württ)|Backnang|Winnenden|Waiblingen,8005769,Stuttgart-Bad Cannstatt,Baden-Württemberg,Stuttgart,70372,9.217468636,48.80127978,3,2608232345,,2608232346,,h,2,Information,,,Nürnberg Hbf|Roßtal|Heilsbronn|Wicklesgreuth|Ansbach|Leutershausen-Wiedersbach|Dombühl|Schnelldorf|Crailsheim|Eckartshausen-Ilshofen|Schwäbisch Hall-Hessental|Gaildorf West|Fichtenberg|Fornsbach|Murrhardt|Sulzbach(Murr)|Oppenweiler(Württ)|Backnang|Winnenden|Waiblingen,Stuttgart Hbf,,,45.0,46.0
-4648549312800637119-2608232314-3,19250,2608232327,2608232327,5,,RE,MEX18,Plochingen|Esslingen(Neckar),8005769,Stuttgart-Bad Cannstatt,Baden-Württemberg,Stuttgart,70372,9.217468636,48.80127978,3,2608232332,1,2608232333,1,h,2,Störung,,,,,,,5.0,6.0
-6065798673451795825-2608232350-2,7274,2608232354,2608232354,3,,S,S2,Stuttgart Hbf,8005769,Stuttgart-Bad Cannstatt,Baden-Württemberg,Stuttgart,70372,9.217468636,48.80127978,3,2608232354,,2608232354,,h,1,Bauarbeiten,,,,,,,0.0,0.0
1962327971982131461-2608232303-14,7275,2608232335,2608232336,2,,S,S2,Schorndorf|Weiler(Rems)|Winterbach(b Schorndorf)|Geradstetten|Grunbach|Beutelsbach|Endersbach|Stetten-Beinstein|Rommelshausen|Waiblingen|Fellbach|Stuttgart-Sommerrain|Stuttgart Nürnberger Str.,8005769,Stuttgart-Bad Cannstatt,Baden-Württemberg,Stuttgart,70372,9.217468636,48.80127978,3,2608232336,,2608232336,,h,1,Bauarbeiten,,,,,,,1.0,0.0
-6275608324438357522-2608232325-2,7174,2608232328,2608232329,3,,S,S1,Stuttgart Hbf,8005769,Stuttgart-Bad Cannstatt,Baden-Württemberg,Stuttgart,70372,9.217468636,48.80127978,3,2608232330,,2608232330,,,,,,,,,,,2.0,1.0
-5753279830124609145-2608232250-14,7175,2608232330,2608232331,2,,S,S1,Kirchheim(Teck)|Kirchheim(Teck)-Ötlingen|Wendlingen(Neckar)|Wernau(Neckar)|Plochingen|Altbach|Esslingen-Zell|Oberesslingen|Esslingen(Neckar)|Esslingen-Mettingen|Stuttgart-Obertürkheim|Stuttgart-Untertürkheim|Stuttgart Neckarpark,8005769,Stuttgart-Bad Cannstatt,Baden-Württemberg,Stuttgart,70372,9.217468636,48.80127978,3,2608232330,,2608232331,,,,,,,,,,,0.0,0.0
-7917245534189458014-2608232255-2,17561,2608232258,2608232300,7,,RB,MEX90,Stuttgart Hbf,8005769,Stuttgart-Bad Cannstatt,Baden-Württemberg,Stuttgart,70372,9.217468636,48.80127978,3,2608232300,,2608232301,,h,2,Störung,,,,,,,2.0,1.0
-2519407903994888306-2608232312-2,7372,2608232316,2608232319,3,,S,S3,Stuttgart Hbf,8005769,Stuttgart-Bad Cannstatt,Baden-Württemberg,Stuttgart,70372,9.217468636,48.80127978,3,2608232316,,2608232319,,h,1,Störung,,,,,,,0.0,0.0
851972923842418645-2608232152-19,19490,2608232335,2608232335,6,,ARV,MEX13,Crailsheim|Jagstzell|Ellwangen|Schrezheim|Schwabsberg|Goldshöfe|Hofen(b Aalen)|Wasseralfingen|Aalen Hbf|Mögglingen(Gmünd)|Böbingen(Rems)|Schwäbisch Gmünd|Lorch(Württ)|Waldhausen(b Schorndorf)|Plüderhausen|Urbach(b Schorndorf)|Schorndorf|Waiblingen,8005769,Stuttgart-Bad Cannstatt,Baden-Württemberg,Stuttgart,70372,9.217468636,48.80127978,3,2608232340,,2608232343,,h,2,Störung,,,,,,,5.0,8.0
-7007709070303320005-2608232303-2,19183,2608232307,2608232307,8,,ARV,MEX16,Stuttgart Hbf,8005769,Stuttgart-Bad Cannstatt,Baden-Württemberg,Stuttgart,70372,9.217468636,48.80127978,3,2608232308,,2608232309,,,,,,,,,,,1.0,2.0
-3862696523251175756-2608232220-14,7173,2608232300,2608232301,2,,S,S1,Kirchheim(Teck)|Kirchheim(Teck)-Ötlingen|Wendlingen(Neckar)|Wernau(Neckar)|Plochingen|Altbach|Esslingen-Zell|Oberesslingen|Esslingen(Neckar)|Esslingen-Mettingen|Stuttgart-Obertürkheim|Stuttgart-Untertürkheim|Stuttgart Neckarpark,8005769,Stuttgart-Bad Cannstatt,Baden-Württemberg,Stuttgart,70372,9.217468636,48.80127978,3,2608232300,,2608232301,,,,,,,,,,,0.0,0.0
6962993513256562528-2608232342-2,19185,2608232345,2608232346,8,,ARV,MEX16,Stuttgart Hbf,8005769,Stuttgart-Bad Cannstatt,Baden-Württemberg,Stuttgart,70372,9.217468636,48.80127978,3,2608232347,,2608232348,,,,,,,,,,,2.0,2.0
6181068125164198804-2608232355-2,7176,2608232358,2608232359,3,,S,S1,Stuttgart Hbf,8005769,Stuttgart-Bad Cannstatt,Baden-Württemberg,Stuttgart,70372,9.217468636,48.80127978,3,2608232359,,2608232359,,,,,,,,,,,1.0,0.0
-578287023725178066-2608232320-2,19489,2608232323,2608232325,7,,ARV,MEX13,Stuttgart Hbf,8005769,Stuttgart-Bad Cannstatt,Baden-Württemberg,Stuttgart,70372,9.217468636,48.80127978,3,2608232325,,2608232326,,,,,,,,,,,2.0,1.0
-4957905266396441447-2608232311-11,7375,2608232341,2608232343,2,,S,S3,Backnang|Maubach|Nellmersbach|Winnenden|Schwaikheim|Neustadt-Hohenacker|Waiblingen|Fellbach|Stuttgart-Sommerrain|Stuttgart Nürnberger Str.,8005769,Stuttgart-Bad Cannstatt,Baden-Württemberg,Stuttgart,70372,9.217468636,48.80127978,3,2608232341,,2608232343,,h,1,Störung,,,,,,,0.0,0.0
2788179078236926371-2608232310-8,19182,2608232346,2608232347,5,,ARV,MEX16,Göppingen|Faurndau|Uhingen|Ebersbach(Fils)|Reichenbach(Fils)|Plochingen|Esslingen(Neckar),8005769,Stuttgart-Bad Cannstatt,Baden-Württemberg,Stuttgart,70372,9.217468636,48.80127978,3,2608232348,,2608232350,,,,,,,,,,,2.0,3.0
-2279373399383894760-2608232241-11,7373,2608232311,2608232313,2,,S,S3,Backnang|Maubach|Nellmersbach|Winnenden|Schwaikheim|Neustadt-Hohenacker|Waiblingen|Fellbach|Stuttgart-Sommerrain|Stuttgart Nürnberger Str.,8005769,Stuttgart-Bad Cannstatt,Baden-Württemberg,Stuttgart,70372,9.217468636,48.80127978,3,2608232311,,2608232313,,,,,,,,,,,0.0,0.0
1545875388134255836-2608232255-8,7473,2608232316,2608232317,1,,S,S4,Marbach(Neckar)|Benningen(Neckar)|Freiberg(Neckar)|Favoritepark|Ludwigsburg|Kornwestheim Pbf|Stuttgart-Zuffenhausen,8005770,Stuttgart-Feuerbach,Baden-Württemberg,Feuerbach,70469,9.169186287,48.81363554,3,2608232316,,2608232317,,,,,,,,,,,0.0,0.0
5733563224153092938-2608232303-12,7475,2608232346,2608232347,1,,S,S4,Backnang|Burgstall(Murr)|Kirchberg(Murr)|Erdmannhausen|Marbach(Neckar)|Benningen(Neckar)|Freiberg(Neckar)|Favoritepark|Ludwigsburg|Kornwestheim Pbf|Stuttgart-Zuffenhausen,8005770,Stuttgart-Feuerbach,Baden-Württemberg,Feuerbach,70469,9.169186287,48.81363554,3,2608232346,,2608232347,,,,,,,,,,,0.0,0.0
7251830197396160216-2608232347-3,7674,2608232354,2608232354,2,,S,S6,Stuttgart Hbf|Stuttgart Nordbahnhof,8005770,Stuttgart-Feuerbach,Baden-Württemberg,Feuerbach,70469,9.169186287,48.81363554,3,2608232354,,2608232354,,,,,,,,,,,0.0,0.0
1185018983986773480-2608232346-4,7577,2608232356,2608232356,1,,S,S5,Ludwigsburg|Kornwestheim Pbf|Stuttgart-Zuffenhausen,8005770,Stuttgart-Feuerbach,Baden-Württemberg,Feuerbach,70469,9.169186287,48.81363554,3,2608232356,,2608232357,,h,2,Bauarbeiten,,,,,,,0.0,1.0
6578504014529649907-2608232316-4,7575,2608232326,2608232326,1,,S,S5,Ludwigsburg|Kornwestheim Pbf|Stuttgart-Zuffenhausen,8005770,Stuttgart-Feuerbach,Baden-Württemberg,Feuerbach,70469,9.169186287,48.81363554,3,2608232326,,2608232326,,h,2,Bauarbeiten,,,,,,,0.0,0.0
-3011188424747458948-2608232257-3,7572,2608232303,2608232304,2,,S,S5,Stuttgart Hbf|Stuttgart Nordbahnhof,8005770,Stuttgart-Feuerbach,Baden-Württemberg,Feuerbach,70469,9.169186287,48.81363554,3,2608232304,,2608232304,,h,2,Bauarbeiten,,,,,,,1.0,0.0
-4547114169407799378-2608232303-12,7675,2608232336,2608232336,1,,S,S6,Weil der Stadt|Malmsheim|Renningen|Rutesheim|Leonberg|Höfingen|Ditzingen|Weilimdorf|Korntal|Neuwirtshaus(Porscheplatz)|Stuttgart-Zuffenhausen,8005770,Stuttgart-Feuerbach,Baden-Württemberg,Feuerbach,70469,9.169186287,48.81363554,3,2608232336,,2608232337,,,,,,,,,,,0.0,1.0
-3328654811997120273-2608232317-3,7672,2608232324,2608232324,2,,S,S6,Stuttgart Hbf|Stuttgart Nordbahnhof,8005770,Stuttgart-Feuerbach,Baden-Württemberg,Feuerbach,70469,9.169186287,48.81363554,3,2608232324,,2608232324,,,,,,,,,,,0.0,0.0
3008894599226717977-2608232337-3,7472,2608232343,2608232344,2,,S,S4,Stuttgart Hbf|Stuttgart Nordbahnhof,8005770,Stuttgart-Feuerbach,Baden-Württemberg,Feuerbach,70469,9.169186287,48.81363554,3,2608232343,,2608232344,,,,,,,,,,,0.0,0.0
-674299633319716956-2608232327-3,7574,2608232333,2608232334,2,,S,S5,Stuttgart Hbf|Stuttgart Nordbahnhof,8005770,Stuttgart-Feuerbach,Baden-Württemberg,Feuerbach,70469,9.169186287,48.81363554,3,2608232333,,2608232334,,h,2,Bauarbeiten,,,,,,,0.0,0.0
-8768743806902916019-2608232233-12,7673,2608232306,2608232306,1,,S,S6,Weil der Stadt|Malmsheim|Renningen|Rutesheim|Leonberg|Höfingen|Ditzingen|Weilimdorf|Korntal|Neuwirtshaus(Porscheplatz)|Stuttgart-Zuffenhausen,8005770,Stuttgart-Feuerbach,Baden-Württemberg,Feuerbach,70469,9.169186287,48.81363554,3,2608232306,,2608232306,,,,,,,,,,,0.0,0.0
5844079694201012734-2608232307-3,7470,2608232313,2608232314,2,,S,S4,Stuttgart Hbf|Stuttgart Nordbahnhof,8005770,Stuttgart-Feuerbach,Baden-Württemberg,Feuerbach,70469,9.169186287,48.81363554,3,2608232313,,2608232314,,,,,,,,,,,0.0,0.0
4705599029793291676-2608232320-11,7177,2608232352,2608232352,5,,S,S1,Kirchheim(Teck)|Kirchheim(Teck)-Ötlingen|Wendlingen(Neckar)|Wernau(Neckar)|Plochingen|Altbach|Esslingen-Zell|Oberesslingen|Esslingen(Neckar)|Esslingen-Mettingen,8005772,Stuttgart-Obertürkheim,Baden-Württemberg,Stuttgart,70329,9.268167932,48.76175015,4,2608232352,,2608232352,,,,,,,,,,,0.0,0.0
-6275608324438357522-2608232325-5,7174,2608232337,2608232337,6,,S,S1,Stuttgart Hbf|Stuttgart-Bad Cannstatt|Stuttgart Neckarpark|Stuttgart-Untertürkheim,8005772,Stuttgart-Obertürkheim,Baden-Württemberg,Stuttgart,70329,9.268167932,48.76175015,4,2608232337,,2608232338,,,,,,,,,,,0.0,1.0
-5753279830124609145-2608232250-11,7175,2608232322,2608232322,5,,S,S1,Kirchheim(Teck)|Kirchheim(Teck)-Ötlingen|Wendlingen(Neckar)|Wernau(Neckar)|Plochingen|Altbach|Esslingen-Zell|Oberesslingen|Esslingen(Neckar)|Esslingen-Mettingen,8005772,Stuttgart-Obertürkheim,Baden-Württemberg,Stuttgart,70329,9.268167932,48.76175015,4,2608232322,,2608232322,,,,,,,,,,,0.0,0.0
-5197983836264116534-2608232255-5,7172,2608232307,2608232307,6,,S,S1,Stuttgart Hbf|Stuttgart-Bad Cannstatt|Stuttgart Neckarpark|Stuttgart-Untertürkheim,8005772,Stuttgart-Obertürkheim,Baden-Württemberg,Stuttgart,70329,9.268167932,48.76175015,4,2608232307,,2608232307,,,,,,,,,,,0.0,0.0
-7552157599667806188-2608232246-8,7774,2608232307,2608232308,3,,S,S1,Herrenberg|Nufringen|Gärtringen|Ehningen(b Böblingen)|Hulb|Böblingen|Goldberg(Württ),8005773,Stuttgart-Rohr,Baden-Württemberg,Stuttgart,70565,9.108158025,48.71799427,4,2608232309,,2608232310,,,,,,,,,,,2.0,2.0
2043069556628672575-2608232335-2,7975,2608232336,2608232342,2,,S,S2,Stuttgart-Vaihingen,8005773,Stuttgart-Rohr,Baden-Württemberg,Stuttgart,70565,9.108158025,48.71799427,4,2608232336,,2608232342,,,,,,,,,,,0.0,0.0
-5662900889334396771-2608232316-8,7776,2608232337,2608232338,3,,S,S1,Herrenberg|Nufringen|Gärtringen|Ehningen(b Böblingen)|Hulb|Böblingen|Goldberg(Württ),8005773,Stuttgart-Rohr,Baden-Württemberg,Stuttgart,70565,9.108158025,48.71799427,4,2608232338,,2608232338,,,,,,,,,,,1.0,0.0
1870656160504428642-2608232333-6,7974,2608232348,2608232349,3,,S,S2,Filderstadt|Stuttgart Flughafen/Messe|Echterdingen|Leinfelden|Oberaichen,8005773,Stuttgart-Rohr,Baden-Württemberg,Stuttgart,70565,9.108158025,48.71799427,4,2608232348,,2608232349,,,,,,,,,,,0.0,0.0
3254218711381615406-2608232346-2,7775,2608232347,2608232353,2,,S,S1,Stuttgart-Vaihingen,8005773,Stuttgart-Rohr,Baden-Württemberg,Stuttgart,70565,9.108158025,48.71799427,4,2608232347,,2608232353,,,,,,,,,,,0.0,0.0
-4449289664459012618-2608232303-6,7972,2608232318,2608232319,3,,S,S2,Filderstadt|Stuttgart Flughafen/Messe|Echterdingen|Leinfelden|Oberaichen,8005773,Stuttgart-Rohr,Baden-Württemberg,Stuttgart,70565,9.108158025,48.71799427,4,2608232318,,2608232319,,,,,,,,,,,0.0,0.0
-2935564319618747934-2608232305-2,7973,2608232306,2608232312,2,,S,S2,Stuttgart-Vaihingen,8005773,Stuttgart-Rohr,Baden-Württemberg,Stuttgart,70565,9.108158025,48.71799427,4,2608232306,,2608232312,,,,,,,,,,,0.0,0.0
2629905197525077527-2608232316-2,7773,2608232317,2608232323,2,,S,S1,Stuttgart-Vaihingen,8005773,Stuttgart-Rohr,Baden-Württemberg,Stuttgart,70565,9.108158025,48.71799427,4,2608232317,,2608232323,,,,,,,,,,,0.0,0.0
-6309040329427903805-2608232233-12,7273,2608232300,2608232300,1,,S,S2,Schorndorf|Weiler(Rems)|Winterbach(b Schorndorf)|Geradstetten|Grunbach|Beutelsbach|Endersbach|Stetten-Beinstein|Rommelshausen|Waiblingen|Fellbach,8005774,Stuttgart-Sommerrain,Baden-Württemberg,Stuttgart,70374,9.248369749,48.81521824,5,2608232300,,2608232301,,h,1,Bauarbeiten,,,,,,,0.0,1.0
4235977593412169897-2608232342-4,7374,2608232354,2608232354,4,,S,S3,Stuttgart Hbf|Stuttgart-Bad Cannstatt|Stuttgart Nürnberger Str.,8005774,Stuttgart-Sommerrain,Baden-Württemberg,Stuttgart,70374,9.248369749,48.81521824,5,2608232354,,2608232354,,h,1,Störung,,,,,,,0.0,0.0
-6617041224126724026-2608232320-4,7272,2608232329,2608232329,4,,S,S2,Stuttgart Hbf|Stuttgart-Bad Cannstatt|Stuttgart Nürnberger Str.,8005774,Stuttgart-Sommerrain,Baden-Württemberg,Stuttgart,70374,9.248369749,48.81521824,5,2608232330,,2608232330,,h,1,Bauarbeiten,,,,,,,1.0,1.0
-6065798673451795825-2608232350-4,7274,2608232359,2608232359,4,,S,S2,Stuttgart Hbf|Stuttgart-Bad Cannstatt|Stuttgart Nürnberger Str.,8005774,Stuttgart-Sommerrain,Baden-Württemberg,Stuttgart,70374,9.248369749,48.81521824,5,2608232359,,2608232359,,h,1,Bauarbeiten,,,,,,,0.0,0.0
1962327971982131461-2608232303-12,7275,2608232330,2608232330,1,,S,S2,Schorndorf|Weiler(Rems)|Winterbach(b Schorndorf)|Geradstetten|Grunbach|Beutelsbach|Endersbach|Stetten-Beinstein|Rommelshausen|Waiblingen|Fellbach,8005774,Stuttgart-Sommerrain,Baden-Württemberg,Stuttgart,70374,9.248369749,48.81521824,5,2608232330,,2608232331,,h,1,Bauarbeiten,,,,,,,0.0,1.0
-2519407903994888306-2608232312-4,7372,2608232324,2608232324,4,,S,S3,Stuttgart Hbf|Stuttgart-Bad Cannstatt|Stuttgart Nürnberger Str.,8005774,Stuttgart-Sommerrain,Baden-Württemberg,Stuttgart,70374,9.248369749,48.81521824,5,2608232324,,2608232324,,h,1,Störung,,,,,,,0.0,0.0
-4957905266396441447-2608232311-9,7375,2608232335,2608232335,1,,S,S3,Backnang|Maubach|Nellmersbach|Winnenden|Schwaikheim|Neustadt-Hohenacker|Waiblingen|Fellbach,8005774,Stuttgart-Sommerrain,Baden-Württemberg,Stuttgart,70374,9.248369749,48.81521824,5,2608232335,,2608232336,,h,1,Störung,,,,,,,0.0,1.0
-2279373399383894760-2608232241-9,7373,2608232305,2608232305,1,,S,S3,Backnang|Maubach|Nellmersbach|Winnenden|Schwaikheim|Neustadt-Hohenacker|Waiblingen|Fellbach,8005774,Stuttgart-Sommerrain,Baden-Württemberg,Stuttgart,70374,9.248369749,48.81521824,5,2608232305,,2608232305,,,,,,,,,,,0.0,0.0
4705599029793291676-2608232320-12,7177,2608232355,2608232355,5,,S,S1,Kirchheim(Teck)|Kirchheim(Teck)-Ötlingen|Wendlingen(Neckar)|Wernau(Neckar)|Plochingen|Altbach|Esslingen-Zell|Oberesslingen|Esslingen(Neckar)|Esslingen-Mettingen|Stuttgart-Obertürkheim,8005775,Stuttgart-Untertürkheim Pbf,Baden-Württemberg,Stuttgart,70327,9.250467074,48.77984679,3,2608232355,,2608232355,,,,,,,,,,,0.0,0.0
-6275608324438357522-2608232325-4,7174,2608232334,2608232334,6,,S,S1,Stuttgart Hbf|Stuttgart-Bad Cannstatt|Stuttgart Neckarpark,8005775,Stuttgart-Untertürkheim Pbf,Baden-Württemberg,Stuttgart,70327,9.250467074,48.77984679,3,2608232334,,2608232335,,,,,,,,,,,0.0,1.0
-5753279830124609145-2608232250-12,7175,2608232325,2608232325,5,,S,S1,Kirchheim(Teck)|Kirchheim(Teck)-Ötlingen|Wendlingen(Neckar)|Wernau(Neckar)|Plochingen|Altbach|Esslingen-Zell|Oberesslingen|Esslingen(Neckar)|Esslingen-Mettingen|Stuttgart-Obertürkheim,8005775,Stuttgart-Untertürkheim Pbf,Baden-Württemberg,Stuttgart,70327,9.250467074,48.77984679,3,2608232325,,2608232325,,,,,,,,,,,0.0,0.0
-5197983836264116534-2608232255-4,7172,2608232304,2608232304,6,,S,S1,Stuttgart Hbf|Stuttgart-Bad Cannstatt|Stuttgart Neckarpark,8005775,Stuttgart-Untertürkheim Pbf,Baden-Württemberg,Stuttgart,70327,9.250467074,48.77984679,3,2608232304,,2608232304,,,,,,,,,,,0.0,0.0
-7552157599667806188-2608232246-9,7774,2608232310,,3,,S,,Herrenberg|Nufringen|Gärtringen|Ehningen(b Böblingen)|Hulb|Böblingen|Goldberg(Württ)|Stuttgart-Rohr,8005776,Stuttgart-Vaihingen,Baden-Württemberg,Stuttgart,70563,9.113913368,48.72698116,3,2608232312,,,,,,,,,,,,,2.0,0.0
2043069556628672575-2608232335-1,7975,,2608232335,,,S,S2,,8005776,Stuttgart-Vaihingen,Baden-Württemberg,Stuttgart,70563,9.113913368,48.72698116,3,,,2608232335,,,,,,,,,,,0.0,0.0
-5662900889334396771-2608232316-9,7776,2608232340,,3,,S,,Herrenberg|Nufringen|Gärtringen|Ehningen(b Böblingen)|Hulb|Böblingen|Goldberg(Württ)|Stuttgart-Rohr,8005776,Stuttgart-Vaihingen,Baden-Württemberg,Stuttgart,70563,9.113913368,48.72698116,3,2608232340,,,,,,,,,,,,,0.0,0.0
1870656160504428642-2608232333-7,7974,2608232350,,2,,S,,Filderstadt|Stuttgart Flughafen/Messe|Echterdingen|Leinfelden|Oberaichen|Stuttgart-Rohr,8005776,Stuttgart-Vaihingen,Baden-Württemberg,Stuttgart,70563,9.113913368,48.72698116,3,2608232350,,,,,,,,,,,,,0.0,0.0
3254218711381615406-2608232346-1,7775,,2608232346,,,S,S1,,8005776,Stuttgart-Vaihingen,Baden-Württemberg,Stuttgart,70563,9.113913368,48.72698116,3,,,2608232346,,,,,,,,,,,0.0,0.0
-4449289664459012618-2608232303-7,7972,2608232320,,2,,S,,Filderstadt|Stuttgart Flughafen/Messe|Echterdingen|Leinfelden|Oberaichen|Stuttgart-Rohr,8005776,Stuttgart-Vaihingen,Baden-Württemberg,Stuttgart,70563,9.113913368,48.72698116,3,2608232320,,,,,,,,,,,,,0.0,0.0
6070629116344169766-2608232228-9,4774,2608232329,2608232330,,,RB,RB14a,Oberndorf(Neckar)|Horb|Eutingen im Gäu|Ergenzingen|Bondorf(b Herrenberg)|Gäufelden|Herrenberg|Böblingen,8005776,Stuttgart-Vaihingen,Baden-Württemberg,Stuttgart,70563,9.113913368,48.72698116,3,2608232329,4,2608232330,4,,,,,,,,,,0.0,0.0
-2935564319618747934-2608232305-1,7973,,2608232305,,,S,S2,,8005776,Stuttgart-Vaihingen,Baden-Württemberg,Stuttgart,70563,9.113913368,48.72698116,3,,,2608232305,,,,,,,,,,,0.0,0.0
2629905197525077527-2608232316-1,7773,,2608232316,,,S,S1,,8005776,Stuttgart-Vaihingen,Baden-Württemberg,Stuttgart,70563,9.113913368,48.72698116,3,,,2608232316,,,,,,,,,,,0.0,0.0
-6526775162747392382-2608232333-8,7677,2608232356,2608232356,2,,S,S6,Weil der Stadt|Malmsheim|Renningen|Rutesheim|Leonberg|Höfingen|Ditzingen,8006268,Stuttgart-Weilimdorf,Baden-Württemberg,Stuttgart,70499,9.094370086,48.82208429,5,2608232356,,2608232357,,,,,,,,,,,0.0,1.0
5891323909249949515-2608232247-7,7670,2608232303,2608232304,1,,S,S6,Stuttgart Hbf|Stuttgart Nordbahnhof|Stuttgart-Feuerbach|Stuttgart-Zuffenhausen|Neuwirtshaus(Porscheplatz)|Korntal,8006268,Stuttgart-Weilimdorf,Baden-Württemberg,Stuttgart,70499,9.094370086,48.82208429,5,2608232303,,2608232304,,,,,,,,,,,0.0,0.0
-4547114169407799378-2608232303-8,7675,2608232326,2608232326,2,,S,S6,Weil der Stadt|Malmsheim|Renningen|Rutesheim|Leonberg|Höfingen|Ditzingen,8006268,Stuttgart-Weilimdorf,Baden-Württemberg,Stuttgart,70499,9.094370086,48.82208429,5,2608232327,,2608232328,,,,,,,,,,,1.0,2.0
-3328654811997120273-2608232317-7,7672,2608232333,2608232334,1,,S,S6,Stuttgart Hbf|Stuttgart Nordbahnhof|Stuttgart-Feuerbach|Stuttgart-Zuffenhausen|Neuwirtshaus(Porscheplatz)|Korntal,8006268,Stuttgart-Weilimdorf,Baden-Württemberg,Stuttgart,70499,9.094370086,48.82208429,5,2608232333,,2608232334,,,,,,,,,,,0.0,0.0
1545875388134255836-2608232255-7,7473,2608232313,2608232314,2,,S,S4,Marbach(Neckar)|Benningen(Neckar)|Freiberg(Neckar)|Favoritepark|Ludwigsburg|Kornwestheim Pbf,8005778,Stuttgart-Zuffenhausen,Baden-Württemberg,Stuttgart,70435,9.167156375,48.82960884,3,2608232313,,2608232314,,,,,,,,,,,0.0,0.0
5733563224153092938-2608232303-11,7475,2608232343,2608232344,2,,S,S4,Backnang|Burgstall(Murr)|Kirchberg(Murr)|Erdmannhausen|Marbach(Neckar)|Benningen(Neckar)|Freiberg(Neckar)|Favoritepark|Ludwigsburg|Kornwestheim Pbf,8005778,Stuttgart-Zuffenhausen,Baden-Württemberg,Stuttgart,70435,9.167156375,48.82960884,3,2608232344,,2608232344,,,,,,,,,,,1.0,0.0
7251830197396160216-2608232347-4,7674,2608232356,2608232357,11,,S,S6,Stuttgart Hbf|Stuttgart Nordbahnhof|Stuttgart-Feuerbach,8005778,Stuttgart-Zuffenhausen,Baden-Württemberg,Stuttgart,70435,9.167156375,48.82960884,3,2608232356,,2608232357,,,,,,,,,,,0.0,0.0
1185018983986773480-2608232346-3,7577,2608232353,2608232354,2,,S,S5,Ludwigsburg|Kornwestheim Pbf,8005778,Stuttgart-Zuffenhausen,Baden-Württemberg,Stuttgart,70435,9.167156375,48.82960884,3,2608232353,,2608232354,,h,2,Bauarbeiten,,,,,,,0.0,0.0
6578504014529649907-2608232316-3,7575,2608232323,2608232324,2,,S,S5,Ludwigsburg|Kornwestheim Pbf,8005778,Stuttgart-Zuffenhausen,Baden-Württemberg,Stuttgart,70435,9.167156375,48.82960884,3,2608232323,,2608232324,,h,2,Bauarbeiten,,,,,,,0.0,0.0
-3011188424747458948-2608232257-4,7572,2608232306,2608232307,4,,S,S5,Stuttgart Hbf|Stuttgart Nordbahnhof|Stuttgart-Feuerbach,8005778,Stuttgart-Zuffenhausen,Baden-Württemberg,Stuttgart,70435,9.167156375,48.82960884,3,2608232306,,2608232308,,h,2,Bauarbeiten,,,,,,,0.0,1.0
-4547114169407799378-2608232303-11,7675,2608232333,2608232334,12,,S,S6,Weil der Stadt|Malmsheim|Renningen|Rutesheim|Leonberg|Höfingen|Ditzingen|Weilimdorf|Korntal|Neuwirtshaus(Porscheplatz),8005778,Stuttgart-Zuffenhausen,Baden-Württemberg,Stuttgart,70435,9.167156375,48.82960884,3,2608232334,,2608232334,,,,,,,,,,,1.0,0.0
-3328654811997120273-2608232317-4,7672,2608232326,2608232327,11,,S,S6,Stuttgart Hbf|Stuttgart Nordbahnhof|Stuttgart-Feuerbach,8005778,Stuttgart-Zuffenhausen,Baden-Württemberg,Stuttgart,70435,9.167156375,48.82960884,3,2608232326,,2608232327,,,,,,,,,,,0.0,0.0
3008894599226717977-2608232337-4,7472,2608232346,2608232347,4,,S,S4,Stuttgart Hbf|Stuttgart Nordbahnhof|Stuttgart-Feuerbach,8005778,Stuttgart-Zuffenhausen,Baden-Württemberg,Stuttgart,70435,9.167156375,48.82960884,3,2608232346,,2608232347,,,,,,,,,,,0.0,0.0
-674299633319716956-2608232327-4,7574,2608232336,2608232337,4,,S,S5,Stuttgart Hbf|Stuttgart Nordbahnhof|Stuttgart-Feuerbach,8005778,Stuttgart-Zuffenhausen,Baden-Württemberg,Stuttgart,70435,9.167156375,48.82960884,3,2608232336,,2608232337,,h,2,Bauarbeiten,,,,,,,0.0,0.0
-8768743806902916019-2608232233-11,7673,2608232303,2608232304,12,,S,S6,Weil der Stadt|Malmsheim|Renningen|Rutesheim|Leonberg|Höfingen|Ditzingen|Weilimdorf|Korntal|Neuwirtshaus(Porscheplatz),8005778,Stuttgart-Zuffenhausen,Baden-Württemberg,Stuttgart,70435,9.167156375,48.82960884,3,2608232303,,2608232304,,,,,,,,,,,0.0,0.0
5844079694201012734-2608232307-4,7470,2608232316,2608232317,4,,S,S4,Stuttgart Hbf|Stuttgart Nordbahnhof|Stuttgart-Feuerbach,8005778,Stuttgart-Zuffenhausen,Baden-Württemberg,Stuttgart,70435,9.167156375,48.82960884,3,2608232316,,2608232317,,,,,,,,,,,0.0,0.0
-3024751796155966495-2608232327-3,88651,2608232337,2608232338,3,,ARV,RE90,Stuttgart Hbf|Stuttgart-Bad Cannstatt,8000180,Waiblingen,Baden-Württemberg,Waiblingen,71332,9.300476874,48.8262444,3,2608232352,7,2608232356,7,,,,,,,,,,15.0,18.0
4235977593412169897-2608232342-6,7374,2608232359,2608240000,3,,S,S3,Stuttgart Hbf|Stuttgart-Bad Cannstatt|Stuttgart Nürnberger Str.|Stuttgart-Sommerrain|Fellbach,8000180,Waiblingen,Baden-Württemberg,Waiblingen,71332,9.300476874,48.8262444,3,2608232359,,2608240000,,h,1,Störung,,,,,,,0.0,0.0
-2344980071254063452-2608232250-6,7270,2608232304,2608232305,7,,S,S2,Stuttgart Hbf|Stuttgart-Bad Cannstatt|Stuttgart Nürnberger Str.|Stuttgart-Sommerrain|Fellbach,8000180,Waiblingen,Baden-Württemberg,Waiblingen,71332,9.300476874,48.8262444,3,2608232304,,2608232305,,h,1,Bauarbeiten,,,,,,,0.0,0.0
-6617041224126724026-2608232320-6,7272,2608232334,2608232335,7,,S,S2,Stuttgart Hbf|Stuttgart-Bad Cannstatt|Stuttgart Nürnberger Str.|Stuttgart-Sommerrain|Fellbach,8000180,Waiblingen,Baden-Württemberg,Waiblingen,71332,9.300476874,48.8262444,3,2608232336,,2608232338,,h,1,Bauarbeiten,,,,,,,2.0,3.0
-1263112065111090114-2608232328-10,7277,2608232354,2608232355,5,,S,S2,Schorndorf|Weiler(Rems)|Winterbach(b Schorndorf)|Geradstetten|Grunbach|Beutelsbach|Endersbach|Stetten-Beinstein|Rommelshausen,8000180,Waiblingen,Baden-Württemberg,Waiblingen,71332,9.300476874,48.8262444,3,2608232354,,2608232355,,h,1,Bauarbeiten,,,,,,,0.0,0.0
-547796110281084784-2608232242-6,7370,2608232259,2608232300,3,,S,S3,Stuttgart Hbf|Stuttgart-Bad Cannstatt|Stuttgart Nürnberger Str.|Stuttgart-Sommerrain|Fellbach,8000180,Waiblingen,Baden-Württemberg,Waiblingen,71332,9.300476874,48.8262444,3,2608232259,,2608232300,,h,1,Störung,,,,,,,0.0,0.0
1962327971982131461-2608232303-10,7275,2608232324,2608232325,5,,S,S2,Schorndorf|Weiler(Rems)|Winterbach(b Schorndorf)|Geradstetten|Grunbach|Beutelsbach|Endersbach|Stetten-Beinstein|Rommelshausen,8000180,Waiblingen,Baden-Württemberg,Waiblingen,71332,9.300476874,48.8262444,3,2608232324,,2608232325,,h,1,Bauarbeiten,,,,,,,0.0,0.0
-7917245534189458014-2608232255-3,17561,2608232306,2608232307,3,,RB,MEX90,Stuttgart Hbf|Stuttgart-Bad Cannstatt,8000180,Waiblingen,Baden-Württemberg,Waiblingen,71332,9.300476874,48.8262444,3,2608232308,,2608232309,,h,2,Störung,,,,,,,2.0,2.0
-2519407903994888306-2608232312-6,7372,2608232329,2608232330,3,,S,S3,Stuttgart Hbf|Stuttgart-Bad Cannstatt|Stuttgart Nürnberger Str.|Stuttgart-Sommerrain|Fellbach,8000180,Waiblingen,Baden-Württemberg,Waiblingen,71332,9.300476874,48.8262444,3,2608232329,,2608232330,,h,1,Störung,,,,,,,0.0,0.0
851972923842418645-2608232152-18,19490,2608232328,2608232328,6,,ARV,MEX13,Crailsheim|Jagstzell|Ellwangen|Schrezheim|Schwabsberg|Goldshöfe|Hofen(b Aalen)|Wasseralfingen|Aalen Hbf|Mögglingen(Gmünd)|Böbingen(Rems)|Schwäbisch Gmünd|Lorch(Württ)|Waldhausen(b Schorndorf)|Plüderhausen|Urbach(b Schorndorf)|Schorndorf,8000180,Waiblingen,Baden-Württemberg,Waiblingen,71332,9.300476874,48.8262444,3,2608232334,,2608232334,,h,2,Störung,,,,,,,6.0,6.0
-7120372043677331542-2608232341-7,7377,2608232359,2608240000,1,,S,S3,Backnang|Maubach|Nellmersbach|Winnenden|Schwaikheim|Neustadt-Hohenacker,8000180,Waiblingen,Baden-Württemberg,Waiblingen,71332,9.300476874,48.8262444,3,2608240000,,2608240000,,h,1,Störung,,,,,,,1.0,0.0
-578287023725178066-2608232320-3,19489,2608232332,2608232332,6,,ARV,MEX13,Stuttgart Hbf|Stuttgart-Bad Cannstatt,8000180,Waiblingen,Baden-Württemberg,Waiblingen,71332,9.300476874,48.8262444,3,2608232332,7,2608232333,7,,,,,,,,,,0.0,1.0
-4957905266396441447-2608232311-7,7375,2608232329,2608232330,1,,S,S3,Backnang|Maubach|Nellmersbach|Winnenden|Schwaikheim|Neustadt-Hohenacker,8000180,Waiblingen,Baden-Württemberg,Waiblingen,71332,9.300476874,48.8262444,3,2608232331,,2608232331,,h,1,Störung,,,,,,,2.0,1.0
-2279373399383894760-2608232241-7,7373,2608232259,2608232300,1,,S,S3,Backnang|Maubach|Nellmersbach|Winnenden|Schwaikheim|Neustadt-Hohenacker,8000180,Waiblingen,Baden-Württemberg,Waiblingen,71332,9.300476874,48.8262444,3,2608232259,,2608232300,,,,,,,,,,,0.0,0.0
-6526775162747392382-2608232333-1,7677,,2608232333,,,S,S6,,8006271,Weil der Stadt,Baden-Württemberg,Weil der Stadt,71263,8.873189074,48.7557357,4,,,2608232333,,,,,,,,,,,0.0,0.0
5891323909249949515-2608232247-14,7670,2608232327,,2,,S,,Stuttgart Hbf|Stuttgart Nordbahnhof|Stuttgart-Feuerbach|Stuttgart-Zuffenhausen|Neuwirtshaus(Porscheplatz)|Korntal|Weilimdorf|Ditzingen|Höfingen|Leonberg|Rutesheim|Renningen|Malmsheim,8006271,Weil der Stadt,Baden-Württemberg,Weil der Stadt,71263,8.873189074,48.7557357,4,2608232328,,,,,,,,,,,,,1.0,0.0
-4547114169407799378-2608232303-1,7675,,2608232303,,,S,S6,,8006271,Weil der Stadt,Baden-Württemberg,Weil der Stadt,71263,8.873189074,48.7557357,4,,,2608232303,,,,,,,,,,,0.0,0.0
-3328654811997120273-2608232317-14,7672,2608232357,,2,,S,,Stuttgart Hbf|Stuttgart Nordbahnhof|Stuttgart-Feuerbach|Stuttgart-Zuffenhausen|Neuwirtshaus(Porscheplatz)|Korntal|Weilimdorf|Ditzingen|Höfingen|Leonberg|Rutesheim|Renningen|Malmsheim,8006271,Weil der Stadt,Baden-Württemberg,Weil der Stadt,71263,8.873189074,48.7557357,4,2608232358,,,,,,,,,,,,,1.0,0.0
-2344980071254063452-2608232250-14,7270,2608232322,2608232322,1,,S,S2,Stuttgart Hbf|Stuttgart-Bad Cannstatt|Stuttgart Nürnberger Str.|Stuttgart-Sommerrain|Fellbach|Waiblingen|Rommelshausen|Stetten-Beinstein|Endersbach|Beutelsbach|Grunbach|Geradstetten|Winterbach(b Schorndorf),8006277,Weiler (Rems),Baden-Württemberg,Schorndorf,76314,9.501891172,48.80034585,5,2608232322,,2608232322,,h,1,Bauarbeiten,,,,,,,0.0,0.0
-6617041224126724026-2608232320-14,7272,2608232352,2608232352,1,,S,S2,Stuttgart Hbf|Stuttgart-Bad Cannstatt|Stuttgart Nürnberger Str.|Stuttgart-Sommerrain|Fellbach|Waiblingen|Rommelshausen|Stetten-Beinstein|Endersbach|Beutelsbach|Grunbach|Geradstetten|Winterbach(b Schorndorf),8006277,Weiler (Rems),Baden-Württemberg,Schorndorf,76314,9.501891172,48.80034585,5,2608232354,,2608232355,,h,1,Bauarbeiten,,,,,,,2.0,3.0
-1263112065111090114-2608232328-2,7277,2608232331,2608232331,2,,S,S2,Schorndorf,8006277,Weiler (Rems),Baden-Württemberg,Schorndorf,76314,9.501891172,48.80034585,5,2608232331,,2608232331,,h,1,Bauarbeiten,,,,,,,0.0,0.0
1962327971982131461-2608232303-2,7275,2608232306,2608232306,2,,S,S2,Schorndorf,8006277,Weiler (Rems),Baden-Württemberg,Schorndorf,76314,9.501891172,48.80034585,5,2608232306,,2608232306,,h,1,Bauarbeiten,,,,,,,0.0,0.0
8092363418274949423-2608232350-3,7179,2608232357,2608232358,12,,S,S1,Kirchheim(Teck)|Kirchheim(Teck)-Ötlingen,8006331,Wendlingen (Neckar),Baden-Württemberg,Wendlingen am Neckar,73240,9.373662098,48.67368917,3,2608232357,,2608232359,,,,,,,,,,,0.0,1.0
-8289701104022316843-2608232225-13,7170,2608232302,2608232303,11,,S,S1,Stuttgart Hbf|Stuttgart-Bad Cannstatt|Stuttgart Neckarpark|Stuttgart-Untertürkheim|Stuttgart-Obertürkheim|Esslingen-Mettingen|Esslingen(Neckar)|Oberesslingen|Esslingen-Zell|Altbach|Plochingen|Wernau(Neckar),8006331,Wendlingen (Neckar),Baden-Württemberg,Wendlingen am Neckar,73240,9.373662098,48.67368917,3,2608232302,,2608232303,,,,,,,,,,,0.0,0.0
-4464931541841790379-2608232253-4,19367,2608232318,2608232318,2,,RE,MEX12,Stuttgart Hbf|Esslingen(Neckar)|Plochingen,8006331,Wendlingen (Neckar),Baden-Württemberg,Wendlingen am Neckar,73240,9.373662098,48.67368917,3,2608232318,,2608232318,,h,2,Bauarbeiten,,,,,,,0.0,0.0
4705599029793291676-2608232320-3,7177,2608232327,2608232328,12,,S,S1,Kirchheim(Teck)|Kirchheim(Teck)-Ötlingen,8006331,Wendlingen (Neckar),Baden-Württemberg,Wendlingen am Neckar,73240,9.373662098,48.67368917,3,2608232328,,2608232329,,,,,,,,,,,1.0,1.0
-4165700884382640783-2608232316-6,19364,2608232340,2608232341,1,,RE,MEX12,Reutlingen Hbf|Metzingen(Württ)|Bempflingen|Nürtingen|Oberboihingen,8006331,Wendlingen (Neckar),Baden-Württemberg,Wendlingen am Neckar,73240,9.373662098,48.67368917,3,2608232339,,2608232341,,h,2,Bauarbeiten,,,,,,,-1.0,0.0
3697786570661613010-2608232329-3,32573,2608232359,,,,RE,,Ulm Hbf|Merklingen - Schwäbische Alb,8006331,Wendlingen (Neckar),Baden-Württemberg,Wendlingen am Neckar,73240,9.373662098,48.67368917,3,2608232358,3,,,,,,,,,,,,-1.0,0.0
-5197983836264116534-2608232255-13,7172,2608232333,2608232333,11,,S,S1,Stuttgart Hbf|Stuttgart-Bad Cannstatt|Stuttgart Neckarpark|Stuttgart-Untertürkheim|Stuttgart-Obertürkheim|Esslingen-Mettingen|Esslingen(Neckar)|Oberesslingen|Esslingen-Zell|Altbach|Plochingen|Wernau(Neckar),8006331,Wendlingen (Neckar),Baden-Württemberg,Wendlingen am Neckar,73240,9.373662098,48.67368917,3,2608232333,,2608232333,,,,,,,,,,,0.0,0.0
-975220339809458292-2608232324-1,16077,,2608232324,,,RE,RE200,,8006331,Wendlingen (Neckar),Baden-Württemberg,Wendlingen am Neckar,73240,9.373662098,48.67368917,3,,,2608232324,,h,2,Störung,,,,,,,0.0,0.0
4705599029793291676-2608232320-4,7177,2608232331,2608232331,1,,S,S1,Kirchheim(Teck)|Kirchheim(Teck)-Ötlingen|Wendlingen(Neckar),8006346,Wernau (Neckar),Baden-Württemberg,Wernau (Neckar),73249,9.413654423,48.69417221,4,2608232331,,2608232332,,,,,,,,,,,0.0,1.0
-6275608324438357522-2608232325-12,7174,2608232358,2608232359,2,,S,S1,Stuttgart Hbf|Stuttgart-Bad Cannstatt|Stuttgart Neckarpark|Stuttgart-Untertürkheim|Stuttgart-Obertürkheim|Esslingen-Mettingen|Esslingen(Neckar)|Oberesslingen|Esslingen-Zell|Altbach|Plochingen,8006346,Wernau (Neckar),Baden-Württemberg,Wernau (Neckar),73249,9.413654423,48.69417221,4,2608232358,,2608232359,,,,,,,,,,,0.0,0.0
-5753279830124609145-2608232250-4,7175,2608232301,2608232301,1,,S,S1,Kirchheim(Teck)|Kirchheim(Teck)-Ötlingen|Wendlingen(Neckar),8006346,Wernau (Neckar),Baden-Württemberg,Wernau (Neckar),73249,9.413654423,48.69417221,4,2608232301,,2608232301,,,,,,,,,,,0.0,0.0
-5197983836264116534-2608232255-12,7172,2608232329,2608232329,2,,S,S1,Stuttgart Hbf|Stuttgart-Bad Cannstatt|Stuttgart Neckarpark|Stuttgart-Untertürkheim|Stuttgart-Obertürkheim|Esslingen-Mettingen|Esslingen(Neckar)|Oberesslingen|Esslingen-Zell|Altbach|Plochingen,8006346,Wernau (Neckar),Baden-Württemberg,Wernau (Neckar),73249,9.413654423,48.69417221,4,2608232329,,2608232329,,,,,,,,,,,0.0,0.0
-3024751796155966495-2608232327-4,88651,2608232345,2608232345,2,,ARV,RE90,Stuttgart Hbf|Stuttgart-Bad Cannstatt|Waiblingen,8006479,Winnenden,Baden-Württemberg,Winnenden,71364,9.392155928,48.8795625,3,2608240002,,2608240003,,,,,,,,,p,p,17.0,18.0
-547796110281084784-2608232242-9,7370,2608232309,2608232309,2,,S,S3,Stuttgart Hbf|Stuttgart-Bad Cannstatt|Stuttgart Nürnberger Str.|Stuttgart-Sommerrain|Fellbach|Waiblingen|Neustadt-Hohenacker|Schwaikheim,8006479,Winnenden,Baden-Württemberg,Winnenden,71364,9.392155928,48.8795625,3,2608232310,1,2608232311,2,h,1,Störung,,,,,,c,1.0,2.0
-7917245534189458014-2608232255-4,17561,2608232313,2608232314,2,,RB,MEX90,Stuttgart Hbf|Stuttgart-Bad Cannstatt|Waiblingen,8006479,Winnenden,Baden-Württemberg,Winnenden,71364,9.392155928,48.8795625,3,2608232316,2,2608232318,2,h,2,Störung,,,,,,,3.0,4.0
-2519407903994888306-2608232312-9,7372,2608232339,2608232339,2,,S,S3,Stuttgart Hbf|Stuttgart-Bad Cannstatt|Stuttgart Nürnberger Str.|Stuttgart-Sommerrain|Fellbach|Waiblingen|Neustadt-Hohenacker|Schwaikheim,8006479,Winnenden,Baden-Württemberg,Winnenden,71364,9.392155928,48.8795625,3,2608232355,1,2608232339,,h,1,Störung,,,,,,c,16.0,0.0
-7120372043677331542-2608232341-4,7377,2608232349,2608232350,3,,S,S3,Backnang|Maubach|Nellmersbach,8006479,Winnenden,Baden-Württemberg,Winnenden,71364,9.392155928,48.8795625,3,2608232349,3,2608232350,1,h,1,Störung,,,,,c,,0.0,0.0
-4957905266396441447-2608232311-4,7375,2608232319,2608232320,3,,S,S3,Backnang|Maubach|Nellmersbach,8006479,Winnenden,Baden-Württemberg,Winnenden,71364,9.392155928,48.8795625,3,2608232321,,2608232322,,h,1,Störung,,,,,,,2.0,2.0
-2344980071254063452-2608232250-13,7270,2608232320,2608232320,2,,S,S2,Stuttgart Hbf|Stuttgart-Bad Cannstatt|Stuttgart Nürnberger Str.|Stuttgart-Sommerrain|Fellbach|Waiblingen|Rommelshausen|Stetten-Beinstein|Endersbach|Beutelsbach|Grunbach|Geradstetten,8006485,Winterbach (b Schorndorf),Baden-Württemberg,Winterbach,73650,9.481549751,48.79842743,4,2608232320,,2608232320,,h,1,Bauarbeiten,,,,,,,0.0,0.0
-6617041224126724026-2608232320-13,7272,2608232350,2608232350,2,,S,S2,Stuttgart Hbf|Stuttgart-Bad Cannstatt|Stuttgart Nürnberger Str.|Stuttgart-Sommerrain|Fellbach|Waiblingen|Rommelshausen|Stetten-Beinstein|Endersbach|Beutelsbach|Grunbach|Geradstetten,8006485,Winterbach (b Schorndorf),Baden-Württemberg,Winterbach,73650,9.481549751,48.79842743,4,2608232352,,2608232353,,h,1,Bauarbeiten,,,,,,,2.0,3.0
-1263112065111090114-2608232328-3,7277,2608232333,2608232333,1,,S,S2,Schorndorf|Weiler(Rems),8006485,Winterbach (b Schorndorf),Baden-Württemberg,Winterbach,73650,9.481549751,48.79842743,4,2608232333,,2608232333,,h,1,Bauarbeiten,,,,,,,0.0,0.0
1962327971982131461-2608232303-3,7275,2608232308,2608232308,1,,S,S2,Schorndorf|Weiler(Rems),8006485,Winterbach (b Schorndorf),Baden-Württemberg,Winterbach,73650,9.481549751,48.79842743,4,2608232308,,2608232308,,h,1,Bauarbeiten,,,,,,,0.0,0.0
3150370635624129361-2608232304-5,7073,2608232313,2608232314,1,,S,S60,Böblingen|Sindelfingen|Maichingen|Maichingen Nord,8003807,Magstadt,Baden-Württemberg,Magstadt,71106,8.965315746,48.73616033,6,2608232314,,2608232315,,,,,,,,,,,1.0,1.0
1851201085371332579-2608232339-3,7076,2608232345,2608232345,2,,S,S60,Renningen|Renningen Süd,8003807,Magstadt,Baden-Württemberg,Magstadt,71106,8.965315746,48.73616033,6,2608232345,,2608232346,,,,,,,,,,,0.0,1.0
3929535977463866299-2608232334-5,7075,2608232343,2608232344,1,,S,S60,Böblingen|Sindelfingen|Maichingen|Maichingen Nord,8003807,Magstadt,Baden-Württemberg,Magstadt,71106,8.965315746,48.73616033,6,2608232343,,2608232344,,,,,,,,,,,0.0,0.0
7722730552485304498-2608232309-3,7074,2608232315,2608232315,2,,S,S60,Renningen|Renningen Süd,8003807,Magstadt,Baden-Württemberg,Magstadt,71106,8.965315746,48.73616033,6,2608232315,,2608232316,,,,,,,,,,,0.0,1.0
3150370635624129361-2608232304-4,7073,2608232311,2608232311,1,,S,S60,Böblingen|Sindelfingen|Maichingen,8003834,Maichingen Nord,Baden-Württemberg,Sindelfingen,71069,8.979416996,48.72750392,5,2608232312,,2608232312,,,,,,,,,,,1.0,1.0
1851201085371332579-2608232339-4,7076,2608232347,2608232347,2,,S,S60,Renningen|Renningen Süd|Magstadt,8003834,Maichingen Nord,Baden-Württemberg,Sindelfingen,71069,8.979416996,48.72750392,5,2608232348,,2608232348,,,,,,,,,,,1.0,1.0
3929535977463866299-2608232334-4,7075,2608232341,2608232341,1,,S,S60,Böblingen|Sindelfingen|Maichingen,8003834,Maichingen Nord,Baden-Württemberg,Sindelfingen,71069,8.979416996,48.72750392,5,2608232341,,2608232342,,,,,,,,,,,0.0,1.0
7722730552485304498-2608232309-4,7074,2608232317,2608232317,2,,S,S60,Renningen|Renningen Süd|Magstadt,8003834,Maichingen Nord,Baden-Württemberg,Sindelfingen,71069,8.979416996,48.72750392,5,2608232317,,2608232318,,,,,,,,,,,0.0,1.0
3150370635624129361-2608232304-3,7073,2608232309,2608232310,1,,S,S60,Böblingen|Sindelfingen,8003808,Maichingen,Baden-Württemberg,Sindelfingen,71069,8.969606704,48.72162074,6,2608232309,,2608232311,,,,,,,,,,,0.0,1.0
1851201085371332579-2608232339-5,7076,2608232349,2608232349,1,,S,S60,Renningen|Renningen Süd|Magstadt|Maichingen Nord,8003808,Maichingen,Baden-Württemberg,Sindelfingen,71069,8.969606704,48.72162074,6,2608232349,,2608232350,,,,,,,,,,,0.0,1.0
3929535977463866299-2608232334-3,7075,2608232339,2608232340,1,,S,S60,Böblingen|Sindelfingen,8003808,Maichingen,Baden-Württemberg,Sindelfingen,71069,8.969606704,48.72162074,6,2608232339,,2608232340,,,,,,,,,,,0.0,0.0
7722730552485304498-2608232309-5,7074,2608232319,2608232319,1,,S,S60,Renningen|Renningen Süd|Magstadt|Maichingen Nord,8003808,Maichingen,Baden-Württemberg,Sindelfingen,71069,8.969606704,48.72162074,6,2608232319,,2608232319,,,,,,,,,,,0.0,0.0
3150370635624129361-2608232304-6,7073,2608232317,2608232318,1,,S,S60,Böblingen|Sindelfingen|Maichingen|Maichingen Nord|Magstadt,8005001,Renningen Süd,Baden-Württemberg,Renningen,71272,8.932068278,48.76261937,6,2608232318,,2608232319,,,,,,,,,,,1.0,1.0
1851201085371332579-2608232339-2,7076,2608232341,2608232341,2,,S,S60,Renningen,8005001,Renningen Süd,Baden-Württemberg,Renningen,71272,8.932068278,48.76261937,6,2608232341,,2608232342,,,,,,,,,,,0.0,1.0
3929535977463866299-2608232334-6,7075,2608232347,2608232348,1,,S,S60,Böblingen|Sindelfingen|Maichingen|Maichingen Nord|Magstadt,8005001,Renningen Süd,Baden-Württemberg,Renningen,71272,8.932068278,48.76261937,6,2608232347,,2608232348,,,,,,,,,,,0.0,0.0
7722730552485304498-2608232309-2,7074,2608232311,2608232311,2,,S,S60,Renningen,8005001,Renningen Süd,Baden-Württemberg,Renningen,71272,8.932068278,48.76261937,6,2608232311,,2608232312,,,,,,,,,,,0.0,1.0
