ID,train_number,planned_arrival,planned_departure,planned_platform,planned_status,category_train,train,path,eva_nr,station_name,station_state,station_city,station_zipcode,station_long,station_lat,station_category,changed_arrival,changed_platform_arrival,changed_departure,changed_platform_departure,message_status,priority,info,arrival_hidden,departure_hidden,arrival_path,departure_path,arrival_status,departure_status,arrival_delay_m,departure_delay_m
-1445914617040136913-2608292120-6,7169,2608292139,2608292140,3,,S,S1,Kirchheim(Teck)|Kirchheim(Teck)-Ötlingen|Wendlingen(Neckar)|Wernau(Neckar)|Plochingen,8000508,Altbach,Baden-Württemberg,Altbach,73776,9.382434033,48.72031354,3,2608292139,,2608292140,,,,,,,,,,,0.0,0.0
6929098726566169295-2608292055-10,7164,2608292120,2608292120,4,,S,S1,Stuttgart Hbf|Stuttgart-Bad Cannstatt|Stuttgart Neckarpark|Stuttgart-Untertürkheim|Stuttgart-Obertürkheim|Esslingen-Mettingen|Esslingen(Neckar)|Oberesslingen|Esslingen-Zell,8000508,Altbach,Baden-Württemberg,Altbach,73776,9.382434033,48.72031354,3,2608292120,,2608292120,,,,,,,,,,,0.0,0.0
6090333868698703745-2608292125-10,7166,2608292150,2608292150,4,,S,S1,Stuttgart Hbf|Stuttgart-Bad Cannstatt|Stuttgart Neckarpark|Stuttgart-Untertürkheim|Stuttgart-Obertürkheim|Esslingen-Mettingen|Esslingen(Neckar)|Oberesslingen|Esslingen-Zell,8000508,Altbach,Baden-Württemberg,Altbach,73776,9.382434033,48.72031354,3,2608292150,,2608292152,,,,,,,,,,,0.0,2.0
3106830256264099267-2608292050-6,7167,2608292109,2608292110,3,,S,S1,Kirchheim(Teck)|Kirchheim(Teck)-Ötlingen|Wendlingen(Neckar)|Wernau(Neckar)|Plochingen,8000508,Altbach,Baden-Württemberg,Altbach,73776,9.382434033,48.72031354,3,2608292109,,2608292110,,,,,,,,,,,0.0,0.0
6402086477437547994-2608292107-14,7462,2608292152,,1,,S,,Stuttgart Hbf|Stuttgart Nordbahnhof|Stuttgart-Feuerbach|Stuttgart-Zuffenhausen|Kornwestheim Pbf|Ludwigsburg|Favoritepark|Freiberg(Neckar)|Benningen(Neckar)|Marbach(Neckar)|Erdmannhausen|Kirchberg(Murr)|Burgstall(Murr),8000016,Backnang,Baden-Württemberg,Backnang,71522,9.425986107,48.94264844,3,2608292153,,,,,,,,,,,,,1.0,0.0
6924424662402192372-2608292112-12,7364,2608292148,,5,,S,,Stuttgart Hbf|Stuttgart-Bad Cannstatt|Stuttgart Nürnberger Str.|Stuttgart-Sommerrain|Fellbach|Waiblingen|Neustadt-Hohenacker|Schwaikheim|Winnenden|Nellmersbach|Maubach,8000016,Backnang,Baden-Württemberg,Backnang,71522,9.425986107,48.94264844,3,2608292149,,,,,,,,,,,,,1.0,0.0
9208125594300952260-2608292057-5,88647,2608292122,2608292124,4,,ARV,RE90,Stuttgart Hbf|Stuttgart-Bad Cannstatt|Waiblingen|Winnenden,8000016,Backnang,Baden-Württemberg,Backnang,71522,9.425986107,48.94264844,3,2608292123,,2608292124,,r,,,,,,,p,p,1.0,0.0
3859668929434965477-2608292111-1,7367,,2608292111,,,S,S3,,8000016,Backnang,Baden-Württemberg,Backnang,71522,9.425986107,48.94264844,3,,,2608292111,,,,,,,,,,,0.0,0.0
-2670578142775611336-2608292037-14,7460,2608292122,,1,,S,,Stuttgart Hbf|Stuttgart Nordbahnhof|Stuttgart-Feuerbach|Stuttgart-Zuffenhausen|Kornwestheim Pbf|Ludwigsburg|Favoritepark|Freiberg(Neckar)|Benningen(Neckar)|Marbach(Neckar)|Erdmannhausen|Kirchberg(Murr)|Burgstall(Murr),8000016,Backnang,Baden-Württemberg,Backnang,71522,9.425986107,48.94264844,3,2608292122,,,,,,,,,,,,,0.0,0.0
-4217556654966046239-2608292042-12,7362,2608292118,,5,,S,,Stuttgart Hbf|Stuttgart-Bad Cannstatt|Stuttgart Nürnberger Str.|Stuttgart-Sommerrain|Fellbach|Waiblingen|Neustadt-Hohenacker|Schwaikheim|Winnenden|Nellmersbach|Maubach,8000016,Backnang,Baden-Württemberg,Backnang,71522,9.425986107,48.94264844,3,2608292118,,,,,,,,,,,,,0.0,0.0
8574263120480324907-2608292152-1,17557,,2608292152,,,RB,MEX90,,8000016,Backnang,Baden-Württemberg,Backnang,71522,9.425986107,48.94264844,3,,,2608292152,,,,,,,,,,,0.0,0.0
7418717905807514467-2608292034-7,17562,2608292106,,3,,RB,,Gaildorf West|Fichtenberg|Fornsbach|Murrhardt|Sulzbach(Murr)|Oppenweiler(Württ),8000016,Backnang,Baden-Württemberg,Backnang,71522,9.425986107,48.94264844,3,2608292109,,,,,,,,,,,,,3.0,0.0
970449513727673732-2608292141-1,7369,,2608292141,,,S,S3,,8000016,Backnang,Baden-Württemberg,Backnang,71522,9.425986107,48.94264844,3,,,2608292146,,,,,,,,,,,0.0,5.0
-5952953719627570212-2608292103-6,17564,2608292136,2608292137,4,,RE,MEX90,Schwäbisch Hall-Hessental|Gaildorf West|Murrhardt|Sulzbach(Murr)|Oppenweiler(Württ),8000016,Backnang,Baden-Württemberg,Backnang,71522,9.425986107,48.94264844,3,2608292142,,2608292143,,,,,,,,,,,6.0,6.0
613026341677136269-2608292103-1,7467,,2608292103,,,S,S4,,8000016,Backnang,Baden-Württemberg,Backnang,71522,9.425986107,48.94264844,3,,,2608292105,,,,,,,,,,,0.0,2.0
6402086477437547994-2608292107-9,7462,2608292132,2608292133,1,,S,S4,Stuttgart Hbf|Stuttgart Nordbahnhof|Stuttgart-Feuerbach|Stuttgart-Zuffenhausen|Kornwestheim Pbf|Ludwigsburg|Favoritepark|Freiberg(Neckar),8000873,Benningen (Neckar),Baden-Württemberg,Benningen am Neckar,71726,9.244299075,48.94379773,5,2608292135,,2608292135,,,,,,,,,,,3.0,2.0
-2670578142775611336-2608292037-9,7460,2608292102,2608292103,1,,S,S4,Stuttgart Hbf|Stuttgart Nordbahnhof|Stuttgart-Feuerbach|Stuttgart-Zuffenhausen|Kornwestheim Pbf|Ludwigsburg|Favoritepark|Freiberg(Neckar),8000873,Benningen (Neckar),Baden-Württemberg,Benningen am Neckar,71726,9.244299075,48.94379773,5,2608292103,,2608292103,,,,,,,,,c,c,1.0,0.0
3766048702884366970-2608292155-2,7469,2608292157,2608292157,2,,S,S4,Marbach(Neckar),8000873,Benningen (Neckar),Baden-Württemberg,Benningen am Neckar,71726,9.244299075,48.94379773,5,2608292157,,2608292158,,,,,,,,,,,0.0,1.0
613026341677136269-2608292103-6,7467,2608292127,2608292127,2,,S,S4,Backnang|Burgstall(Murr)|Kirchberg(Murr)|Erdmannhausen|Marbach(Neckar),8000873,Benningen (Neckar),Baden-Württemberg,Benningen am Neckar,71726,9.244299075,48.94379773,5,2608292127,,2608292127,,,,,,,,,,,0.0,0.0
2628700476961371155-2608292103-6,7267,2608292115,2608292115,2,,S,S2,Schorndorf|Weiler(Rems)|Winterbach(b Schorndorf)|Geradstetten|Grunbach,8000934,Beutelsbach,Baden-Württemberg,Weinstadt,71384,9.38551589,48.81038925,5,2608292128,,2608292129,,h,1,Störung,,,,,,,13.0,14.0
3090077021401438649-2608292050-10,7262,2608292113,2608292113,1,,S,S2,Stuttgart Hbf|Stuttgart-Bad Cannstatt|Stuttgart Nürnberger Str.|Stuttgart-Sommerrain|Fellbach|Waiblingen|Rommelshausen|Stetten-Beinstein|Endersbach,8000934,Beutelsbach,Baden-Württemberg,Weinstadt,71384,9.38551589,48.81038925,5,2608292114,,2608292115,,h,1,Störung,,,,,,,1.0,2.0
-7971444916294519755-2608292120-10,7264,2608292143,2608292143,1,,S,S2,Stuttgart Hbf|Stuttgart-Bad Cannstatt|Stuttgart Nürnberger Str.|Stuttgart-Sommerrain|Fellbach|Waiblingen|Rommelshausen|Stetten-Beinstein|Endersbach,8000934,Beutelsbach,Baden-Württemberg,Weinstadt,71384,9.38551589,48.81038925,5,2608292143,,2608292144,,h,1,Störung,,,,,,,0.0,1.0
2890455660221075834-2608292133-6,7269,2608292145,2608292145,2,,S,S2,Schorndorf|Weiler(Rems)|Winterbach(b Schorndorf)|Geradstetten|Grunbach,8000934,Beutelsbach,Baden-Württemberg,Weinstadt,71384,9.38551589,48.81038925,5,2608292159,,2608292159,,h,1,Störung,,,,,,,14.0,14.0
9213895271120086804-2608292114-12,19537,2608292149,,4,,RE,,Pforzheim Hbf|Eutingen(Baden)|Niefern|Enzberg|Mühlacker|Mühlacker Rößlesweg|Illingen(Württ)|Vaihingen(Enz)|Sersheim|Sachsenheim|Ellental,8000038,Bietigheim-Bissingen,Baden-Württemberg,Bietigheim-Bissingen,74321,9.137217396,48.94794988,2,2608292155,3,,,,,,,,,,,,6.0,0.0
2482873040206726198-2608292104-1,19534,,2608292104,,,RE,MEX17,,8000038,Bietigheim-Bissingen,Baden-Württemberg,Bietigheim-Bissingen,74321,9.137217396,48.94794988,2,,,2608292107,3,,,,,,,,,,0.0,3.0
3007786819983011594-2608292044-12,19293,2608292124,,3,,RE,,Pforzheim Hbf|Eutingen(Baden)|Niefern|Enzberg|Mühlacker|Mühlacker Rößlesweg|Illingen(Württ)|Vaihingen(Enz)|Sersheim|Sachsenheim|Ellental,8000038,Bietigheim-Bissingen,Baden-Württemberg,Bietigheim-Bissingen,74321,9.137217396,48.94794988,2,2608292124,,,,,,,,,,,,,0.0,0.0
-5278958257211183007-2608292132-1,19294,,2608292132,,,RE,MEX17,,8000038,Bietigheim-Bissingen,Baden-Württemberg,Bietigheim-Bissingen,74321,9.137217396,48.94794988,2,,,2608292132,,,,,,,,,,,0.0,0.0
-5721042257730826301-2608292038-16,7066,2608292126,,5,,S,,Stuttgart-Feuerbach|Stuttgart-Zuffenhausen|Neuwirtshaus(Porscheplatz)|Korntal|Weilimdorf|Ditzingen|Höfingen|Leonberg|Rutesheim|Renningen|Renningen Süd|Magstadt|Maichingen Nord|Maichingen|Sindelfingen,8001055,Böblingen,Baden-Württemberg,Böblingen,71034,9.004531864,48.68784871,3,2608292129,,,,,,,,,,,,,3.0,0.0
-1277972719015839341-2608292046-6,7766,2608292100,2608292100,3,,S,S1,Herrenberg|Nufringen|Gärtringen|Ehningen(b Böblingen)|Hulb,8001055,Böblingen,Baden-Württemberg,Böblingen,71034,9.004531864,48.68784871,3,2608292101,,2608292102,,h,1,Störung,,,,,,,1.0,2.0
-279161464129784570-2608292139-7,7068,2608292156,,5,,S,,Renningen|Renningen Süd|Magstadt|Maichingen Nord|Maichingen|Sindelfingen,8001055,Böblingen,Baden-Württemberg,Böblingen,71034,9.004531864,48.68784871,3,2608292157,,,,,,,,,,,,,1.0,0.0
3342960685238521043-2608292015-9,17680,2608292120,2608292121,2,,RE,RE14a,Oberndorf(Neckar)|Sulz(Neckar)|Horb|Eutingen im Gäu|Ergenzingen|Bondorf(b Herrenberg)|Gäufelden|Herrenberg,8001055,Böblingen,Baden-Württemberg,Böblingen,71034,9.004531864,48.68784871,3,2608292120,,2608292121,,,,,,,,,,,0.0,0.0
1091836898745684931-2608292116-6,7768,2608292130,2608292130,3,,S,S1,Herrenberg|Nufringen|Gärtringen|Ehningen(b Böblingen)|Hulb,8001055,Böblingen,Baden-Württemberg,Böblingen,71034,9.004531864,48.68784871,3,2608292130,,2608292132,,,,,,,,,,,0.0,2.0
978787480329593539-2608292135-1,8172,,2608292135,,,WEG,RB46,,8001055,Böblingen,Baden-Württemberg,Böblingen,71034,9.004531864,48.68784871,3,,,2608292135,,,,,,,,,,,0.0,0.0
-8158613416807274501-2608292104-1,7065,,2608292104,,,S,S60,,8001055,Böblingen,Baden-Württemberg,Böblingen,71034,9.004531864,48.68784871,3,,,2608292104,,,,,,,,,,,0.0,0.0
7537870707558801072-2608292116-4,7765,2608292130,2608292130,4,,S,S1,Stuttgart-Vaihingen|Stuttgart-Rohr|Goldberg(Württ),8001055,Böblingen,Baden-Württemberg,Böblingen,71034,9.004531864,48.68784871,3,2608292130,,2608292131,,,,,,,,,,,0.0,1.0
4683056481244044415-2608292046-4,7763,2608292100,2608292100,4,,S,S1,Stuttgart-Vaihingen|Stuttgart-Rohr|Goldberg(Württ),8001055,Böblingen,Baden-Württemberg,Böblingen,71034,9.004531864,48.68784871,3,2608292100,,2608292101,,h,1,Störung,,,,,,,0.0,1.0
5309476577673731873-2608292101-3,28499,2608292126,,2,,RE,,Stuttgart Hbf|Stuttgart-Vaihingen,8001055,Böblingen,Baden-Württemberg,Böblingen,71034,9.004531864,48.68784871,3,2608292126,,,,,,,,,,,,,0.0,0.0
-8173057082443024324-2608292013-15,17682,2608292120,2608292121,2,,RE,RE14b,Freudenstadt Hbf|Grüntal-Wittlensweiler|Dornstetten-Aach|Dornstetten|Schopfloch(b Freudenstadt)|Bittelbronn|Horb-Heiligenfeld|Hochdorf(b Horb)|Eutingen Nord|Eutingen im Gäu|Ergenzingen|Bondorf(b Herrenberg)|Gäufelden|Herrenberg,8001055,Böblingen,Baden-Württemberg,Böblingen,71034,9.004531864,48.68784871,3,2608292120,,2608292121,,,,,,,,,,,0.0,0.0
6707371745203943234-2608292102-12,8169,2608292125,,1,,WEG,,Dettenhausen|Weil im Schönbuch Untere Halde|Weil im Schönbuch Röte|Weil im Schönbuch Troppel|Holzgerlingen Buch|Holzgerlingen Bf|Holzgerlingen Hülben|Böblingen Zimmerschlag|Böblingen Heusteigstr|Böblingen Südbf|Böblingen Danziger Str,8001055,Böblingen,Baden-Württemberg,Böblingen,71034,9.004531864,48.68784871,3,2608292125,,,,,,,,,,,,,0.0,0.0
-5866427935955509808-2608292134-1,7067,,2608292134,,,S,S60,,8001055,Böblingen,Baden-Württemberg,Böblingen,71034,9.004531864,48.68784871,3,,,2608292135,,,,,,,,,,,0.0,1.0
6402086477437547994-2608292107-13,7462,2608292147,2608292147,1,,S,S4,Stuttgart Hbf|Stuttgart Nordbahnhof|Stuttgart-Feuerbach|Stuttgart-Zuffenhausen|Kornwestheim Pbf|Ludwigsburg|Favoritepark|Freiberg(Neckar)|Benningen(Neckar)|Marbach(Neckar)|Erdmannhausen|Kirchberg(Murr),8001296,Burgstall (Murr),Baden-Württemberg,Burgstetten,71576,9.36973562,48.92851826,6,2608292148,,2608292149,,,,,,,,,,,1.0,2.0
-2670578142775611336-2608292037-13,7460,2608292117,2608292117,1,,S,S4,Stuttgart Hbf|Stuttgart Nordbahnhof|Stuttgart-Feuerbach|Stuttgart-Zuffenhausen|Kornwestheim Pbf|Ludwigsburg|Favoritepark|Freiberg(Neckar)|Benningen(Neckar)|Marbach(Neckar)|Erdmannhausen|Kirchberg(Murr),8001296,Burgstall (Murr),Baden-Württemberg,Burgstetten,71576,9.36973562,48.92851826,6,2608292117,,2608292118,,,,,,,,,,,0.0,1.0
613026341677136269-2608292103-2,7467,2608292107,2608292108,1,,S,S4,Backnang,8001296,Burgstall (Murr),Baden-Württemberg,Burgstetten,71576,9.36973562,48.92851826,6,2608292109,,2608292109,,,,,,,,,,,2.0,1.0
-2482016822020551491-2608292117-8,7664,2608292136,2608292136,2,,S,S6,Stuttgart Hbf|Stuttgart Nordbahnhof|Stuttgart-Feuerbach|Stuttgart-Zuffenhausen|Neuwirtshaus(Porscheplatz)|Korntal|Weilimdorf,8001476,Ditzingen,Baden-Württemberg,Ditzingen,71254,9.067095186,48.82358726,4,2608292136,,2608292136,,,,,,,,,,,0.0,0.0
-4954691136188615428-2608292047-8,7662,2608292106,2608292106,2,,S,S6,Stuttgart Hbf|Stuttgart Nordbahnhof|Stuttgart-Feuerbach|Stuttgart-Zuffenhausen|Neuwirtshaus(Porscheplatz)|Korntal|Weilimdorf,8001476,Ditzingen,Baden-Württemberg,Ditzingen,71254,9.067095186,48.82358726,4,2608292106,,2608292106,,,,,,,,,,,0.0,0.0
-4129909752986717170-2608292133-7,7669,2608292154,2608292154,3,,S,S6,Weil der Stadt|Malmsheim|Renningen|Rutesheim|Leonberg|Höfingen,8001476,Ditzingen,Baden-Württemberg,Ditzingen,71254,9.067095186,48.82358726,4,2608292154,,2608292154,,,,,,,,,,,0.0,0.0
-7506781114720968709-2608292103-7,7667,2608292124,2608292124,3,,S,S6,Weil der Stadt|Malmsheim|Renningen|Rutesheim|Leonberg|Höfingen,8001476,Ditzingen,Baden-Württemberg,Ditzingen,71254,9.067095186,48.82358726,4,2608292124,,2608292125,,,,,,,,,,,0.0,1.0
7308365696903436202-2608292105-5,7965,2608292119,2608292120,1,,S,S2,Stuttgart-Vaihingen|Stuttgart-Rohr|Oberaichen|Leinfelden,8001650,Echterdingen,Baden-Württemberg,Echterdingen,70771,9.169307175,48.69214787,4,2608292119,,2608292120,,,,,,,,,,,0.0,0.0
4105031587460682562-2608292135-5,7967,2608292149,2608292150,1,,S,S2,Stuttgart-Vaihingen|Stuttgart-Rohr|Oberaichen|Leinfelden,8001650,Echterdingen,Baden-Württemberg,Echterdingen,70771,9.169307175,48.69214787,4,2608292149,,2608292150,,,,,,,,,,,0.0,0.0
-7605544355025909436-2608292103-3,7964,2608292110,2608292110,2,,S,S2,Filderstadt|Stuttgart Flughafen/Messe,8001650,Echterdingen,Baden-Württemberg,Echterdingen,70771,9.169307175,48.69214787,4,2608292110,,2608292110,,,,,,,,,,,0.0,0.0
-2334134821981316841-2608292133-3,7966,2608292140,2608292140,2,,S,S2,Filderstadt|Stuttgart Flughafen/Messe,8001650,Echterdingen,Baden-Württemberg,Echterdingen,70771,9.169307175,48.69214787,4,2608292140,,2608292140,,,,,,,,,,,0.0,0.0
1091836898745684931-2608292116-4,7768,2608292125,2608292125,1,,S,S1,Herrenberg|Nufringen|Gärtringen,8001689,Ehningen (b Böblingen),Baden-Württemberg,Ehningen,71139,8.944310368,48.66275549,4,2608292125,,2608292126,,,,,,,,,,,0.0,1.0
800896748119483466-2608292146-4,7770,2608292155,2608292155,1,,S,S1,Herrenberg|Nufringen|Gärtringen,8001689,Ehningen (b Böblingen),Baden-Württemberg,Ehningen,71139,8.944310368,48.66275549,4,2608292155,,2608292156,,,,,,,,,,,0.0,1.0
7537870707558801072-2608292116-6,7765,2608292135,2608292135,2,,S,S1,Stuttgart-Vaihingen|Stuttgart-Rohr|Goldberg(Württ)|Böblingen|Hulb,8001689,Ehningen (b Böblingen),Baden-Württemberg,Ehningen,71139,8.944310368,48.66275549,4,2608292136,,2608292137,,,,,,,,,,,1.0,2.0
4683056481244044415-2608292046-6,7763,2608292105,2608292105,2,,S,S1,Stuttgart-Vaihingen|Stuttgart-Rohr|Goldberg(Württ)|Böblingen|Hulb,8001689,Ehningen (b Böblingen),Baden-Württemberg,Ehningen,71139,8.944310368,48.66275549,4,2608292105,,2608292105,,h,1,Störung,,,,,,,0.0,0.0
2628700476961371155-2608292103-7,7267,2608292117,2608292117,3,,S,S2,Schorndorf|Weiler(Rems)|Winterbach(b Schorndorf)|Geradstetten|Grunbach|Beutelsbach,8001785,Endersbach,Baden-Württemberg,Weinstadt,71384,9.370192421,48.81317323,4,2608292130,,2608292131,,h,1,Störung,,,,,,,13.0,14.0
3090077021401438649-2608292050-9,7262,2608292111,2608292111,2,,S,S2,Stuttgart Hbf|Stuttgart-Bad Cannstatt|Stuttgart Nürnberger Str.|Stuttgart-Sommerrain|Fellbach|Waiblingen|Rommelshausen|Stetten-Beinstein,8001785,Endersbach,Baden-Württemberg,Weinstadt,71384,9.370192421,48.81317323,4,2608292112,,2608292113,,h,1,Störung,,,,,,,1.0,2.0
-7971444916294519755-2608292120-9,7264,2608292141,2608292141,2,,S,S2,Stuttgart Hbf|Stuttgart-Bad Cannstatt|Stuttgart Nürnberger Str.|Stuttgart-Sommerrain|Fellbach|Waiblingen|Rommelshausen|Stetten-Beinstein,8001785,Endersbach,Baden-Württemberg,Weinstadt,71384,9.370192421,48.81317323,4,2608292141,,2608292142,,h,1,Störung,,,,,,,0.0,1.0
2890455660221075834-2608292133-7,7269,2608292147,2608292147,3,,S,S2,Schorndorf|Weiler(Rems)|Winterbach(b Schorndorf)|Geradstetten|Grunbach|Beutelsbach,8001785,Endersbach,Baden-Württemberg,Weinstadt,71384,9.370192421,48.81317323,4,2608292200,,2608292201,,h,1,Störung,,,,,,,13.0,14.0
6402086477437547994-2608292107-11,7462,2608292140,2608292140,1,,S,S4,Stuttgart Hbf|Stuttgart Nordbahnhof|Stuttgart-Feuerbach|Stuttgart-Zuffenhausen|Kornwestheim Pbf|Ludwigsburg|Favoritepark|Freiberg(Neckar)|Benningen(Neckar)|Marbach(Neckar),8001827,Erdmannhausen,Baden-Württemberg,Erdmannhausen,71729,9.298930848,48.9483447,6,2608292142,,2608292143,,,,,,,,,,,2.0,3.0
-2670578142775611336-2608292037-11,7460,2608292110,2608292110,1,,S,S4,Stuttgart Hbf|Stuttgart Nordbahnhof|Stuttgart-Feuerbach|Stuttgart-Zuffenhausen|Kornwestheim Pbf|Ludwigsburg|Favoritepark|Freiberg(Neckar)|Benningen(Neckar)|Marbach(Neckar),8001827,Erdmannhausen,Baden-Württemberg,Erdmannhausen,71729,9.298930848,48.9483447,6,2608292110,,2608292111,,,,,,,,,,,0.0,1.0
613026341677136269-2608292103-4,7467,2608292117,2608292118,1,,S,S4,Backnang|Burgstall(Murr)|Kirchberg(Murr),8001827,Erdmannhausen,Baden-Württemberg,Erdmannhausen,71729,9.298930848,48.9483447,6,2608292118,,2608292119,,,,,,,,,,,1.0,1.0
-6102671226917243432-2608292116-8,19358,2608292154,2608292155,3,,RE,MEX12,Reutlingen Hbf|Metzingen(Württ)|Bempflingen|Nürtingen|Oberboihingen|Wendlingen(Neckar)|Plochingen,8001920,Esslingen (Neckar),Baden-Württemberg,Esslingen am Neckar,73728,9.300578149,48.73854148,3,2608292154,,2608292155,,,,,,,,,,,0.0,0.0
-9043595130434349800-2608292048-14,19174,2608292140,2608292140,3,,ARV,MEX16,Geislingen(Steige)|Geislingen(Steige)West|Kuchen|Gingen(Fils)|Süßen|Salach|Eislingen(Fils)|Göppingen|Faurndau|Uhingen|Ebersbach(Fils)|Reichenbach(Fils)|Plochingen,8001920,Esslingen (Neckar),Baden-Württemberg,Esslingen am Neckar,73728,9.300578149,48.73854148,3,2608292140,,2608292141,,,,,,,,,,,0.0,1.0
-1445914617040136913-2608292120-9,7169,2608292147,2608292147,7,,S,S1,Kirchheim(Teck)|Kirchheim(Teck)-Ötlingen|Wendlingen(Neckar)|Wernau(Neckar)|Plochingen|Altbach|Esslingen-Zell|Oberesslingen,8001920,Esslingen (Neckar),Baden-Württemberg,Esslingen am Neckar,73728,9.300578149,48.73854148,3,2608292147,,2608292148,,,,,,,,,,,0.0,1.0
-2585135652499158105-2608291741-8,1015,2608292148,2608292152,6,,ICE,,Essen Hbf|Duisburg Hbf|Düsseldorf Hbf|Köln Messe/Deutz Gl.11-12|Frankfurt(M) Flughafen Fernbf|Mannheim Hbf|Vaihingen(Enz),8001920,Esslingen (Neckar),Baden-Württemberg,Esslingen am Neckar,73728,9.300578149,48.73854148,3,2608292148,,2608292152,,,,,,,,,,,0.0,0.0
6591222286417636902-2608291753-5,9589,2608292111,2608292120,5,,TGV,,Paris Est|Strasbourg|Kehl|Karlsruhe Hbf,8001920,Esslingen (Neckar),Baden-Württemberg,Esslingen am Neckar,73728,9.300578149,48.73854148,3,2608292125,,2608292128,,,,,,,,,,,14.0,8.0
-3985651556599643211-2608292120-2,19335,2608292134,2608292135,6,,RE,MEX18,Kornwestheim Pbf,8001920,Esslingen (Neckar),Baden-Württemberg,Esslingen am Neckar,73728,9.300578149,48.73854148,3,2608292135,,2608292136,,c,,,,,,,,,1.0,1.0
6929098726566169295-2608292055-7,7164,2608292112,2608292113,8,,S,S1,Stuttgart Hbf|Stuttgart-Bad Cannstatt|Stuttgart Neckarpark|Stuttgart-Untertürkheim|Stuttgart-Obertürkheim|Esslingen-Mettingen,8001920,Esslingen (Neckar),Baden-Württemberg,Esslingen am Neckar,73728,9.300578149,48.73854148,3,2608292112,,2608292113,,,,,,,,,,,0.0,0.0
2515064770390304228-2608292140-3,19177,2608292151,2608292154,5,,ARV,MEX16,Stuttgart Hbf|Stuttgart-Bad Cannstatt,8001920,Esslingen (Neckar),Baden-Württemberg,Esslingen am Neckar,73728,9.300578149,48.73854148,3,2608292151,,2608292154,,,,,,,,,,,0.0,0.0
-8269850265962571195-2608292045-2,19349,2608292103,2608292105,8,,RE,MEX12,Kornwestheim Pbf,8001920,Esslingen (Neckar),Baden-Württemberg,Esslingen am Neckar,73728,9.300578149,48.73854148,3,2608292108,6,2608292110,6,c,,,,,,,,,5.0,5.0
6090333868698703745-2608292125-7,7166,2608292142,2608292143,8,,S,S1,Stuttgart Hbf|Stuttgart-Bad Cannstatt|Stuttgart Neckarpark|Stuttgart-Untertürkheim|Stuttgart-Obertürkheim|Esslingen-Mettingen,8001920,Esslingen (Neckar),Baden-Württemberg,Esslingen am Neckar,73728,9.300578149,48.73854148,3,2608292142,,2608292143,,,,,,,,,,,0.0,0.0
1229260282759837658-2608292112-2,19336,2608292122,2608292123,3,,RE,MEX18,Plochingen,8001920,Esslingen (Neckar),Baden-Württemberg,Esslingen am Neckar,73728,9.300578149,48.73854148,3,2608292120,,2608292123,,,,,,,,,,,-2.0,0.0
-557792537201496520-2608292100-3,19175,2608292115,2608292115,6,,ARV,MEX16,Stuttgart Hbf|Stuttgart-Bad Cannstatt,8001920,Esslingen (Neckar),Baden-Württemberg,Esslingen am Neckar,73728,9.300578149,48.73854148,3,2608292115,5,2608292117,5,,,,,,,,,,0.0,2.0
-3543196118111640054-2608292016-14,19172,2608292104,2608292105,3,,ARV,MEX16,Geislingen(Steige)|Geislingen(Steige)West|Kuchen|Gingen(Fils)|Süßen|Salach|Eislingen(Fils)|Göppingen|Faurndau|Uhingen|Ebersbach(Fils)|Reichenbach(Fils)|Plochingen,8001920,Esslingen (Neckar),Baden-Württemberg,Esslingen am Neckar,73728,9.300578149,48.73854148,3,2608292104,,2608292105,,,,,,,,,,,0.0,0.0
9051693092006692929-2608292137-2,4235,2608292145,2608292147,5,,RE,RE5,Stuttgart Hbf,8001920,Esslingen (Neckar),Baden-Württemberg,Esslingen am Neckar,73728,9.300578149,48.73854148,3,,,,,,,,,,,,c,c,0.0,0.0
3106830256264099267-2608292050-9,7167,2608292117,2608292117,7,,S,S1,Kirchheim(Teck)|Kirchheim(Teck)-Ötlingen|Wendlingen(Neckar)|Wernau(Neckar)|Plochingen|Altbach|Esslingen-Zell|Oberesslingen,8001920,Esslingen (Neckar),Baden-Württemberg,Esslingen am Neckar,73728,9.300578149,48.73854148,3,2608292117,,2608292118,,,,,,,,,,,0.0,1.0
6759640336004358692-2608291905-12,4230,2608292109,2608292110,3,,RE,RE5,Friedrichshafen Stadt|Meckenbeuren|Ravensburg|Aulendorf|Bad Schussenried|Biberach(Riß)|Laupheim West|Ulm Hbf|Geislingen(Steige)|Göppingen|Plochingen,8001920,Esslingen (Neckar),Baden-Württemberg,Esslingen am Neckar,73728,9.300578149,48.73854148,3,2608292109,,2608292110,,h,1,Störung,,,,,,,0.0,0.0
-1445914617040136913-2608292120-10,7169,2608292149,2608292150,3,,S,S1,Kirchheim(Teck)|Kirchheim(Teck)-Ötlingen|Wendlingen(Neckar)|Wernau(Neckar)|Plochingen|Altbach|Esslingen-Zell|Oberesslingen|Esslingen(Neckar),8001921,Esslingen-Mettingen,Baden-Württemberg,Esslingen am Neckar,73733,9.275799007,48.74696655,3,2608292150,,2608292151,,,,,,,,,,,1.0,1.0
6929098726566169295-2608292055-6,7164,2608292109,2608292109,4,,S,S1,Stuttgart Hbf|Stuttgart-Bad Cannstatt|Stuttgart Neckarpark|Stuttgart-Untertürkheim|Stuttgart-Obertürkheim,8001921,Esslingen-Mettingen,Baden-Württemberg,Esslingen am Neckar,73733,9.275799007,48.74696655,3,2608292109,,2608292110,,,,,,,,,,,0.0,1.0
6090333868698703745-2608292125-6,7166,2608292139,2608292139,4,,S,S1,Stuttgart Hbf|Stuttgart-Bad Cannstatt|Stuttgart Neckarpark|Stuttgart-Untertürkheim|Stuttgart-Obertürkheim,8001921,Esslingen-Mettingen,Baden-Württemberg,Esslingen am Neckar,73733,9.275799007,48.74696655,3,2608292139,,2608292139,,,,,,,,,,,0.0,0.0
3106830256264099267-2608292050-10,7167,2608292119,2608292120,3,,S,S1,Kirchheim(Teck)|Kirchheim(Teck)-Ötlingen|Wendlingen(Neckar)|Wernau(Neckar)|Plochingen|Altbach|Esslingen-Zell|Oberesslingen|Esslingen(Neckar),8001921,Esslingen-Mettingen,Baden-Württemberg,Esslingen am Neckar,73733,9.275799007,48.74696655,3,2608292120,,2608292121,,,,,,,,,,,1.0,1.0
-1445914617040136913-2608292120-7,7169,2608292142,2608292142,3,,S,S1,Kirchheim(Teck)|Kirchheim(Teck)-Ötlingen|Wendlingen(Neckar)|Wernau(Neckar)|Plochingen|Altbach,8006642,Esslingen-Zell,Baden-Württemberg,Esslingen am Neckar,73730,9.359739507,48.72436142,3,2608292142,,2608292143,,,,,,,,,,,0.0,1.0
6929098726566169295-2608292055-9,7164,2608292117,2608292118,4,,S,S1,Stuttgart Hbf|Stuttgart-Bad Cannstatt|Stuttgart Neckarpark|Stuttgart-Untertürkheim|Stuttgart-Obertürkheim|Esslingen-Mettingen|Esslingen(Neckar)|Oberesslingen,8006642,Esslingen-Zell,Baden-Württemberg,Esslingen am Neckar,73730,9.359739507,48.72436142,3,2608292118,,2608292118,,,,,,,,,,,1.0,0.0
6090333868698703745-2608292125-9,7166,2608292147,2608292148,4,,S,S1,Stuttgart Hbf|Stuttgart-Bad Cannstatt|Stuttgart Neckarpark|Stuttgart-Untertürkheim|Stuttgart-Obertürkheim|Esslingen-Mettingen|Esslingen(Neckar)|Oberesslingen,8006642,Esslingen-Zell,Baden-Württemberg,Esslingen am Neckar,73730,9.359739507,48.72436142,3,2608292148,,2608292149,,,,,,,,,,,1.0,1.0
3106830256264099267-2608292050-7,7167,2608292112,2608292112,3,,S,S1,Kirchheim(Teck)|Kirchheim(Teck)-Ötlingen|Wendlingen(Neckar)|Wernau(Neckar)|Plochingen|Altbach,8006642,Esslingen-Zell,Baden-Württemberg,Esslingen am Neckar,73730,9.359739507,48.72436142,3,2608292112,,2608292113,,,,,,,,,,,0.0,1.0
6402086477437547994-2608292107-7,7462,2608292126,2608292126,1,,S,S4,Stuttgart Hbf|Stuttgart Nordbahnhof|Stuttgart-Feuerbach|Stuttgart-Zuffenhausen|Kornwestheim Pbf|Ludwigsburg,8001967,Favoritepark,Baden-Württemberg,Ludwigsburg,71634,9.180574277,48.90948451,5,2608292128,,2608292129,,,,,,,,,,,2.0,3.0
2828988855077273536-2608292137-7,7464,2608292156,2608292156,1,,S,S4,Stuttgart Hbf|Stuttgart Nordbahnhof|Stuttgart-Feuerbach|Stuttgart-Zuffenhausen|Kornwestheim Pbf|Ludwigsburg,8001967,Favoritepark,Baden-Württemberg,Ludwigsburg,71634,9.180574277,48.90948451,5,2608292156,,2608292157,,,,,,,,,,,0.0,1.0
-5248477185843077062-2608292033-8,7465,2608292103,2608292104,2,,S,S4,Backnang|Burgstall(Murr)|Kirchberg(Murr)|Erdmannhausen|Marbach(Neckar)|Benningen(Neckar)|Freiberg(Neckar),8001967,Favoritepark,Baden-Württemberg,Ludwigsburg,71634,9.180574277,48.90948451,5,2608292103,,2608292104,,,,,,,,,,,0.0,0.0
613026341677136269-2608292103-8,7467,2608292133,2608292134,2,,S,S4,Backnang|Burgstall(Murr)|Kirchberg(Murr)|Erdmannhausen|Marbach(Neckar)|Benningen(Neckar)|Freiberg(Neckar),8001967,Favoritepark,Baden-Württemberg,Ludwigsburg,71634,9.180574277,48.90948451,5,2608292133,,2608292134,,,,,,,,,,,0.0,0.0
6924424662402192372-2608292112-5,7364,2608292126,2608292127,1,,S,S3,Stuttgart Hbf|Stuttgart-Bad Cannstatt|Stuttgart Nürnberger Str.|Stuttgart-Sommerrain,8001974,Fellbach,Baden-Württemberg,Fellbach,70736,9.270645988,48.8202936,3,2608292126,,2608292127,,,,,,,,,,,0.0,0.0
2628700476961371155-2608292103-11,7267,2608292127,2608292128,4,,S,S2,Schorndorf|Weiler(Rems)|Winterbach(b Schorndorf)|Geradstetten|Grunbach|Beutelsbach|Endersbach|Stetten-Beinstein|Rommelshausen|Waiblingen,8001974,Fellbach,Baden-Württemberg,Fellbach,70736,9.270645988,48.8202936,3,2608292140,,2608292141,,h,1,Störung,,,,,,,13.0,13.0
3859668929434965477-2608292111-8,7367,2608292132,2608292133,4,,S,S3,Backnang|Maubach|Nellmersbach|Winnenden|Schwaikheim|Neustadt-Hohenacker|Waiblingen,8001974,Fellbach,Baden-Württemberg,Fellbach,70736,9.270645988,48.8202936,3,2608292132,,2608292133,,,,,,,,,,,0.0,0.0
3090077021401438649-2608292050-5,7262,2608292101,2608292102,1,,S,S2,Stuttgart Hbf|Stuttgart-Bad Cannstatt|Stuttgart Nürnberger Str.|Stuttgart-Sommerrain,8001974,Fellbach,Baden-Württemberg,Fellbach,70736,9.270645988,48.8202936,3,2608292101,,2608292103,,h,1,Störung,,,,,,,0.0,1.0
-7578975115161805427-2608292041-8,7365,2608292102,2608292103,4,,S,S3,Backnang|Maubach|Nellmersbach|Winnenden|Schwaikheim|Neustadt-Hohenacker|Waiblingen,8001974,Fellbach,Baden-Württemberg,Fellbach,70736,9.270645988,48.8202936,3,2608292102,,2608292103,,,,,,,,,,,0.0,0.0
-7971444916294519755-2608292120-5,7264,2608292131,2608292132,1,,S,S2,Stuttgart Hbf|Stuttgart-Bad Cannstatt|Stuttgart Nürnberger Str.|Stuttgart-Sommerrain,8001974,Fellbach,Baden-Württemberg,Fellbach,70736,9.270645988,48.8202936,3,2608292131,,2608292132,,h,1,Störung,,,,,,,0.0,0.0
2890455660221075834-2608292133-11,7269,2608292157,2608292158,4,,S,S2,Schorndorf|Weiler(Rems)|Winterbach(b Schorndorf)|Geradstetten|Grunbach|Beutelsbach|Endersbach|Stetten-Beinstein|Rommelshausen|Waiblingen,8001974,Fellbach,Baden-Württemberg,Fellbach,70736,9.270645988,48.8202936,3,2608292210,,2608292212,,h,1,Störung,,,,,,,13.0,14.0
553786968472239584-2608292142-5,7366,2608292156,2608292157,1,,S,S3,Stuttgart Hbf|Stuttgart-Bad Cannstatt|Stuttgart Nürnberger Str.|Stuttgart-Sommerrain,8001974,Fellbach,Baden-Württemberg,Fellbach,70736,9.270645988,48.8202936,3,2608292156,,2608292157,,,,,,,,,,,0.0,0.0
7308365696903436202-2608292105-6,7965,2608292122,2608292123,1,,S,S2,Stuttgart-Vaihingen|Stuttgart-Rohr|Oberaichen|Leinfelden|Echterdingen,8005768,Stuttgart Flughafen/Messe,Baden-Württemberg,Leinfelden-Echterdingen,70629,9.193411574,48.69075193,4,2608292122,,2608292123,,,,,,,,,,,0.0,0.0
4105031587460682562-2608292135-6,7967,2608292152,2608292153,1,,S,S2,Stuttgart-Vaihingen|Stuttgart-Rohr|Oberaichen|Leinfelden|Echterdingen,8005768,Stuttgart Flughafen/Messe,Baden-Württemberg,Leinfelden-Echterdingen,70629,9.193411574,48.69075193,4,2608292152,,2608292153,,,,,,,,,,,0.0,0.0
-7605544355025909436-2608292103-2,7964,2608292107,2608292108,2,,S,S2,Filderstadt,8005768,Stuttgart Flughafen/Messe,Baden-Württemberg,Leinfelden-Echterdingen,70629,9.193411574,48.69075193,4,2608292113,,2608292108,,,,,,,,,,,6.0,0.0
-2334134821981316841-2608292133-2,7966,2608292137,2608292138,2,,S,S2,Filderstadt,8005768,Stuttgart Flughafen/Messe,Baden-Württemberg,Leinfelden-Echterdingen,70629,9.193411574,48.69075193,4,2608292136,,2608292138,,,,,,,,,,,-1.0,0.0
6402086477437547994-2608292107-8,7462,2608292129,2608292129,3,,S,S4,Stuttgart Hbf|Stuttgart Nordbahnhof|Stuttgart-Feuerbach|Stuttgart-Zuffenhausen|Kornwestheim Pbf|Ludwigsburg|Favoritepark,8002065,Freiberg (Neckar),Baden-Württemberg,Freiberg am Neckar,71691,9.197530085,48.92994974,5,2608292131,,2608292132,,,,,,,,,,,2.0,3.0
2828988855077273536-2608292137-8,7464,2608292159,2608292159,3,,S,S4,Stuttgart Hbf|Stuttgart Nordbahnhof|Stuttgart-Feuerbach|Stuttgart-Zuffenhausen|Kornwestheim Pbf|Ludwigsburg|Favoritepark,8002065,Freiberg (Neckar),Baden-Württemberg,Freiberg am Neckar,71691,9.197530085,48.92994974,5,2608292159,,2608292200,,,,,,,,,,,0.0,1.0
-5248477185843077062-2608292033-7,7465,2608292100,2608292101,2,,S,S4,Backnang|Burgstall(Murr)|Kirchberg(Murr)|Erdmannhausen|Marbach(Neckar)|Benningen(Neckar),8002065,Freiberg (Neckar),Baden-Württemberg,Freiberg am Neckar,71691,9.197530085,48.92994974,5,2608292100,,2608292101,,,,,,,,,,,0.0,0.0
613026341677136269-2608292103-7,7467,2608292130,2608292131,2,,S,S4,Backnang|Burgstall(Murr)|Kirchberg(Murr)|Erdmannhausen|Marbach(Neckar)|Benningen(Neckar),8002065,Freiberg (Neckar),Baden-Württemberg,Freiberg am Neckar,71691,9.197530085,48.92994974,5,2608292130,,2608292131,,,,,,,,,,,0.0,0.0
1091836898745684931-2608292116-3,7768,2608292122,2608292122,2,,S,S1,Herrenberg|Nufringen,8002165,Gärtringen,Baden-Württemberg,Gärtringen,71116,8.908864487,48.64080021,5,2608292122,,2608292122,,,,,,,,,,,0.0,0.0
800896748119483466-2608292146-3,7770,2608292152,2608292152,2,,S,S1,Herrenberg|Nufringen,8002165,Gärtringen,Baden-Württemberg,Gärtringen,71116,8.908864487,48.64080021,5,2608292152,,2608292152,,,,,,,,,,,0.0,0.0
7537870707558801072-2608292116-7,7765,2608292138,2608292138,1,,S,S1,Stuttgart-Vaihingen|Stuttgart-Rohr|Goldberg(Württ)|Böblingen|Hulb|Ehningen(b Böblingen),8002165,Gärtringen,Baden-Württemberg,Gärtringen,71116,8.908864487,48.64080021,5,2608292140,,2608292140,,,,,,,,,,,2.0,2.0
4683056481244044415-2608292046-7,7763,2608292108,2608292108,1,,S,S1,Stuttgart-Vaihingen|Stuttgart-Rohr|Goldberg(Württ)|Böblingen|Hulb|Ehningen(b Böblingen),8002165,Gärtringen,Baden-Württemberg,Gärtringen,71116,8.908864487,48.64080021,5,2608292108,,2608292109,,h,1,Störung,,,,,,,0.0,1.0
2628700476961371155-2608292103-4,7267,2608292110,2608292111,1,,S,S2,Schorndorf|Weiler(Rems)|Winterbach(b Schorndorf),8002240,Geradstetten,Baden-Württemberg,Remshalden,73630,9.439522346,48.80527689,5,2608292110,,2608292111,,h,1,Störung,,,,,c,c,0.0,0.0
3090077021401438649-2608292050-12,7262,2608292117,2608292117,2,,S,S2,Stuttgart Hbf|Stuttgart-Bad Cannstatt|Stuttgart Nürnberger Str.|Stuttgart-Sommerrain|Fellbach|Waiblingen|Rommelshausen|Stetten-Beinstein|Endersbach|Beutelsbach|Grunbach,8002240,Geradstetten,Baden-Württemberg,Remshalden,73630,9.439522346,48.80527689,5,2608292118,,2608292118,,h,1,Störung,,,,,c,c,1.0,1.0
-7971444916294519755-2608292120-12,7264,2608292147,2608292147,2,,S,S2,Stuttgart Hbf|Stuttgart-Bad Cannstatt|Stuttgart Nürnberger Str.|Stuttgart-Sommerrain|Fellbach|Waiblingen|Rommelshausen|Stetten-Beinstein|Endersbach|Beutelsbach|Grunbach,8002240,Geradstetten,Baden-Württemberg,Remshalden,73630,9.439522346,48.80527689,5,2608292147,,2608292148,,h,1,Störung,,,,,c,c,0.0,1.0
2890455660221075834-2608292133-4,7269,2608292140,2608292141,1,,S,S2,Schorndorf|Weiler(Rems)|Winterbach(b Schorndorf),8002240,Geradstetten,Baden-Württemberg,Remshalden,73630,9.439522346,48.80527689,5,2608292210,,2608292211,,h,1,Störung,,,Schorndorf|Weiler(Rems)|Winterbach(b Schorndorf),Grunbach|Beutelsbach|Endersbach|Stetten-Beinstein|Rommelshausen|Waiblingen|Fellbach|Stuttgart-Sommerrain|Stuttgart Nürnberger Str.|Stuttgart-Bad Cannstatt|Stuttgart Hbf,c,c,30.0,30.0
-1277972719015839341-2608292046-7,7766,2608292102,2608292102,2,,S,S1,Herrenberg|Nufringen|Gärtringen|Ehningen(b Böblingen)|Hulb|Böblingen,8005201,Goldberg,Baden-Württemberg,Böblingen,71032,9.019733387,48.69651581,5,2608292104,,2608292105,,h,1,Störung,,,,,,,2.0,3.0
1091836898745684931-2608292116-7,7768,2608292132,2608292132,2,,S,S1,Herrenberg|Nufringen|Gärtringen|Ehningen(b Böblingen)|Hulb|Böblingen,8005201,Goldberg,Baden-Württemberg,Böblingen,71032,9.019733387,48.69651581,5,2608292133,,2608292134,,,,,,,,,,,1.0,2.0
-3745751710781721805-2608292146-3,7767,2608292158,2608292158,1,,S,S1,Stuttgart-Vaihingen|Stuttgart-Rohr,8005201,Goldberg,Baden-Württemberg,Böblingen,71032,9.019733387,48.69651581,5,2608292158,,2608292158,,,,,,,,,,,0.0,0.0
7537870707558801072-2608292116-3,7765,2608292128,2608292128,1,,S,S1,Stuttgart-Vaihingen|Stuttgart-Rohr,8005201,Goldberg,Baden-Württemberg,Böblingen,71032,9.019733387,48.69651581,5,2608292128,,2608292129,,,,,,,,,,,0.0,1.0
2628700476961371155-2608292103-5,7267,2608292112,2608292113,2,,S,S2,Schorndorf|Weiler(Rems)|Winterbach(b Schorndorf)|Geradstetten,8002448,Grunbach,Baden-Württemberg,Remshalden,73630,9.419580601,48.810414,4,2608292112,,2608292126,1,h,1,Störung,,,,,c,,0.0,13.0
3090077021401438649-2608292050-11,7262,2608292115,2608292115,3,,S,S2,Stuttgart Hbf|Stuttgart-Bad Cannstatt|Stuttgart Nürnberger Str.|Stuttgart-Sommerrain|Fellbach|Waiblingen|Rommelshausen|Stetten-Beinstein|Endersbach|Beutelsbach,8002448,Grunbach,Baden-Württemberg,Remshalden,73630,9.419580601,48.810414,4,2608292118,1,2608292116,,h,1,Störung,,,,,,c,3.0,1.0
-7971444916294519755-2608292120-11,7264,2608292145,2608292145,3,,S,S2,Stuttgart Hbf|Stuttgart-Bad Cannstatt|Stuttgart Nürnberger Str.|Stuttgart-Sommerrain|Fellbach|Waiblingen|Rommelshausen|Stetten-Beinstein|Endersbach|Beutelsbach,8002448,Grunbach,Baden-Württemberg,Remshalden,73630,9.419580601,48.810414,4,2608292146,1,2608292146,,h,1,Störung,,,,,,c,1.0,1.0
2890455660221075834-2608292133-5,7269,2608292142,2608292143,2,,S,S2,Schorndorf|Weiler(Rems)|Winterbach(b Schorndorf)|Geradstetten,8002448,Grunbach,Baden-Württemberg,Remshalden,73630,9.419580601,48.810414,4,2608292212,,2608292144,,h,1,Störung,,,,,c,,30.0,1.0
3342960685238521043-2608292015-8,17680,2608292110,2608292111,1,,RE,RE14a,Oberndorf(Neckar)|Sulz(Neckar)|Horb|Eutingen im Gäu|Ergenzingen|Bondorf(b Herrenberg)|Gäufelden,8002785,Herrenberg,Baden-Württemberg,Herrenberg,71083,8.862625253,48.59395697,3,2608292110,,2608292111,,,,,,,,,,,0.0,0.0
1091836898745684931-2608292116-1,7768,,2608292116,,,S,S1,,8002785,Herrenberg,Baden-Württemberg,Herrenberg,71083,8.862625253,48.59395697,3,,,2608292116,,,,,,,,,,,0.0,0.0
800896748119483466-2608292146-1,7770,,2608292146,,,S,S1,,8002785,Herrenberg,Baden-Württemberg,Herrenberg,71083,8.862625253,48.59395697,3,,,2608292146,,,,,,,,,,,0.0,0.0
7537870707558801072-2608292116-9,7765,2608292145,,3,,S,,Stuttgart-Vaihingen|Stuttgart-Rohr|Goldberg(Württ)|Böblingen|Hulb|Ehningen(b Böblingen)|Gärtringen|Nufringen,8002785,Herrenberg,Baden-Württemberg,Herrenberg,71083,8.862625253,48.59395697,3,2608292150,2,,,,,,,,,,,,5.0,0.0
4683056481244044415-2608292046-9,7763,2608292115,,3,,S,,Stuttgart-Vaihingen|Stuttgart-Rohr|Goldberg(Württ)|Böblingen|Hulb|Ehningen(b Böblingen)|Gärtringen|Nufringen,8002785,Herrenberg,Baden-Württemberg,Herrenberg,71083,8.862625253,48.59395697,3,2608292120,2,,,h,1,Störung,,,,,,,5.0,0.0
-8173057082443024324-2608292013-14,17682,2608292110,2608292111,1,,RE,RE14b,Freudenstadt Hbf|Grüntal-Wittlensweiler|Dornstetten-Aach|Dornstetten|Schopfloch(b Freudenstadt)|Bittelbronn|Horb-Heiligenfeld|Hochdorf(b Horb)|Eutingen Nord|Eutingen im Gäu|Ergenzingen|Bondorf(b Herrenberg)|Gäufelden,8002785,Herrenberg,Baden-Württemberg,Herrenberg,71083,8.862625253,48.59395697,3,2608292110,,2608292111,,,,,,,,,,,0.0,0.0
-2482016822020551491-2608292117-9,7664,2608292139,2608292139,2,,S,S6,Stuttgart Hbf|Stuttgart Nordbahnhof|Stuttgart-Feuerbach|Stuttgart-Zuffenhausen|Neuwirtshaus(Porscheplatz)|Korntal|Weilimdorf|Ditzingen,8002892,Höfingen,Baden-Württemberg,Leonberg,71229,9.026180834,48.81503436,5,2608292139,,2608292139,,,,,,,,,,,0.0,0.0
-4954691136188615428-2608292047-9,7662,2608292109,2608292109,2,,S,S6,Stuttgart Hbf|Stuttgart Nordbahnhof|Stuttgart-Feuerbach|Stuttgart-Zuffenhausen|Neuwirtshaus(Porscheplatz)|Korntal|Weilimdorf|Ditzingen,8002892,Höfingen,Baden-Württemberg,Leonberg,71229,9.026180834,48.81503436,5,2608292109,,2608292110,,,,,,,,,,,0.0,1.0
-4129909752986717170-2608292133-6,7669,2608292150,2608292151,1,,S,S6,Weil der Stadt|Malmsheim|Renningen|Rutesheim|Leonberg,8002892,Höfingen,Baden-Württemberg,Leonberg,71229,9.026180834,48.81503436,5,2608292150,,2608292151,,,,,,,,,,,0.0,0.0
-7506781114720968709-2608292103-6,7667,2608292120,2608292121,1,,S,S6,Weil der Stadt|Malmsheim|Renningen|Rutesheim|Leonberg,8002892,Höfingen,Baden-Württemberg,Leonberg,71229,9.026180834,48.81503436,5,2608292121,,2608292122,,,,,,,,,,,1.0,1.0
1091836898745684931-2608292116-5,7768,2608292128,2608292128,2,,S,S1,Herrenberg|Nufringen|Gärtringen|Ehningen(b Böblingen),8003022,Hulb,Baden-Württemberg,Böblingen-Hulb,71032,8.982396429,48.67924173,5,2608292128,,2608292129,,,,,,,,,,,0.0,1.0
800896748119483466-2608292146-5,7770,2608292158,2608292158,2,,S,S1,Herrenberg|Nufringen|Gärtringen|Ehningen(b Böblingen),8003022,Hulb,Baden-Württemberg,Böblingen-Hulb,71032,8.982396429,48.67924173,5,2608292158,,2608292159,,,,,,,,,,,0.0,1.0
7537870707558801072-2608292116-5,7765,2608292132,2608292132,1,,S,S1,Stuttgart-Vaihingen|Stuttgart-Rohr|Goldberg(Württ)|Böblingen,8003022,Hulb,Baden-Württemberg,Böblingen-Hulb,71032,8.982396429,48.67924173,5,2608292133,,2608292134,,,,,,,,,,,1.0,2.0
4683056481244044415-2608292046-5,7763,2608292102,2608292102,1,,S,S1,Stuttgart-Vaihingen|Stuttgart-Rohr|Goldberg(Württ)|Böblingen,8003022,Hulb,Baden-Württemberg,Böblingen-Hulb,71032,8.982396429,48.67924173,5,2608292102,,2608292102,,h,1,Störung,,,,,,,0.0,0.0
7308365696903436202-2608292105-7,7965,2608292127,,1,,S,,Stuttgart-Vaihingen|Stuttgart-Rohr|Oberaichen|Leinfelden|Echterdingen|Stuttgart Flughafen/Messe,8001984,Filderstadt,Baden-Württemberg,Filderstadt,70794,9.217581315,48.67649151,5,2608292127,,,,,,,,,,,,,0.0,0.0
4105031587460682562-2608292135-7,7967,2608292157,,1,,S,,Stuttgart-Vaihingen|Stuttgart-Rohr|Oberaichen|Leinfelden|Echterdingen|Stuttgart Flughafen/Messe,8001984,Filderstadt,Baden-Württemberg,Filderstadt,70794,9.217581315,48.67649151,5,2608292157,,,,,,,,,,,,,0.0,0.0
-7605544355025909436-2608292103-1,7964,,2608292103,,,S,S2,,8001984,Filderstadt,Baden-Württemberg,Filderstadt,70794,9.217581315,48.67649151,5,,,2608292109,,,,,,,,,,,0.0,6.0
-2334134821981316841-2608292133-1,7966,,2608292133,,,S,S2,,8001984,Filderstadt,Baden-Württemberg,Filderstadt,70794,9.217581315,48.67649151,5,,,2608292133,,,,,,,,,,,0.0,0.0
6402086477437547994-2608292107-12,7462,2608292143,2608292143,2,,S,S4,Stuttgart Hbf|Stuttgart Nordbahnhof|Stuttgart-Feuerbach|Stuttgart-Zuffenhausen|Kornwestheim Pbf|Ludwigsburg|Favoritepark|Freiberg(Neckar)|Benningen(Neckar)|Marbach(Neckar)|Erdmannhausen,8003266,Kirchberg (Murr),Baden-Württemberg,Kirchberg an der Murr,71737,9.328210283,48.93928182,6,2608292145,,2608292145,,,,,,,,,,,2.0,2.0
-2670578142775611336-2608292037-12,7460,2608292113,2608292113,2,,S,S4,Stuttgart Hbf|Stuttgart Nordbahnhof|Stuttgart-Feuerbach|Stuttgart-Zuffenhausen|Kornwestheim Pbf|Ludwigsburg|Favoritepark|Freiberg(Neckar)|Benningen(Neckar)|Marbach(Neckar)|Erdmannhausen,8003266,Kirchberg (Murr),Baden-Württemberg,Kirchberg an der Murr,71737,9.328210283,48.93928182,6,2608292113,,2608292114,,,,,,,,,,,0.0,1.0
613026341677136269-2608292103-3,7467,2608292112,2608292115,1,,S,S4,Backnang|Burgstall(Murr),8003266,Kirchberg (Murr),Baden-Württemberg,Kirchberg an der Murr,71737,9.328210283,48.93928182,6,2608292113,,2608292116,,,,,,,,,,,1.0,1.0
-1445914617040136913-2608292120-1,7169,,2608292120,,,S,S1,,8003280,Kirchheim (Teck),Baden-Württemberg,Kirchheim unter Teck,73230,9.443872422,48.64415981,4,,,2608292121,,,,,,,,,,,0.0,1.0
1733518000541873569-2608292150-1,7171,,2608292150,,,S,S1,,8003280,Kirchheim (Teck),Baden-Württemberg,Kirchheim unter Teck,73230,9.443872422,48.64415981,4,,,2608292151,,,,,,,,,,,0.0,1.0
6929098726566169295-2608292055-15,7164,2608292139,,2,,S,,Stuttgart Hbf|Stuttgart-Bad Cannstatt|Stuttgart Neckarpark|Stuttgart-Untertürkheim|Stuttgart-Obertürkheim|Esslingen-Mettingen|Esslingen(Neckar)|Oberesslingen|Esslingen-Zell|Altbach|Plochingen|Wernau(Neckar)|Wendlingen(Neckar)|Kirchheim(Teck)-Ötlingen,8003280,Kirchheim (Teck),Baden-Württemberg,Kirchheim unter Teck,73230,9.443872422,48.64415981,4,2608292141,,,,,,,,,,,,,2.0,0.0
-4904342913615484814-2608292025-15,7162,2608292109,,2,,S,,Stuttgart Hbf|Stuttgart-Bad Cannstatt|Stuttgart Neckarpark|Stuttgart-Untertürkheim|Stuttgart-Obertürkheim|Esslingen-Mettingen|Esslingen(Neckar)|Oberesslingen|Esslingen-Zell|Altbach|Plochingen|Wernau(Neckar)|Wendlingen(Neckar)|Kirchheim(Teck)-Ötlingen,8003280,Kirchheim (Teck),Baden-Württemberg,Kirchheim unter Teck,73230,9.443872422,48.64415981,4,2608292113,,,,,,,,,,,,,4.0,0.0
4321593773695685612-2608292054-7,37982,2608292112,,1,,RB,,Oberlenningen|Unterlenningen|Brucken|Owen(Teck)|Dettingen(Teck)|Kirchheim(Teck)Süd,8003280,Kirchheim (Teck),Baden-Württemberg,Kirchheim unter Teck,73230,9.443872422,48.64415981,4,2608292112,,,,,,,,,,,,,0.0,0.0
-1445914617040136913-2608292120-2,7169,2608292123,2608292123,1,,S,S1,Kirchheim(Teck),8003282,Kirchheim (Teck)-Ötlingen,Baden-Württemberg,Kirchheim unter Teck,73230,9.416261302,48.65782388,5,2608292123,,2608292124,,,,,,,,,,,0.0,1.0
1733518000541873569-2608292150-2,7171,2608292153,2608292153,1,,S,S1,Kirchheim(Teck),8003282,Kirchheim (Teck)-Ötlingen,Baden-Württemberg,Kirchheim unter Teck,73230,9.416261302,48.65782388,5,2608292153,,2608292154,,,,,,,,,,,0.0,1.0
6929098726566169295-2608292055-14,7164,2608292137,2608292137,1,,S,S1,Stuttgart Hbf|Stuttgart-Bad Cannstatt|Stuttgart Neckarpark|Stuttgart-Untertürkheim|Stuttgart-Obertürkheim|Esslingen-Mettingen|Esslingen(Neckar)|Oberesslingen|Esslingen-Zell|Altbach|Plochingen|Wernau(Neckar)|Wendlingen(Neckar),8003282,Kirchheim (Teck)-Ötlingen,Baden-Württemberg,Kirchheim unter Teck,73230,9.416261302,48.65782388,5,2608292138,,2608292139,,,,,,,,,,,1.0,2.0
-4904342913615484814-2608292025-14,7162,2608292106,2608292107,1,,S,S1,Stuttgart Hbf|Stuttgart-Bad Cannstatt|Stuttgart Neckarpark|Stuttgart-Untertürkheim|Stuttgart-Obertürkheim|Esslingen-Mettingen|Esslingen(Neckar)|Oberesslingen|Esslingen-Zell|Altbach|Plochingen|Wernau(Neckar)|Wendlingen(Neckar),8003282,Kirchheim (Teck)-Ötlingen,Baden-Württemberg,Kirchheim unter Teck,73230,9.416261302,48.65782388,5,2608292108,,2608292110,,,,,,,,,,,2.0,3.0
-2482016822020551491-2608292117-6,7664,2608292131,2608292131,1,,S,S6,Stuttgart Hbf|Stuttgart Nordbahnhof|Stuttgart-Feuerbach|Stuttgart-Zuffenhausen|Neuwirtshaus(Porscheplatz),8003409,Korntal,Baden-Württemberg,Korntal,70825,9.121099128,48.82640246,4,2608292131,,2608292131,,,,,,,,,,,0.0,0.0
-6472147564470833257-2608292135-1,1258,,2608292135,,,WEG,RB47,,8003409,Korntal,Baden-Württemberg,Korntal,70825,9.121099128,48.82640246,4,,,2608292135,,,,,,,,,,,0.0,0.0
-4954691136188615428-2608292047-6,7662,2608292101,2608292101,1,,S,S6,Stuttgart Hbf|Stuttgart Nordbahnhof|Stuttgart-Feuerbach|Stuttgart-Zuffenhausen|Neuwirtshaus(Porscheplatz),8003409,Korntal,Baden-Württemberg,Korntal,70825,9.121099128,48.82640246,4,2608292101,,2608292101,,,,,,,,,,,0.0,0.0
-2167142398167396955-2608292131-7,1259,2608292154,,7,,WEG,,Heimerdingen|Hemmingen|Schwieberdingen|Münchingen|Münchingen Rührberg|Korntal Gymnasium,8003409,Korntal,Baden-Württemberg,Korntal,70825,9.121099128,48.82640246,4,2608292154,,,,,,,,,,,,,0.0,0.0
-4129909752986717170-2608292133-9,7669,2608292158,2608292159,3,,S,S6,Weil der Stadt|Malmsheim|Renningen|Rutesheim|Leonberg|Höfingen|Ditzingen|Weilimdorf,8003409,Korntal,Baden-Württemberg,Korntal,70825,9.121099128,48.82640246,4,2608292158,,2608292159,,,,,,,,,,,0.0,0.0
-3316083055442951467-2608292105-1,1252,,2608292105,,,WEG,RB47,,8003409,Korntal,Baden-Württemberg,Korntal,70825,9.121099128,48.82640246,4,,,2608292106,,,,,,,,,,,0.0,1.0
-7506781114720968709-2608292103-9,7667,2608292128,2608292129,3,,S,S6,Weil der Stadt|Malmsheim|Renningen|Rutesheim|Leonberg|Höfingen|Ditzingen|Weilimdorf,8003409,Korntal,Baden-Württemberg,Korntal,70825,9.121099128,48.82640246,4,2608292128,,2608292129,,,,,,,,,,,0.0,0.0
-9149741226891491490-2608292101-7,1253,2608292124,,7,,WEG,,Heimerdingen|Hemmingen|Schwieberdingen|Münchingen|Münchingen Rührberg|Korntal Gymnasium,8003409,Korntal,Baden-Württemberg,Korntal,70825,9.121099128,48.82640246,4,2608292124,,,,,,,,,,,,,0.0,0.0
6402086477437547994-2608292107-5,7462,2608292120,2608292120,4,,S,S4,Stuttgart Hbf|Stuttgart Nordbahnhof|Stuttgart-Feuerbach|Stuttgart-Zuffenhausen,8003411,Kornwestheim Pbf,Baden-Württemberg,Kornwestheim,70806,9.179967278,48.86215948,3,2608292120,,2608292121,,,,,,,,,,,0.0,1.0
3081120732937112595-2608292057-5,7564,2608292110,2608292110,4,,S,S5,Stuttgart Hbf|Stuttgart Nordbahnhof|Stuttgart-Feuerbach|Stuttgart-Zuffenhausen,8003411,Kornwestheim Pbf,Baden-Württemberg,Kornwestheim,70806,9.179967278,48.86215948,3,2608292112,,2608292113,,,,,,,,,,,2.0,3.0
-887848700709365635-2608292116-2,7567,2608292119,2608292120,3,,S,S5,Ludwigsburg,8003411,Kornwestheim Pbf,Baden-Württemberg,Kornwestheim,70806,9.179967278,48.86215948,3,2608292119,,2608292120,,,,,,,,,,,0.0,0.0
-3985651556599643211-2608292120-1,19335,,2608292120,,,RE,MEX18,,8003411,Kornwestheim Pbf,Baden-Württemberg,Kornwestheim,70806,9.179967278,48.86215948,3,,,2608292121,7,,,,,,,,,,0.0,1.0
2105782434057596707-2608292146-2,7569,2608292149,2608292150,3,,S,S5,Ludwigsburg,8003411,Kornwestheim Pbf,Baden-Württemberg,Kornwestheim,70806,9.179967278,48.86215948,3,2608292149,,2608292150,,,,,,,,,,,0.0,0.0
2828988855077273536-2608292137-5,7464,2608292150,2608292150,4,,S,S4,Stuttgart Hbf|Stuttgart Nordbahnhof|Stuttgart-Feuerbach|Stuttgart-Zuffenhausen,8003411,Kornwestheim Pbf,Baden-Württemberg,Kornwestheim,70806,9.179967278,48.86215948,3,2608292150,,2608292151,,,,,,,,,,,0.0,1.0
1229260282759837658-2608292112-3,19336,2608292142,,5,,RE,,Plochingen|Esslingen(Neckar),8003411,Kornwestheim Pbf,Baden-Württemberg,Kornwestheim,70806,9.179967278,48.86215948,3,2608292139,7,,,,,,,,,,,,-3.0,0.0
-5248477185843077062-2608292033-10,7465,2608292110,2608292110,3,,S,S4,Backnang|Burgstall(Murr)|Kirchberg(Murr)|Erdmannhausen|Marbach(Neckar)|Benningen(Neckar)|Freiberg(Neckar)|Favoritepark|Ludwigsburg,8003411,Kornwestheim Pbf,Baden-Württemberg,Kornwestheim,70806,9.179967278,48.86215948,3,2608292110,,2608292111,,,,,,,,,,,0.0,1.0
613026341677136269-2608292103-10,7467,2608292140,2608292140,3,,S,S4,Backnang|Burgstall(Murr)|Kirchberg(Murr)|Erdmannhausen|Marbach(Neckar)|Benningen(Neckar)|Freiberg(Neckar)|Favoritepark|Ludwigsburg,8003411,Kornwestheim Pbf,Baden-Württemberg,Kornwestheim,70806,9.179967278,48.86215948,3,2608292141,,2608292142,,,,,,,,,,,1.0,2.0
-4698443977179735697-2608292127-5,7566,2608292140,2608292140,4,,S,S5,Stuttgart Hbf|Stuttgart Nordbahnhof|Stuttgart-Feuerbach|Stuttgart-Zuffenhausen,8003411,Kornwestheim Pbf,Baden-Württemberg,Kornwestheim,70806,9.179967278,48.86215948,3,2608292140,,2608292141,,,,,,,,,,,0.0,1.0
7308365696903436202-2608292105-4,7965,2608292116,2608292117,1,,S,S2,Stuttgart-Vaihingen|Stuttgart-Rohr|Oberaichen,8003622,Leinfelden,Baden-Württemberg,Leinfelden-Echterdingen,70771,9.142859698,48.6964193,4,2608292117,,2608292117,,,,,,,,,,,1.0,0.0
4105031587460682562-2608292135-4,7967,2608292146,2608292147,1,,S,S2,Stuttgart-Vaihingen|Stuttgart-Rohr|Oberaichen,8003622,Leinfelden,Baden-Württemberg,Leinfelden-Echterdingen,70771,9.142859698,48.6964193,4,2608292146,,2608292147,,,,,,,,,,,0.0,0.0
-7605544355025909436-2608292103-4,7964,2608292112,2608292113,2,,S,S2,Filderstadt|Stuttgart Flughafen/Messe|Echterdingen,8003622,Leinfelden,Baden-Württemberg,Leinfelden-Echterdingen,70771,9.142859698,48.6964193,4,2608292112,,2608292114,,,,,,,,,,,0.0,1.0
-2334134821981316841-2608292133-4,7966,2608292142,2608292143,2,,S,S2,Filderstadt|Stuttgart Flughafen/Messe|Echterdingen,8003622,Leinfelden,Baden-Württemberg,Leinfelden-Echterdingen,70771,9.142859698,48.6964193,4,2608292142,,2608292143,,,,,,,,,,,0.0,0.0
-2482016822020551491-2608292117-10,7664,2608292143,2608292143,2,,S,S6,Stuttgart Hbf|Stuttgart Nordbahnhof|Stuttgart-Feuerbach|Stuttgart-Zuffenhausen|Neuwirtshaus(Porscheplatz)|Korntal|Weilimdorf|Ditzingen|Höfingen,8003652,Leonberg,Baden-Württemberg,Leonberg,71229,9.004025993,48.79970547,3,2608292143,,2608292143,,,,,,,,,,,0.0,0.0
-4954691136188615428-2608292047-10,7662,2608292113,2608292113,2,,S,S6,Stuttgart Hbf|Stuttgart Nordbahnhof|Stuttgart-Feuerbach|Stuttgart-Zuffenhausen|Neuwirtshaus(Porscheplatz)|Korntal|Weilimdorf|Ditzingen|Höfingen,8003652,Leonberg,Baden-Württemberg,Leonberg,71229,9.004025993,48.79970547,3,2608292113,,2608292113,,,,,,,,,,,0.0,0.0
-4129909752986717170-2608292133-5,7669,2608292147,2608292147,1,,S,S6,Weil der Stadt|Malmsheim|Renningen|Rutesheim,8003652,Leonberg,Baden-Württemberg,Leonberg,71229,9.004025993,48.79970547,3,2608292147,,2608292147,,,,,,,,,,,0.0,0.0
-7506781114720968709-2608292103-5,7667,2608292117,2608292117,1,,S,S6,Weil der Stadt|Malmsheim|Renningen|Rutesheim,8003652,Leonberg,Baden-Württemberg,Leonberg,71229,9.004025993,48.79970547,3,2608292117,,2608292118,,,,,,,,,,,0.0,1.0
6402086477437547994-2608292107-6,7462,2608292123,2608292124,2,,S,S4,Stuttgart Hbf|Stuttgart Nordbahnhof|Stuttgart-Feuerbach|Stuttgart-Zuffenhausen|Kornwestheim Pbf,8000235,Ludwigsburg,Baden-Württemberg,Ludwigsburg,71638,9.185229823,48.89208622,3,2608292125,,2608292125,,,,,,,,,,,2.0,1.0
3081120732937112595-2608292057-6,7564,2608292113,,2,,S,,Stuttgart Hbf|Stuttgart Nordbahnhof|Stuttgart-Feuerbach|Stuttgart-Zuffenhausen|Kornwestheim Pbf,8000235,Ludwigsburg,Baden-Württemberg,Ludwigsburg,71638,9.185229823,48.89208622,3,2608292116,,,,,,,,,,,,,3.0,0.0
-887848700709365635-2608292116-1,7567,,2608292116,,,S,S5,,8000235,Ludwigsburg,Baden-Württemberg,Ludwigsburg,71638,9.185229823,48.89208622,3,,,2608292116,,,,,,,,,,,0.0,0.0
2105782434057596707-2608292146-1,7569,,2608292146,,,S,S5,,8000235,Ludwigsburg,Baden-Württemberg,Ludwigsburg,71638,9.185229823,48.89208622,3,,,2608292146,,,,,,,,,,,0.0,0.0
2828988855077273536-2608292137-6,7464,2608292153,2608292154,2,,S,S4,Stuttgart Hbf|Stuttgart Nordbahnhof|Stuttgart-Feuerbach|Stuttgart-Zuffenhausen|Kornwestheim Pbf,8000235,Ludwigsburg,Baden-Württemberg,Ludwigsburg,71638,9.185229823,48.89208622,3,2608292153,,2608292154,,,,,,,,,,,0.0,0.0
-5248477185843077062-2608292033-9,7465,2608292106,2608292107,3,,S,S4,Backnang|Burgstall(Murr)|Kirchberg(Murr)|Erdmannhausen|Marbach(Neckar)|Benningen(Neckar)|Freiberg(Neckar)|Favoritepark,8000235,Ludwigsburg,Baden-Württemberg,Ludwigsburg,71638,9.185229823,48.89208622,3,2608292106,,2608292107,,,,,,,,,,,0.0,0.0
613026341677136269-2608292103-9,7467,2608292136,2608292137,3,,S,S4,Backnang|Burgstall(Murr)|Kirchberg(Murr)|Erdmannhausen|Marbach(Neckar)|Benningen(Neckar)|Freiberg(Neckar)|Favoritepark,8000235,Ludwigsburg,Baden-Württemberg,Ludwigsburg,71638,9.185229823,48.89208622,3,2608292136,,2608292137,,,,,,,,,,,0.0,0.0
-4698443977179735697-2608292127-6,7566,2608292143,,2,,S,,Stuttgart Hbf|Stuttgart Nordbahnhof|Stuttgart-Feuerbach|Stuttgart-Zuffenhausen|Kornwestheim Pbf,8000235,Ludwigsburg,Baden-Württemberg,Ludwigsburg,71638,9.185229823,48.89208622,3,2608292144,,,,,,,,,,,,,1.0,0.0
-2482016822020551491-2608292117-13,7664,2608292154,2608292154,1,,S,S6,Stuttgart Hbf|Stuttgart Nordbahnhof|Stuttgart-Feuerbach|Stuttgart-Zuffenhausen|Neuwirtshaus(Porscheplatz)|Korntal|Weilimdorf|Ditzingen|Höfingen|Leonberg|Rutesheim|Renningen,8003831,Malmsheim,Baden-Württemberg,Renningen,71272,8.905105557,48.77183564,5,2608292157,,2608292158,,,,,,,,,,,3.0,4.0
-4954691136188615428-2608292047-13,7662,2608292124,2608292124,1,,S,S6,Stuttgart Hbf|Stuttgart Nordbahnhof|Stuttgart-Feuerbach|Stuttgart-Zuffenhausen|Neuwirtshaus(Porscheplatz)|Korntal|Weilimdorf|Ditzingen|Höfingen|Leonberg|Rutesheim|Renningen,8003831,Malmsheim,Baden-Württemberg,Renningen,71272,8.905105557,48.77183564,5,2608292124,,2608292125,,,,,,,,,,,0.0,1.0
-4129909752986717170-2608292133-2,7669,2608292135,2608292135,2,,S,S6,Weil der Stadt,8003831,Malmsheim,Baden-Württemberg,Renningen,71272,8.905105557,48.77183564,5,2608292137,,2608292137,,,,,,,,,,,2.0,2.0
-7506781114720968709-2608292103-2,7667,2608292105,2608292105,2,,S,S6,Weil der Stadt,8003831,Malmsheim,Baden-Württemberg,Renningen,71272,8.905105557,48.77183564,5,2608292108,,2608292108,,,,,,,,,,,3.0,3.0
6402086477437547994-2608292107-10,7462,2608292135,2608292138,1,,S,S4,Stuttgart Hbf|Stuttgart Nordbahnhof|Stuttgart-Feuerbach|Stuttgart-Zuffenhausen|Kornwestheim Pbf|Ludwigsburg|Favoritepark|Freiberg(Neckar)|Benningen(Neckar),8003853,Marbach (Neckar),Baden-Württemberg,Marbach am Neckar,71672,9.264611825,48.9437708,3,2608292137,,2608292140,,,,,,,,,,,2.0,2.0
-2670578142775611336-2608292037-10,7460,2608292105,2608292108,1,,S,S4,Stuttgart Hbf|Stuttgart Nordbahnhof|Stuttgart-Feuerbach|Stuttgart-Zuffenhausen|Kornwestheim Pbf|Ludwigsburg|Favoritepark|Freiberg(Neckar)|Benningen(Neckar),8003853,Marbach (Neckar),Baden-Württemberg,Marbach am Neckar,71672,9.264611825,48.9437708,3,2608292105,,2608292108,,,,,,,,,c,,0.0,0.0
3766048702884366970-2608292155-1,7469,,2608292155,,,S,S4,,8003853,Marbach (Neckar),Baden-Württemberg,Marbach am Neckar,71672,9.264611825,48.9437708,3,,,2608292155,,,,,,,,,,,0.0,0.0
613026341677136269-2608292103-5,7467,2608292121,2608292125,1,,S,S4,Backnang|Burgstall(Murr)|Kirchberg(Murr)|Erdmannhausen,8003853,Marbach (Neckar),Baden-Württemberg,Marbach am Neckar,71672,9.264611825,48.9437708,3,2608292121,,2608292125,,,,,,,,,,,0.0,0.0
6924424662402192372-2608292112-11,7364,2608292144,2608292145,2,,S,S3,Stuttgart Hbf|Stuttgart-Bad Cannstatt|Stuttgart Nürnberger Str.|Stuttgart-Sommerrain|Fellbach|Waiblingen|Neustadt-Hohenacker|Schwaikheim|Winnenden|Nellmersbach,8003913,Maubach,Baden-Württemberg,Backnang,71522,9.419487062,48.92623463,4,2608292145,,2608292146,,,,,,,,,,,1.0,1.0
3859668929434965477-2608292111-2,7367,2608292113,2608292114,1,,S,S3,Backnang,8003913,Maubach,Baden-Württemberg,Backnang,71522,9.419487062,48.92623463,4,2608292114,,2608292115,,,,,,,,,,,1.0,1.0
-4217556654966046239-2608292042-11,7362,2608292114,2608292115,2,,S,S3,Stuttgart Hbf|Stuttgart-Bad Cannstatt|Stuttgart Nürnberger Str.|Stuttgart-Sommerrain|Fellbach|Waiblingen|Neustadt-Hohenacker|Schwaikheim|Winnenden|Nellmersbach,8003913,Maubach,Baden-Württemberg,Backnang,71522,9.419487062,48.92623463,4,2608292115,,2608292116,,,,,,,,,,,1.0,1.0
970449513727673732-2608292141-2,7369,2608292143,2608292144,1,,S,S3,Backnang,8003913,Maubach,Baden-Württemberg,Backnang,71522,9.419487062,48.92623463,4,2608292149,,2608292150,,,,,,,,,,,6.0,6.0
6924424662402192372-2608292112-10,7364,2608292141,2608292142,2,,S,S3,Stuttgart Hbf|Stuttgart-Bad Cannstatt|Stuttgart Nürnberger Str.|Stuttgart-Sommerrain|Fellbach|Waiblingen|Neustadt-Hohenacker|Schwaikheim|Winnenden,8004233,Nellmersbach,Baden-Württemberg,Leutenbach,71397,9.415421538,48.90336425,5,2608292142,,2608292143,,,,,,,,,,,1.0,1.0
3859668929434965477-2608292111-3,7367,2608292116,2608292116,1,,S,S3,Backnang|Maubach,8004233,Nellmersbach,Baden-Württemberg,Leutenbach,71397,9.415421538,48.90336425,5,2608292116,,2608292117,,,,,,,,,,,0.0,1.0
-4217556654966046239-2608292042-10,7362,2608292111,2608292112,2,,S,S3,Stuttgart Hbf|Stuttgart-Bad Cannstatt|Stuttgart Nürnberger Str.|Stuttgart-Sommerrain|Fellbach|Waiblingen|Neustadt-Hohenacker|Schwaikheim|Winnenden,8004233,Nellmersbach,Baden-Württemberg,Leutenbach,71397,9.415421538,48.90336425,5,2608292112,,2608292113,,,,,,,,,,,1.0,1.0
970449513727673732-2608292141-3,7369,2608292146,2608292146,1,,S,S3,Backnang|Maubach,8004233,Nellmersbach,Baden-Württemberg,Leutenbach,71397,9.415421538,48.90336425,5,2608292152,,2608292153,,,,,,,,,,,6.0,7.0
6924424662402192372-2608292112-7,7364,2608292133,2608292133,1,,S,S3,Stuttgart Hbf|Stuttgart-Bad Cannstatt|Stuttgart Nürnberger Str.|Stuttgart-Sommerrain|Fellbach|Waiblingen,8004333,Neustadt-Hohenacker,Baden-Württemberg,Waiblingen,71336,9.32455106,48.85921668,5,2608292133,,2608292134,,,,,,,,,,,0.0,1.0
3859668929434965477-2608292111-6,7367,2608292125,2608292125,2,,S,S3,Backnang|Maubach|Nellmersbach|Winnenden|Schwaikheim,8004333,Neustadt-Hohenacker,Baden-Württemberg,Waiblingen,71336,9.32455106,48.85921668,5,2608292125,,2608292126,,,,,,,,,,,0.0,1.0
-4217556654966046239-2608292042-7,7362,2608292103,2608292103,1,,S,S3,Stuttgart Hbf|Stuttgart-Bad Cannstatt|Stuttgart Nürnberger Str.|Stuttgart-Sommerrain|Fellbach|Waiblingen,8004333,Neustadt-Hohenacker,Baden-Württemberg,Waiblingen,71336,9.32455106,48.85921668,5,2608292103,,2608292104,,,,,,,,,,,0.0,1.0
970449513727673732-2608292141-6,7369,2608292155,2608292155,2,,S,S3,Backnang|Maubach|Nellmersbach|Winnenden|Schwaikheim,8004333,Neustadt-Hohenacker,Baden-Württemberg,Waiblingen,71336,9.32455106,48.85921668,5,2608292201,,2608292201,,,,,,,,,,,6.0,6.0
6737611286015741642-2608292147-5,7666,2608292158,2608292159,1,,S,S6,Stuttgart Hbf|Stuttgart Nordbahnhof|Stuttgart-Feuerbach|Stuttgart-Zuffenhausen,8004338,Neuwirtshaus (Porscheplatz),Baden-Württemberg,Stuttgart,70435,9.151955614,48.83384734,4,2608292158,,2608292159,,,,,,,,,,,0.0,0.0
-2482016822020551491-2608292117-5,7664,2608292128,2608292129,1,,S,S6,Stuttgart Hbf|Stuttgart Nordbahnhof|Stuttgart-Feuerbach|Stuttgart-Zuffenhausen,8004338,Neuwirtshaus (Porscheplatz),Baden-Württemberg,Stuttgart,70435,9.151955614,48.83384734,4,2608292128,,2608292129,,,,,,,,,,,0.0,0.0
1336318002580222572-2608292033-10,7665,2608292101,2608292101,2,,S,S6,Weil der Stadt|Malmsheim|Renningen|Rutesheim|Leonberg|Höfingen|Ditzingen|Weilimdorf|Korntal,8004338,Neuwirtshaus (Porscheplatz),Baden-Württemberg,Stuttgart,70435,9.151955614,48.83384734,4,2608292101,,2608292102,,,,,,,,,,,0.0,1.0
-7506781114720968709-2608292103-10,7667,2608292131,2608292131,2,,S,S6,Weil der Stadt|Malmsheim|Renningen|Rutesheim|Leonberg|Höfingen|Ditzingen|Weilimdorf|Korntal,8004338,Neuwirtshaus (Porscheplatz),Baden-Württemberg,Stuttgart,70435,9.151955614,48.83384734,4,2608292131,,2608292132,,,,,,,,,,,0.0,1.0
1091836898745684931-2608292116-2,7768,2608292119,2608292119,2,,S,S1,Herrenberg,8004490,Nufringen,Baden-Württemberg,Nufringen,71154,8.889817485,48.62010967,5,2608292119,,2608292120,,,,,,,,,,,0.0,1.0
800896748119483466-2608292146-2,7770,2608292149,2608292149,2,,S,S1,Herrenberg,8004490,Nufringen,Baden-Württemberg,Nufringen,71154,8.889817485,48.62010967,5,2608292149,,2608292150,,,,,,,,,,,0.0,1.0
7537870707558801072-2608292116-8,7765,2608292141,2608292141,1,,S,S1,Stuttgart-Vaihingen|Stuttgart-Rohr|Goldberg(Württ)|Böblingen|Hulb|Ehningen(b Böblingen)|Gärtringen,8004490,Nufringen,Baden-Württemberg,Nufringen,71154,8.889817485,48.62010967,5,2608292142,,2608292144,,,,,,,,,,,1.0,3.0
4683056481244044415-2608292046-8,7763,2608292111,2608292111,1,,S,S1,Stuttgart-Vaihingen|Stuttgart-Rohr|Goldberg(Württ)|Böblingen|Hulb|Ehningen(b Böblingen)|Gärtringen,8004490,Nufringen,Baden-Württemberg,Nufringen,71154,8.889817485,48.62010967,5,2608292111,,2608292112,,h,1,Störung,,,,,,,0.0,1.0
7308365696903436202-2608292105-3,7965,2608292114,2608292114,1,,S,S2,Stuttgart-Vaihingen|Stuttgart-Rohr,8004496,Oberaichen,Baden-Württemberg,Leinfelden-Echterdingen,70771,9.12743664,48.70512422,5,2608292114,,2608292115,,,,,,,,,,,0.0,1.0
4105031587460682562-2608292135-3,7967,2608292144,2608292144,1,,S,S2,Stuttgart-Vaihingen|Stuttgart-Rohr,8004496,Oberaichen,Baden-Württemberg,Leinfelden-Echterdingen,70771,9.12743664,48.70512422,5,2608292144,,2608292144,,,,,,,,,,,0.0,0.0
-7605544355025909436-2608292103-5,7964,2608292115,2608292115,2,,S,S2,Filderstadt|Stuttgart Flughafen/Messe|Echterdingen|Leinfelden,8004496,Oberaichen,Baden-Württemberg,Leinfelden-Echterdingen,70771,9.12743664,48.70512422,5,2608292115,,2608292116,,,,,,,,,,,0.0,1.0
-2334134821981316841-2608292133-5,7966,2608292145,2608292145,2,,S,S2,Filderstadt|Stuttgart Flughafen/Messe|Echterdingen|Leinfelden,8004496,Oberaichen,Baden-Württemberg,Leinfelden-Echterdingen,70771,9.12743664,48.70512422,5,2608292145,,2608292146,,,,,,,,,,,0.0,1.0
-1445914617040136913-2608292120-8,7169,2608292144,2608292145,3,,S,S1,Kirchheim(Teck)|Kirchheim(Teck)-Ötlingen|Wendlingen(Neckar)|Wernau(Neckar)|Plochingen|Altbach|Esslingen-Zell,8004528,Oberesslingen,Baden-Württemberg,Esslingen am Neckar,73730,9.327277435,48.72983585,3,2608292144,,2608292145,,,,,,,,,,,0.0,0.0
6929098726566169295-2608292055-8,7164,2608292115,2608292115,4,,S,S1,Stuttgart Hbf|Stuttgart-Bad Cannstatt|Stuttgart Neckarpark|Stuttgart-Untertürkheim|Stuttgart-Obertürkheim|Esslingen-Mettingen|Esslingen(Neckar),8004528,Oberesslingen,Baden-Württemberg,Esslingen am Neckar,73730,9.327277435,48.72983585,3,2608292115,,2608292115,,,,,,,,,,,0.0,0.0
6090333868698703745-2608292125-8,7166,2608292145,2608292145,4,,S,S1,Stuttgart Hbf|Stuttgart-Bad Cannstatt|Stuttgart Neckarpark|Stuttgart-Untertürkheim|Stuttgart-Obertürkheim|Esslingen-Mettingen|Esslingen(Neckar),8004528,Oberesslingen,Baden-Württemberg,Esslingen am Neckar,73730,9.327277435,48.72983585,3,2608292145,,2608292146,,,,,,,,,,,0.0,1.0
3106830256264099267-2608292050-8,7167,2608292114,2608292115,3,,S,S1,Kirchheim(Teck)|Kirchheim(Teck)-Ötlingen|Wendlingen(Neckar)|Wernau(Neckar)|Plochingen|Altbach|Esslingen-Zell,8004528,Oberesslingen,Baden-Württemberg,Esslingen am Neckar,73730,9.327277435,48.72983585,3,2608292114,,2608292115,,,,,,,,,,,0.0,0.0
-6102671226917243432-2608292116-7,19358,2608292147,2608292148,7,,RE,MEX12,Reutlingen Hbf|Metzingen(Württ)|Bempflingen|Nürtingen|Oberboihingen|Wendlingen(Neckar),8000302,Plochingen,Baden-Württemberg,Plochingen,73207,9.411294578,48.71293906,2,2608292147,,2608292148,,,,,,,,,,,0.0,0.0
-9043595130434349800-2608292048-13,19174,2608292128,2608292134,1,,ARV,MEX16,Geislingen(Steige)|Geislingen(Steige)West|Kuchen|Gingen(Fils)|Süßen|Salach|Eislingen(Fils)|Göppingen|Faurndau|Uhingen|Ebersbach(Fils)|Reichenbach(Fils),8000302,Plochingen,Baden-Württemberg,Plochingen,73207,9.411294578,48.71293906,2,2608292128,,2608292134,,,,,,,,,,,0.0,0.0
-7326916283465140570-2608292113-13,19176,2608292157,2608292158,3,,ARV,MEX16,Geislingen(Steige)|Geislingen(Steige)West|Kuchen|Gingen(Fils)|Süßen|Salach|Eislingen(Fils)|Göppingen|Faurndau|Uhingen|Ebersbach(Fils)|Reichenbach(Fils),8000302,Plochingen,Baden-Württemberg,Plochingen,73207,9.411294578,48.71293906,2,2608292157,,2608292158,,,,,,,,,,,0.0,0.0
-1445914617040136913-2608292120-5,7169,2608292135,2608292137,9,,S,S1,Kirchheim(Teck)|Kirchheim(Teck)-Ötlingen|Wendlingen(Neckar)|Wernau(Neckar),8000302,Plochingen,Baden-Württemberg,Plochingen,73207,9.411294578,48.71293906,2,2608292136,,2608292137,,,,,,,,,,,1.0,0.0
-3985651556599643211-2608292120-3,19335,2608292142,,6,,RE,,Kornwestheim Pbf|Esslingen(Neckar),8000302,Plochingen,Baden-Württemberg,Plochingen,73207,9.411294578,48.71293906,2,2608292142,,,,c,,,,,,,,,0.0,0.0
6929098726566169295-2608292055-11,7164,2608292123,2608292126,9,,S,S1,Stuttgart Hbf|Stuttgart-Bad Cannstatt|Stuttgart Neckarpark|Stuttgart-Untertürkheim|Stuttgart-Obertürkheim|Esslingen-Mettingen|Esslingen(Neckar)|Oberesslingen|Esslingen-Zell|Altbach,8000302,Plochingen,Baden-Württemberg,Plochingen,73207,9.411294578,48.71293906,2,2608292123,,2608292126,,,,,,,,,,,0.0,0.0
-8269850265962571195-2608292045-3,19349,2608292111,2608292112,9,,RE,MEX12,Kornwestheim Pbf|Esslingen(Neckar),8000302,Plochingen,Baden-Württemberg,Plochingen,73207,9.411294578,48.71293906,2,2608292116,,2608292120,,,,,,,,,,,5.0,8.0
6090333868698703745-2608292125-11,7166,2608292153,2608292155,10,,S,S1,Stuttgart Hbf|Stuttgart-Bad Cannstatt|Stuttgart Neckarpark|Stuttgart-Untertürkheim|Stuttgart-Obertürkheim|Esslingen-Mettingen|Esslingen(Neckar)|Oberesslingen|Esslingen-Zell|Altbach,8000302,Plochingen,Baden-Württemberg,Plochingen,73207,9.411294578,48.71293906,2,2608292154,,2608292155,,,,,,,,,,,1.0,0.0
1229260282759837658-2608292112-1,19336,,2608292112,,,RE,MEX18,,8000302,Plochingen,Baden-Württemberg,Plochingen,73207,9.411294578,48.71293906,2,,,2608292112,,,,,,,,,,,0.0,0.0
-557792537201496520-2608292100-4,19175,2608292121,2608292130,3,,ARV,MEX16,Stuttgart Hbf|Stuttgart-Bad Cannstatt|Esslingen(Neckar),8000302,Plochingen,Baden-Württemberg,Plochingen,73207,9.411294578,48.71293906,2,2608292123,,2608292135,,,,,,,,,,,2.0,5.0
9051693092006692929-2608292137-3,4235,2608292154,2608292156,4,,RE,RE5,Stuttgart Hbf|Esslingen(Neckar),8000302,Plochingen,Baden-Württemberg,Plochingen,73207,9.411294578,48.71293906,2,,,,,,,,,,,,c,c,0.0,0.0
4084410163644003742-2608292042-4,19173,2608292100,2608292104,3,,ARV,MEX16,Stuttgart Hbf|Stuttgart-Bad Cannstatt|Esslingen(Neckar),8000302,Plochingen,Baden-Württemberg,Plochingen,73207,9.411294578,48.71293906,2,2608292104,,2608292105,,,,,,,,,,,4.0,1.0
3106830256264099267-2608292050-5,7167,2608292105,2608292107,9,,S,S1,Kirchheim(Teck)|Kirchheim(Teck)-Ötlingen|Wendlingen(Neckar)|Wernau(Neckar),8000302,Plochingen,Baden-Württemberg,Plochingen,73207,9.411294578,48.71293906,2,2608292106,,2608292107,,,,,,,,,,,1.0,0.0
6759640336004358692-2608291905-11,4230,2608292102,2608292103,1,,RE,RE5,Friedrichshafen Stadt|Meckenbeuren|Ravensburg|Aulendorf|Bad Schussenried|Biberach(Riß)|Laupheim West|Ulm Hbf|Geislingen(Steige)|Göppingen,8000302,Plochingen,Baden-Württemberg,Plochingen,73207,9.411294578,48.71293906,2,2608292103,,2608292103,,h,1,Störung,,,,,,,1.0,0.0
-5721042257730826301-2608292038-10,7066,2608292104,2608292109,3,,S,S60,Stuttgart-Feuerbach|Stuttgart-Zuffenhausen|Neuwirtshaus(Porscheplatz)|Korntal|Weilimdorf|Ditzingen|Höfingen|Leonberg|Rutesheim,8000313,Renningen,Baden-Württemberg,Renningen,71272,8.932650148,48.77515509,3,2608292106,,2608292112,,,,,,,,,,,2.0,3.0
-2482016822020551491-2608292117-12,7664,2608292149,2608292152,3,,S,S6,Stuttgart Hbf|Stuttgart Nordbahnhof|Stuttgart-Feuerbach|Stuttgart-Zuffenhausen|Neuwirtshaus(Porscheplatz)|Korntal|Weilimdorf|Ditzingen|Höfingen|Leonberg|Rutesheim,8000313,Renningen,Baden-Württemberg,Renningen,71272,8.932650148,48.77515509,3,2608292150,2,2608292155,2,,,,,,,,,,1.0,3.0
-279161464129784570-2608292139-1,7068,,2608292139,,,S,S60,,8000313,Renningen,Baden-Württemberg,Renningen,71272,8.932650148,48.77515509,3,,,2608292140,,,,,,,,,,,0.0,1.0
3272995048165614216-2608292158-1,26186,,2608292158,,,SWE,RB76,,8000313,Renningen,Baden-Württemberg,Renningen,71272,8.932650148,48.77515509,3,,,2608292201,,,,,,,,,,,0.0,3.0
-9065769761816720116-2608292126-6,26187,2608292148,,4,,SWE,,Calw|Calw-Heumaden|Althengstett|Ostelsheim|Weil der Stadt,8000313,Renningen,Baden-Württemberg,Renningen,71272,8.932650148,48.77515509,3,2608292158,,,,,,,,,,,,,10.0,0.0
-4954691136188615428-2608292047-12,7662,2608292119,2608292122,3,,S,S6,Stuttgart Hbf|Stuttgart Nordbahnhof|Stuttgart-Feuerbach|Stuttgart-Zuffenhausen|Neuwirtshaus(Porscheplatz)|Korntal|Weilimdorf|Ditzingen|Höfingen|Leonberg|Rutesheim,8000313,Renningen,Baden-Württemberg,Renningen,71272,8.932650148,48.77515509,3,2608292119,,2608292122,,,,,,,,,,,0.0,0.0
-4129909752986717170-2608292133-3,7669,2608292137,2608292141,2,,S,S6,Weil der Stadt|Malmsheim,8000313,Renningen,Baden-Württemberg,Renningen,71272,8.932650148,48.77515509,3,2608292140,,2608292141,,,,,,,,,,,3.0,0.0
-7506781114720968709-2608292103-3,7667,2608292107,2608292111,2,,S,S6,Weil der Stadt|Malmsheim,8000313,Renningen,Baden-Württemberg,Renningen,71272,8.932650148,48.77515509,3,2608292110,,2608292111,,,,,,,,,,,3.0,0.0
-8158613416807274501-2608292104-7,7065,2608292120,,2,,S,,Böblingen|Sindelfingen|Maichingen|Maichingen Nord|Magstadt|Renningen Süd,8000313,Renningen,Baden-Württemberg,Renningen,71272,8.932650148,48.77515509,3,2608292121,,,,,,,,,,,,,1.0,0.0
-5866427935955509808-2608292134-7,7067,2608292150,,2,,S,,Böblingen|Sindelfingen|Maichingen|Maichingen Nord|Magstadt|Renningen Süd,8000313,Renningen,Baden-Württemberg,Renningen,71272,8.932650148,48.77515509,3,2608292154,3,,,,,,,,,,,,4.0,0.0
2628700476961371155-2608292103-9,7267,2608292121,2608292122,2,,S,S2,Schorndorf|Weiler(Rems)|Winterbach(b Schorndorf)|Geradstetten|Grunbach|Beutelsbach|Endersbach|Stetten-Beinstein,8005157,Rommelshausen,Baden-Württemberg,Kernen,71394,9.319175885,48.81552017,4,2608292135,,2608292136,,h,1,Störung,,,,,,,14.0,14.0
3090077021401438649-2608292050-7,7262,2608292107,2608292107,1,,S,S2,Stuttgart Hbf|Stuttgart-Bad Cannstatt|Stuttgart Nürnberger Str.|Stuttgart-Sommerrain|Fellbach|Waiblingen,8005157,Rommelshausen,Baden-Württemberg,Kernen,71394,9.319175885,48.81552017,4,2608292108,,2608292109,,h,1,Störung,,,,,,,1.0,2.0
-7971444916294519755-2608292120-7,7264,2608292137,2608292137,1,,S,S2,Stuttgart Hbf|Stuttgart-Bad Cannstatt|Stuttgart Nürnberger Str.|Stuttgart-Sommerrain|Fellbach|Waiblingen,8005157,Rommelshausen,Baden-Württemberg,Kernen,71394,9.319175885,48.81552017,4,2608292137,,2608292138,,h,1,Störung,,,,,,,0.0,1.0
2890455660221075834-2608292133-9,7269,2608292151,2608292152,2,,S,S2,Schorndorf|Weiler(Rems)|Winterbach(b Schorndorf)|Geradstetten|Grunbach|Beutelsbach|Endersbach|Stetten-Beinstein,8005157,Rommelshausen,Baden-Württemberg,Kernen,71394,9.319175885,48.81552017,4,2608292205,,2608292205,,h,1,Störung,,,,,,,14.0,13.0
-5721042257730826301-2608292038-9,7066,2608292101,2608292101,2,,S,S60,Stuttgart-Feuerbach|Stuttgart-Zuffenhausen|Neuwirtshaus(Porscheplatz)|Korntal|Weilimdorf|Ditzingen|Höfingen|Leonberg,8005236,Rutesheim,Baden-Württemberg,Leonberg,71229,8.960325242,48.79031093,5,2608292102,,2608292103,,,,,,,,,,,1.0,2.0
-2482016822020551491-2608292117-11,7664,2608292146,2608292146,2,,S,S6,Stuttgart Hbf|Stuttgart Nordbahnhof|Stuttgart-Feuerbach|Stuttgart-Zuffenhausen|Neuwirtshaus(Porscheplatz)|Korntal|Weilimdorf|Ditzingen|Höfingen|Leonberg,8005236,Rutesheim,Baden-Württemberg,Leonberg,71229,8.960325242,48.79031093,5,2608292147,,2608292147,,,,,,,,,,,1.0,1.0
-4954691136188615428-2608292047-11,7662,2608292116,2608292116,2,,S,S6,Stuttgart Hbf|Stuttgart Nordbahnhof|Stuttgart-Feuerbach|Stuttgart-Zuffenhausen|Neuwirtshaus(Porscheplatz)|Korntal|Weilimdorf|Ditzingen|Höfingen|Leonberg,8005236,Rutesheim,Baden-Württemberg,Leonberg,71229,8.960325242,48.79031093,5,2608292116,,2608292117,,,,,,,,,,,0.0,1.0
-4129909752986717170-2608292133-4,7669,2608292143,2608292144,1,,S,S6,Weil der Stadt|Malmsheim|Renningen,8005236,Rutesheim,Baden-Württemberg,Leonberg,71229,8.960325242,48.79031093,5,2608292143,,2608292144,,,,,,,,,,,0.0,0.0
-7506781114720968709-2608292103-4,7667,2608292113,2608292114,1,,S,S6,Weil der Stadt|Malmsheim|Renningen,8005236,Rutesheim,Baden-Württemberg,Leonberg,71229,8.960325242,48.79031093,5,2608292114,,2608292115,,,,,,,,,,,1.0,1.0
-6477978226066436130-2608292047-4,19435,2608292113,2608292114,2,,ARV,MEX13,Stuttgart Hbf|Stuttgart-Bad Cannstatt|Waiblingen,8005424,Schorndorf,Baden-Württemberg,Schorndorf,73614,9.525686251,48.80693898,3,2608292113,,2608292114,,,,,,,,,,,0.0,0.0
2628700476961371155-2608292103-1,7267,,2608292103,,,S,S2,,8005424,Schorndorf,Baden-Württemberg,Schorndorf,73614,9.525686251,48.80693898,3,,,2608292103,,h,1,Störung,,,,,,c,0.0,0.0
3090077021401438649-2608292050-15,7262,2608292125,,1,,S,,Stuttgart Hbf|Stuttgart-Bad Cannstatt|Stuttgart Nürnberger Str.|Stuttgart-Sommerrain|Fellbach|Waiblingen|Rommelshausen|Stetten-Beinstein|Endersbach|Beutelsbach|Grunbach|Geradstetten|Winterbach(b Schorndorf)|Weiler(Rems),8005424,Schorndorf,Baden-Württemberg,Schorndorf,73614,9.525686251,48.80693898,3,2608292125,,,,h,1,Störung,,,,,c,,0.0,0.0
60349379957709074-2608292006-7,19685,2608292128,2608292129,2,,ARV,RE1,Karlsruhe Hbf|Karlsruhe-Durlach|Pforzheim Hbf|Mühlacker|Vaihingen(Enz)|Stuttgart Hbf,8005424,Schorndorf,Baden-Württemberg,Schorndorf,73614,9.525686251,48.80693898,3,2608292154,,2608292156,,,,,,,,,,,26.0,27.0
-489160259659374986-2608291952-17,19486,2608292113,2608292114,3,,ARV,MEX13,Crailsheim|Jagstzell|Ellwangen|Schrezheim|Schwabsberg|Goldshöfe|Hofen(b Aalen)|Wasseralfingen|Aalen Hbf|Mögglingen(Gmünd)|Böbingen(Rems)|Schwäbisch Gmünd|Lorch(Württ)|Waldhausen(b Schorndorf)|Plüderhausen|Urbach(b Schorndorf),8005424,Schorndorf,Baden-Württemberg,Schorndorf,73614,9.525686251,48.80693898,3,2608292116,,2608292117,,r,,,,,,,,c,3.0,3.0
-4811206268621532947-2608292120-4,19485,2608292143,2608292144,2,,ARV,MEX13,Stuttgart Hbf|Stuttgart-Bad Cannstatt|Waiblingen,8005424,Schorndorf,Baden-Württemberg,Schorndorf,73614,9.525686251,48.80693898,3,2608292143,,2608292144,,,,,,,,,p,p,0.0,0.0
4357443539708976180-2608292107-9,19440,2608292143,2608292144,3,,ARV,MEX13,Aalen Hbf|Mögglingen(Gmünd)|Böbingen(Rems)|Schwäbisch Gmünd|Lorch(Württ)|Waldhausen(b Schorndorf)|Plüderhausen|Urbach(b Schorndorf),8005424,Schorndorf,Baden-Württemberg,Schorndorf,73614,9.525686251,48.80693898,3,2608292144,2,2608292144,,,,,,,,,,c,1.0,0.0
-7971444916294519755-2608292120-15,7264,2608292155,,14,,S,,Stuttgart Hbf|Stuttgart-Bad Cannstatt|Stuttgart Nürnberger Str.|Stuttgart-Sommerrain|Fellbach|Waiblingen|Rommelshausen|Stetten-Beinstein|Endersbach|Beutelsbach|Grunbach|Geradstetten|Winterbach(b Schorndorf)|Weiler(Rems),8005424,Schorndorf,Baden-Württemberg,Schorndorf,73614,9.525686251,48.80693898,3,2608292155,,,,h,1,Störung,,,,,c,,0.0,0.0
2890455660221075834-2608292133-1,7269,,2608292133,,,S,S2,,8005424,Schorndorf,Baden-Württemberg,Schorndorf,73614,9.525686251,48.80693898,3,,,2608292203,,h,1,Störung,,,,Weiler(Rems)|Winterbach(b Schorndorf)|Geradstetten|Grunbach|Beutelsbach|Endersbach|Stetten-Beinstein|Rommelshausen|Waiblingen|Fellbach|Stuttgart-Sommerrain|Stuttgart Nürnberger Str.|Stuttgart-Bad Cannstatt|Stuttgart Hbf,,c,0.0,30.0
6924424662402192372-2608292112-8,7364,2608292136,2608292136,2,,S,S3,Stuttgart Hbf|Stuttgart-Bad Cannstatt|Stuttgart Nürnberger Str.|Stuttgart-Sommerrain|Fellbach|Waiblingen|Neustadt-Hohenacker,8005454,Schwaikheim,Baden-Württemberg,Schwaikheim,71409,9.354747358,48.86832665,4,2608292136,,2608292137,,,,,,,,,,,0.0,1.0
3859668929434965477-2608292111-5,7367,2608292122,2608292123,1,,S,S3,Backnang|Maubach|Nellmersbach|Winnenden,8005454,Schwaikheim,Baden-Württemberg,Schwaikheim,71409,9.354747358,48.86832665,4,2608292122,,2608292123,,,,,,,,,,,0.0,0.0
-4217556654966046239-2608292042-8,7362,2608292106,2608292106,2,,S,S3,Stuttgart Hbf|Stuttgart-Bad Cannstatt|Stuttgart Nürnberger Str.|Stuttgart-Sommerrain|Fellbach|Waiblingen|Neustadt-Hohenacker,8005454,Schwaikheim,Baden-Württemberg,Schwaikheim,71409,9.354747358,48.86832665,4,2608292106,,2608292107,,,,,,,,,,,0.0,1.0
970449513727673732-2608292141-5,7369,2608292152,2608292153,1,,S,S3,Backnang|Maubach|Nellmersbach|Winnenden,8005454,Schwaikheim,Baden-Württemberg,Schwaikheim,71409,9.354747358,48.86832665,4,2608292158,,2608292159,,,,,,,,,,,6.0,6.0
-5721042257730826301-2608292038-15,7066,2608292122,2608292123,1,,S,S60,Stuttgart-Feuerbach|Stuttgart-Zuffenhausen|Neuwirtshaus(Porscheplatz)|Korntal|Weilimdorf|Ditzingen|Höfingen|Leonberg|Rutesheim|Renningen|Renningen Süd|Magstadt|Maichingen Nord|Maichingen,8005574,Sindelfingen,Baden-Württemberg,Sindelfingen,71063,8.999262079,48.70387346,6,2608292126,,2608292127,,,,,,,,,,,4.0,4.0
-279161464129784570-2608292139-6,7068,2608292152,2608292153,1,,S,S60,Renningen|Renningen Süd|Magstadt|Maichingen Nord|Maichingen,8005574,Sindelfingen,Baden-Württemberg,Sindelfingen,71063,8.999262079,48.70387346,6,2608292153,,2608292154,,,,,,,,,,,1.0,1.0
-8158613416807274501-2608292104-2,7065,2608292106,2608292107,1,,S,S60,Böblingen,8005574,Sindelfingen,Baden-Württemberg,Sindelfingen,71063,8.999262079,48.70387346,6,2608292106,,2608292107,,,,,,,,,,,0.0,0.0
-5866427935955509808-2608292134-2,7067,2608292136,2608292137,1,,S,S60,Böblingen,8005574,Sindelfingen,Baden-Württemberg,Sindelfingen,71063,8.999262079,48.70387346,6,2608292138,,2608292139,,,,,,,,,,,2.0,2.0
2628700476961371155-2608292103-8,7267,2608292119,2608292119,2,,S,S2,Schorndorf|Weiler(Rems)|Winterbach(b Schorndorf)|Geradstetten|Grunbach|Beutelsbach|Endersbach,8005726,Stetten-Beinstein,Baden-Württemberg,Weinstadt,71384,9.352769725,48.81199601,5,2608292132,,2608292133,,h,1,Störung,,,,,,,13.0,14.0
3090077021401438649-2608292050-8,7262,2608292109,2608292109,1,,S,S2,Stuttgart Hbf|Stuttgart-Bad Cannstatt|Stuttgart Nürnberger Str.|Stuttgart-Sommerrain|Fellbach|Waiblingen|Rommelshausen,8005726,Stetten-Beinstein,Baden-Württemberg,Weinstadt,71384,9.352769725,48.81199601,5,2608292110,,2608292111,,h,1,Störung,,,,,,,1.0,2.0
-7971444916294519755-2608292120-8,7264,2608292139,2608292139,1,,S,S2,Stuttgart Hbf|Stuttgart-Bad Cannstatt|Stuttgart Nürnberger Str.|Stuttgart-Sommerrain|Fellbach|Waiblingen|Rommelshausen,8005726,Stetten-Beinstein,Baden-Württemberg,Weinstadt,71384,9.352769725,48.81199601,5,2608292139,,2608292140,,h,1,Störung,,,,,,,0.0,1.0
2890455660221075834-2608292133-8,7269,2608292149,2608292149,2,,S,S2,Schorndorf|Weiler(Rems)|Winterbach(b Schorndorf)|Geradstetten|Grunbach|Beutelsbach|Endersbach,8005726,Stetten-Beinstein,Baden-Württemberg,Weinstadt,71384,9.352769725,48.81199601,5,2608292202,,2608292203,,h,1,Störung,,,,,,,13.0,14.0
6402086477437547994-2608292107-1,7462,,2608292107,,,S,S4,,8000096,Stuttgart Hbf,Baden-Württemberg,Stuttgart,70173,9.183172973,48.78473069,1,,,2608292108,,,,,,,,,,,0.0,1.0
-7688058543483544550-2608292116-1,2505,,2608292116,,,IC,,,8000096,Stuttgart Hbf,Baden-Württemberg,Stuttgart,70173,9.183172973,48.78473069,1,,,2608292116,,,,,,,,,,,0.0,0.0
1389785616641395473-2608291601-5,1163,2608292101,,11,,ICE,,Berlin Gesundbrunnen|Berlin Hbf|Berlin Südkreuz|Nürnberg Hbf,8000096,Stuttgart Hbf,Baden-Württemberg,Stuttgart,70173,9.183172973,48.78473069,1,2608292301,,,,,,,,,Berlin Gesundbrunnen|Berlin Hbf|Berlin Südkreuz|Nürnberg Hbf,,,,120.0,0.0
5680698672680243057-2608292155-1,7168,,2608292155,,,S,S1,,8000096,Stuttgart Hbf,Baden-Württemberg,Stuttgart,70173,9.183172973,48.78473069,1,,,2608292155,,,,,,,,,,,0.0,0.0
-3461919827259512205-2608292029-3,2622,2608292132,,5,,IC,,Oberndorf(Neckar)|Horb,8000096,Stuttgart Hbf,Baden-Württemberg,Stuttgart,70173,9.183172973,48.78473069,1,2608292132,7,,,,,,,,,,,,0.0,0.0
-5441853934140556416-2608292152-1,19361,,2608292152,,,RE,MEX12,,8000096,Stuttgart Hbf,Baden-Württemberg,Stuttgart,70173,9.183172973,48.78473069,1,,,2608292152,16,,,,,,,,,,0.0,0.0
6924424662402192372-2608292112-1,7364,,2608292112,,,S,S3,,8000096,Stuttgart Hbf,Baden-Württemberg,Stuttgart,70173,9.183172973,48.78473069,1,,,2608292112,,,,,,,,,,,0.0,0.0
3851149700712559495-2608292033-15,7265,2608292110,,3,,S,,Schorndorf|Weiler(Rems)|Winterbach(b Schorndorf)|Geradstetten|Grunbach|Beutelsbach|Endersbach|Stetten-Beinstein|Rommelshausen|Waiblingen|Fellbach|Stuttgart-Sommerrain|Stuttgart Nürnberger Str.|Stuttgart-Bad Cannstatt,8000096,Stuttgart Hbf,Baden-Württemberg,Stuttgart,70173,9.183172973,48.78473069,1,2608292110,,,,,,,,,,,,,0.0,0.0
8788500588117567424-2608291838-22,88626,2608292123,,13,,ARV,,Nürnberg Hbf|Roßtal|Heilsbronn|Wicklesgreuth|Ansbach|Leutershausen-Wiedersbach|Dombühl|Schnelldorf|Crailsheim|Eckartshausen-Ilshofen|Schwäbisch Hall-Hessental|Gaildorf West|Fichtenberg|Fornsbach|Murrhardt|Sulzbach(Murr)|Oppenweiler(Württ)|Backnang|Winnenden|Waiblingen|Stuttgart-Bad Cannstatt,8000096,Stuttgart Hbf,Baden-Württemberg,Stuttgart,70173,9.183172973,48.78473069,1,2608292123,12,,,r,,,,,,,,,0.0,0.0
6737611286015741642-2608292147-1,7666,,2608292147,,,S,S6,,8000096,Stuttgart Hbf,Baden-Württemberg,Stuttgart,70173,9.183172973,48.78473069,1,,,2608292148,,,,,,,,,,,0.0,1.0
-9043595130434349800-2608292048-16,19174,2608292150,,12,,ARV,,Geislingen(Steige)|Geislingen(Steige)West|Kuchen|Gingen(Fils)|Süßen|Salach|Eislingen(Fils)|Göppingen|Faurndau|Uhingen|Ebersbach(Fils)|Reichenbach(Fils)|Plochingen|Esslingen(Neckar)|Stuttgart-Bad Cannstatt,8000096,Stuttgart Hbf,Baden-Württemberg,Stuttgart,70173,9.183172973,48.78473069,1,2608292152,,,,,,,,,,,,,2.0,0.0
-1118747796873824672-2608291349-11,1243,2608292145,,6,,FLX,,Hamburg-Bergedorf|Berlin-Spandau|Berlin Hbf|Berlin Südkreuz|Halle(Saale)Hbf|Erfurt Hbf|Fulda|Frankfurt(Main)Süd|Darmstadt Hbf|Heidelberg Hbf,8000096,Stuttgart Hbf,Baden-Württemberg,Stuttgart,70173,9.183172973,48.78473069,1,2608292146,11,,,,,,,,,,,,1.0,0.0
91239951430369415-2608292007-12,19436,2608292109,,14,,ARV,,Aalen Hbf|Mögglingen(Gmünd)|Böbingen(Rems)|Schwäbisch Gmünd|Lorch(Württ)|Waldhausen(b Schorndorf)|Plüderhausen|Urbach(b Schorndorf)|Schorndorf|Waiblingen|Stuttgart-Bad Cannstatt,8000096,Stuttgart Hbf,Baden-Württemberg,Stuttgart,70173,9.183172973,48.78473069,1,2608292109,,,,,,,,,,,p,,0.0,0.0
-2482016822020551491-2608292117-1,7664,,2608292117,,,S,S6,,8000096,Stuttgart Hbf,Baden-Württemberg,Stuttgart,70173,9.183172973,48.78473069,1,,,2608292118,,,,,,,,,,,0.0,1.0
7200444769907381892-2608291527-16,995,2608292129,,6,,ICE,,Berlin-Charlottenburg|Berlin-Spandau|Stendal Hbf|Wolfsburg Hbf|Braunschweig Hbf|Hildesheim Hbf|Göttingen|Kassel-Wilhelmshöhe|Fulda|Hanau Hbf|Darmstadt Hbf|Bensheim|Weinheim(Bergstr)Hbf|Heidelberg Hbf|Wiesloch-Walldorf,8000096,Stuttgart Hbf,Baden-Württemberg,Stuttgart,70173,9.183172973,48.78473069,1,2608292129,,,,h,3,Information,,,,,,,0.0,0.0
5410392350429499457-2608292116-1,52385,,2608292116,,,RE,IC87,,8000096,Stuttgart Hbf,Baden-Württemberg,Stuttgart,70173,9.183172973,48.78473069,1,,,,,,,,,,,,,c,0.0,0.0
2628700476961371155-2608292103-15,7267,2608292140,,3,,S,,Schorndorf|Weiler(Rems)|Winterbach(b Schorndorf)|Geradstetten|Grunbach|Beutelsbach|Endersbach|Stetten-Beinstein|Rommelshausen|Waiblingen|Fellbach|Stuttgart-Sommerrain|Stuttgart Nürnberger Str.|Stuttgart-Bad Cannstatt,8000096,Stuttgart Hbf,Baden-Württemberg,Stuttgart,70173,9.183172973,48.78473069,1,2608292152,,,,h,1,Störung,,,,,,,12.0,0.0
3859668929434965477-2608292111-12,7367,2608292147,,4,,S,,Backnang|Maubach|Nellmersbach|Winnenden|Schwaikheim|Neustadt-Hohenacker|Waiblingen|Fellbach|Stuttgart-Sommerrain|Stuttgart Nürnberger Str.|Stuttgart-Bad Cannstatt,8000096,Stuttgart Hbf,Baden-Württemberg,Stuttgart,70173,9.183172973,48.78473069,1,2608292147,,,,,,,,,,,,,0.0,0.0
4601980119676676489-2608292016-10,19356,2608292113,,10,,RE,,Reutlingen Hbf|Metzingen(Württ)|Bempflingen|Nürtingen|Oberboihingen|Wendlingen(Neckar)|Plochingen|Esslingen(Neckar)|Stuttgart-Bad Cannstatt,8000096,Stuttgart Hbf,Baden-Württemberg,Stuttgart,70173,9.183172973,48.78473069,1,2608292112,,,,,,,,,,,,,-1.0,0.0
-2631007370516690844-2608292157-1,7568,,2608292157,,,S,S5,,8000096,Stuttgart Hbf,Baden-Württemberg,Stuttgart,70173,9.183172973,48.78473069,1,,,2608292157,,,,,,,,,,,0.0,0.0
-887848700709365635-2608292116-6,7567,2608292135,,2,,S,,Ludwigsburg|Kornwestheim Pbf|Stuttgart-Zuffenhausen|Stuttgart-Feuerbach|Stuttgart Nordbahnhof,8000096,Stuttgart Hbf,Baden-Württemberg,Stuttgart,70173,9.183172973,48.78473069,1,2608292135,,,,,,,,,,,,,0.0,0.0
205536001243633238-2608292155-1,88649,,2608292155,,,ARV,RE90,,8000096,Stuttgart Hbf,Baden-Württemberg,Stuttgart,70173,9.183172973,48.78473069,1,,,2608292155,,,,,,,,,,,0.0,0.0
2515064770390304228-2608292140-1,19177,,2608292140,,,ARV,MEX16,,8000096,Stuttgart Hbf,Baden-Württemberg,Stuttgart,70173,9.183172973,48.78473069,1,,,2608292140,,,,,,,,,,,0.0,0.0
60349379957709074-2608292006-6,19685,2608292059,2608292106,15,,ARV,RE1,Karlsruhe Hbf|Karlsruhe-Durlach|Pforzheim Hbf|Mühlacker|Vaihingen(Enz),8000096,Stuttgart Hbf,Baden-Württemberg,Stuttgart,70173,9.183172973,48.78473069,1,2608292108,,2608292135,,,,,,,,,,,9.0,29.0
3201207977925592989-2608291332-13,2593,2608292111,2608292117,16,,ICE,,Hamburg Hbf|Ludwigslust|Wittenberge|Berlin Hbf|Berlin Südkreuz|Lutherstadt Wittenberg Hbf|Leipzig Hbf|Erfurt Hbf|Eisenach Hbf|Fulda|Frankfurt(Main)Süd|Mannheim Hbf,8000096,Stuttgart Hbf,Baden-Württemberg,Stuttgart,70173,9.183172973,48.78473069,1,2608292116,,2608292117,,h,2,Information,,,,,,,5.0,0.0
-489160259659374986-2608291952-20,19486,2608292139,,14,,ARV,,Crailsheim|Jagstzell|Ellwangen|Schrezheim|Schwabsberg|Goldshöfe|Hofen(b Aalen)|Wasseralfingen|Aalen Hbf|Mögglingen(Gmünd)|Böbingen(Rems)|Schwäbisch Gmünd|Lorch(Württ)|Waldhausen(b Schorndorf)|Plüderhausen|Urbach(b Schorndorf)|Schorndorf|Waiblingen|Stuttgart-Bad Cannstatt,8000096,Stuttgart Hbf,Baden-Württemberg,Stuttgart,70173,9.183172973,48.78473069,1,2608292140,,,,r,,,,,,,c,,1.0,0.0
3342960685238521043-2608292015-11,17680,2608292142,,7,,RE,,Oberndorf(Neckar)|Sulz(Neckar)|Horb|Eutingen im Gäu|Ergenzingen|Bondorf(b Herrenberg)|Gäufelden|Herrenberg|Böblingen|Stuttgart-Vaihingen,8000096,Stuttgart Hbf,Baden-Württemberg,Stuttgart,70173,9.183172973,48.78473069,1,2608292142,5,,,,,,,,,,,,0.0,0.0
-4825568150332843798-2608292032-7,19031,2608292125,,8,,ARV,,Karlsruhe Hbf|Karlsruhe-Durlach|Wilferdingen-Singen|Pforzheim Hbf|Mühlacker|Vaihingen(Enz),8000096,Stuttgart Hbf,Baden-Württemberg,Stuttgart,70173,9.183172973,48.78473069,1,2608292133,,,,,,,,,,,,,8.0,0.0
904272065433025864-2608292020-15,7165,2608292105,,4,,S,,Kirchheim(Teck)|Kirchheim(Teck)-Ötlingen|Wendlingen(Neckar)|Wernau(Neckar)|Plochingen|Altbach|Esslingen-Zell|Oberesslingen|Esslingen(Neckar)|Esslingen-Mettingen|Stuttgart-Obertürkheim|Stuttgart-Untertürkheim|Stuttgart Neckarpark|Stuttgart-Bad Cannstatt,8000096,Stuttgart Hbf,Baden-Württemberg,Stuttgart,70173,9.183172973,48.78473069,1,2608292105,,,,,,,,,,,,,0.0,0.0
2828988855077273536-2608292137-1,7464,,2608292137,,,S,S4,,8000096,Stuttgart Hbf,Baden-Württemberg,Stuttgart,70173,9.183172973,48.78473069,1,,,2608292138,,,,,,,,,,,0.0,1.0
-7578975115161805427-2608292041-12,7365,2608292117,,4,,S,,Backnang|Maubach|Nellmersbach|Winnenden|Schwaikheim|Neustadt-Hohenacker|Waiblingen|Fellbach|Stuttgart-Sommerrain|Stuttgart Nürnberger Str.|Stuttgart-Bad Cannstatt,8000096,Stuttgart Hbf,Baden-Württemberg,Stuttgart,70173,9.183172973,48.78473069,1,2608292117,,,,,,,,,,,,,0.0,0.0
6090333868698703745-2608292125-1,7166,,2608292125,,,S,S1,,8000096,Stuttgart Hbf,Baden-Württemberg,Stuttgart,70173,9.183172973,48.78473069,1,,,2608292126,,,,,,,,,,,0.0,1.0
-5248477185843077062-2608292033-14,7465,2608292125,,1,,S,,Backnang|Burgstall(Murr)|Kirchberg(Murr)|Erdmannhausen|Marbach(Neckar)|Benningen(Neckar)|Freiberg(Neckar)|Favoritepark|Ludwigsburg|Kornwestheim Pbf|Stuttgart-Zuffenhausen|Stuttgart-Feuerbach|Stuttgart Nordbahnhof,8000096,Stuttgart Hbf,Baden-Württemberg,Stuttgart,70173,9.183172973,48.78473069,1,2608292125,,,,,,,,,,,,,0.0,0.0
-8959018065734509300-2608292010-6,1099,2608292155,,8,,ICE,,Frankfurt(Main)Hbf|Darmstadt Hbf|Bensheim|Weinheim(Bergstr)Hbf|Heidelberg Hbf,8000096,Stuttgart Hbf,Baden-Württemberg,Stuttgart,70173,9.183172973,48.78473069,1,2608292155,,,,h,3,Information,,,,,,,0.0,0.0
534212340185310120-2608292147-1,19437,,2608292147,,,ARV,MEX13,,8000096,Stuttgart Hbf,Baden-Württemberg,Stuttgart,70173,9.183172973,48.78473069,1,,,2608292211,,,,,,,,,,c,0.0,24.0
-4811206268621532947-2608292120-1,19485,,2608292120,,,ARV,MEX13,,8000096,Stuttgart Hbf,Baden-Württemberg,Stuttgart,70173,9.183172973,48.78473069,1,,,2608292120,,,,,,,,,,p,0.0,0.0
-6294731278479900645-2608292150-1,7266,,2608292150,,,S,S2,,8000096,Stuttgart Hbf,Baden-Württemberg,Stuttgart,70173,9.183172973,48.78473069,1,,,2608292158,,h,1,Störung,,,,,,,0.0,8.0
-557792537201496520-2608292100-1,19175,,2608292100,,,ARV,MEX16,,8000096,Stuttgart Hbf,Baden-Württemberg,Stuttgart,70173,9.183172973,48.78473069,1,,,2608292104,,,,,,,,,,,0.0,4.0
1336318002580222572-2608292033-14,7665,2608292115,,2,,S,,Weil der Stadt|Malmsheim|Renningen|Rutesheim|Leonberg|Höfingen|Ditzingen|Weilimdorf|Korntal|Neuwirtshaus(Porscheplatz)|Stuttgart-Zuffenhausen|Stuttgart-Feuerbach|Stuttgart Nordbahnhof,8000096,Stuttgart Hbf,Baden-Württemberg,Stuttgart,70173,9.183172973,48.78473069,1,2608292115,,,,,,,,,,,,,0.0,0.0
613026341677136269-2608292103-14,7467,2608292155,,2,,S,,Backnang|Burgstall(Murr)|Kirchberg(Murr)|Erdmannhausen|Marbach(Neckar)|Benningen(Neckar)|Freiberg(Neckar)|Favoritepark|Ludwigsburg|Kornwestheim Pbf|Stuttgart-Zuffenhausen|Stuttgart-Feuerbach|Stuttgart Nordbahnhof,8000096,Stuttgart Hbf,Baden-Württemberg,Stuttgart,70173,9.183172973,48.78473069,1,2608292155,,,,,,,,,,,,,0.0,0.0
-7506781114720968709-2608292103-14,7667,2608292145,,1,,S,,Weil der Stadt|Malmsheim|Renningen|Rutesheim|Leonberg|Höfingen|Ditzingen|Weilimdorf|Korntal|Neuwirtshaus(Porscheplatz)|Stuttgart-Zuffenhausen|Stuttgart-Feuerbach|Stuttgart Nordbahnhof,8000096,Stuttgart Hbf,Baden-Württemberg,Stuttgart,70173,9.183172973,48.78473069,1,2608292145,,,,,,,,,,,,,0.0,0.0
-3543196118111640054-2608292016-16,19172,2608292116,,12,,ARV,,Geislingen(Steige)|Geislingen(Steige)West|Kuchen|Gingen(Fils)|Süßen|Salach|Eislingen(Fils)|Göppingen|Faurndau|Uhingen|Ebersbach(Fils)|Reichenbach(Fils)|Plochingen|Esslingen(Neckar)|Stuttgart-Bad Cannstatt,8000096,Stuttgart Hbf,Baden-Württemberg,Stuttgart,70173,9.183172973,48.78473069,1,2608292117,13,,,,,,,,,,,,1.0,0.0
9051693092006692929-2608292137-1,4235,,2608292137,,,RE,RE5,,8000096,Stuttgart Hbf,Baden-Württemberg,Stuttgart,70173,9.183172973,48.78473069,1,,,,,,,,,,,,,c,0.0,0.0
2044823728383562621-2608291550-15,2064,2608292153,2608292159,11,,IC,,Leipzig Hbf|Naumburg(Saale)Hbf|Jena Paradies|Jena-Göschwitz|Rudolstadt(Thür)|Saalfeld(Saale)|Ludwigsstadt|Kronach|Lichtenfels|Bamberg|Erlangen|Nürnberg Hbf|Ansbach|Aalen Hbf,8000096,Stuttgart Hbf,Baden-Württemberg,Stuttgart,70173,9.183172973,48.78473069,1,2608292349,,2608292354,,h,2,Information,,,Leipzig Hbf|Naumburg(Saale)Hbf|Jena Paradies|Jena-Göschwitz|Rudolstadt(Thür)|Saalfeld(Saale)|Ludwigsstadt|Kronach|Lichtenfels|Bamberg|Erlangen|Nürnberg Hbf|Ansbach|Aalen Hbf,Vaihingen(Enz)|Mühlacker|Pforzheim Hbf|Karlsruhe Hbf,,,116.0,115.0
2880728828325156846-2608292046-6,7565,2608292105,,1,,S,,Ludwigsburg|Kornwestheim Pbf|Stuttgart-Zuffenhausen|Stuttgart-Feuerbach|Stuttgart Nordbahnhof,8000096,Stuttgart Hbf,Baden-Württemberg,Stuttgart,70173,9.183172973,48.78473069,1,2608292105,,,,,,,,,,,,,0.0,0.0
3004211106632004072-2608292029-3,50182,2608292132,,5,,RE,,Oberndorf(Neckar)|Horb,8000096,Stuttgart Hbf,Baden-Württemberg,Stuttgart,70173,9.183172973,48.78473069,1,2608292132,7,,,,,,,,,,,,0.0,0.0
3106830256264099267-2608292050-15,7167,2608292135,,4,,S,,Kirchheim(Teck)|Kirchheim(Teck)-Ötlingen|Wendlingen(Neckar)|Wernau(Neckar)|Plochingen|Altbach|Esslingen-Zell|Oberesslingen|Esslingen(Neckar)|Esslingen-Mettingen|Stuttgart-Obertürkheim|Stuttgart-Untertürkheim|Stuttgart Neckarpark|Stuttgart-Bad Cannstatt,8000096,Stuttgart Hbf,Baden-Württemberg,Stuttgart,70173,9.183172973,48.78473069,1,2608292135,,,,,,,,,,,,,0.0,0.0
-7971444916294519755-2608292120-1,7264,,2608292120,,,S,S2,,8000096,Stuttgart Hbf,Baden-Württemberg,Stuttgart,70173,9.183172973,48.78473069,1,,,2608292120,,h,1,Störung,,,,,,,0.0,0.0
-2697374704234513960-2608292132-1,19032,,2608292132,,,ARV,RE1,,8000096,Stuttgart Hbf,Baden-Württemberg,Stuttgart,70173,9.183172973,48.78473069,1,,,2608292133,,,,,,,,,,,0.0,1.0
5309476577673731873-2608292101-1,28499,,2608292101,,,RE,RESB,,8000096,Stuttgart Hbf,Baden-Württemberg,Stuttgart,70173,9.183172973,48.78473069,1,,,2608292103,,,,,,,,,,,0.0,2.0
-4698443977179735697-2608292127-1,7566,,2608292127,,,S,S5,,8000096,Stuttgart Hbf,Baden-Württemberg,Stuttgart,70173,9.183172973,48.78473069,1,,,2608292127,,,,,,,,,,,0.0,0.0
-8173057082443024324-2608292013-17,17682,2608292142,,7,,RE,,Freudenstadt Hbf|Grüntal-Wittlensweiler|Dornstetten-Aach|Dornstetten|Schopfloch(b Freudenstadt)|Bittelbronn|Horb-Heiligenfeld|Hochdorf(b Horb)|Eutingen Nord|Eutingen im Gäu|Ergenzingen|Bondorf(b Herrenberg)|Gäufelden|Herrenberg|Böblingen|Stuttgart-Vaihingen,8000096,Stuttgart Hbf,Baden-Württemberg,Stuttgart,70173,9.183172973,48.78473069,1,2608292142,5,,,,,,,,,,,,0.0,0.0
553786968472239584-2608292142-1,7366,,2608292142,,,S,S3,,8000096,Stuttgart Hbf,Baden-Württemberg,Stuttgart,70173,9.183172973,48.78473069,1,,,2608292142,,,,,,,,,,,0.0,0.0
6759640336004358692-2608291905-13,4230,2608292120,,11,,RE,,Friedrichshafen Stadt|Meckenbeuren|Ravensburg|Aulendorf|Bad Schussenried|Biberach(Riß)|Laupheim West|Ulm Hbf|Geislingen(Steige)|Göppingen|Plochingen|Esslingen(Neckar),8000096,Stuttgart Hbf,Baden-Württemberg,Stuttgart,70173,9.183172973,48.78473069,1,2608292120,,,,h,1,Störung,,,,,,,0.0,0.0
8322424274180843926-2608291928-5,510,2608292143,2608292149,10,,ICE,,München Hbf|München-Pasing|Augsburg Hbf|Ulm Hbf,8000096,Stuttgart Hbf,Baden-Württemberg,Stuttgart,70173,9.183172973,48.78473069,1,2608292140,9,2608292149,9,,,,,,,,,,-3.0,0.0
-1445914617040136913-2608292120-13,7169,2608292157,2608292157,1,,S,S1,Kirchheim(Teck)|Kirchheim(Teck)-Ötlingen|Wendlingen(Neckar)|Wernau(Neckar)|Plochingen|Altbach|Esslingen-Zell|Oberesslingen|Esslingen(Neckar)|Esslingen-Mettingen|Stuttgart-Obertürkheim|Stuttgart-Untertürkheim,8006743,Stuttgart Neckarpark,Baden-Württemberg,Stuttgart,70372,9.24106855,48.79194362,4,2608292157,,2608292158,,,,,,,,,,,0.0,1.0
6929098726566169295-2608292055-3,7164,2608292102,2608292102,2,,S,S1,Stuttgart Hbf|Stuttgart-Bad Cannstatt,8006743,Stuttgart Neckarpark,Baden-Württemberg,Stuttgart,70372,9.24106855,48.79194362,4,2608292102,,2608292102,,,,,,,,,,,0.0,0.0
6090333868698703745-2608292125-3,7166,2608292132,2608292132,2,,S,S1,Stuttgart Hbf|Stuttgart-Bad Cannstatt,8006743,Stuttgart Neckarpark,Baden-Württemberg,Stuttgart,70372,9.24106855,48.79194362,4,2608292132,,2608292132,,,,,,,,,,,0.0,0.0
3106830256264099267-2608292050-13,7167,2608292127,2608292127,1,,S,S1,Kirchheim(Teck)|Kirchheim(Teck)-Ötlingen|Wendlingen(Neckar)|Wernau(Neckar)|Plochingen|Altbach|Esslingen-Zell|Oberesslingen|Esslingen(Neckar)|Esslingen-Mettingen|Stuttgart-Obertürkheim|Stuttgart-Untertürkheim,8006743,Stuttgart Neckarpark,Baden-Württemberg,Stuttgart,70372,9.24106855,48.79194362,4,2608292127,,2608292127,,,,,,,,,,,0.0,0.0
6402086477437547994-2608292107-2,7462,2608292110,2608292111,3,,S,S4,Stuttgart Hbf,8005767,Stuttgart Nord,Baden-Württemberg,Stuttgard-Nord,70174,9.188061449,48.80374161,5,2608292112,,2608292113,,,,,,,,,,,2.0,2.0
6737611286015741642-2608292147-2,7666,2608292150,2608292152,3,,S,S6,Stuttgart Hbf,8005767,Stuttgart Nord,Baden-Württemberg,Stuttgard-Nord,70174,9.188061449,48.80374161,5,2608292151,,2608292152,,,,,,,,,,,1.0,0.0
-2482016822020551491-2608292117-2,7664,2608292120,2608292122,3,,S,S6,Stuttgart Hbf,8005767,Stuttgart Nord,Baden-Württemberg,Stuttgard-Nord,70174,9.188061449,48.80374161,5,2608292121,,2608292122,,,,,,,,,,,1.0,0.0
3081120732937112595-2608292057-2,7564,2608292100,2608292101,3,,S,S5,Stuttgart Hbf,8005767,Stuttgart Nord,Baden-Württemberg,Stuttgard-Nord,70174,9.188061449,48.80374161,5,2608292101,,2608292101,,,,,,,,,,,1.0,0.0
-887848700709365635-2608292116-5,7567,2608292129,2608292131,4,,S,S5,Ludwigsburg|Kornwestheim Pbf|Stuttgart-Zuffenhausen|Stuttgart-Feuerbach,8005767,Stuttgart Nord,Baden-Württemberg,Stuttgard-Nord,70174,9.188061449,48.80374161,5,2608292129,,2608292131,,,,,,,,,,,0.0,0.0
2105782434057596707-2608292146-5,7569,2608292159,2608292201,4,,S,S5,Ludwigsburg|Kornwestheim Pbf|Stuttgart-Zuffenhausen|Stuttgart-Feuerbach,8005767,Stuttgart Nord,Baden-Württemberg,Stuttgard-Nord,70174,9.188061449,48.80374161,5,2608292159,,2608292201,,,,,,,,,,,0.0,0.0
2828988855077273536-2608292137-2,7464,2608292140,2608292141,3,,S,S4,Stuttgart Hbf,8005767,Stuttgart Nord,Baden-Württemberg,Stuttgard-Nord,70174,9.188061449,48.80374161,5,2608292141,,2608292142,,,,,,,,,,,1.0,1.0
-5248477185843077062-2608292033-13,7465,2608292119,2608292121,4,,S,S4,Backnang|Burgstall(Murr)|Kirchberg(Murr)|Erdmannhausen|Marbach(Neckar)|Benningen(Neckar)|Freiberg(Neckar)|Favoritepark|Ludwigsburg|Kornwestheim Pbf|Stuttgart-Zuffenhausen|Stuttgart-Feuerbach,8005767,Stuttgart Nord,Baden-Württemberg,Stuttgard-Nord,70174,9.188061449,48.80374161,5,2608292119,,2608292121,,,,,,,,,,,0.0,0.0
1336318002580222572-2608292033-13,7665,2608292109,2608292111,4,,S,S6,Weil der Stadt|Malmsheim|Renningen|Rutesheim|Leonberg|Höfingen|Ditzingen|Weilimdorf|Korntal|Neuwirtshaus(Porscheplatz)|Stuttgart-Zuffenhausen|Stuttgart-Feuerbach,8005767,Stuttgart Nord,Baden-Württemberg,Stuttgard-Nord,70174,9.188061449,48.80374161,5,2608292109,,2608292112,,,,,,,,,,,0.0,1.0
613026341677136269-2608292103-13,7467,2608292149,2608292151,4,,S,S4,Backnang|Burgstall(Murr)|Kirchberg(Murr)|Erdmannhausen|Marbach(Neckar)|Benningen(Neckar)|Freiberg(Neckar)|Favoritepark|Ludwigsburg|Kornwestheim Pbf|Stuttgart-Zuffenhausen|Stuttgart-Feuerbach,8005767,Stuttgart Nord,Baden-Württemberg,Stuttgard-Nord,70174,9.188061449,48.80374161,5,2608292149,,2608292151,,,,,,,,,,,0.0,0.0
-7506781114720968709-2608292103-13,7667,2608292139,2608292141,4,,S,S6,Weil der Stadt|Malmsheim|Renningen|Rutesheim|Leonberg|Höfingen|Ditzingen|Weilimdorf|Korntal|Neuwirtshaus(Porscheplatz)|Stuttgart-Zuffenhausen|Stuttgart-Feuerbach,8005767,Stuttgart Nord,Baden-Württemberg,Stuttgard-Nord,70174,9.188061449,48.80374161,5,2608292139,,2608292141,,,,,,,,,,,0.0,0.0
2880728828325156846-2608292046-5,7565,2608292059,2608292101,4,,S,S5,Ludwigsburg|Kornwestheim Pbf|Stuttgart-Zuffenhausen|Stuttgart-Feuerbach,8005767,Stuttgart Nord,Baden-Württemberg,Stuttgard-Nord,70174,9.188061449,48.80374161,5,2608292059,,2608292101,,,,,,,,,,,0.0,0.0
-4698443977179735697-2608292127-2,7566,2608292130,2608292131,3,,S,S5,Stuttgart Hbf,8005767,Stuttgart Nord,Baden-Württemberg,Stuttgard-Nord,70174,9.188061449,48.80374161,5,2608292131,,2608292132,,,,,,,,,,,1.0,1.0
6924424662402192372-2608292112-3,7364,2608292122,2608292122,4,,S,S3,Stuttgart Hbf|Stuttgart-Bad Cannstatt,8004357,Stuttgart Nürnberger Straße,Baden-Württemberg,Stuttgart,70374,9.234576905,48.80656062,5,2608292122,,2608292122,,,,,,,,,,,0.0,0.0
3851149700712559495-2608292033-13,7265,2608292102,2608292103,1,,S,S2,Schorndorf|Weiler(Rems)|Winterbach(b Schorndorf)|Geradstetten|Grunbach|Beutelsbach|Endersbach|Stetten-Beinstein|Rommelshausen|Waiblingen|Fellbach|Stuttgart-Sommerrain,8004357,Stuttgart Nürnberger Straße,Baden-Württemberg,Stuttgart,70374,9.234576905,48.80656062,5,2608292102,,2608292103,,,,,,,,,,,0.0,0.0
2628700476961371155-2608292103-13,7267,2608292132,2608292133,1,,S,S2,Schorndorf|Weiler(Rems)|Winterbach(b Schorndorf)|Geradstetten|Grunbach|Beutelsbach|Endersbach|Stetten-Beinstein|Rommelshausen|Waiblingen|Fellbach|Stuttgart-Sommerrain,8004357,Stuttgart Nürnberger Straße,Baden-Württemberg,Stuttgart,70374,9.234576905,48.80656062,5,2608292145,,2608292146,,h,1,Störung,,,,,,,13.0,13.0
3859668929434965477-2608292111-10,7367,2608292137,2608292138,1,,S,S3,Backnang|Maubach|Nellmersbach|Winnenden|Schwaikheim|Neustadt-Hohenacker|Waiblingen|Fellbach|Stuttgart-Sommerrain,8004357,Stuttgart Nürnberger Straße,Baden-Württemberg,Stuttgart,70374,9.234576905,48.80656062,5,2608292137,,2608292138,,,,,,,,,,,0.0,0.0
-7578975115161805427-2608292041-10,7365,2608292107,2608292108,1,,S,S3,Backnang|Maubach|Nellmersbach|Winnenden|Schwaikheim|Neustadt-Hohenacker|Waiblingen|Fellbach|Stuttgart-Sommerrain,8004357,Stuttgart Nürnberger Straße,Baden-Württemberg,Stuttgart,70374,9.234576905,48.80656062,5,2608292107,,2608292108,,,,,,,,,,,0.0,0.0
-6294731278479900645-2608292150-3,7266,2608292157,2608292157,4,,S,S2,Stuttgart Hbf|Stuttgart-Bad Cannstatt,8004357,Stuttgart Nürnberger Straße,Baden-Württemberg,Stuttgart,70374,9.234576905,48.80656062,5,2608292206,,2608292206,,h,1,Störung,,,,,,,9.0,9.0
-7971444916294519755-2608292120-3,7264,2608292127,2608292127,4,,S,S2,Stuttgart Hbf|Stuttgart-Bad Cannstatt,8004357,Stuttgart Nürnberger Straße,Baden-Württemberg,Stuttgart,70374,9.234576905,48.80656062,5,2608292127,,2608292127,,h,1,Störung,,,,,,,0.0,0.0
553786968472239584-2608292142-3,7366,2608292152,2608292152,4,,S,S3,Stuttgart Hbf|Stuttgart-Bad Cannstatt,8004357,Stuttgart Nürnberger Straße,Baden-Württemberg,Stuttgart,70374,9.234576905,48.80656062,5,2608292152,,2608292153,,,,,,,,,,,0.0,1.0
5680698672680243057-2608292155-2,7168,2608292158,2608292159,3,,S,S1,Stuttgart Hbf,8005769,Stuttgart-Bad Cannstatt,Baden-Württemberg,Stuttgart,70372,9.217468636,48.80127978,3,2608292159,,2608292200,,,,,,,,,,,1.0,1.0
-5441853934140556416-2608292152-2,19361,2608292155,2608292155,8,,RE,MEX12,Stuttgart Hbf,8005769,Stuttgart-Bad Cannstatt,Baden-Württemberg,Stuttgart,70372,9.217468636,48.80127978,3,2608292155,,2608292157,,,,,,,,,,,0.0,2.0
6924424662402192372-2608292112-2,7364,2608292116,2608292119,3,,S,S3,Stuttgart Hbf,8005769,Stuttgart-Bad Cannstatt,Baden-Württemberg,Stuttgart,70372,9.217468636,48.80127978,3,2608292116,,2608292119,,,,,,,,,,,0.0,0.0
3851149700712559495-2608292033-14,7265,2608292105,2608292106,2,,S,S2,Schorndorf|Weiler(Rems)|Winterbach(b Schorndorf)|Geradstetten|Grunbach|Beutelsbach|Endersbach|Stetten-Beinstein|Rommelshausen|Waiblingen|Fellbach|Stuttgart-Sommerrain|Stuttgart Nürnberger Str.,8005769,Stuttgart-Bad Cannstatt,Baden-Württemberg,Stuttgart,70372,9.217468636,48.80127978,3,2608292105,,2608292106,,,,,,,,,,,0.0,0.0
8788500588117567424-2608291838-21,88626,2608292114,2608292119,6,,ARV,RE90,Nürnberg Hbf|Roßtal|Heilsbronn|Wicklesgreuth|Ansbach|Leutershausen-Wiedersbach|Dombühl|Schnelldorf|Crailsheim|Eckartshausen-Ilshofen|Schwäbisch Hall-Hessental|Gaildorf West|Fichtenberg|Fornsbach|Murrhardt|Sulzbach(Murr)|Oppenweiler(Württ)|Backnang|Winnenden|Waiblingen,8005769,Stuttgart-Bad Cannstatt,Baden-Württemberg,Stuttgart,70372,9.217468636,48.80127978,3,2608292115,,2608292119,,r,,,,,,,,,1.0,0.0
-9043595130434349800-2608292048-15,19174,2608292146,2608292147,5,,ARV,MEX16,Geislingen(Steige)|Geislingen(Steige)West|Kuchen|Gingen(Fils)|Süßen|Salach|Eislingen(Fils)|Göppingen|Faurndau|Uhingen|Ebersbach(Fils)|Reichenbach(Fils)|Plochingen|Esslingen(Neckar),8005769,Stuttgart-Bad Cannstatt,Baden-Württemberg,Stuttgart,70372,9.217468636,48.80127978,3,2608292147,,2608292147,,,,,,,,,,,1.0,0.0
91239951430369415-2608292007-11,19436,2608292105,2608292106,6,,ARV,MEX13,Aalen Hbf|Mögglingen(Gmünd)|Böbingen(Rems)|Schwäbisch Gmünd|Lorch(Württ)|Waldhausen(b Schorndorf)|Plüderhausen|Urbach(b Schorndorf)|Schorndorf|Waiblingen,8005769,Stuttgart-Bad Cannstatt,Baden-Württemberg,Stuttgart,70372,9.217468636,48.80127978,3,2608292105,,2608292106,,,,,,,,,p,p,0.0,0.0
9208125594300952260-2608292057-2,88647,2608292100,2608292101,7,,ARV,RE90,Stuttgart Hbf,8005769,Stuttgart-Bad Cannstatt,Baden-Württemberg,Stuttgart,70372,9.217468636,48.80127978,3,2608292100,,2608292103,,r,,,,,,,p,p,0.0,2.0
2628700476961371155-2608292103-14,7267,2608292135,2608292136,2,,S,S2,Schorndorf|Weiler(Rems)|Winterbach(b Schorndorf)|Geradstetten|Grunbach|Beutelsbach|Endersbach|Stetten-Beinstein|Rommelshausen|Waiblingen|Fellbach|Stuttgart-Sommerrain|Stuttgart Nürnberger Str.,8005769,Stuttgart-Bad Cannstatt,Baden-Württemberg,Stuttgart,70372,9.217468636,48.80127978,3,2608292148,,2608292149,,h,1,Störung,,,,,,,13.0,13.0
3859668929434965477-2608292111-11,7367,2608292141,2608292143,2,,S,S3,Backnang|Maubach|Nellmersbach|Winnenden|Schwaikheim|Neustadt-Hohenacker|Waiblingen|Fellbach|Stuttgart-Sommerrain|Stuttgart Nürnberger Str.,8005769,Stuttgart-Bad Cannstatt,Baden-Württemberg,Stuttgart,70372,9.217468636,48.80127978,3,2608292141,,2608292143,,,,,,,,,,,0.0,0.0
4601980119676676489-2608292016-9,19356,2608292104,2608292108,5,,RE,MEX12,Reutlingen Hbf|Metzingen(Württ)|Bempflingen|Nürtingen|Oberboihingen|Wendlingen(Neckar)|Plochingen|Esslingen(Neckar),8005769,Stuttgart-Bad Cannstatt,Baden-Württemberg,Stuttgart,70372,9.217468636,48.80127978,3,2608292103,1,2608292108,1,,,,,,,,,,-1.0,0.0
205536001243633238-2608292155-2,88649,2608292158,2608292201,7,,ARV,RE90,Stuttgart Hbf,8005769,Stuttgart-Bad Cannstatt,Baden-Württemberg,Stuttgart,70372,9.217468636,48.80127978,3,2608292159,,2608292201,,,,,,,,,,,1.0,0.0
2515064770390304228-2608292140-2,19177,2608292143,2608292144,8,,ARV,MEX16,Stuttgart Hbf,8005769,Stuttgart-Bad Cannstatt,Baden-Württemberg,Stuttgart,70372,9.217468636,48.80127978,3,2608292143,,2608292144,,,,,,,,,,,0.0,0.0
-489160259659374986-2608291952-19,19486,2608292135,2608292135,6,,ARV,MEX13,Crailsheim|Jagstzell|Ellwangen|Schrezheim|Schwabsberg|Goldshöfe|Hofen(b Aalen)|Wasseralfingen|Aalen Hbf|Mögglingen(Gmünd)|Böbingen(Rems)|Schwäbisch Gmünd|Lorch(Württ)|Waldhausen(b Schorndorf)|Plüderhausen|Urbach(b Schorndorf)|Schorndorf|Waiblingen,8005769,Stuttgart-Bad Cannstatt,Baden-Württemberg,Stuttgart,70372,9.217468636,48.80127978,3,2608292135,,2608292136,,r,,,,,,,c,c,0.0,1.0
904272065433025864-2608292020-14,7165,2608292100,2608292101,2,,S,S1,Kirchheim(Teck)|Kirchheim(Teck)-Ötlingen|Wendlingen(Neckar)|Wernau(Neckar)|Plochingen|Altbach|Esslingen-Zell|Oberesslingen|Esslingen(Neckar)|Esslingen-Mettingen|Stuttgart-Obertürkheim|Stuttgart-Untertürkheim|Stuttgart Neckarpark,8005769,Stuttgart-Bad Cannstatt,Baden-Württemberg,Stuttgart,70372,9.217468636,48.80127978,3,2608292100,,2608292101,,,,,,,,,,,0.0,0.0
-7578975115161805427-2608292041-11,7365,2608292111,2608292113,2,,S,S3,Backnang|Maubach|Nellmersbach|Winnenden|Schwaikheim|Neustadt-Hohenacker|Waiblingen|Fellbach|Stuttgart-Sommerrain|Stuttgart Nürnberger Str.,8005769,Stuttgart-Bad Cannstatt,Baden-Württemberg,Stuttgart,70372,9.217468636,48.80127978,3,2608292112,,2608292113,,,,,,,,,,,1.0,0.0
6090333868698703745-2608292125-2,7166,2608292128,2608292129,3,,S,S1,Stuttgart Hbf,8005769,Stuttgart-Bad Cannstatt,Baden-Württemberg,Stuttgart,70372,9.217468636,48.80127978,3,2608292129,,2608292129,,,,,,,,,,,1.0,0.0
534212340185310120-2608292147-2,19437,2608292150,2608292152,7,,ARV,MEX13,Stuttgart Hbf,8005769,Stuttgart-Bad Cannstatt,Baden-Württemberg,Stuttgart,70372,9.217468636,48.80127978,3,2608292213,,2608292215,,,,,,,,,c,c,23.0,23.0
-4811206268621532947-2608292120-2,19485,2608292123,2608292125,7,,ARV,MEX13,Stuttgart Hbf,8005769,Stuttgart-Bad Cannstatt,Baden-Württemberg,Stuttgart,70372,9.217468636,48.80127978,3,2608292123,,2608292125,,,,,,,,,p,p,0.0,0.0
-6294731278479900645-2608292150-2,7266,2608292154,2608292154,3,,S,S2,Stuttgart Hbf,8005769,Stuttgart-Bad Cannstatt,Baden-Württemberg,Stuttgart,70372,9.217468636,48.80127978,3,2608292203,,2608292203,,h,1,Störung,,,,,,,9.0,9.0
-557792537201496520-2608292100-2,19175,2608292103,2608292106,8,,ARV,MEX16,Stuttgart Hbf,8005769,Stuttgart-Bad Cannstatt,Baden-Württemberg,Stuttgart,70372,9.217468636,48.80127978,3,2608292107,,2608292108,,,,,,,,,,,4.0,2.0
-5952953719627570212-2608292103-9,17564,2608292158,2608292158,6,,RE,MEX90,Schwäbisch Hall-Hessental|Gaildorf West|Murrhardt|Sulzbach(Murr)|Oppenweiler(Württ)|Backnang|Winnenden|Waiblingen,8005769,Stuttgart-Bad Cannstatt,Baden-Württemberg,Stuttgart,70372,9.217468636,48.80127978,3,2608292204,,2608292205,,,,,,,,,,,6.0,7.0
-3543196118111640054-2608292016-15,19172,2608292112,2608292112,5,,ARV,MEX16,Geislingen(Steige)|Geislingen(Steige)West|Kuchen|Gingen(Fils)|Süßen|Salach|Eislingen(Fils)|Göppingen|Faurndau|Uhingen|Ebersbach(Fils)|Reichenbach(Fils)|Plochingen|Esslingen(Neckar),8005769,Stuttgart-Bad Cannstatt,Baden-Württemberg,Stuttgart,70372,9.217468636,48.80127978,3,2608292112,,2608292112,,,,,,,,,,,0.0,0.0
3106830256264099267-2608292050-14,7167,2608292130,2608292131,2,,S,S1,Kirchheim(Teck)|Kirchheim(Teck)-Ötlingen|Wendlingen(Neckar)|Wernau(Neckar)|Plochingen|Altbach|Esslingen-Zell|Oberesslingen|Esslingen(Neckar)|Esslingen-Mettingen|Stuttgart-Obertürkheim|Stuttgart-Untertürkheim|Stuttgart Neckarpark,8005769,Stuttgart-Bad Cannstatt,Baden-Württemberg,Stuttgart,70372,9.217468636,48.80127978,3,2608292130,,2608292131,,,,,,,,,,,0.0,0.0
-7971444916294519755-2608292120-2,7264,2608292124,2608292124,3,,S,S2,Stuttgart Hbf,8005769,Stuttgart-Bad Cannstatt,Baden-Württemberg,Stuttgart,70372,9.217468636,48.80127978,3,2608292124,,2608292125,,h,1,Störung,,,,,,,0.0,1.0
553786968472239584-2608292142-2,7366,2608292146,2608292149,3,,S,S3,Stuttgart Hbf,8005769,Stuttgart-Bad Cannstatt,Baden-Württemberg,Stuttgart,70372,9.217468636,48.80127978,3,2608292146,,2608292149,,,,,,,,,,,0.0,0.0
6402086477437547994-2608292107-3,7462,2608292113,2608292114,2,,S,S4,Stuttgart Hbf|Stuttgart Nordbahnhof,8005770,Stuttgart-Feuerbach,Baden-Württemberg,Feuerbach,70469,9.169186287,48.81363554,3,2608292114,,2608292115,,,,,,,,,,,1.0,1.0
6737611286015741642-2608292147-3,7666,2608292154,2608292154,2,,S,S6,Stuttgart Hbf|Stuttgart Nordbahnhof,8005770,Stuttgart-Feuerbach,Baden-Württemberg,Feuerbach,70469,9.169186287,48.81363554,3,2608292154,,2608292154,,,,,,,,,,,0.0,0.0
-2482016822020551491-2608292117-3,7664,2608292124,2608292124,2,,S,S6,Stuttgart Hbf|Stuttgart Nordbahnhof,8005770,Stuttgart-Feuerbach,Baden-Württemberg,Feuerbach,70469,9.169186287,48.81363554,3,2608292124,,2608292124,,,,,,,,,,,0.0,0.0
3081120732937112595-2608292057-3,7564,2608292103,2608292104,2,,S,S5,Stuttgart Hbf|Stuttgart Nordbahnhof,8005770,Stuttgart-Feuerbach,Baden-Württemberg,Feuerbach,70469,9.169186287,48.81363554,3,2608292103,,2608292104,,,,,,,,,,,0.0,0.0
-887848700709365635-2608292116-4,7567,2608292126,2608292126,1,,S,S5,Ludwigsburg|Kornwestheim Pbf|Stuttgart-Zuffenhausen,8005770,Stuttgart-Feuerbach,Baden-Württemberg,Feuerbach,70469,9.169186287,48.81363554,3,2608292126,,2608292127,,,,,,,,,,,0.0,1.0
2105782434057596707-2608292146-4,7569,2608292156,2608292156,1,,S,S5,Ludwigsburg|Kornwestheim Pbf|Stuttgart-Zuffenhausen,8005770,Stuttgart-Feuerbach,Baden-Württemberg,Feuerbach,70469,9.169186287,48.81363554,3,2608292156,,2608292156,,,,,,,,,,,0.0,0.0
2828988855077273536-2608292137-3,7464,2608292143,2608292144,2,,S,S4,Stuttgart Hbf|Stuttgart Nordbahnhof,8005770,Stuttgart-Feuerbach,Baden-Württemberg,Feuerbach,70469,9.169186287,48.81363554,3,2608292143,,2608292144,,,,,,,,,,,0.0,0.0
-5248477185843077062-2608292033-12,7465,2608292116,2608292117,1,,S,S4,Backnang|Burgstall(Murr)|Kirchberg(Murr)|Erdmannhausen|Marbach(Neckar)|Benningen(Neckar)|Freiberg(Neckar)|Favoritepark|Ludwigsburg|Kornwestheim Pbf|Stuttgart-Zuffenhausen,8005770,Stuttgart-Feuerbach,Baden-Württemberg,Feuerbach,70469,9.169186287,48.81363554,3,2608292116,,2608292117,,,,,,,,,,,0.0,0.0
1336318002580222572-2608292033-12,7665,2608292106,2608292106,1,,S,S6,Weil der Stadt|Malmsheim|Renningen|Rutesheim|Leonberg|Höfingen|Ditzingen|Weilimdorf|Korntal|Neuwirtshaus(Porscheplatz)|Stuttgart-Zuffenhausen,8005770,Stuttgart-Feuerbach,Baden-Württemberg,Feuerbach,70469,9.169186287,48.81363554,3,2608292106,,2608292106,,,,,,,,,,,0.0,0.0
613026341677136269-2608292103-12,7467,2608292146,2608292147,1,,S,S4,Backnang|Burgstall(Murr)|Kirchberg(Murr)|Erdmannhausen|Marbach(Neckar)|Benningen(Neckar)|Freiberg(Neckar)|Favoritepark|Ludwigsburg|Kornwestheim Pbf|Stuttgart-Zuffenhausen,8005770,Stuttgart-Feuerbach,Baden-Württemberg,Feuerbach,70469,9.169186287,48.81363554,3,2608292147,,2608292148,,,,,,,,,,,1.0,1.0
-7506781114720968709-2608292103-12,7667,2608292136,2608292136,1,,S,S6,Weil der Stadt|Malmsheim|Renningen|Rutesheim|Leonberg|Höfingen|Ditzingen|Weilimdorf|Korntal|Neuwirtshaus(Porscheplatz)|Stuttgart-Zuffenhausen,8005770,Stuttgart-Feuerbach,Baden-Württemberg,Feuerbach,70469,9.169186287,48.81363554,3,2608292136,,2608292137,,,,,,,,,,,0.0,1.0
-4698443977179735697-2608292127-3,7566,2608292133,2608292134,2,,S,S5,Stuttgart Hbf|Stuttgart Nordbahnhof,8005770,Stuttgart-Feuerbach,Baden-Württemberg,Feuerbach,70469,9.169186287,48.81363554,3,2608292133,,2608292134,,,,,,,,,,,0.0,0.0
-1445914617040136913-2608292120-11,7169,2608292152,2608292152,5,,S,S1,Kirchheim(Teck)|Kirchheim(Teck)-Ötlingen|Wendlingen(Neckar)|Wernau(Neckar)|Plochingen|Altbach|Esslingen-Zell|Oberesslingen|Esslingen(Neckar)|Esslingen-Mettingen,8005772,Stuttgart-Obertürkheim,Baden-Württemberg,Stuttgart,70329,9.268167932,48.76175015,4,2608292152,,2608292153,,,,,,,,,,,0.0,1.0
6929098726566169295-2608292055-5,7164,2608292107,2608292107,6,,S,S1,Stuttgart Hbf|Stuttgart-Bad Cannstatt|Stuttgart Neckarpark|Stuttgart-Untertürkheim,8005772,Stuttgart-Obertürkheim,Baden-Württemberg,Stuttgart,70329,9.268167932,48.76175015,4,2608292107,,2608292107,,,,,,,,,,,0.0,0.0
6090333868698703745-2608292125-5,7166,2608292137,2608292137,6,,S,S1,Stuttgart Hbf|Stuttgart-Bad Cannstatt|Stuttgart Neckarpark|Stuttgart-Untertürkheim,8005772,Stuttgart-Obertürkheim,Baden-Württemberg,Stuttgart,70329,9.268167932,48.76175015,4,2608292137,,2608292138,,,,,,,,,,,0.0,1.0
3106830256264099267-2608292050-11,7167,2608292122,2608292122,5,,S,S1,Kirchheim(Teck)|Kirchheim(Teck)-Ötlingen|Wendlingen(Neckar)|Wernau(Neckar)|Plochingen|Altbach|Esslingen-Zell|Oberesslingen|Esslingen(Neckar)|Esslingen-Mettingen,8005772,Stuttgart-Obertürkheim,Baden-Württemberg,Stuttgart,70329,9.268167932,48.76175015,4,2608292122,,2608292122,,,,,,,,,,,0.0,0.0
-1277972719015839341-2608292046-8,7766,2608292107,2608292108,3,,S,S1,Herrenberg|Nufringen|Gärtringen|Ehningen(b Böblingen)|Hulb|Böblingen|Goldberg(Württ),8005773,Stuttgart-Rohr,Baden-Württemberg,Stuttgart,70565,9.108158025,48.71799427,4,2608292110,,2608292111,,h,1,Störung,,,,,,,3.0,3.0
1091836898745684931-2608292116-8,7768,2608292137,2608292138,3,,S,S1,Herrenberg|Nufringen|Gärtringen|Ehningen(b Böblingen)|Hulb|Böblingen|Goldberg(Württ),8005773,Stuttgart-Rohr,Baden-Württemberg,Stuttgart,70565,9.108158025,48.71799427,4,2608292139,,2608292140,,,,,,,,,,,2.0,2.0
7308365696903436202-2608292105-2,7965,2608292106,2608292112,2,,S,S2,Stuttgart-Vaihingen,8005773,Stuttgart-Rohr,Baden-Württemberg,Stuttgart,70565,9.108158025,48.71799427,4,2608292106,,2608292112,,,,,,,,,,,0.0,0.0
4105031587460682562-2608292135-2,7967,2608292136,2608292142,2,,S,S2,Stuttgart-Vaihingen,8005773,Stuttgart-Rohr,Baden-Württemberg,Stuttgart,70565,9.108158025,48.71799427,4,2608292136,,2608292142,,,,,,,,,,,0.0,0.0
-3745751710781721805-2608292146-2,7767,2608292147,2608292153,2,,S,S1,Stuttgart-Vaihingen,8005773,Stuttgart-Rohr,Baden-Württemberg,Stuttgart,70565,9.108158025,48.71799427,4,2608292148,,2608292153,,,,,,,,,,,1.0,0.0
7537870707558801072-2608292116-2,7765,2608292117,2608292123,2,,S,S1,Stuttgart-Vaihingen,8005773,Stuttgart-Rohr,Baden-Württemberg,Stuttgart,70565,9.108158025,48.71799427,4,2608292119,,2608292123,,,,,,,,,,,2.0,0.0
-7605544355025909436-2608292103-6,7964,2608292118,2608292119,3,,S,S2,Filderstadt|Stuttgart Flughafen/Messe|Echterdingen|Leinfelden|Oberaichen,8005773,Stuttgart-Rohr,Baden-Württemberg,Stuttgart,70565,9.108158025,48.71799427,4,2608292118,,2608292119,,,,,,,,,,,0.0,0.0
-2334134821981316841-2608292133-6,7966,2608292148,2608292149,3,,S,S2,Filderstadt|Stuttgart Flughafen/Messe|Echterdingen|Leinfelden|Oberaichen,8005773,Stuttgart-Rohr,Baden-Württemberg,Stuttgart,70565,9.108158025,48.71799427,4,2608292148,,2608292149,,,,,,,,,,,0.0,0.0
6924424662402192372-2608292112-4,7364,2608292124,2608292124,4,,S,S3,Stuttgart Hbf|Stuttgart-Bad Cannstatt|Stuttgart Nürnberger Str.,8005774,Stuttgart-Sommerrain,Baden-Württemberg,Stuttgart,70374,9.248369749,48.81521824,5,2608292124,,2608292125,,,,,,,,,,,0.0,1.0
3851149700712559495-2608292033-12,7265,2608292100,2608292100,1,,S,S2,Schorndorf|Weiler(Rems)|Winterbach(b Schorndorf)|Geradstetten|Grunbach|Beutelsbach|Endersbach|Stetten-Beinstein|Rommelshausen|Waiblingen|Fellbach,8005774,Stuttgart-Sommerrain,Baden-Württemberg,Stuttgart,70374,9.248369749,48.81521824,5,2608292100,,2608292100,,,,,,,,,,,0.0,0.0
2628700476961371155-2608292103-12,7267,2608292130,2608292130,1,,S,S2,Schorndorf|Weiler(Rems)|Winterbach(b Schorndorf)|Geradstetten|Grunbach|Beutelsbach|Endersbach|Stetten-Beinstein|Rommelshausen|Waiblingen|Fellbach,8005774,Stuttgart-Sommerrain,Baden-Württemberg,Stuttgart,70374,9.248369749,48.81521824,5,2608292143,,2608292143,,h,1,Störung,,,,,,,13.0,13.0
3859668929434965477-2608292111-9,7367,2608292135,2608292135,1,,S,S3,Backnang|Maubach|Nellmersbach|Winnenden|Schwaikheim|Neustadt-Hohenacker|Waiblingen|Fellbach,8005774,Stuttgart-Sommerrain,Baden-Württemberg,Stuttgart,70374,9.248369749,48.81521824,5,2608292135,,2608292135,,,,,,,,,,,0.0,0.0
-7578975115161805427-2608292041-9,7365,2608292105,2608292105,1,,S,S3,Backnang|Maubach|Nellmersbach|Winnenden|Schwaikheim|Neustadt-Hohenacker|Waiblingen|Fellbach,8005774,Stuttgart-Sommerrain,Baden-Württemberg,Stuttgart,70374,9.248369749,48.81521824,5,2608292105,,2608292105,,,,,,,,,,,0.0,0.0
-6294731278479900645-2608292150-4,7266,2608292159,2608292159,4,,S,S2,Stuttgart Hbf|Stuttgart-Bad Cannstatt|Stuttgart Nürnberger Str.,8005774,Stuttgart-Sommerrain,Baden-Württemberg,Stuttgart,70374,9.248369749,48.81521824,5,2608292208,,2608292208,,h,1,Störung,,,,,,,9.0,9.0
-7971444916294519755-2608292120-4,7264,2608292129,2608292129,4,,S,S2,Stuttgart Hbf|Stuttgart-Bad Cannstatt|Stuttgart Nürnberger Str.,8005774,Stuttgart-Sommerrain,Baden-Württemberg,Stuttgart,70374,9.248369749,48.81521824,5,2608292129,,2608292130,,h,1,Störung,,,,,,,0.0,1.0
553786968472239584-2608292142-4,7366,2608292154,2608292154,4,,S,S3,Stuttgart Hbf|Stuttgart-Bad Cannstatt|Stuttgart Nürnberger Str.,8005774,Stuttgart-Sommerrain,Baden-Württemberg,Stuttgart,70374,9.248369749,48.81521824,5,2608292154,,2608292155,,,,,,,,,,,0.0,1.0
-1445914617040136913-2608292120-12,7169,2608292155,2608292155,5,,S,S1,Kirchheim(Teck)|Kirchheim(Teck)-Ötlingen|Wendlingen(Neckar)|Wernau(Neckar)|Plochingen|Altbach|Esslingen-Zell|Oberesslingen|Esslingen(Neckar)|Esslingen-Mettingen|Stuttgart-Obertürkheim,8005775,Stuttgart-Untertürkheim Pbf,Baden-Württemberg,Stuttgart,70327,9.250467074,48.77984679,3,2608292155,,2608292155,,,,,,,,,,,0.0,0.0
6929098726566169295-2608292055-4,7164,2608292104,2608292104,6,,S,S1,Stuttgart Hbf|Stuttgart-Bad Cannstatt|Stuttgart Neckarpark,8005775,Stuttgart-Untertürkheim Pbf,Baden-Württemberg,Stuttgart,70327,9.250467074,48.77984679,3,2608292104,,2608292104,,,,,,,,,,,0.0,0.0
6090333868698703745-2608292125-4,7166,2608292134,2608292134,6,,S,S1,Stuttgart Hbf|Stuttgart-Bad Cannstatt|Stuttgart Neckarpark,8005775,Stuttgart-Untertürkheim Pbf,Baden-Württemberg,Stuttgart,70327,9.250467074,48.77984679,3,2608292134,,2608292135,,,,,,,,,,,0.0,1.0
3106830256264099267-2608292050-12,7167,2608292125,2608292125,5,,S,S1,Kirchheim(Teck)|Kirchheim(Teck)-Ötlingen|Wendlingen(Neckar)|Wernau(Neckar)|Plochingen|Altbach|Esslingen-Zell|Oberesslingen|Esslingen(Neckar)|Esslingen-Mettingen|Stuttgart-Obertürkheim,8005775,Stuttgart-Untertürkheim Pbf,Baden-Württemberg,Stuttgart,70327,9.250467074,48.77984679,3,2608292125,,2608292125,,,,,,,,,,,0.0,0.0
-1277972719015839341-2608292046-9,7766,2608292110,,3,,S,,Herrenberg|Nufringen|Gärtringen|Ehningen(b Böblingen)|Hulb|Böblingen|Goldberg(Württ)|Stuttgart-Rohr,8005776,Stuttgart-Vaihingen,Baden-Württemberg,Stuttgart,70563,9.113913368,48.72698116,3,2608292112,,,,h,1,Störung,,,,,,,2.0,0.0
3342960685238521043-2608292015-10,17680,2608292128,2608292129,4,,RE,RE14a,Oberndorf(Neckar)|Sulz(Neckar)|Horb|Eutingen im Gäu|Ergenzingen|Bondorf(b Herrenberg)|Gäufelden|Herrenberg|Böblingen,8005776,Stuttgart-Vaihingen,Baden-Württemberg,Stuttgart,70563,9.113913368,48.72698116,3,2608292128,,2608292129,,,,,,,,,,,0.0,0.0
1091836898745684931-2608292116-9,7768,2608292140,,3,,S,,Herrenberg|Nufringen|Gärtringen|Ehningen(b Böblingen)|Hulb|Böblingen|Goldberg(Württ)|Stuttgart-Rohr,8005776,Stuttgart-Vaihingen,Baden-Württemberg,Stuttgart,70563,9.113913368,48.72698116,3,2608292142,,,,,,,,,,,,,2.0,0.0
7308365696903436202-2608292105-1,7965,,2608292105,,,S,S2,,8005776,Stuttgart-Vaihingen,Baden-Württemberg,Stuttgart,70563,9.113913368,48.72698116,3,,,2608292105,,,,,,,,,,,0.0,0.0
4105031587460682562-2608292135-1,7967,,2608292135,,,S,S2,,8005776,Stuttgart-Vaihingen,Baden-Württemberg,Stuttgart,70563,9.113913368,48.72698116,3,,,2608292135,,,,,,,,,,,0.0,0.0
-3745751710781721805-2608292146-1,7767,,2608292146,,,S,S1,,8005776,Stuttgart-Vaihingen,Baden-Württemberg,Stuttgart,70563,9.113913368,48.72698116,3,,,2608292146,,,,,,,,,,,0.0,0.0
7537870707558801072-2608292116-1,7765,,2608292116,,,S,S1,,8005776,Stuttgart-Vaihingen,Baden-Württemberg,Stuttgart,70563,9.113913368,48.72698116,3,,,2608292117,,,,,,,,,,,0.0,1.0
5309476577673731873-2608292101-2,28499,2608292114,2608292118,6,,RE,RESB,Stuttgart Hbf,8005776,Stuttgart-Vaihingen,Baden-Württemberg,Stuttgart,70563,9.113913368,48.72698116,3,2608292117,4,2608292118,4,,,,,,,,,,3.0,0.0
-7605544355025909436-2608292103-7,7964,2608292120,,2,,S,,Filderstadt|Stuttgart Flughafen/Messe|Echterdingen|Leinfelden|Oberaichen|Stuttgart-Rohr,8005776,Stuttgart-Vaihingen,Baden-Württemberg,Stuttgart,70563,9.113913368,48.72698116,3,2608292121,,,,,,,,,,,,,1.0,0.0
-8173057082443024324-2608292013-16,17682,2608292128,2608292129,4,,RE,RE14b,Freudenstadt Hbf|Grüntal-Wittlensweiler|Dornstetten-Aach|Dornstetten|Schopfloch(b Freudenstadt)|Bittelbronn|Horb-Heiligenfeld|Hochdorf(b Horb)|Eutingen Nord|Eutingen im Gäu|Ergenzingen|Bondorf(b Herrenberg)|Gäufelden|Herrenberg|Böblingen,8005776,Stuttgart-Vaihingen,Baden-Württemberg,Stuttgart,70563,9.113913368,48.72698116,3,2608292128,,2608292129,,,,,,,,,,,0.0,0.0
-2334134821981316841-2608292133-7,7966,2608292150,,2,,S,,Filderstadt|Stuttgart Flughafen/Messe|Echterdingen|Leinfelden|Oberaichen|Stuttgart-Rohr,8005776,Stuttgart-Vaihingen,Baden-Württemberg,Stuttgart,70563,9.113913368,48.72698116,3,2608292150,,,,,,,,,,,,,0.0,0.0
-2482016822020551491-2608292117-7,7664,2608292133,2608292134,1,,S,S6,Stuttgart Hbf|Stuttgart Nordbahnhof|Stuttgart-Feuerbach|Stuttgart-Zuffenhausen|Neuwirtshaus(Porscheplatz)|Korntal,8006268,Stuttgart-Weilimdorf,Baden-Württemberg,Stuttgart,70499,9.094370086,48.82208429,5,2608292133,,2608292134,,,,,,,,,,,0.0,0.0
-4954691136188615428-2608292047-7,7662,2608292103,2608292104,1,,S,S6,Stuttgart Hbf|Stuttgart Nordbahnhof|Stuttgart-Feuerbach|Stuttgart-Zuffenhausen|Neuwirtshaus(Porscheplatz)|Korntal,8006268,Stuttgart-Weilimdorf,Baden-Württemberg,Stuttgart,70499,9.094370086,48.82208429,5,2608292103,,2608292104,,,,,,,,,,,0.0,0.0
-4129909752986717170-2608292133-8,7669,2608292156,2608292156,2,,S,S6,Weil der Stadt|Malmsheim|Renningen|Rutesheim|Leonberg|Höfingen|Ditzingen,8006268,Stuttgart-Weilimdorf,Baden-Württemberg,Stuttgart,70499,9.094370086,48.82208429,5,2608292156,,2608292157,,,,,,,,,,,0.0,1.0
-7506781114720968709-2608292103-8,7667,2608292126,2608292126,2,,S,S6,Weil der Stadt|Malmsheim|Renningen|Rutesheim|Leonberg|Höfingen|Ditzingen,8006268,Stuttgart-Weilimdorf,Baden-Württemberg,Stuttgart,70499,9.094370086,48.82208429,5,2608292126,,2608292127,,,,,,,,,,,0.0,1.0
6402086477437547994-2608292107-4,7462,2608292116,2608292117,4,,S,S4,Stuttgart Hbf|Stuttgart Nordbahnhof|Stuttgart-Feuerbach,8005778,Stuttgart-Zuffenhausen,Baden-Württemberg,Stuttgart,70435,9.167156375,48.82960884,3,2608292117,,2608292118,,,,,,,,,,,1.0,1.0
6737611286015741642-2608292147-4,7666,2608292156,2608292157,11,,S,S6,Stuttgart Hbf|Stuttgart Nordbahnhof|Stuttgart-Feuerbach,8005778,Stuttgart-Zuffenhausen,Baden-Württemberg,Stuttgart,70435,9.167156375,48.82960884,3,2608292156,,2608292157,,,,,,,,,,,0.0,0.0
-2482016822020551491-2608292117-4,7664,2608292126,2608292127,11,,S,S6,Stuttgart Hbf|Stuttgart Nordbahnhof|Stuttgart-Feuerbach,8005778,Stuttgart-Zuffenhausen,Baden-Württemberg,Stuttgart,70435,9.167156375,48.82960884,3,2608292126,,2608292127,,,,,,,,,,,0.0,0.0
3081120732937112595-2608292057-4,7564,2608292106,2608292107,4,,S,S5,Stuttgart Hbf|Stuttgart Nordbahnhof|Stuttgart-Feuerbach,8005778,Stuttgart-Zuffenhausen,Baden-Württemberg,Stuttgart,70435,9.167156375,48.82960884,3,2608292106,,2608292110,,,,,,,,,,,0.0,3.0
-887848700709365635-2608292116-3,7567,2608292123,2608292124,2,,S,S5,Ludwigsburg|Kornwestheim Pbf,8005778,Stuttgart-Zuffenhausen,Baden-Württemberg,Stuttgart,70435,9.167156375,48.82960884,3,2608292123,,2608292125,,,,,,,,,,,0.0,1.0
2105782434057596707-2608292146-3,7569,2608292153,2608292154,2,,S,S5,Ludwigsburg|Kornwestheim Pbf,8005778,Stuttgart-Zuffenhausen,Baden-Württemberg,Stuttgart,70435,9.167156375,48.82960884,3,2608292153,,2608292154,,,,,,,,,,,0.0,0.0
2828988855077273536-2608292137-4,7464,2608292146,2608292147,4,,S,S4,Stuttgart Hbf|Stuttgart Nordbahnhof|Stuttgart-Feuerbach,8005778,Stuttgart-Zuffenhausen,Baden-Württemberg,Stuttgart,70435,9.167156375,48.82960884,3,2608292146,,2608292148,,,,,,,,,,,0.0,1.0
-5248477185843077062-2608292033-11,7465,2608292113,2608292114,2,,S,S4,Backnang|Burgstall(Murr)|Kirchberg(Murr)|Erdmannhausen|Marbach(Neckar)|Benningen(Neckar)|Freiberg(Neckar)|Favoritepark|Ludwigsburg|Kornwestheim Pbf,8005778,Stuttgart-Zuffenhausen,Baden-Württemberg,Stuttgart,70435,9.167156375,48.82960884,3,2608292113,,2608292114,,,,,,,,,,,0.0,0.0
1336318002580222572-2608292033-11,7665,2608292103,2608292104,12,,S,S6,Weil der Stadt|Malmsheim|Renningen|Rutesheim|Leonberg|Höfingen|Ditzingen|Weilimdorf|Korntal|Neuwirtshaus(Porscheplatz),8005778,Stuttgart-Zuffenhausen,Baden-Württemberg,Stuttgart,70435,9.167156375,48.82960884,3,2608292103,,2608292104,,,,,,,,,,,0.0,0.0
613026341677136269-2608292103-11,7467,2608292143,2608292144,2,,S,S4,Backnang|Burgstall(Murr)|Kirchberg(Murr)|Erdmannhausen|Marbach(Neckar)|Benningen(Neckar)|Freiberg(Neckar)|Favoritepark|Ludwigsburg|Kornwestheim Pbf,8005778,Stuttgart-Zuffenhausen,Baden-Württemberg,Stuttgart,70435,9.167156375,48.82960884,3,2608292145,,2608292145,,,,,,,,,,,2.0,1.0
-7506781114720968709-2608292103-11,7667,2608292133,2608292134,12,,S,S6,Weil der Stadt|Malmsheim|Renningen|Rutesheim|Leonberg|Höfingen|Ditzingen|Weilimdorf|Korntal|Neuwirtshaus(Porscheplatz),8005778,Stuttgart-Zuffenhausen,Baden-Württemberg,Stuttgart,70435,9.167156375,48.82960884,3,2608292133,,2608292134,,,,,,,,,,,0.0,0.0
-4698443977179735697-2608292127-4,7566,2608292136,2608292137,4,,S,S5,Stuttgart Hbf|Stuttgart Nordbahnhof|Stuttgart-Feuerbach,8005778,Stuttgart-Zuffenhausen,Baden-Württemberg,Stuttgart,70435,9.167156375,48.82960884,3,2608292136,,2608292137,,,,,,,,,,,0.0,0.0
6924424662402192372-2608292112-6,7364,2608292129,2608292130,3,,S,S3,Stuttgart Hbf|Stuttgart-Bad Cannstatt|Stuttgart Nürnberger Str.|Stuttgart-Sommerrain|Fellbach,8000180,Waiblingen,Baden-Württemberg,Waiblingen,71332,9.300476874,48.8262444,3,2608292129,,2608292130,,,,,,,,,,,0.0,0.0
-6477978226066436130-2608292047-3,19435,2608292102,2608292102,6,,ARV,MEX13,Stuttgart Hbf|Stuttgart-Bad Cannstatt,8000180,Waiblingen,Baden-Württemberg,Waiblingen,71332,9.300476874,48.8262444,3,2608292102,,2608292102,,,,,,,,,,,0.0,0.0
8788500588117567424-2608291838-20,88626,2608292104,2608292107,1,,ARV,RE90,Nürnberg Hbf|Roßtal|Heilsbronn|Wicklesgreuth|Ansbach|Leutershausen-Wiedersbach|Dombühl|Schnelldorf|Crailsheim|Eckartshausen-Ilshofen|Schwäbisch Hall-Hessental|Gaildorf West|Fichtenberg|Fornsbach|Murrhardt|Sulzbach(Murr)|Oppenweiler(Württ)|Backnang|Winnenden,8000180,Waiblingen,Baden-Württemberg,Waiblingen,71332,9.300476874,48.8262444,3,2608292104,,2608292107,,r,,,,,,,,,0.0,0.0
9208125594300952260-2608292057-3,88647,2608292107,2608292108,3,,ARV,RE90,Stuttgart Hbf|Stuttgart-Bad Cannstatt,8000180,Waiblingen,Baden-Württemberg,Waiblingen,71332,9.300476874,48.8262444,3,2608292108,,2608292109,,r,,,,,,,p,p,1.0,1.0
2628700476961371155-2608292103-10,7267,2608292124,2608292125,5,,S,S2,Schorndorf|Weiler(Rems)|Winterbach(b Schorndorf)|Geradstetten|Grunbach|Beutelsbach|Endersbach|Stetten-Beinstein|Rommelshausen,8000180,Waiblingen,Baden-Württemberg,Waiblingen,71332,9.300476874,48.8262444,3,2608292138,,2608292138,,h,1,Störung,,,,,,,14.0,13.0
3859668929434965477-2608292111-7,7367,2608292129,2608292130,1,,S,S3,Backnang|Maubach|Nellmersbach|Winnenden|Schwaikheim|Neustadt-Hohenacker,8000180,Waiblingen,Baden-Württemberg,Waiblingen,71332,9.300476874,48.8262444,3,2608292129,,2608292130,,,,,,,,,,,0.0,0.0
-4217556654966046239-2608292042-6,7362,2608292059,2608292100,3,,S,S3,Stuttgart Hbf|Stuttgart-Bad Cannstatt|Stuttgart Nürnberger Str.|Stuttgart-Sommerrain|Fellbach,8000180,Waiblingen,Baden-Württemberg,Waiblingen,71332,9.300476874,48.8262444,3,2608292059,,2608292100,,,,,,,,,,,0.0,0.0
3090077021401438649-2608292050-6,7262,2608292104,2608292105,7,,S,S2,Stuttgart Hbf|Stuttgart-Bad Cannstatt|Stuttgart Nürnberger Str.|Stuttgart-Sommerrain|Fellbach,8000180,Waiblingen,Baden-Württemberg,Waiblingen,71332,9.300476874,48.8262444,3,2608292105,,2608292106,,h,1,Störung,,,,,,,1.0,1.0
-489160259659374986-2608291952-18,19486,2608292128,2608292128,6,,ARV,MEX13,Crailsheim|Jagstzell|Ellwangen|Schrezheim|Schwabsberg|Goldshöfe|Hofen(b Aalen)|Wasseralfingen|Aalen Hbf|Mögglingen(Gmünd)|Böbingen(Rems)|Schwäbisch Gmünd|Lorch(Württ)|Waldhausen(b Schorndorf)|Plüderhausen|Urbach(b Schorndorf)|Schorndorf,8000180,Waiblingen,Baden-Württemberg,Waiblingen,71332,9.300476874,48.8262444,3,2608292128,,2608292129,,r,,,,,,,c,c,0.0,1.0
-7578975115161805427-2608292041-7,7365,2608292059,2608292100,1,,S,S3,Backnang|Maubach|Nellmersbach|Winnenden|Schwaikheim|Neustadt-Hohenacker,8000180,Waiblingen,Baden-Württemberg,Waiblingen,71332,9.300476874,48.8262444,3,2608292059,,2608292100,,,,,,,,,,,0.0,0.0
-4811206268621532947-2608292120-3,19485,2608292132,2608292132,6,,ARV,MEX13,Stuttgart Hbf|Stuttgart-Bad Cannstatt,8000180,Waiblingen,Baden-Württemberg,Waiblingen,71332,9.300476874,48.8262444,3,2608292132,,2608292132,,,,,,,,,p,p,0.0,0.0
970449513727673732-2608292141-7,7369,2608292159,2608292200,1,,S,S3,Backnang|Maubach|Nellmersbach|Winnenden|Schwaikheim|Neustadt-Hohenacker,8000180,Waiblingen,Baden-Württemberg,Waiblingen,71332,9.300476874,48.8262444,3,2608292205,,2608292205,,,,,,,,,,,6.0,5.0
-5952953719627570212-2608292103-8,17564,2608292150,2608292151,1,,RE,MEX90,Schwäbisch Hall-Hessental|Gaildorf West|Murrhardt|Sulzbach(Murr)|Oppenweiler(Württ)|Backnang|Winnenden,8000180,Waiblingen,Baden-Württemberg,Waiblingen,71332,9.300476874,48.8262444,3,2608292156,,2608292157,,,,,,,,,,,6.0,6.0
4357443539708976180-2608292107-10,19440,2608292158,2608292158,6,,ARV,MEX13,Aalen Hbf|Mögglingen(Gmünd)|Böbingen(Rems)|Schwäbisch Gmünd|Lorch(Württ)|Waldhausen(b Schorndorf)|Plüderhausen|Urbach(b Schorndorf)|Schorndorf,8000180,Waiblingen,Baden-Württemberg,Waiblingen,71332,9.300476874,48.8262444,3,2608292158,,2608292158,,,,,,,,,c,c,0.0,0.0
-7971444916294519755-2608292120-6,7264,2608292134,2608292135,7,,S,S2,Stuttgart Hbf|Stuttgart-Bad Cannstatt|Stuttgart Nürnberger Str.|Stuttgart-Sommerrain|Fellbach,8000180,Waiblingen,Baden-Württemberg,Waiblingen,71332,9.300476874,48.8262444,3,2608292135,,2608292136,,h,1,Störung,,,,,,,1.0,1.0
2890455660221075834-2608292133-10,7269,2608292154,2608292155,5,,S,S2,Schorndorf|Weiler(Rems)|Winterbach(b Schorndorf)|Geradstetten|Grunbach|Beutelsbach|Endersbach|Stetten-Beinstein|Rommelshausen,8000180,Waiblingen,Baden-Württemberg,Waiblingen,71332,9.300476874,48.8262444,3,2608292207,,2608292208,,h,1,Störung,,,,,,,13.0,13.0
553786968472239584-2608292142-6,7366,2608292159,2608292200,3,,S,S3,Stuttgart Hbf|Stuttgart-Bad Cannstatt|Stuttgart Nürnberger Str.|Stuttgart-Sommerrain|Fellbach,8000180,Waiblingen,Baden-Württemberg,Waiblingen,71332,9.300476874,48.8262444,3,2608292159,,2608292200,,,,,,,,,,,0.0,0.0
-2482016822020551491-2608292117-14,7664,2608292157,,2,,S,,Stuttgart Hbf|Stuttgart Nordbahnhof|Stuttgart-Feuerbach|Stuttgart-Zuffenhausen|Neuwirtshaus(Porscheplatz)|Korntal|Weilimdorf|Ditzingen|Höfingen|Leonberg|Rutesheim|Renningen|Malmsheim,8006271,Weil der Stadt,Baden-Württemberg,Weil der Stadt,71263,8.873189074,48.7557357,4,2608292200,,,,,,,,,,,,,3.0,0.0
-9065769761816720116-2608292126-5,26187,2608292144,2608292144,141,,SWE,RB76,Calw|Calw-Heumaden|Althengstett|Ostelsheim,8006271,Weil der Stadt,Baden-Württemberg,Weil der Stadt,71263,8.873189074,48.7557357,4,2608292152,,2608292153,,,,,,,,,,,8.0,9.0
-4954691136188615428-2608292047-14,7662,2608292127,,2,,S,,Stuttgart Hbf|Stuttgart Nordbahnhof|Stuttgart-Feuerbach|Stuttgart-Zuffenhausen|Neuwirtshaus(Porscheplatz)|Korntal|Weilimdorf|Ditzingen|Höfingen|Leonberg|Rutesheim|Renningen|Malmsheim,8006271,Weil der Stadt,Baden-Württemberg,Weil der Stadt,71263,8.873189074,48.7557357,4,2608292128,,,,,,,,,,,,,1.0,0.0
-195423559232226563-2608292058-2,26184,2608292101,2608292103,141,,SWE,RB76,Renningen,8006271,Weil der Stadt,Baden-Württemberg,Weil der Stadt,71263,8.873189074,48.7557357,4,2608292104,,2608292105,,,,,,,,,,,3.0,2.0
-4129909752986717170-2608292133-1,7669,,2608292133,,,S,S6,,8006271,Weil der Stadt,Baden-Württemberg,Weil der Stadt,71263,8.873189074,48.7557357,4,,,2608292134,,,,,,,,,,,0.0,1.0
-7506781114720968709-2608292103-1,7667,,2608292103,,,S,S6,,8006271,Weil der Stadt,Baden-Württemberg,Weil der Stadt,71263,8.873189074,48.7557357,4,,,2608292105,,,,,,,,,,,0.0,2.0
2628700476961371155-2608292103-2,7267,2608292106,2608292106,2,,S,S2,Schorndorf,8006277,Weiler (Rems),Baden-Württemberg,Schorndorf,76314,9.501891172,48.80034585,5,2608292106,,2608292106,,h,1,Störung,,,,,c,c,0.0,0.0
3090077021401438649-2608292050-14,7262,2608292122,2608292122,1,,S,S2,Stuttgart Hbf|Stuttgart-Bad Cannstatt|Stuttgart Nürnberger Str.|Stuttgart-Sommerrain|Fellbach|Waiblingen|Rommelshausen|Stetten-Beinstein|Endersbach|Beutelsbach|Grunbach|Geradstetten|Winterbach(b Schorndorf),8006277,Weiler (Rems),Baden-Württemberg,Schorndorf,76314,9.501891172,48.80034585,5,2608292123,,2608292123,,h,1,Störung,,,,,c,c,1.0,1.0
-7971444916294519755-2608292120-14,7264,2608292152,2608292152,1,,S,S2,Stuttgart Hbf|Stuttgart-Bad Cannstatt|Stuttgart Nürnberger Str.|Stuttgart-Sommerrain|Fellbach|Waiblingen|Rommelshausen|Stetten-Beinstein|Endersbach|Beutelsbach|Grunbach|Geradstetten|Winterbach(b Schorndorf),8006277,Weiler (Rems),Baden-Württemberg,Schorndorf,76314,9.501891172,48.80034585,5,2608292152,,2608292152,,h,1,Störung,,,,,c,c,0.0,0.0
2890455660221075834-2608292133-2,7269,2608292136,2608292136,2,,S,S2,Schorndorf,8006277,Weiler (Rems),Baden-Württemberg,Schorndorf,76314,9.501891172,48.80034585,5,2608292205,,2608292206,,h,1,Störung,,,Schorndorf,Winterbach(b Schorndorf)|Geradstetten|Grunbach|Beutelsbach|Endersbach|Stetten-Beinstein|Rommelshausen|Waiblingen|Fellbach|Stuttgart-Sommerrain|Stuttgart Nürnberger Str.|Stuttgart-Bad Cannstatt|Stuttgart Hbf,c,c,29.0,30.0
-6102671226917243432-2608292116-6,19358,2608292140,2608292141,1,,RE,MEX12,Reutlingen Hbf|Metzingen(Württ)|Bempflingen|Nürtingen|Oberboihingen,8006331,Wendlingen (Neckar),Baden-Württemberg,Wendlingen am Neckar,73240,9.373662098,48.67368917,3,2608292140,,2608292141,,,,,,,,,,,0.0,0.0
6645021575941218607-2608292124-1,16073,,2608292124,,,RE,RE200,,8006331,Wendlingen (Neckar),Baden-Württemberg,Wendlingen am Neckar,73240,9.373662098,48.67368917,3,,,2608292127,,,,,,,,,,,0.0,3.0
-1445914617040136913-2608292120-3,7169,2608292127,2608292128,12,,S,S1,Kirchheim(Teck)|Kirchheim(Teck)-Ötlingen,8006331,Wendlingen (Neckar),Baden-Württemberg,Wendlingen am Neckar,73240,9.373662098,48.67368917,3,2608292127,,2608292128,,,,,,,,,,,0.0,0.0
1733518000541873569-2608292150-3,7171,2608292157,2608292158,12,,S,S1,Kirchheim(Teck)|Kirchheim(Teck)-Ötlingen,8006331,Wendlingen (Neckar),Baden-Württemberg,Wendlingen am Neckar,73240,9.373662098,48.67368917,3,2608292157,,2608292158,,,,,,,,,,,0.0,0.0
6929098726566169295-2608292055-13,7164,2608292133,2608292133,11,,S,S1,Stuttgart Hbf|Stuttgart-Bad Cannstatt|Stuttgart Neckarpark|Stuttgart-Untertürkheim|Stuttgart-Obertürkheim|Esslingen-Mettingen|Esslingen(Neckar)|Oberesslingen|Esslingen-Zell|Altbach|Plochingen|Wernau(Neckar),8006331,Wendlingen (Neckar),Baden-Württemberg,Wendlingen am Neckar,73240,9.373662098,48.67368917,3,2608292134,,2608292135,,,,,,,,,,,1.0,2.0
-4904342913615484814-2608292025-13,7162,2608292102,2608292103,11,,S,S1,Stuttgart Hbf|Stuttgart-Bad Cannstatt|Stuttgart Neckarpark|Stuttgart-Untertürkheim|Stuttgart-Obertürkheim|Esslingen-Mettingen|Esslingen(Neckar)|Oberesslingen|Esslingen-Zell|Altbach|Plochingen|Wernau(Neckar),8006331,Wendlingen (Neckar),Baden-Württemberg,Wendlingen am Neckar,73240,9.373662098,48.67368917,3,2608292103,,2608292104,,,,,,,,,,,1.0,1.0
-8269850265962571195-2608292045-4,19349,2608292118,2608292118,2,,RE,MEX12,Kornwestheim Pbf|Esslingen(Neckar)|Plochingen,8006331,Wendlingen (Neckar),Baden-Württemberg,Wendlingen am Neckar,73240,9.373662098,48.67368917,3,2608292125,,2608292126,,,,,,,,,,,7.0,8.0
5285248676045453612-2608292129-3,16074,2608292159,,3,,RE,,Ulm Hbf|Merklingen - Schwäbische Alb,8006331,Wendlingen (Neckar),Baden-Württemberg,Wendlingen am Neckar,73240,9.373662098,48.67368917,3,2608292157,,,,,,,,,,,,,-2.0,0.0
-1445914617040136913-2608292120-4,7169,2608292131,2608292131,1,,S,S1,Kirchheim(Teck)|Kirchheim(Teck)-Ötlingen|Wendlingen(Neckar),8006346,Wernau (Neckar),Baden-Württemberg,Wernau (Neckar),73249,9.413654423,48.69417221,4,2608292131,,2608292132,,,,,,,,,,,0.0,1.0
6929098726566169295-2608292055-12,7164,2608292129,2608292129,2,,S,S1,Stuttgart Hbf|Stuttgart-Bad Cannstatt|Stuttgart Neckarpark|Stuttgart-Untertürkheim|Stuttgart-Obertürkheim|Esslingen-Mettingen|Esslingen(Neckar)|Oberesslingen|Esslingen-Zell|Altbach|Plochingen,8006346,Wernau (Neckar),Baden-Württemberg,Wernau (Neckar),73249,9.413654423,48.69417221,4,2608292129,,2608292129,,,,,,,,,,,0.0,0.0
6090333868698703745-2608292125-12,7166,2608292158,2608292159,2,,S,S1,Stuttgart Hbf|Stuttgart-Bad Cannstatt|Stuttgart Neckarpark|Stuttgart-Untertürkheim|Stuttgart-Obertürkheim|Esslingen-Mettingen|Esslingen(Neckar)|Oberesslingen|Esslingen-Zell|Altbach|Plochingen,8006346,Wernau (Neckar),Baden-Württemberg,Wernau (Neckar),73249,9.413654423,48.69417221,4,2608292158,,2608292159,,,,,,,,,,,0.0,0.0
3106830256264099267-2608292050-4,7167,2608292101,2608292101,1,,S,S1,Kirchheim(Teck)|Kirchheim(Teck)-Ötlingen|Wendlingen(Neckar),8006346,Wernau (Neckar),Baden-Württemberg,Wernau (Neckar),73249,9.413654423,48.69417221,4,2608292102,,2608292102,,,,,,,,,,,1.0,1.0
6924424662402192372-2608292112-9,7364,2608292139,2608292139,2,,S,S3,Stuttgart Hbf|Stuttgart-Bad Cannstatt|Stuttgart Nürnberger Str.|Stuttgart-Sommerrain|Fellbach|Waiblingen|Neustadt-Hohenacker|Schwaikheim,8006479,Winnenden,Baden-Württemberg,Winnenden,71364,9.392155928,48.8795625,3,2608292139,,2608292140,,,,,,,,,,,0.0,1.0
9208125594300952260-2608292057-4,88647,2608292115,2608292116,2,,ARV,RE90,Stuttgart Hbf|Stuttgart-Bad Cannstatt|Waiblingen,8006479,Winnenden,Baden-Württemberg,Winnenden,71364,9.392155928,48.8795625,3,2608292116,,2608292116,,r,,,,,,,p,p,1.0,0.0
3859668929434965477-2608292111-4,7367,2608292119,2608292120,3,,S,S3,Backnang|Maubach|Nellmersbach,8006479,Winnenden,Baden-Württemberg,Winnenden,71364,9.392155928,48.8795625,3,2608292119,,2608292120,,,,,,,,,,,0.0,0.0
-4217556654966046239-2608292042-9,7362,2608292109,2608292109,2,,S,S3,Stuttgart Hbf|Stuttgart-Bad Cannstatt|Stuttgart Nürnberger Str.|Stuttgart-Sommerrain|Fellbach|Waiblingen|Neustadt-Hohenacker|Schwaikheim,8006479,Winnenden,Baden-Württemberg,Winnenden,71364,9.392155928,48.8795625,3,2608292109,,2608292110,,,,,,,,,,,0.0,1.0
970449513727673732-2608292141-4,7369,2608292149,2608292150,3,,S,S3,Backnang|Maubach|Nellmersbach,8006479,Winnenden,Baden-Württemberg,Winnenden,71364,9.392155928,48.8795625,3,2608292155,,2608292156,,,,,,,,,,,6.0,6.0
-5952953719627570212-2608292103-7,17564,2608292143,2608292144,3,,RE,MEX90,Schwäbisch Hall-Hessental|Gaildorf West|Murrhardt|Sulzbach(Murr)|Oppenweiler(Württ)|Backnang,8006479,Winnenden,Baden-Württemberg,Winnenden,71364,9.392155928,48.8795625,3,2608292149,,2608292150,,,,,,,,,,,6.0,6.0
2628700476961371155-2608292103-3,7267,2608292108,2608292108,1,,S,S2,Schorndorf|Weiler(Rems),8006485,Winterbach (b Schorndorf),Baden-Württemberg,Winterbach,73650,9.481549751,48.79842743,4,2608292108,,2608292108,,h,1,Störung,,,,,c,c,0.0,0.0
3090077021401438649-2608292050-13,7262,2608292120,2608292120,2,,S,S2,Stuttgart Hbf|Stuttgart-Bad Cannstatt|Stuttgart Nürnberger Str.|Stuttgart-Sommerrain|Fellbach|Waiblingen|Rommelshausen|Stetten-Beinstein|Endersbach|Beutelsbach|Grunbach|Geradstetten,8006485,Winterbach (b Schorndorf),Baden-Württemberg,Winterbach,73650,9.481549751,48.79842743,4,2608292121,,2608292121,,h,1,Störung,,,,,c,c,1.0,1.0
-7971444916294519755-2608292120-13,7264,2608292150,2608292150,2,,S,S2,Stuttgart Hbf|Stuttgart-Bad Cannstatt|Stuttgart Nürnberger Str.|Stuttgart-Sommerrain|Fellbach|Waiblingen|Rommelshausen|Stetten-Beinstein|Endersbach|Beutelsbach|Grunbach|Geradstetten,8006485,Winterbach (b Schorndorf),Baden-Württemberg,Winterbach,73650,9.481549751,48.79842743,4,2608292150,,2608292150,,h,1,Störung,,,,,c,c,0.0,0.0
2890455660221075834-2608292133-3,7269,2608292138,2608292138,1,,S,S2,Schorndorf|Weiler(Rems),8006485,Winterbach (b Schorndorf),Baden-Württemberg,Winterbach,73650,9.481549751,48.79842743,4,2608292207,,2608292208,,h,1,Störung,,,Schorndorf|Weiler(Rems),Geradstetten|Grunbach|Beutelsbach|Endersbach|Stetten-Beinstein|Rommelshausen|Waiblingen|Fellbach|Stuttgart-Sommerrain|Stuttgart Nürnberger Str.|Stuttgart-Bad Cannstatt|Stuttgart Hbf,c,c,29.0,30.0
-5721042257730826301-2608292038-12,7066,2608292115,2608292115,2,,S,S60,Stuttgart-Feuerbach|Stuttgart-Zuffenhausen|Neuwirtshaus(Porscheplatz)|Korntal|Weilimdorf|Ditzingen|Höfingen|Leonberg|Rutesheim|Renningen|Renningen Süd,8003807,Magstadt,Baden-Württemberg,Magstadt,71106,8.965315746,48.73616033,6,2608292119,,2608292120,,,,,,,,,,,4.0,5.0
-279161464129784570-2608292139-3,7068,2608292145,2608292145,2,,S,S60,Renningen|Renningen Süd,8003807,Magstadt,Baden-Württemberg,Magstadt,71106,8.965315746,48.73616033,6,2608292147,,2608292147,,,,,,,,,,,2.0,2.0
-8158613416807274501-2608292104-5,7065,2608292113,2608292114,1,,S,S60,Böblingen|Sindelfingen|Maichingen|Maichingen Nord,8003807,Magstadt,Baden-Württemberg,Magstadt,71106,8.965315746,48.73616033,6,2608292114,,2608292115,,,,,,,,,,,1.0,1.0
-5866427935955509808-2608292134-5,7067,2608292143,2608292144,1,,S,S60,Böblingen|Sindelfingen|Maichingen|Maichingen Nord,8003807,Magstadt,Baden-Württemberg,Magstadt,71106,8.965315746,48.73616033,6,2608292146,,2608292147,,,,,,,,,,,3.0,3.0
-5721042257730826301-2608292038-13,7066,2608292117,2608292117,2,,S,S60,Stuttgart-Feuerbach|Stuttgart-Zuffenhausen|Neuwirtshaus(Porscheplatz)|Korntal|Weilimdorf|Ditzingen|Höfingen|Leonberg|Rutesheim|Renningen|Renningen Süd|Magstadt,8003834,Maichingen Nord,Baden-Württemberg,Sindelfingen,71069,8.979416996,48.72750392,5,2608292121,,2608292121,,,,,,,,,,,4.0,4.0
-279161464129784570-2608292139-4,7068,2608292147,2608292147,2,,S,S60,Renningen|Renningen Süd|Magstadt,8003834,Maichingen Nord,Baden-Württemberg,Sindelfingen,71069,8.979416996,48.72750392,5,2608292149,,2608292149,,,,,,,,,,,2.0,2.0
-8158613416807274501-2608292104-4,7065,2608292111,2608292111,1,,S,S60,Böblingen|Sindelfingen|Maichingen,8003834,Maichingen Nord,Baden-Württemberg,Sindelfingen,71069,8.979416996,48.72750392,5,2608292112,,2608292112,,,,,,,,,,,1.0,1.0
-5866427935955509808-2608292134-4,7067,2608292141,2608292141,1,,S,S60,Böblingen|Sindelfingen|Maichingen,8003834,Maichingen Nord,Baden-Württemberg,Sindelfingen,71069,8.979416996,48.72750392,5,2608292144,,2608292145,,,,,,,,,,,3.0,4.0
-5721042257730826301-2608292038-14,7066,2608292119,2608292119,1,,S,S60,Stuttgart-Feuerbach|Stuttgart-Zuffenhausen|Neuwirtshaus(Porscheplatz)|Korntal|Weilimdorf|Ditzingen|Höfingen|Leonberg|Rutesheim|Renningen|Renningen Süd|Magstadt|Maichingen Nord,8003808,Maichingen,Baden-Württemberg,Sindelfingen,71069,8.969606704,48.72162074,6,2608292123,,2608292124,,,,,,,,,,,4.0,5.0
-279161464129784570-2608292139-5,7068,2608292149,2608292149,1,,S,S60,Renningen|Renningen Süd|Magstadt|Maichingen Nord,8003808,Maichingen,Baden-Württemberg,Sindelfingen,71069,8.969606704,48.72162074,6,2608292150,,2608292151,,,,,,,,,,,1.0,2.0
-8158613416807274501-2608292104-3,7065,2608292109,2608292110,1,,S,S60,Böblingen|Sindelfingen,8003808,Maichingen,Baden-Württemberg,Sindelfingen,71069,8.969606704,48.72162074,6,2608292110,,2608292111,,,,,,,,,,,1.0,1.0
-5866427935955509808-2608292134-3,7067,2608292139,2608292140,1,,S,S60,Böblingen|Sindelfingen,8003808,Maichingen,Baden-Württemberg,Sindelfingen,71069,8.969606704,48.72162074,6,2608292141,,2608292143,,,,,,,,,,,2.0,3.0
-5721042257730826301-2608292038-11,7066,2608292111,2608292111,2,,S,S60,Stuttgart-Feuerbach|Stuttgart-Zuffenhausen|Neuwirtshaus(Porscheplatz)|Korntal|Weilimdorf|Ditzingen|Höfingen|Leonberg|Rutesheim|Renningen,8005001,Renningen Süd,Baden-Württemberg,Renningen,71272,8.932068278,48.76261937,6,2608292114,,2608292115,,,,,,,,,,,3.0,4.0
-279161464129784570-2608292139-2,7068,2608292141,2608292141,2,,S,S60,Renningen,8005001,Renningen Süd,Baden-Württemberg,Renningen,71272,8.932068278,48.76261937,6,2608292143,,2608292143,,,,,,,,,,,2.0,2.0
-8158613416807274501-2608292104-6,7065,2608292117,2608292118,1,,S,S60,Böblingen|Sindelfingen|Maichingen|Maichingen Nord|Magstadt,8005001,Renningen Süd,Baden-Württemberg,Renningen,71272,8.932068278,48.76261937,6,2608292118,,2608292118,,,,,,,,,,,1.0,0.0
-5866427935955509808-2608292134-6,7067,2608292147,2608292148,1,,S,S60,Böblingen|Sindelfingen|Maichingen|Maichingen Nord|Magstadt,8005001,Renningen Süd,Baden-Württemberg,Renningen,71272,8.932068278,48.76261937,6,2608292150,,2608292151,,,,,,,,,,,3.0,3.0
