ID,train_number,planned_arrival,planned_departure,planned_platform,planned_status,category_train,train,path,eva_nr,station_name,station_state,station_city,station_zipcode,station_long,station_lat,station_category,changed_arrival,changed_platform_arrival,changed_departure,changed_platform_departure,message_status,priority,info,arrival_hidden,departure_hidden,arrival_path,departure_path,arrival_status,departure_status,arrival_delay_m,departure_delay_m
4181353259517315832-2608071720-6,7153,2608071739,2608071740,3,,S,S1,Kirchheim(Teck)|Kirchheim(Teck)-Ötlingen|Wendlingen(Neckar)|Wernau(Neckar)|Plochingen,8000508,Altbach,Baden-Württemberg,Altbach,73776,9.382434033,48.72031354,3,2608071739,,2608071740,,,,,,,,,,,0.0,0.0
-7734078232361227040-2608071655-10,7148,2608071720,2608071720,4,,S,S1,Stuttgart Hbf|Stuttgart-Bad Cannstatt|Stuttgart Neckarpark|Stuttgart-Untertürkheim|Stuttgart-Obertürkheim|Esslingen-Mettingen|Esslingen(Neckar)|Oberesslingen|Esslingen-Zell,8000508,Altbach,Baden-Württemberg,Altbach,73776,9.382434033,48.72031354,3,2608071722,,2608071722,,,,,,,,,,,2.0,2.0
29457582318319648-2608071725-10,7150,2608071750,2608071750,4,,S,S1,Stuttgart Hbf|Stuttgart-Bad Cannstatt|Stuttgart Neckarpark|Stuttgart-Untertürkheim|Stuttgart-Obertürkheim|Esslingen-Mettingen|Esslingen(Neckar)|Oberesslingen|Esslingen-Zell,8000508,Altbach,Baden-Württemberg,Altbach,73776,9.382434033,48.72031354,3,2608071750,,2608071751,,,,,,,,,,,0.0,1.0
713199971080468435-2608071650-6,7151,2608071709,2608071710,3,,S,S1,Kirchheim(Teck)|Kirchheim(Teck)-Ötlingen|Wendlingen(Neckar)|Wernau(Neckar)|Plochingen,8000508,Altbach,Baden-Württemberg,Altbach,73776,9.382434033,48.72031354,3,2608071709,,2608071710,,,,,,,,,,,0.0,0.0
4438230868556249097-2608071657-7,7548,2608071717,2608071717,4,,S,S5,Stuttgart Hbf|Stuttgart Nordbahnhof|Stuttgart-Feuerbach|Stuttgart-Zuffenhausen|Kornwestheim Pbf|Ludwigsburg,8000630,Asperg,Baden-Württemberg,Asperg,71679,9.147977466,48.90725609,4,2608071717,,2608071718,,,,,,,,,,,0.0,1.0
4179075705178608234-2608071707-3,7551,2608071712,2608071713,3,,S,S5,Bietigheim-Bissingen|Tamm(Württ),8000630,Asperg,Baden-Württemberg,Asperg,71679,9.147977466,48.90725609,4,2608071713,,2608071713,,,,,,,,,,,1.0,0.0
7044670227798406981-2608071727-7,7550,2608071747,2608071747,4,,S,S5,Stuttgart Hbf|Stuttgart Nordbahnhof|Stuttgart-Feuerbach|Stuttgart-Zuffenhausen|Kornwestheim Pbf|Ludwigsburg,8000630,Asperg,Baden-Württemberg,Asperg,71679,9.147977466,48.90725609,4,2608071747,,2608071748,,,,,,,,,,,0.0,1.0
-6653627024630377952-2608071737-3,7553,2608071742,2608071743,3,,S,S5,Bietigheim-Bissingen|Tamm(Württ),8000630,Asperg,Baden-Württemberg,Asperg,71679,9.147977466,48.90725609,4,2608071743,,2608071744,,,,,,,,,,,1.0,1.0
-8550986694392326164-2608071657-5,89687,2608071722,2608071724,4,,ARV,90,Stuttgart Hbf|Stuttgart-Bad Cannstatt|Waiblingen|Winnenden,8000016,Backnang,Baden-Württemberg,Backnang,71522,9.425986107,48.94264844,3,2608071726,,2608071727,,h,1,Bauarbeiten,,,,,,,4.0,3.0
-6739253170809320051-2608071642-12,7346,2608071718,,5,,S,,Stuttgart Hbf|Stuttgart-Bad Cannstatt|Stuttgart Nürnberger Str.|Stuttgart-Sommerrain|Fellbach|Waiblingen|Neustadt-Hohenacker|Schwaikheim|Winnenden|Nellmersbach|Maubach,8000016,Backnang,Baden-Württemberg,Backnang,71522,9.425986107,48.94264844,3,2608071718,,,,,,,,,,,,,0.0,0.0
7320244864426596786-2608071733-1,7453,,2608071733,,,S,S4,,8000016,Backnang,Baden-Württemberg,Backnang,71522,9.425986107,48.94264844,3,,,2608071733,,,,,,,,,,,0.0,0.0
-2777205415037116295-2608071754-1,17545,,2608071754,,,RB,MEX90,,8000016,Backnang,Baden-Württemberg,Backnang,71522,9.425986107,48.94264844,3,,,2608071754,,h,1,Störung,,,,,,,0.0,0.0
7611157692782238372-2608071632-7,17548,2608071706,,4,,RB,,Gaildorf West|Fichtenberg|Fornsbach|Murrhardt|Sulzbach(Murr)|Oppenweiler(Württ),8000016,Backnang,Baden-Württemberg,Backnang,71522,9.425986107,48.94264844,3,2608071712,,,,,,,,,,,,,6.0,0.0
7318470911046356350-2608071711-1,7351,,2608071711,,,S,S3,,8000016,Backnang,Baden-Württemberg,Backnang,71522,9.425986107,48.94264844,3,,,2608071713,,,,,,,,,,,0.0,2.0
6706195267403165366-2608071703-6,17550,2608071736,2608071737,4,,RE,MEX90,Schwäbisch Hall-Hessental|Gaildorf West|Murrhardt|Sulzbach(Murr)|Oppenweiler(Württ),8000016,Backnang,Baden-Württemberg,Backnang,71522,9.425986107,48.94264844,3,2608071741,,2608071742,,h,1,Störung,,,,,,,5.0,5.0
6027149644914886165-2608071637-14,7444,2608071722,,1,,S,,Stuttgart Hbf|Stuttgart Nordbahnhof|Stuttgart-Feuerbach|Stuttgart-Zuffenhausen|Kornwestheim Pbf|Ludwigsburg|Favoritepark|Freiberg(Neckar)|Benningen(Neckar)|Marbach(Neckar)|Erdmannhausen|Kirchberg(Murr)|Burgstall(Murr),8000016,Backnang,Baden-Württemberg,Backnang,71522,9.425986107,48.94264844,3,2608071722,,,,,,,,,,,,,0.0,0.0
4328573071061192908-2608071741-1,7353,,2608071741,,,S,S3,,8000016,Backnang,Baden-Württemberg,Backnang,71522,9.425986107,48.94264844,3,,,2608071744,,,,,,,,,,,0.0,3.0
3186631593996215666-2608071712-12,7348,2608071748,,5,,S,,Stuttgart Hbf|Stuttgart-Bad Cannstatt|Stuttgart Nürnberger Str.|Stuttgart-Sommerrain|Fellbach|Waiblingen|Neustadt-Hohenacker|Schwaikheim|Winnenden|Nellmersbach|Maubach,8000016,Backnang,Baden-Württemberg,Backnang,71522,9.425986107,48.94264844,3,2608071748,,,,,,,,,,,,,0.0,0.0
3775348367385191971-2608071707-14,7446,2608071752,,1,,S,,Stuttgart Hbf|Stuttgart Nordbahnhof|Stuttgart-Feuerbach|Stuttgart-Zuffenhausen|Kornwestheim Pbf|Ludwigsburg|Favoritepark|Freiberg(Neckar)|Benningen(Neckar)|Marbach(Neckar)|Erdmannhausen|Kirchberg(Murr)|Burgstall(Murr),8000016,Backnang,Baden-Württemberg,Backnang,71522,9.425986107,48.94264844,3,2608071752,,,,,,,,,,,,,0.0,0.0
156206222396100406-2608071703-1,7451,,2608071703,,,S,S4,,8000016,Backnang,Baden-Württemberg,Backnang,71522,9.425986107,48.94264844,3,,,2608071703,,,,,,,,,,,0.0,0.0
7320244864426596786-2608071733-6,7453,2608071757,2608071757,2,,S,S4,Backnang|Burgstall(Murr)|Kirchberg(Murr)|Erdmannhausen|Marbach(Neckar),8000873,Benningen (Neckar),Baden-Württemberg,Benningen am Neckar,71726,9.244299075,48.94379773,5,2608071757,,2608071758,,,,,,,,,,,0.0,1.0
6027149644914886165-2608071637-9,7444,2608071702,2608071703,1,,S,S4,Stuttgart Hbf|Stuttgart Nordbahnhof|Stuttgart-Feuerbach|Stuttgart-Zuffenhausen|Kornwestheim Pbf|Ludwigsburg|Favoritepark|Freiberg(Neckar),8000873,Benningen (Neckar),Baden-Württemberg,Benningen am Neckar,71726,9.244299075,48.94379773,5,2608071703,,2608071703,,,,,,,,,,,1.0,0.0
3775348367385191971-2608071707-9,7446,2608071732,2608071733,1,,S,S4,Stuttgart Hbf|Stuttgart Nordbahnhof|Stuttgart-Feuerbach|Stuttgart-Zuffenhausen|Kornwestheim Pbf|Ludwigsburg|Favoritepark|Freiberg(Neckar),8000873,Benningen (Neckar),Baden-Württemberg,Benningen am Neckar,71726,9.244299075,48.94379773,5,2608071733,,2608071733,,,,,,,,,,,1.0,0.0
156206222396100406-2608071703-6,7451,2608071727,2608071727,2,,S,S4,Backnang|Burgstall(Murr)|Kirchberg(Murr)|Erdmannhausen|Marbach(Neckar),8000873,Benningen (Neckar),Baden-Württemberg,Benningen am Neckar,71726,9.244299075,48.94379773,5,2608071727,,2608071727,,,,,,,,,,,0.0,0.0
830627416811346853-2608071733-6,7253,2608071745,2608071745,2,,S,S2,Schorndorf|Weiler(Rems)|Winterbach(b Schorndorf)|Geradstetten|Grunbach,8000934,Beutelsbach,Baden-Württemberg,Weinstadt,71384,9.38551589,48.81038925,5,2608071746,,2608071747,,h,1,Bauarbeiten,,,,,,,1.0,2.0
-4644515304619211385-2608071720-10,7248,2608071743,2608071743,1,,S,S2,Stuttgart Hbf|Stuttgart-Bad Cannstatt|Stuttgart Nürnberger Str.|Stuttgart-Sommerrain|Fellbach|Waiblingen|Rommelshausen|Stetten-Beinstein|Endersbach,8000934,Beutelsbach,Baden-Württemberg,Weinstadt,71384,9.38551589,48.81038925,5,2608071748,,2608071749,,h,1,Bauarbeiten,,,,,,,5.0,6.0
7369273237182260533-2608071650-10,7246,2608071713,2608071713,1,,S,S2,Stuttgart Hbf|Stuttgart-Bad Cannstatt|Stuttgart Nürnberger Str.|Stuttgart-Sommerrain|Fellbach|Waiblingen|Rommelshausen|Stetten-Beinstein|Endersbach,8000934,Beutelsbach,Baden-Württemberg,Weinstadt,71384,9.38551589,48.81038925,5,2608071717,,2608071718,,h,1,Bauarbeiten,,,,,,,4.0,5.0
-5832640759932011953-2608071703-6,7251,2608071715,2608071715,2,,S,S2,Schorndorf|Weiler(Rems)|Winterbach(b Schorndorf)|Geradstetten|Grunbach,8000934,Beutelsbach,Baden-Württemberg,Weinstadt,71384,9.38551589,48.81038925,5,2608071715,,2608071716,,h,1,Bauarbeiten,,,,,,,0.0,1.0
8755829704218028297-2608071605-13,19238,2608071735,2608071736,10,,RB,MEX12,Tübingen Hbf|Reutlingen Hbf|Metzingen(Württ)|Bempflingen|Nürtingen|Oberboihingen|Wendlingen(Neckar)|Plochingen|Esslingen(Neckar)|Stuttgart-Bad Cannstatt|Stuttgart Hbf|Ludwigsburg,8000038,Bietigheim-Bissingen,Baden-Württemberg,Bietigheim-Bissingen,74321,9.137217396,48.94794988,2,2608071757,,2608071759,,h,2,Information,,,,,,,22.0,23.0
4438230868556249097-2608071657-9,7548,2608071724,,6,,S,,Stuttgart Hbf|Stuttgart Nordbahnhof|Stuttgart-Feuerbach|Stuttgart-Zuffenhausen|Kornwestheim Pbf|Ludwigsburg|Asperg|Tamm(Württ),8000038,Bietigheim-Bissingen,Baden-Württemberg,Bietigheim-Bissingen,74321,9.137217396,48.94794988,2,2608071724,,,,,,,,,,,,,0.0,0.0
-8855452708455191823-2608071730-3,19528,2608071747,2608071748,7,,RE,MEX17,Stuttgart Hbf|Ludwigsburg,8000038,Bietigheim-Bissingen,Baden-Württemberg,Bietigheim-Bissingen,74321,9.137217396,48.94794988,2,2608071754,,2608071755,,,,,,,,,,,7.0,7.0
4179075705178608234-2608071707-1,7551,,2608071707,,,S,S5,,8000038,Bietigheim-Bissingen,Baden-Württemberg,Bietigheim-Bissingen,74321,9.137217396,48.94794988,2,,,2608071707,6,,,,,,,,,,0.0,0.0
-2240204575720692912-2608071714-3,19526,2608071731,2608071732,7,,RE,MEX17,Stuttgart Hbf|Ludwigsburg,8000038,Bietigheim-Bissingen,Baden-Württemberg,Bietigheim-Bissingen,74321,9.137217396,48.94794988,2,2608071733,,2608071734,,,,,,,,,,,2.0,2.0
-2955835978715293774-2608071714-12,19531,2608071750,,3,,RE,,Pforzheim Hbf|Eutingen(Baden)|Niefern|Enzberg|Mühlacker|Mühlacker Rößlesweg|Illingen(Württ)|Vaihingen(Enz)|Sersheim|Sachsenheim|Ellental,8000038,Bietigheim-Bissingen,Baden-Württemberg,Bietigheim-Bissingen,74321,9.137217396,48.94794988,2,2608071752,,,,,,,,,,,,,2.0,0.0
-9010192018812874226-2608071657-7,19235,2608071722,2608071725,8,,RB,MEX12,Heilbronn Hbf|Nordheim(Württ)|Lauffen(Neckar)|Kirchheim(Neckar)|Walheim(Württ)|Besigheim,8000038,Bietigheim-Bissingen,Baden-Württemberg,Bietigheim-Bissingen,74321,9.137217396,48.94794988,2,2608071724,,2608071726,,h,2,Information,,,,,,,2.0,1.0
-648674411914709730-2608071706-3,99119,2608071740,2608071744,,,ARV,8,Neckarsulm|Heilbronn Hbf,8000038,Bietigheim-Bissingen,Baden-Württemberg,Bietigheim-Bissingen,74321,9.137217396,48.94794988,2,2608071740,8,2608071744,8,,,,,,,,c,c,0.0,0.0
7044670227798406981-2608071727-9,7550,2608071754,,6,,S,,Stuttgart Hbf|Stuttgart Nordbahnhof|Stuttgart-Feuerbach|Stuttgart-Zuffenhausen|Kornwestheim Pbf|Ludwigsburg|Asperg|Tamm(Württ),8000038,Bietigheim-Bissingen,Baden-Württemberg,Bietigheim-Bissingen,74321,9.137217396,48.94794988,2,2608071754,,,,,,,,,,,,,0.0,0.0
6117513789421283949-2608071730-7,19329,2608071755,2608071757,8,,RB,MEX18,Heilbronn Hbf|Nordheim(Württ)|Lauffen(Neckar)|Kirchheim(Neckar)|Walheim(Württ)|Besigheim,8000038,Bietigheim-Bissingen,Baden-Württemberg,Bietigheim-Bissingen,74321,9.137217396,48.94794988,2,2608071803,,2608071804,,,,,,,,,,,8.0,7.0
3092648369704978103-2608071644-12,19529,2608071719,2608071720,4,,RE,MEX17,Pforzheim Hbf|Eutingen(Baden)|Niefern|Enzberg|Mühlacker|Mühlacker Rößlesweg|Illingen(Württ)|Vaihingen(Enz)|Sersheim|Sachsenheim|Ellental,8000038,Bietigheim-Bissingen,Baden-Württemberg,Bietigheim-Bissingen,74321,9.137217396,48.94794988,2,2608071722,,2608071723,,,,,,,,,,,3.0,3.0
-6653627024630377952-2608071737-1,7553,,2608071737,,,S,S5,,8000038,Bietigheim-Bissingen,Baden-Württemberg,Bietigheim-Bissingen,74321,9.137217396,48.94794988,2,,,2608071737,6,,,,,,,,,,0.0,0.0
1201039425804247520-2608071704-1,19524,,2608071704,,,RE,MEX17,,8000038,Bietigheim-Bissingen,Baden-Württemberg,Bietigheim-Bissingen,74321,9.137217396,48.94794988,2,,,2608071704,3,,,,,,,,,,0.0,0.0
6167613508508840867-2608071710-2,99122,2608071717,2608071720,,,ARV,8,Ludwigsburg,8000038,Bietigheim-Bissingen,Baden-Württemberg,Bietigheim-Bissingen,74321,9.137217396,48.94794988,2,2608071718,10,2608071720,10,,,,,,,,,,1.0,0.0
5762702430735637261-2608071742-3,19096,2608071758,2608071759,10,,ARV,8,Stuttgart Hbf|Ludwigsburg,8000038,Bietigheim-Bissingen,Baden-Württemberg,Bietigheim-Bissingen,74321,9.137217396,48.94794988,2,2608071813,,2608071814,,,,,,,,,,,15.0,15.0
-6038795901260709215-2608071612-5,19326,2608071659,2608071700,10,,RB,MEX18,Plochingen|Esslingen(Neckar)|Kornwestheim Pbf|Ludwigsburg,8000038,Bietigheim-Bissingen,Baden-Württemberg,Bietigheim-Bissingen,74321,9.137217396,48.94794988,2,2608071700,,2608071701,,,,,,,,,,,1.0,1.0
-4150928160567264684-2608071732-12,8141,2608071755,,1,,WEG,,Dettenhausen|Weil im Schönbuch Untere Halde|Weil im Schönbuch Röte|Weil im Schönbuch Troppel|Holzgerlingen Buch|Holzgerlingen Bf|Holzgerlingen Hülben|Böblingen Zimmerschlag|Böblingen Heusteigstr|Böblingen Südbf|Böblingen Danziger Str,8001055,Böblingen,Baden-Württemberg,Böblingen,71034,9.004531864,48.68784871,3,2608071756,,,,,,,,,,,,,1.0,0.0
-919200684050965817-2608071716-4,7749,2608071730,2608071730,4,,S,S1,Stuttgart-Vaihingen|Stuttgart-Rohr|Goldberg(Württ),8001055,Böblingen,Baden-Württemberg,Böblingen,71034,9.004531864,48.68784871,3,2608071730,,2608071730,,,,,,,,,,,0.0,0.0
6295831457013207177-2608071646-4,7747,2608071700,2608071700,4,,S,S1,Stuttgart-Vaihingen|Stuttgart-Rohr|Goldberg(Württ),8001055,Böblingen,Baden-Württemberg,Böblingen,71034,9.004531864,48.68784871,3,2608071700,,2608071701,,,,,,,,,,,0.0,1.0
7308276910806625713-2608071705-1,8136,,2608071705,,,WEG,RB46,,8001055,Böblingen,Baden-Württemberg,Böblingen,71034,9.004531864,48.68784871,3,,,2608071705,,,,,,,,,,,0.0,0.0
4751850562735659445-2608071733-1,28490,,2608071733,,,RE,RESB,,8001055,Böblingen,Baden-Württemberg,Böblingen,71034,9.004531864,48.68784871,3,,,2608071733,,h,1,Störung,,,,,,c,0.0,0.0
-7991410752235155488-2608071735-1,8140,,2608071735,,,WEG,RB46,,8001055,Böblingen,Baden-Württemberg,Böblingen,71034,9.004531864,48.68784871,3,,,2608071735,,,,,,,,,,,0.0,0.0
4482417414370181234-2608071701-3,28491,2608071726,,2,,RE,,Stuttgart Hbf|Stuttgart-Vaihingen,8001055,Böblingen,Baden-Württemberg,Böblingen,71034,9.004531864,48.68784871,3,2608071746,,,,h,1,Störung,,,,,c,,20.0,0.0
-3640510063578194066-2608071617-15,17664,2608071720,2608071721,2,,RE,RE14b,Freudenstadt Hbf|Grüntal-Wittlensweiler|Dornstetten-Aach|Dornstetten|Schopfloch(b Freudenstadt)|Bittelbronn|Horb-Heiligenfeld|Hochdorf(b Horb)|Eutingen Nord|Eutingen im Gäu|Ergenzingen|Bondorf(b Herrenberg)|Gäufelden|Herrenberg,8001055,Böblingen,Baden-Württemberg,Böblingen,71034,9.004531864,48.68784871,3,2608071725,,2608071727,,,,,,,,,,,5.0,6.0
-193680393512143758-2608071638-16,7050,2608071726,,5,,S,,Stuttgart-Feuerbach|Stuttgart-Zuffenhausen|Neuwirtshaus(Porscheplatz)|Korntal|Weilimdorf|Ditzingen|Höfingen|Leonberg|Rutesheim|Renningen|Renningen Süd|Magstadt|Maichingen Nord|Maichingen|Sindelfingen,8001055,Böblingen,Baden-Württemberg,Böblingen,71034,9.004531864,48.68784871,3,2608071729,,,,,,,,,,,,,3.0,0.0
2741005000446898474-2608071712-1,17657,,2608071712,,,RB,RB14a,,8001055,Böblingen,Baden-Württemberg,Böblingen,71034,9.004531864,48.68784871,3,,,2608071712,5,,,,,,,,,,0.0,0.0
-9029882139941759741-2608071716-6,7752,2608071730,2608071730,3,,S,S1,Herrenberg|Nufringen|Gärtringen|Ehningen(b Böblingen)|Hulb,8001055,Böblingen,Baden-Württemberg,Böblingen,71034,9.004531864,48.68784871,3,2608071732,,2608071733,,,,,,,,,,,2.0,3.0
3526721697398069716-2608071704-1,7049,,2608071704,,,S,S60,,8001055,Böblingen,Baden-Württemberg,Böblingen,71034,9.004531864,48.68784871,3,,,2608071704,,,,,,,,,,,0.0,0.0
-106780477750529587-2608071734-1,7051,,2608071734,,,S,S60,,8001055,Böblingen,Baden-Württemberg,Böblingen,71034,9.004531864,48.68784871,3,,,2608071734,,,,,,,,,,,0.0,0.0
-4971194463444983518-2608071641-6,17660,2608071707,,4,,RE,,Eutingen im Gäu|Ergenzingen|Bondorf(b Herrenberg)|Gäufelden|Herrenberg,8001055,Böblingen,Baden-Württemberg,Böblingen,71034,9.004531864,48.68784871,3,2608071707,5,,,,,,,,,,,,0.0,0.0
4850220163613535524-2608071602-10,17662,2608071720,2608071721,2,,RE,RE14a,Rottweil|Oberndorf(Neckar)|Sulz(Neckar)|Horb|Eutingen im Gäu|Ergenzingen|Bondorf(b Herrenberg)|Gäufelden|Herrenberg,8001055,Böblingen,Baden-Württemberg,Böblingen,71034,9.004531864,48.68784871,3,2608071725,,2608071727,,,,,,,,,,,5.0,6.0
414624344462692519-2608071702-12,8137,2608071725,,1,,WEG,,Dettenhausen|Weil im Schönbuch Untere Halde|Weil im Schönbuch Röte|Weil im Schönbuch Troppel|Holzgerlingen Buch|Holzgerlingen Bf|Holzgerlingen Hülben|Böblingen Zimmerschlag|Böblingen Heusteigstr|Böblingen Südbf|Böblingen Danziger Str,8001055,Böblingen,Baden-Württemberg,Böblingen,71034,9.004531864,48.68784871,3,2608071725,,,,,,,,,,,,,0.0,0.0
-2961287277413204621-2608071708-16,7052,2608071756,,5,,S,,Stuttgart-Feuerbach|Stuttgart-Zuffenhausen|Neuwirtshaus(Porscheplatz)|Korntal|Weilimdorf|Ditzingen|Höfingen|Leonberg|Rutesheim|Renningen|Renningen Süd|Magstadt|Maichingen Nord|Maichingen|Sindelfingen,8001055,Böblingen,Baden-Württemberg,Böblingen,71034,9.004531864,48.68784871,3,2608071756,,,,,,,,,,,,,0.0,0.0
-7101481629715291400-2608071646-6,7750,2608071700,2608071700,3,,S,S1,Herrenberg|Nufringen|Gärtringen|Ehningen(b Böblingen)|Hulb,8001055,Böblingen,Baden-Württemberg,Böblingen,71034,9.004531864,48.68784871,3,2608071700,,2608071701,,,,,,,,,,,0.0,1.0
7320244864426596786-2608071733-2,7453,2608071737,2608071738,1,,S,S4,Backnang,8001296,Burgstall (Murr),Baden-Württemberg,Burgstetten,71576,9.36973562,48.92851826,6,2608071737,,2608071738,,,,,,,,,,,0.0,0.0
6027149644914886165-2608071637-13,7444,2608071717,2608071717,1,,S,S4,Stuttgart Hbf|Stuttgart Nordbahnhof|Stuttgart-Feuerbach|Stuttgart-Zuffenhausen|Kornwestheim Pbf|Ludwigsburg|Favoritepark|Freiberg(Neckar)|Benningen(Neckar)|Marbach(Neckar)|Erdmannhausen|Kirchberg(Murr),8001296,Burgstall (Murr),Baden-Württemberg,Burgstetten,71576,9.36973562,48.92851826,6,2608071717,,2608071717,,,,,,,,,,,0.0,0.0
3775348367385191971-2608071707-13,7446,2608071747,2608071747,1,,S,S4,Stuttgart Hbf|Stuttgart Nordbahnhof|Stuttgart-Feuerbach|Stuttgart-Zuffenhausen|Kornwestheim Pbf|Ludwigsburg|Favoritepark|Freiberg(Neckar)|Benningen(Neckar)|Marbach(Neckar)|Erdmannhausen|Kirchberg(Murr),8001296,Burgstall (Murr),Baden-Württemberg,Burgstetten,71576,9.36973562,48.92851826,6,2608071747,,2608071747,,,,,,,,,,,0.0,0.0
156206222396100406-2608071703-2,7451,2608071707,2608071708,1,,S,S4,Backnang,8001296,Burgstall (Murr),Baden-Württemberg,Burgstetten,71576,9.36973562,48.92851826,6,2608071708,,2608071708,,,,,,,,,,,1.0,0.0
-3086228637643871650-2608071647-8,7646,2608071706,2608071706,2,,S,S6,Stuttgart Hbf|Stuttgart Nordbahnhof|Stuttgart-Feuerbach|Stuttgart-Zuffenhausen|Neuwirtshaus(Porscheplatz)|Korntal|Weilimdorf,8001476,Ditzingen,Baden-Württemberg,Ditzingen,71254,9.067095186,48.82358726,4,2608071706,,2608071706,,,,,,,,,,,0.0,0.0
-1939283154746192380-2608071733-7,7653,2608071754,2608071754,3,,S,S6,Weil der Stadt|Malmsheim|Renningen|Rutesheim|Leonberg|Höfingen,8001476,Ditzingen,Baden-Württemberg,Ditzingen,71254,9.067095186,48.82358726,4,2608071754,,2608071754,,,,,,,,,,,0.0,0.0
3526721697398069716-2608071704-11,7049,2608071739,2608071739,3,,S,S60,Böblingen|Sindelfingen|Maichingen|Maichingen Nord|Magstadt|Renningen Süd|Renningen|Rutesheim|Leonberg|Höfingen,8001476,Ditzingen,Baden-Württemberg,Ditzingen,71254,9.067095186,48.82358726,4,2608071739,,2608071739,,,,,,,,,,,0.0,0.0
-5724428013844966523-2608071703-7,7651,2608071724,2608071724,3,,S,S6,Weil der Stadt|Malmsheim|Renningen|Rutesheim|Leonberg|Höfingen,8001476,Ditzingen,Baden-Württemberg,Ditzingen,71254,9.067095186,48.82358726,4,2608071724,,2608071724,,,,,,,,,,,0.0,0.0
6913806927060813312-2608071738-6,7054,2608071751,2608071751,2,,S,S60,Stuttgart-Feuerbach|Stuttgart-Zuffenhausen|Neuwirtshaus(Porscheplatz)|Korntal|Weilimdorf,8001476,Ditzingen,Baden-Württemberg,Ditzingen,71254,9.067095186,48.82358726,4,2608071751,,2608071751,,,,,,,,,,,0.0,0.0
3052355004880075210-2608071634-11,7047,2608071709,2608071709,3,,S,S60,Böblingen|Sindelfingen|Maichingen|Maichingen Nord|Magstadt|Renningen Süd|Renningen|Rutesheim|Leonberg|Höfingen,8001476,Ditzingen,Baden-Württemberg,Ditzingen,71254,9.067095186,48.82358726,4,2608071709,,2608071709,,,,,,,,,,,0.0,0.0
-639969770733858063-2608071717-8,7648,2608071736,2608071736,2,,S,S6,Stuttgart Hbf|Stuttgart Nordbahnhof|Stuttgart-Feuerbach|Stuttgart-Zuffenhausen|Neuwirtshaus(Porscheplatz)|Korntal|Weilimdorf,8001476,Ditzingen,Baden-Württemberg,Ditzingen,71254,9.067095186,48.82358726,4,2608071736,,2608071736,,,,,,,,,,,0.0,0.0
-2961287277413204621-2608071708-6,7052,2608071721,2608071721,2,,S,S60,Stuttgart-Feuerbach|Stuttgart-Zuffenhausen|Neuwirtshaus(Porscheplatz)|Korntal|Weilimdorf,8001476,Ditzingen,Baden-Württemberg,Ditzingen,71254,9.067095186,48.82358726,4,2608071721,,2608071721,,,,,,,,,,,0.0,0.0
4876652056814242716-2608071735-5,7951,2608071749,2608071750,1,,S,S2,Stuttgart-Vaihingen|Stuttgart-Rohr|Oberaichen|Leinfelden,8001650,Echterdingen,Baden-Württemberg,Echterdingen,70771,9.169307175,48.69214787,4,2608071752,,2608071753,,,,,,,,,,,3.0,3.0
541475861985135124-2608071703-3,7948,2608071710,2608071710,2,,S,S2,Filderstadt|Stuttgart Flughafen/Messe,8001650,Echterdingen,Baden-Württemberg,Echterdingen,70771,9.169307175,48.69214787,4,2608071710,,2608071710,,,,,,,,,,,0.0,0.0
7852975875200642402-2608071705-5,7949,2608071719,2608071720,1,,S,S2,Stuttgart-Vaihingen|Stuttgart-Rohr|Oberaichen|Leinfelden,8001650,Echterdingen,Baden-Württemberg,Echterdingen,70771,9.169307175,48.69214787,4,2608071719,,2608071720,,,,,,,,,,,0.0,0.0
8984400451337602674-2608071733-3,7950,2608071740,2608071740,2,,S,S2,Filderstadt|Stuttgart Flughafen/Messe,8001650,Echterdingen,Baden-Württemberg,Echterdingen,70771,9.169307175,48.69214787,4,2608071740,,2608071740,,,,,,,,,,,0.0,0.0
-919200684050965817-2608071716-6,7749,2608071735,2608071735,2,,S,S1,Stuttgart-Vaihingen|Stuttgart-Rohr|Goldberg(Württ)|Böblingen|Hulb,8001689,Ehningen (b Böblingen),Baden-Württemberg,Ehningen,71139,8.944310368,48.66275549,4,2608071735,,2608071735,,,,,,,,,,,0.0,0.0
6295831457013207177-2608071646-6,7747,2608071705,2608071705,2,,S,S1,Stuttgart-Vaihingen|Stuttgart-Rohr|Goldberg(Württ)|Böblingen|Hulb,8001689,Ehningen (b Böblingen),Baden-Württemberg,Ehningen,71139,8.944310368,48.66275549,4,2608071705,,2608071706,,,,,,,,,,,0.0,1.0
8261134970288832371-2608071746-4,7754,2608071755,2608071755,1,,S,S1,Herrenberg|Nufringen|Gärtringen,8001689,Ehningen (b Böblingen),Baden-Württemberg,Ehningen,71139,8.944310368,48.66275549,4,2608071755,,2608071756,,,,,,,,,,,0.0,1.0
-9029882139941759741-2608071716-4,7752,2608071725,2608071725,1,,S,S1,Herrenberg|Nufringen|Gärtringen,8001689,Ehningen (b Böblingen),Baden-Württemberg,Ehningen,71139,8.944310368,48.66275549,4,2608071727,,2608071728,,,,,,,,,,,2.0,3.0
830627416811346853-2608071733-7,7253,2608071747,2608071747,3,,S,S2,Schorndorf|Weiler(Rems)|Winterbach(b Schorndorf)|Geradstetten|Grunbach|Beutelsbach,8001785,Endersbach,Baden-Württemberg,Weinstadt,71384,9.370192421,48.81317323,4,2608071748,,2608071749,,h,1,Bauarbeiten,,,,,,,1.0,2.0
-4644515304619211385-2608071720-9,7248,2608071741,2608071741,2,,S,S2,Stuttgart Hbf|Stuttgart-Bad Cannstatt|Stuttgart Nürnberger Str.|Stuttgart-Sommerrain|Fellbach|Waiblingen|Rommelshausen|Stetten-Beinstein,8001785,Endersbach,Baden-Württemberg,Weinstadt,71384,9.370192421,48.81317323,4,2608071746,,2608071747,,h,1,Bauarbeiten,,,,,,,5.0,6.0
7369273237182260533-2608071650-9,7246,2608071711,2608071711,2,,S,S2,Stuttgart Hbf|Stuttgart-Bad Cannstatt|Stuttgart Nürnberger Str.|Stuttgart-Sommerrain|Fellbach|Waiblingen|Rommelshausen|Stetten-Beinstein,8001785,Endersbach,Baden-Württemberg,Weinstadt,71384,9.370192421,48.81317323,4,2608071716,,2608071716,,h,1,Bauarbeiten,,,,,,,5.0,5.0
-5832640759932011953-2608071703-7,7251,2608071717,2608071717,3,,S,S2,Schorndorf|Weiler(Rems)|Winterbach(b Schorndorf)|Geradstetten|Grunbach|Beutelsbach,8001785,Endersbach,Baden-Württemberg,Weinstadt,71384,9.370192421,48.81317323,4,2608071717,,2608071718,,h,1,Bauarbeiten,,,,,,,0.0,1.0
7320244864426596786-2608071733-4,7453,2608071747,2608071748,1,,S,S4,Backnang|Burgstall(Murr)|Kirchberg(Murr),8001827,Erdmannhausen,Baden-Württemberg,Erdmannhausen,71729,9.298930848,48.9483447,6,2608071748,,2608071748,,,,,,,,,,,1.0,0.0
6027149644914886165-2608071637-11,7444,2608071710,2608071710,1,,S,S4,Stuttgart Hbf|Stuttgart Nordbahnhof|Stuttgart-Feuerbach|Stuttgart-Zuffenhausen|Kornwestheim Pbf|Ludwigsburg|Favoritepark|Freiberg(Neckar)|Benningen(Neckar)|Marbach(Neckar),8001827,Erdmannhausen,Baden-Württemberg,Erdmannhausen,71729,9.298930848,48.9483447,6,2608071710,,2608071711,,,,,,,,,,,0.0,1.0
3775348367385191971-2608071707-11,7446,2608071740,2608071740,1,,S,S4,Stuttgart Hbf|Stuttgart Nordbahnhof|Stuttgart-Feuerbach|Stuttgart-Zuffenhausen|Kornwestheim Pbf|Ludwigsburg|Favoritepark|Freiberg(Neckar)|Benningen(Neckar)|Marbach(Neckar),8001827,Erdmannhausen,Baden-Württemberg,Erdmannhausen,71729,9.298930848,48.9483447,6,2608071740,,2608071741,,,,,,,,,,,0.0,1.0
156206222396100406-2608071703-4,7451,2608071717,2608071718,1,,S,S4,Backnang|Burgstall(Murr)|Kirchberg(Murr),8001827,Erdmannhausen,Baden-Württemberg,Erdmannhausen,71729,9.298930848,48.9483447,6,2608071717,,2608071718,,,,,,,,,,,0.0,0.0
-7750129743989667706-2608071705-9,19240,2608071754,2608071755,3,,RB,MEX12,Tübingen Hbf|Reutlingen Hbf|Metzingen(Württ)|Bempflingen|Nürtingen|Oberboihingen|Wendlingen(Neckar)|Plochingen,8001920,Esslingen (Neckar),Baden-Württemberg,Esslingen am Neckar,73728,9.300578149,48.73854148,3,2608071754,7,2608071755,7,h,2,Information,,,,,,,0.0,0.0
1162876063810022739-2608071610-6,1291,2608071758,2608071800,5,,ICE,,Frankfurt(Main)Hbf|Darmstadt Hbf|Bensheim|Weinheim(Bergstr)Hbf|Heidelberg Hbf,8001920,Esslingen (Neckar),Baden-Württemberg,Esslingen am Neckar,73728,9.300578149,48.73854148,3,2608071800,,2608071802,,h,1,Störung,,,,,,,2.0,2.0
4181353259517315832-2608071720-9,7153,2608071747,2608071747,7,,S,S1,Kirchheim(Teck)|Kirchheim(Teck)-Ötlingen|Wendlingen(Neckar)|Wernau(Neckar)|Plochingen|Altbach|Esslingen-Zell|Oberesslingen,8001920,Esslingen (Neckar),Baden-Württemberg,Esslingen am Neckar,73728,9.300578149,48.73854148,3,2608071747,,2608071747,,,,,,,,,,,0.0,0.0
8564432605510706771-2608071409-9,1011,2608071748,2608071752,6,,ICE,,Dortmund Hbf|Essen Hbf|Duisburg Hbf|Düsseldorf Hbf|Köln Messe/Deutz Gl.11-12|Frankfurt(M) Flughafen Fernbf|Mannheim Hbf|Vaihingen(Enz),8001920,Esslingen (Neckar),Baden-Württemberg,Esslingen am Neckar,73728,9.300578149,48.73854148,3,2608071806,,2608071808,,h,2,Information,,,,,,,18.0,16.0
5396027604609355527-2608071630-10,19327,2608071734,2608071735,6,,RB,MEX18,Heilbronn Hbf|Nordheim(Württ)|Lauffen(Neckar)|Kirchheim(Neckar)|Walheim(Württ)|Besigheim|Bietigheim-Bissingen|Ludwigsburg|Kornwestheim Pbf,8001920,Esslingen (Neckar),Baden-Württemberg,Esslingen am Neckar,73728,9.300578149,48.73854148,3,2608071736,5,2608071737,5,h,2,Störung,,,,,,,2.0,2.0
8745282494272285255-2608071737-2,4227,2608071745,2608071747,5,,RE,RE5,Stuttgart Hbf,8001920,Esslingen (Neckar),Baden-Württemberg,Esslingen am Neckar,73728,9.300578149,48.73854148,3,2608071747,,2608071748,,h,2,Störung,,,,,,,2.0,1.0
-8876503728725690154-2608071000-23,116,2608071751,2608071758,2,,ICE,,Graz Hbf|Kühnsdorf-Klopeiner See|Klagenfurt Hbf|Pörtschach am Wörther See|Velden am Wörther See|Villach Hbf|Spittal-Millstätter See|Mallnitz-Obervellach|Bad Gastein|Schwarzach-St.Veit|St. Johann im Pongau|Bischofshofen|Golling-Abtenau|Salzburg Hbf|Freilassing|Traunstein|Rosenheim|München Ost|München-Pasing|Augsburg Hbf|Günzburg|Ulm Hbf,8001920,Esslingen (Neckar),Baden-Württemberg,Esslingen am Neckar,73728,9.300578149,48.73854148,3,2608071756,3,2608071758,3,h,2,Information,,,,,,,5.0,0.0
6545920883284265924-2608071703-3,19159,2608071717,2608071720,5,,ARV,16,Stuttgart Hbf|Stuttgart-Bad Cannstatt,8001920,Esslingen (Neckar),Baden-Württemberg,Esslingen am Neckar,73728,9.300578149,48.73854148,3,2608071716,6,2608071722,6,,,,,,,,,,-1.0,2.0
-6841920708223376135-2608071503-12,4222,2608071709,2608071710,3,,RE,RE5,Friedrichshafen Stadt|Meckenbeuren|Ravensburg|Aulendorf|Bad Schussenried|Biberach(Riß)|Laupheim West|Ulm Hbf|Geislingen(Steige)|Göppingen|Plochingen,8001920,Esslingen (Neckar),Baden-Württemberg,Esslingen am Neckar,73728,9.300578149,48.73854148,3,2608071712,,2608071714,,h,2,Störung,,,,,,,3.0,4.0
-7734078232361227040-2608071655-7,7148,2608071712,2608071713,8,,S,S1,Stuttgart Hbf|Stuttgart-Bad Cannstatt|Stuttgart Neckarpark|Stuttgart-Untertürkheim|Stuttgart-Obertürkheim|Esslingen-Mettingen,8001920,Esslingen (Neckar),Baden-Württemberg,Esslingen am Neckar,73728,9.300578149,48.73854148,3,2608071714,,2608071715,,,,,,,,,,,2.0,2.0
-5903887693212780403-2608071742-3,19161,2608071753,2608071754,5,,ARV,16,Stuttgart Hbf|Stuttgart-Bad Cannstatt,8001920,Esslingen (Neckar),Baden-Württemberg,Esslingen am Neckar,73728,9.300578149,48.73854148,3,2608071754,,2608071757,,,,,,,,,,,1.0,3.0
7555921604632072960-2608071648-14,19158,2608071740,2608071740,3,,ARV,16,Geislingen(Steige)|Geislingen(Steige)West|Kuchen|Gingen(Fils)|Süßen|Salach|Eislingen(Fils)|Göppingen|Faurndau|Uhingen|Ebersbach(Fils)|Reichenbach(Fils)|Plochingen,8001920,Esslingen (Neckar),Baden-Württemberg,Esslingen am Neckar,73728,9.300578149,48.73854148,3,2608071740,,2608071742,,,,,,,,,,,0.0,2.0
29457582318319648-2608071725-7,7150,2608071742,2608071743,8,,S,S1,Stuttgart Hbf|Stuttgart-Bad Cannstatt|Stuttgart Neckarpark|Stuttgart-Untertürkheim|Stuttgart-Obertürkheim|Esslingen-Mettingen,8001920,Esslingen (Neckar),Baden-Württemberg,Esslingen am Neckar,73728,9.300578149,48.73854148,3,2608071743,,2608071744,,,,,,,,,,,1.0,1.0
-7759827436146803415-2608071605-4,569,2608071658,2608071700,5,,ICE,,Karlsruhe Hbf|Bruchsal|Vaihingen(Enz),8001920,Esslingen (Neckar),Baden-Württemberg,Esslingen am Neckar,73728,9.300578149,48.73854148,3,,,,,,,,,,,,c,c,0.0,0.0
713199971080468435-2608071650-9,7151,2608071717,2608071717,7,,S,S1,Kirchheim(Teck)|Kirchheim(Teck)-Ötlingen|Wendlingen(Neckar)|Wernau(Neckar)|Plochingen|Altbach|Esslingen-Zell|Oberesslingen,8001920,Esslingen (Neckar),Baden-Württemberg,Esslingen am Neckar,73728,9.300578149,48.73854148,3,2608071717,,2608071718,,,,,,,,,,,0.0,1.0
-2139307512104856629-2608071557-11,19231,2608071704,2608071705,6,,RB,MEX12,Heilbronn Hbf|Nordheim(Württ)|Lauffen(Neckar)|Kirchheim(Neckar)|Walheim(Württ)|Besigheim|Bietigheim-Bissingen|Ludwigsburg|Stuttgart Hbf|Stuttgart-Bad Cannstatt,8001920,Esslingen (Neckar),Baden-Württemberg,Esslingen am Neckar,73728,9.300578149,48.73854148,3,2608071708,8,2608071708,8,h,2,Information,,,,,,,4.0,3.0
7790582259620445586-2608071713-2,19328,2608071722,2608071723,3,,RB,MEX18,Plochingen,8001920,Esslingen (Neckar),Baden-Württemberg,Esslingen am Neckar,73728,9.300578149,48.73854148,3,2608071721,2,2608071723,2,h,2,Störung,,,,,,,-1.0,0.0
-6869650552962585885-2608071502-5,562,2608071658,2608071701,2,,ICE,,München Hbf|München-Pasing|Augsburg Hbf|Ulm Hbf,8001920,Esslingen (Neckar),Baden-Württemberg,Esslingen am Neckar,73728,9.300578149,48.73854148,3,2608071706,3,2608071709,3,h,2,Information,,,,,,,8.0,8.0
907907202764772803-2608071546-20,19156,2608071704,2608071705,3,,ARV,16,Ulm Hbf|Beimerstetten|Westerstetten|Lonsee|Urspring|Amstetten(Württ)|Geislingen(Steige)|Geislingen(Steige)West|Kuchen|Gingen(Fils)|Süßen|Salach|Eislingen(Fils)|Göppingen|Faurndau|Uhingen|Ebersbach(Fils)|Reichenbach(Fils)|Plochingen,8001920,Esslingen (Neckar),Baden-Württemberg,Esslingen am Neckar,73728,9.300578149,48.73854148,3,2608071704,2,2608071705,2,,,,,,,,,,0.0,0.0
4181353259517315832-2608071720-10,7153,2608071749,2608071750,3,,S,S1,Kirchheim(Teck)|Kirchheim(Teck)-Ötlingen|Wendlingen(Neckar)|Wernau(Neckar)|Plochingen|Altbach|Esslingen-Zell|Oberesslingen|Esslingen(Neckar),8001921,Esslingen-Mettingen,Baden-Württemberg,Esslingen am Neckar,73733,9.275799007,48.74696655,3,2608071749,,2608071750,,,,,,,,,,,0.0,0.0
-7734078232361227040-2608071655-6,7148,2608071709,2608071709,4,,S,S1,Stuttgart Hbf|Stuttgart-Bad Cannstatt|Stuttgart Neckarpark|Stuttgart-Untertürkheim|Stuttgart-Obertürkheim,8001921,Esslingen-Mettingen,Baden-Württemberg,Esslingen am Neckar,73733,9.275799007,48.74696655,3,2608071712,,2608071712,,,,,,,,,,,3.0,3.0
29457582318319648-2608071725-6,7150,2608071739,2608071739,4,,S,S1,Stuttgart Hbf|Stuttgart-Bad Cannstatt|Stuttgart Neckarpark|Stuttgart-Untertürkheim|Stuttgart-Obertürkheim,8001921,Esslingen-Mettingen,Baden-Württemberg,Esslingen am Neckar,73733,9.275799007,48.74696655,3,2608071741,,2608071742,,,,,,,,,,,2.0,3.0
713199971080468435-2608071650-10,7151,2608071719,2608071720,3,,S,S1,Kirchheim(Teck)|Kirchheim(Teck)-Ötlingen|Wendlingen(Neckar)|Wernau(Neckar)|Plochingen|Altbach|Esslingen-Zell|Oberesslingen|Esslingen(Neckar),8001921,Esslingen-Mettingen,Baden-Württemberg,Esslingen am Neckar,73733,9.275799007,48.74696655,3,2608071719,,2608071720,,,,,,,,,,,0.0,0.0
4181353259517315832-2608071720-7,7153,2608071742,2608071742,3,,S,S1,Kirchheim(Teck)|Kirchheim(Teck)-Ötlingen|Wendlingen(Neckar)|Wernau(Neckar)|Plochingen|Altbach,8006642,Esslingen-Zell,Baden-Württemberg,Esslingen am Neckar,73730,9.359739507,48.72436142,3,2608071742,,2608071742,,,,,,,,,,,0.0,0.0
-7734078232361227040-2608071655-9,7148,2608071717,2608071718,4,,S,S1,Stuttgart Hbf|Stuttgart-Bad Cannstatt|Stuttgart Neckarpark|Stuttgart-Untertürkheim|Stuttgart-Obertürkheim|Esslingen-Mettingen|Esslingen(Neckar)|Oberesslingen,8006642,Esslingen-Zell,Baden-Württemberg,Esslingen am Neckar,73730,9.359739507,48.72436142,3,2608071720,,2608071720,,,,,,,,,,,3.0,2.0
29457582318319648-2608071725-9,7150,2608071747,2608071748,4,,S,S1,Stuttgart Hbf|Stuttgart-Bad Cannstatt|Stuttgart Neckarpark|Stuttgart-Untertürkheim|Stuttgart-Obertürkheim|Esslingen-Mettingen|Esslingen(Neckar)|Oberesslingen,8006642,Esslingen-Zell,Baden-Württemberg,Esslingen am Neckar,73730,9.359739507,48.72436142,3,2608071748,,2608071749,,,,,,,,,,,1.0,1.0
713199971080468435-2608071650-7,7151,2608071712,2608071712,3,,S,S1,Kirchheim(Teck)|Kirchheim(Teck)-Ötlingen|Wendlingen(Neckar)|Wernau(Neckar)|Plochingen|Altbach,8006642,Esslingen-Zell,Baden-Württemberg,Esslingen am Neckar,73730,9.359739507,48.72436142,3,2608071712,,2608071712,,,,,,,,,,,0.0,0.0
-2025878135877216684-2608071737-7,7448,2608071756,2608071756,1,,S,S4,Stuttgart Hbf|Stuttgart Nordbahnhof|Stuttgart-Feuerbach|Stuttgart-Zuffenhausen|Kornwestheim Pbf|Ludwigsburg,8001967,Favoritepark,Baden-Württemberg,Ludwigsburg,71634,9.180574277,48.90948451,5,2608071758,,2608071758,,,,,,,,,,,2.0,2.0
3775348367385191971-2608071707-7,7446,2608071726,2608071726,1,,S,S4,Stuttgart Hbf|Stuttgart Nordbahnhof|Stuttgart-Feuerbach|Stuttgart-Zuffenhausen|Kornwestheim Pbf|Ludwigsburg,8001967,Favoritepark,Baden-Württemberg,Ludwigsburg,71634,9.180574277,48.90948451,5,2608071726,,2608071727,,,,,,,,,,,0.0,1.0
156206222396100406-2608071703-8,7451,2608071733,2608071734,2,,S,S4,Backnang|Burgstall(Murr)|Kirchberg(Murr)|Erdmannhausen|Marbach(Neckar)|Benningen(Neckar)|Freiberg(Neckar),8001967,Favoritepark,Baden-Württemberg,Ludwigsburg,71634,9.180574277,48.90948451,5,2608071733,,2608071734,,,,,,,,,,,0.0,0.0
-6941686648187494295-2608071633-8,7449,2608071703,2608071704,2,,S,S4,Backnang|Burgstall(Murr)|Kirchberg(Murr)|Erdmannhausen|Marbach(Neckar)|Benningen(Neckar)|Freiberg(Neckar),8001967,Favoritepark,Baden-Württemberg,Ludwigsburg,71634,9.180574277,48.90948451,5,2608071703,,2608071705,,,,,,,,,,,0.0,1.0
830627416811346853-2608071733-11,7253,2608071757,2608071758,4,,S,S2,Schorndorf|Weiler(Rems)|Winterbach(b Schorndorf)|Geradstetten|Grunbach|Beutelsbach|Endersbach|Stetten-Beinstein|Rommelshausen|Waiblingen,8001974,Fellbach,Baden-Württemberg,Fellbach,70736,9.270645988,48.8202936,3,2608071800,,2608071801,,h,1,Bauarbeiten,,,,,,,3.0,3.0
-4644515304619211385-2608071720-5,7248,2608071731,2608071732,1,,S,S2,Stuttgart Hbf|Stuttgart-Bad Cannstatt|Stuttgart Nürnberger Str.|Stuttgart-Sommerrain,8001974,Fellbach,Baden-Württemberg,Fellbach,70736,9.270645988,48.8202936,3,2608071736,,2608071737,,h,1,Bauarbeiten,,,,,,,5.0,5.0
7318470911046356350-2608071711-8,7351,2608071732,2608071733,4,,S,S3,Backnang|Maubach|Nellmersbach|Winnenden|Schwaikheim|Neustadt-Hohenacker|Waiblingen,8001974,Fellbach,Baden-Württemberg,Fellbach,70736,9.270645988,48.8202936,3,2608071733,,2608071733,,,,,,,,,,,1.0,0.0
-7750715893784361563-2608071742-5,7350,2608071756,2608071757,1,,S,S3,Stuttgart Hbf|Stuttgart-Bad Cannstatt|Stuttgart Nürnberger Str.|Stuttgart-Sommerrain,8001974,Fellbach,Baden-Württemberg,Fellbach,70736,9.270645988,48.8202936,3,2608071756,,2608071757,,,,,,,,,,,0.0,0.0
3186631593996215666-2608071712-5,7348,2608071726,2608071727,1,,S,S3,Stuttgart Hbf|Stuttgart-Bad Cannstatt|Stuttgart Nürnberger Str.|Stuttgart-Sommerrain,8001974,Fellbach,Baden-Württemberg,Fellbach,70736,9.270645988,48.8202936,3,2608071726,,2608071727,,,,,,,,,,,0.0,0.0
7369273237182260533-2608071650-5,7246,2608071701,2608071702,1,,S,S2,Stuttgart Hbf|Stuttgart-Bad Cannstatt|Stuttgart Nürnberger Str.|Stuttgart-Sommerrain,8001974,Fellbach,Baden-Württemberg,Fellbach,70736,9.270645988,48.8202936,3,2608071701,,2608071702,,h,1,Bauarbeiten,,,,,,,0.0,0.0
-7819160470553148770-2608071641-8,7349,2608071702,2608071703,4,,S,S3,Backnang|Maubach|Nellmersbach|Winnenden|Schwaikheim|Neustadt-Hohenacker|Waiblingen,8001974,Fellbach,Baden-Württemberg,Fellbach,70736,9.270645988,48.8202936,3,2608071703,,2608071703,,,,,,,,,,,1.0,0.0
-5832640759932011953-2608071703-11,7251,2608071727,2608071728,4,,S,S2,Schorndorf|Weiler(Rems)|Winterbach(b Schorndorf)|Geradstetten|Grunbach|Beutelsbach|Endersbach|Stetten-Beinstein|Rommelshausen|Waiblingen,8001974,Fellbach,Baden-Württemberg,Fellbach,70736,9.270645988,48.8202936,3,2608071727,,2608071728,,h,1,Bauarbeiten,,,,,,,0.0,0.0
4876652056814242716-2608071735-6,7951,2608071752,2608071753,1,,S,S2,Stuttgart-Vaihingen|Stuttgart-Rohr|Oberaichen|Leinfelden|Echterdingen,8005768,Stuttgart Flughafen/Messe,Baden-Württemberg,Leinfelden-Echterdingen,70629,9.193411574,48.69075193,4,2608071755,,2608071755,,,,,,,,,,,3.0,2.0
541475861985135124-2608071703-2,7948,2608071707,2608071708,2,,S,S2,Filderstadt,8005768,Stuttgart Flughafen/Messe,Baden-Württemberg,Leinfelden-Echterdingen,70629,9.193411574,48.69075193,4,2608071707,,2608071708,,,,,,,,,,,0.0,0.0
7852975875200642402-2608071705-6,7949,2608071722,2608071723,1,,S,S2,Stuttgart-Vaihingen|Stuttgart-Rohr|Oberaichen|Leinfelden|Echterdingen,8005768,Stuttgart Flughafen/Messe,Baden-Württemberg,Leinfelden-Echterdingen,70629,9.193411574,48.69075193,4,2608071722,,2608071723,,,,,,,,,,,0.0,0.0
8984400451337602674-2608071733-2,7950,2608071737,2608071738,2,,S,S2,Filderstadt,8005768,Stuttgart Flughafen/Messe,Baden-Württemberg,Leinfelden-Echterdingen,70629,9.193411574,48.69075193,4,2608071737,,2608071738,,,,,,,,,,,0.0,0.0
-2025878135877216684-2608071737-8,7448,2608071759,2608071759,3,,S,S4,Stuttgart Hbf|Stuttgart Nordbahnhof|Stuttgart-Feuerbach|Stuttgart-Zuffenhausen|Kornwestheim Pbf|Ludwigsburg|Favoritepark,8002065,Freiberg (Neckar),Baden-Württemberg,Freiberg am Neckar,71691,9.197530085,48.92994974,5,2608071800,,2608071801,,,,,,,,,,,1.0,2.0
3775348367385191971-2608071707-8,7446,2608071729,2608071729,3,,S,S4,Stuttgart Hbf|Stuttgart Nordbahnhof|Stuttgart-Feuerbach|Stuttgart-Zuffenhausen|Kornwestheim Pbf|Ludwigsburg|Favoritepark,8002065,Freiberg (Neckar),Baden-Württemberg,Freiberg am Neckar,71691,9.197530085,48.92994974,5,2608071729,,2608071730,,,,,,,,,,,0.0,1.0
156206222396100406-2608071703-7,7451,2608071730,2608071731,2,,S,S4,Backnang|Burgstall(Murr)|Kirchberg(Murr)|Erdmannhausen|Marbach(Neckar)|Benningen(Neckar),8002065,Freiberg (Neckar),Baden-Württemberg,Freiberg am Neckar,71691,9.197530085,48.92994974,5,2608071730,,2608071731,,,,,,,,,,,0.0,0.0
-6941686648187494295-2608071633-7,7449,2608071700,2608071701,2,,S,S4,Backnang|Burgstall(Murr)|Kirchberg(Murr)|Erdmannhausen|Marbach(Neckar)|Benningen(Neckar),8002065,Freiberg (Neckar),Baden-Württemberg,Freiberg am Neckar,71691,9.197530085,48.92994974,5,2608071701,,2608071701,,,,,,,,,,,1.0,0.0
-919200684050965817-2608071716-7,7749,2608071738,2608071738,1,,S,S1,Stuttgart-Vaihingen|Stuttgart-Rohr|Goldberg(Württ)|Böblingen|Hulb|Ehningen(b Böblingen),8002165,Gärtringen,Baden-Württemberg,Gärtringen,71116,8.908864487,48.64080021,5,2608071738,,2608071739,,,,,,,,,,,0.0,1.0
6295831457013207177-2608071646-7,7747,2608071708,2608071708,1,,S,S1,Stuttgart-Vaihingen|Stuttgart-Rohr|Goldberg(Württ)|Böblingen|Hulb|Ehningen(b Böblingen),8002165,Gärtringen,Baden-Württemberg,Gärtringen,71116,8.908864487,48.64080021,5,2608071709,,2608071709,,,,,,,,,,,1.0,1.0
8261134970288832371-2608071746-3,7754,2608071752,2608071752,2,,S,S1,Herrenberg|Nufringen,8002165,Gärtringen,Baden-Württemberg,Gärtringen,71116,8.908864487,48.64080021,5,2608071752,,2608071753,,,,,,,,,,,0.0,1.0
-9029882139941759741-2608071716-3,7752,2608071722,2608071722,2,,S,S1,Herrenberg|Nufringen,8002165,Gärtringen,Baden-Württemberg,Gärtringen,71116,8.908864487,48.64080021,5,2608071725,,2608071725,,,,,,,,,,,3.0,3.0
830627416811346853-2608071733-4,7253,2608071740,2608071741,1,,S,S2,Schorndorf|Weiler(Rems)|Winterbach(b Schorndorf),8002240,Geradstetten,Baden-Württemberg,Remshalden,73630,9.439522346,48.80527689,5,2608071741,,2608071742,,h,1,Bauarbeiten,,,,,,,1.0,1.0
-4644515304619211385-2608071720-12,7248,2608071747,2608071747,2,,S,S2,Stuttgart Hbf|Stuttgart-Bad Cannstatt|Stuttgart Nürnberger Str.|Stuttgart-Sommerrain|Fellbach|Waiblingen|Rommelshausen|Stetten-Beinstein|Endersbach|Beutelsbach|Grunbach,8002240,Geradstetten,Baden-Württemberg,Remshalden,73630,9.439522346,48.80527689,5,2608071753,,2608071753,,h,1,Bauarbeiten,,,,,,,6.0,6.0
7369273237182260533-2608071650-12,7246,2608071717,2608071717,2,,S,S2,Stuttgart Hbf|Stuttgart-Bad Cannstatt|Stuttgart Nürnberger Str.|Stuttgart-Sommerrain|Fellbach|Waiblingen|Rommelshausen|Stetten-Beinstein|Endersbach|Beutelsbach|Grunbach,8002240,Geradstetten,Baden-Württemberg,Remshalden,73630,9.439522346,48.80527689,5,2608071722,,2608071722,,h,1,Bauarbeiten,,,,,,,5.0,5.0
-5832640759932011953-2608071703-4,7251,2608071710,2608071711,1,,S,S2,Schorndorf|Weiler(Rems)|Winterbach(b Schorndorf),8002240,Geradstetten,Baden-Württemberg,Remshalden,73630,9.439522346,48.80527689,5,2608071711,,2608071712,,h,1,Bauarbeiten,,,,,,,1.0,1.0
-919200684050965817-2608071716-3,7749,2608071728,2608071728,1,,S,S1,Stuttgart-Vaihingen|Stuttgart-Rohr,8005201,Goldberg,Baden-Württemberg,Böblingen,71032,9.019733387,48.69651581,5,2608071728,,2608071728,,,,,,,,,,,0.0,0.0
-9029882139941759741-2608071716-7,7752,2608071732,2608071732,2,,S,S1,Herrenberg|Nufringen|Gärtringen|Ehningen(b Böblingen)|Hulb|Böblingen,8005201,Goldberg,Baden-Württemberg,Böblingen,71032,9.019733387,48.69651581,5,2608071735,,2608071735,,,,,,,,,,,3.0,3.0
-7101481629715291400-2608071646-7,7750,2608071702,2608071702,2,,S,S1,Herrenberg|Nufringen|Gärtringen|Ehningen(b Böblingen)|Hulb|Böblingen,8005201,Goldberg,Baden-Württemberg,Böblingen,71032,9.019733387,48.69651581,5,2608071703,,2608071703,,,,,,,,,,,1.0,1.0
6013351493766036273-2608071746-3,7751,2608071758,2608071758,1,,S,S1,Stuttgart-Vaihingen|Stuttgart-Rohr,8005201,Goldberg,Baden-Württemberg,Böblingen,71032,9.019733387,48.69651581,5,2608071758,,2608071759,,,,,,,,,,,0.0,1.0
830627416811346853-2608071733-5,7253,2608071742,2608071743,2,,S,S2,Schorndorf|Weiler(Rems)|Winterbach(b Schorndorf)|Geradstetten,8002448,Grunbach,Baden-Württemberg,Remshalden,73630,9.419580601,48.810414,4,2608071743,,2608071744,,h,1,Bauarbeiten,,,,,,,1.0,1.0
-4644515304619211385-2608071720-11,7248,2608071745,2608071745,3,,S,S2,Stuttgart Hbf|Stuttgart-Bad Cannstatt|Stuttgart Nürnberger Str.|Stuttgart-Sommerrain|Fellbach|Waiblingen|Rommelshausen|Stetten-Beinstein|Endersbach|Beutelsbach,8002448,Grunbach,Baden-Württemberg,Remshalden,73630,9.419580601,48.810414,4,2608071751,,2608071751,,h,1,Bauarbeiten,,,,,,,6.0,6.0
7369273237182260533-2608071650-11,7246,2608071715,2608071715,3,,S,S2,Stuttgart Hbf|Stuttgart-Bad Cannstatt|Stuttgart Nürnberger Str.|Stuttgart-Sommerrain|Fellbach|Waiblingen|Rommelshausen|Stetten-Beinstein|Endersbach|Beutelsbach,8002448,Grunbach,Baden-Württemberg,Remshalden,73630,9.419580601,48.810414,4,2608071720,,2608071720,,h,1,Bauarbeiten,,,,,,,5.0,5.0
-5832640759932011953-2608071703-5,7251,2608071712,2608071713,2,,S,S2,Schorndorf|Weiler(Rems)|Winterbach(b Schorndorf)|Geradstetten,8002448,Grunbach,Baden-Württemberg,Remshalden,73630,9.419580601,48.810414,4,2608071713,,2608071714,,h,1,Bauarbeiten,,,,,,,1.0,1.0
-919200684050965817-2608071716-9,7749,2608071745,,3,,S,,Stuttgart-Vaihingen|Stuttgart-Rohr|Goldberg(Württ)|Böblingen|Hulb|Ehningen(b Böblingen)|Gärtringen|Nufringen,8002785,Herrenberg,Baden-Württemberg,Herrenberg,71083,8.862625253,48.59395697,3,2608071745,,,,,,,,,,,,,0.0,0.0
6295831457013207177-2608071646-9,7747,2608071715,,3,,S,,Stuttgart-Vaihingen|Stuttgart-Rohr|Goldberg(Württ)|Böblingen|Hulb|Ehningen(b Böblingen)|Gärtringen|Nufringen,8002785,Herrenberg,Baden-Württemberg,Herrenberg,71083,8.862625253,48.59395697,3,2608071715,,,,,,,,,,,,,0.0,0.0
-7846176311835415782-2608071641-10,22827,2608071711,,102,,RB,,Tübingen Hbf|Tübingen West|Unterjesingen Sandäcker|Unterjesingen Mitte|Pfäffingen|Entringen|Altingen(Württ)|Gültstein|Herrenberg Zwerchweg,8002785,Herrenberg,Baden-Württemberg,Herrenberg,71083,8.862625253,48.59395697,3,2608071711,,,,h,2,Information,,,,,,,0.0,0.0
-3640510063578194066-2608071617-14,17664,2608071710,2608071711,1,,RE,RE14b,Freudenstadt Hbf|Grüntal-Wittlensweiler|Dornstetten-Aach|Dornstetten|Schopfloch(b Freudenstadt)|Bittelbronn|Horb-Heiligenfeld|Hochdorf(b Horb)|Eutingen Nord|Eutingen im Gäu|Ergenzingen|Bondorf(b Herrenberg)|Gäufelden,8002785,Herrenberg,Baden-Württemberg,Herrenberg,71083,8.862625253,48.59395697,3,2608071715,,2608071716,,,,,,,,,,,5.0,5.0
4981779296497126590-2608071716-2,52381,2608071746,2608071747,4,,RE,IC87,Stuttgart Hbf,8002785,Herrenberg,Baden-Württemberg,Herrenberg,71083,8.862625253,48.59395697,3,2608071749,,2608071750,,h,2,Information,,,,,,,3.0,3.0
1012833420858194355-2608071749-1,22834,,2608071749,,,RB,RB63,,8002785,Herrenberg,Baden-Württemberg,Herrenberg,71083,8.862625253,48.59395697,3,,,2608071749,,h,2,Information,,,,,,,0.0,0.0
2741005000446898474-2608071712-2,17657,2608071721,2608071722,4,,RB,RB14a,Böblingen,8002785,Herrenberg,Baden-Württemberg,Herrenberg,71083,8.862625253,48.59395697,3,2608071721,,2608071722,,,,,,,,,,,0.0,0.0
8261134970288832371-2608071746-1,7754,,2608071746,,,S,S1,,8002785,Herrenberg,Baden-Württemberg,Herrenberg,71083,8.862625253,48.59395697,3,,,2608071746,,,,,,,,,,,0.0,0.0
-2263801718983010485-2608071716-2,2381,2608071746,2608071747,4,,IC,,Stuttgart Hbf,8002785,Herrenberg,Baden-Württemberg,Herrenberg,71083,8.862625253,48.59395697,3,2608071749,,2608071750,,h,1,Störung,,,,,,,3.0,3.0
7319921484407718420-2608071719-1,22828,,2608071719,,,RB,RB63,,8002785,Herrenberg,Baden-Württemberg,Herrenberg,71083,8.862625253,48.59395697,3,,,2608071720,,h,2,Information,,,,,,,0.0,1.0
-9029882139941759741-2608071716-1,7752,,2608071716,,,S,S1,,8002785,Herrenberg,Baden-Württemberg,Herrenberg,71083,8.862625253,48.59395697,3,,,2608071718,,,,,,,,,,,0.0,2.0
-3068038411339849705-2608071711-10,22833,2608071741,,102,,RB,,Tübingen Hbf|Tübingen West|Unterjesingen Sandäcker|Unterjesingen Mitte|Pfäffingen|Entringen|Altingen(Württ)|Gültstein|Herrenberg Zwerchweg,8002785,Herrenberg,Baden-Württemberg,Herrenberg,71083,8.862625253,48.59395697,3,2608071742,,,,h,2,Information,,,,,,,1.0,0.0
4850220163613535524-2608071602-9,17662,2608071710,2608071711,1,,RE,RE14a,Rottweil|Oberndorf(Neckar)|Sulz(Neckar)|Horb|Eutingen im Gäu|Ergenzingen|Bondorf(b Herrenberg)|Gäufelden,8002785,Herrenberg,Baden-Württemberg,Herrenberg,71083,8.862625253,48.59395697,3,2608071715,,2608071716,,,,,,,,,,,5.0,5.0
-3086228637643871650-2608071647-9,7646,2608071709,2608071709,2,,S,S6,Stuttgart Hbf|Stuttgart Nordbahnhof|Stuttgart-Feuerbach|Stuttgart-Zuffenhausen|Neuwirtshaus(Porscheplatz)|Korntal|Weilimdorf|Ditzingen,8002892,Höfingen,Baden-Württemberg,Leonberg,71229,9.026180834,48.81503436,5,2608071709,,2608071710,,,,,,,,,,,0.0,1.0
-1939283154746192380-2608071733-6,7653,2608071750,2608071751,1,,S,S6,Weil der Stadt|Malmsheim|Renningen|Rutesheim|Leonberg,8002892,Höfingen,Baden-Württemberg,Leonberg,71229,9.026180834,48.81503436,5,2608071750,,2608071752,,,,,,,,,,,0.0,1.0
3526721697398069716-2608071704-10,7049,2608071735,2608071736,1,,S,S60,Böblingen|Sindelfingen|Maichingen|Maichingen Nord|Magstadt|Renningen Süd|Renningen|Rutesheim|Leonberg,8002892,Höfingen,Baden-Württemberg,Leonberg,71229,9.026180834,48.81503436,5,2608071735,,2608071736,,,,,,,,,,,0.0,0.0
-5724428013844966523-2608071703-6,7651,2608071720,2608071721,1,,S,S6,Weil der Stadt|Malmsheim|Renningen|Rutesheim|Leonberg,8002892,Höfingen,Baden-Württemberg,Leonberg,71229,9.026180834,48.81503436,5,2608071720,,2608071721,,,,,,,,,,,0.0,0.0
6913806927060813312-2608071738-7,7054,2608071754,2608071754,2,,S,S60,Stuttgart-Feuerbach|Stuttgart-Zuffenhausen|Neuwirtshaus(Porscheplatz)|Korntal|Weilimdorf|Ditzingen,8002892,Höfingen,Baden-Württemberg,Leonberg,71229,9.026180834,48.81503436,5,2608071754,,2608071755,,,,,,,,,,,0.0,1.0
3052355004880075210-2608071634-10,7047,2608071705,2608071706,1,,S,S60,Böblingen|Sindelfingen|Maichingen|Maichingen Nord|Magstadt|Renningen Süd|Renningen|Rutesheim|Leonberg,8002892,Höfingen,Baden-Württemberg,Leonberg,71229,9.026180834,48.81503436,5,2608071705,,2608071706,,,,,,,,,,,0.0,0.0
-639969770733858063-2608071717-9,7648,2608071739,2608071739,2,,S,S6,Stuttgart Hbf|Stuttgart Nordbahnhof|Stuttgart-Feuerbach|Stuttgart-Zuffenhausen|Neuwirtshaus(Porscheplatz)|Korntal|Weilimdorf|Ditzingen,8002892,Höfingen,Baden-Württemberg,Leonberg,71229,9.026180834,48.81503436,5,2608071739,,2608071740,,,,,,,,,,,0.0,1.0
-2961287277413204621-2608071708-7,7052,2608071724,2608071724,2,,S,S60,Stuttgart-Feuerbach|Stuttgart-Zuffenhausen|Neuwirtshaus(Porscheplatz)|Korntal|Weilimdorf|Ditzingen,8002892,Höfingen,Baden-Württemberg,Leonberg,71229,9.026180834,48.81503436,5,2608071724,,2608071725,,,,,,,,,,,0.0,1.0
-919200684050965817-2608071716-5,7749,2608071732,2608071732,1,,S,S1,Stuttgart-Vaihingen|Stuttgart-Rohr|Goldberg(Württ)|Böblingen,8003022,Hulb,Baden-Württemberg,Böblingen-Hulb,71032,8.982396429,48.67924173,5,2608071732,,2608071732,,,,,,,,,,,0.0,0.0
6295831457013207177-2608071646-5,7747,2608071702,2608071702,1,,S,S1,Stuttgart-Vaihingen|Stuttgart-Rohr|Goldberg(Württ)|Böblingen,8003022,Hulb,Baden-Württemberg,Böblingen-Hulb,71032,8.982396429,48.67924173,5,2608071702,,2608071703,,,,,,,,,,,0.0,1.0
8261134970288832371-2608071746-5,7754,2608071758,2608071758,2,,S,S1,Herrenberg|Nufringen|Gärtringen|Ehningen(b Böblingen),8003022,Hulb,Baden-Württemberg,Böblingen-Hulb,71032,8.982396429,48.67924173,5,2608071758,,2608071759,,,,,,,,,,,0.0,1.0
-9029882139941759741-2608071716-5,7752,2608071728,2608071728,2,,S,S1,Herrenberg|Nufringen|Gärtringen|Ehningen(b Böblingen),8003022,Hulb,Baden-Württemberg,Böblingen-Hulb,71032,8.982396429,48.67924173,5,2608071730,,2608071731,,,,,,,,,,,2.0,3.0
4876652056814242716-2608071735-7,7951,2608071757,,1,,S,,Stuttgart-Vaihingen|Stuttgart-Rohr|Oberaichen|Leinfelden|Echterdingen|Stuttgart Flughafen/Messe,8001984,Filderstadt,Baden-Württemberg,Filderstadt,70794,9.217581315,48.67649151,5,2608071759,,,,,,,,,,,,,2.0,0.0
541475861985135124-2608071703-1,7948,,2608071703,,,S,S2,,8001984,Filderstadt,Baden-Württemberg,Filderstadt,70794,9.217581315,48.67649151,5,,,2608071704,,,,,,,,,,,0.0,1.0
7852975875200642402-2608071705-7,7949,2608071727,,1,,S,,Stuttgart-Vaihingen|Stuttgart-Rohr|Oberaichen|Leinfelden|Echterdingen|Stuttgart Flughafen/Messe,8001984,Filderstadt,Baden-Württemberg,Filderstadt,70794,9.217581315,48.67649151,5,2608071727,,,,,,,,,,,,,0.0,0.0
8984400451337602674-2608071733-1,7950,,2608071733,,,S,S2,,8001984,Filderstadt,Baden-Württemberg,Filderstadt,70794,9.217581315,48.67649151,5,,,2608071733,,,,,,,,,,,0.0,0.0
7320244864426596786-2608071733-3,7453,2608071742,2608071745,1,,S,S4,Backnang|Burgstall(Murr),8003266,Kirchberg (Murr),Baden-Württemberg,Kirchberg an der Murr,71737,9.328210283,48.93928182,6,2608071742,,2608071745,,,,,,,,,,,0.0,0.0
6027149644914886165-2608071637-12,7444,2608071713,2608071713,2,,S,S4,Stuttgart Hbf|Stuttgart Nordbahnhof|Stuttgart-Feuerbach|Stuttgart-Zuffenhausen|Kornwestheim Pbf|Ludwigsburg|Favoritepark|Freiberg(Neckar)|Benningen(Neckar)|Marbach(Neckar)|Erdmannhausen,8003266,Kirchberg (Murr),Baden-Württemberg,Kirchberg an der Murr,71737,9.328210283,48.93928182,6,2608071713,,2608071714,,,,,,,,,,,0.0,1.0
3775348367385191971-2608071707-12,7446,2608071743,2608071743,2,,S,S4,Stuttgart Hbf|Stuttgart Nordbahnhof|Stuttgart-Feuerbach|Stuttgart-Zuffenhausen|Kornwestheim Pbf|Ludwigsburg|Favoritepark|Freiberg(Neckar)|Benningen(Neckar)|Marbach(Neckar)|Erdmannhausen,8003266,Kirchberg (Murr),Baden-Württemberg,Kirchberg an der Murr,71737,9.328210283,48.93928182,6,2608071743,,2608071743,,,,,,,,,,,0.0,0.0
156206222396100406-2608071703-3,7451,2608071712,2608071715,1,,S,S4,Backnang|Burgstall(Murr),8003266,Kirchberg (Murr),Baden-Württemberg,Kirchberg an der Murr,71737,9.328210283,48.93928182,6,2608071712,,2608071715,,,,,,,,,,,0.0,0.0
4181353259517315832-2608071720-1,7153,,2608071720,,,S,S1,,8003280,Kirchheim (Teck),Baden-Württemberg,Kirchheim unter Teck,73230,9.443872422,48.64415981,4,,,2608071720,,,,,,,,,,,0.0,0.0
1890742567431507346-2608071625-15,7146,2608071709,,2,,S,,Stuttgart Hbf|Stuttgart-Bad Cannstatt|Stuttgart Neckarpark|Stuttgart-Untertürkheim|Stuttgart-Obertürkheim|Esslingen-Mettingen|Esslingen(Neckar)|Oberesslingen|Esslingen-Zell|Altbach|Plochingen|Wernau(Neckar)|Wendlingen(Neckar)|Kirchheim(Teck)-Ötlingen,8003280,Kirchheim (Teck),Baden-Württemberg,Kirchheim unter Teck,73230,9.443872422,48.64415981,4,2608071711,,,,,,,,,,,,,2.0,0.0
-7734078232361227040-2608071655-15,7148,2608071739,,2,,S,,Stuttgart Hbf|Stuttgart-Bad Cannstatt|Stuttgart Neckarpark|Stuttgart-Untertürkheim|Stuttgart-Obertürkheim|Esslingen-Mettingen|Esslingen(Neckar)|Oberesslingen|Esslingen-Zell|Altbach|Plochingen|Wernau(Neckar)|Wendlingen(Neckar)|Kirchheim(Teck)-Ötlingen,8003280,Kirchheim (Teck),Baden-Württemberg,Kirchheim unter Teck,73230,9.443872422,48.64415981,4,2608071742,,,,,,,,,,,,,3.0,0.0
3782211826500268266-2608071750-1,7155,,2608071750,,,S,S1,,8003280,Kirchheim (Teck),Baden-Württemberg,Kirchheim unter Teck,73230,9.443872422,48.64415981,4,,,2608071750,,,,,,,,,,,0.0,0.0
-1528853083656761721-2608071717-1,37975,,2608071717,,,RB,RB64,,8003280,Kirchheim (Teck),Baden-Württemberg,Kirchheim unter Teck,73230,9.443872422,48.64415981,4,,,2608071717,,,,,,,,,,,0.0,0.0
882003994546716644-2608071654-7,37974,2608071712,,1,,RB,,Oberlenningen|Unterlenningen|Brucken|Owen(Teck)|Dettingen(Teck)|Kirchheim(Teck)Süd,8003280,Kirchheim (Teck),Baden-Württemberg,Kirchheim unter Teck,73230,9.443872422,48.64415981,4,2608071712,,,,,,,,,,,,,0.0,0.0
4181353259517315832-2608071720-2,7153,2608071723,2608071723,1,,S,S1,Kirchheim(Teck),8003282,Kirchheim (Teck)-Ötlingen,Baden-Württemberg,Kirchheim unter Teck,73230,9.416261302,48.65782388,5,2608071723,,2608071724,,,,,,,,,,,0.0,1.0
1890742567431507346-2608071625-14,7146,2608071706,2608071707,1,,S,S1,Stuttgart Hbf|Stuttgart-Bad Cannstatt|Stuttgart Neckarpark|Stuttgart-Untertürkheim|Stuttgart-Obertürkheim|Esslingen-Mettingen|Esslingen(Neckar)|Oberesslingen|Esslingen-Zell|Altbach|Plochingen|Wernau(Neckar)|Wendlingen(Neckar),8003282,Kirchheim (Teck)-Ötlingen,Baden-Württemberg,Kirchheim unter Teck,73230,9.416261302,48.65782388,5,2608071708,,2608071709,,,,,,,,,,,2.0,2.0
-7734078232361227040-2608071655-14,7148,2608071737,2608071737,1,,S,S1,Stuttgart Hbf|Stuttgart-Bad Cannstatt|Stuttgart Neckarpark|Stuttgart-Untertürkheim|Stuttgart-Obertürkheim|Esslingen-Mettingen|Esslingen(Neckar)|Oberesslingen|Esslingen-Zell|Altbach|Plochingen|Wernau(Neckar)|Wendlingen(Neckar),8003282,Kirchheim (Teck)-Ötlingen,Baden-Württemberg,Kirchheim unter Teck,73230,9.416261302,48.65782388,5,2608071737,,2608071739,,,,,,,,,,,0.0,2.0
3782211826500268266-2608071750-2,7155,2608071753,2608071753,1,,S,S1,Kirchheim(Teck),8003282,Kirchheim (Teck)-Ötlingen,Baden-Württemberg,Kirchheim unter Teck,73230,9.416261302,48.65782388,5,2608071754,,2608071755,,,,,,,,,,,1.0,2.0
-3086228637643871650-2608071647-6,7646,2608071701,2608071701,1,,S,S6,Stuttgart Hbf|Stuttgart Nordbahnhof|Stuttgart-Feuerbach|Stuttgart-Zuffenhausen|Neuwirtshaus(Porscheplatz),8003409,Korntal,Baden-Württemberg,Korntal,70825,9.121099128,48.82640246,4,2608071701,,2608071701,,,,,,,,,,,0.0,0.0
-409733855405669524-2608071705-1,1204,,2608071705,,,WEG,RB47,,8003409,Korntal,Baden-Württemberg,Korntal,70825,9.121099128,48.82640246,4,,,2608071705,,,,,,,,,,,0.0,0.0
-1939283154746192380-2608071733-9,7653,2608071758,2608071759,3,,S,S6,Weil der Stadt|Malmsheim|Renningen|Rutesheim|Leonberg|Höfingen|Ditzingen|Weilimdorf,8003409,Korntal,Baden-Württemberg,Korntal,70825,9.121099128,48.82640246,4,2608071759,,2608071801,,,,,,,,,,,1.0,2.0
-3533486780426177775-2608071731-7,1211,2608071754,,7,,WEG,,Heimerdingen|Hemmingen|Schwieberdingen|Münchingen|Münchingen Rührberg|Korntal Gymnasium,8003409,Korntal,Baden-Württemberg,Korntal,70825,9.121099128,48.82640246,4,2608071755,,,,,,,,,,,,,1.0,0.0
3526721697398069716-2608071704-13,7049,2608071743,2608071744,3,,S,S60,Böblingen|Sindelfingen|Maichingen|Maichingen Nord|Magstadt|Renningen Süd|Renningen|Rutesheim|Leonberg|Höfingen|Ditzingen|Weilimdorf,8003409,Korntal,Baden-Württemberg,Korntal,70825,9.121099128,48.82640246,4,2608071743,,2608071744,,,,,,,,,,,0.0,0.0
-5724428013844966523-2608071703-9,7651,2608071728,2608071729,3,,S,S6,Weil der Stadt|Malmsheim|Renningen|Rutesheim|Leonberg|Höfingen|Ditzingen|Weilimdorf,8003409,Korntal,Baden-Württemberg,Korntal,70825,9.121099128,48.82640246,4,2608071728,,2608071729,,,,,,,,,,,0.0,0.0
2303723340022593876-2608071701-7,1205,2608071724,,7,,WEG,,Heimerdingen|Hemmingen|Schwieberdingen|Münchingen|Münchingen Rührberg|Korntal Gymnasium,8003409,Korntal,Baden-Württemberg,Korntal,70825,9.121099128,48.82640246,4,2608071724,,,,,,,,,,,,,0.0,0.0
6913806927060813312-2608071738-4,7054,2608071746,2608071746,1,,S,S60,Stuttgart-Feuerbach|Stuttgart-Zuffenhausen|Neuwirtshaus(Porscheplatz),8003409,Korntal,Baden-Württemberg,Korntal,70825,9.121099128,48.82640246,4,2608071746,,2608071746,,,,,,,,,,,0.0,0.0
3052355004880075210-2608071634-13,7047,2608071713,2608071714,3,,S,S60,Böblingen|Sindelfingen|Maichingen|Maichingen Nord|Magstadt|Renningen Süd|Renningen|Rutesheim|Leonberg|Höfingen|Ditzingen|Weilimdorf,8003409,Korntal,Baden-Württemberg,Korntal,70825,9.121099128,48.82640246,4,2608071713,,2608071714,,,,,,,,,,,0.0,0.0
-639969770733858063-2608071717-6,7648,2608071731,2608071731,1,,S,S6,Stuttgart Hbf|Stuttgart Nordbahnhof|Stuttgart-Feuerbach|Stuttgart-Zuffenhausen|Neuwirtshaus(Porscheplatz),8003409,Korntal,Baden-Württemberg,Korntal,70825,9.121099128,48.82640246,4,2608071731,,2608071731,,,,,,,,,,,0.0,0.0
-2961287277413204621-2608071708-4,7052,2608071716,2608071716,1,,S,S60,Stuttgart-Feuerbach|Stuttgart-Zuffenhausen|Neuwirtshaus(Porscheplatz),8003409,Korntal,Baden-Württemberg,Korntal,70825,9.121099128,48.82640246,4,2608071716,,2608071717,,,,,,,,,,,0.0,1.0
-6414014411094764897-2608071735-1,1210,,2608071735,,,WEG,RB47,,8003409,Korntal,Baden-Württemberg,Korntal,70825,9.121099128,48.82640246,4,,,2608071735,,,,,,,,,,,0.0,0.0
4438230868556249097-2608071657-5,7548,2608071710,2608071710,4,,S,S5,Stuttgart Hbf|Stuttgart Nordbahnhof|Stuttgart-Feuerbach|Stuttgart-Zuffenhausen,8003411,Kornwestheim Pbf,Baden-Württemberg,Kornwestheim,70806,9.179967278,48.86215948,3,2608071710,,2608071711,,,,,,,,,,,0.0,1.0
4179075705178608234-2608071707-5,7551,2608071719,2608071720,3,,S,S5,Bietigheim-Bissingen|Tamm(Württ)|Asperg|Ludwigsburg,8003411,Kornwestheim Pbf,Baden-Württemberg,Kornwestheim,70806,9.179967278,48.86215948,3,2608071720,,2608071720,,,,,,,,,,,1.0,0.0
5396027604609355527-2608071630-9,19327,2608071712,2608071720,6,,RB,MEX18,Heilbronn Hbf|Nordheim(Württ)|Lauffen(Neckar)|Kirchheim(Neckar)|Walheim(Württ)|Besigheim|Bietigheim-Bissingen|Ludwigsburg,8003411,Kornwestheim Pbf,Baden-Württemberg,Kornwestheim,70806,9.179967278,48.86215948,3,2608071714,,2608071720,,h,2,Störung,,,,,,,2.0,0.0
-2025878135877216684-2608071737-5,7448,2608071750,2608071750,4,,S,S4,Stuttgart Hbf|Stuttgart Nordbahnhof|Stuttgart-Feuerbach|Stuttgart-Zuffenhausen,8003411,Kornwestheim Pbf,Baden-Württemberg,Kornwestheim,70806,9.179967278,48.86215948,3,2608071751,,2608071752,,,,,,,,,,,1.0,2.0
7044670227798406981-2608071727-5,7550,2608071740,2608071740,4,,S,S5,Stuttgart Hbf|Stuttgart Nordbahnhof|Stuttgart-Feuerbach|Stuttgart-Zuffenhausen,8003411,Kornwestheim Pbf,Baden-Württemberg,Kornwestheim,70806,9.179967278,48.86215948,3,2608071740,,2608071741,,,,,,,,,,,0.0,1.0
7790582259620445586-2608071713-3,19328,2608071742,2608071755,7,,RB,MEX18,Plochingen|Esslingen(Neckar),8003411,Kornwestheim Pbf,Baden-Württemberg,Kornwestheim,70806,9.179967278,48.86215948,3,2608071745,,2608071755,,h,2,Störung,,,,,,,3.0,0.0
-6653627024630377952-2608071737-5,7553,2608071749,2608071750,3,,S,S5,Bietigheim-Bissingen|Tamm(Württ)|Asperg|Ludwigsburg,8003411,Kornwestheim Pbf,Baden-Württemberg,Kornwestheim,70806,9.179967278,48.86215948,3,2608071752,,2608071752,,,,,,,,,,,3.0,2.0
3775348367385191971-2608071707-5,7446,2608071720,2608071720,4,,S,S4,Stuttgart Hbf|Stuttgart Nordbahnhof|Stuttgart-Feuerbach|Stuttgart-Zuffenhausen,8003411,Kornwestheim Pbf,Baden-Württemberg,Kornwestheim,70806,9.179967278,48.86215948,3,2608071720,,2608071720,,,,,,,,,,,0.0,0.0
156206222396100406-2608071703-10,7451,2608071740,2608071740,3,,S,S4,Backnang|Burgstall(Murr)|Kirchberg(Murr)|Erdmannhausen|Marbach(Neckar)|Benningen(Neckar)|Freiberg(Neckar)|Favoritepark|Ludwigsburg,8003411,Kornwestheim Pbf,Baden-Württemberg,Kornwestheim,70806,9.179967278,48.86215948,3,2608071740,,2608071740,,,,,,,,,,,0.0,0.0
-6941686648187494295-2608071633-10,7449,2608071710,2608071710,3,,S,S4,Backnang|Burgstall(Murr)|Kirchberg(Murr)|Erdmannhausen|Marbach(Neckar)|Benningen(Neckar)|Freiberg(Neckar)|Favoritepark|Ludwigsburg,8003411,Kornwestheim Pbf,Baden-Württemberg,Kornwestheim,70806,9.179967278,48.86215948,3,2608071711,,2608071711,,,,,,,,,,,1.0,1.0
4876652056814242716-2608071735-4,7951,2608071746,2608071747,1,,S,S2,Stuttgart-Vaihingen|Stuttgart-Rohr|Oberaichen,8003622,Leinfelden,Baden-Württemberg,Leinfelden-Echterdingen,70771,9.142859698,48.6964193,4,2608071750,,2608071750,,,,,,,,,,,4.0,3.0
541475861985135124-2608071703-4,7948,2608071712,2608071713,2,,S,S2,Filderstadt|Stuttgart Flughafen/Messe|Echterdingen,8003622,Leinfelden,Baden-Württemberg,Leinfelden-Echterdingen,70771,9.142859698,48.6964193,4,2608071712,,2608071713,,,,,,,,,,,0.0,0.0
7852975875200642402-2608071705-4,7949,2608071716,2608071717,1,,S,S2,Stuttgart-Vaihingen|Stuttgart-Rohr|Oberaichen,8003622,Leinfelden,Baden-Württemberg,Leinfelden-Echterdingen,70771,9.142859698,48.6964193,4,2608071716,,2608071717,,,,,,,,,,,0.0,0.0
8984400451337602674-2608071733-4,7950,2608071742,2608071743,2,,S,S2,Filderstadt|Stuttgart Flughafen/Messe|Echterdingen,8003622,Leinfelden,Baden-Württemberg,Leinfelden-Echterdingen,70771,9.142859698,48.6964193,4,2608071742,,2608071744,,,,,,,,,,,0.0,1.0
-3086228637643871650-2608071647-10,7646,2608071713,2608071713,2,,S,S6,Stuttgart Hbf|Stuttgart Nordbahnhof|Stuttgart-Feuerbach|Stuttgart-Zuffenhausen|Neuwirtshaus(Porscheplatz)|Korntal|Weilimdorf|Ditzingen|Höfingen,8003652,Leonberg,Baden-Württemberg,Leonberg,71229,9.004025993,48.79970547,3,2608071713,,2608071713,,,,,,,,,,,0.0,0.0
-1939283154746192380-2608071733-5,7653,2608071747,2608071747,1,,S,S6,Weil der Stadt|Malmsheim|Renningen|Rutesheim,8003652,Leonberg,Baden-Württemberg,Leonberg,71229,9.004025993,48.79970547,3,2608071747,,2608071747,,,,,,,,,,,0.0,0.0
3526721697398069716-2608071704-9,7049,2608071732,2608071732,1,,S,S60,Böblingen|Sindelfingen|Maichingen|Maichingen Nord|Magstadt|Renningen Süd|Renningen|Rutesheim,8003652,Leonberg,Baden-Württemberg,Leonberg,71229,9.004025993,48.79970547,3,2608071732,,2608071732,,,,,,,,,,,0.0,0.0
-5724428013844966523-2608071703-5,7651,2608071717,2608071717,1,,S,S6,Weil der Stadt|Malmsheim|Renningen|Rutesheim,8003652,Leonberg,Baden-Württemberg,Leonberg,71229,9.004025993,48.79970547,3,2608071717,,2608071717,,,,,,,,,,,0.0,0.0
6913806927060813312-2608071738-8,7054,2608071758,2608071758,2,,S,S60,Stuttgart-Feuerbach|Stuttgart-Zuffenhausen|Neuwirtshaus(Porscheplatz)|Korntal|Weilimdorf|Ditzingen|Höfingen,8003652,Leonberg,Baden-Württemberg,Leonberg,71229,9.004025993,48.79970547,3,2608071758,,2608071758,,,,,,,,,,,0.0,0.0
3052355004880075210-2608071634-9,7047,2608071702,2608071702,1,,S,S60,Böblingen|Sindelfingen|Maichingen|Maichingen Nord|Magstadt|Renningen Süd|Renningen|Rutesheim,8003652,Leonberg,Baden-Württemberg,Leonberg,71229,9.004025993,48.79970547,3,2608071702,,2608071702,,,,,,,,,,,0.0,0.0
-639969770733858063-2608071717-10,7648,2608071743,2608071743,2,,S,S6,Stuttgart Hbf|Stuttgart Nordbahnhof|Stuttgart-Feuerbach|Stuttgart-Zuffenhausen|Neuwirtshaus(Porscheplatz)|Korntal|Weilimdorf|Ditzingen|Höfingen,8003652,Leonberg,Baden-Württemberg,Leonberg,71229,9.004025993,48.79970547,3,2608071743,,2608071743,,,,,,,,,,,0.0,0.0
-2961287277413204621-2608071708-8,7052,2608071728,2608071728,2,,S,S60,Stuttgart-Feuerbach|Stuttgart-Zuffenhausen|Neuwirtshaus(Porscheplatz)|Korntal|Weilimdorf|Ditzingen|Höfingen,8003652,Leonberg,Baden-Württemberg,Leonberg,71229,9.004025993,48.79970547,3,2608071728,,2608071728,,,,,,,,,,,0.0,0.0
8755829704218028297-2608071605-12,19238,2608071728,2608071729,1,,RB,MEX12,Tübingen Hbf|Reutlingen Hbf|Metzingen(Württ)|Bempflingen|Nürtingen|Oberboihingen|Wendlingen(Neckar)|Plochingen|Esslingen(Neckar)|Stuttgart-Bad Cannstatt|Stuttgart Hbf,8000235,Ludwigsburg,Baden-Württemberg,Ludwigsburg,71638,9.185229823,48.89208622,3,2608071750,,2608071752,,h,2,Information,,,,,,,22.0,23.0
4438230868556249097-2608071657-6,7548,2608071713,2608071714,2,,S,S5,Stuttgart Hbf|Stuttgart Nordbahnhof|Stuttgart-Feuerbach|Stuttgart-Zuffenhausen|Kornwestheim Pbf,8000235,Ludwigsburg,Baden-Württemberg,Ludwigsburg,71638,9.185229823,48.89208622,3,2608071714,,2608071714,,,,,,,,,,,1.0,0.0
-8855452708455191823-2608071730-2,19528,2608071740,2608071741,,,RE,MEX17,Stuttgart Hbf,8000235,Ludwigsburg,Baden-Württemberg,Ludwigsburg,71638,9.185229823,48.89208622,3,2608071746,1,2608071747,1,,,,,,,,,,6.0,6.0
4179075705178608234-2608071707-4,7551,2608071716,2608071716,3,,S,S5,Bietigheim-Bissingen|Tamm(Württ)|Asperg,8000235,Ludwigsburg,Baden-Württemberg,Ludwigsburg,71638,9.185229823,48.89208622,3,2608071716,,2608071717,,,,,,,,,,,0.0,1.0
5396027604609355527-2608071630-8,19327,2608071704,2608071707,4,,RB,MEX18,Heilbronn Hbf|Nordheim(Württ)|Lauffen(Neckar)|Kirchheim(Neckar)|Walheim(Württ)|Besigheim|Bietigheim-Bissingen,8000235,Ludwigsburg,Baden-Württemberg,Ludwigsburg,71638,9.185229823,48.89208622,3,2608071707,,2608071708,,h,2,Störung,,,,,,,3.0,1.0
-2025878135877216684-2608071737-6,7448,2608071753,2608071754,2,,S,S4,Stuttgart Hbf|Stuttgart Nordbahnhof|Stuttgart-Feuerbach|Stuttgart-Zuffenhausen|Kornwestheim Pbf,8000235,Ludwigsburg,Baden-Württemberg,Ludwigsburg,71638,9.185229823,48.89208622,3,2608071755,,2608071755,,,,,,,,,,,2.0,1.0
-2240204575720692912-2608071714-2,19526,2608071724,2608071725,1,,RE,MEX17,Stuttgart Hbf,8000235,Ludwigsburg,Baden-Württemberg,Ludwigsburg,71638,9.185229823,48.89208622,3,2608071725,,2608071727,,,,,,,,,,,1.0,2.0
-9010192018812874226-2608071657-8,19235,2608071731,2608071732,4,,RB,MEX12,Heilbronn Hbf|Nordheim(Württ)|Lauffen(Neckar)|Kirchheim(Neckar)|Walheim(Württ)|Besigheim|Bietigheim-Bissingen,8000235,Ludwigsburg,Baden-Württemberg,Ludwigsburg,71638,9.185229823,48.89208622,3,2608071734,5,2608071735,5,h,2,Information,,,,,,,3.0,3.0
-648674411914709730-2608071706-4,99119,2608071751,,,,ARV,,Neckarsulm|Heilbronn Hbf|Bietigheim-Bissingen,8000235,Ludwigsburg,Baden-Württemberg,Ludwigsburg,71638,9.185229823,48.89208622,3,2608071751,4,,,,,,,,,,c,,0.0,0.0
7044670227798406981-2608071727-6,7550,2608071743,2608071744,2,,S,S5,Stuttgart Hbf|Stuttgart Nordbahnhof|Stuttgart-Feuerbach|Stuttgart-Zuffenhausen|Kornwestheim Pbf,8000235,Ludwigsburg,Baden-Württemberg,Ludwigsburg,71638,9.185229823,48.89208622,3,2608071744,,2608071744,,,,,,,,,,,1.0,0.0
3092648369704978103-2608071644-13,19529,2608071728,2608071728,4,,RE,MEX17,Pforzheim Hbf|Eutingen(Baden)|Niefern|Enzberg|Mühlacker|Mühlacker Rößlesweg|Illingen(Württ)|Vaihingen(Enz)|Sersheim|Sachsenheim|Ellental|Bietigheim-Bissingen,8000235,Ludwigsburg,Baden-Württemberg,Ludwigsburg,71638,9.185229823,48.89208622,3,2608071729,,2608071731,,,,,,,,,,,1.0,3.0
7790582259620445586-2608071713-4,19328,2608071758,2608071759,1,,RB,MEX18,Plochingen|Esslingen(Neckar)|Kornwestheim Pbf,8000235,Ludwigsburg,Baden-Württemberg,Ludwigsburg,71638,9.185229823,48.89208622,3,2608071758,,2608071800,,h,2,Störung,,,,,,,0.0,1.0
-6653627024630377952-2608071737-4,7553,2608071746,2608071746,3,,S,S5,Bietigheim-Bissingen|Tamm(Württ)|Asperg,8000235,Ludwigsburg,Baden-Württemberg,Ludwigsburg,71638,9.185229823,48.89208622,3,2608071747,,2608071747,,,,,,,,,,,1.0,1.0
3775348367385191971-2608071707-6,7446,2608071723,2608071724,2,,S,S4,Stuttgart Hbf|Stuttgart Nordbahnhof|Stuttgart-Feuerbach|Stuttgart-Zuffenhausen|Kornwestheim Pbf,8000235,Ludwigsburg,Baden-Württemberg,Ludwigsburg,71638,9.185229823,48.89208622,3,2608071724,,2608071724,,,,,,,,,,,1.0,0.0
156206222396100406-2608071703-9,7451,2608071736,2608071737,3,,S,S4,Backnang|Burgstall(Murr)|Kirchberg(Murr)|Erdmannhausen|Marbach(Neckar)|Benningen(Neckar)|Freiberg(Neckar)|Favoritepark,8000235,Ludwigsburg,Baden-Württemberg,Ludwigsburg,71638,9.185229823,48.89208622,3,2608071736,,2608071737,,,,,,,,,,,0.0,0.0
6167613508508840867-2608071710-1,99122,,2608071710,,,ARV,8,,8000235,Ludwigsburg,Baden-Württemberg,Ludwigsburg,71638,9.185229823,48.89208622,3,,,2608071711,5,,,,,,,,,,0.0,1.0
5762702430735637261-2608071742-2,19096,2608071751,2608071752,1,,ARV,8,Stuttgart Hbf,8000235,Ludwigsburg,Baden-Württemberg,Ludwigsburg,71638,9.185229823,48.89208622,3,2608071805,,2608071806,,,,,,,,,,,14.0,14.0
-6941686648187494295-2608071633-9,7449,2608071706,2608071707,3,,S,S4,Backnang|Burgstall(Murr)|Kirchberg(Murr)|Erdmannhausen|Marbach(Neckar)|Benningen(Neckar)|Freiberg(Neckar)|Favoritepark,8000235,Ludwigsburg,Baden-Württemberg,Ludwigsburg,71638,9.185229823,48.89208622,3,2608071707,,2608071708,,,,,,,,,,,1.0,1.0
-3086228637643871650-2608071647-13,7646,2608071724,2608071724,1,,S,S6,Stuttgart Hbf|Stuttgart Nordbahnhof|Stuttgart-Feuerbach|Stuttgart-Zuffenhausen|Neuwirtshaus(Porscheplatz)|Korntal|Weilimdorf|Ditzingen|Höfingen|Leonberg|Rutesheim|Renningen,8003831,Malmsheim,Baden-Württemberg,Renningen,71272,8.905105557,48.77183564,5,2608071724,,2608071724,,,,,,,,,,,0.0,0.0
-1939283154746192380-2608071733-2,7653,2608071735,2608071735,2,,S,S6,Weil der Stadt,8003831,Malmsheim,Baden-Württemberg,Renningen,71272,8.905105557,48.77183564,5,2608071736,,2608071736,,,,,,,,,,,1.0,1.0
-5724428013844966523-2608071703-2,7651,2608071705,2608071705,2,,S,S6,Weil der Stadt,8003831,Malmsheim,Baden-Württemberg,Renningen,71272,8.905105557,48.77183564,5,2608071708,,2608071708,,,,,,,,,,,3.0,3.0
-639969770733858063-2608071717-13,7648,2608071754,2608071754,1,,S,S6,Stuttgart Hbf|Stuttgart Nordbahnhof|Stuttgart-Feuerbach|Stuttgart-Zuffenhausen|Neuwirtshaus(Porscheplatz)|Korntal|Weilimdorf|Ditzingen|Höfingen|Leonberg|Rutesheim|Renningen,8003831,Malmsheim,Baden-Württemberg,Renningen,71272,8.905105557,48.77183564,5,2608071755,,2608071756,,,,,,,,,,,1.0,2.0
7320244864426596786-2608071733-5,7453,2608071751,2608071755,1,,S,S4,Backnang|Burgstall(Murr)|Kirchberg(Murr)|Erdmannhausen,8003853,Marbach (Neckar),Baden-Württemberg,Marbach am Neckar,71672,9.264611825,48.9437708,3,2608071751,,2608071755,,,,,,,,,,,0.0,0.0
6027149644914886165-2608071637-10,7444,2608071705,2608071708,1,,S,S4,Stuttgart Hbf|Stuttgart Nordbahnhof|Stuttgart-Feuerbach|Stuttgart-Zuffenhausen|Kornwestheim Pbf|Ludwigsburg|Favoritepark|Freiberg(Neckar)|Benningen(Neckar),8003853,Marbach (Neckar),Baden-Württemberg,Marbach am Neckar,71672,9.264611825,48.9437708,3,2608071705,,2608071708,,,,,,,,,,,0.0,0.0
3775348367385191971-2608071707-10,7446,2608071735,2608071738,1,,S,S4,Stuttgart Hbf|Stuttgart Nordbahnhof|Stuttgart-Feuerbach|Stuttgart-Zuffenhausen|Kornwestheim Pbf|Ludwigsburg|Favoritepark|Freiberg(Neckar)|Benningen(Neckar),8003853,Marbach (Neckar),Baden-Württemberg,Marbach am Neckar,71672,9.264611825,48.9437708,3,2608071735,,2608071738,,,,,,,,,,,0.0,0.0
156206222396100406-2608071703-5,7451,2608071721,2608071725,1,,S,S4,Backnang|Burgstall(Murr)|Kirchberg(Murr)|Erdmannhausen,8003853,Marbach (Neckar),Baden-Württemberg,Marbach am Neckar,71672,9.264611825,48.9437708,3,2608071721,,2608071725,,,,,,,,,,,0.0,0.0
-6739253170809320051-2608071642-11,7346,2608071714,2608071715,2,,S,S3,Stuttgart Hbf|Stuttgart-Bad Cannstatt|Stuttgart Nürnberger Str.|Stuttgart-Sommerrain|Fellbach|Waiblingen|Neustadt-Hohenacker|Schwaikheim|Winnenden|Nellmersbach,8003913,Maubach,Baden-Württemberg,Backnang,71522,9.419487062,48.92623463,4,2608071715,,2608071716,,,,,,,,,,,1.0,1.0
7318470911046356350-2608071711-2,7351,2608071713,2608071714,1,,S,S3,Backnang,8003913,Maubach,Baden-Württemberg,Backnang,71522,9.419487062,48.92623463,4,2608071715,,2608071716,,,,,,,,,,,2.0,2.0
4328573071061192908-2608071741-2,7353,2608071743,2608071744,1,,S,S3,Backnang,8003913,Maubach,Baden-Württemberg,Backnang,71522,9.419487062,48.92623463,4,2608071747,,2608071748,,,,,,,,,,,4.0,4.0
3186631593996215666-2608071712-11,7348,2608071744,2608071745,2,,S,S3,Stuttgart Hbf|Stuttgart-Bad Cannstatt|Stuttgart Nürnberger Str.|Stuttgart-Sommerrain|Fellbach|Waiblingen|Neustadt-Hohenacker|Schwaikheim|Winnenden|Nellmersbach,8003913,Maubach,Baden-Württemberg,Backnang,71522,9.419487062,48.92623463,4,2608071745,,2608071746,,,,,,,,,,,1.0,1.0
-6739253170809320051-2608071642-10,7346,2608071711,2608071712,2,,S,S3,Stuttgart Hbf|Stuttgart-Bad Cannstatt|Stuttgart Nürnberger Str.|Stuttgart-Sommerrain|Fellbach|Waiblingen|Neustadt-Hohenacker|Schwaikheim|Winnenden,8004233,Nellmersbach,Baden-Württemberg,Leutenbach,71397,9.415421538,48.90336425,5,2608071712,,2608071713,,,,,,,,,,,1.0,1.0
7318470911046356350-2608071711-3,7351,2608071716,2608071716,1,,S,S3,Backnang|Maubach,8004233,Nellmersbach,Baden-Württemberg,Leutenbach,71397,9.415421538,48.90336425,5,2608071718,,2608071719,,,,,,,,,,,2.0,3.0
4328573071061192908-2608071741-3,7353,2608071746,2608071746,1,,S,S3,Backnang|Maubach,8004233,Nellmersbach,Baden-Württemberg,Leutenbach,71397,9.415421538,48.90336425,5,2608071749,,2608071750,,,,,,,,,,,3.0,4.0
3186631593996215666-2608071712-10,7348,2608071741,2608071742,2,,S,S3,Stuttgart Hbf|Stuttgart-Bad Cannstatt|Stuttgart Nürnberger Str.|Stuttgart-Sommerrain|Fellbach|Waiblingen|Neustadt-Hohenacker|Schwaikheim|Winnenden,8004233,Nellmersbach,Baden-Württemberg,Leutenbach,71397,9.415421538,48.90336425,5,2608071742,,2608071742,,,,,,,,,,,1.0,0.0
-6739253170809320051-2608071642-7,7346,2608071703,2608071703,1,,S,S3,Stuttgart Hbf|Stuttgart-Bad Cannstatt|Stuttgart Nürnberger Str.|Stuttgart-Sommerrain|Fellbach|Waiblingen,8004333,Neustadt-Hohenacker,Baden-Württemberg,Waiblingen,71336,9.32455106,48.85921668,5,2608071703,,2608071704,,,,,,,,,,,0.0,1.0
7318470911046356350-2608071711-6,7351,2608071725,2608071725,2,,S,S3,Backnang|Maubach|Nellmersbach|Winnenden|Schwaikheim,8004333,Neustadt-Hohenacker,Baden-Württemberg,Waiblingen,71336,9.32455106,48.85921668,5,2608071726,,2608071727,,,,,,,,,,,1.0,2.0
4328573071061192908-2608071741-6,7353,2608071755,2608071755,2,,S,S3,Backnang|Maubach|Nellmersbach|Winnenden|Schwaikheim,8004333,Neustadt-Hohenacker,Baden-Württemberg,Waiblingen,71336,9.32455106,48.85921668,5,2608071758,,2608071758,,,,,,,,,,,3.0,3.0
3186631593996215666-2608071712-7,7348,2608071733,2608071733,1,,S,S3,Stuttgart Hbf|Stuttgart-Bad Cannstatt|Stuttgart Nürnberger Str.|Stuttgart-Sommerrain|Fellbach|Waiblingen,8004333,Neustadt-Hohenacker,Baden-Württemberg,Waiblingen,71336,9.32455106,48.85921668,5,2608071733,,2608071734,,,,,,,,,,,0.0,1.0
-922318236278418485-2608071633-10,7649,2608071701,2608071701,2,,S,S6,Weil der Stadt|Malmsheim|Renningen|Rutesheim|Leonberg|Höfingen|Ditzingen|Weilimdorf|Korntal,8004338,Neuwirtshaus (Porscheplatz),Baden-Württemberg,Stuttgart,70435,9.151955614,48.83384734,4,2608071701,,2608071702,,,,,,,,,,,0.0,1.0
-6132994483842252426-2608071747-5,7650,2608071758,2608071759,1,,S,S6,Stuttgart Hbf|Stuttgart Nordbahnhof|Stuttgart-Feuerbach|Stuttgart-Zuffenhausen,8004338,Neuwirtshaus (Porscheplatz),Baden-Württemberg,Stuttgart,70435,9.151955614,48.83384734,4,2608071758,,2608071759,,,,,,,,,,,0.0,0.0
3526721697398069716-2608071704-14,7049,2608071746,2608071746,2,,S,S60,Böblingen|Sindelfingen|Maichingen|Maichingen Nord|Magstadt|Renningen Süd|Renningen|Rutesheim|Leonberg|Höfingen|Ditzingen|Weilimdorf|Korntal,8004338,Neuwirtshaus (Porscheplatz),Baden-Württemberg,Stuttgart,70435,9.151955614,48.83384734,4,2608071746,,2608071747,,,,,,,,,,,0.0,1.0
-5724428013844966523-2608071703-10,7651,2608071731,2608071731,2,,S,S6,Weil der Stadt|Malmsheim|Renningen|Rutesheim|Leonberg|Höfingen|Ditzingen|Weilimdorf|Korntal,8004338,Neuwirtshaus (Porscheplatz),Baden-Württemberg,Stuttgart,70435,9.151955614,48.83384734,4,2608071731,,2608071732,,,,,,,,,,,0.0,1.0
6913806927060813312-2608071738-3,7054,2608071743,2608071743,1,,S,S60,Stuttgart-Feuerbach|Stuttgart-Zuffenhausen,8004338,Neuwirtshaus (Porscheplatz),Baden-Württemberg,Stuttgart,70435,9.151955614,48.83384734,4,2608071743,,2608071744,,,,,,,,,,,0.0,1.0
3052355004880075210-2608071634-14,7047,2608071716,2608071716,2,,S,S60,Böblingen|Sindelfingen|Maichingen|Maichingen Nord|Magstadt|Renningen Süd|Renningen|Rutesheim|Leonberg|Höfingen|Ditzingen|Weilimdorf|Korntal,8004338,Neuwirtshaus (Porscheplatz),Baden-Württemberg,Stuttgart,70435,9.151955614,48.83384734,4,2608071716,,2608071717,,,,,,,,,,,0.0,1.0
-639969770733858063-2608071717-5,7648,2608071728,2608071729,1,,S,S6,Stuttgart Hbf|Stuttgart Nordbahnhof|Stuttgart-Feuerbach|Stuttgart-Zuffenhausen,8004338,Neuwirtshaus (Porscheplatz),Baden-Württemberg,Stuttgart,70435,9.151955614,48.83384734,4,2608071728,,2608071729,,,,,,,,,,,0.0,0.0
-2961287277413204621-2608071708-3,7052,2608071713,2608071713,1,,S,S60,Stuttgart-Feuerbach|Stuttgart-Zuffenhausen,8004338,Neuwirtshaus (Porscheplatz),Baden-Württemberg,Stuttgart,70435,9.151955614,48.83384734,4,2608071713,,2608071714,,,,,,,,,,,0.0,1.0
-919200684050965817-2608071716-8,7749,2608071741,2608071741,1,,S,S1,Stuttgart-Vaihingen|Stuttgart-Rohr|Goldberg(Württ)|Böblingen|Hulb|Ehningen(b Böblingen)|Gärtringen,8004490,Nufringen,Baden-Württemberg,Nufringen,71154,8.889817485,48.62010967,5,2608071741,,2608071741,,,,,,,,,,,0.0,0.0
6295831457013207177-2608071646-8,7747,2608071711,2608071711,1,,S,S1,Stuttgart-Vaihingen|Stuttgart-Rohr|Goldberg(Württ)|Böblingen|Hulb|Ehningen(b Böblingen)|Gärtringen,8004490,Nufringen,Baden-Württemberg,Nufringen,71154,8.889817485,48.62010967,5,2608071711,,2608071712,,,,,,,,,,,0.0,1.0
8261134970288832371-2608071746-2,7754,2608071749,2608071749,2,,S,S1,Herrenberg,8004490,Nufringen,Baden-Württemberg,Nufringen,71154,8.889817485,48.62010967,5,2608071749,,2608071750,,,,,,,,,,,0.0,1.0
-9029882139941759741-2608071716-2,7752,2608071719,2608071719,2,,S,S1,Herrenberg,8004490,Nufringen,Baden-Württemberg,Nufringen,71154,8.889817485,48.62010967,5,2608071722,,2608071722,,,,,,,,,,,3.0,3.0
4876652056814242716-2608071735-3,7951,2608071744,2608071744,1,,S,S2,Stuttgart-Vaihingen|Stuttgart-Rohr,8004496,Oberaichen,Baden-Württemberg,Leinfelden-Echterdingen,70771,9.12743664,48.70512422,5,2608071747,,2608071748,,,,,,,,,,,3.0,4.0
541475861985135124-2608071703-5,7948,2608071715,2608071715,2,,S,S2,Filderstadt|Stuttgart Flughafen/Messe|Echterdingen|Leinfelden,8004496,Oberaichen,Baden-Württemberg,Leinfelden-Echterdingen,70771,9.12743664,48.70512422,5,2608071715,,2608071715,,,,,,,,,,,0.0,0.0
7852975875200642402-2608071705-3,7949,2608071714,2608071714,1,,S,S2,Stuttgart-Vaihingen|Stuttgart-Rohr,8004496,Oberaichen,Baden-Württemberg,Leinfelden-Echterdingen,70771,9.12743664,48.70512422,5,2608071714,,2608071714,,,,,,,,,,,0.0,0.0
8984400451337602674-2608071733-5,7950,2608071745,2608071745,2,,S,S2,Filderstadt|Stuttgart Flughafen/Messe|Echterdingen|Leinfelden,8004496,Oberaichen,Baden-Württemberg,Leinfelden-Echterdingen,70771,9.12743664,48.70512422,5,2608071745,,2608071746,,,,,,,,,,,0.0,1.0
4181353259517315832-2608071720-8,7153,2608071744,2608071745,3,,S,S1,Kirchheim(Teck)|Kirchheim(Teck)-Ötlingen|Wendlingen(Neckar)|Wernau(Neckar)|Plochingen|Altbach|Esslingen-Zell,8004528,Oberesslingen,Baden-Württemberg,Esslingen am Neckar,73730,9.327277435,48.72983585,3,2608071744,,2608071745,,,,,,,,,,,0.0,0.0
-7734078232361227040-2608071655-8,7148,2608071715,2608071715,4,,S,S1,Stuttgart Hbf|Stuttgart-Bad Cannstatt|Stuttgart Neckarpark|Stuttgart-Untertürkheim|Stuttgart-Obertürkheim|Esslingen-Mettingen|Esslingen(Neckar),8004528,Oberesslingen,Baden-Württemberg,Esslingen am Neckar,73730,9.327277435,48.72983585,3,2608071717,,2608071717,,,,,,,,,,,2.0,2.0
29457582318319648-2608071725-8,7150,2608071745,2608071745,4,,S,S1,Stuttgart Hbf|Stuttgart-Bad Cannstatt|Stuttgart Neckarpark|Stuttgart-Untertürkheim|Stuttgart-Obertürkheim|Esslingen-Mettingen|Esslingen(Neckar),8004528,Oberesslingen,Baden-Württemberg,Esslingen am Neckar,73730,9.327277435,48.72983585,3,2608071745,,2608071746,,,,,,,,,,,0.0,1.0
713199971080468435-2608071650-8,7151,2608071714,2608071715,3,,S,S1,Kirchheim(Teck)|Kirchheim(Teck)-Ötlingen|Wendlingen(Neckar)|Wernau(Neckar)|Plochingen|Altbach|Esslingen-Zell,8004528,Oberesslingen,Baden-Württemberg,Esslingen am Neckar,73730,9.327277435,48.72983585,3,2608071714,,2608071715,,,,,,,,,,,0.0,0.0
-7750129743989667706-2608071705-8,19240,2608071747,2608071748,6,,RB,MEX12,Tübingen Hbf|Reutlingen Hbf|Metzingen(Württ)|Bempflingen|Nürtingen|Oberboihingen|Wendlingen(Neckar),8000302,Plochingen,Baden-Württemberg,Plochingen,73207,9.411294578,48.71293906,2,2608071748,7,2608071748,7,h,2,Information,,,,,,,1.0,0.0
5683876994684757954-2608071636-19,19160,2608071755,2608071755,3,,ARV,16,Ulm Hbf|Beimerstetten|Westerstetten|Lonsee|Urspring|Amstetten(Württ)|Geislingen(Steige)|Geislingen(Steige)West|Kuchen|Gingen(Fils)|Süßen|Salach|Eislingen(Fils)|Göppingen|Faurndau|Uhingen|Ebersbach(Fils)|Reichenbach(Fils),8000302,Plochingen,Baden-Württemberg,Plochingen,73207,9.411294578,48.71293906,2,2608071755,1,2608071755,1,,,,,,,,,,0.0,0.0
4181353259517315832-2608071720-5,7153,2608071735,2608071737,9,,S,S1,Kirchheim(Teck)|Kirchheim(Teck)-Ötlingen|Wendlingen(Neckar)|Wernau(Neckar),8000302,Plochingen,Baden-Württemberg,Plochingen,73207,9.411294578,48.71293906,2,2608071736,,2608071737,,,,,,,,,,,1.0,0.0
5396027604609355527-2608071630-11,19327,2608071742,,9,,RB,,Heilbronn Hbf|Nordheim(Württ)|Lauffen(Neckar)|Kirchheim(Neckar)|Walheim(Württ)|Besigheim|Bietigheim-Bissingen|Ludwigsburg|Kornwestheim Pbf|Esslingen(Neckar),8000302,Plochingen,Baden-Württemberg,Plochingen,73207,9.411294578,48.71293906,2,2608071743,3,,,h,2,Störung,,,,,,,1.0,0.0
8745282494272285255-2608071737-3,4227,2608071753,2608071755,4,,RE,RE5,Stuttgart Hbf|Esslingen(Neckar),8000302,Plochingen,Baden-Württemberg,Plochingen,73207,9.411294578,48.71293906,2,2608071754,7,2608071758,7,h,2,Störung,,,,,,,1.0,3.0
6545920883284265924-2608071703-4,19159,2608071726,2608071730,4,,ARV,16,Stuttgart Hbf|Stuttgart-Bad Cannstatt|Esslingen(Neckar),8000302,Plochingen,Baden-Württemberg,Plochingen,73207,9.411294578,48.71293906,2,2608071728,,2608071730,,,,,,,,,,,2.0,0.0
-6841920708223376135-2608071503-11,4222,2608071702,2608071703,1,,RE,RE5,Friedrichshafen Stadt|Meckenbeuren|Ravensburg|Aulendorf|Bad Schussenried|Biberach(Riß)|Laupheim West|Ulm Hbf|Geislingen(Steige)|Göppingen,8000302,Plochingen,Baden-Württemberg,Plochingen,73207,9.411294578,48.71293906,2,2608071703,,2608071705,,h,2,Störung,,,,,,,1.0,2.0
-7734078232361227040-2608071655-11,7148,2608071723,2608071726,9,,S,S1,Stuttgart Hbf|Stuttgart-Bad Cannstatt|Stuttgart Neckarpark|Stuttgart-Untertürkheim|Stuttgart-Obertürkheim|Esslingen-Mettingen|Esslingen(Neckar)|Oberesslingen|Esslingen-Zell|Altbach,8000302,Plochingen,Baden-Württemberg,Plochingen,73207,9.411294578,48.71293906,2,2608071725,,2608071726,,,,,,,,,,,2.0,0.0
7555921604632072960-2608071648-13,19158,2608071728,2608071734,1,,ARV,16,Geislingen(Steige)|Geislingen(Steige)West|Kuchen|Gingen(Fils)|Süßen|Salach|Eislingen(Fils)|Göppingen|Faurndau|Uhingen|Ebersbach(Fils)|Reichenbach(Fils),8000302,Plochingen,Baden-Württemberg,Plochingen,73207,9.411294578,48.71293906,2,2608071728,,2608071734,,,,,,,,,,,0.0,0.0
29457582318319648-2608071725-11,7150,2608071753,2608071755,9,,S,S1,Stuttgart Hbf|Stuttgart-Bad Cannstatt|Stuttgart Neckarpark|Stuttgart-Untertürkheim|Stuttgart-Obertürkheim|Esslingen-Mettingen|Esslingen(Neckar)|Oberesslingen|Esslingen-Zell|Altbach,8000302,Plochingen,Baden-Württemberg,Plochingen,73207,9.411294578,48.71293906,2,2608071753,10,2608071755,10,,,,,,,,,,0.0,0.0
5506469601342734593-2608071642-4,19157,2608071700,2608071700,4,,ARV,16,Stuttgart Hbf|Stuttgart-Bad Cannstatt|Esslingen(Neckar),8000302,Plochingen,Baden-Württemberg,Plochingen,73207,9.411294578,48.71293906,2,2608071713,6,2608071721,6,,,,,,,,,,13.0,21.0
713199971080468435-2608071650-5,7151,2608071705,2608071707,9,,S,S1,Kirchheim(Teck)|Kirchheim(Teck)-Ötlingen|Wendlingen(Neckar)|Wernau(Neckar),8000302,Plochingen,Baden-Württemberg,Plochingen,73207,9.411294578,48.71293906,2,2608071705,,2608071707,,,,,,,,,,,0.0,0.0
-2139307512104856629-2608071557-12,19231,2608071711,2608071712,9,,RB,MEX12,Heilbronn Hbf|Nordheim(Württ)|Lauffen(Neckar)|Kirchheim(Neckar)|Walheim(Württ)|Besigheim|Bietigheim-Bissingen|Ludwigsburg|Stuttgart Hbf|Stuttgart-Bad Cannstatt|Esslingen(Neckar),8000302,Plochingen,Baden-Württemberg,Plochingen,73207,9.411294578,48.71293906,2,2608071714,,2608071716,,h,2,Information,,,,,,,3.0,4.0
7790582259620445586-2608071713-1,19328,,2608071713,,,RB,MEX18,,8000302,Plochingen,Baden-Württemberg,Plochingen,73207,9.411294578,48.71293906,2,,,2608071713,3,h,2,Störung,,,,,,,0.0,0.0
-3086228637643871650-2608071647-12,7646,2608071719,2608071722,3,,S,S6,Stuttgart Hbf|Stuttgart Nordbahnhof|Stuttgart-Feuerbach|Stuttgart-Zuffenhausen|Neuwirtshaus(Porscheplatz)|Korntal|Weilimdorf|Ditzingen|Höfingen|Leonberg|Rutesheim,8000313,Renningen,Baden-Württemberg,Renningen,71272,8.932650148,48.77515509,3,2608071720,,2608071722,,,,,,,,,,,1.0,0.0
-1939283154746192380-2608071733-3,7653,2608071737,2608071741,2,,S,S6,Weil der Stadt|Malmsheim,8000313,Renningen,Baden-Württemberg,Renningen,71272,8.932650148,48.77515509,3,2608071738,,2608071741,,,,,,,,,,,1.0,0.0
4646789196858803409-2608071726-6,26171,2608071748,,,,SWE,,Calw|Calw-Heumaden|Althengstett|Ostelsheim|Weil der Stadt,8000313,Renningen,Baden-Württemberg,Renningen,71272,8.932650148,48.77515509,3,2608071748,4,,,,,,,,,,,,0.0,0.0
-193680393512143758-2608071638-10,7050,2608071704,2608071709,3,,S,S60,Stuttgart-Feuerbach|Stuttgart-Zuffenhausen|Neuwirtshaus(Porscheplatz)|Korntal|Weilimdorf|Ditzingen|Höfingen|Leonberg|Rutesheim,8000313,Renningen,Baden-Württemberg,Renningen,71272,8.932650148,48.77515509,3,2608071706,,2608071712,,,,,,,,,,,2.0,3.0
-1208855949158914976-2608071758-1,26172,,2608071758,,,SWE,RB76,,8000313,Renningen,Baden-Württemberg,Renningen,71272,8.932650148,48.77515509,3,,,2608071758,,,,,,,,,,,0.0,0.0
3526721697398069716-2608071704-7,7049,2608071720,2608071726,2,,S,S60,Böblingen|Sindelfingen|Maichingen|Maichingen Nord|Magstadt|Renningen Süd,8000313,Renningen,Baden-Württemberg,Renningen,71272,8.932650148,48.77515509,3,2608071721,,2608071726,,,,,,,,,,,1.0,0.0
-106780477750529587-2608071734-7,7051,2608071750,2608071756,2,,S,S60,Böblingen|Sindelfingen|Maichingen|Maichingen Nord|Magstadt|Renningen Süd,8000313,Renningen,Baden-Württemberg,Renningen,71272,8.932650148,48.77515509,3,2608071753,,2608071756,,,,,,,,,,,3.0,0.0
-5724428013844966523-2608071703-3,7651,2608071707,2608071711,2,,S,S6,Weil der Stadt|Malmsheim,8000313,Renningen,Baden-Württemberg,Renningen,71272,8.932650148,48.77515509,3,2608071710,,2608071711,,,,,,,,,,,3.0,0.0
-639969770733858063-2608071717-12,7648,2608071749,2608071752,3,,S,S6,Stuttgart Hbf|Stuttgart Nordbahnhof|Stuttgart-Feuerbach|Stuttgart-Zuffenhausen|Neuwirtshaus(Porscheplatz)|Korntal|Weilimdorf|Ditzingen|Höfingen|Leonberg|Rutesheim,8000313,Renningen,Baden-Württemberg,Renningen,71272,8.932650148,48.77515509,3,2608071749,,2608071753,,,,,,,,,,,0.0,1.0
-2961287277413204621-2608071708-10,7052,2608071734,2608071739,3,,S,S60,Stuttgart-Feuerbach|Stuttgart-Zuffenhausen|Neuwirtshaus(Porscheplatz)|Korntal|Weilimdorf|Ditzingen|Höfingen|Leonberg|Rutesheim,8000313,Renningen,Baden-Württemberg,Renningen,71272,8.932650148,48.77515509,3,2608071735,,2608071739,,,,,,,,,,,1.0,0.0
830627416811346853-2608071733-9,7253,2608071751,2608071752,2,,S,S2,Schorndorf|Weiler(Rems)|Winterbach(b Schorndorf)|Geradstetten|Grunbach|Beutelsbach|Endersbach|Stetten-Beinstein,8005157,Rommelshausen,Baden-Württemberg,Kernen,71394,9.319175885,48.81552017,4,2608071753,,2608071754,,h,1,Bauarbeiten,,,,,,,2.0,2.0
-4644515304619211385-2608071720-7,7248,2608071737,2608071737,1,,S,S2,Stuttgart Hbf|Stuttgart-Bad Cannstatt|Stuttgart Nürnberger Str.|Stuttgart-Sommerrain|Fellbach|Waiblingen,8005157,Rommelshausen,Baden-Württemberg,Kernen,71394,9.319175885,48.81552017,4,2608071742,,2608071742,,h,1,Bauarbeiten,,,,,,,5.0,5.0
7369273237182260533-2608071650-7,7246,2608071707,2608071707,1,,S,S2,Stuttgart Hbf|Stuttgart-Bad Cannstatt|Stuttgart Nürnberger Str.|Stuttgart-Sommerrain|Fellbach|Waiblingen,8005157,Rommelshausen,Baden-Württemberg,Kernen,71394,9.319175885,48.81552017,4,2608071711,,2608071712,,h,1,Bauarbeiten,,,,,,,4.0,5.0
-5832640759932011953-2608071703-9,7251,2608071721,2608071722,2,,S,S2,Schorndorf|Weiler(Rems)|Winterbach(b Schorndorf)|Geradstetten|Grunbach|Beutelsbach|Endersbach|Stetten-Beinstein,8005157,Rommelshausen,Baden-Württemberg,Kernen,71394,9.319175885,48.81552017,4,2608071722,,2608071723,,h,1,Bauarbeiten,,,,,,,1.0,1.0
-3086228637643871650-2608071647-11,7646,2608071716,2608071716,2,,S,S6,Stuttgart Hbf|Stuttgart Nordbahnhof|Stuttgart-Feuerbach|Stuttgart-Zuffenhausen|Neuwirtshaus(Porscheplatz)|Korntal|Weilimdorf|Ditzingen|Höfingen|Leonberg,8005236,Rutesheim,Baden-Württemberg,Leonberg,71229,8.960325242,48.79031093,5,2608071716,,2608071718,,,,,,,,,,,0.0,2.0
-1939283154746192380-2608071733-4,7653,2608071743,2608071744,1,,S,S6,Weil der Stadt|Malmsheim|Renningen,8005236,Rutesheim,Baden-Württemberg,Leonberg,71229,8.960325242,48.79031093,5,2608071743,,2608071744,,,,,,,,,,,0.0,0.0
-193680393512143758-2608071638-9,7050,2608071701,2608071701,2,,S,S60,Stuttgart-Feuerbach|Stuttgart-Zuffenhausen|Neuwirtshaus(Porscheplatz)|Korntal|Weilimdorf|Ditzingen|Höfingen|Leonberg,8005236,Rutesheim,Baden-Württemberg,Leonberg,71229,8.960325242,48.79031093,5,2608071702,,2608071703,,,,,,,,,,,1.0,2.0
3526721697398069716-2608071704-8,7049,2608071728,2608071729,1,,S,S60,Böblingen|Sindelfingen|Maichingen|Maichingen Nord|Magstadt|Renningen Süd|Renningen,8005236,Rutesheim,Baden-Württemberg,Leonberg,71229,8.960325242,48.79031093,5,2608071728,,2608071729,,,,,,,,,,,0.0,0.0
-106780477750529587-2608071734-8,7051,2608071758,2608071759,1,,S,S60,Böblingen|Sindelfingen|Maichingen|Maichingen Nord|Magstadt|Renningen Süd|Renningen,8005236,Rutesheim,Baden-Württemberg,Leonberg,71229,8.960325242,48.79031093,5,2608071759,,2608071759,,,,,,,,,,,1.0,0.0
-5724428013844966523-2608071703-4,7651,2608071713,2608071714,1,,S,S6,Weil der Stadt|Malmsheim|Renningen,8005236,Rutesheim,Baden-Württemberg,Leonberg,71229,8.960325242,48.79031093,5,2608071713,,2608071714,,,,,,,,,,,0.0,0.0
-639969770733858063-2608071717-11,7648,2608071746,2608071746,2,,S,S6,Stuttgart Hbf|Stuttgart Nordbahnhof|Stuttgart-Feuerbach|Stuttgart-Zuffenhausen|Neuwirtshaus(Porscheplatz)|Korntal|Weilimdorf|Ditzingen|Höfingen|Leonberg,8005236,Rutesheim,Baden-Württemberg,Leonberg,71229,8.960325242,48.79031093,5,2608071746,,2608071746,,,,,,,,,,,0.0,0.0
-2961287277413204621-2608071708-9,7052,2608071731,2608071731,2,,S,S60,Stuttgart-Feuerbach|Stuttgart-Zuffenhausen|Neuwirtshaus(Porscheplatz)|Korntal|Weilimdorf|Ditzingen|Höfingen|Leonberg,8005236,Rutesheim,Baden-Württemberg,Leonberg,71229,8.960325242,48.79031093,5,2608071732,,2608071732,,,,,,,,,,,1.0,1.0
4359145174899901492-2608071647-4,19425,2608071713,2608071714,2,,ARV,13,Stuttgart Hbf|Stuttgart-Bad Cannstatt|Waiblingen,8005424,Schorndorf,Baden-Württemberg,Schorndorf,73614,9.525686251,48.80693898,3,2608071714,,2608071715,,,,,,,,,,,1.0,1.0
3745793782147764309-2608071720-4,19477,2608071743,2608071744,2,,ARV,13,Stuttgart Hbf|Stuttgart-Bad Cannstatt|Waiblingen,8005424,Schorndorf,Baden-Württemberg,Schorndorf,73614,9.525686251,48.80693898,3,2608071802,,2608071804,,,,,,,,,,,19.0,20.0
830627416811346853-2608071733-1,7253,,2608071733,,,S,S2,,8005424,Schorndorf,Baden-Württemberg,Schorndorf,73614,9.525686251,48.80693898,3,,,2608071734,,h,1,Bauarbeiten,,,,,,,0.0,1.0
-4644515304619211385-2608071720-15,7248,2608071755,,1,,S,,Stuttgart Hbf|Stuttgart-Bad Cannstatt|Stuttgart Nürnberger Str.|Stuttgart-Sommerrain|Fellbach|Waiblingen|Rommelshausen|Stetten-Beinstein|Endersbach|Beutelsbach|Grunbach|Geradstetten|Winterbach(b Schorndorf)|Weiler(Rems),8005424,Schorndorf,Baden-Württemberg,Schorndorf,73614,9.525686251,48.80693898,3,2608071759,,,,h,1,Bauarbeiten,,,,,,,4.0,0.0
-1785536974042890929-2608071605-7,19681,2608071728,2608071729,2,,ARV,1,Karlsruhe Hbf|Karlsruhe-Durlach|Pforzheim Hbf|Mühlacker|Vaihingen(Enz)|Stuttgart Hbf,8005424,Schorndorf,Baden-Württemberg,Schorndorf,73614,9.525686251,48.80693898,3,2608071731,,2608071733,,,,,,,,,,,3.0,4.0
-8091522237145489139-2608071707-9,19430,2608071743,2608071744,3,,ARV,13,Aalen Hbf|Mögglingen(Gmünd)|Böbingen(Rems)|Schwäbisch Gmünd|Lorch(Württ)|Waldhausen(b Schorndorf)|Plüderhausen|Urbach(b Schorndorf),8005424,Schorndorf,Baden-Württemberg,Schorndorf,73614,9.525686251,48.80693898,3,2608071803,,2608071804,,,,,,,,,,,20.0,20.0
7369273237182260533-2608071650-15,7246,2608071725,,14,,S,,Stuttgart Hbf|Stuttgart-Bad Cannstatt|Stuttgart Nürnberger Str.|Stuttgart-Sommerrain|Fellbach|Waiblingen|Rommelshausen|Stetten-Beinstein|Endersbach|Beutelsbach|Grunbach|Geradstetten|Winterbach(b Schorndorf)|Weiler(Rems),8005424,Schorndorf,Baden-Württemberg,Schorndorf,73614,9.525686251,48.80693898,3,2608071730,,,,h,1,Bauarbeiten,,,,,,,5.0,0.0
-441659302669469367-2608071552-17,19478,2608071713,2608071714,3,,ARV,13,Crailsheim|Jagstzell|Ellwangen|Schrezheim|Schwabsberg|Goldshöfe|Hofen(b Aalen)|Wasseralfingen|Aalen Hbf|Mögglingen(Gmünd)|Böbingen(Rems)|Schwäbisch Gmünd|Lorch(Württ)|Waldhausen(b Schorndorf)|Plüderhausen|Urbach(b Schorndorf),8005424,Schorndorf,Baden-Württemberg,Schorndorf,73614,9.525686251,48.80693898,3,2608071727,,2608071728,,,,,,,,,,,14.0,14.0
-5832640759932011953-2608071703-1,7251,,2608071703,,,S,S2,,8005424,Schorndorf,Baden-Württemberg,Schorndorf,73614,9.525686251,48.80693898,3,,,2608071704,,h,1,Bauarbeiten,,,,,,,0.0,1.0
-6739253170809320051-2608071642-8,7346,2608071706,2608071706,2,,S,S3,Stuttgart Hbf|Stuttgart-Bad Cannstatt|Stuttgart Nürnberger Str.|Stuttgart-Sommerrain|Fellbach|Waiblingen|Neustadt-Hohenacker,8005454,Schwaikheim,Baden-Württemberg,Schwaikheim,71409,9.354747358,48.86832665,4,2608071706,,2608071707,,,,,,,,,,,0.0,1.0
7318470911046356350-2608071711-5,7351,2608071722,2608071723,1,,S,S3,Backnang|Maubach|Nellmersbach|Winnenden,8005454,Schwaikheim,Baden-Württemberg,Schwaikheim,71409,9.354747358,48.86832665,4,2608071724,,2608071724,,,,,,,,,,,2.0,1.0
4328573071061192908-2608071741-5,7353,2608071752,2608071753,1,,S,S3,Backnang|Maubach|Nellmersbach|Winnenden,8005454,Schwaikheim,Baden-Württemberg,Schwaikheim,71409,9.354747358,48.86832665,4,2608071755,,2608071756,,,,,,,,,,,3.0,3.0
3186631593996215666-2608071712-8,7348,2608071736,2608071736,2,,S,S3,Stuttgart Hbf|Stuttgart-Bad Cannstatt|Stuttgart Nürnberger Str.|Stuttgart-Sommerrain|Fellbach|Waiblingen|Neustadt-Hohenacker,8005454,Schwaikheim,Baden-Württemberg,Schwaikheim,71409,9.354747358,48.86832665,4,2608071736,,2608071737,,,,,,,,,,,0.0,1.0
-193680393512143758-2608071638-15,7050,2608071722,2608071723,1,,S,S60,Stuttgart-Feuerbach|Stuttgart-Zuffenhausen|Neuwirtshaus(Porscheplatz)|Korntal|Weilimdorf|Ditzingen|Höfingen|Leonberg|Rutesheim|Renningen|Renningen Süd|Magstadt|Maichingen Nord|Maichingen,8005574,Sindelfingen,Baden-Württemberg,Sindelfingen,71063,8.999262079,48.70387346,6,2608071725,,2608071727,,,,,,,,,,,3.0,4.0
3526721697398069716-2608071704-2,7049,2608071706,2608071707,1,,S,S60,Böblingen,8005574,Sindelfingen,Baden-Württemberg,Sindelfingen,71063,8.999262079,48.70387346,6,2608071707,,2608071707,,,,,,,,,,,1.0,0.0
-106780477750529587-2608071734-2,7051,2608071736,2608071737,1,,S,S60,Böblingen,8005574,Sindelfingen,Baden-Württemberg,Sindelfingen,71063,8.999262079,48.70387346,6,2608071737,,2608071738,,,,,,,,,,,1.0,1.0
-2961287277413204621-2608071708-15,7052,2608071752,2608071753,1,,S,S60,Stuttgart-Feuerbach|Stuttgart-Zuffenhausen|Neuwirtshaus(Porscheplatz)|Korntal|Weilimdorf|Ditzingen|Höfingen|Leonberg|Rutesheim|Renningen|Renningen Süd|Magstadt|Maichingen Nord|Maichingen,8005574,Sindelfingen,Baden-Württemberg,Sindelfingen,71063,8.999262079,48.70387346,6,2608071753,,2608071753,,,,,,,,,,,1.0,0.0
830627416811346853-2608071733-8,7253,2608071749,2608071749,2,,S,S2,Schorndorf|Weiler(Rems)|Winterbach(b Schorndorf)|Geradstetten|Grunbach|Beutelsbach|Endersbach,8005726,Stetten-Beinstein,Baden-Württemberg,Weinstadt,71384,9.352769725,48.81199601,5,2608071750,,2608071751,,h,1,Bauarbeiten,,,,,,,1.0,2.0
-4644515304619211385-2608071720-8,7248,2608071739,2608071739,1,,S,S2,Stuttgart Hbf|Stuttgart-Bad Cannstatt|Stuttgart Nürnberger Str.|Stuttgart-Sommerrain|Fellbach|Waiblingen|Rommelshausen,8005726,Stetten-Beinstein,Baden-Württemberg,Weinstadt,71384,9.352769725,48.81199601,5,2608071744,,2608071745,,h,1,Bauarbeiten,,,,,,,5.0,6.0
7369273237182260533-2608071650-8,7246,2608071709,2608071709,1,,S,S2,Stuttgart Hbf|Stuttgart-Bad Cannstatt|Stuttgart Nürnberger Str.|Stuttgart-Sommerrain|Fellbach|Waiblingen|Rommelshausen,8005726,Stetten-Beinstein,Baden-Württemberg,Weinstadt,71384,9.352769725,48.81199601,5,2608071714,,2608071715,,h,1,Bauarbeiten,,,,,,,5.0,6.0
-5832640759932011953-2608071703-8,7251,2608071719,2608071719,2,,S,S2,Schorndorf|Weiler(Rems)|Winterbach(b Schorndorf)|Geradstetten|Grunbach|Beutelsbach|Endersbach,8005726,Stetten-Beinstein,Baden-Württemberg,Weinstadt,71384,9.352769725,48.81199601,5,2608071719,,2608071720,,h,1,Bauarbeiten,,,,,,,0.0,1.0
-4827015275996172889-2608071637-9,7549,2608071705,,1,,S,,Bietigheim-Bissingen|Tamm(Württ)|Asperg|Ludwigsburg|Kornwestheim Pbf|Stuttgart-Zuffenhausen|Stuttgart-Feuerbach|Stuttgart Nordbahnhof,8000096,Stuttgart Hbf,Baden-Württemberg,Stuttgart,70173,9.183172973,48.78473069,1,2608071707,,,,,,,,,,,,,2.0,0.0
-8532921269206340740-2608071748-1,17659,,2608071748,,,RB,RB14a,,8000096,Stuttgart Hbf,Baden-Württemberg,Stuttgart,70173,9.183172973,48.78473069,1,,,2608071759,,,,,,,,,,,0.0,11.0
8755829704218028297-2608071605-11,19238,2608071713,2608071719,9,,RB,MEX12,Tübingen Hbf|Reutlingen Hbf|Metzingen(Württ)|Bempflingen|Nürtingen|Oberboihingen|Wendlingen(Neckar)|Plochingen|Esslingen(Neckar)|Stuttgart-Bad Cannstatt,8000096,Stuttgart Hbf,Baden-Württemberg,Stuttgart,70173,9.183172973,48.78473069,1,2608071727,,2608071740,,h,2,Information,,,,,,,14.0,21.0
-922318236278418485-2608071633-14,7649,2608071715,,2,,S,,Weil der Stadt|Malmsheim|Renningen|Rutesheim|Leonberg|Höfingen|Ditzingen|Weilimdorf|Korntal|Neuwirtshaus(Porscheplatz)|Stuttgart-Zuffenhausen|Stuttgart-Feuerbach|Stuttgart Nordbahnhof,8000096,Stuttgart Hbf,Baden-Württemberg,Stuttgart,70173,9.183172973,48.78473069,1,2608071715,,,,,,,,,,,,,0.0,0.0
-1995405770982571456-2608071541-7,2068,2608071753,2608071759,11,,IC,,Nürnberg Hbf|Ansbach|Crailsheim|Ellwangen|Aalen Hbf|Schwäbisch Gmünd,8000096,Stuttgart Hbf,Baden-Württemberg,Stuttgart,70173,9.183172973,48.78473069,1,2608071815,,2608071820,,h,1,Störung,,,,,,,22.0,21.0
-7374615005335437929-2608071614-14,19527,2608071709,,8,,RE,,Pforzheim Hbf|Eutingen(Baden)|Niefern|Enzberg|Mühlacker|Mühlacker Rößlesweg|Illingen(Württ)|Vaihingen(Enz)|Sersheim|Sachsenheim|Ellental|Bietigheim-Bissingen|Ludwigsburg,8000096,Stuttgart Hbf,Baden-Württemberg,Stuttgart,70173,9.183172973,48.78473069,1,2608071711,,,,,,,,,,,,,2.0,0.0
2827873503297188253-2608071733-1,1064,,2608071733,,,ICE,,,8000096,Stuttgart Hbf,Baden-Württemberg,Stuttgart,70173,9.183172973,48.78473069,1,,,2608071747,,h,3,Information,,,,,,,0.0,14.0
6086544143608493018-2608071633-15,7249,2608071710,,3,,S,,Schorndorf|Weiler(Rems)|Winterbach(b Schorndorf)|Geradstetten|Grunbach|Beutelsbach|Endersbach|Stetten-Beinstein|Rommelshausen|Waiblingen|Fellbach|Stuttgart-Sommerrain|Stuttgart Nürnberger Str.|Stuttgart-Bad Cannstatt,8000096,Stuttgart Hbf,Baden-Württemberg,Stuttgart,70173,9.183172973,48.78473069,1,2608071720,,,,h,1,Bauarbeiten,,,,,,,10.0,0.0
443169873031715954-2608071352-4,9575,2608071714,,16,,TGV,,Paris Est|Strasbourg|Karlsruhe Hbf,8000096,Stuttgart Hbf,Baden-Württemberg,Stuttgart,70173,9.183172973,48.78473069,1,2608071950,,,,h,3,Störung,,,Paris Est|Strasbourg|Karlsruhe Hbf,,c,,156.0,0.0
-8855452708455191823-2608071730-1,19528,,2608071730,,,RE,MEX17,,8000096,Stuttgart Hbf,Baden-Württemberg,Stuttgart,70173,9.183172973,48.78473069,1,,,2608071737,,,,,,,,,,,0.0,7.0
3745793782147764309-2608071720-1,19477,,2608071720,,,ARV,13,,8000096,Stuttgart Hbf,Baden-Württemberg,Stuttgart,70173,9.183172973,48.78473069,1,,,2608071740,13,,,,,,,,,,0.0,20.0
4751850562735659445-2608071733-3,28490,2608071756,,5,,RE,,Böblingen|Stuttgart-Vaihingen,8000096,Stuttgart Hbf,Baden-Württemberg,Stuttgart,70173,9.183172973,48.78473069,1,2608071759,,,,h,1,Störung,,,,,,,3.0,0.0
4179075705178608234-2608071707-9,7551,2608071735,,2,,S,,Bietigheim-Bissingen|Tamm(Württ)|Asperg|Ludwigsburg|Kornwestheim Pbf|Stuttgart-Zuffenhausen|Stuttgart-Feuerbach|Stuttgart Nordbahnhof,8000096,Stuttgart Hbf,Baden-Württemberg,Stuttgart,70173,9.183172973,48.78473069,1,2608071735,,,,,,,,,,,,,0.0,0.0
-7851813684664054699-2608071620-15,7149,2608071705,,4,,S,,Kirchheim(Teck)|Kirchheim(Teck)-Ötlingen|Wendlingen(Neckar)|Wernau(Neckar)|Plochingen|Altbach|Esslingen-Zell|Oberesslingen|Esslingen(Neckar)|Esslingen-Mettingen|Stuttgart-Obertürkheim|Stuttgart-Untertürkheim|Stuttgart Neckarpark|Stuttgart-Bad Cannstatt,8000096,Stuttgart Hbf,Baden-Württemberg,Stuttgart,70173,9.183172973,48.78473069,1,2608071705,,,,,,,,,,,,,0.0,0.0
8745282494272285255-2608071737-1,4227,,2608071737,,,RE,RE5,,8000096,Stuttgart Hbf,Baden-Württemberg,Stuttgart,70173,9.183172973,48.78473069,1,,,2608071737,,h,2,Störung,,,,,,,0.0,0.0
-7102073493589944358-2608070913-14,2589,2608071711,2608071717,16,,ICE,,Hamburg Hbf|Büchen|Ludwigslust|Wittenberge|Berlin Hbf|Berlin Südkreuz|Lutherstadt Wittenberg Hbf|Leipzig Hbf|Erfurt Hbf|Eisenach Hbf|Fulda|Frankfurt(Main)Hbf|Mannheim Hbf,8000096,Stuttgart Hbf,Baden-Württemberg,Stuttgart,70173,9.183172973,48.78473069,1,2608071807,15,2608071814,15,h,1,Störung,,,Hamburg Hbf|Büchen|Ludwigslust|Wittenberge|Berlin Hbf|Berlin Südkreuz|Lutherstadt Wittenberg Hbf|Leipzig Hbf|Erfurt Hbf|Eisenach Hbf|Fulda|Frankfurt(Main)Hbf|Mannheim Hbf,Ulm Hbf|Augsburg Hbf|München-Pasing|München Hbf,,,56.0,57.0
3420342321820958894-2608071438-20,88618,2608071702,,11,,ARV,,Nürnberg Hbf|Roßtal|Heilsbronn|Wicklesgreuth|Ansbach|Leutershausen-Wiedersbach|Dombühl|Schnelldorf|Crailsheim|Eckartshausen-Ilshofen|Schwäbisch Hall-Hessental|Gaildorf West|Murrhardt|Sulzbach(Murr)|Oppenweiler(Württ)|Backnang|Winnenden|Waiblingen|Stuttgart-Bad Cannstatt,8000096,Stuttgart Hbf,Baden-Württemberg,Stuttgart,70173,9.183172973,48.78473069,1,,,,,h,1,Bauarbeiten,,,,,c,,0.0,0.0
-4644515304619211385-2608071720-1,7248,,2608071720,,,S,S2,,8000096,Stuttgart Hbf,Baden-Württemberg,Stuttgart,70173,9.183172973,48.78473069,1,,,2608071725,,h,1,Bauarbeiten,,,,,,,0.0,5.0
-2025878135877216684-2608071737-1,7448,,2608071737,,,S,S4,,8000096,Stuttgart Hbf,Baden-Württemberg,Stuttgart,70173,9.183172973,48.78473069,1,,,2608071737,,,,,,,,,,,0.0,0.0
-1785536974042890929-2608071605-6,19681,2608071659,2608071706,15,,ARV,1,Karlsruhe Hbf|Karlsruhe-Durlach|Pforzheim Hbf|Mühlacker|Vaihingen(Enz),8000096,Stuttgart Hbf,Baden-Württemberg,Stuttgart,70173,9.183172973,48.78473069,1,2608071702,,2608071710,,,,,,,,,,,3.0,4.0
4482417414370181234-2608071701-1,28491,,2608071701,,,RE,RESB,,8000096,Stuttgart Hbf,Baden-Württemberg,Stuttgart,70173,9.183172973,48.78473069,1,,,2608071721,,h,1,Störung,,,,,,,0.0,20.0
-3640510063578194066-2608071617-17,17664,2608071742,,7,,RE,,Freudenstadt Hbf|Grüntal-Wittlensweiler|Dornstetten-Aach|Dornstetten|Schopfloch(b Freudenstadt)|Bittelbronn|Horb-Heiligenfeld|Hochdorf(b Horb)|Eutingen Nord|Eutingen im Gäu|Ergenzingen|Bondorf(b Herrenberg)|Gäufelden|Herrenberg|Böblingen|Stuttgart-Vaihingen,8000096,Stuttgart Hbf,Baden-Württemberg,Stuttgart,70173,9.183172973,48.78473069,1,2608071753,,,,,,,,,,,,,11.0,0.0
-2240204575720692912-2608071714-1,19526,,2608071714,,,RE,MEX17,,8000096,Stuttgart Hbf,Baden-Württemberg,Stuttgart,70173,9.183172973,48.78473069,1,,,2608071716,,,,,,,,,,,0.0,2.0
4981779296497126590-2608071716-1,52381,,2608071716,,,RE,IC87,,8000096,Stuttgart Hbf,Baden-Württemberg,Stuttgart,70173,9.183172973,48.78473069,1,,,2608071717,,h,2,Information,,,,,,,0.0,1.0
6545920883284265924-2608071703-1,19159,,2608071703,,,ARV,16,,8000096,Stuttgart Hbf,Baden-Württemberg,Stuttgart,70173,9.183172973,48.78473069,1,,,2608071703,,,,,,,,,,,0.0,0.0
-4733317057400699069-2608071536-5,50186,2608071732,,5,,RE,,Singen(Hohentwiel)|Tuttlingen|Rottweil|Horb,8000096,Stuttgart Hbf,Baden-Württemberg,Stuttgart,70173,9.183172973,48.78473069,1,2608071738,,,,h,2,Information,,,,,,,6.0,0.0
-6841920708223376135-2608071503-13,4222,2608071720,,11,,RE,,Friedrichshafen Stadt|Meckenbeuren|Ravensburg|Aulendorf|Bad Schussenried|Biberach(Riß)|Laupheim West|Ulm Hbf|Geislingen(Steige)|Göppingen|Plochingen|Esslingen(Neckar),8000096,Stuttgart Hbf,Baden-Württemberg,Stuttgart,70173,9.183172973,48.78473069,1,2608071743,,,,h,2,Störung,,,,,,,23.0,0.0
-6132994483842252426-2608071747-1,7650,,2608071747,,,S,S6,,8000096,Stuttgart Hbf,Baden-Württemberg,Stuttgart,70173,9.183172973,48.78473069,1,,,2608071747,,,,,,,,,,,0.0,0.0
7318470911046356350-2608071711-12,7351,2608071747,,4,,S,,Backnang|Maubach|Nellmersbach|Winnenden|Schwaikheim|Neustadt-Hohenacker|Waiblingen|Fellbach|Stuttgart-Sommerrain|Stuttgart Nürnberger Str.|Stuttgart-Bad Cannstatt,8000096,Stuttgart Hbf,Baden-Württemberg,Stuttgart,70173,9.183172973,48.78473069,1,2608071747,,,,,,,,,,,,,0.0,0.0
3835355076369496258-2608071755-1,17547,,2608071755,,,RE,MEX90,,8000096,Stuttgart Hbf,Baden-Württemberg,Stuttgart,70173,9.183172973,48.78473069,1,,,2608071757,,h,1,Störung,,,,,,,0.0,2.0
-5903887693212780403-2608071742-1,19161,,2608071742,,,ARV,16,,8000096,Stuttgart Hbf,Baden-Württemberg,Stuttgart,70173,9.183172973,48.78473069,1,,,2608071743,,,,,,,,,,,0.0,1.0
-9010192018812874226-2608071657-9,19235,2608071743,2608071751,15,,RB,MEX12,Heilbronn Hbf|Nordheim(Württ)|Lauffen(Neckar)|Kirchheim(Neckar)|Walheim(Württ)|Besigheim|Bietigheim-Bissingen|Ludwigsburg,8000096,Stuttgart Hbf,Baden-Württemberg,Stuttgart,70173,9.183172973,48.78473069,1,2608071746,,2608071754,,h,2,Information,,,,,,,3.0,3.0
4754098349983723345-2608071437-7,186,2608071732,,5,,IC,,Zürich HB|Schaffhausen|Singen(Hohentwiel)|Tuttlingen|Rottweil|Horb,8000096,Stuttgart Hbf,Baden-Württemberg,Stuttgart,70173,9.183172973,48.78473069,1,2608071738,,,,h,1,Information,,,,,,,6.0,0.0
-2263801718983010485-2608071716-1,2381,,2608071716,,,IC,,,8000096,Stuttgart Hbf,Baden-Württemberg,Stuttgart,70173,9.183172973,48.78473069,1,,,2608071717,,h,1,Störung,,,,,,,0.0,1.0
-5039424588677200476-2608071729-1,19024,,2608071729,,,ARV,1,,8000096,Stuttgart Hbf,Baden-Württemberg,Stuttgart,70173,9.183172973,48.78473069,1,,,2608071734,,,,,,,,,,,0.0,5.0
-7750715893784361563-2608071742-1,7350,,2608071742,,,S,S3,,8000096,Stuttgart Hbf,Baden-Württemberg,Stuttgart,70173,9.183172973,48.78473069,1,,,2608071742,,,,,,,,,,,0.0,0.0
-5040855886902453859-2608071528-5,514,2608071743,2608071749,9,,ICE,,München Hbf|München-Pasing|Augsburg Hbf|Ulm Hbf,8000096,Stuttgart Hbf,Baden-Württemberg,Stuttgart,70173,9.183172973,48.78473069,1,,,2608071751,,h,3,Information,,,,,c,,0.0,2.0
7555921604632072960-2608071648-16,19158,2608071750,,10,,ARV,,Geislingen(Steige)|Geislingen(Steige)West|Kuchen|Gingen(Fils)|Süßen|Salach|Eislingen(Fils)|Göppingen|Faurndau|Uhingen|Ebersbach(Fils)|Reichenbach(Fils)|Plochingen|Esslingen(Neckar)|Stuttgart-Bad Cannstatt,8000096,Stuttgart Hbf,Baden-Württemberg,Stuttgart,70173,9.183172973,48.78473069,1,2608071754,,,,,,,,,,,,,4.0,0.0
7044670227798406981-2608071727-1,7550,,2608071727,,,S,S5,,8000096,Stuttgart Hbf,Baden-Württemberg,Stuttgart,70173,9.183172973,48.78473069,1,,,2608071727,,,,,,,,,,,0.0,0.0
6868740163494159359-2608071755-1,7152,,2608071755,,,S,S1,,8000096,Stuttgart Hbf,Baden-Württemberg,Stuttgart,70173,9.183172973,48.78473069,1,,,2608071755,,,,,,,,,,,0.0,0.0
29457582318319648-2608071725-1,7150,,2608071725,,,S,S1,,8000096,Stuttgart Hbf,Baden-Württemberg,Stuttgart,70173,9.183172973,48.78473069,1,,,2608071727,,,,,,,,,,,0.0,2.0
3186631593996215666-2608071712-1,7348,,2608071712,,,S,S3,,8000096,Stuttgart Hbf,Baden-Württemberg,Stuttgart,70173,9.183172973,48.78473069,1,,,2608071712,,,,,,,,,,,0.0,0.0
-2665206395953165213-2608071632-7,19023,2608071731,,14,,ARV,,Karlsruhe Hbf|Karlsruhe-Durlach|Wilferdingen-Singen|Pforzheim Hbf|Mühlacker|Vaihingen(Enz),8000096,Stuttgart Hbf,Baden-Württemberg,Stuttgart,70173,9.183172973,48.78473069,1,2608071740,,,,,,,,,,,,,9.0,0.0
-5724428013844966523-2608071703-14,7651,2608071745,,1,,S,,Weil der Stadt|Malmsheim|Renningen|Rutesheim|Leonberg|Höfingen|Ditzingen|Weilimdorf|Korntal|Neuwirtshaus(Porscheplatz)|Stuttgart-Zuffenhausen|Stuttgart-Feuerbach|Stuttgart Nordbahnhof,8000096,Stuttgart Hbf,Baden-Württemberg,Stuttgart,70173,9.183172973,48.78473069,1,2608071745,,,,,,,,,,,,,0.0,0.0
-6425549372536903526-2608071757-1,7552,,2608071757,,,S,S5,,8000096,Stuttgart Hbf,Baden-Württemberg,Stuttgart,70173,9.183172973,48.78473069,1,,,2608071758,,,,,,,,,,,0.0,1.0
-441659302669469367-2608071552-20,19478,2608071739,,13,,ARV,,Crailsheim|Jagstzell|Ellwangen|Schrezheim|Schwabsberg|Goldshöfe|Hofen(b Aalen)|Wasseralfingen|Aalen Hbf|Mögglingen(Gmünd)|Böbingen(Rems)|Schwäbisch Gmünd|Lorch(Württ)|Waldhausen(b Schorndorf)|Plüderhausen|Urbach(b Schorndorf)|Schorndorf|Waiblingen|Stuttgart-Bad Cannstatt,8000096,Stuttgart Hbf,Baden-Württemberg,Stuttgart,70173,9.183172973,48.78473069,1,2608071751,,,,,,,,,,,,,12.0,0.0
9120432599921369422-2608071723-1,574,,2608071723,,,ICE,,,8000096,Stuttgart Hbf,Baden-Württemberg,Stuttgart,70173,9.183172973,48.78473069,1,,,2608071723,9,h,3,Information,,,,,,,0.0,0.0
4850220163613535524-2608071602-12,17662,2608071742,,7,,RE,,Rottweil|Oberndorf(Neckar)|Sulz(Neckar)|Horb|Eutingen im Gäu|Ergenzingen|Bondorf(b Herrenberg)|Gäufelden|Herrenberg|Böblingen|Stuttgart-Vaihingen,8000096,Stuttgart Hbf,Baden-Württemberg,Stuttgart,70173,9.183172973,48.78473069,1,2608071753,,,,,,,,,,,,,11.0,0.0
713199971080468435-2608071650-15,7151,2608071735,,4,,S,,Kirchheim(Teck)|Kirchheim(Teck)-Ötlingen|Wendlingen(Neckar)|Wernau(Neckar)|Plochingen|Altbach|Esslingen-Zell|Oberesslingen|Esslingen(Neckar)|Esslingen-Mettingen|Stuttgart-Obertürkheim|Stuttgart-Untertürkheim|Stuttgart Neckarpark|Stuttgart-Bad Cannstatt,8000096,Stuttgart Hbf,Baden-Württemberg,Stuttgart,70173,9.183172973,48.78473069,1,2608071735,,,,,,,,,,,,,0.0,0.0
3092648369704978103-2608071644-14,19529,2608071739,,8,,RE,,Pforzheim Hbf|Eutingen(Baden)|Niefern|Enzberg|Mühlacker|Mühlacker Rößlesweg|Illingen(Württ)|Vaihingen(Enz)|Sersheim|Sachsenheim|Ellental|Bietigheim-Bissingen|Ludwigsburg,8000096,Stuttgart Hbf,Baden-Württemberg,Stuttgart,70173,9.183172973,48.78473069,1,2608071744,,,,,,,,,,,,,5.0,0.0
-7555129147761723302-2608071607-12,19428,2608071709,,14,,ARV,,Aalen Hbf|Mögglingen(Gmünd)|Böbingen(Rems)|Schwäbisch Gmünd|Lorch(Württ)|Waldhausen(b Schorndorf)|Plüderhausen|Urbach(b Schorndorf)|Schorndorf|Waiblingen|Stuttgart-Bad Cannstatt,8000096,Stuttgart Hbf,Baden-Württemberg,Stuttgart,70173,9.183172973,48.78473069,1,2608071736,13,,,,,,,,,,,,27.0,0.0
3145083689400513535-2608071747-1,19427,,2608071747,,,ARV,13,,8000096,Stuttgart Hbf,Baden-Württemberg,Stuttgart,70173,9.183172973,48.78473069,1,,,2608071758,,,,,,,,,,,0.0,11.0
-7819160470553148770-2608071641-12,7349,2608071717,,4,,S,,Backnang|Maubach|Nellmersbach|Winnenden|Schwaikheim|Neustadt-Hohenacker|Waiblingen|Fellbach|Stuttgart-Sommerrain|Stuttgart Nürnberger Str.|Stuttgart-Bad Cannstatt,8000096,Stuttgart Hbf,Baden-Württemberg,Stuttgart,70173,9.183172973,48.78473069,1,2608071717,,,,,,,,,,,,,0.0,0.0
3775348367385191971-2608071707-1,7446,,2608071707,,,S,S4,,8000096,Stuttgart Hbf,Baden-Württemberg,Stuttgart,70173,9.183172973,48.78473069,1,,,2608071708,,,,,,,,,,,0.0,1.0
-3837214827250733369-2608071750-1,7250,,2608071750,,,S,S2,,8000096,Stuttgart Hbf,Baden-Württemberg,Stuttgart,70173,9.183172973,48.78473069,1,,,2608071750,,h,1,Bauarbeiten,,,,,,,0.0,0.0
156206222396100406-2608071703-14,7451,2608071755,,2,,S,,Backnang|Burgstall(Murr)|Kirchberg(Murr)|Erdmannhausen|Marbach(Neckar)|Benningen(Neckar)|Freiberg(Neckar)|Favoritepark|Ludwigsburg|Kornwestheim Pbf|Stuttgart-Zuffenhausen|Stuttgart-Feuerbach|Stuttgart Nordbahnhof,8000096,Stuttgart Hbf,Baden-Württemberg,Stuttgart,70173,9.183172973,48.78473069,1,2608071755,,,,,,,,,,,,,0.0,0.0
-639969770733858063-2608071717-1,7648,,2608071717,,,S,S6,,8000096,Stuttgart Hbf,Baden-Württemberg,Stuttgart,70173,9.183172973,48.78473069,1,,,2608071718,,,,,,,,,,,0.0,1.0
907907202764772803-2608071546-22,19156,2608071716,,13,,ARV,,Ulm Hbf|Beimerstetten|Westerstetten|Lonsee|Urspring|Amstetten(Württ)|Geislingen(Steige)|Geislingen(Steige)West|Kuchen|Gingen(Fils)|Süßen|Salach|Eislingen(Fils)|Göppingen|Faurndau|Uhingen|Ebersbach(Fils)|Reichenbach(Fils)|Plochingen|Esslingen(Neckar)|Stuttgart-Bad Cannstatt,8000096,Stuttgart Hbf,Baden-Württemberg,Stuttgart,70173,9.183172973,48.78473069,1,2608071733,10,,,,,,,,,,,,17.0,0.0
-5832640759932011953-2608071703-15,7251,2608071740,,3,,S,,Schorndorf|Weiler(Rems)|Winterbach(b Schorndorf)|Geradstetten|Grunbach|Beutelsbach|Endersbach|Stetten-Beinstein|Rommelshausen|Waiblingen|Fellbach|Stuttgart-Sommerrain|Stuttgart Nürnberger Str.|Stuttgart-Bad Cannstatt,8000096,Stuttgart Hbf,Baden-Württemberg,Stuttgart,70173,9.183172973,48.78473069,1,2608071740,,,,h,1,Bauarbeiten,,,,,,,0.0,0.0
920959792590868696-2608070939-11,1239,2608071746,,14,,FLX,,Hamburg Hbf|Berlin-Spandau|Berlin Hbf|Berlin Südkreuz|Halle(Saale)Hbf|Erfurt Hbf|Fulda|Frankfurt(Main)Süd|Darmstadt Hbf|Heidelberg Hbf,8000096,Stuttgart Hbf,Baden-Württemberg,Stuttgart,70173,9.183172973,48.78473069,1,2608071905,,,,,,,,,Hamburg Hbf|Berlin-Spandau|Berlin Hbf|Berlin Südkreuz|Halle(Saale)Hbf|Erfurt Hbf|Fulda|Frankfurt(Main)Süd|Darmstadt Hbf|Heidelberg Hbf,,,,79.0,0.0
5762702430735637261-2608071742-1,19096,,2608071742,,,ARV,8,,8000096,Stuttgart Hbf,Baden-Württemberg,Stuttgart,70173,9.183172973,48.78473069,1,,,2608071753,,,,,,,,,,,0.0,11.0
-6941686648187494295-2608071633-14,7449,2608071725,,1,,S,,Backnang|Burgstall(Murr)|Kirchberg(Murr)|Erdmannhausen|Marbach(Neckar)|Benningen(Neckar)|Freiberg(Neckar)|Favoritepark|Ludwigsburg|Kornwestheim Pbf|Stuttgart-Zuffenhausen|Stuttgart-Feuerbach|Stuttgart Nordbahnhof,8000096,Stuttgart Hbf,Baden-Württemberg,Stuttgart,70173,9.183172973,48.78473069,1,2608071725,,,,,,,,,,,,,0.0,0.0
4181353259517315832-2608071720-13,7153,2608071757,2608071757,1,,S,S1,Kirchheim(Teck)|Kirchheim(Teck)-Ötlingen|Wendlingen(Neckar)|Wernau(Neckar)|Plochingen|Altbach|Esslingen-Zell|Oberesslingen|Esslingen(Neckar)|Esslingen-Mettingen|Stuttgart-Obertürkheim|Stuttgart-Untertürkheim,8006743,Stuttgart Neckarpark,Baden-Württemberg,Stuttgart,70372,9.24106855,48.79194362,4,2608071757,,2608071757,,,,,,,,,,,0.0,0.0
-7734078232361227040-2608071655-3,7148,2608071702,2608071702,2,,S,S1,Stuttgart Hbf|Stuttgart-Bad Cannstatt,8006743,Stuttgart Neckarpark,Baden-Württemberg,Stuttgart,70372,9.24106855,48.79194362,4,2608071705,,2608071706,,,,,,,,,,,3.0,4.0
29457582318319648-2608071725-3,7150,2608071732,2608071732,2,,S,S1,Stuttgart Hbf|Stuttgart-Bad Cannstatt,8006743,Stuttgart Neckarpark,Baden-Württemberg,Stuttgart,70372,9.24106855,48.79194362,4,2608071735,,2608071735,,,,,,,,,,,3.0,3.0
713199971080468435-2608071650-13,7151,2608071727,2608071727,1,,S,S1,Kirchheim(Teck)|Kirchheim(Teck)-Ötlingen|Wendlingen(Neckar)|Wernau(Neckar)|Plochingen|Altbach|Esslingen-Zell|Oberesslingen|Esslingen(Neckar)|Esslingen-Mettingen|Stuttgart-Obertürkheim|Stuttgart-Untertürkheim,8006743,Stuttgart Neckarpark,Baden-Württemberg,Stuttgart,70372,9.24106855,48.79194362,4,2608071727,,2608071727,,,,,,,,,,,0.0,0.0
-4827015275996172889-2608071637-8,7549,2608071659,2608071701,4,,S,S5,Bietigheim-Bissingen|Tamm(Württ)|Asperg|Ludwigsburg|Kornwestheim Pbf|Stuttgart-Zuffenhausen|Stuttgart-Feuerbach,8005767,Stuttgart Nord,Baden-Württemberg,Stuttgard-Nord,70174,9.188061449,48.80374161,5,2608071659,,2608071702,,,,,,,,,,,0.0,1.0
-922318236278418485-2608071633-13,7649,2608071709,2608071711,4,,S,S6,Weil der Stadt|Malmsheim|Renningen|Rutesheim|Leonberg|Höfingen|Ditzingen|Weilimdorf|Korntal|Neuwirtshaus(Porscheplatz)|Stuttgart-Zuffenhausen|Stuttgart-Feuerbach,8005767,Stuttgart Nord,Baden-Württemberg,Stuttgard-Nord,70174,9.188061449,48.80374161,5,2608071709,,2608071711,,,,,,,,,,,0.0,0.0
4438230868556249097-2608071657-2,7548,2608071700,2608071701,3,,S,S5,Stuttgart Hbf,8005767,Stuttgart Nord,Baden-Württemberg,Stuttgard-Nord,70174,9.188061449,48.80374161,5,2608071701,,2608071701,,,,,,,,,,,1.0,0.0
4179075705178608234-2608071707-8,7551,2608071729,2608071731,4,,S,S5,Bietigheim-Bissingen|Tamm(Württ)|Asperg|Ludwigsburg|Kornwestheim Pbf|Stuttgart-Zuffenhausen|Stuttgart-Feuerbach,8005767,Stuttgart Nord,Baden-Württemberg,Stuttgard-Nord,70174,9.188061449,48.80374161,5,2608071729,,2608071731,,,,,,,,,,,0.0,0.0
-2025878135877216684-2608071737-2,7448,2608071740,2608071741,3,,S,S4,Stuttgart Hbf,8005767,Stuttgart Nord,Baden-Württemberg,Stuttgard-Nord,70174,9.188061449,48.80374161,5,2608071740,,2608071741,,,,,,,,,,,0.0,0.0
-6132994483842252426-2608071747-2,7650,2608071750,2608071752,3,,S,S6,Stuttgart Hbf,8005767,Stuttgart Nord,Baden-Württemberg,Stuttgard-Nord,70174,9.188061449,48.80374161,5,2608071751,,2608071752,,,,,,,,,,,1.0,0.0
7044670227798406981-2608071727-2,7550,2608071730,2608071731,3,,S,S5,Stuttgart Hbf,8005767,Stuttgart Nord,Baden-Württemberg,Stuttgard-Nord,70174,9.188061449,48.80374161,5,2608071731,,2608071732,,,,,,,,,,,1.0,1.0
-5724428013844966523-2608071703-13,7651,2608071739,2608071741,4,,S,S6,Weil der Stadt|Malmsheim|Renningen|Rutesheim|Leonberg|Höfingen|Ditzingen|Weilimdorf|Korntal|Neuwirtshaus(Porscheplatz)|Stuttgart-Zuffenhausen|Stuttgart-Feuerbach,8005767,Stuttgart Nord,Baden-Württemberg,Stuttgard-Nord,70174,9.188061449,48.80374161,5,2608071739,,2608071741,,,,,,,,,,,0.0,0.0
-6653627024630377952-2608071737-8,7553,2608071759,2608071801,4,,S,S5,Bietigheim-Bissingen|Tamm(Württ)|Asperg|Ludwigsburg|Kornwestheim Pbf|Stuttgart-Zuffenhausen|Stuttgart-Feuerbach,8005767,Stuttgart Nord,Baden-Württemberg,Stuttgard-Nord,70174,9.188061449,48.80374161,5,2608071759,,2608071801,,,,,,,,,,,0.0,0.0
3775348367385191971-2608071707-2,7446,2608071710,2608071711,3,,S,S4,Stuttgart Hbf,8005767,Stuttgart Nord,Baden-Württemberg,Stuttgard-Nord,70174,9.188061449,48.80374161,5,2608071712,,2608071712,,,,,,,,,,,2.0,1.0
156206222396100406-2608071703-13,7451,2608071749,2608071751,4,,S,S4,Backnang|Burgstall(Murr)|Kirchberg(Murr)|Erdmannhausen|Marbach(Neckar)|Benningen(Neckar)|Freiberg(Neckar)|Favoritepark|Ludwigsburg|Kornwestheim Pbf|Stuttgart-Zuffenhausen|Stuttgart-Feuerbach,8005767,Stuttgart Nord,Baden-Württemberg,Stuttgard-Nord,70174,9.188061449,48.80374161,5,2608071749,,2608071751,,,,,,,,,,,0.0,0.0
-639969770733858063-2608071717-2,7648,2608071720,2608071722,3,,S,S6,Stuttgart Hbf,8005767,Stuttgart Nord,Baden-Württemberg,Stuttgard-Nord,70174,9.188061449,48.80374161,5,2608071721,,2608071722,,,,,,,,,,,1.0,0.0
-6941686648187494295-2608071633-13,7449,2608071719,2608071721,4,,S,S4,Backnang|Burgstall(Murr)|Kirchberg(Murr)|Erdmannhausen|Marbach(Neckar)|Benningen(Neckar)|Freiberg(Neckar)|Favoritepark|Ludwigsburg|Kornwestheim Pbf|Stuttgart-Zuffenhausen|Stuttgart-Feuerbach,8005767,Stuttgart Nord,Baden-Württemberg,Stuttgard-Nord,70174,9.188061449,48.80374161,5,2608071719,,2608071721,,,,,,,,,,,0.0,0.0
6086544143608493018-2608071633-13,7249,2608071702,2608071703,1,,S,S2,Schorndorf|Weiler(Rems)|Winterbach(b Schorndorf)|Geradstetten|Grunbach|Beutelsbach|Endersbach|Stetten-Beinstein|Rommelshausen|Waiblingen|Fellbach|Stuttgart-Sommerrain,8004357,Stuttgart Nürnberger Straße,Baden-Württemberg,Stuttgart,70374,9.234576905,48.80656062,5,2608071712,,2608071713,,h,1,Bauarbeiten,,,,,,,10.0,10.0
-4644515304619211385-2608071720-3,7248,2608071727,2608071727,4,,S,S2,Stuttgart Hbf|Stuttgart-Bad Cannstatt,8004357,Stuttgart Nürnberger Straße,Baden-Württemberg,Stuttgart,70374,9.234576905,48.80656062,5,2608071732,,2608071732,,h,1,Bauarbeiten,,,,,,,5.0,5.0
7318470911046356350-2608071711-10,7351,2608071737,2608071738,1,,S,S3,Backnang|Maubach|Nellmersbach|Winnenden|Schwaikheim|Neustadt-Hohenacker|Waiblingen|Fellbach|Stuttgart-Sommerrain,8004357,Stuttgart Nürnberger Straße,Baden-Württemberg,Stuttgart,70374,9.234576905,48.80656062,5,2608071737,,2608071738,,,,,,,,,,,0.0,0.0
-7750715893784361563-2608071742-3,7350,2608071752,2608071752,4,,S,S3,Stuttgart Hbf|Stuttgart-Bad Cannstatt,8004357,Stuttgart Nürnberger Straße,Baden-Württemberg,Stuttgart,70374,9.234576905,48.80656062,5,2608071752,,2608071752,,,,,,,,,,,0.0,0.0
3186631593996215666-2608071712-3,7348,2608071722,2608071722,4,,S,S3,Stuttgart Hbf|Stuttgart-Bad Cannstatt,8004357,Stuttgart Nürnberger Straße,Baden-Württemberg,Stuttgart,70374,9.234576905,48.80656062,5,2608071722,,2608071722,,,,,,,,,,,0.0,0.0
-7819160470553148770-2608071641-10,7349,2608071707,2608071708,1,,S,S3,Backnang|Maubach|Nellmersbach|Winnenden|Schwaikheim|Neustadt-Hohenacker|Waiblingen|Fellbach|Stuttgart-Sommerrain,8004357,Stuttgart Nürnberger Straße,Baden-Württemberg,Stuttgart,70374,9.234576905,48.80656062,5,2608071708,,2608071708,,,,,,,,,,,1.0,0.0
-3837214827250733369-2608071750-3,7250,2608071757,2608071757,4,,S,S2,Stuttgart Hbf|Stuttgart-Bad Cannstatt,8004357,Stuttgart Nürnberger Straße,Baden-Württemberg,Stuttgart,70374,9.234576905,48.80656062,5,2608071757,,2608071757,,h,1,Bauarbeiten,,,,,,,0.0,0.0
-5832640759932011953-2608071703-13,7251,2608071732,2608071733,1,,S,S2,Schorndorf|Weiler(Rems)|Winterbach(b Schorndorf)|Geradstetten|Grunbach|Beutelsbach|Endersbach|Stetten-Beinstein|Rommelshausen|Waiblingen|Fellbach|Stuttgart-Sommerrain,8004357,Stuttgart Nürnberger Straße,Baden-Württemberg,Stuttgart,70374,9.234576905,48.80656062,5,2608071732,,2608071733,,h,1,Bauarbeiten,,,,,,,0.0,0.0
8755829704218028297-2608071605-10,19238,2608071703,2608071707,1,,RB,MEX12,Tübingen Hbf|Reutlingen Hbf|Metzingen(Württ)|Bempflingen|Nürtingen|Oberboihingen|Wendlingen(Neckar)|Plochingen|Esslingen(Neckar),8005769,Stuttgart-Bad Cannstatt,Baden-Württemberg,Stuttgart,70372,9.217468636,48.80127978,3,2608071709,,2608071711,,h,2,Information,,,,,,,6.0,4.0
-8550986694392326164-2608071657-2,89687,2608071700,2608071701,7,,ARV,90,Stuttgart Hbf,8005769,Stuttgart-Bad Cannstatt,Baden-Württemberg,Stuttgart,70372,9.217468636,48.80127978,3,2608071703,,2608071705,,h,1,Bauarbeiten,,,,,,,3.0,4.0
6086544143608493018-2608071633-14,7249,2608071705,2608071706,2,,S,S2,Schorndorf|Weiler(Rems)|Winterbach(b Schorndorf)|Geradstetten|Grunbach|Beutelsbach|Endersbach|Stetten-Beinstein|Rommelshausen|Waiblingen|Fellbach|Stuttgart-Sommerrain|Stuttgart Nürnberger Str.,8005769,Stuttgart-Bad Cannstatt,Baden-Württemberg,Stuttgart,70372,9.217468636,48.80127978,3,2608071715,,2608071716,,h,1,Bauarbeiten,,,,,,,10.0,10.0
3745793782147764309-2608071720-2,19477,2608071724,2608071725,7,,ARV,13,Stuttgart Hbf,8005769,Stuttgart-Bad Cannstatt,Baden-Württemberg,Stuttgart,70372,9.217468636,48.80127978,3,2608071744,,2608071745,,,,,,,,,,,20.0,20.0
-7851813684664054699-2608071620-14,7149,2608071700,2608071701,2,,S,S1,Kirchheim(Teck)|Kirchheim(Teck)-Ötlingen|Wendlingen(Neckar)|Wernau(Neckar)|Plochingen|Altbach|Esslingen-Zell|Oberesslingen|Esslingen(Neckar)|Esslingen-Mettingen|Stuttgart-Obertürkheim|Stuttgart-Untertürkheim|Stuttgart Neckarpark,8005769,Stuttgart-Bad Cannstatt,Baden-Württemberg,Stuttgart,70372,9.217468636,48.80127978,3,2608071700,,2608071701,,,,,,,,,,,0.0,0.0
-4644515304619211385-2608071720-2,7248,2608071724,2608071724,3,,S,S2,Stuttgart Hbf,8005769,Stuttgart-Bad Cannstatt,Baden-Württemberg,Stuttgart,70372,9.217468636,48.80127978,3,2608071729,,2608071729,,h,1,Bauarbeiten,,,,,,,5.0,5.0
6545920883284265924-2608071703-2,19159,2608071706,2608071708,8,,ARV,16,Stuttgart Hbf,8005769,Stuttgart-Bad Cannstatt,Baden-Württemberg,Stuttgart,70372,9.217468636,48.80127978,3,2608071707,,2608071708,,,,,,,,,,,1.0,0.0
7318470911046356350-2608071711-11,7351,2608071741,2608071743,2,,S,S3,Backnang|Maubach|Nellmersbach|Winnenden|Schwaikheim|Neustadt-Hohenacker|Waiblingen|Fellbach|Stuttgart-Sommerrain|Stuttgart Nürnberger Str.,8005769,Stuttgart-Bad Cannstatt,Baden-Württemberg,Stuttgart,70372,9.217468636,48.80127978,3,2608071741,,2608071743,,,,,,,,,,,0.0,0.0
3835355076369496258-2608071755-2,17547,2608071758,2608071759,7,,RE,MEX90,Stuttgart Hbf,8005769,Stuttgart-Bad Cannstatt,Baden-Württemberg,Stuttgart,70372,9.217468636,48.80127978,3,2608071805,,2608071806,,h,1,Störung,,,,,,,7.0,7.0
-5903887693212780403-2608071742-2,19161,2608071745,2608071746,8,,ARV,16,Stuttgart Hbf,8005769,Stuttgart-Bad Cannstatt,Baden-Württemberg,Stuttgart,70372,9.217468636,48.80127978,3,2608071746,,2608071747,,,,,,,,,,,1.0,1.0
-9010192018812874226-2608071657-10,19235,2608071754,2608071755,8,,RB,MEX12,Heilbronn Hbf|Nordheim(Württ)|Lauffen(Neckar)|Kirchheim(Neckar)|Walheim(Württ)|Besigheim|Bietigheim-Bissingen|Ludwigsburg|Stuttgart Hbf,8005769,Stuttgart-Bad Cannstatt,Baden-Württemberg,Stuttgart,70372,9.217468636,48.80127978,3,2608071800,4,2608071800,4,h,2,Information,,,,,,,6.0,5.0
6706195267403165366-2608071703-9,17550,2608071758,2608071758,6,,RE,MEX90,Schwäbisch Hall-Hessental|Gaildorf West|Murrhardt|Sulzbach(Murr)|Oppenweiler(Württ)|Backnang|Winnenden|Waiblingen,8005769,Stuttgart-Bad Cannstatt,Baden-Württemberg,Stuttgart,70372,9.217468636,48.80127978,3,2608071803,,2608071807,,h,1,Störung,,,,,,,5.0,9.0
-7750715893784361563-2608071742-2,7350,2608071746,2608071749,3,,S,S3,Stuttgart Hbf,8005769,Stuttgart-Bad Cannstatt,Baden-Württemberg,Stuttgart,70372,9.217468636,48.80127978,3,2608071746,,2608071749,,,,,,,,,,,0.0,0.0
7555921604632072960-2608071648-15,19158,2608071746,2608071747,5,,ARV,16,Geislingen(Steige)|Geislingen(Steige)West|Kuchen|Gingen(Fils)|Süßen|Salach|Eislingen(Fils)|Göppingen|Faurndau|Uhingen|Ebersbach(Fils)|Reichenbach(Fils)|Plochingen|Esslingen(Neckar),8005769,Stuttgart-Bad Cannstatt,Baden-Württemberg,Stuttgart,70372,9.217468636,48.80127978,3,2608071749,,2608071751,,,,,,,,,,,3.0,4.0
6868740163494159359-2608071755-2,7152,2608071758,2608071759,3,,S,S1,Stuttgart Hbf,8005769,Stuttgart-Bad Cannstatt,Baden-Württemberg,Stuttgart,70372,9.217468636,48.80127978,3,2608071801,,2608071802,,,,,,,,,,,3.0,3.0
29457582318319648-2608071725-2,7150,2608071728,2608071729,3,,S,S1,Stuttgart Hbf,8005769,Stuttgart-Bad Cannstatt,Baden-Württemberg,Stuttgart,70372,9.217468636,48.80127978,3,2608071732,,2608071732,,,,,,,,,,,4.0,3.0
3186631593996215666-2608071712-2,7348,2608071716,2608071719,3,,S,S3,Stuttgart Hbf,8005769,Stuttgart-Bad Cannstatt,Baden-Württemberg,Stuttgart,70372,9.217468636,48.80127978,3,2608071716,,2608071719,,,,,,,,,,,0.0,0.0
-441659302669469367-2608071552-19,19478,2608071735,2608071735,6,,ARV,13,Crailsheim|Jagstzell|Ellwangen|Schrezheim|Schwabsberg|Goldshöfe|Hofen(b Aalen)|Wasseralfingen|Aalen Hbf|Mögglingen(Gmünd)|Böbingen(Rems)|Schwäbisch Gmünd|Lorch(Württ)|Waldhausen(b Schorndorf)|Plüderhausen|Urbach(b Schorndorf)|Schorndorf|Waiblingen,8005769,Stuttgart-Bad Cannstatt,Baden-Württemberg,Stuttgart,70372,9.217468636,48.80127978,3,2608071746,,2608071747,,,,,,,,,,,11.0,12.0
713199971080468435-2608071650-14,7151,2608071730,2608071731,2,,S,S1,Kirchheim(Teck)|Kirchheim(Teck)-Ötlingen|Wendlingen(Neckar)|Wernau(Neckar)|Plochingen|Altbach|Esslingen-Zell|Oberesslingen|Esslingen(Neckar)|Esslingen-Mettingen|Stuttgart-Obertürkheim|Stuttgart-Untertürkheim|Stuttgart Neckarpark,8005769,Stuttgart-Bad Cannstatt,Baden-Württemberg,Stuttgart,70372,9.217468636,48.80127978,3,2608071730,,2608071731,,,,,,,,,,,0.0,0.0
-7555129147761723302-2608071607-11,19428,2608071705,2608071705,6,,ARV,13,Aalen Hbf|Mögglingen(Gmünd)|Böbingen(Rems)|Schwäbisch Gmünd|Lorch(Württ)|Waldhausen(b Schorndorf)|Plüderhausen|Urbach(b Schorndorf)|Schorndorf|Waiblingen,8005769,Stuttgart-Bad Cannstatt,Baden-Württemberg,Stuttgart,70372,9.217468636,48.80127978,3,2608071719,,2608071731,,,,,,,,,,,14.0,26.0
3145083689400513535-2608071747-2,19427,2608071750,2608071752,7,,ARV,13,Stuttgart Hbf,8005769,Stuttgart-Bad Cannstatt,Baden-Württemberg,Stuttgart,70372,9.217468636,48.80127978,3,2608071801,,2608071802,,,,,,,,,,,11.0,10.0
-7819160470553148770-2608071641-11,7349,2608071711,2608071713,2,,S,S3,Backnang|Maubach|Nellmersbach|Winnenden|Schwaikheim|Neustadt-Hohenacker|Waiblingen|Fellbach|Stuttgart-Sommerrain|Stuttgart Nürnberger Str.,8005769,Stuttgart-Bad Cannstatt,Baden-Württemberg,Stuttgart,70372,9.217468636,48.80127978,3,2608071711,,2608071713,,,,,,,,,,,0.0,0.0
-3837214827250733369-2608071750-2,7250,2608071754,2608071754,3,,S,S2,Stuttgart Hbf,8005769,Stuttgart-Bad Cannstatt,Baden-Württemberg,Stuttgart,70372,9.217468636,48.80127978,3,2608071754,,2608071755,,h,1,Bauarbeiten,,,,,,,0.0,1.0
907907202764772803-2608071546-21,19156,2608071712,2608071712,5,,ARV,16,Ulm Hbf|Beimerstetten|Westerstetten|Lonsee|Urspring|Amstetten(Württ)|Geislingen(Steige)|Geislingen(Steige)West|Kuchen|Gingen(Fils)|Süßen|Salach|Eislingen(Fils)|Göppingen|Faurndau|Uhingen|Ebersbach(Fils)|Reichenbach(Fils)|Plochingen|Esslingen(Neckar),8005769,Stuttgart-Bad Cannstatt,Baden-Württemberg,Stuttgart,70372,9.217468636,48.80127978,3,2608071712,,2608071728,,,,,,,,,,,0.0,16.0
-5832640759932011953-2608071703-14,7251,2608071735,2608071736,2,,S,S2,Schorndorf|Weiler(Rems)|Winterbach(b Schorndorf)|Geradstetten|Grunbach|Beutelsbach|Endersbach|Stetten-Beinstein|Rommelshausen|Waiblingen|Fellbach|Stuttgart-Sommerrain|Stuttgart Nürnberger Str.,8005769,Stuttgart-Bad Cannstatt,Baden-Württemberg,Stuttgart,70372,9.217468636,48.80127978,3,2608071735,,2608071736,,h,1,Bauarbeiten,,,,,,,0.0,0.0
-922318236278418485-2608071633-12,7649,2608071706,2608071706,1,,S,S6,Weil der Stadt|Malmsheim|Renningen|Rutesheim|Leonberg|Höfingen|Ditzingen|Weilimdorf|Korntal|Neuwirtshaus(Porscheplatz)|Stuttgart-Zuffenhausen,8005770,Stuttgart-Feuerbach,Baden-Württemberg,Feuerbach,70469,9.169186287,48.81363554,3,2608071706,,2608071707,,,,,,,,,,,0.0,1.0
4438230868556249097-2608071657-3,7548,2608071703,2608071704,2,,S,S5,Stuttgart Hbf|Stuttgart Nordbahnhof,8005770,Stuttgart-Feuerbach,Baden-Württemberg,Feuerbach,70469,9.169186287,48.81363554,3,2608071703,,2608071704,,,,,,,,,,,0.0,0.0
4179075705178608234-2608071707-7,7551,2608071726,2608071726,1,,S,S5,Bietigheim-Bissingen|Tamm(Württ)|Asperg|Ludwigsburg|Kornwestheim Pbf|Stuttgart-Zuffenhausen,8005770,Stuttgart-Feuerbach,Baden-Württemberg,Feuerbach,70469,9.169186287,48.81363554,3,2608071726,,2608071726,,,,,,,,,,,0.0,0.0
-2025878135877216684-2608071737-3,7448,2608071743,2608071744,2,,S,S4,Stuttgart Hbf|Stuttgart Nordbahnhof,8005770,Stuttgart-Feuerbach,Baden-Württemberg,Feuerbach,70469,9.169186287,48.81363554,3,2608071743,,2608071744,,,,,,,,,,,0.0,0.0
-6132994483842252426-2608071747-3,7650,2608071754,2608071754,2,,S,S6,Stuttgart Hbf|Stuttgart Nordbahnhof,8005770,Stuttgart-Feuerbach,Baden-Württemberg,Feuerbach,70469,9.169186287,48.81363554,3,2608071754,,2608071754,,,,,,,,,,,0.0,0.0
7044670227798406981-2608071727-3,7550,2608071733,2608071734,2,,S,S5,Stuttgart Hbf|Stuttgart Nordbahnhof,8005770,Stuttgart-Feuerbach,Baden-Württemberg,Feuerbach,70469,9.169186287,48.81363554,3,2608071733,,2608071734,,,,,,,,,,,0.0,0.0
3526721697398069716-2608071704-16,7049,2608071751,,1a,,S,,Böblingen|Sindelfingen|Maichingen|Maichingen Nord|Magstadt|Renningen Süd|Renningen|Rutesheim|Leonberg|Höfingen|Ditzingen|Weilimdorf|Korntal|Neuwirtshaus(Porscheplatz)|Stuttgart-Zuffenhausen,8005770,Stuttgart-Feuerbach,Baden-Württemberg,Feuerbach,70469,9.169186287,48.81363554,3,2608071751,,,,,,,,,,,,,0.0,0.0
-5724428013844966523-2608071703-12,7651,2608071736,2608071736,1,,S,S6,Weil der Stadt|Malmsheim|Renningen|Rutesheim|Leonberg|Höfingen|Ditzingen|Weilimdorf|Korntal|Neuwirtshaus(Porscheplatz)|Stuttgart-Zuffenhausen,8005770,Stuttgart-Feuerbach,Baden-Württemberg,Feuerbach,70469,9.169186287,48.81363554,3,2608071736,,2608071736,,,,,,,,,,,0.0,0.0
-6653627024630377952-2608071737-7,7553,2608071756,2608071756,1,,S,S5,Bietigheim-Bissingen|Tamm(Württ)|Asperg|Ludwigsburg|Kornwestheim Pbf|Stuttgart-Zuffenhausen,8005770,Stuttgart-Feuerbach,Baden-Württemberg,Feuerbach,70469,9.169186287,48.81363554,3,2608071757,,2608071758,,,,,,,,,,,1.0,2.0
3775348367385191971-2608071707-3,7446,2608071713,2608071714,2,,S,S4,Stuttgart Hbf|Stuttgart Nordbahnhof,8005770,Stuttgart-Feuerbach,Baden-Württemberg,Feuerbach,70469,9.169186287,48.81363554,3,2608071714,,2608071714,,,,,,,,,,,1.0,0.0
6913806927060813312-2608071738-1,7054,,2608071738,,,S,S60,,8005770,Stuttgart-Feuerbach,Baden-Württemberg,Feuerbach,70469,9.169186287,48.81363554,3,,,2608071738,,,,,,,,,,,0.0,0.0
156206222396100406-2608071703-12,7451,2608071746,2608071747,1,,S,S4,Backnang|Burgstall(Murr)|Kirchberg(Murr)|Erdmannhausen|Marbach(Neckar)|Benningen(Neckar)|Freiberg(Neckar)|Favoritepark|Ludwigsburg|Kornwestheim Pbf|Stuttgart-Zuffenhausen,8005770,Stuttgart-Feuerbach,Baden-Württemberg,Feuerbach,70469,9.169186287,48.81363554,3,2608071746,,2608071747,,,,,,,,,,,0.0,0.0
3052355004880075210-2608071634-16,7047,2608071721,,1a,,S,,Böblingen|Sindelfingen|Maichingen|Maichingen Nord|Magstadt|Renningen Süd|Renningen|Rutesheim|Leonberg|Höfingen|Ditzingen|Weilimdorf|Korntal|Neuwirtshaus(Porscheplatz)|Stuttgart-Zuffenhausen,8005770,Stuttgart-Feuerbach,Baden-Württemberg,Feuerbach,70469,9.169186287,48.81363554,3,2608071721,,,,,,,,,,,,,0.0,0.0
-639969770733858063-2608071717-3,7648,2608071724,2608071724,2,,S,S6,Stuttgart Hbf|Stuttgart Nordbahnhof,8005770,Stuttgart-Feuerbach,Baden-Württemberg,Feuerbach,70469,9.169186287,48.81363554,3,2608071724,,2608071724,,,,,,,,,,,0.0,0.0
-2961287277413204621-2608071708-1,7052,,2608071708,,,S,S60,,8005770,Stuttgart-Feuerbach,Baden-Württemberg,Feuerbach,70469,9.169186287,48.81363554,3,,,2608071708,,,,,,,,,,,0.0,0.0
-6941686648187494295-2608071633-12,7449,2608071716,2608071717,1,,S,S4,Backnang|Burgstall(Murr)|Kirchberg(Murr)|Erdmannhausen|Marbach(Neckar)|Benningen(Neckar)|Freiberg(Neckar)|Favoritepark|Ludwigsburg|Kornwestheim Pbf|Stuttgart-Zuffenhausen,8005770,Stuttgart-Feuerbach,Baden-Württemberg,Feuerbach,70469,9.169186287,48.81363554,3,2608071717,,2608071717,,,,,,,,,,,1.0,0.0
4181353259517315832-2608071720-11,7153,2608071752,2608071752,5,,S,S1,Kirchheim(Teck)|Kirchheim(Teck)-Ötlingen|Wendlingen(Neckar)|Wernau(Neckar)|Plochingen|Altbach|Esslingen-Zell|Oberesslingen|Esslingen(Neckar)|Esslingen-Mettingen,8005772,Stuttgart-Obertürkheim,Baden-Württemberg,Stuttgart,70329,9.268167932,48.76175015,4,2608071752,,2608071752,,,,,,,,,,,0.0,0.0
-7734078232361227040-2608071655-5,7148,2608071707,2608071707,6,,S,S1,Stuttgart Hbf|Stuttgart-Bad Cannstatt|Stuttgart Neckarpark|Stuttgart-Untertürkheim,8005772,Stuttgart-Obertürkheim,Baden-Württemberg,Stuttgart,70329,9.268167932,48.76175015,4,2608071710,,2608071710,,,,,,,,,,,3.0,3.0
29457582318319648-2608071725-5,7150,2608071737,2608071737,6,,S,S1,Stuttgart Hbf|Stuttgart-Bad Cannstatt|Stuttgart Neckarpark|Stuttgart-Untertürkheim,8005772,Stuttgart-Obertürkheim,Baden-Württemberg,Stuttgart,70329,9.268167932,48.76175015,4,2608071739,,2608071740,,,,,,,,,,,2.0,3.0
713199971080468435-2608071650-11,7151,2608071722,2608071722,5,,S,S1,Kirchheim(Teck)|Kirchheim(Teck)-Ötlingen|Wendlingen(Neckar)|Wernau(Neckar)|Plochingen|Altbach|Esslingen-Zell|Oberesslingen|Esslingen(Neckar)|Esslingen-Mettingen,8005772,Stuttgart-Obertürkheim,Baden-Württemberg,Stuttgart,70329,9.268167932,48.76175015,4,2608071722,,2608071722,,,,,,,,,,,0.0,0.0
4876652056814242716-2608071735-2,7951,2608071736,2608071742,2,,S,S2,Stuttgart-Vaihingen,8005773,Stuttgart-Rohr,Baden-Württemberg,Stuttgart,70565,9.108158025,48.71799427,4,2608071744,,2608071745,,,,,,,,,,,8.0,3.0
-919200684050965817-2608071716-2,7749,2608071717,2608071723,2,,S,S1,Stuttgart-Vaihingen,8005773,Stuttgart-Rohr,Baden-Württemberg,Stuttgart,70565,9.108158025,48.71799427,4,2608071718,,2608071723,,,,,,,,,,,1.0,0.0
541475861985135124-2608071703-6,7948,2608071718,2608071719,3,,S,S2,Filderstadt|Stuttgart Flughafen/Messe|Echterdingen|Leinfelden|Oberaichen,8005773,Stuttgart-Rohr,Baden-Württemberg,Stuttgart,70565,9.108158025,48.71799427,4,2608071718,,2608071719,,,,,,,,,,,0.0,0.0
7852975875200642402-2608071705-2,7949,2608071706,2608071712,2,,S,S2,Stuttgart-Vaihingen,8005773,Stuttgart-Rohr,Baden-Württemberg,Stuttgart,70565,9.108158025,48.71799427,4,2608071707,,2608071712,,,,,,,,,,,1.0,0.0
-9029882139941759741-2608071716-8,7752,2608071737,2608071738,3,,S,S1,Herrenberg|Nufringen|Gärtringen|Ehningen(b Böblingen)|Hulb|Böblingen|Goldberg(Württ),8005773,Stuttgart-Rohr,Baden-Württemberg,Stuttgart,70565,9.108158025,48.71799427,4,2608071740,,2608071741,,,,,,,,,,,3.0,3.0
8984400451337602674-2608071733-6,7950,2608071748,2608071749,3,,S,S2,Filderstadt|Stuttgart Flughafen/Messe|Echterdingen|Leinfelden|Oberaichen,8005773,Stuttgart-Rohr,Baden-Württemberg,Stuttgart,70565,9.108158025,48.71799427,4,2608071749,,2608071749,,,,,,,,,,,1.0,0.0
-7101481629715291400-2608071646-8,7750,2608071707,2608071708,3,,S,S1,Herrenberg|Nufringen|Gärtringen|Ehningen(b Böblingen)|Hulb|Böblingen|Goldberg(Württ),8005773,Stuttgart-Rohr,Baden-Württemberg,Stuttgart,70565,9.108158025,48.71799427,4,2608071710,,2608071710,,,,,,,,,,,3.0,2.0
6013351493766036273-2608071746-2,7751,2608071747,2608071753,2,,S,S1,Stuttgart-Vaihingen,8005773,Stuttgart-Rohr,Baden-Württemberg,Stuttgart,70565,9.108158025,48.71799427,4,2608071748,,2608071753,,,,,,,,,,,1.0,0.0
6086544143608493018-2608071633-12,7249,2608071700,2608071700,1,,S,S2,Schorndorf|Weiler(Rems)|Winterbach(b Schorndorf)|Geradstetten|Grunbach|Beutelsbach|Endersbach|Stetten-Beinstein|Rommelshausen|Waiblingen|Fellbach,8005774,Stuttgart-Sommerrain,Baden-Württemberg,Stuttgart,70374,9.248369749,48.81521824,5,2608071710,,2608071711,,h,1,Bauarbeiten,,,,,,,10.0,11.0
-4644515304619211385-2608071720-4,7248,2608071729,2608071729,4,,S,S2,Stuttgart Hbf|Stuttgart-Bad Cannstatt|Stuttgart Nürnberger Str.,8005774,Stuttgart-Sommerrain,Baden-Württemberg,Stuttgart,70374,9.248369749,48.81521824,5,2608071734,,2608071735,,h,1,Bauarbeiten,,,,,,,5.0,6.0
7318470911046356350-2608071711-9,7351,2608071735,2608071735,1,,S,S3,Backnang|Maubach|Nellmersbach|Winnenden|Schwaikheim|Neustadt-Hohenacker|Waiblingen|Fellbach,8005774,Stuttgart-Sommerrain,Baden-Württemberg,Stuttgart,70374,9.248369749,48.81521824,5,2608071735,,2608071736,,,,,,,,,,,0.0,1.0
-7750715893784361563-2608071742-4,7350,2608071754,2608071754,4,,S,S3,Stuttgart Hbf|Stuttgart-Bad Cannstatt|Stuttgart Nürnberger Str.,8005774,Stuttgart-Sommerrain,Baden-Württemberg,Stuttgart,70374,9.248369749,48.81521824,5,2608071754,,2608071755,,,,,,,,,,,0.0,1.0
3186631593996215666-2608071712-4,7348,2608071724,2608071724,4,,S,S3,Stuttgart Hbf|Stuttgart-Bad Cannstatt|Stuttgart Nürnberger Str.,8005774,Stuttgart-Sommerrain,Baden-Württemberg,Stuttgart,70374,9.248369749,48.81521824,5,2608071724,,2608071724,,,,,,,,,,,0.0,0.0
-7819160470553148770-2608071641-9,7349,2608071705,2608071705,1,,S,S3,Backnang|Maubach|Nellmersbach|Winnenden|Schwaikheim|Neustadt-Hohenacker|Waiblingen|Fellbach,8005774,Stuttgart-Sommerrain,Baden-Württemberg,Stuttgart,70374,9.248369749,48.81521824,5,2608071705,,2608071706,,,,,,,,,,,0.0,1.0
-3837214827250733369-2608071750-4,7250,2608071759,2608071759,4,,S,S2,Stuttgart Hbf|Stuttgart-Bad Cannstatt|Stuttgart Nürnberger Str.,8005774,Stuttgart-Sommerrain,Baden-Württemberg,Stuttgart,70374,9.248369749,48.81521824,5,2608071759,,2608071800,,h,1,Bauarbeiten,,,,,,,0.0,1.0
-5832640759932011953-2608071703-12,7251,2608071730,2608071730,1,,S,S2,Schorndorf|Weiler(Rems)|Winterbach(b Schorndorf)|Geradstetten|Grunbach|Beutelsbach|Endersbach|Stetten-Beinstein|Rommelshausen|Waiblingen|Fellbach,8005774,Stuttgart-Sommerrain,Baden-Württemberg,Stuttgart,70374,9.248369749,48.81521824,5,2608071730,,2608071730,,h,1,Bauarbeiten,,,,,,,0.0,0.0
4181353259517315832-2608071720-12,7153,2608071755,2608071755,5,,S,S1,Kirchheim(Teck)|Kirchheim(Teck)-Ötlingen|Wendlingen(Neckar)|Wernau(Neckar)|Plochingen|Altbach|Esslingen-Zell|Oberesslingen|Esslingen(Neckar)|Esslingen-Mettingen|Stuttgart-Obertürkheim,8005775,Stuttgart-Untertürkheim Pbf,Baden-Württemberg,Stuttgart,70327,9.250467074,48.77984679,3,2608071755,,2608071755,,,,,,,,,,,0.0,0.0
-7734078232361227040-2608071655-4,7148,2608071704,2608071704,6,,S,S1,Stuttgart Hbf|Stuttgart-Bad Cannstatt|Stuttgart Neckarpark,8005775,Stuttgart-Untertürkheim Pbf,Baden-Württemberg,Stuttgart,70327,9.250467074,48.77984679,3,2608071707,,2608071707,,,,,,,,,,,3.0,3.0
29457582318319648-2608071725-4,7150,2608071734,2608071734,6,,S,S1,Stuttgart Hbf|Stuttgart-Bad Cannstatt|Stuttgart Neckarpark,8005775,Stuttgart-Untertürkheim Pbf,Baden-Württemberg,Stuttgart,70327,9.250467074,48.77984679,3,2608071736,,2608071737,,,,,,,,,,,2.0,3.0
713199971080468435-2608071650-12,7151,2608071725,2608071725,5,,S,S1,Kirchheim(Teck)|Kirchheim(Teck)-Ötlingen|Wendlingen(Neckar)|Wernau(Neckar)|Plochingen|Altbach|Esslingen-Zell|Oberesslingen|Esslingen(Neckar)|Esslingen-Mettingen|Stuttgart-Obertürkheim,8005775,Stuttgart-Untertürkheim Pbf,Baden-Württemberg,Stuttgart,70327,9.250467074,48.77984679,3,2608071725,,2608071725,,,,,,,,,,,0.0,0.0
4876652056814242716-2608071735-1,7951,,2608071735,,,S,S2,,8005776,Stuttgart-Vaihingen,Baden-Württemberg,Stuttgart,70563,9.113913368,48.72698116,3,,,2608071743,,,,,,,,,,,0.0,8.0
-919200684050965817-2608071716-1,7749,,2608071716,,,S,S1,,8005776,Stuttgart-Vaihingen,Baden-Württemberg,Stuttgart,70563,9.113913368,48.72698116,3,,,2608071716,,,,,,,,,,,0.0,0.0
541475861985135124-2608071703-7,7948,2608071720,,2,,S,,Filderstadt|Stuttgart Flughafen/Messe|Echterdingen|Leinfelden|Oberaichen|Stuttgart-Rohr,8005776,Stuttgart-Vaihingen,Baden-Württemberg,Stuttgart,70563,9.113913368,48.72698116,3,2608071720,,,,,,,,,,,,,0.0,0.0
4751850562735659445-2608071733-2,28490,2608071741,2608071741,4,,RE,RESB,Böblingen,8005776,Stuttgart-Vaihingen,Baden-Württemberg,Stuttgart,70563,9.113913368,48.72698116,3,2608071741,,2608071745,6,h,1,Störung,,,,,c,,0.0,4.0
7852975875200642402-2608071705-1,7949,,2608071705,,,S,S2,,8005776,Stuttgart-Vaihingen,Baden-Württemberg,Stuttgart,70563,9.113913368,48.72698116,3,,,2608071705,,,,,,,,,,,0.0,0.0
4482417414370181234-2608071701-2,28491,2608071715,2608071718,6,,RE,RESB,Stuttgart Hbf,8005776,Stuttgart-Vaihingen,Baden-Württemberg,Stuttgart,70563,9.113913368,48.72698116,3,2608071739,,2608071738,,h,1,Störung,,,,,,c,24.0,20.0
-3640510063578194066-2608071617-16,17664,2608071728,2608071729,4,,RE,RE14b,Freudenstadt Hbf|Grüntal-Wittlensweiler|Dornstetten-Aach|Dornstetten|Schopfloch(b Freudenstadt)|Bittelbronn|Horb-Heiligenfeld|Hochdorf(b Horb)|Eutingen Nord|Eutingen im Gäu|Ergenzingen|Bondorf(b Herrenberg)|Gäufelden|Herrenberg|Böblingen,8005776,Stuttgart-Vaihingen,Baden-Württemberg,Stuttgart,70563,9.113913368,48.72698116,3,2608071735,1,2608071736,1,,,,,,,,,,7.0,7.0
-9029882139941759741-2608071716-9,7752,2608071740,,3,,S,,Herrenberg|Nufringen|Gärtringen|Ehningen(b Böblingen)|Hulb|Böblingen|Goldberg(Württ)|Stuttgart-Rohr,8005776,Stuttgart-Vaihingen,Baden-Württemberg,Stuttgart,70563,9.113913368,48.72698116,3,2608071743,4,,,,,,,,,,,,3.0,0.0
8984400451337602674-2608071733-7,7950,2608071750,,2,,S,,Filderstadt|Stuttgart Flughafen/Messe|Echterdingen|Leinfelden|Oberaichen|Stuttgart-Rohr,8005776,Stuttgart-Vaihingen,Baden-Württemberg,Stuttgart,70563,9.113913368,48.72698116,3,2608071751,,,,,,,,,,,,,1.0,0.0
4850220163613535524-2608071602-11,17662,2608071728,2608071729,4,,RE,RE14a,Rottweil|Oberndorf(Neckar)|Sulz(Neckar)|Horb|Eutingen im Gäu|Ergenzingen|Bondorf(b Herrenberg)|Gäufelden|Herrenberg|Böblingen,8005776,Stuttgart-Vaihingen,Baden-Württemberg,Stuttgart,70563,9.113913368,48.72698116,3,2608071735,1,2608071736,1,,,,,,,,,,7.0,7.0
-7101481629715291400-2608071646-9,7750,2608071710,,3,,S,,Herrenberg|Nufringen|Gärtringen|Ehningen(b Böblingen)|Hulb|Böblingen|Goldberg(Württ)|Stuttgart-Rohr,8005776,Stuttgart-Vaihingen,Baden-Württemberg,Stuttgart,70563,9.113913368,48.72698116,3,2608071712,,,,,,,,,,,,,2.0,0.0
6013351493766036273-2608071746-1,7751,,2608071746,,,S,S1,,8005776,Stuttgart-Vaihingen,Baden-Württemberg,Stuttgart,70563,9.113913368,48.72698116,3,,,2608071747,,,,,,,,,,,0.0,1.0
-3086228637643871650-2608071647-7,7646,2608071703,2608071704,1,,S,S6,Stuttgart Hbf|Stuttgart Nordbahnhof|Stuttgart-Feuerbach|Stuttgart-Zuffenhausen|Neuwirtshaus(Porscheplatz)|Korntal,8006268,Stuttgart-Weilimdorf,Baden-Württemberg,Stuttgart,70499,9.094370086,48.82208429,5,2608071703,,2608071704,,,,,,,,,,,0.0,0.0
-1939283154746192380-2608071733-8,7653,2608071756,2608071756,2,,S,S6,Weil der Stadt|Malmsheim|Renningen|Rutesheim|Leonberg|Höfingen|Ditzingen,8006268,Stuttgart-Weilimdorf,Baden-Württemberg,Stuttgart,70499,9.094370086,48.82208429,5,2608071756,,2608071757,,,,,,,,,,,0.0,1.0
3526721697398069716-2608071704-12,7049,2608071741,2608071741,2,,S,S60,Böblingen|Sindelfingen|Maichingen|Maichingen Nord|Magstadt|Renningen Süd|Renningen|Rutesheim|Leonberg|Höfingen|Ditzingen,8006268,Stuttgart-Weilimdorf,Baden-Württemberg,Stuttgart,70499,9.094370086,48.82208429,5,2608071741,,2608071742,,,,,,,,,,,0.0,1.0
-5724428013844966523-2608071703-8,7651,2608071726,2608071726,2,,S,S6,Weil der Stadt|Malmsheim|Renningen|Rutesheim|Leonberg|Höfingen|Ditzingen,8006268,Stuttgart-Weilimdorf,Baden-Württemberg,Stuttgart,70499,9.094370086,48.82208429,5,2608071726,,2608071727,,,,,,,,,,,0.0,1.0
6913806927060813312-2608071738-5,7054,2608071748,2608071748,1,,S,S60,Stuttgart-Feuerbach|Stuttgart-Zuffenhausen|Neuwirtshaus(Porscheplatz)|Korntal,8006268,Stuttgart-Weilimdorf,Baden-Württemberg,Stuttgart,70499,9.094370086,48.82208429,5,2608071748,,2608071749,,,,,,,,,,,0.0,1.0
3052355004880075210-2608071634-12,7047,2608071711,2608071711,2,,S,S60,Böblingen|Sindelfingen|Maichingen|Maichingen Nord|Magstadt|Renningen Süd|Renningen|Rutesheim|Leonberg|Höfingen|Ditzingen,8006268,Stuttgart-Weilimdorf,Baden-Württemberg,Stuttgart,70499,9.094370086,48.82208429,5,2608071711,,2608071712,,,,,,,,,,,0.0,1.0
-639969770733858063-2608071717-7,7648,2608071733,2608071734,1,,S,S6,Stuttgart Hbf|Stuttgart Nordbahnhof|Stuttgart-Feuerbach|Stuttgart-Zuffenhausen|Neuwirtshaus(Porscheplatz)|Korntal,8006268,Stuttgart-Weilimdorf,Baden-Württemberg,Stuttgart,70499,9.094370086,48.82208429,5,2608071733,,2608071734,,,,,,,,,,,0.0,0.0
-2961287277413204621-2608071708-5,7052,2608071718,2608071718,1,,S,S60,Stuttgart-Feuerbach|Stuttgart-Zuffenhausen|Neuwirtshaus(Porscheplatz)|Korntal,8006268,Stuttgart-Weilimdorf,Baden-Württemberg,Stuttgart,70499,9.094370086,48.82208429,5,2608071718,,2608071719,,,,,,,,,,,0.0,1.0
-922318236278418485-2608071633-11,7649,2608071703,2608071704,12,,S,S6,Weil der Stadt|Malmsheim|Renningen|Rutesheim|Leonberg|Höfingen|Ditzingen|Weilimdorf|Korntal|Neuwirtshaus(Porscheplatz),8005778,Stuttgart-Zuffenhausen,Baden-Württemberg,Stuttgart,70435,9.167156375,48.82960884,3,2608071703,,2608071704,,,,,,,,,,,0.0,0.0
4438230868556249097-2608071657-4,7548,2608071706,2608071707,4,,S,S5,Stuttgart Hbf|Stuttgart Nordbahnhof|Stuttgart-Feuerbach,8005778,Stuttgart-Zuffenhausen,Baden-Württemberg,Stuttgart,70435,9.167156375,48.82960884,3,2608071706,,2608071707,,,,,,,,,,,0.0,0.0
4179075705178608234-2608071707-6,7551,2608071723,2608071724,2,,S,S5,Bietigheim-Bissingen|Tamm(Württ)|Asperg|Ludwigsburg|Kornwestheim Pbf,8005778,Stuttgart-Zuffenhausen,Baden-Württemberg,Stuttgart,70435,9.167156375,48.82960884,3,2608071723,,2608071724,,,,,,,,,,,0.0,0.0
-2025878135877216684-2608071737-4,7448,2608071746,2608071747,4,,S,S4,Stuttgart Hbf|Stuttgart Nordbahnhof|Stuttgart-Feuerbach,8005778,Stuttgart-Zuffenhausen,Baden-Württemberg,Stuttgart,70435,9.167156375,48.82960884,3,2608071746,,2608071747,,,,,,,,,,,0.0,0.0
-6132994483842252426-2608071747-4,7650,2608071756,2608071757,11,,S,S6,Stuttgart Hbf|Stuttgart Nordbahnhof|Stuttgart-Feuerbach,8005778,Stuttgart-Zuffenhausen,Baden-Württemberg,Stuttgart,70435,9.167156375,48.82960884,3,2608071756,,2608071757,,,,,,,,,,,0.0,0.0
7044670227798406981-2608071727-4,7550,2608071736,2608071737,4,,S,S5,Stuttgart Hbf|Stuttgart Nordbahnhof|Stuttgart-Feuerbach,8005778,Stuttgart-Zuffenhausen,Baden-Württemberg,Stuttgart,70435,9.167156375,48.82960884,3,2608071736,,2608071737,,,,,,,,,,,0.0,0.0
3526721697398069716-2608071704-15,7049,2608071748,2608071749,12,,S,S60,Böblingen|Sindelfingen|Maichingen|Maichingen Nord|Magstadt|Renningen Süd|Renningen|Rutesheim|Leonberg|Höfingen|Ditzingen|Weilimdorf|Korntal|Neuwirtshaus(Porscheplatz),8005778,Stuttgart-Zuffenhausen,Baden-Württemberg,Stuttgart,70435,9.167156375,48.82960884,3,2608071748,,2608071749,,,,,,,,,,,0.0,0.0
-5724428013844966523-2608071703-11,7651,2608071733,2608071734,12,,S,S6,Weil der Stadt|Malmsheim|Renningen|Rutesheim|Leonberg|Höfingen|Ditzingen|Weilimdorf|Korntal|Neuwirtshaus(Porscheplatz),8005778,Stuttgart-Zuffenhausen,Baden-Württemberg,Stuttgart,70435,9.167156375,48.82960884,3,2608071733,,2608071734,,,,,,,,,,,0.0,0.0
-6653627024630377952-2608071737-6,7553,2608071753,2608071754,2,,S,S5,Bietigheim-Bissingen|Tamm(Württ)|Asperg|Ludwigsburg|Kornwestheim Pbf,8005778,Stuttgart-Zuffenhausen,Baden-Württemberg,Stuttgart,70435,9.167156375,48.82960884,3,2608071755,,2608071756,,,,,,,,,,,2.0,2.0
3775348367385191971-2608071707-4,7446,2608071716,2608071717,4,,S,S4,Stuttgart Hbf|Stuttgart Nordbahnhof|Stuttgart-Feuerbach,8005778,Stuttgart-Zuffenhausen,Baden-Württemberg,Stuttgart,70435,9.167156375,48.82960884,3,2608071716,,2608071717,,,,,,,,,,,0.0,0.0
6913806927060813312-2608071738-2,7054,2608071741,2608071741,12,,S,S60,Stuttgart-Feuerbach,8005778,Stuttgart-Zuffenhausen,Baden-Württemberg,Stuttgart,70435,9.167156375,48.82960884,3,2608071741,,2608071741,,,,,,,,,,,0.0,0.0
156206222396100406-2608071703-11,7451,2608071743,2608071744,2,,S,S4,Backnang|Burgstall(Murr)|Kirchberg(Murr)|Erdmannhausen|Marbach(Neckar)|Benningen(Neckar)|Freiberg(Neckar)|Favoritepark|Ludwigsburg|Kornwestheim Pbf,8005778,Stuttgart-Zuffenhausen,Baden-Württemberg,Stuttgart,70435,9.167156375,48.82960884,3,2608071743,,2608071744,,,,,,,,,,,0.0,0.0
3052355004880075210-2608071634-15,7047,2608071718,2608071719,12,,S,S60,Böblingen|Sindelfingen|Maichingen|Maichingen Nord|Magstadt|Renningen Süd|Renningen|Rutesheim|Leonberg|Höfingen|Ditzingen|Weilimdorf|Korntal|Neuwirtshaus(Porscheplatz),8005778,Stuttgart-Zuffenhausen,Baden-Württemberg,Stuttgart,70435,9.167156375,48.82960884,3,2608071719,,2608071719,,,,,,,,,,,1.0,0.0
-639969770733858063-2608071717-4,7648,2608071726,2608071727,11,,S,S6,Stuttgart Hbf|Stuttgart Nordbahnhof|Stuttgart-Feuerbach,8005778,Stuttgart-Zuffenhausen,Baden-Württemberg,Stuttgart,70435,9.167156375,48.82960884,3,2608071726,,2608071727,,,,,,,,,,,0.0,0.0
-2961287277413204621-2608071708-2,7052,2608071711,2608071711,12,,S,S60,Stuttgart-Feuerbach,8005778,Stuttgart-Zuffenhausen,Baden-Württemberg,Stuttgart,70435,9.167156375,48.82960884,3,2608071711,,2608071711,,,,,,,,,,,0.0,0.0
-6941686648187494295-2608071633-11,7449,2608071713,2608071714,2,,S,S4,Backnang|Burgstall(Murr)|Kirchberg(Murr)|Erdmannhausen|Marbach(Neckar)|Benningen(Neckar)|Freiberg(Neckar)|Favoritepark|Ludwigsburg|Kornwestheim Pbf,8005778,Stuttgart-Zuffenhausen,Baden-Württemberg,Stuttgart,70435,9.167156375,48.82960884,3,2608071714,,2608071715,,,,,,,,,,,1.0,1.0
4438230868556249097-2608071657-8,7548,2608071720,2608071720,3,,S,S5,Stuttgart Hbf|Stuttgart Nordbahnhof|Stuttgart-Feuerbach|Stuttgart-Zuffenhausen|Kornwestheim Pbf|Ludwigsburg|Asperg,8005820,Tamm (Württ),Baden-Württemberg,Tamm,71732,9.125288012,48.92187736,4,2608071720,,2608071721,,,,,,,,,,,0.0,1.0
4179075705178608234-2608071707-2,7551,2608071710,2608071710,2,,S,S5,Bietigheim-Bissingen,8005820,Tamm (Württ),Baden-Württemberg,Tamm,71732,9.125288012,48.92187736,4,2608071710,,2608071710,,,,,,,,,,,0.0,0.0
7044670227798406981-2608071727-8,7550,2608071750,2608071750,3,,S,S5,Stuttgart Hbf|Stuttgart Nordbahnhof|Stuttgart-Feuerbach|Stuttgart-Zuffenhausen|Kornwestheim Pbf|Ludwigsburg|Asperg,8005820,Tamm (Württ),Baden-Württemberg,Tamm,71732,9.125288012,48.92187736,4,2608071750,,2608071750,,,,,,,,,,,0.0,0.0
-6653627024630377952-2608071737-2,7553,2608071740,2608071740,2,,S,S5,Bietigheim-Bissingen,8005820,Tamm (Württ),Baden-Württemberg,Tamm,71732,9.125288012,48.92187736,4,2608071740,,2608071741,,,,,,,,,,,0.0,1.0
4359145174899901492-2608071647-3,19425,2608071702,2608071702,6,,ARV,13,Stuttgart Hbf|Stuttgart-Bad Cannstatt,8000180,Waiblingen,Baden-Württemberg,Waiblingen,71332,9.300476874,48.8262444,3,2608071703,,2608071704,,,,,,,,,,,1.0,2.0
-8550986694392326164-2608071657-3,89687,2608071707,2608071708,3,,ARV,90,Stuttgart Hbf|Stuttgart-Bad Cannstatt,8000180,Waiblingen,Baden-Württemberg,Waiblingen,71332,9.300476874,48.8262444,3,2608071711,,2608071713,,h,1,Bauarbeiten,,,,,,,4.0,5.0
-6739253170809320051-2608071642-6,7346,2608071659,2608071700,3,,S,S3,Stuttgart Hbf|Stuttgart-Bad Cannstatt|Stuttgart Nürnberger Str.|Stuttgart-Sommerrain|Fellbach,8000180,Waiblingen,Baden-Württemberg,Waiblingen,71332,9.300476874,48.8262444,3,2608071659,,2608071700,,,,,,,,,,,0.0,0.0
3745793782147764309-2608071720-3,19477,2608071732,2608071732,6,,ARV,13,Stuttgart Hbf|Stuttgart-Bad Cannstatt,8000180,Waiblingen,Baden-Württemberg,Waiblingen,71332,9.300476874,48.8262444,3,2608071751,,2608071752,,,,,,,,,,,19.0,20.0
830627416811346853-2608071733-10,7253,2608071754,2608071755,5,,S,S2,Schorndorf|Weiler(Rems)|Winterbach(b Schorndorf)|Geradstetten|Grunbach|Beutelsbach|Endersbach|Stetten-Beinstein|Rommelshausen,8000180,Waiblingen,Baden-Württemberg,Waiblingen,71332,9.300476874,48.8262444,3,2608071756,,2608071757,,h,1,Bauarbeiten,,,,,,,2.0,2.0
-4644515304619211385-2608071720-6,7248,2608071734,2608071735,7,,S,S2,Stuttgart Hbf|Stuttgart-Bad Cannstatt|Stuttgart Nürnberger Str.|Stuttgart-Sommerrain|Fellbach,8000180,Waiblingen,Baden-Württemberg,Waiblingen,71332,9.300476874,48.8262444,3,2608071740,,2608071740,,h,1,Bauarbeiten,,,,,,,6.0,5.0
-8091522237145489139-2608071707-10,19430,2608071758,2608071758,6,,ARV,13,Aalen Hbf|Mögglingen(Gmünd)|Böbingen(Rems)|Schwäbisch Gmünd|Lorch(Württ)|Waldhausen(b Schorndorf)|Plüderhausen|Urbach(b Schorndorf)|Schorndorf,8000180,Waiblingen,Baden-Württemberg,Waiblingen,71332,9.300476874,48.8262444,3,2608071815,,2608071815,,,,,,,,,,,17.0,17.0
7318470911046356350-2608071711-7,7351,2608071729,2608071730,1,,S,S3,Backnang|Maubach|Nellmersbach|Winnenden|Schwaikheim|Neustadt-Hohenacker,8000180,Waiblingen,Baden-Württemberg,Waiblingen,71332,9.300476874,48.8262444,3,2608071730,,2608071731,,,,,,,,,,,1.0,1.0
6706195267403165366-2608071703-8,17550,2608071750,2608071751,1,,RE,MEX90,Schwäbisch Hall-Hessental|Gaildorf West|Murrhardt|Sulzbach(Murr)|Oppenweiler(Württ)|Backnang|Winnenden,8000180,Waiblingen,Baden-Württemberg,Waiblingen,71332,9.300476874,48.8262444,3,2608071755,,2608071756,,h,1,Störung,,,,,,,5.0,5.0
-7750715893784361563-2608071742-6,7350,2608071759,2608071800,3,,S,S3,Stuttgart Hbf|Stuttgart-Bad Cannstatt|Stuttgart Nürnberger Str.|Stuttgart-Sommerrain|Fellbach,8000180,Waiblingen,Baden-Württemberg,Waiblingen,71332,9.300476874,48.8262444,3,2608071759,,2608071800,,,,,,,,,,,0.0,0.0
4328573071061192908-2608071741-7,7353,2608071759,2608071800,1,,S,S3,Backnang|Maubach|Nellmersbach|Winnenden|Schwaikheim|Neustadt-Hohenacker,8000180,Waiblingen,Baden-Württemberg,Waiblingen,71332,9.300476874,48.8262444,3,2608071802,,2608071802,,,,,,,,,,,3.0,2.0
3186631593996215666-2608071712-6,7348,2608071729,2608071730,3,,S,S3,Stuttgart Hbf|Stuttgart-Bad Cannstatt|Stuttgart Nürnberger Str.|Stuttgart-Sommerrain|Fellbach,8000180,Waiblingen,Baden-Württemberg,Waiblingen,71332,9.300476874,48.8262444,3,2608071729,,2608071730,,,,,,,,,,,0.0,0.0
7369273237182260533-2608071650-6,7246,2608071704,2608071705,7,,S,S2,Stuttgart Hbf|Stuttgart-Bad Cannstatt|Stuttgart Nürnberger Str.|Stuttgart-Sommerrain|Fellbach,8000180,Waiblingen,Baden-Württemberg,Waiblingen,71332,9.300476874,48.8262444,3,2608071705,,2608071710,,h,1,Bauarbeiten,,,,,,,1.0,5.0
-441659302669469367-2608071552-18,19478,2608071728,2608071728,6,,ARV,13,Crailsheim|Jagstzell|Ellwangen|Schrezheim|Schwabsberg|Goldshöfe|Hofen(b Aalen)|Wasseralfingen|Aalen Hbf|Mögglingen(Gmünd)|Böbingen(Rems)|Schwäbisch Gmünd|Lorch(Württ)|Waldhausen(b Schorndorf)|Plüderhausen|Urbach(b Schorndorf)|Schorndorf,8000180,Waiblingen,Baden-Württemberg,Waiblingen,71332,9.300476874,48.8262444,3,2608071739,,2608071740,,,,,,,,,,,11.0,12.0
-7819160470553148770-2608071641-7,7349,2608071659,2608071700,1,,S,S3,Backnang|Maubach|Nellmersbach|Winnenden|Schwaikheim|Neustadt-Hohenacker,8000180,Waiblingen,Baden-Württemberg,Waiblingen,71332,9.300476874,48.8262444,3,2608071700,,2608071700,,,,,,,,,,,1.0,0.0
-5832640759932011953-2608071703-10,7251,2608071724,2608071725,5,,S,S2,Schorndorf|Weiler(Rems)|Winterbach(b Schorndorf)|Geradstetten|Grunbach|Beutelsbach|Endersbach|Stetten-Beinstein|Rommelshausen,8000180,Waiblingen,Baden-Württemberg,Waiblingen,71332,9.300476874,48.8262444,3,2608071725,,2608071725,,h,1,Bauarbeiten,,,,,,,1.0,0.0
3839736467023405751-2608071658-2,26168,2608071701,2608071703,141,,SWE,RB76,Renningen,8006271,Weil der Stadt,Baden-Württemberg,Weil der Stadt,71263,8.873189074,48.7557357,4,2608071702,,2608071703,,,,,,,,,,,1.0,0.0
-3086228637643871650-2608071647-14,7646,2608071727,,2,,S,,Stuttgart Hbf|Stuttgart Nordbahnhof|Stuttgart-Feuerbach|Stuttgart-Zuffenhausen|Neuwirtshaus(Porscheplatz)|Korntal|Weilimdorf|Ditzingen|Höfingen|Leonberg|Rutesheim|Renningen|Malmsheim,8006271,Weil der Stadt,Baden-Württemberg,Weil der Stadt,71263,8.873189074,48.7557357,4,2608071728,,,,,,,,,,,,,1.0,0.0
-1939283154746192380-2608071733-1,7653,,2608071733,,,S,S6,,8006271,Weil der Stadt,Baden-Württemberg,Weil der Stadt,71263,8.873189074,48.7557357,4,,,2608071733,,,,,,,,,,,0.0,0.0
4646789196858803409-2608071726-5,26171,2608071744,2608071744,141,,SWE,RB76,Calw|Calw-Heumaden|Althengstett|Ostelsheim,8006271,Weil der Stadt,Baden-Württemberg,Weil der Stadt,71263,8.873189074,48.7557357,4,2608071744,,2608071744,,,,,,,,,,,0.0,0.0
-5724428013844966523-2608071703-1,7651,,2608071703,,,S,S6,,8006271,Weil der Stadt,Baden-Württemberg,Weil der Stadt,71263,8.873189074,48.7557357,4,,,2608071705,,,,,,,,,,,0.0,2.0
-2325067339356579548-2608071656-5,26169,2608071714,,141,,SWE,,Calw|Calw-Heumaden|Althengstett|Ostelsheim,8006271,Weil der Stadt,Baden-Württemberg,Weil der Stadt,71263,8.873189074,48.7557357,4,2608071714,,,,,,,,,,,,,0.0,0.0
-639969770733858063-2608071717-14,7648,2608071757,,2,,S,,Stuttgart Hbf|Stuttgart Nordbahnhof|Stuttgart-Feuerbach|Stuttgart-Zuffenhausen|Neuwirtshaus(Porscheplatz)|Korntal|Weilimdorf|Ditzingen|Höfingen|Leonberg|Rutesheim|Renningen|Malmsheim,8006271,Weil der Stadt,Baden-Württemberg,Weil der Stadt,71263,8.873189074,48.7557357,4,2608071759,,,,,,,,,,,,,2.0,0.0
1506900885474499076-2608071733-1,26170,,2608071733,,,SWE,RB76,,8006271,Weil der Stadt,Baden-Württemberg,Weil der Stadt,71263,8.873189074,48.7557357,4,,,2608071733,,,,,,,,,,,0.0,0.0
830627416811346853-2608071733-2,7253,2608071736,2608071736,2,,S,S2,Schorndorf,8006277,Weiler (Rems),Baden-Württemberg,Schorndorf,76314,9.501891172,48.80034585,5,2608071737,,2608071737,,h,1,Bauarbeiten,,,,,,,1.0,1.0
-4644515304619211385-2608071720-14,7248,2608071752,2608071752,1,,S,S2,Stuttgart Hbf|Stuttgart-Bad Cannstatt|Stuttgart Nürnberger Str.|Stuttgart-Sommerrain|Fellbach|Waiblingen|Rommelshausen|Stetten-Beinstein|Endersbach|Beutelsbach|Grunbach|Geradstetten|Winterbach(b Schorndorf),8006277,Weiler (Rems),Baden-Württemberg,Schorndorf,76314,9.501891172,48.80034585,5,2608071758,,2608071758,,h,1,Bauarbeiten,,,,,,,6.0,6.0
7369273237182260533-2608071650-14,7246,2608071722,2608071722,1,,S,S2,Stuttgart Hbf|Stuttgart-Bad Cannstatt|Stuttgart Nürnberger Str.|Stuttgart-Sommerrain|Fellbach|Waiblingen|Rommelshausen|Stetten-Beinstein|Endersbach|Beutelsbach|Grunbach|Geradstetten|Winterbach(b Schorndorf),8006277,Weiler (Rems),Baden-Württemberg,Schorndorf,76314,9.501891172,48.80034585,5,2608071727,,2608071727,,h,1,Bauarbeiten,,,,,,,5.0,5.0
-5832640759932011953-2608071703-2,7251,2608071706,2608071706,2,,S,S2,Schorndorf,8006277,Weiler (Rems),Baden-Württemberg,Schorndorf,76314,9.501891172,48.80034585,5,2608071706,,2608071707,,h,1,Bauarbeiten,,,,,,,0.0,1.0
-7750129743989667706-2608071705-7,19240,2608071740,2608071741,1,,RB,MEX12,Tübingen Hbf|Reutlingen Hbf|Metzingen(Württ)|Bempflingen|Nürtingen|Oberboihingen,8006331,Wendlingen (Neckar),Baden-Württemberg,Wendlingen am Neckar,73240,9.373662098,48.67368917,3,2608071741,,2608071742,,h,2,Information,,,,,,,1.0,1.0
4181353259517315832-2608071720-3,7153,2608071727,2608071728,12,,S,S1,Kirchheim(Teck)|Kirchheim(Teck)-Ötlingen,8006331,Wendlingen (Neckar),Baden-Württemberg,Wendlingen am Neckar,73240,9.373662098,48.67368917,3,2608071727,,2608071728,,,,,,,,,,,0.0,0.0
5698356361134374745-2608071724-1,16065,,2608071724,,,RE,RE200,,8006331,Wendlingen (Neckar),Baden-Württemberg,Wendlingen am Neckar,73240,9.373662098,48.67368917,3,,,2608071725,,h,2,Störung,,,,,,,0.0,1.0
1890742567431507346-2608071625-13,7146,2608071702,2608071703,11,,S,S1,Stuttgart Hbf|Stuttgart-Bad Cannstatt|Stuttgart Neckarpark|Stuttgart-Untertürkheim|Stuttgart-Obertürkheim|Esslingen-Mettingen|Esslingen(Neckar)|Oberesslingen|Esslingen-Zell|Altbach|Plochingen|Wernau(Neckar),8006331,Wendlingen (Neckar),Baden-Württemberg,Wendlingen am Neckar,73240,9.373662098,48.67368917,3,2608071702,,2608071704,,,,,,,,,,,0.0,1.0
-7734078232361227040-2608071655-13,7148,2608071733,2608071733,11,,S,S1,Stuttgart Hbf|Stuttgart-Bad Cannstatt|Stuttgart Neckarpark|Stuttgart-Untertürkheim|Stuttgart-Obertürkheim|Esslingen-Mettingen|Esslingen(Neckar)|Oberesslingen|Esslingen-Zell|Altbach|Plochingen|Wernau(Neckar),8006331,Wendlingen (Neckar),Baden-Württemberg,Wendlingen am Neckar,73240,9.373662098,48.67368917,3,2608071733,,2608071733,,,,,,,,,,,0.0,0.0
3782211826500268266-2608071750-3,7155,2608071757,2608071758,12,,S,S1,Kirchheim(Teck)|Kirchheim(Teck)-Ötlingen,8006331,Wendlingen (Neckar),Baden-Württemberg,Wendlingen am Neckar,73240,9.373662098,48.67368917,3,2608071758,,2608071802,,,,,,,,,,,1.0,4.0
-2139307512104856629-2608071557-13,19231,2608071718,2608071718,2,,RB,MEX12,Heilbronn Hbf|Nordheim(Württ)|Lauffen(Neckar)|Kirchheim(Neckar)|Walheim(Württ)|Besigheim|Bietigheim-Bissingen|Ludwigsburg|Stuttgart Hbf|Stuttgart-Bad Cannstatt|Esslingen(Neckar)|Plochingen,8006331,Wendlingen (Neckar),Baden-Württemberg,Wendlingen am Neckar,73240,9.373662098,48.67368917,3,2608071721,,2608071722,,h,2,Information,,,,,,,3.0,4.0
4490876981038614142-2608071729-3,16066,2608071759,,3,,RE,,Ulm Hbf|Merklingen - Schwäbische Alb,8006331,Wendlingen (Neckar),Baden-Württemberg,Wendlingen am Neckar,73240,9.373662098,48.67368917,3,2608071803,,,,h,2,Störung,,,,,,,4.0,0.0
4181353259517315832-2608071720-4,7153,2608071731,2608071731,1,,S,S1,Kirchheim(Teck)|Kirchheim(Teck)-Ötlingen|Wendlingen(Neckar),8006346,Wernau (Neckar),Baden-Württemberg,Wernau (Neckar),73249,9.413654423,48.69417221,4,2608071731,,2608071732,,,,,,,,,,,0.0,1.0
-7734078232361227040-2608071655-12,7148,2608071729,2608071729,2,,S,S1,Stuttgart Hbf|Stuttgart-Bad Cannstatt|Stuttgart Neckarpark|Stuttgart-Untertürkheim|Stuttgart-Obertürkheim|Esslingen-Mettingen|Esslingen(Neckar)|Oberesslingen|Esslingen-Zell|Altbach|Plochingen,8006346,Wernau (Neckar),Baden-Württemberg,Wernau (Neckar),73249,9.413654423,48.69417221,4,2608071729,,2608071729,,,,,,,,,,,0.0,0.0
29457582318319648-2608071725-12,7150,2608071758,2608071759,2,,S,S1,Stuttgart Hbf|Stuttgart-Bad Cannstatt|Stuttgart Neckarpark|Stuttgart-Untertürkheim|Stuttgart-Obertürkheim|Esslingen-Mettingen|Esslingen(Neckar)|Oberesslingen|Esslingen-Zell|Altbach|Plochingen,8006346,Wernau (Neckar),Baden-Württemberg,Wernau (Neckar),73249,9.413654423,48.69417221,4,2608071758,,2608071759,,,,,,,,,,,0.0,0.0
713199971080468435-2608071650-4,7151,2608071701,2608071701,1,,S,S1,Kirchheim(Teck)|Kirchheim(Teck)-Ötlingen|Wendlingen(Neckar),8006346,Wernau (Neckar),Baden-Württemberg,Wernau (Neckar),73249,9.413654423,48.69417221,4,2608071701,,2608071701,,,,,,,,,,,0.0,0.0
-8550986694392326164-2608071657-4,89687,2608071715,2608071716,2,,ARV,90,Stuttgart Hbf|Stuttgart-Bad Cannstatt|Waiblingen,8006479,Winnenden,Baden-Württemberg,Winnenden,71364,9.392155928,48.8795625,3,2608071719,,2608071720,,h,1,Bauarbeiten,,,,,,,4.0,4.0
-6739253170809320051-2608071642-9,7346,2608071709,2608071709,2,,S,S3,Stuttgart Hbf|Stuttgart-Bad Cannstatt|Stuttgart Nürnberger Str.|Stuttgart-Sommerrain|Fellbach|Waiblingen|Neustadt-Hohenacker|Schwaikheim,8006479,Winnenden,Baden-Württemberg,Winnenden,71364,9.392155928,48.8795625,3,2608071709,,2608071710,,,,,,,,,,,0.0,1.0
7318470911046356350-2608071711-4,7351,2608071719,2608071720,3,,S,S3,Backnang|Maubach|Nellmersbach,8006479,Winnenden,Baden-Württemberg,Winnenden,71364,9.392155928,48.8795625,3,2608071721,,2608071722,,,,,,,,,,,2.0,2.0
6706195267403165366-2608071703-7,17550,2608071743,2608071744,3,,RE,MEX90,Schwäbisch Hall-Hessental|Gaildorf West|Murrhardt|Sulzbach(Murr)|Oppenweiler(Württ)|Backnang,8006479,Winnenden,Baden-Württemberg,Winnenden,71364,9.392155928,48.8795625,3,2608071748,,2608071749,,h,1,Störung,,,,,,,5.0,5.0
4328573071061192908-2608071741-4,7353,2608071749,2608071750,3,,S,S3,Backnang|Maubach|Nellmersbach,8006479,Winnenden,Baden-Württemberg,Winnenden,71364,9.392155928,48.8795625,3,2608071752,,2608071753,,,,,,,,,,,3.0,3.0
3186631593996215666-2608071712-9,7348,2608071739,2608071739,2,,S,S3,Stuttgart Hbf|Stuttgart-Bad Cannstatt|Stuttgart Nürnberger Str.|Stuttgart-Sommerrain|Fellbach|Waiblingen|Neustadt-Hohenacker|Schwaikheim,8006479,Winnenden,Baden-Württemberg,Winnenden,71364,9.392155928,48.8795625,3,2608071739,,2608071739,,,,,,,,,,,0.0,0.0
830627416811346853-2608071733-3,7253,2608071738,2608071738,1,,S,S2,Schorndorf|Weiler(Rems),8006485,Winterbach (b Schorndorf),Baden-Württemberg,Winterbach,73650,9.481549751,48.79842743,4,2608071739,,2608071739,,h,1,Bauarbeiten,,,,,,,1.0,1.0
-4644515304619211385-2608071720-13,7248,2608071750,2608071750,2,,S,S2,Stuttgart Hbf|Stuttgart-Bad Cannstatt|Stuttgart Nürnberger Str.|Stuttgart-Sommerrain|Fellbach|Waiblingen|Rommelshausen|Stetten-Beinstein|Endersbach|Beutelsbach|Grunbach|Geradstetten,8006485,Winterbach (b Schorndorf),Baden-Württemberg,Winterbach,73650,9.481549751,48.79842743,4,2608071756,,2608071756,,h,1,Bauarbeiten,,,,,,,6.0,6.0
7369273237182260533-2608071650-13,7246,2608071720,2608071720,2,,S,S2,Stuttgart Hbf|Stuttgart-Bad Cannstatt|Stuttgart Nürnberger Str.|Stuttgart-Sommerrain|Fellbach|Waiblingen|Rommelshausen|Stetten-Beinstein|Endersbach|Beutelsbach|Grunbach|Geradstetten,8006485,Winterbach (b Schorndorf),Baden-Württemberg,Winterbach,73650,9.481549751,48.79842743,4,2608071724,,2608071725,,h,1,Bauarbeiten,,,,,,,4.0,5.0
-5832640759932011953-2608071703-3,7251,2608071708,2608071708,1,,S,S2,Schorndorf|Weiler(Rems),8006485,Winterbach (b Schorndorf),Baden-Württemberg,Winterbach,73650,9.481549751,48.79842743,4,2608071708,,2608071709,,h,1,Bauarbeiten,,,,,,,0.0,1.0
-193680393512143758-2608071638-12,7050,2608071715,2608071715,2,,S,S60,Stuttgart-Feuerbach|Stuttgart-Zuffenhausen|Neuwirtshaus(Porscheplatz)|Korntal|Weilimdorf|Ditzingen|Höfingen|Leonberg|Rutesheim|Renningen|Renningen Süd,8003807,Magstadt,Baden-Württemberg,Magstadt,71106,8.965315746,48.73616033,6,2608071718,,2608071719,,,,,,,,,,,3.0,4.0
3526721697398069716-2608071704-5,7049,2608071713,2608071714,1,,S,S60,Böblingen|Sindelfingen|Maichingen|Maichingen Nord,8003807,Magstadt,Baden-Württemberg,Magstadt,71106,8.965315746,48.73616033,6,2608071714,,2608071715,,,,,,,,,,,1.0,1.0
-106780477750529587-2608071734-5,7051,2608071743,2608071744,1,,S,S60,Böblingen|Sindelfingen|Maichingen|Maichingen Nord,8003807,Magstadt,Baden-Württemberg,Magstadt,71106,8.965315746,48.73616033,6,2608071745,,2608071746,,,,,,,,,,,2.0,2.0
-2961287277413204621-2608071708-12,7052,2608071745,2608071745,2,,S,S60,Stuttgart-Feuerbach|Stuttgart-Zuffenhausen|Neuwirtshaus(Porscheplatz)|Korntal|Weilimdorf|Ditzingen|Höfingen|Leonberg|Rutesheim|Renningen|Renningen Süd,8003807,Magstadt,Baden-Württemberg,Magstadt,71106,8.965315746,48.73616033,6,2608071746,,2608071746,,,,,,,,,,,1.0,1.0
-193680393512143758-2608071638-13,7050,2608071717,2608071717,2,,S,S60,Stuttgart-Feuerbach|Stuttgart-Zuffenhausen|Neuwirtshaus(Porscheplatz)|Korntal|Weilimdorf|Ditzingen|Höfingen|Leonberg|Rutesheim|Renningen|Renningen Süd|Magstadt,8003834,Maichingen Nord,Baden-Württemberg,Sindelfingen,71069,8.979416996,48.72750392,5,2608071720,,2608071721,,,,,,,,,,,3.0,4.0
3526721697398069716-2608071704-4,7049,2608071711,2608071711,1,,S,S60,Böblingen|Sindelfingen|Maichingen,8003834,Maichingen Nord,Baden-Württemberg,Sindelfingen,71069,8.979416996,48.72750392,5,2608071712,,2608071712,,,,,,,,,,,1.0,1.0
-106780477750529587-2608071734-4,7051,2608071741,2608071741,1,,S,S60,Böblingen|Sindelfingen|Maichingen,8003834,Maichingen Nord,Baden-Württemberg,Sindelfingen,71069,8.979416996,48.72750392,5,2608071743,,2608071744,,,,,,,,,,,2.0,3.0
-2961287277413204621-2608071708-13,7052,2608071747,2608071747,2,,S,S60,Stuttgart-Feuerbach|Stuttgart-Zuffenhausen|Neuwirtshaus(Porscheplatz)|Korntal|Weilimdorf|Ditzingen|Höfingen|Leonberg|Rutesheim|Renningen|Renningen Süd|Magstadt,8003834,Maichingen Nord,Baden-Württemberg,Sindelfingen,71069,8.979416996,48.72750392,5,2608071748,,2608071748,,,,,,,,,,,1.0,1.0
-193680393512143758-2608071638-14,7050,2608071719,2608071719,1,,S,S60,Stuttgart-Feuerbach|Stuttgart-Zuffenhausen|Neuwirtshaus(Porscheplatz)|Korntal|Weilimdorf|Ditzingen|Höfingen|Leonberg|Rutesheim|Renningen|Renningen Süd|Magstadt|Maichingen Nord,8003808,Maichingen,Baden-Württemberg,Sindelfingen,71069,8.969606704,48.72162074,6,2608071722,,2608071723,,,,,,,,,,,3.0,4.0
3526721697398069716-2608071704-3,7049,2608071709,2608071710,1,,S,S60,Böblingen|Sindelfingen,8003808,Maichingen,Baden-Württemberg,Sindelfingen,71069,8.969606704,48.72162074,6,2608071710,,2608071711,,,,,,,,,,,1.0,1.0
-106780477750529587-2608071734-3,7051,2608071739,2608071740,1,,S,S60,Böblingen|Sindelfingen,8003808,Maichingen,Baden-Württemberg,Sindelfingen,71069,8.969606704,48.72162074,6,2608071741,,2608071742,,,,,,,,,,,2.0,2.0
-2961287277413204621-2608071708-14,7052,2608071749,2608071749,1,,S,S60,Stuttgart-Feuerbach|Stuttgart-Zuffenhausen|Neuwirtshaus(Porscheplatz)|Korntal|Weilimdorf|Ditzingen|Höfingen|Leonberg|Rutesheim|Renningen|Renningen Süd|Magstadt|Maichingen Nord,8003808,Maichingen,Baden-Württemberg,Sindelfingen,71069,8.969606704,48.72162074,6,2608071750,,2608071750,,,,,,,,,,,1.0,1.0
-193680393512143758-2608071638-11,7050,2608071711,2608071711,2,,S,S60,Stuttgart-Feuerbach|Stuttgart-Zuffenhausen|Neuwirtshaus(Porscheplatz)|Korntal|Weilimdorf|Ditzingen|Höfingen|Leonberg|Rutesheim|Renningen,8005001,Renningen Süd,Baden-Württemberg,Renningen,71272,8.932068278,48.76261937,6,2608071714,,2608071714,,,,,,,,,,,3.0,3.0
3526721697398069716-2608071704-6,7049,2608071717,2608071718,1,,S,S60,Böblingen|Sindelfingen|Maichingen|Maichingen Nord|Magstadt,8005001,Renningen Süd,Baden-Württemberg,Renningen,71272,8.932068278,48.76261937,6,2608071718,,2608071719,,,,,,,,,,,1.0,1.0
-106780477750529587-2608071734-6,7051,2608071747,2608071748,1,,S,S60,Böblingen|Sindelfingen|Maichingen|Maichingen Nord|Magstadt,8005001,Renningen Süd,Baden-Württemberg,Renningen,71272,8.932068278,48.76261937,6,2608071749,,2608071750,,,,,,,,,,,2.0,2.0
-2961287277413204621-2608071708-11,7052,2608071741,2608071741,2,,S,S60,Stuttgart-Feuerbach|Stuttgart-Zuffenhausen|Neuwirtshaus(Porscheplatz)|Korntal|Weilimdorf|Ditzingen|Höfingen|Leonberg|Rutesheim|Renningen,8005001,Renningen Süd,Baden-Württemberg,Renningen,71272,8.932068278,48.76261937,6,2608071742,,2608071743,,,,,,,,,,,1.0,2.0
