ID,train_number,planned_arrival,planned_departure,planned_platform,planned_status,category_train,train,path,eva_nr,station_name,station_state,station_city,station_zipcode,station_long,station_lat,station_category,changed_arrival,changed_platform_arrival,changed_departure,changed_platform_departure,message_status,priority,info,arrival_hidden,departure_hidden,arrival_path,departure_path,arrival_status,departure_status,arrival_delay_m,departure_delay_m
-6319936848544854600-2608241220-6,7133,2608241239,2608241240,3,,S,S1,Kirchheim(Teck)|Kirchheim(Teck)-Ötlingen|Wendlingen(Neckar)|Wernau(Neckar)|Plochingen,8000508,Altbach,Baden-Württemberg,Altbach,73776,9.382434033,48.72031354,3,2608241239,,2608241240,,,,,,,,,,,0.0,0.0
-513768940106917907-2608241155-10,7128,2608241220,2608241220,4,,S,S1,Stuttgart Hbf|Stuttgart-Bad Cannstatt|Stuttgart Neckarpark|Stuttgart-Untertürkheim|Stuttgart-Obertürkheim|Esslingen-Mettingen|Esslingen(Neckar)|Oberesslingen|Esslingen-Zell,8000508,Altbach,Baden-Württemberg,Altbach,73776,9.382434033,48.72031354,3,2608241223,,2608241223,,,,,,,,,,,3.0,3.0
4736637014602700336-2608241150-6,7131,2608241209,2608241210,3,,S,S1,Kirchheim(Teck)|Kirchheim(Teck)-Ötlingen|Wendlingen(Neckar)|Wernau(Neckar)|Plochingen,8000508,Altbach,Baden-Württemberg,Altbach,73776,9.382434033,48.72031354,3,2608241212,,2608241213,,,,,,,,,,,3.0,3.0
8539842934523735566-2608241225-10,7130,2608241250,2608241250,4,,S,S1,Stuttgart Hbf|Stuttgart-Bad Cannstatt|Stuttgart Neckarpark|Stuttgart-Untertürkheim|Stuttgart-Obertürkheim|Esslingen-Mettingen|Esslingen(Neckar)|Oberesslingen|Esslingen-Zell,8000508,Altbach,Baden-Württemberg,Altbach,73776,9.382434033,48.72031354,3,2608241257,,2608241258,,,,,,,,,,,7.0,8.0
-3193439599918682335-2608241132-7,17530,2608241206,,3,,RB,,Gaildorf West|Fichtenberg|Fornsbach|Murrhardt|Sulzbach(Murr)|Oppenweiler(Württ),8000016,Backnang,Baden-Württemberg,Backnang,71522,9.425986107,48.94264844,3,2608241206,,,,,,,,,,,,,0.0,0.0
-97699751698418973-2608241241-1,7333,,2608241241,,,S,S3,,8000016,Backnang,Baden-Württemberg,Backnang,71522,9.425986107,48.94264844,3,,,2608241242,,,,,,,,,,,0.0,1.0
-7749775710427008689-2608241038-16,88614,2608241236,2608241238,4,,ARV,RE90,Nürnberg Hbf|Roßtal|Heilsbronn|Wicklesgreuth|Ansbach|Leutershausen-Wiedersbach|Dombühl|Schnelldorf|Crailsheim|Eckartshausen-Ilshofen|Schwäbisch Hall-Hessental|Gaildorf West|Murrhardt|Sulzbach(Murr)|Oppenweiler(Württ),8000016,Backnang,Baden-Württemberg,Backnang,71522,9.425986107,48.94264844,3,2608241259,,2608241301,,,,,,,,,,,23.0,23.0
-7298917680991319195-2608241207-14,7426,2608241252,,1,,S,,Stuttgart Hbf|Stuttgart Nordbahnhof|Stuttgart-Feuerbach|Stuttgart-Zuffenhausen|Kornwestheim Pbf|Ludwigsburg|Favoritepark|Freiberg(Neckar)|Benningen(Neckar)|Marbach(Neckar)|Erdmannhausen|Kirchberg(Murr)|Burgstall(Murr),8000016,Backnang,Baden-Württemberg,Backnang,71522,9.425986107,48.94264844,3,2608241252,,,,,,,,,,,,,0.0,0.0
4152739802628459938-2608241155-5,17525,2608241220,2608241221,4,,RE,MEX90,Stuttgart Hbf|Stuttgart-Bad Cannstatt|Waiblingen|Winnenden,8000016,Backnang,Baden-Württemberg,Backnang,71522,9.425986107,48.94264844,3,2608241228,,2608241228,,,,,,,,,,,8.0,7.0
3857297737128192069-2608241137-14,7424,2608241222,,1,,S,,Stuttgart Hbf|Stuttgart Nordbahnhof|Stuttgart-Feuerbach|Stuttgart-Zuffenhausen|Kornwestheim Pbf|Ludwigsburg|Favoritepark|Freiberg(Neckar)|Benningen(Neckar)|Marbach(Neckar)|Erdmannhausen|Kirchberg(Murr)|Burgstall(Murr),8000016,Backnang,Baden-Württemberg,Backnang,71522,9.425986107,48.94264844,3,2608241222,,,,,,,,,,,,,0.0,0.0
8851012744564607240-2608241211-1,7331,,2608241211,,,S,S3,,8000016,Backnang,Baden-Württemberg,Backnang,71522,9.425986107,48.94264844,3,,,2608241211,,,,,,,,,,,0.0,0.0
-7568176727379376483-2608241252-1,17527,,2608241252,,,RB,MEX19,,8000016,Backnang,Baden-Württemberg,Backnang,71522,9.425986107,48.94264844,3,,,2608241259,,,,,,,,,,,0.0,7.0
-3901454027336800522-2608241203-1,7431,,2608241203,,,S,S4,,8000016,Backnang,Baden-Württemberg,Backnang,71522,9.425986107,48.94264844,3,,,2608241203,,,,,,,,,,,0.0,0.0
-960944489364412818-2608241233-1,7433,,2608241233,,,S,S4,,8000016,Backnang,Baden-Württemberg,Backnang,71522,9.425986107,48.94264844,3,,,2608241233,,,,,,,,,,,0.0,0.0
9036342965798539047-2608241142-12,7326,2608241218,,5,,S,,Stuttgart Hbf|Stuttgart-Bad Cannstatt|Stuttgart Nürnberger Str.|Stuttgart-Sommerrain|Fellbach|Waiblingen|Neustadt-Hohenacker|Schwaikheim|Winnenden|Nellmersbach|Maubach,8000016,Backnang,Baden-Württemberg,Backnang,71522,9.425986107,48.94264844,3,2608241219,,,,,,,,,,,,,1.0,0.0
7638159005670329721-2608241212-12,7328,2608241248,,5,,S,,Stuttgart Hbf|Stuttgart-Bad Cannstatt|Stuttgart Nürnberger Str.|Stuttgart-Sommerrain|Fellbach|Waiblingen|Neustadt-Hohenacker|Schwaikheim|Winnenden|Nellmersbach|Maubach,8000016,Backnang,Baden-Württemberg,Backnang,71522,9.425986107,48.94264844,3,2608241258,,,,,,,,,,,,,10.0,0.0
-7298917680991319195-2608241207-9,7426,2608241232,2608241233,1,,S,S4,Stuttgart Hbf|Stuttgart Nordbahnhof|Stuttgart-Feuerbach|Stuttgart-Zuffenhausen|Kornwestheim Pbf|Ludwigsburg|Favoritepark|Freiberg(Neckar),8000873,Benningen (Neckar),Baden-Württemberg,Benningen am Neckar,71726,9.244299075,48.94379773,5,2608241232,,2608241233,,,,,,,,,,,0.0,0.0
3857297737128192069-2608241137-9,7424,2608241202,2608241203,1,,S,S4,Stuttgart Hbf|Stuttgart Nordbahnhof|Stuttgart-Feuerbach|Stuttgart-Zuffenhausen|Kornwestheim Pbf|Ludwigsburg|Favoritepark|Freiberg(Neckar),8000873,Benningen (Neckar),Baden-Württemberg,Benningen am Neckar,71726,9.244299075,48.94379773,5,2608241203,,2608241203,,,,,,,,,,,1.0,0.0
-3901454027336800522-2608241203-6,7431,2608241227,2608241227,2,,S,S4,Backnang|Burgstall(Murr)|Kirchberg(Murr)|Erdmannhausen|Marbach(Neckar),8000873,Benningen (Neckar),Baden-Württemberg,Benningen am Neckar,71726,9.244299075,48.94379773,5,2608241227,,2608241228,,,,,,,,,,,0.0,1.0
-960944489364412818-2608241233-6,7433,2608241257,2608241257,2,,S,S4,Backnang|Burgstall(Murr)|Kirchberg(Murr)|Erdmannhausen|Marbach(Neckar),8000873,Benningen (Neckar),Baden-Württemberg,Benningen am Neckar,71726,9.244299075,48.94379773,5,2608241257,,2608241258,,,,,,,,,,,0.0,1.0
-2732981563110923380-2608241203-6,7231,2608241215,2608241215,2,,S,S2,Schorndorf|Weiler(Rems)|Winterbach(b Schorndorf)|Geradstetten|Grunbach,8000934,Beutelsbach,Baden-Württemberg,Weinstadt,71384,9.38551589,48.81038925,5,2608241219,1,2608241220,1,h,1,Störung,,,,,,,4.0,5.0
-2751722865578801757-2608241220-10,7228,2608241243,2608241243,1,,S,S2,Stuttgart Hbf|Stuttgart-Bad Cannstatt|Stuttgart Nürnberger Str.|Stuttgart-Sommerrain|Fellbach|Waiblingen|Rommelshausen|Stetten-Beinstein|Endersbach,8000934,Beutelsbach,Baden-Württemberg,Weinstadt,71384,9.38551589,48.81038925,5,2608241251,,2608241252,,h,1,Störung,,,,,,,8.0,9.0
8797923397467745795-2608241150-10,7226,2608241213,2608241213,1,,S,S2,Stuttgart Hbf|Stuttgart-Bad Cannstatt|Stuttgart Nürnberger Str.|Stuttgart-Sommerrain|Fellbach|Waiblingen|Rommelshausen|Stetten-Beinstein|Endersbach,8000934,Beutelsbach,Baden-Württemberg,Weinstadt,71384,9.38551589,48.81038925,5,2608241213,,2608241214,,h,1,Störung,,,,,,,0.0,1.0
3177327826888597271-2608241233-6,7233,2608241245,2608241245,2,,S,S2,Schorndorf|Weiler(Rems)|Winterbach(b Schorndorf)|Geradstetten|Grunbach,8000934,Beutelsbach,Baden-Württemberg,Weinstadt,71384,9.38551589,48.81038925,5,2608241248,,2608241249,,h,1,Störung,,,,,,,3.0,4.0
2697541885442165569-2608241214-12,19517,2608241250,,,,RE,,Pforzheim Hbf|Eutingen(Baden)|Niefern|Enzberg|Mühlacker|Mühlacker Rößlesweg|Illingen(Württ)|Vaihingen(Enz)|Sersheim|Sachsenheim|Ellental,8000038,Bietigheim-Bissingen,Baden-Württemberg,Bietigheim-Bissingen,74321,9.137217396,48.94794988,2,2608241251,7,,,,,,,,,,,,1.0,0.0
-2324017508792778686-2608241144-12,19555,2608241224,,7,,RE,,Pforzheim Hbf|Eutingen(Baden)|Niefern|Enzberg|Mühlacker|Mühlacker Rößlesweg|Illingen(Württ)|Vaihingen(Enz)|Sersheim|Sachsenheim|Ellental,8000038,Bietigheim-Bissingen,Baden-Württemberg,Bietigheim-Bissingen,74321,9.137217396,48.94794988,2,2608241225,,,,,,,,,,,,,1.0,0.0
8642407475210179578-2608241232-1,19562,,2608241232,,,RE,MEX17,,8000038,Bietigheim-Bissingen,Baden-Württemberg,Bietigheim-Bissingen,74321,9.137217396,48.94794988,2,,,2608241232,,,,,,,,,,,0.0,0.0
6530086699118142359-2608241204-1,19512,,2608241204,,,RE,MEX17,,8000038,Bietigheim-Bissingen,Baden-Württemberg,Bietigheim-Bissingen,74321,9.137217396,48.94794988,2,,,2608241204,,,,,,,,,,,0.0,0.0
7608028257592331283-2608241204-1,7029,,2608241204,,,S,S60,,8001055,Böblingen,Baden-Württemberg,Böblingen,71034,9.004531864,48.68784871,3,,,2608241204,,,,,,,,,,,0.0,0.0
8909000467605487008-2608241202-12,8097,2608241225,,1,,WEG,,Dettenhausen|Weil im Schönbuch Untere Halde|Weil im Schönbuch Röte|Weil im Schönbuch Troppel|Holzgerlingen Buch|Holzgerlingen Bf|Holzgerlingen Hülben|Böblingen Zimmerschlag|Böblingen Heusteigstr|Böblingen Südbf|Böblingen Danziger Str,8001055,Böblingen,Baden-Württemberg,Böblingen,71034,9.004531864,48.68784871,3,2608241225,,,,,,,,,,,,,0.0,0.0
-7846914851169595045-2608241205-1,8096,,2608241205,,,WEG,RB46,,8001055,Böblingen,Baden-Württemberg,Böblingen,71034,9.004531864,48.68784871,3,,,2608241205,,,,,,,,,,,0.0,0.0
2137668365447796022-2608241203-3,28481,2608241226,,2,,RE,,Stuttgart Hbf|Stuttgart-Vaihingen,8001055,Böblingen,Baden-Württemberg,Böblingen,71034,9.004531864,48.68784871,3,2608241231,,,,,,,,,,,,,5.0,0.0
-8244462081615470367-2608241234-1,7031,,2608241234,,,S,S60,,8001055,Böblingen,Baden-Württemberg,Böblingen,71034,9.004531864,48.68784871,3,,,2608241235,,,,,,,,,,,0.0,1.0
8000735044124344027-2608241208-16,7032,2608241256,,5,,S,,Stuttgart-Feuerbach|Stuttgart-Zuffenhausen|Neuwirtshaus(Porscheplatz)|Korntal|Weilimdorf|Ditzingen|Höfingen|Leonberg|Rutesheim|Renningen|Renningen Süd|Magstadt|Maichingen Nord|Maichingen|Sindelfingen,8001055,Böblingen,Baden-Württemberg,Böblingen,71034,9.004531864,48.68784871,3,2608241257,,,,,,,,,,,,,1.0,0.0
4286078100246831779-2608241217-3,17639,2608241238,2608241239,5,,RE,RE14a,Stuttgart Hbf|Stuttgart-Vaihingen,8001055,Böblingen,Baden-Württemberg,Böblingen,71034,9.004531864,48.68784871,3,2608241242,,2608241243,,,,,,,,,,,4.0,4.0
-6059316468643994057-2608241232-12,8101,2608241255,,1,,WEG,,Dettenhausen|Weil im Schönbuch Untere Halde|Weil im Schönbuch Röte|Weil im Schönbuch Troppel|Holzgerlingen Buch|Holzgerlingen Bf|Holzgerlingen Hülben|Böblingen Zimmerschlag|Böblingen Heusteigstr|Böblingen Südbf|Böblingen Danziger Str,8001055,Böblingen,Baden-Württemberg,Böblingen,71034,9.004531864,48.68784871,3,2608241256,,,,,,,,,,,,,1.0,0.0
2445452608426707839-2608241216-6,7732,2608241230,2608241230,3,,S,S1,Herrenberg|Nufringen|Gärtringen|Ehningen(b Böblingen)|Hulb,8001055,Böblingen,Baden-Württemberg,Böblingen,71034,9.004531864,48.68784871,3,2608241232,,2608241232,,,,,,,,,,,2.0,2.0
-567364517811325165-2608241217-3,17637,2608241238,2608241239,5,,RE,RE14b,Stuttgart Hbf|Stuttgart-Vaihingen,8001055,Böblingen,Baden-Württemberg,Böblingen,71034,9.004531864,48.68784871,3,2608241242,,2608241243,,,,,,,,,,,4.0,4.0
6836109522047011990-2608241233-1,28480,,2608241233,,,RE,RESB,,8001055,Böblingen,Baden-Württemberg,Böblingen,71034,9.004531864,48.68784871,3,,,2608241236,,,,,,,,,,,0.0,3.0
4308021049785354747-2608241235-1,8100,,2608241235,,,WEG,RB46,,8001055,Böblingen,Baden-Württemberg,Böblingen,71034,9.004531864,48.68784871,3,,,2608241235,,,,,,,,,,,0.0,0.0
-5323490408373253678-2608241138-16,7030,2608241226,,5,,S,,Stuttgart-Feuerbach|Stuttgart-Zuffenhausen|Neuwirtshaus(Porscheplatz)|Korntal|Weilimdorf|Ditzingen|Höfingen|Leonberg|Rutesheim|Renningen|Renningen Süd|Magstadt|Maichingen Nord|Maichingen|Sindelfingen,8001055,Böblingen,Baden-Württemberg,Böblingen,71034,9.004531864,48.68784871,3,2608241228,,,,,,,,,,,,,2.0,0.0
-2940847191023482874-2608241146-4,7727,2608241200,2608241200,4,,S,S1,Stuttgart-Vaihingen|Stuttgart-Rohr|Goldberg(Württ),8001055,Böblingen,Baden-Württemberg,Böblingen,71034,9.004531864,48.68784871,3,2608241200,,2608241201,,,,,,,,,,,0.0,1.0
41668567353075799-2608241146-6,7730,2608241200,2608241200,3,,S,S1,Herrenberg|Nufringen|Gärtringen|Ehningen(b Böblingen)|Hulb,8001055,Böblingen,Baden-Württemberg,Böblingen,71034,9.004531864,48.68784871,3,2608241200,,2608241201,,,,,,,,,,,0.0,1.0
-4529562227569715510-2608241216-4,7729,2608241230,2608241230,4,,S,S1,Stuttgart-Vaihingen|Stuttgart-Rohr|Goldberg(Württ),8001055,Böblingen,Baden-Württemberg,Böblingen,71034,9.004531864,48.68784871,3,2608241234,,2608241235,,,,,,,,,,,4.0,5.0
-7298917680991319195-2608241207-13,7426,2608241247,2608241247,1,,S,S4,Stuttgart Hbf|Stuttgart Nordbahnhof|Stuttgart-Feuerbach|Stuttgart-Zuffenhausen|Kornwestheim Pbf|Ludwigsburg|Favoritepark|Freiberg(Neckar)|Benningen(Neckar)|Marbach(Neckar)|Erdmannhausen|Kirchberg(Murr),8001296,Burgstall (Murr),Baden-Württemberg,Burgstetten,71576,9.36973562,48.92851826,6,2608241247,,2608241247,,,,,,,,,,,0.0,0.0
3857297737128192069-2608241137-13,7424,2608241217,2608241217,1,,S,S4,Stuttgart Hbf|Stuttgart Nordbahnhof|Stuttgart-Feuerbach|Stuttgart-Zuffenhausen|Kornwestheim Pbf|Ludwigsburg|Favoritepark|Freiberg(Neckar)|Benningen(Neckar)|Marbach(Neckar)|Erdmannhausen|Kirchberg(Murr),8001296,Burgstall (Murr),Baden-Württemberg,Burgstetten,71576,9.36973562,48.92851826,6,2608241217,,2608241218,,,,,,,,,,,0.0,1.0
-3901454027336800522-2608241203-2,7431,2608241207,2608241208,1,,S,S4,Backnang,8001296,Burgstall (Murr),Baden-Württemberg,Burgstetten,71576,9.36973562,48.92851826,6,2608241207,,2608241209,,,,,,,,,,,0.0,1.0
-960944489364412818-2608241233-2,7433,2608241237,2608241238,1,,S,S4,Backnang,8001296,Burgstall (Murr),Baden-Württemberg,Burgstetten,71576,9.36973562,48.92851826,6,2608241237,,2608241238,,,,,,,,,,,0.0,0.0
7608028257592331283-2608241204-11,7029,2608241239,2608241239,3,,S,S60,Böblingen|Sindelfingen|Maichingen|Maichingen Nord|Magstadt|Renningen Süd|Renningen|Rutesheim|Leonberg|Höfingen,8001476,Ditzingen,Baden-Württemberg,Ditzingen,71254,9.067095186,48.82358726,4,2608241239,,2608241240,,,,,,,,,,,0.0,1.0
6406318432251840082-2608241238-6,7034,2608241251,2608241251,2,,S,S60,Stuttgart-Feuerbach|Stuttgart-Zuffenhausen|Neuwirtshaus(Porscheplatz)|Korntal|Weilimdorf,8001476,Ditzingen,Baden-Württemberg,Ditzingen,71254,9.067095186,48.82358726,4,2608241251,,2608241251,,,,,,,,,,,0.0,0.0
-8922964933325247623-2608241233-7,7633,2608241254,2608241254,3,,S,S6,Weil der Stadt|Malmsheim|Renningen|Rutesheim|Leonberg|Höfingen,8001476,Ditzingen,Baden-Württemberg,Ditzingen,71254,9.067095186,48.82358726,4,2608241254,,2608241254,,,,,,,,,,,0.0,0.0
8000735044124344027-2608241208-6,7032,2608241221,2608241221,2,,S,S60,Stuttgart-Feuerbach|Stuttgart-Zuffenhausen|Neuwirtshaus(Porscheplatz)|Korntal|Weilimdorf,8001476,Ditzingen,Baden-Württemberg,Ditzingen,71254,9.067095186,48.82358726,4,2608241222,,2608241222,,,,,,,,,,,1.0,1.0
-1086892456037719731-2608241217-8,7628,2608241236,2608241236,2,,S,S6,Stuttgart Hbf|Stuttgart Nordbahnhof|Stuttgart-Feuerbach|Stuttgart-Zuffenhausen|Neuwirtshaus(Porscheplatz)|Korntal|Weilimdorf,8001476,Ditzingen,Baden-Württemberg,Ditzingen,71254,9.067095186,48.82358726,4,2608241236,,2608241236,,,,,,,,,,,0.0,0.0
8203649348842138698-2608241147-8,7626,2608241206,2608241206,2,,S,S6,Stuttgart Hbf|Stuttgart Nordbahnhof|Stuttgart-Feuerbach|Stuttgart-Zuffenhausen|Neuwirtshaus(Porscheplatz)|Korntal|Weilimdorf,8001476,Ditzingen,Baden-Württemberg,Ditzingen,71254,9.067095186,48.82358726,4,2608241206,,2608241206,,,,,,,,,,,0.0,0.0
-2997586613667252816-2608241134-11,7027,2608241209,2608241209,3,,S,S60,Böblingen|Sindelfingen|Maichingen|Maichingen Nord|Magstadt|Renningen Süd|Renningen|Rutesheim|Leonberg|Höfingen,8001476,Ditzingen,Baden-Württemberg,Ditzingen,71254,9.067095186,48.82358726,4,2608241209,,2608241210,,,,,,,,,,,0.0,1.0
8207272767207255575-2608241203-7,7631,2608241224,2608241224,3,,S,S6,Weil der Stadt|Malmsheim|Renningen|Rutesheim|Leonberg|Höfingen,8001476,Ditzingen,Baden-Württemberg,Ditzingen,71254,9.067095186,48.82358726,4,2608241224,,2608241225,,,,,,,,,,,0.0,1.0
1327633295860803337-2608241205-5,7929,2608241219,2608241220,1,,S,S2,Stuttgart-Vaihingen|Stuttgart-Rohr|Oberaichen|Leinfelden,8001650,Echterdingen,Baden-Württemberg,Echterdingen,70771,9.169307175,48.69214787,4,2608241219,,2608241220,,,,,,,,,,,0.0,0.0
1366968872886553177-2608241235-5,7931,2608241249,2608241250,1,,S,S2,Stuttgart-Vaihingen|Stuttgart-Rohr|Oberaichen|Leinfelden,8001650,Echterdingen,Baden-Württemberg,Echterdingen,70771,9.169307175,48.69214787,4,2608241249,,2608241250,,,,,,,,,,,0.0,0.0
8432673047054651256-2608241233-3,7930,2608241240,2608241240,2,,S,S2,Filderstadt|Stuttgart Flughafen/Messe,8001650,Echterdingen,Baden-Württemberg,Echterdingen,70771,9.169307175,48.69214787,4,2608241240,,2608241240,,,,,,,,,,,0.0,0.0
4532240052029758882-2608241203-3,7928,2608241210,2608241210,2,,S,S2,Filderstadt|Stuttgart Flughafen/Messe,8001650,Echterdingen,Baden-Württemberg,Echterdingen,70771,9.169307175,48.69214787,4,2608241210,,2608241210,,,,,,,,,,,0.0,0.0
2445452608426707839-2608241216-4,7732,2608241225,2608241225,1,,S,S1,Herrenberg|Nufringen|Gärtringen,8001689,Ehningen (b Böblingen),Baden-Württemberg,Ehningen,71139,8.944310368,48.66275549,4,2608241225,,2608241225,,,,,,,,,,,0.0,0.0
-1936486939046904827-2608241246-4,7734,2608241255,2608241255,1,,S,S1,Herrenberg|Nufringen|Gärtringen,8001689,Ehningen (b Böblingen),Baden-Württemberg,Ehningen,71139,8.944310368,48.66275549,4,2608241255,,2608241255,,,,,,,,,,,0.0,0.0
-2940847191023482874-2608241146-6,7727,2608241205,2608241205,2,,S,S1,Stuttgart-Vaihingen|Stuttgart-Rohr|Goldberg(Württ)|Böblingen|Hulb,8001689,Ehningen (b Böblingen),Baden-Württemberg,Ehningen,71139,8.944310368,48.66275549,4,2608241205,,2608241206,,,,,,,,,,,0.0,1.0
-4529562227569715510-2608241216-6,7729,2608241235,2608241235,2,,S,S1,Stuttgart-Vaihingen|Stuttgart-Rohr|Goldberg(Württ)|Böblingen|Hulb,8001689,Ehningen (b Böblingen),Baden-Württemberg,Ehningen,71139,8.944310368,48.66275549,4,2608241239,,2608241240,,,,,,,,,,,4.0,5.0
-2732981563110923380-2608241203-7,7231,2608241217,2608241217,3,,S,S2,Schorndorf|Weiler(Rems)|Winterbach(b Schorndorf)|Geradstetten|Grunbach|Beutelsbach,8001785,Endersbach,Baden-Württemberg,Weinstadt,71384,9.370192421,48.81317323,4,2608241221,1,2608241222,1,h,1,Störung,,,,,,,4.0,5.0
-2751722865578801757-2608241220-9,7228,2608241241,2608241241,2,,S,S2,Stuttgart Hbf|Stuttgart-Bad Cannstatt|Stuttgart Nürnberger Str.|Stuttgart-Sommerrain|Fellbach|Waiblingen|Rommelshausen|Stetten-Beinstein,8001785,Endersbach,Baden-Württemberg,Weinstadt,71384,9.370192421,48.81317323,4,2608241250,,2608241250,,h,1,Störung,,,,,,,9.0,9.0
8797923397467745795-2608241150-9,7226,2608241211,2608241211,2,,S,S2,Stuttgart Hbf|Stuttgart-Bad Cannstatt|Stuttgart Nürnberger Str.|Stuttgart-Sommerrain|Fellbach|Waiblingen|Rommelshausen|Stetten-Beinstein,8001785,Endersbach,Baden-Württemberg,Weinstadt,71384,9.370192421,48.81317323,4,2608241211,,2608241212,,h,1,Störung,,,,,,,0.0,1.0
3177327826888597271-2608241233-7,7233,2608241247,2608241247,3,,S,S2,Schorndorf|Weiler(Rems)|Winterbach(b Schorndorf)|Geradstetten|Grunbach|Beutelsbach,8001785,Endersbach,Baden-Württemberg,Weinstadt,71384,9.370192421,48.81317323,4,2608241250,,2608241251,,h,1,Störung,,,,,,,3.0,4.0
-7298917680991319195-2608241207-11,7426,2608241240,2608241240,1,,S,S4,Stuttgart Hbf|Stuttgart Nordbahnhof|Stuttgart-Feuerbach|Stuttgart-Zuffenhausen|Kornwestheim Pbf|Ludwigsburg|Favoritepark|Freiberg(Neckar)|Benningen(Neckar)|Marbach(Neckar),8001827,Erdmannhausen,Baden-Württemberg,Erdmannhausen,71729,9.298930848,48.9483447,6,2608241240,,2608241241,,,,,,,,,,,0.0,1.0
3857297737128192069-2608241137-11,7424,2608241210,2608241210,1,,S,S4,Stuttgart Hbf|Stuttgart Nordbahnhof|Stuttgart-Feuerbach|Stuttgart-Zuffenhausen|Kornwestheim Pbf|Ludwigsburg|Favoritepark|Freiberg(Neckar)|Benningen(Neckar)|Marbach(Neckar),8001827,Erdmannhausen,Baden-Württemberg,Erdmannhausen,71729,9.298930848,48.9483447,6,2608241210,,2608241211,,,,,,,,,,,0.0,1.0
-3901454027336800522-2608241203-4,7431,2608241217,2608241218,1,,S,S4,Backnang|Burgstall(Murr)|Kirchberg(Murr),8001827,Erdmannhausen,Baden-Württemberg,Erdmannhausen,71729,9.298930848,48.9483447,6,2608241218,,2608241218,,,,,,,,,,,1.0,0.0
-960944489364412818-2608241233-4,7433,2608241247,2608241248,1,,S,S4,Backnang|Burgstall(Murr)|Kirchberg(Murr),8001827,Erdmannhausen,Baden-Württemberg,Erdmannhausen,71729,9.298930848,48.9483447,6,2608241248,,2608241249,,,,,,,,,,,1.0,1.0
-5722273275463151764-2608241204-3,19139,2608241215,2608241215,5,,ARV,MEX16,Stuttgart Hbf|Stuttgart-Bad Cannstatt,8001920,Esslingen (Neckar),Baden-Württemberg,Esslingen am Neckar,73728,9.300578149,48.73854148,3,2608241241,8,2608241242,8,r,,,,,,,,,26.0,27.0
3357210642239304181-2608241216-8,19230,2608241255,2608241255,7,,RE,MEX12,Reutlingen Hbf|Metzingen(Württ)|Bempflingen|Nürtingen|Oberboihingen|Wendlingen(Neckar)|Plochingen,8001920,Esslingen (Neckar),Baden-Württemberg,Esslingen am Neckar,73728,9.300578149,48.73854148,3,2608241301,,2608241304,,,,,,,,,,,6.0,9.0
1366757169240187578-2608241005-12,4212,2608241212,2608241213,3,,RE,RE5,Friedrichshafen Stadt|Meckenbeuren|Ravensburg|Aulendorf|Bad Schussenried|Biberach(Riß)|Laupheim West|Ulm Hbf|Geislingen(Steige)|Göppingen|Plochingen,8001920,Esslingen (Neckar),Baden-Württemberg,Esslingen am Neckar,73728,9.300578149,48.73854148,3,2608241212,,2608241213,,h,1,Störung,,,,,c,c,0.0,0.0
4759852328888448180-2608240950-6,2012,2608241259,2608241301,3,,ICE,,Oberstdorf|Sonthofen|Kempten(Allgäu)Hbf|Memmingen|Ulm Hbf,8001920,Esslingen (Neckar),Baden-Württemberg,Esslingen am Neckar,73728,9.300578149,48.73854148,3,2608241302,,2608241304,,,,,,,,,c,c,3.0,3.0
6290307180311974297-2608241113-14,19136,2608241201,2608241202,3,,ARV,MEX16,Geislingen(Steige)|Geislingen(Steige)West|Kuchen|Gingen(Fils)|Süßen|Salach|Eislingen(Fils)|Göppingen|Faurndau|Uhingen|Ebersbach(Fils)|Reichenbach(Fils)|Plochingen,8001920,Esslingen (Neckar),Baden-Württemberg,Esslingen am Neckar,73728,9.300578149,48.73854148,3,2608241201,,2608241202,,r,,,,,,,,,0.0,0.0
1394235487267718911-2608241242-3,19141,2608241253,2608241254,5,,ARV,MEX16,Stuttgart Hbf|Stuttgart-Bad Cannstatt,8001920,Esslingen (Neckar),Baden-Württemberg,Esslingen am Neckar,73728,9.300578149,48.73854148,3,2608241255,8,2608241256,8,r,,,,,,,,,2.0,2.0
-4243685153474784824-2608241102-5,566,2608241256,2608241258,3,,ICE,,München Hbf|München-Pasing|Augsburg Hbf|Ulm Hbf,8001920,Esslingen (Neckar),Baden-Württemberg,Esslingen am Neckar,73728,9.300578149,48.73854148,3,2608241254,2,2608241300,2,,,,,,,,,,-2.0,2.0
-6319936848544854600-2608241220-9,7133,2608241247,2608241247,7,,S,S1,Kirchheim(Teck)|Kirchheim(Teck)-Ötlingen|Wendlingen(Neckar)|Wernau(Neckar)|Plochingen|Altbach|Esslingen-Zell|Oberesslingen,8001920,Esslingen (Neckar),Baden-Württemberg,Esslingen am Neckar,73728,9.300578149,48.73854148,3,2608241252,,2608241253,,,,,,,,,,,5.0,6.0
8661285633611669203-2608241152-3,19221,2608241204,2608241205,6,,RE,MEX12,Stuttgart Hbf|Stuttgart-Bad Cannstatt,8001920,Esslingen (Neckar),Baden-Württemberg,Esslingen am Neckar,73728,9.300578149,48.73854148,3,2608241219,,2608241223,,c,,,,,,,,,15.0,18.0
7844358081895785158-2608241019-4,918,2608241207,2608241209,3,,ICE,,München Hbf|Augsburg Hbf|Ulm Hbf,8001920,Esslingen (Neckar),Baden-Württemberg,Esslingen am Neckar,73728,9.300578149,48.73854148,3,2608241207,,2608241209,,,,,,,,,,,0.0,0.0
-513768940106917907-2608241155-7,7128,2608241212,2608241213,8,,S,S1,Stuttgart Hbf|Stuttgart-Bad Cannstatt|Stuttgart Neckarpark|Stuttgart-Untertürkheim|Stuttgart-Obertürkheim|Esslingen-Mettingen,8001920,Esslingen (Neckar),Baden-Württemberg,Esslingen am Neckar,73728,9.300578149,48.73854148,3,2608241215,,2608241217,,,,,,,,,,,3.0,4.0
2297543165058573928-2608241237-2,4217,2608241246,2608241248,5,,RE,RE5,Stuttgart Hbf,8001920,Esslingen (Neckar),Baden-Württemberg,Esslingen am Neckar,73728,9.300578149,48.73854148,3,2608241246,,2608241248,,h,1,Störung,,,,,c,c,0.0,0.0
4736637014602700336-2608241150-9,7131,2608241217,2608241217,7,,S,S1,Kirchheim(Teck)|Kirchheim(Teck)-Ötlingen|Wendlingen(Neckar)|Wernau(Neckar)|Plochingen|Altbach|Esslingen-Zell|Oberesslingen,8001920,Esslingen (Neckar),Baden-Württemberg,Esslingen am Neckar,73728,9.300578149,48.73854148,3,2608241221,,2608241223,,,,,,,,,,,4.0,6.0
-1993606386599546493-2608241148-14,19138,2608241240,2608241240,3,,ARV,MEX16,Geislingen(Steige)|Geislingen(Steige)West|Kuchen|Gingen(Fils)|Süßen|Salach|Eislingen(Fils)|Göppingen|Faurndau|Uhingen|Ebersbach(Fils)|Reichenbach(Fils)|Plochingen,8001920,Esslingen (Neckar),Baden-Württemberg,Esslingen am Neckar,73728,9.300578149,48.73854148,3,2608241240,,2608241240,,r,,,,,,,,,0.0,0.0
3705893801311502416-2608241205-4,565,2608241258,2608241300,6,,ICE,,Karlsruhe Hbf|Bruchsal|Vaihingen(Enz),8001920,Esslingen (Neckar),Baden-Württemberg,Esslingen am Neckar,73728,9.300578149,48.73854148,3,2608241303,,2608241305,,c,,,,,,,,,5.0,5.0
7254785335294425123-2608241220-2,19317,2608241234,2608241235,6,,RE,MEX18,Kornwestheim Pbf,8001920,Esslingen (Neckar),Baden-Württemberg,Esslingen am Neckar,73728,9.300578149,48.73854148,3,2608241248,,2608241249,,c,,,,,,,,,14.0,14.0
-2287383522736908895-2608241217-2,19316,2608241223,2608241226,3,,RE,MEX18,Plochingen,8001920,Esslingen (Neckar),Baden-Württemberg,Esslingen am Neckar,73728,9.300578149,48.73854148,3,2608241223,,2608241226,,,,,,,,,,,0.0,0.0
8539842934523735566-2608241225-7,7130,2608241242,2608241243,8,,S,S1,Stuttgart Hbf|Stuttgart-Bad Cannstatt|Stuttgart Neckarpark|Stuttgart-Untertürkheim|Stuttgart-Obertürkheim|Esslingen-Mettingen,8001920,Esslingen (Neckar),Baden-Württemberg,Esslingen am Neckar,73728,9.300578149,48.73854148,3,2608241247,,2608241251,,,,,,,,,,,5.0,8.0
8056505330798593907-2608240630-11,119,2608241158,2608241202,5,,ICE,,Münster(Westf)Hbf|Recklinghausen Hbf|Gelsenkirchen Hbf|Essen Hbf|Duisburg Hbf|Düsseldorf Hbf|Köln Messe/Deutz Gl.11-12|Frankfurt(M) Flughafen Fernbf|Mannheim Hbf|Vaihingen(Enz),8001920,Esslingen (Neckar),Baden-Württemberg,Esslingen am Neckar,73728,9.300578149,48.73854148,3,2608241211,6,2608241213,6,,,,,,,,,,13.0,11.0
-6319936848544854600-2608241220-10,7133,2608241249,2608241250,3,,S,S1,Kirchheim(Teck)|Kirchheim(Teck)-Ötlingen|Wendlingen(Neckar)|Wernau(Neckar)|Plochingen|Altbach|Esslingen-Zell|Oberesslingen|Esslingen(Neckar),8001921,Esslingen-Mettingen,Baden-Württemberg,Esslingen am Neckar,73733,9.275799007,48.74696655,3,2608241254,,2608241259,,,,,,,,,,,5.0,9.0
-513768940106917907-2608241155-6,7128,2608241209,2608241209,4,,S,S1,Stuttgart Hbf|Stuttgart-Bad Cannstatt|Stuttgart Neckarpark|Stuttgart-Untertürkheim|Stuttgart-Obertürkheim,8001921,Esslingen-Mettingen,Baden-Württemberg,Esslingen am Neckar,73733,9.275799007,48.74696655,3,2608241212,,2608241213,,,,,,,,,,,3.0,4.0
4736637014602700336-2608241150-10,7131,2608241219,2608241220,3,,S,S1,Kirchheim(Teck)|Kirchheim(Teck)-Ötlingen|Wendlingen(Neckar)|Wernau(Neckar)|Plochingen|Altbach|Esslingen-Zell|Oberesslingen|Esslingen(Neckar),8001921,Esslingen-Mettingen,Baden-Württemberg,Esslingen am Neckar,73733,9.275799007,48.74696655,3,2608241225,,2608241226,,,,,,,,,,,6.0,6.0
8539842934523735566-2608241225-6,7130,2608241239,2608241239,4,,S,S1,Stuttgart Hbf|Stuttgart-Bad Cannstatt|Stuttgart Neckarpark|Stuttgart-Untertürkheim|Stuttgart-Obertürkheim,8001921,Esslingen-Mettingen,Baden-Württemberg,Esslingen am Neckar,73733,9.275799007,48.74696655,3,2608241244,,2608241245,,,,,,,,,,,5.0,6.0
-6319936848544854600-2608241220-7,7133,2608241242,2608241242,3,,S,S1,Kirchheim(Teck)|Kirchheim(Teck)-Ötlingen|Wendlingen(Neckar)|Wernau(Neckar)|Plochingen|Altbach,8006642,Esslingen-Zell,Baden-Württemberg,Esslingen am Neckar,73730,9.359739507,48.72436142,3,2608241242,,2608241242,,,,,,,,,,,0.0,0.0
-513768940106917907-2608241155-9,7128,2608241217,2608241218,4,,S,S1,Stuttgart Hbf|Stuttgart-Bad Cannstatt|Stuttgart Neckarpark|Stuttgart-Untertürkheim|Stuttgart-Obertürkheim|Esslingen-Mettingen|Esslingen(Neckar)|Oberesslingen,8006642,Esslingen-Zell,Baden-Württemberg,Esslingen am Neckar,73730,9.359739507,48.72436142,3,2608241221,,2608241221,,,,,,,,,,,4.0,3.0
4736637014602700336-2608241150-7,7131,2608241212,2608241212,3,,S,S1,Kirchheim(Teck)|Kirchheim(Teck)-Ötlingen|Wendlingen(Neckar)|Wernau(Neckar)|Plochingen|Altbach,8006642,Esslingen-Zell,Baden-Württemberg,Esslingen am Neckar,73730,9.359739507,48.72436142,3,2608241214,,2608241215,,,,,,,,,,,2.0,3.0
8539842934523735566-2608241225-9,7130,2608241247,2608241248,4,,S,S1,Stuttgart Hbf|Stuttgart-Bad Cannstatt|Stuttgart Neckarpark|Stuttgart-Untertürkheim|Stuttgart-Obertürkheim|Esslingen-Mettingen|Esslingen(Neckar)|Oberesslingen,8006642,Esslingen-Zell,Baden-Württemberg,Esslingen am Neckar,73730,9.359739507,48.72436142,3,2608241255,,2608241256,,,,,,,,,,,8.0,8.0
-7298917680991319195-2608241207-7,7426,2608241226,2608241226,1,,S,S4,Stuttgart Hbf|Stuttgart Nordbahnhof|Stuttgart-Feuerbach|Stuttgart-Zuffenhausen|Kornwestheim Pbf|Ludwigsburg,8001967,Favoritepark,Baden-Württemberg,Ludwigsburg,71634,9.180574277,48.90948451,5,2608241226,,2608241226,,,,,,,,,,,0.0,0.0
123913387555218089-2608241237-7,7428,2608241256,2608241256,1,,S,S4,Stuttgart Hbf|Stuttgart Nordbahnhof|Stuttgart-Feuerbach|Stuttgart-Zuffenhausen|Kornwestheim Pbf|Ludwigsburg,8001967,Favoritepark,Baden-Württemberg,Ludwigsburg,71634,9.180574277,48.90948451,5,2608241256,,2608241257,,,,,,,,,,,0.0,1.0
-3901454027336800522-2608241203-8,7431,2608241233,2608241234,2,,S,S4,Backnang|Burgstall(Murr)|Kirchberg(Murr)|Erdmannhausen|Marbach(Neckar)|Benningen(Neckar)|Freiberg(Neckar),8001967,Favoritepark,Baden-Württemberg,Ludwigsburg,71634,9.180574277,48.90948451,5,2608241234,,2608241235,,,,,,,,,,,1.0,1.0
-2837347101663805561-2608241133-8,7429,2608241203,2608241204,2,,S,S4,Backnang|Burgstall(Murr)|Kirchberg(Murr)|Erdmannhausen|Marbach(Neckar)|Benningen(Neckar)|Freiberg(Neckar),8001967,Favoritepark,Baden-Württemberg,Ludwigsburg,71634,9.180574277,48.90948451,5,2608241204,,2608241205,,,,,,,,,,,1.0,1.0
5786472600680484262-2608241242-5,7330,2608241256,2608241257,1,,S,S3,Stuttgart Hbf|Stuttgart-Bad Cannstatt|Stuttgart Nürnberger Str.|Stuttgart-Sommerrain,8001974,Fellbach,Baden-Württemberg,Fellbach,70736,9.270645988,48.8202936,3,2608241259,,2608241300,,,,,,,,,,,3.0,3.0
8851012744564607240-2608241211-8,7331,2608241232,2608241233,4,,S,S3,Backnang|Maubach|Nellmersbach|Winnenden|Schwaikheim|Neustadt-Hohenacker|Waiblingen,8001974,Fellbach,Baden-Württemberg,Fellbach,70736,9.270645988,48.8202936,3,2608241234,,2608241235,,,,,,,,,,,2.0,2.0
-2732981563110923380-2608241203-11,7231,2608241227,2608241228,4,,S,S2,Schorndorf|Weiler(Rems)|Winterbach(b Schorndorf)|Geradstetten|Grunbach|Beutelsbach|Endersbach|Stetten-Beinstein|Rommelshausen|Waiblingen,8001974,Fellbach,Baden-Württemberg,Fellbach,70736,9.270645988,48.8202936,3,2608241232,,2608241232,,h,1,Störung,,,,,,,5.0,4.0
-2751722865578801757-2608241220-5,7228,2608241231,2608241232,1,,S,S2,Stuttgart Hbf|Stuttgart-Bad Cannstatt|Stuttgart Nürnberger Str.|Stuttgart-Sommerrain,8001974,Fellbach,Baden-Württemberg,Fellbach,70736,9.270645988,48.8202936,3,2608241240,,2608241241,,h,1,Störung,,,,,,,9.0,9.0
8797923397467745795-2608241150-5,7226,2608241201,2608241202,1,,S,S2,Stuttgart Hbf|Stuttgart-Bad Cannstatt|Stuttgart Nürnberger Str.|Stuttgart-Sommerrain,8001974,Fellbach,Baden-Württemberg,Fellbach,70736,9.270645988,48.8202936,3,2608241202,,2608241203,,h,1,Störung,,,,,,,1.0,1.0
3177327826888597271-2608241233-11,7233,2608241257,2608241258,4,,S,S2,Schorndorf|Weiler(Rems)|Winterbach(b Schorndorf)|Geradstetten|Grunbach|Beutelsbach|Endersbach|Stetten-Beinstein|Rommelshausen|Waiblingen,8001974,Fellbach,Baden-Württemberg,Fellbach,70736,9.270645988,48.8202936,3,2608241300,,2608241301,,h,1,Störung,,,,,,,3.0,3.0
-3955134605586594139-2608241141-8,7329,2608241202,2608241203,4,,S,S3,Backnang|Maubach|Nellmersbach|Winnenden|Schwaikheim|Neustadt-Hohenacker|Waiblingen,8001974,Fellbach,Baden-Württemberg,Fellbach,70736,9.270645988,48.8202936,3,2608241203,,2608241204,,,,,,,,,,,1.0,1.0
7638159005670329721-2608241212-5,7328,2608241226,2608241227,1,,S,S3,Stuttgart Hbf|Stuttgart-Bad Cannstatt|Stuttgart Nürnberger Str.|Stuttgart-Sommerrain,8001974,Fellbach,Baden-Württemberg,Fellbach,70736,9.270645988,48.8202936,3,2608241235,,2608241236,,,,,,,,,,,9.0,9.0
1327633295860803337-2608241205-6,7929,2608241222,2608241223,1,,S,S2,Stuttgart-Vaihingen|Stuttgart-Rohr|Oberaichen|Leinfelden|Echterdingen,8005768,Stuttgart Flughafen/Messe,Baden-Württemberg,Leinfelden-Echterdingen,70629,9.193411574,48.69075193,4,2608241222,,2608241223,,,,,,,,,,,0.0,0.0
1366968872886553177-2608241235-6,7931,2608241252,2608241253,1,,S,S2,Stuttgart-Vaihingen|Stuttgart-Rohr|Oberaichen|Leinfelden|Echterdingen,8005768,Stuttgart Flughafen/Messe,Baden-Württemberg,Leinfelden-Echterdingen,70629,9.193411574,48.69075193,4,2608241252,,2608241253,,,,,,,,,,,0.0,0.0
8432673047054651256-2608241233-2,7930,2608241237,2608241238,2,,S,S2,Filderstadt,8005768,Stuttgart Flughafen/Messe,Baden-Württemberg,Leinfelden-Echterdingen,70629,9.193411574,48.69075193,4,2608241237,,2608241238,,,,,,,,,,,0.0,0.0
4532240052029758882-2608241203-2,7928,2608241207,2608241208,2,,S,S2,Filderstadt,8005768,Stuttgart Flughafen/Messe,Baden-Württemberg,Leinfelden-Echterdingen,70629,9.193411574,48.69075193,4,2608241207,,2608241208,,,,,,,,,,,0.0,0.0
-7298917680991319195-2608241207-8,7426,2608241229,2608241229,3,,S,S4,Stuttgart Hbf|Stuttgart Nordbahnhof|Stuttgart-Feuerbach|Stuttgart-Zuffenhausen|Kornwestheim Pbf|Ludwigsburg|Favoritepark,8002065,Freiberg (Neckar),Baden-Württemberg,Freiberg am Neckar,71691,9.197530085,48.92994974,5,2608241229,,2608241229,,,,,,,,,,,0.0,0.0
123913387555218089-2608241237-8,7428,2608241259,2608241259,3,,S,S4,Stuttgart Hbf|Stuttgart Nordbahnhof|Stuttgart-Feuerbach|Stuttgart-Zuffenhausen|Kornwestheim Pbf|Ludwigsburg|Favoritepark,8002065,Freiberg (Neckar),Baden-Württemberg,Freiberg am Neckar,71691,9.197530085,48.92994974,5,2608241259,,2608241300,,,,,,,,,,,0.0,1.0
-3901454027336800522-2608241203-7,7431,2608241230,2608241231,2,,S,S4,Backnang|Burgstall(Murr)|Kirchberg(Murr)|Erdmannhausen|Marbach(Neckar)|Benningen(Neckar),8002065,Freiberg (Neckar),Baden-Württemberg,Freiberg am Neckar,71691,9.197530085,48.92994974,5,2608241231,,2608241232,,,,,,,,,,,1.0,1.0
-2837347101663805561-2608241133-7,7429,2608241200,2608241201,2,,S,S4,Backnang|Burgstall(Murr)|Kirchberg(Murr)|Erdmannhausen|Marbach(Neckar)|Benningen(Neckar),8002065,Freiberg (Neckar),Baden-Württemberg,Freiberg am Neckar,71691,9.197530085,48.92994974,5,2608241201,,2608241202,,,,,,,,,,,1.0,1.0
2445452608426707839-2608241216-3,7732,2608241222,2608241222,2,,S,S1,Herrenberg|Nufringen,8002165,Gärtringen,Baden-Württemberg,Gärtringen,71116,8.908864487,48.64080021,5,2608241222,,2608241222,,,,,,,,,,,0.0,0.0
-1936486939046904827-2608241246-3,7734,2608241252,2608241252,2,,S,S1,Herrenberg|Nufringen,8002165,Gärtringen,Baden-Württemberg,Gärtringen,71116,8.908864487,48.64080021,5,2608241252,,2608241252,,,,,,,,,,,0.0,0.0
-2940847191023482874-2608241146-7,7727,2608241208,2608241208,1,,S,S1,Stuttgart-Vaihingen|Stuttgart-Rohr|Goldberg(Württ)|Böblingen|Hulb|Ehningen(b Böblingen),8002165,Gärtringen,Baden-Württemberg,Gärtringen,71116,8.908864487,48.64080021,5,2608241208,,2608241209,,,,,,,,,,,0.0,1.0
-4529562227569715510-2608241216-7,7729,2608241238,2608241238,1,,S,S1,Stuttgart-Vaihingen|Stuttgart-Rohr|Goldberg(Württ)|Böblingen|Hulb|Ehningen(b Böblingen),8002165,Gärtringen,Baden-Württemberg,Gärtringen,71116,8.908864487,48.64080021,5,2608241243,,2608241244,,,,,,,,,,,5.0,6.0
-2732981563110923380-2608241203-4,7231,2608241210,2608241211,1,,S,S2,Schorndorf|Weiler(Rems)|Winterbach(b Schorndorf),8002240,Geradstetten,Baden-Württemberg,Remshalden,73630,9.439522346,48.80527689,5,,1,,1,h,1,Störung,,,,,c,c,0.0,0.0
-2751722865578801757-2608241220-12,7228,2608241247,2608241247,2,,S,S2,Stuttgart Hbf|Stuttgart-Bad Cannstatt|Stuttgart Nürnberger Str.|Stuttgart-Sommerrain|Fellbach|Waiblingen|Rommelshausen|Stetten-Beinstein|Endersbach|Beutelsbach|Grunbach,8002240,Geradstetten,Baden-Württemberg,Remshalden,73630,9.439522346,48.80527689,5,2608241256,,2608241257,,h,1,Störung,,,,,,,9.0,10.0
8797923397467745795-2608241150-12,7226,2608241217,2608241217,2,,S,S2,Stuttgart Hbf|Stuttgart-Bad Cannstatt|Stuttgart Nürnberger Str.|Stuttgart-Sommerrain|Fellbach|Waiblingen|Rommelshausen|Stetten-Beinstein|Endersbach|Beutelsbach|Grunbach,8002240,Geradstetten,Baden-Württemberg,Remshalden,73630,9.439522346,48.80527689,5,2608241219,,2608241220,,h,1,Störung,,,,,,,2.0,3.0
3177327826888597271-2608241233-4,7233,2608241240,2608241241,1,,S,S2,Schorndorf|Weiler(Rems)|Winterbach(b Schorndorf),8002240,Geradstetten,Baden-Württemberg,Remshalden,73630,9.439522346,48.80527689,5,2608241244,,2608241244,,h,1,Störung,,,,,,,4.0,3.0
-6009105177500370961-2608241246-3,7731,2608241258,2608241258,1,,S,S1,Stuttgart-Vaihingen|Stuttgart-Rohr,8005201,Goldberg,Baden-Württemberg,Böblingen,71032,9.019733387,48.69651581,5,2608241258,,2608241258,,,,,,,,,,,0.0,0.0
2445452608426707839-2608241216-7,7732,2608241232,2608241232,2,,S,S1,Herrenberg|Nufringen|Gärtringen|Ehningen(b Böblingen)|Hulb|Böblingen,8005201,Goldberg,Baden-Württemberg,Böblingen,71032,9.019733387,48.69651581,5,2608241234,,2608241234,,,,,,,,,,,2.0,2.0
41668567353075799-2608241146-7,7730,2608241202,2608241202,2,,S,S1,Herrenberg|Nufringen|Gärtringen|Ehningen(b Böblingen)|Hulb|Böblingen,8005201,Goldberg,Baden-Württemberg,Böblingen,71032,9.019733387,48.69651581,5,2608241202,,2608241203,,,,,,,,,,,0.0,1.0
-4529562227569715510-2608241216-3,7729,2608241228,2608241228,1,,S,S1,Stuttgart-Vaihingen|Stuttgart-Rohr,8005201,Goldberg,Baden-Württemberg,Böblingen,71032,9.019733387,48.69651581,5,2608241232,,2608241233,,,,,,,,,,,4.0,5.0
-2732981563110923380-2608241203-5,7231,2608241212,2608241213,2,,S,S2,Schorndorf|Weiler(Rems)|Winterbach(b Schorndorf)|Geradstetten,8002448,Grunbach,Baden-Württemberg,Remshalden,73630,9.419580601,48.810414,4,,2,2608241217,3,h,1,Störung,,,,,c,,0.0,4.0
-2751722865578801757-2608241220-11,7228,2608241245,2608241245,3,,S,S2,Stuttgart Hbf|Stuttgart-Bad Cannstatt|Stuttgart Nürnberger Str.|Stuttgart-Sommerrain|Fellbach|Waiblingen|Rommelshausen|Stetten-Beinstein|Endersbach|Beutelsbach,8002448,Grunbach,Baden-Württemberg,Remshalden,73630,9.419580601,48.810414,4,2608241254,,2608241255,,h,1,Störung,,,,,,,9.0,10.0
8797923397467745795-2608241150-11,7226,2608241215,2608241215,3,,S,S2,Stuttgart Hbf|Stuttgart-Bad Cannstatt|Stuttgart Nürnberger Str.|Stuttgart-Sommerrain|Fellbach|Waiblingen|Rommelshausen|Stetten-Beinstein|Endersbach|Beutelsbach,8002448,Grunbach,Baden-Württemberg,Remshalden,73630,9.419580601,48.810414,4,2608241217,1,2608241217,1,h,1,Störung,,,,,,,2.0,2.0
3177327826888597271-2608241233-5,7233,2608241242,2608241243,2,,S,S2,Schorndorf|Weiler(Rems)|Winterbach(b Schorndorf)|Geradstetten,8002448,Grunbach,Baden-Württemberg,Remshalden,73630,9.419580601,48.810414,4,2608241246,,2608241247,,h,1,Störung,,,,,,,4.0,4.0
8993379184971619733-2608241035-11,50380,2608241211,2608241211,1,,RE,IC87,Singen(Hohentwiel)|Engen|Tuttlingen|Spaichingen|Rottweil|Oberndorf(Neckar)|Sulz(Neckar)|Horb|Bondorf(b Herrenberg)|Gäufelden,8002785,Herrenberg,Baden-Württemberg,Herrenberg,71083,8.862625253,48.59395697,3,2608241239,,2608241240,,,,,,,,,c,c,28.0,29.0
-8162855589107279415-2608241211-10,22779,2608241241,,102,,RB,,Tübingen Hbf|Tübingen West|Unterjesingen Sandäcker|Unterjesingen Mitte|Pfäffingen|Entringen|Altingen(Württ)|Gültstein|Herrenberg Zwerchweg,8002785,Herrenberg,Baden-Württemberg,Herrenberg,71083,8.862625253,48.59395697,3,2608241241,,,,,,,,,,,,,0.0,0.0
2445758245483744446-2608241249-1,22780,,2608241249,,,RB,RB63,,8002785,Herrenberg,Baden-Württemberg,Herrenberg,71083,8.862625253,48.59395697,3,,,2608241249,,,,,,,,,,,0.0,0.0
-1865392785619674154-2608241141-10,22773,2608241211,,102,,RB,,Tübingen Hbf|Tübingen West|Unterjesingen Sandäcker|Unterjesingen Mitte|Pfäffingen|Entringen|Altingen(Württ)|Gültstein|Herrenberg Zwerchweg,8002785,Herrenberg,Baden-Württemberg,Herrenberg,71083,8.862625253,48.59395697,3,2608241211,,,,,,,,,,,,,0.0,0.0
4286078100246831779-2608241217-4,17639,2608241248,2608241248,4,,RE,RE14a,Stuttgart Hbf|Stuttgart-Vaihingen|Böblingen,8002785,Herrenberg,Baden-Württemberg,Herrenberg,71083,8.862625253,48.59395697,3,2608241252,,2608241254,,,,,,,,,,,4.0,6.0
2445452608426707839-2608241216-1,7732,,2608241216,,,S,S1,,8002785,Herrenberg,Baden-Württemberg,Herrenberg,71083,8.862625253,48.59395697,3,,,2608241216,,,,,,,,,,,0.0,0.0
3529743929784818117-2608240937-13,380,2608241211,2608241211,1,,IC,,Zürich HB|Schaffhausen|Singen(Hohentwiel)|Engen|Tuttlingen|Spaichingen|Rottweil|Oberndorf(Neckar)|Sulz(Neckar)|Horb|Bondorf(b Herrenberg)|Gäufelden,8002785,Herrenberg,Baden-Württemberg,Herrenberg,71083,8.862625253,48.59395697,3,2608241239,,2608241240,,,,,,,,,c,c,28.0,29.0
-567364517811325165-2608241217-4,17637,2608241248,2608241248,4,,RE,RE14b,Stuttgart Hbf|Stuttgart-Vaihingen|Böblingen,8002785,Herrenberg,Baden-Württemberg,Herrenberg,71083,8.862625253,48.59395697,3,2608241252,,2608241254,,,,,,,,,,,4.0,6.0
-8823184004077830950-2608241219-1,22774,,2608241219,,,RB,RB63,,8002785,Herrenberg,Baden-Württemberg,Herrenberg,71083,8.862625253,48.59395697,3,,,2608241220,,,,,,,,,,,0.0,1.0
-1936486939046904827-2608241246-1,7734,,2608241246,,,S,S1,,8002785,Herrenberg,Baden-Württemberg,Herrenberg,71083,8.862625253,48.59395697,3,,,2608241246,,,,,,,,,,,0.0,0.0
-2940847191023482874-2608241146-9,7727,2608241215,,3,,S,,Stuttgart-Vaihingen|Stuttgart-Rohr|Goldberg(Württ)|Böblingen|Hulb|Ehningen(b Böblingen)|Gärtringen|Nufringen,8002785,Herrenberg,Baden-Württemberg,Herrenberg,71083,8.862625253,48.59395697,3,2608241215,,,,,,,,,,,,,0.0,0.0
-1938982949897723231-2608241222-1,17635,,2608241222,,,RB,RB14a,,8002785,Herrenberg,Baden-Württemberg,Herrenberg,71083,8.862625253,48.59395697,3,,,2608241222,101,,,,,,,,,,0.0,0.0
-4529562227569715510-2608241216-9,7729,2608241245,,3,,S,,Stuttgart-Vaihingen|Stuttgart-Rohr|Goldberg(Württ)|Böblingen|Hulb|Ehningen(b Böblingen)|Gärtringen|Nufringen,8002785,Herrenberg,Baden-Württemberg,Herrenberg,71083,8.862625253,48.59395697,3,2608241250,2,,,,,,,,,,,,5.0,0.0
7608028257592331283-2608241204-10,7029,2608241235,2608241236,1,,S,S60,Böblingen|Sindelfingen|Maichingen|Maichingen Nord|Magstadt|Renningen Süd|Renningen|Rutesheim|Leonberg,8002892,Höfingen,Baden-Württemberg,Leonberg,71229,9.026180834,48.81503436,5,2608241236,,2608241237,,,,,,,,,,,1.0,1.0
6406318432251840082-2608241238-7,7034,2608241254,2608241254,2,,S,S60,Stuttgart-Feuerbach|Stuttgart-Zuffenhausen|Neuwirtshaus(Porscheplatz)|Korntal|Weilimdorf|Ditzingen,8002892,Höfingen,Baden-Württemberg,Leonberg,71229,9.026180834,48.81503436,5,2608241254,,2608241255,,,,,,,,,,,0.0,1.0
-8922964933325247623-2608241233-6,7633,2608241250,2608241251,1,,S,S6,Weil der Stadt|Malmsheim|Renningen|Rutesheim|Leonberg,8002892,Höfingen,Baden-Württemberg,Leonberg,71229,9.026180834,48.81503436,5,2608241250,,2608241251,,,,,,,,,,,0.0,0.0
8000735044124344027-2608241208-7,7032,2608241224,2608241224,2,,S,S60,Stuttgart-Feuerbach|Stuttgart-Zuffenhausen|Neuwirtshaus(Porscheplatz)|Korntal|Weilimdorf|Ditzingen,8002892,Höfingen,Baden-Württemberg,Leonberg,71229,9.026180834,48.81503436,5,2608241225,,2608241226,,,,,,,,,,,1.0,2.0
-1086892456037719731-2608241217-9,7628,2608241239,2608241239,2,,S,S6,Stuttgart Hbf|Stuttgart Nordbahnhof|Stuttgart-Feuerbach|Stuttgart-Zuffenhausen|Neuwirtshaus(Porscheplatz)|Korntal|Weilimdorf|Ditzingen,8002892,Höfingen,Baden-Württemberg,Leonberg,71229,9.026180834,48.81503436,5,2608241239,,2608241240,,,,,,,,,,,0.0,1.0
8203649348842138698-2608241147-9,7626,2608241209,2608241209,2,,S,S6,Stuttgart Hbf|Stuttgart Nordbahnhof|Stuttgart-Feuerbach|Stuttgart-Zuffenhausen|Neuwirtshaus(Porscheplatz)|Korntal|Weilimdorf|Ditzingen,8002892,Höfingen,Baden-Württemberg,Leonberg,71229,9.026180834,48.81503436,5,2608241209,,2608241210,,,,,,,,,,,0.0,1.0
-2997586613667252816-2608241134-10,7027,2608241205,2608241206,1,,S,S60,Böblingen|Sindelfingen|Maichingen|Maichingen Nord|Magstadt|Renningen Süd|Renningen|Rutesheim|Leonberg,8002892,Höfingen,Baden-Württemberg,Leonberg,71229,9.026180834,48.81503436,5,2608241206,,2608241206,,,,,,,,,,,1.0,0.0
8207272767207255575-2608241203-6,7631,2608241220,2608241221,1,,S,S6,Weil der Stadt|Malmsheim|Renningen|Rutesheim|Leonberg,8002892,Höfingen,Baden-Württemberg,Leonberg,71229,9.026180834,48.81503436,5,2608241221,,2608241222,,,,,,,,,,,1.0,1.0
2445452608426707839-2608241216-5,7732,2608241228,2608241228,2,,S,S1,Herrenberg|Nufringen|Gärtringen|Ehningen(b Böblingen),8003022,Hulb,Baden-Württemberg,Böblingen-Hulb,71032,8.982396429,48.67924173,5,2608241228,,2608241230,,,,,,,,,,,0.0,2.0
-1936486939046904827-2608241246-5,7734,2608241258,2608241258,2,,S,S1,Herrenberg|Nufringen|Gärtringen|Ehningen(b Böblingen),8003022,Hulb,Baden-Württemberg,Böblingen-Hulb,71032,8.982396429,48.67924173,5,2608241258,,2608241258,,,,,,,,,,,0.0,0.0
-2940847191023482874-2608241146-5,7727,2608241202,2608241202,1,,S,S1,Stuttgart-Vaihingen|Stuttgart-Rohr|Goldberg(Württ)|Böblingen,8003022,Hulb,Baden-Württemberg,Böblingen-Hulb,71032,8.982396429,48.67924173,5,2608241203,,2608241203,,,,,,,,,,,1.0,1.0
-4529562227569715510-2608241216-5,7729,2608241232,2608241232,1,,S,S1,Stuttgart-Vaihingen|Stuttgart-Rohr|Goldberg(Württ)|Böblingen,8003022,Hulb,Baden-Württemberg,Böblingen-Hulb,71032,8.982396429,48.67924173,5,2608241237,,2608241237,,,,,,,,,,,5.0,5.0
1327633295860803337-2608241205-7,7929,2608241227,,1,,S,,Stuttgart-Vaihingen|Stuttgart-Rohr|Oberaichen|Leinfelden|Echterdingen|Stuttgart Flughafen/Messe,8001984,Filderstadt,Baden-Württemberg,Filderstadt,70794,9.217581315,48.67649151,5,2608241227,,,,,,,,,,,,,0.0,0.0
1366968872886553177-2608241235-7,7931,2608241257,,1,,S,,Stuttgart-Vaihingen|Stuttgart-Rohr|Oberaichen|Leinfelden|Echterdingen|Stuttgart Flughafen/Messe,8001984,Filderstadt,Baden-Württemberg,Filderstadt,70794,9.217581315,48.67649151,5,2608241257,,,,,,,,,,,,,0.0,0.0
8432673047054651256-2608241233-1,7930,,2608241233,,,S,S2,,8001984,Filderstadt,Baden-Württemberg,Filderstadt,70794,9.217581315,48.67649151,5,,,2608241233,,,,,,,,,,,0.0,0.0
4532240052029758882-2608241203-1,7928,,2608241203,,,S,S2,,8001984,Filderstadt,Baden-Württemberg,Filderstadt,70794,9.217581315,48.67649151,5,,,2608241203,,,,,,,,,,,0.0,0.0
-7298917680991319195-2608241207-12,7426,2608241243,2608241243,2,,S,S4,Stuttgart Hbf|Stuttgart Nordbahnhof|Stuttgart-Feuerbach|Stuttgart-Zuffenhausen|Kornwestheim Pbf|Ludwigsburg|Favoritepark|Freiberg(Neckar)|Benningen(Neckar)|Marbach(Neckar)|Erdmannhausen,8003266,Kirchberg (Murr),Baden-Württemberg,Kirchberg an der Murr,71737,9.328210283,48.93928182,6,2608241243,,2608241244,,,,,,,,,,,0.0,1.0
3857297737128192069-2608241137-12,7424,2608241213,2608241213,2,,S,S4,Stuttgart Hbf|Stuttgart Nordbahnhof|Stuttgart-Feuerbach|Stuttgart-Zuffenhausen|Kornwestheim Pbf|Ludwigsburg|Favoritepark|Freiberg(Neckar)|Benningen(Neckar)|Marbach(Neckar)|Erdmannhausen,8003266,Kirchberg (Murr),Baden-Württemberg,Kirchberg an der Murr,71737,9.328210283,48.93928182,6,2608241213,,2608241214,,,,,,,,,,,0.0,1.0
-3901454027336800522-2608241203-3,7431,2608241212,2608241215,1,,S,S4,Backnang|Burgstall(Murr),8003266,Kirchberg (Murr),Baden-Württemberg,Kirchberg an der Murr,71737,9.328210283,48.93928182,6,2608241212,,2608241215,,,,,,,,,,,0.0,0.0
-960944489364412818-2608241233-3,7433,2608241242,2608241245,1,,S,S4,Backnang|Burgstall(Murr),8003266,Kirchberg (Murr),Baden-Württemberg,Kirchberg an der Murr,71737,9.328210283,48.93928182,6,2608241242,,2608241245,,,,,,,,,,,0.0,0.0
-6319936848544854600-2608241220-1,7133,,2608241220,,,S,S1,,8003280,Kirchheim (Teck),Baden-Württemberg,Kirchheim unter Teck,73230,9.443872422,48.64415981,4,,,2608241221,,,,,,,,,,,0.0,1.0
1692997485605395662-2608241250-1,7135,,2608241250,,,S,S1,,8003280,Kirchheim (Teck),Baden-Württemberg,Kirchheim unter Teck,73230,9.443872422,48.64415981,4,,,2608241250,,,,,,,,,,,0.0,0.0
-513768940106917907-2608241155-15,7128,2608241239,,2,,S,,Stuttgart Hbf|Stuttgart-Bad Cannstatt|Stuttgart Neckarpark|Stuttgart-Untertürkheim|Stuttgart-Obertürkheim|Esslingen-Mettingen|Esslingen(Neckar)|Oberesslingen|Esslingen-Zell|Altbach|Plochingen|Wernau(Neckar)|Wendlingen(Neckar)|Kirchheim(Teck)-Ötlingen,8003280,Kirchheim (Teck),Baden-Württemberg,Kirchheim unter Teck,73230,9.443872422,48.64415981,4,2608241242,,,,,,,,,,,,,3.0,0.0
-5416168312730799613-2608241217-1,37965,,2608241217,,,RB,RB64,,8003280,Kirchheim (Teck),Baden-Württemberg,Kirchheim unter Teck,73230,9.443872422,48.64415981,4,,,2608241217,,,,,,,,,,,0.0,0.0
8120231020152351112-2608241154-7,37964,2608241212,,1,,RB,,Oberlenningen|Unterlenningen|Brucken|Owen(Teck)|Dettingen(Teck)|Kirchheim(Teck)Süd,8003280,Kirchheim (Teck),Baden-Württemberg,Kirchheim unter Teck,73230,9.443872422,48.64415981,4,2608241212,,,,,,,,,,,,,0.0,0.0
240389329078028238-2608241125-15,7126,2608241209,,2,,S,,Stuttgart Hbf|Stuttgart-Bad Cannstatt|Stuttgart Neckarpark|Stuttgart-Untertürkheim|Stuttgart-Obertürkheim|Esslingen-Mettingen|Esslingen(Neckar)|Oberesslingen|Esslingen-Zell|Altbach|Plochingen|Wernau(Neckar)|Wendlingen(Neckar)|Kirchheim(Teck)-Ötlingen,8003280,Kirchheim (Teck),Baden-Württemberg,Kirchheim unter Teck,73230,9.443872422,48.64415981,4,2608241211,,,,,,,,,,,,,2.0,0.0
-6319936848544854600-2608241220-2,7133,2608241223,2608241223,1,,S,S1,Kirchheim(Teck),8003282,Kirchheim (Teck)-Ötlingen,Baden-Württemberg,Kirchheim unter Teck,73230,9.416261302,48.65782388,5,2608241223,,2608241224,,,,,,,,,,,0.0,1.0
1692997485605395662-2608241250-2,7135,2608241253,2608241253,1,,S,S1,Kirchheim(Teck),8003282,Kirchheim (Teck)-Ötlingen,Baden-Württemberg,Kirchheim unter Teck,73230,9.416261302,48.65782388,5,2608241253,,2608241254,,,,,,,,,,,0.0,1.0
-513768940106917907-2608241155-14,7128,2608241236,2608241237,1,,S,S1,Stuttgart Hbf|Stuttgart-Bad Cannstatt|Stuttgart Neckarpark|Stuttgart-Untertürkheim|Stuttgart-Obertürkheim|Esslingen-Mettingen|Esslingen(Neckar)|Oberesslingen|Esslingen-Zell|Altbach|Plochingen|Wernau(Neckar)|Wendlingen(Neckar),8003282,Kirchheim (Teck)-Ötlingen,Baden-Württemberg,Kirchheim unter Teck,73230,9.416261302,48.65782388,5,2608241238,,2608241239,,,,,,,,,,,2.0,2.0
240389329078028238-2608241125-14,7126,2608241206,2608241207,1,,S,S1,Stuttgart Hbf|Stuttgart-Bad Cannstatt|Stuttgart Neckarpark|Stuttgart-Untertürkheim|Stuttgart-Obertürkheim|Esslingen-Mettingen|Esslingen(Neckar)|Oberesslingen|Esslingen-Zell|Altbach|Plochingen|Wernau(Neckar)|Wendlingen(Neckar),8003282,Kirchheim (Teck)-Ötlingen,Baden-Württemberg,Kirchheim unter Teck,73230,9.416261302,48.65782388,5,2608241207,,2608241208,,,,,,,,,,,1.0,1.0
6751464330091656011-2608241231-7,1151,2608241254,,7,,WEG,,Heimerdingen|Hemmingen|Schwieberdingen|Münchingen|Münchingen Rührberg|Korntal Gymnasium,8003409,Korntal,Baden-Württemberg,Korntal,70825,9.121099128,48.82640246,4,2608241255,,,,,,,,,,,,,1.0,0.0
7608028257592331283-2608241204-13,7029,2608241243,2608241244,3,,S,S60,Böblingen|Sindelfingen|Maichingen|Maichingen Nord|Magstadt|Renningen Süd|Renningen|Rutesheim|Leonberg|Höfingen|Ditzingen|Weilimdorf,8003409,Korntal,Baden-Württemberg,Korntal,70825,9.121099128,48.82640246,4,2608241244,,2608241244,,,,,,,,,,,1.0,0.0
6406318432251840082-2608241238-4,7034,2608241246,2608241246,1,,S,S60,Stuttgart-Feuerbach|Stuttgart-Zuffenhausen|Neuwirtshaus(Porscheplatz),8003409,Korntal,Baden-Württemberg,Korntal,70825,9.121099128,48.82640246,4,2608241246,,2608241246,,,,,,,,,,,0.0,0.0
-8922964933325247623-2608241233-9,7633,2608241258,2608241259,3,,S,S6,Weil der Stadt|Malmsheim|Renningen|Rutesheim|Leonberg|Höfingen|Ditzingen|Weilimdorf,8003409,Korntal,Baden-Württemberg,Korntal,70825,9.121099128,48.82640246,4,2608241258,,2608241259,,,,,,,,,,,0.0,0.0
8000735044124344027-2608241208-4,7032,2608241216,2608241216,1,,S,S60,Stuttgart-Feuerbach|Stuttgart-Zuffenhausen|Neuwirtshaus(Porscheplatz),8003409,Korntal,Baden-Württemberg,Korntal,70825,9.121099128,48.82640246,4,2608241217,,2608241218,,,,,,,,,,,1.0,2.0
-1086892456037719731-2608241217-6,7628,2608241231,2608241231,1,,S,S6,Stuttgart Hbf|Stuttgart Nordbahnhof|Stuttgart-Feuerbach|Stuttgart-Zuffenhausen|Neuwirtshaus(Porscheplatz),8003409,Korntal,Baden-Württemberg,Korntal,70825,9.121099128,48.82640246,4,2608241231,,2608241231,,,,,,,,,,,0.0,0.0
8203649348842138698-2608241147-6,7626,2608241201,2608241201,1,,S,S6,Stuttgart Hbf|Stuttgart Nordbahnhof|Stuttgart-Feuerbach|Stuttgart-Zuffenhausen|Neuwirtshaus(Porscheplatz),8003409,Korntal,Baden-Württemberg,Korntal,70825,9.121099128,48.82640246,4,2608241201,,2608241202,,,,,,,,,,,0.0,1.0
1201903375911217146-2608241201-7,1145,2608241224,,7,,WEG,,Heimerdingen|Hemmingen|Schwieberdingen|Münchingen|Münchingen Rührberg|Korntal Gymnasium,8003409,Korntal,Baden-Württemberg,Korntal,70825,9.121099128,48.82640246,4,2608241224,,,,,,,,,,,,,0.0,0.0
-2997586613667252816-2608241134-13,7027,2608241213,2608241214,3,,S,S60,Böblingen|Sindelfingen|Maichingen|Maichingen Nord|Magstadt|Renningen Süd|Renningen|Rutesheim|Leonberg|Höfingen|Ditzingen|Weilimdorf,8003409,Korntal,Baden-Württemberg,Korntal,70825,9.121099128,48.82640246,4,2608241214,,2608241214,,,,,,,,,,,1.0,0.0
3096095238058025299-2608241205-1,1144,,2608241205,,,WEG,RB47,,8003409,Korntal,Baden-Württemberg,Korntal,70825,9.121099128,48.82640246,4,,,2608241205,,,,,,,,,,,0.0,0.0
-6373349935076726023-2608241235-1,1150,,2608241235,,,WEG,RB47,,8003409,Korntal,Baden-Württemberg,Korntal,70825,9.121099128,48.82640246,4,,,2608241235,,,,,,,,,,,0.0,0.0
8207272767207255575-2608241203-9,7631,2608241228,2608241229,3,,S,S6,Weil der Stadt|Malmsheim|Renningen|Rutesheim|Leonberg|Höfingen|Ditzingen|Weilimdorf,8003409,Korntal,Baden-Württemberg,Korntal,70825,9.121099128,48.82640246,4,2608241229,,2608241229,,,,,,,,,,,1.0,0.0
-7298917680991319195-2608241207-5,7426,2608241220,2608241220,4,,S,S4,Stuttgart Hbf|Stuttgart Nordbahnhof|Stuttgart-Feuerbach|Stuttgart-Zuffenhausen,8003411,Kornwestheim Pbf,Baden-Württemberg,Kornwestheim,70806,9.179967278,48.86215948,3,2608241220,,2608241220,,,,,,,,,,,0.0,0.0
123913387555218089-2608241237-5,7428,2608241250,2608241250,4,,S,S4,Stuttgart Hbf|Stuttgart Nordbahnhof|Stuttgart-Feuerbach|Stuttgart-Zuffenhausen,8003411,Kornwestheim Pbf,Baden-Württemberg,Kornwestheim,70806,9.179967278,48.86215948,3,2608241250,,2608241251,,,,,,,,,,,0.0,1.0
-4867022663021090956-2608241157-5,7528,2608241210,2608241210,4,,S,S5,Stuttgart Hbf|Stuttgart Nordbahnhof|Stuttgart-Feuerbach|Stuttgart-Zuffenhausen,8003411,Kornwestheim Pbf,Baden-Württemberg,Kornwestheim,70806,9.179967278,48.86215948,3,2608241210,,2608241210,,,,,,,,,,,0.0,0.0
1567608631073913309-2608241227-5,7530,2608241240,2608241240,4,,S,S5,Stuttgart Hbf|Stuttgart Nordbahnhof|Stuttgart-Feuerbach|Stuttgart-Zuffenhausen,8003411,Kornwestheim Pbf,Baden-Württemberg,Kornwestheim,70806,9.179967278,48.86215948,3,2608241240,,2608241240,,,,,,,,,,,0.0,0.0
-3901454027336800522-2608241203-10,7431,2608241240,2608241240,3,,S,S4,Backnang|Burgstall(Murr)|Kirchberg(Murr)|Erdmannhausen|Marbach(Neckar)|Benningen(Neckar)|Freiberg(Neckar)|Favoritepark|Ludwigsburg,8003411,Kornwestheim Pbf,Baden-Württemberg,Kornwestheim,70806,9.179967278,48.86215948,3,2608241241,,2608241241,,,,,,,,,,,1.0,1.0
7254785335294425123-2608241220-1,19317,,2608241220,,,RE,MEX18,,8003411,Kornwestheim Pbf,Baden-Württemberg,Kornwestheim,70806,9.179967278,48.86215948,3,,,2608241221,,,,,,,,,,,0.0,1.0
-2287383522736908895-2608241217-3,19316,2608241241,,5,,RE,,Plochingen|Esslingen(Neckar),8003411,Kornwestheim Pbf,Baden-Württemberg,Kornwestheim,70806,9.179967278,48.86215948,3,2608241241,7,,,,,,,,,,,,0.0,0.0
-1546984613033739580-2608241246-2,7533,2608241249,2608241250,3,,S,S5,Ludwigsburg,8003411,Kornwestheim Pbf,Baden-Württemberg,Kornwestheim,70806,9.179967278,48.86215948,3,2608241250,,2608241251,,,,,,,,,,,1.0,1.0
2847529868862505344-2608241216-2,7531,2608241219,2608241220,3,,S,S5,Ludwigsburg,8003411,Kornwestheim Pbf,Baden-Württemberg,Kornwestheim,70806,9.179967278,48.86215948,3,2608241219,,2608241220,,,,,,,,,,,0.0,0.0
-2837347101663805561-2608241133-10,7429,2608241210,2608241210,3,,S,S4,Backnang|Burgstall(Murr)|Kirchberg(Murr)|Erdmannhausen|Marbach(Neckar)|Benningen(Neckar)|Freiberg(Neckar)|Favoritepark|Ludwigsburg,8003411,Kornwestheim Pbf,Baden-Württemberg,Kornwestheim,70806,9.179967278,48.86215948,3,2608241211,,2608241211,,,,,,,,,,,1.0,1.0
1327633295860803337-2608241205-4,7929,2608241216,2608241217,1,,S,S2,Stuttgart-Vaihingen|Stuttgart-Rohr|Oberaichen,8003622,Leinfelden,Baden-Württemberg,Leinfelden-Echterdingen,70771,9.142859698,48.6964193,4,2608241216,,2608241217,,,,,,,,,,,0.0,0.0
1366968872886553177-2608241235-4,7931,2608241246,2608241247,1,,S,S2,Stuttgart-Vaihingen|Stuttgart-Rohr|Oberaichen,8003622,Leinfelden,Baden-Württemberg,Leinfelden-Echterdingen,70771,9.142859698,48.6964193,4,2608241246,,2608241247,,,,,,,,,,,0.0,0.0
8432673047054651256-2608241233-4,7930,2608241242,2608241243,2,,S,S2,Filderstadt|Stuttgart Flughafen/Messe|Echterdingen,8003622,Leinfelden,Baden-Württemberg,Leinfelden-Echterdingen,70771,9.142859698,48.6964193,4,2608241242,,2608241243,,,,,,,,,,,0.0,0.0
4532240052029758882-2608241203-4,7928,2608241212,2608241213,2,,S,S2,Filderstadt|Stuttgart Flughafen/Messe|Echterdingen,8003622,Leinfelden,Baden-Württemberg,Leinfelden-Echterdingen,70771,9.142859698,48.6964193,4,2608241212,,2608241213,,,,,,,,,,,0.0,0.0
7608028257592331283-2608241204-9,7029,2608241232,2608241232,1,,S,S60,Böblingen|Sindelfingen|Maichingen|Maichingen Nord|Magstadt|Renningen Süd|Renningen|Rutesheim,8003652,Leonberg,Baden-Württemberg,Leonberg,71229,9.004025993,48.79970547,3,2608241232,,2608241232,,,,,,,,,,,0.0,0.0
6406318432251840082-2608241238-8,7034,2608241258,2608241258,2,,S,S60,Stuttgart-Feuerbach|Stuttgart-Zuffenhausen|Neuwirtshaus(Porscheplatz)|Korntal|Weilimdorf|Ditzingen|Höfingen,8003652,Leonberg,Baden-Württemberg,Leonberg,71229,9.004025993,48.79970547,3,2608241258,,2608241258,,,,,,,,,,,0.0,0.0
-8922964933325247623-2608241233-5,7633,2608241247,2608241247,1,,S,S6,Weil der Stadt|Malmsheim|Renningen|Rutesheim,8003652,Leonberg,Baden-Württemberg,Leonberg,71229,9.004025993,48.79970547,3,2608241247,,2608241247,,,,,,,,,,,0.0,0.0
8000735044124344027-2608241208-8,7032,2608241228,2608241228,2,,S,S60,Stuttgart-Feuerbach|Stuttgart-Zuffenhausen|Neuwirtshaus(Porscheplatz)|Korntal|Weilimdorf|Ditzingen|Höfingen,8003652,Leonberg,Baden-Württemberg,Leonberg,71229,9.004025993,48.79970547,3,2608241229,,2608241230,,,,,,,,,,,1.0,2.0
-1086892456037719731-2608241217-10,7628,2608241243,2608241243,2,,S,S6,Stuttgart Hbf|Stuttgart Nordbahnhof|Stuttgart-Feuerbach|Stuttgart-Zuffenhausen|Neuwirtshaus(Porscheplatz)|Korntal|Weilimdorf|Ditzingen|Höfingen,8003652,Leonberg,Baden-Württemberg,Leonberg,71229,9.004025993,48.79970547,3,2608241243,,2608241243,,,,,,,,,,,0.0,0.0
8203649348842138698-2608241147-10,7626,2608241213,2608241213,2,,S,S6,Stuttgart Hbf|Stuttgart Nordbahnhof|Stuttgart-Feuerbach|Stuttgart-Zuffenhausen|Neuwirtshaus(Porscheplatz)|Korntal|Weilimdorf|Ditzingen|Höfingen,8003652,Leonberg,Baden-Württemberg,Leonberg,71229,9.004025993,48.79970547,3,2608241213,,2608241214,,,,,,,,,,,0.0,1.0
-2997586613667252816-2608241134-9,7027,2608241202,2608241202,1,,S,S60,Böblingen|Sindelfingen|Maichingen|Maichingen Nord|Magstadt|Renningen Süd|Renningen|Rutesheim,8003652,Leonberg,Baden-Württemberg,Leonberg,71229,9.004025993,48.79970547,3,2608241202,,2608241202,,,,,,,,,,,0.0,0.0
8207272767207255575-2608241203-5,7631,2608241217,2608241217,1,,S,S6,Weil der Stadt|Malmsheim|Renningen|Rutesheim,8003652,Leonberg,Baden-Württemberg,Leonberg,71229,9.004025993,48.79970547,3,2608241217,,2608241218,,,,,,,,,,,0.0,1.0
-7298917680991319195-2608241207-6,7426,2608241223,2608241224,2,,S,S4,Stuttgart Hbf|Stuttgart Nordbahnhof|Stuttgart-Feuerbach|Stuttgart-Zuffenhausen|Kornwestheim Pbf,8000235,Ludwigsburg,Baden-Württemberg,Ludwigsburg,71638,9.185229823,48.89208622,3,2608241223,,2608241224,,,,,,,,,,,0.0,0.0
123913387555218089-2608241237-6,7428,2608241253,2608241254,2,,S,S4,Stuttgart Hbf|Stuttgart Nordbahnhof|Stuttgart-Feuerbach|Stuttgart-Zuffenhausen|Kornwestheim Pbf,8000235,Ludwigsburg,Baden-Württemberg,Ludwigsburg,71638,9.185229823,48.89208622,3,2608241253,,2608241254,,,,,,,,,,,0.0,0.0
-4867022663021090956-2608241157-6,7528,2608241213,,2,,S,,Stuttgart Hbf|Stuttgart Nordbahnhof|Stuttgart-Feuerbach|Stuttgart-Zuffenhausen|Kornwestheim Pbf,8000235,Ludwigsburg,Baden-Württemberg,Ludwigsburg,71638,9.185229823,48.89208622,3,2608241214,3,,,,,,,,,,,,1.0,0.0
1567608631073913309-2608241227-6,7530,2608241243,,2,,S,,Stuttgart Hbf|Stuttgart Nordbahnhof|Stuttgart-Feuerbach|Stuttgart-Zuffenhausen|Kornwestheim Pbf,8000235,Ludwigsburg,Baden-Württemberg,Ludwigsburg,71638,9.185229823,48.89208622,3,2608241244,3,,,,,,,,,,,,1.0,0.0
-3901454027336800522-2608241203-9,7431,2608241236,2608241237,3,,S,S4,Backnang|Burgstall(Murr)|Kirchberg(Murr)|Erdmannhausen|Marbach(Neckar)|Benningen(Neckar)|Freiberg(Neckar)|Favoritepark,8000235,Ludwigsburg,Baden-Württemberg,Ludwigsburg,71638,9.185229823,48.89208622,3,2608241237,,2608241238,,,,,,,,,,,1.0,1.0
-1546984613033739580-2608241246-1,7533,,2608241246,,,S,S5,,8000235,Ludwigsburg,Baden-Württemberg,Ludwigsburg,71638,9.185229823,48.89208622,3,,,2608241247,,,,,,,,,,,0.0,1.0
2847529868862505344-2608241216-1,7531,,2608241216,,,S,S5,,8000235,Ludwigsburg,Baden-Württemberg,Ludwigsburg,71638,9.185229823,48.89208622,3,,,2608241216,,,,,,,,,,,0.0,0.0
-2837347101663805561-2608241133-9,7429,2608241206,2608241207,3,,S,S4,Backnang|Burgstall(Murr)|Kirchberg(Murr)|Erdmannhausen|Marbach(Neckar)|Benningen(Neckar)|Freiberg(Neckar)|Favoritepark,8000235,Ludwigsburg,Baden-Württemberg,Ludwigsburg,71638,9.185229823,48.89208622,3,2608241207,,2608241208,,,,,,,,,,,1.0,1.0
-8922964933325247623-2608241233-2,7633,2608241235,2608241235,2,,S,S6,Weil der Stadt,8003831,Malmsheim,Baden-Württemberg,Renningen,71272,8.905105557,48.77183564,5,2608241235,,2608241236,,,,,,,,,,,0.0,1.0
-1086892456037719731-2608241217-13,7628,2608241254,2608241254,1,,S,S6,Stuttgart Hbf|Stuttgart Nordbahnhof|Stuttgart-Feuerbach|Stuttgart-Zuffenhausen|Neuwirtshaus(Porscheplatz)|Korntal|Weilimdorf|Ditzingen|Höfingen|Leonberg|Rutesheim|Renningen,8003831,Malmsheim,Baden-Württemberg,Renningen,71272,8.905105557,48.77183564,5,2608241256,,2608241257,,,,,,,,,,,2.0,3.0
8203649348842138698-2608241147-13,7626,2608241224,2608241224,1,,S,S6,Stuttgart Hbf|Stuttgart Nordbahnhof|Stuttgart-Feuerbach|Stuttgart-Zuffenhausen|Neuwirtshaus(Porscheplatz)|Korntal|Weilimdorf|Ditzingen|Höfingen|Leonberg|Rutesheim|Renningen,8003831,Malmsheim,Baden-Württemberg,Renningen,71272,8.905105557,48.77183564,5,2608241224,,2608241224,,,,,,,,,,,0.0,0.0
8207272767207255575-2608241203-2,7631,2608241205,2608241205,2,,S,S6,Weil der Stadt,8003831,Malmsheim,Baden-Württemberg,Renningen,71272,8.905105557,48.77183564,5,2608241206,,2608241207,,,,,,,,,,,1.0,2.0
-7298917680991319195-2608241207-10,7426,2608241235,2608241238,1,,S,S4,Stuttgart Hbf|Stuttgart Nordbahnhof|Stuttgart-Feuerbach|Stuttgart-Zuffenhausen|Kornwestheim Pbf|Ludwigsburg|Favoritepark|Freiberg(Neckar)|Benningen(Neckar),8003853,Marbach (Neckar),Baden-Württemberg,Marbach am Neckar,71672,9.264611825,48.9437708,3,2608241235,,2608241238,,,,,,,,,,,0.0,0.0
3857297737128192069-2608241137-10,7424,2608241205,2608241208,1,,S,S4,Stuttgart Hbf|Stuttgart Nordbahnhof|Stuttgart-Feuerbach|Stuttgart-Zuffenhausen|Kornwestheim Pbf|Ludwigsburg|Favoritepark|Freiberg(Neckar)|Benningen(Neckar),8003853,Marbach (Neckar),Baden-Württemberg,Marbach am Neckar,71672,9.264611825,48.9437708,3,2608241205,,2608241208,,,,,,,,,,,0.0,0.0
-3901454027336800522-2608241203-5,7431,2608241221,2608241225,,,S,S4,Backnang|Burgstall(Murr)|Kirchberg(Murr)|Erdmannhausen,8003853,Marbach (Neckar),Baden-Württemberg,Marbach am Neckar,71672,9.264611825,48.9437708,3,2608241221,1,2608241226,1,,,,,,,,,,0.0,1.0
-960944489364412818-2608241233-5,7433,2608241251,2608241255,,,S,S4,Backnang|Burgstall(Murr)|Kirchberg(Murr)|Erdmannhausen,8003853,Marbach (Neckar),Baden-Württemberg,Marbach am Neckar,71672,9.264611825,48.9437708,3,2608241251,1,2608241255,1,,,,,,,,,,0.0,0.0
-97699751698418973-2608241241-2,7333,2608241243,2608241244,1,,S,S3,Backnang,8003913,Maubach,Baden-Württemberg,Backnang,71522,9.419487062,48.92623463,4,2608241245,,2608241246,,,,,,,,,,,2.0,2.0
8851012744564607240-2608241211-2,7331,2608241213,2608241214,1,,S,S3,Backnang,8003913,Maubach,Baden-Württemberg,Backnang,71522,9.419487062,48.92623463,4,2608241214,,2608241215,,,,,,,,,,,1.0,1.0
9036342965798539047-2608241142-11,7326,2608241214,2608241215,2,,S,S3,Stuttgart Hbf|Stuttgart-Bad Cannstatt|Stuttgart Nürnberger Str.|Stuttgart-Sommerrain|Fellbach|Waiblingen|Neustadt-Hohenacker|Schwaikheim|Winnenden|Nellmersbach,8003913,Maubach,Baden-Württemberg,Backnang,71522,9.419487062,48.92623463,4,2608241215,,2608241216,,,,,,,,,,,1.0,1.0
7638159005670329721-2608241212-11,7328,2608241244,2608241245,2,,S,S3,Stuttgart Hbf|Stuttgart-Bad Cannstatt|Stuttgart Nürnberger Str.|Stuttgart-Sommerrain|Fellbach|Waiblingen|Neustadt-Hohenacker|Schwaikheim|Winnenden|Nellmersbach,8003913,Maubach,Baden-Württemberg,Backnang,71522,9.419487062,48.92623463,4,2608241254,,2608241255,,,,,,,,,,,10.0,10.0
-97699751698418973-2608241241-3,7333,2608241246,2608241246,1,,S,S3,Backnang|Maubach,8004233,Nellmersbach,Baden-Württemberg,Leutenbach,71397,9.415421538,48.90336425,5,2608241247,,2608241249,,,,,,,,,,,1.0,3.0
8851012744564607240-2608241211-3,7331,2608241216,2608241216,1,,S,S3,Backnang|Maubach,8004233,Nellmersbach,Baden-Württemberg,Leutenbach,71397,9.415421538,48.90336425,5,2608241217,,2608241218,,,,,,,,,,,1.0,2.0
9036342965798539047-2608241142-10,7326,2608241211,2608241212,2,,S,S3,Stuttgart Hbf|Stuttgart-Bad Cannstatt|Stuttgart Nürnberger Str.|Stuttgart-Sommerrain|Fellbach|Waiblingen|Neustadt-Hohenacker|Schwaikheim|Winnenden,8004233,Nellmersbach,Baden-Württemberg,Leutenbach,71397,9.415421538,48.90336425,5,2608241212,,2608241213,,,,,,,,,,,1.0,1.0
7638159005670329721-2608241212-10,7328,2608241241,2608241242,2,,S,S3,Stuttgart Hbf|Stuttgart-Bad Cannstatt|Stuttgart Nürnberger Str.|Stuttgart-Sommerrain|Fellbach|Waiblingen|Neustadt-Hohenacker|Schwaikheim|Winnenden,8004233,Nellmersbach,Baden-Württemberg,Leutenbach,71397,9.415421538,48.90336425,5,2608241251,,2608241252,,,,,,,,,,,10.0,10.0
-97699751698418973-2608241241-6,7333,2608241255,2608241255,2,,S,S3,Backnang|Maubach|Nellmersbach|Winnenden|Schwaikheim,8004333,Neustadt-Hohenacker,Baden-Württemberg,Waiblingen,71336,9.32455106,48.85921668,5,2608241256,,2608241257,,,,,,,,,,,1.0,2.0
8851012744564607240-2608241211-6,7331,2608241225,2608241225,2,,S,S3,Backnang|Maubach|Nellmersbach|Winnenden|Schwaikheim,8004333,Neustadt-Hohenacker,Baden-Württemberg,Waiblingen,71336,9.32455106,48.85921668,5,2608241226,,2608241227,,,,,,,,,,,1.0,2.0
9036342965798539047-2608241142-7,7326,2608241203,2608241203,1,,S,S3,Stuttgart Hbf|Stuttgart-Bad Cannstatt|Stuttgart Nürnberger Str.|Stuttgart-Sommerrain|Fellbach|Waiblingen,8004333,Neustadt-Hohenacker,Baden-Württemberg,Waiblingen,71336,9.32455106,48.85921668,5,2608241203,,2608241204,,,,,,,,,,,0.0,1.0
7638159005670329721-2608241212-7,7328,2608241233,2608241233,1,,S,S3,Stuttgart Hbf|Stuttgart-Bad Cannstatt|Stuttgart Nürnberger Str.|Stuttgart-Sommerrain|Fellbach|Waiblingen,8004333,Neustadt-Hohenacker,Baden-Württemberg,Waiblingen,71336,9.32455106,48.85921668,5,2608241242,,2608241243,,,,,,,,,,,9.0,10.0
7608028257592331283-2608241204-14,7029,2608241246,2608241246,2,,S,S60,Böblingen|Sindelfingen|Maichingen|Maichingen Nord|Magstadt|Renningen Süd|Renningen|Rutesheim|Leonberg|Höfingen|Ditzingen|Weilimdorf|Korntal,8004338,Neuwirtshaus (Porscheplatz),Baden-Württemberg,Stuttgart,70435,9.151955614,48.83384734,4,2608241247,,2608241248,,,,,,,,,,,1.0,2.0
6406318432251840082-2608241238-3,7034,2608241243,2608241243,1,,S,S60,Stuttgart-Feuerbach|Stuttgart-Zuffenhausen,8004338,Neuwirtshaus (Porscheplatz),Baden-Württemberg,Stuttgart,70435,9.151955614,48.83384734,4,2608241243,,2608241243,,,,,,,,,,,0.0,0.0
8000735044124344027-2608241208-3,7032,2608241213,2608241213,1,,S,S60,Stuttgart-Feuerbach|Stuttgart-Zuffenhausen,8004338,Neuwirtshaus (Porscheplatz),Baden-Württemberg,Stuttgart,70435,9.151955614,48.83384734,4,2608241214,,2608241215,,,,,,,,,,,1.0,2.0
-1086892456037719731-2608241217-5,7628,2608241228,2608241229,1,,S,S6,Stuttgart Hbf|Stuttgart Nordbahnhof|Stuttgart-Feuerbach|Stuttgart-Zuffenhausen,8004338,Neuwirtshaus (Porscheplatz),Baden-Württemberg,Stuttgart,70435,9.151955614,48.83384734,4,2608241228,,2608241229,,,,,,,,,,,0.0,0.0
-2997586613667252816-2608241134-14,7027,2608241216,2608241216,2,,S,S60,Böblingen|Sindelfingen|Maichingen|Maichingen Nord|Magstadt|Renningen Süd|Renningen|Rutesheim|Leonberg|Höfingen|Ditzingen|Weilimdorf|Korntal,8004338,Neuwirtshaus (Porscheplatz),Baden-Württemberg,Stuttgart,70435,9.151955614,48.83384734,4,2608241216,,2608241217,,,,,,,,,,,0.0,1.0
6476044054617913836-2608241133-10,7629,2608241201,2608241201,2,,S,S6,Weil der Stadt|Malmsheim|Renningen|Rutesheim|Leonberg|Höfingen|Ditzingen|Weilimdorf|Korntal,8004338,Neuwirtshaus (Porscheplatz),Baden-Württemberg,Stuttgart,70435,9.151955614,48.83384734,4,2608241201,,2608241202,,,,,,,,,,,0.0,1.0
8207272767207255575-2608241203-10,7631,2608241231,2608241231,2,,S,S6,Weil der Stadt|Malmsheim|Renningen|Rutesheim|Leonberg|Höfingen|Ditzingen|Weilimdorf|Korntal,8004338,Neuwirtshaus (Porscheplatz),Baden-Württemberg,Stuttgart,70435,9.151955614,48.83384734,4,2608241231,,2608241232,,,,,,,,,,,0.0,1.0
-8712801738662028770-2608241247-5,7630,2608241258,2608241259,1,,S,S6,Stuttgart Hbf|Stuttgart Nordbahnhof|Stuttgart-Feuerbach|Stuttgart-Zuffenhausen,8004338,Neuwirtshaus (Porscheplatz),Baden-Württemberg,Stuttgart,70435,9.151955614,48.83384734,4,2608241258,,2608241259,,,,,,,,,,,0.0,0.0
2445452608426707839-2608241216-2,7732,2608241219,2608241219,2,,S,S1,Herrenberg,8004490,Nufringen,Baden-Württemberg,Nufringen,71154,8.889817485,48.62010967,5,2608241219,,2608241219,,,,,,,,,,,0.0,0.0
-1936486939046904827-2608241246-2,7734,2608241249,2608241249,2,,S,S1,Herrenberg,8004490,Nufringen,Baden-Württemberg,Nufringen,71154,8.889817485,48.62010967,5,2608241249,,2608241250,,,,,,,,,,,0.0,1.0
-2940847191023482874-2608241146-8,7727,2608241211,2608241211,1,,S,S1,Stuttgart-Vaihingen|Stuttgart-Rohr|Goldberg(Württ)|Böblingen|Hulb|Ehningen(b Böblingen)|Gärtringen,8004490,Nufringen,Baden-Württemberg,Nufringen,71154,8.889817485,48.62010967,5,2608241211,,2608241211,,,,,,,,,,,0.0,0.0
-4529562227569715510-2608241216-8,7729,2608241241,2608241241,1,,S,S1,Stuttgart-Vaihingen|Stuttgart-Rohr|Goldberg(Württ)|Böblingen|Hulb|Ehningen(b Böblingen)|Gärtringen,8004490,Nufringen,Baden-Württemberg,Nufringen,71154,8.889817485,48.62010967,5,2608241246,,2608241246,,,,,,,,,,,5.0,5.0
1327633295860803337-2608241205-3,7929,2608241214,2608241214,1,,S,S2,Stuttgart-Vaihingen|Stuttgart-Rohr,8004496,Oberaichen,Baden-Württemberg,Leinfelden-Echterdingen,70771,9.12743664,48.70512422,5,2608241214,,2608241214,,,,,,,,,,,0.0,0.0
1366968872886553177-2608241235-3,7931,2608241244,2608241244,1,,S,S2,Stuttgart-Vaihingen|Stuttgart-Rohr,8004496,Oberaichen,Baden-Württemberg,Leinfelden-Echterdingen,70771,9.12743664,48.70512422,5,2608241244,,2608241244,,,,,,,,,,,0.0,0.0
8432673047054651256-2608241233-5,7930,2608241245,2608241245,2,,S,S2,Filderstadt|Stuttgart Flughafen/Messe|Echterdingen|Leinfelden,8004496,Oberaichen,Baden-Württemberg,Leinfelden-Echterdingen,70771,9.12743664,48.70512422,5,2608241245,,2608241245,,,,,,,,,,,0.0,0.0
4532240052029758882-2608241203-5,7928,2608241215,2608241215,2,,S,S2,Filderstadt|Stuttgart Flughafen/Messe|Echterdingen|Leinfelden,8004496,Oberaichen,Baden-Württemberg,Leinfelden-Echterdingen,70771,9.12743664,48.70512422,5,2608241215,,2608241215,,,,,,,,,,,0.0,0.0
-6319936848544854600-2608241220-8,7133,2608241244,2608241245,3,,S,S1,Kirchheim(Teck)|Kirchheim(Teck)-Ötlingen|Wendlingen(Neckar)|Wernau(Neckar)|Plochingen|Altbach|Esslingen-Zell,8004528,Oberesslingen,Baden-Württemberg,Esslingen am Neckar,73730,9.327277435,48.72983585,3,2608241244,,2608241245,,,,,,,,,,,0.0,0.0
-513768940106917907-2608241155-8,7128,2608241215,2608241215,4,,S,S1,Stuttgart Hbf|Stuttgart-Bad Cannstatt|Stuttgart Neckarpark|Stuttgart-Untertürkheim|Stuttgart-Obertürkheim|Esslingen-Mettingen|Esslingen(Neckar),8004528,Oberesslingen,Baden-Württemberg,Esslingen am Neckar,73730,9.327277435,48.72983585,3,2608241218,,2608241219,,,,,,,,,,,3.0,4.0
4736637014602700336-2608241150-8,7131,2608241214,2608241215,3,,S,S1,Kirchheim(Teck)|Kirchheim(Teck)-Ötlingen|Wendlingen(Neckar)|Wernau(Neckar)|Plochingen|Altbach|Esslingen-Zell,8004528,Oberesslingen,Baden-Württemberg,Esslingen am Neckar,73730,9.327277435,48.72983585,3,2608241217,,2608241219,,,,,,,,,,,3.0,4.0
8539842934523735566-2608241225-8,7130,2608241245,2608241245,4,,S,S1,Stuttgart Hbf|Stuttgart-Bad Cannstatt|Stuttgart Neckarpark|Stuttgart-Untertürkheim|Stuttgart-Obertürkheim|Esslingen-Mettingen|Esslingen(Neckar),8004528,Oberesslingen,Baden-Württemberg,Esslingen am Neckar,73730,9.327277435,48.72983585,3,2608241253,,2608241253,,,,,,,,,,,8.0,8.0
-5722273275463151764-2608241204-4,19139,2608241223,2608241233,6,,ARV,MEX16,Stuttgart Hbf|Stuttgart-Bad Cannstatt|Esslingen(Neckar),8000302,Plochingen,Baden-Württemberg,Plochingen,73207,9.411294578,48.71293906,2,2608241249,9,2608241252,9,r,,,,,,,,,26.0,19.0
3357210642239304181-2608241216-7,19230,2608241246,2608241247,7,,RE,MEX12,Reutlingen Hbf|Metzingen(Württ)|Bempflingen|Nürtingen|Oberboihingen|Wendlingen(Neckar),8000302,Plochingen,Baden-Württemberg,Plochingen,73207,9.411294578,48.71293906,2,2608241252,6,2608241252,6,c,,,,,,,,,6.0,5.0
1366757169240187578-2608241005-11,4212,2608241202,2608241206,1,,RE,RE5,Friedrichshafen Stadt|Meckenbeuren|Ravensburg|Aulendorf|Bad Schussenried|Biberach(Riß)|Laupheim West|Ulm Hbf|Geislingen(Steige)|Göppingen,8000302,Plochingen,Baden-Württemberg,Plochingen,73207,9.411294578,48.71293906,2,2608241206,,2608241206,,h,1,Störung,,,,,c,c,4.0,0.0
-6319936848544854600-2608241220-5,7133,2608241235,2608241237,9,,S,S1,Kirchheim(Teck)|Kirchheim(Teck)-Ötlingen|Wendlingen(Neckar)|Wernau(Neckar),8000302,Plochingen,Baden-Württemberg,Plochingen,73207,9.411294578,48.71293906,2,2608241236,,2608241237,,,,,,,,,,,1.0,0.0
8661285633611669203-2608241152-4,19221,2608241211,2608241212,9,,RE,MEX12,Stuttgart Hbf|Stuttgart-Bad Cannstatt|Esslingen(Neckar),8000302,Plochingen,Baden-Württemberg,Plochingen,73207,9.411294578,48.71293906,2,2608241229,,2608241231,,,,,,,,,,,18.0,19.0
-513768940106917907-2608241155-11,7128,2608241223,2608241225,9,,S,S1,Stuttgart Hbf|Stuttgart-Bad Cannstatt|Stuttgart Neckarpark|Stuttgart-Untertürkheim|Stuttgart-Obertürkheim|Esslingen-Mettingen|Esslingen(Neckar)|Oberesslingen|Esslingen-Zell|Altbach,8000302,Plochingen,Baden-Württemberg,Plochingen,73207,9.411294578,48.71293906,2,2608241225,10,2608241227,10,,,,,,,,,,2.0,2.0
2297543165058573928-2608241237-3,4217,2608241254,2608241256,4,,RE,RE5,Stuttgart Hbf|Esslingen(Neckar),8000302,Plochingen,Baden-Württemberg,Plochingen,73207,9.411294578,48.71293906,2,2608241254,,2608241256,,h,1,Störung,,,,,c,c,0.0,0.0
4736637014602700336-2608241150-5,7131,2608241205,2608241207,9,,S,S1,Kirchheim(Teck)|Kirchheim(Teck)-Ötlingen|Wendlingen(Neckar)|Wernau(Neckar),8000302,Plochingen,Baden-Württemberg,Plochingen,73207,9.411294578,48.71293906,2,2608241208,,2608241209,,,,,,,,,,,3.0,2.0
-1993606386599546493-2608241148-13,19138,2608241228,2608241234,1,,ARV,MEX16,Geislingen(Steige)|Geislingen(Steige)West|Kuchen|Gingen(Fils)|Süßen|Salach|Eislingen(Fils)|Göppingen|Faurndau|Uhingen|Ebersbach(Fils)|Reichenbach(Fils),8000302,Plochingen,Baden-Württemberg,Plochingen,73207,9.411294578,48.71293906,2,2608241227,,2608241234,,r,,,,,,,,,-1.0,0.0
7254785335294425123-2608241220-3,19317,2608241242,,9,,RE,,Kornwestheim Pbf|Esslingen(Neckar),8000302,Plochingen,Baden-Württemberg,Plochingen,73207,9.411294578,48.71293906,2,2608241258,6,,,c,,,,,,,,,16.0,0.0
-2287383522736908895-2608241217-1,19316,,2608241217,,,RE,MEX18,,8000302,Plochingen,Baden-Württemberg,Plochingen,73207,9.411294578,48.71293906,2,,,2608241217,3,,,,,,,,,,0.0,0.0
-2314932783489248204-2608241140-4,19191,2608241200,2608241200,6,,ARV,MEX16,Stuttgart Hbf|Stuttgart-Bad Cannstatt|Esslingen(Neckar),8000302,Plochingen,Baden-Württemberg,Plochingen,73207,9.411294578,48.71293906,2,2608241251,6,2608241251,6,r,,,,,Stuttgart Hbf|Stuttgart-Bad Cannstatt|Esslingen(Neckar),Reichenbach(Fils)|Ebersbach(Fils)|Uhingen|Faurndau|Göppingen|Eislingen(Fils)|Salach|Süßen|Gingen(Fils)|Kuchen|Geislingen(Steige)West|Geislingen(Steige),c,c,51.0,51.0
2397321975201061162-2608241212-13,19140,2608241256,2608241257,3,,ARV,MEX16,Geislingen(Steige)|Geislingen(Steige)West|Kuchen|Gingen(Fils)|Süßen|Salach|Eislingen(Fils)|Göppingen|Faurndau|Uhingen|Ebersbach(Fils)|Reichenbach(Fils),8000302,Plochingen,Baden-Württemberg,Plochingen,73207,9.411294578,48.71293906,2,2608241256,,2608241257,,r,,,,,,,c,c,0.0,0.0
8539842934523735566-2608241225-11,7130,2608241253,2608241255,9,,S,S1,Stuttgart Hbf|Stuttgart-Bad Cannstatt|Stuttgart Neckarpark|Stuttgart-Untertürkheim|Stuttgart-Obertürkheim|Esslingen-Mettingen|Esslingen(Neckar)|Oberesslingen|Esslingen-Zell|Altbach,8000302,Plochingen,Baden-Württemberg,Plochingen,73207,9.411294578,48.71293906,2,2608241300,,2608241301,,,,,,,,,,,7.0,6.0
7608028257592331283-2608241204-7,7029,2608241220,2608241226,2,,S,S60,Böblingen|Sindelfingen|Maichingen|Maichingen Nord|Magstadt|Renningen Süd,8000313,Renningen,Baden-Württemberg,Renningen,71272,8.932650148,48.77515509,3,2608241221,,2608241226,,,,,,,,,,,1.0,0.0
-8922964933325247623-2608241233-3,7633,2608241237,2608241241,2,,S,S6,Weil der Stadt|Malmsheim,8000313,Renningen,Baden-Württemberg,Renningen,71272,8.932650148,48.77515509,3,2608241238,,2608241241,,,,,,,,,,,1.0,0.0
-4200348393846240809-2608241228-1,26150,,2608241228,,,SWE,RB76,,8000313,Renningen,Baden-Württemberg,Renningen,71272,8.932650148,48.77515509,3,,,2608241228,,,,,,,,,,,0.0,0.0
-8244462081615470367-2608241234-7,7031,2608241250,2608241256,2,,S,S60,Böblingen|Sindelfingen|Maichingen|Maichingen Nord|Magstadt|Renningen Süd,8000313,Renningen,Baden-Württemberg,Renningen,71272,8.932650148,48.77515509,3,2608241253,,2608241256,,,,,,,,,,,3.0,0.0
8000735044124344027-2608241208-10,7032,2608241234,2608241239,3,,S,S60,Stuttgart-Feuerbach|Stuttgart-Zuffenhausen|Neuwirtshaus(Porscheplatz)|Korntal|Weilimdorf|Ditzingen|Höfingen|Leonberg|Rutesheim,8000313,Renningen,Baden-Württemberg,Renningen,71272,8.932650148,48.77515509,3,2608241237,,2608241240,,,,,,,,,,,3.0,1.0
-1086892456037719731-2608241217-12,7628,2608241249,2608241252,3,,S,S6,Stuttgart Hbf|Stuttgart Nordbahnhof|Stuttgart-Feuerbach|Stuttgart-Zuffenhausen|Neuwirtshaus(Porscheplatz)|Korntal|Weilimdorf|Ditzingen|Höfingen|Leonberg|Rutesheim,8000313,Renningen,Baden-Württemberg,Renningen,71272,8.932650148,48.77515509,3,2608241250,,2608241254,,,,,,,,,,,1.0,2.0
8203649348842138698-2608241147-12,7626,2608241219,2608241222,3,,S,S6,Stuttgart Hbf|Stuttgart Nordbahnhof|Stuttgart-Feuerbach|Stuttgart-Zuffenhausen|Neuwirtshaus(Porscheplatz)|Korntal|Weilimdorf|Ditzingen|Höfingen|Leonberg|Rutesheim,8000313,Renningen,Baden-Württemberg,Renningen,71272,8.932650148,48.77515509,3,2608241219,,2608241222,,,,,,,,,,,0.0,0.0
8305188752615558313-2608241258-1,26152,,2608241258,,,SWE,RB76,,8000313,Renningen,Baden-Württemberg,Renningen,71272,8.932650148,48.77515509,3,,,2608241258,,,,,,,,,,,0.0,0.0
-1089406375646580232-2608241140-6,26149,2608241202,,4,,SWE,,Calw|Calw-Heumaden|Althengstett|Ostelsheim|Weil der Stadt,8000313,Renningen,Baden-Württemberg,Renningen,71272,8.932650148,48.77515509,3,2608241202,,,,,,,,,,,,,0.0,0.0
4661880634889542347-2608241226-6,26151,2608241248,,4,,SWE,,Calw|Calw-Heumaden|Althengstett|Ostelsheim|Weil der Stadt,8000313,Renningen,Baden-Württemberg,Renningen,71272,8.932650148,48.77515509,3,2608241248,,,,,,,,,,,,,0.0,0.0
8207272767207255575-2608241203-3,7631,2608241207,2608241211,2,,S,S6,Weil der Stadt|Malmsheim,8000313,Renningen,Baden-Württemberg,Renningen,71272,8.932650148,48.77515509,3,2608241209,,2608241211,,,,,,,,,,,2.0,0.0
-5323490408373253678-2608241138-10,7030,2608241204,2608241209,3,,S,S60,Stuttgart-Feuerbach|Stuttgart-Zuffenhausen|Neuwirtshaus(Porscheplatz)|Korntal|Weilimdorf|Ditzingen|Höfingen|Leonberg|Rutesheim,8000313,Renningen,Baden-Württemberg,Renningen,71272,8.932650148,48.77515509,3,2608241205,,2608241209,,,,,,,,,,,1.0,0.0
-2732981563110923380-2608241203-9,7231,2608241221,2608241222,2,,S,S2,Schorndorf|Weiler(Rems)|Winterbach(b Schorndorf)|Geradstetten|Grunbach|Beutelsbach|Endersbach|Stetten-Beinstein,8005157,Rommelshausen,Baden-Württemberg,Kernen,71394,9.319175885,48.81552017,4,2608241226,2,2608241227,2,h,1,Störung,,,,,,,5.0,5.0
-2751722865578801757-2608241220-7,7228,2608241237,2608241237,1,,S,S2,Stuttgart Hbf|Stuttgart-Bad Cannstatt|Stuttgart Nürnberger Str.|Stuttgart-Sommerrain|Fellbach|Waiblingen,8005157,Rommelshausen,Baden-Württemberg,Kernen,71394,9.319175885,48.81552017,4,2608241245,,2608241246,,h,1,Störung,,,,,,,8.0,9.0
8797923397467745795-2608241150-7,7226,2608241207,2608241207,1,,S,S2,Stuttgart Hbf|Stuttgart-Bad Cannstatt|Stuttgart Nürnberger Str.|Stuttgart-Sommerrain|Fellbach|Waiblingen,8005157,Rommelshausen,Baden-Württemberg,Kernen,71394,9.319175885,48.81552017,4,2608241207,,2608241207,,h,1,Störung,,,,,,,0.0,0.0
3177327826888597271-2608241233-9,7233,2608241251,2608241252,2,,S,S2,Schorndorf|Weiler(Rems)|Winterbach(b Schorndorf)|Geradstetten|Grunbach|Beutelsbach|Endersbach|Stetten-Beinstein,8005157,Rommelshausen,Baden-Württemberg,Kernen,71394,9.319175885,48.81552017,4,2608241254,,2608241256,,h,1,Störung,,,,,,,3.0,4.0
7608028257592331283-2608241204-8,7029,2608241228,2608241229,1,,S,S60,Böblingen|Sindelfingen|Maichingen|Maichingen Nord|Magstadt|Renningen Süd|Renningen,8005236,Rutesheim,Baden-Württemberg,Leonberg,71229,8.960325242,48.79031093,5,2608241229,,2608241230,,,,,,,,,,,1.0,1.0
-8922964933325247623-2608241233-4,7633,2608241243,2608241244,1,,S,S6,Weil der Stadt|Malmsheim|Renningen,8005236,Rutesheim,Baden-Württemberg,Leonberg,71229,8.960325242,48.79031093,5,2608241243,,2608241244,,,,,,,,,,,0.0,0.0
-8244462081615470367-2608241234-8,7031,2608241258,2608241259,1,,S,S60,Böblingen|Sindelfingen|Maichingen|Maichingen Nord|Magstadt|Renningen Süd|Renningen,8005236,Rutesheim,Baden-Württemberg,Leonberg,71229,8.960325242,48.79031093,5,2608241259,,2608241259,,,,,,,,,,,1.0,0.0
8000735044124344027-2608241208-9,7032,2608241231,2608241231,2,,S,S60,Stuttgart-Feuerbach|Stuttgart-Zuffenhausen|Neuwirtshaus(Porscheplatz)|Korntal|Weilimdorf|Ditzingen|Höfingen|Leonberg,8005236,Rutesheim,Baden-Württemberg,Leonberg,71229,8.960325242,48.79031093,5,2608241234,,2608241235,,,,,,,,,,,3.0,4.0
-1086892456037719731-2608241217-11,7628,2608241246,2608241246,2,,S,S6,Stuttgart Hbf|Stuttgart Nordbahnhof|Stuttgart-Feuerbach|Stuttgart-Zuffenhausen|Neuwirtshaus(Porscheplatz)|Korntal|Weilimdorf|Ditzingen|Höfingen|Leonberg,8005236,Rutesheim,Baden-Württemberg,Leonberg,71229,8.960325242,48.79031093,5,2608241247,,2608241248,,,,,,,,,,,1.0,2.0
8203649348842138698-2608241147-11,7626,2608241216,2608241216,2,,S,S6,Stuttgart Hbf|Stuttgart Nordbahnhof|Stuttgart-Feuerbach|Stuttgart-Zuffenhausen|Neuwirtshaus(Porscheplatz)|Korntal|Weilimdorf|Ditzingen|Höfingen|Leonberg,8005236,Rutesheim,Baden-Württemberg,Leonberg,71229,8.960325242,48.79031093,5,2608241217,,2608241218,,,,,,,,,,,1.0,2.0
8207272767207255575-2608241203-4,7631,2608241213,2608241214,1,,S,S6,Weil der Stadt|Malmsheim|Renningen,8005236,Rutesheim,Baden-Württemberg,Leonberg,71229,8.960325242,48.79031093,5,2608241214,,2608241214,,,,,,,,,,,1.0,0.0
-5323490408373253678-2608241138-9,7030,2608241201,2608241201,2,,S,S60,Stuttgart-Feuerbach|Stuttgart-Zuffenhausen|Neuwirtshaus(Porscheplatz)|Korntal|Weilimdorf|Ditzingen|Höfingen|Leonberg,8005236,Rutesheim,Baden-Württemberg,Leonberg,71229,8.960325242,48.79031093,5,2608241202,,2608241203,,,,,,,,,,,1.0,2.0
-7748030326402231213-2608241111-5,19676,2608241228,2608241229,3,,ARV,RE1,Crailsheim|Ellwangen|Aalen Hbf|Schwäbisch Gmünd,8005424,Schorndorf,Baden-Württemberg,Schorndorf,73614,9.525686251,48.80693898,3,2608241235,,2608241236,,,,,,,,,,,7.0,7.0
-2732981563110923380-2608241203-1,7231,,2608241203,,,S,S2,,8005424,Schorndorf,Baden-Württemberg,Schorndorf,73614,9.525686251,48.80693898,3,,,,,h,1,Störung,,,,,,c,0.0,0.0
-2751722865578801757-2608241220-15,7228,2608241255,,1,,S,,Stuttgart Hbf|Stuttgart-Bad Cannstatt|Stuttgart Nürnberger Str.|Stuttgart-Sommerrain|Fellbach|Waiblingen|Rommelshausen|Stetten-Beinstein|Endersbach|Beutelsbach|Grunbach|Geradstetten|Winterbach(b Schorndorf)|Weiler(Rems),8005424,Schorndorf,Baden-Württemberg,Schorndorf,73614,9.525686251,48.80693898,3,2608241302,,,,h,1,Störung,,,,,,,7.0,0.0
-1383251403817765975-2608241149-4,19415,2608241213,2608241214,2,,ARV,MEX13,Stuttgart Hbf|Stuttgart-Bad Cannstatt|Waiblingen,8005424,Schorndorf,Baden-Württemberg,Schorndorf,73614,9.525686251,48.80693898,3,2608241236,,2608241239,,,,,,,,,,,23.0,25.0
8797923397467745795-2608241150-15,7226,2608241225,,14,,S,,Stuttgart Hbf|Stuttgart-Bad Cannstatt|Stuttgart Nürnberger Str.|Stuttgart-Sommerrain|Fellbach|Waiblingen|Rommelshausen|Stetten-Beinstein|Endersbach|Beutelsbach|Grunbach|Geradstetten|Winterbach(b Schorndorf)|Weiler(Rems),8005424,Schorndorf,Baden-Württemberg,Schorndorf,73614,9.525686251,48.80693898,3,2608241225,,,,h,1,Störung,,,,,,,0.0,0.0
3177327826888597271-2608241233-1,7233,,2608241233,,,S,S2,,8005424,Schorndorf,Baden-Württemberg,Schorndorf,73614,9.525686251,48.80693898,3,,,2608241236,,h,1,Störung,,,,,,,0.0,3.0
-3860455667623039078-2608241220-4,19467,2608241243,2608241244,2,,ARV,MEX13,Stuttgart Hbf|Stuttgart-Bad Cannstatt|Waiblingen,8005424,Schorndorf,Baden-Württemberg,Schorndorf,73614,9.525686251,48.80693898,3,2608241244,,2608241245,,,,,,,,,,,1.0,1.0
5345487978883829702-2608241207-9,19420,2608241243,2608241244,3,,ARV,MEX13,Aalen Hbf|Mögglingen(Gmünd)|Böbingen(Rems)|Schwäbisch Gmünd|Lorch(Württ)|Waldhausen(b Schorndorf)|Plüderhausen|Urbach(b Schorndorf),8005424,Schorndorf,Baden-Württemberg,Schorndorf,73614,9.525686251,48.80693898,3,2608241248,,2608241249,,,,,,,,,,,5.0,5.0
7732802453043643664-2608241111-15,19468,2608241213,2608241214,3,,ARV,MEX13,Ellwangen|Schrezheim|Schwabsberg|Goldshöfe|Hofen(b Aalen)|Wasseralfingen|Aalen Hbf|Mögglingen(Gmünd)|Böbingen(Rems)|Schwäbisch Gmünd|Lorch(Württ)|Waldhausen(b Schorndorf)|Plüderhausen|Urbach(b Schorndorf),8005424,Schorndorf,Baden-Württemberg,Schorndorf,73614,9.525686251,48.80693898,3,2608241216,,2608241216,,,,,,,,,,,3.0,2.0
-97699751698418973-2608241241-5,7333,2608241252,2608241253,1,,S,S3,Backnang|Maubach|Nellmersbach|Winnenden,8005454,Schwaikheim,Baden-Württemberg,Schwaikheim,71409,9.354747358,48.86832665,4,2608241254,,2608241255,,,,,,,,,,,2.0,2.0
8851012744564607240-2608241211-5,7331,2608241222,2608241223,1,,S,S3,Backnang|Maubach|Nellmersbach|Winnenden,8005454,Schwaikheim,Baden-Württemberg,Schwaikheim,71409,9.354747358,48.86832665,4,2608241223,,2608241224,,,,,,,,,,,1.0,1.0
9036342965798539047-2608241142-8,7326,2608241206,2608241206,2,,S,S3,Stuttgart Hbf|Stuttgart-Bad Cannstatt|Stuttgart Nürnberger Str.|Stuttgart-Sommerrain|Fellbach|Waiblingen|Neustadt-Hohenacker,8005454,Schwaikheim,Baden-Württemberg,Schwaikheim,71409,9.354747358,48.86832665,4,2608241206,,2608241207,,,,,,,,,,,0.0,1.0
7638159005670329721-2608241212-8,7328,2608241236,2608241236,2,,S,S3,Stuttgart Hbf|Stuttgart-Bad Cannstatt|Stuttgart Nürnberger Str.|Stuttgart-Sommerrain|Fellbach|Waiblingen|Neustadt-Hohenacker,8005454,Schwaikheim,Baden-Württemberg,Schwaikheim,71409,9.354747358,48.86832665,4,2608241245,,2608241246,,,,,,,,,,,9.0,10.0
7608028257592331283-2608241204-2,7029,2608241206,2608241207,1,,S,S60,Böblingen,8005574,Sindelfingen,Baden-Württemberg,Sindelfingen,71063,8.999262079,48.70387346,6,2608241207,,2608241207,,,,,,,,,,,1.0,0.0
-8244462081615470367-2608241234-2,7031,2608241236,2608241237,1,,S,S60,Böblingen,8005574,Sindelfingen,Baden-Württemberg,Sindelfingen,71063,8.999262079,48.70387346,6,2608241238,,2608241239,,,,,,,,,,,2.0,2.0
8000735044124344027-2608241208-15,7032,2608241252,2608241253,1,,S,S60,Stuttgart-Feuerbach|Stuttgart-Zuffenhausen|Neuwirtshaus(Porscheplatz)|Korntal|Weilimdorf|Ditzingen|Höfingen|Leonberg|Rutesheim|Renningen|Renningen Süd|Magstadt|Maichingen Nord|Maichingen,8005574,Sindelfingen,Baden-Württemberg,Sindelfingen,71063,8.999262079,48.70387346,6,2608241254,,2608241254,,,,,,,,,,,2.0,1.0
-5323490408373253678-2608241138-15,7030,2608241222,2608241223,1,,S,S60,Stuttgart-Feuerbach|Stuttgart-Zuffenhausen|Neuwirtshaus(Porscheplatz)|Korntal|Weilimdorf|Ditzingen|Höfingen|Leonberg|Rutesheim|Renningen|Renningen Süd|Magstadt|Maichingen Nord|Maichingen,8005574,Sindelfingen,Baden-Württemberg,Sindelfingen,71063,8.999262079,48.70387346,6,2608241224,,2608241225,,,,,,,,,,,2.0,2.0
-2732981563110923380-2608241203-8,7231,2608241219,2608241219,2,,S,S2,Schorndorf|Weiler(Rems)|Winterbach(b Schorndorf)|Geradstetten|Grunbach|Beutelsbach|Endersbach,8005726,Stetten-Beinstein,Baden-Württemberg,Weinstadt,71384,9.352769725,48.81199601,5,2608241224,2,2608241224,2,h,1,Störung,,,,,,,5.0,5.0
-2751722865578801757-2608241220-8,7228,2608241239,2608241239,1,,S,S2,Stuttgart Hbf|Stuttgart-Bad Cannstatt|Stuttgart Nürnberger Str.|Stuttgart-Sommerrain|Fellbach|Waiblingen|Rommelshausen,8005726,Stetten-Beinstein,Baden-Württemberg,Weinstadt,71384,9.352769725,48.81199601,5,2608241248,,2608241249,,h,1,Störung,,,,,,,9.0,10.0
8797923397467745795-2608241150-8,7226,2608241209,2608241209,1,,S,S2,Stuttgart Hbf|Stuttgart-Bad Cannstatt|Stuttgart Nürnberger Str.|Stuttgart-Sommerrain|Fellbach|Waiblingen|Rommelshausen,8005726,Stetten-Beinstein,Baden-Württemberg,Weinstadt,71384,9.352769725,48.81199601,5,2608241209,,2608241210,,h,1,Störung,,,,,,,0.0,1.0
3177327826888597271-2608241233-8,7233,2608241249,2608241249,2,,S,S2,Schorndorf|Weiler(Rems)|Winterbach(b Schorndorf)|Geradstetten|Grunbach|Beutelsbach|Endersbach,8005726,Stetten-Beinstein,Baden-Württemberg,Weinstadt,71384,9.352769725,48.81199601,5,2608241252,,2608241253,,h,1,Störung,,,,,,,3.0,4.0
-5722273275463151764-2608241204-1,19139,,2608241204,,,ARV,MEX16,,8000096,Stuttgart Hbf,Baden-Württemberg,Stuttgart,70173,9.183172973,48.78473069,1,,,2608241226,10,r,,,,,,,,,0.0,22.0
6665004006593220666-2608241228-1,50187,,2608241228,,,RE,IC87,,8000096,Stuttgart Hbf,Baden-Württemberg,Stuttgart,70173,9.183172973,48.78473069,1,,,2608241228,,,,,,,,,,,0.0,0.0
8993379184971619733-2608241035-12,50380,2608241243,,6,,RE,,Singen(Hohentwiel)|Engen|Tuttlingen|Spaichingen|Rottweil|Oberndorf(Neckar)|Sulz(Neckar)|Horb|Bondorf(b Herrenberg)|Gäufelden|Herrenberg,8000096,Stuttgart Hbf,Baden-Württemberg,Stuttgart,70173,9.183172973,48.78473069,1,2608241306,,,,c,,,,,,,,,23.0,0.0
-7298917680991319195-2608241207-1,7426,,2608241207,,,S,S4,,8000096,Stuttgart Hbf,Baden-Württemberg,Stuttgart,70173,9.183172973,48.78473069,1,,,2608241207,,,,,,,,,,,0.0,0.0
1366757169240187578-2608241005-13,4212,2608241222,,12,,RE,,Friedrichshafen Stadt|Meckenbeuren|Ravensburg|Aulendorf|Bad Schussenried|Biberach(Riß)|Laupheim West|Ulm Hbf|Geislingen(Steige)|Göppingen|Plochingen|Esslingen(Neckar),8000096,Stuttgart Hbf,Baden-Württemberg,Stuttgart,70173,9.183172973,48.78473069,1,2608241222,,,,h,1,Störung,,,,,c,,0.0,0.0
700874854166477544-2608241228-1,187,,2608241228,,,IC,,,8000096,Stuttgart Hbf,Baden-Württemberg,Stuttgart,70173,9.183172973,48.78473069,1,,,2608241228,,h,2,Information,,,,,,,0.0,0.0
-7748030326402231213-2608241111-6,19676,2608241249,2608241259,10,,ARV,RE1,Crailsheim|Ellwangen|Aalen Hbf|Schwäbisch Gmünd|Schorndorf,8000096,Stuttgart Hbf,Baden-Württemberg,Stuttgart,70173,9.183172973,48.78473069,1,2608241254,,2608241302,,,,,,,,,,,5.0,3.0
-3576512876377089804-2608241106-5,2069,2608241202,2608241208,16,,IC,,Karlsruhe Hbf|Pforzheim Hbf|Mühlacker|Vaihingen(Enz),8000096,Stuttgart Hbf,Baden-Württemberg,Stuttgart,70173,9.183172973,48.78473069,1,2608241202,,2608241208,,h,3,Information,,,,,,,0.0,0.0
-7544419221773787313-2608240729-8,575,2608241238,,5,,ICE,,Hamburg Hbf|Celle|Hannover Hbf|Göttingen|Kassel-Wilhelmshöhe|Frankfurt(Main)Hbf|Mannheim Hbf,8000096,Stuttgart Hbf,Baden-Württemberg,Stuttgart,70173,9.183172973,48.78473069,1,2608241238,,,,h,2,Information,,,,,,,0.0,0.0
-8878569610522891765-2608241257-1,7532,,2608241257,,,S,S5,,8000096,Stuttgart Hbf,Baden-Württemberg,Stuttgart,70173,9.183172973,48.78473069,1,,,2608241257,,,,,,,,,,,0.0,0.0
7065870970937401033-2608241250-1,7230,,2608241250,,,S,S2,,8000096,Stuttgart Hbf,Baden-Württemberg,Stuttgart,70173,9.183172973,48.78473069,1,,,2608241251,,h,1,Störung,,,,,,,0.0,1.0
5786472600680484262-2608241242-1,7330,,2608241242,,,S,S3,,8000096,Stuttgart Hbf,Baden-Württemberg,Stuttgart,70173,9.183172973,48.78473069,1,,,2608241245,,,,,,,,,,,0.0,3.0
2137668365447796022-2608241203-1,28481,,2608241203,,,RE,RESB,,8000096,Stuttgart Hbf,Baden-Württemberg,Stuttgart,70173,9.183172973,48.78473069,1,,,2608241206,,,,,,,,,,,0.0,3.0
-156452342497214952-2608241146-6,7529,2608241205,,1,,S,,Ludwigsburg|Kornwestheim Pbf|Stuttgart-Zuffenhausen|Stuttgart-Feuerbach|Stuttgart Nordbahnhof,8000096,Stuttgart Hbf,Baden-Württemberg,Stuttgart,70173,9.183172973,48.78473069,1,2608241206,,,,,,,,,,,,,1.0,0.0
-95502054925220599-2608241122-2,2267,2608241209,,14,,ICE,,Karlsruhe Hbf,8000096,Stuttgart Hbf,Baden-Württemberg,Stuttgart,70173,9.183172973,48.78473069,1,,,,,,,,,,,,c,,0.0,0.0
123913387555218089-2608241237-1,7428,,2608241237,,,S,S4,,8000096,Stuttgart Hbf,Baden-Württemberg,Stuttgart,70173,9.183172973,48.78473069,1,,,2608241237,,,,,,,,,,,0.0,0.0
-5040164597006626382-2608241120-15,7129,2608241205,,4,,S,,Kirchheim(Teck)|Kirchheim(Teck)-Ötlingen|Wendlingen(Neckar)|Wernau(Neckar)|Plochingen|Altbach|Esslingen-Zell|Oberesslingen|Esslingen(Neckar)|Esslingen-Mettingen|Stuttgart-Obertürkheim|Stuttgart-Untertürkheim|Stuttgart Neckarpark|Stuttgart-Bad Cannstatt,8000096,Stuttgart Hbf,Baden-Württemberg,Stuttgart,70173,9.183172973,48.78473069,1,2608241208,,,,,,,,,,,,,3.0,0.0
8851012744564607240-2608241211-12,7331,2608241247,,4,,S,,Backnang|Maubach|Nellmersbach|Winnenden|Schwaikheim|Neustadt-Hohenacker|Waiblingen|Fellbach|Stuttgart-Sommerrain|Stuttgart Nürnberger Str.|Stuttgart-Bad Cannstatt,8000096,Stuttgart Hbf,Baden-Württemberg,Stuttgart,70173,9.183172973,48.78473069,1,2608241250,,,,,,,,,,,,,3.0,0.0
-7250951253539911335-2608241133-15,7229,2608241210,,3,,S,,Schorndorf|Weiler(Rems)|Winterbach(b Schorndorf)|Geradstetten|Grunbach|Beutelsbach|Endersbach|Stetten-Beinstein|Rommelshausen|Waiblingen|Fellbach|Stuttgart-Sommerrain|Stuttgart Nürnberger Str.|Stuttgart-Bad Cannstatt,8000096,Stuttgart Hbf,Baden-Württemberg,Stuttgart,70173,9.183172973,48.78473069,1,2608241212,,,,h,1,Störung,,,,,,,2.0,0.0
6290307180311974297-2608241113-16,19136,2608241216,,10,,ARV,,Geislingen(Steige)|Geislingen(Steige)West|Kuchen|Gingen(Fils)|Süßen|Salach|Eislingen(Fils)|Göppingen|Faurndau|Uhingen|Ebersbach(Fils)|Reichenbach(Fils)|Plochingen|Esslingen(Neckar)|Stuttgart-Bad Cannstatt,8000096,Stuttgart Hbf,Baden-Württemberg,Stuttgart,70173,9.183172973,48.78473069,1,2608241220,12,,,r,,,,,,,,,4.0,0.0
3145412745633294450-2608241045-5,2588,2608241243,2608241249,6,,ICE,,München Hbf|München-Pasing|Augsburg Hbf|Ulm Hbf,8000096,Stuttgart Hbf,Baden-Württemberg,Stuttgart,70173,9.183172973,48.78473069,1,2608241244,9,2608241249,9,,,,,,,,,,1.0,0.0
-4279716542205463633-2608241251-1,19223,,2608241251,,,RE,MEX12,,8000096,Stuttgart Hbf,Baden-Württemberg,Stuttgart,70173,9.183172973,48.78473069,1,,,2608241251,13,,,,,,,,,,0.0,0.0
-4937374722654906829-2608241206-6,19677,2608241259,2608241306,15,,ARV,RE1,Karlsruhe Hbf|Karlsruhe-Durlach|Pforzheim Hbf|Mühlacker|Vaihingen(Enz),8000096,Stuttgart Hbf,Baden-Württemberg,Stuttgart,70173,9.183172973,48.78473069,1,2608241316,,2608241320,,,,,,,,,,,17.0,14.0
1394235487267718911-2608241242-1,19141,,2608241242,,,ARV,MEX16,,8000096,Stuttgart Hbf,Baden-Württemberg,Stuttgart,70173,9.183172973,48.78473069,1,,,2608241242,12,r,,,,,,,,,0.0,0.0
-1086892456037719731-2608241217-1,7628,,2608241217,,,S,S6,,8000096,Stuttgart Hbf,Baden-Württemberg,Stuttgart,70173,9.183172973,48.78473069,1,,,2608241217,,,,,,,,,,,0.0,0.0
-2732981563110923380-2608241203-15,7231,2608241240,,3,,S,,Schorndorf|Weiler(Rems)|Winterbach(b Schorndorf)|Geradstetten|Grunbach|Beutelsbach|Endersbach|Stetten-Beinstein|Rommelshausen|Waiblingen|Fellbach|Stuttgart-Sommerrain|Stuttgart Nürnberger Str.|Stuttgart-Bad Cannstatt,8000096,Stuttgart Hbf,Baden-Württemberg,Stuttgart,70173,9.183172973,48.78473069,1,2608241243,,,,h,1,Störung,,,,,,,3.0,0.0
1567608631073913309-2608241227-1,7530,,2608241227,,,S,S5,,8000096,Stuttgart Hbf,Baden-Württemberg,Stuttgart,70173,9.183172973,48.78473069,1,,,2608241227,,,,,,,,,,,0.0,0.0
-2751722865578801757-2608241220-1,7228,,2608241220,,,S,S2,,8000096,Stuttgart Hbf,Baden-Württemberg,Stuttgart,70173,9.183172973,48.78473069,1,,,2608241222,,h,1,Störung,,,,,,,0.0,2.0
2297543165058573928-2608241237-1,4217,,2608241237,,,RE,RE5,,8000096,Stuttgart Hbf,Baden-Württemberg,Stuttgart,70173,9.183172973,48.78473069,1,,,2608241237,,h,1,Störung,,,,,,c,0.0,0.0
4286078100246831779-2608241217-1,17639,,2608241217,,,RE,RE14a,,8000096,Stuttgart Hbf,Baden-Württemberg,Stuttgart,70173,9.183172973,48.78473069,1,,,2608241218,8,,,,,,,,,,0.0,1.0
4736637014602700336-2608241150-15,7131,2608241235,,4,,S,,Kirchheim(Teck)|Kirchheim(Teck)-Ötlingen|Wendlingen(Neckar)|Wernau(Neckar)|Plochingen|Altbach|Esslingen-Zell|Oberesslingen|Esslingen(Neckar)|Esslingen-Mettingen|Stuttgart-Obertürkheim|Stuttgart-Untertürkheim|Stuttgart Neckarpark|Stuttgart-Bad Cannstatt,8000096,Stuttgart Hbf,Baden-Württemberg,Stuttgart,70173,9.183172973,48.78473069,1,2608241240,,,,,,,,,,,,,5.0,0.0
-1993606386599546493-2608241148-16,19138,2608241253,,13,,ARV,,Geislingen(Steige)|Geislingen(Steige)West|Kuchen|Gingen(Fils)|Süßen|Salach|Eislingen(Fils)|Göppingen|Faurndau|Uhingen|Ebersbach(Fils)|Reichenbach(Fils)|Plochingen|Esslingen(Neckar)|Stuttgart-Bad Cannstatt,8000096,Stuttgart Hbf,Baden-Württemberg,Stuttgart,70173,9.183172973,48.78473069,1,2608241253,12,,,r,,,,,,,,,0.0,0.0
6476044054617913836-2608241133-14,7629,2608241215,,2,,S,,Weil der Stadt|Malmsheim|Renningen|Rutesheim|Leonberg|Höfingen|Ditzingen|Weilimdorf|Korntal|Neuwirtshaus(Porscheplatz)|Stuttgart-Zuffenhausen|Stuttgart-Feuerbach|Stuttgart Nordbahnhof,8000096,Stuttgart Hbf,Baden-Württemberg,Stuttgart,70173,9.183172973,48.78473069,1,2608241214,,,,,,,,,,,,,-1.0,0.0
-3901454027336800522-2608241203-14,7431,2608241255,,2,,S,,Backnang|Burgstall(Murr)|Kirchberg(Murr)|Erdmannhausen|Marbach(Neckar)|Benningen(Neckar)|Freiberg(Neckar)|Favoritepark|Ludwigsburg|Kornwestheim Pbf|Stuttgart-Zuffenhausen|Stuttgart-Feuerbach|Stuttgart Nordbahnhof,8000096,Stuttgart Hbf,Baden-Württemberg,Stuttgart,70173,9.183172973,48.78473069,1,2608241255,,,,,,,,,,,,,0.0,0.0
3529743929784818117-2608240937-14,380,2608241243,,6,,IC,,Zürich HB|Schaffhausen|Singen(Hohentwiel)|Engen|Tuttlingen|Spaichingen|Rottweil|Oberndorf(Neckar)|Sulz(Neckar)|Horb|Bondorf(b Herrenberg)|Gäufelden|Herrenberg,8000096,Stuttgart Hbf,Baden-Württemberg,Stuttgart,70173,9.183172973,48.78473069,1,2608241306,,,,c,,,,,,,,,23.0,0.0
2504979402186393238-2608241232-1,19014,,2608241232,,,ARV,RE1,,8000096,Stuttgart Hbf,Baden-Württemberg,Stuttgart,70173,9.183172973,48.78473069,1,,,2608241237,,,,,,,,,,,0.0,5.0
-6655774160168480161-2608241255-1,7132,,2608241255,,,S,S1,,8000096,Stuttgart Hbf,Baden-Württemberg,Stuttgart,70173,9.183172973,48.78473069,1,,,2608241255,,,,,,,,,,,0.0,0.0
-136988301780956592-2608240545-13,515,2608241211,2608241217,15,,ICE,,Hamburg Hbf|Hamburg-Harburg|Bremen Hbf|Osnabrück Hbf|Münster(Westf)Hbf|Dortmund Hbf|Hagen Hbf|Wuppertal Hbf|Solingen Hbf|Köln Hbf|Frankfurt(M) Flughafen Fernbf|Mannheim Hbf,8000096,Stuttgart Hbf,Baden-Württemberg,Stuttgart,70173,9.183172973,48.78473069,1,2608241214,,2608241219,,c,,,,,,,,,3.0,2.0
-567364517811325165-2608241217-1,17637,,2608241217,,,RE,RE14b,,8000096,Stuttgart Hbf,Baden-Württemberg,Stuttgart,70173,9.183172973,48.78473069,1,,,2608241218,8,,,,,,,,,,0.0,1.0
-7635674851184058793-2608241132-7,19013,2608241227,,13,,ARV,,Karlsruhe Hbf|Karlsruhe-Durlach|Wilferdingen-Singen|Pforzheim Hbf|Mühlacker|Vaihingen(Enz),8000096,Stuttgart Hbf,Baden-Württemberg,Stuttgart,70173,9.183172973,48.78473069,1,2608241231,16,,,,,,,,,,,,4.0,0.0
-2690453283388249865-2608241107-12,19418,2608241209,,13,,ARV,,Aalen Hbf|Mögglingen(Gmünd)|Böbingen(Rems)|Schwäbisch Gmünd|Lorch(Württ)|Waldhausen(b Schorndorf)|Plüderhausen|Urbach(b Schorndorf)|Schorndorf|Waiblingen|Stuttgart-Bad Cannstatt,8000096,Stuttgart Hbf,Baden-Württemberg,Stuttgart,70173,9.183172973,48.78473069,1,2608241217,14,,,,,,,,,,,,8.0,0.0
8207272767207255575-2608241203-14,7631,2608241245,,1,,S,,Weil der Stadt|Malmsheim|Renningen|Rutesheim|Leonberg|Höfingen|Ditzingen|Weilimdorf|Korntal|Neuwirtshaus(Porscheplatz)|Stuttgart-Zuffenhausen|Stuttgart-Feuerbach|Stuttgart Nordbahnhof,8000096,Stuttgart Hbf,Baden-Württemberg,Stuttgart,70173,9.183172973,48.78473069,1,2608241245,,,,,,,,,,,,,0.0,0.0
6836109522047011990-2608241233-3,28480,2608241255,,7,,RE,,Böblingen|Stuttgart-Vaihingen,8000096,Stuttgart Hbf,Baden-Württemberg,Stuttgart,70173,9.183172973,48.78473069,1,2608241258,,,,,,,,,,,,,3.0,0.0
8872306478114488142-2608241247-1,19417,,2608241247,,,ARV,MEX13,,8000096,Stuttgart Hbf,Baden-Württemberg,Stuttgart,70173,9.183172973,48.78473069,1,,,2608241303,,,,,,,,,,,0.0,16.0
-3860455667623039078-2608241220-1,19467,,2608241220,,,ARV,MEX13,,8000096,Stuttgart Hbf,Baden-Württemberg,Stuttgart,70173,9.183172973,48.78473069,1,,,2608241224,14,,,,,,,,,,0.0,4.0
-2497004780648081166-2608241116-10,19228,2608241206,,9,,RE,,Reutlingen Hbf|Metzingen(Württ)|Bempflingen|Nürtingen|Oberboihingen|Wendlingen(Neckar)|Plochingen|Esslingen(Neckar)|Stuttgart-Bad Cannstatt,8000096,Stuttgart Hbf,Baden-Württemberg,Stuttgart,70173,9.183172973,48.78473069,1,2608241211,13,,,,,,,,,,,,5.0,0.0
2847529868862505344-2608241216-6,7531,2608241235,,2,,S,,Ludwigsburg|Kornwestheim Pbf|Stuttgart-Zuffenhausen|Stuttgart-Feuerbach|Stuttgart Nordbahnhof,8000096,Stuttgart Hbf,Baden-Württemberg,Stuttgart,70173,9.183172973,48.78473069,1,2608241235,,,,,,,,,,,,,0.0,0.0
-3955134605586594139-2608241141-12,7329,2608241217,,4,,S,,Backnang|Maubach|Nellmersbach|Winnenden|Schwaikheim|Neustadt-Hohenacker|Waiblingen|Fellbach|Stuttgart-Sommerrain|Stuttgart Nürnberger Str.|Stuttgart-Bad Cannstatt,8000096,Stuttgart Hbf,Baden-Württemberg,Stuttgart,70173,9.183172973,48.78473069,1,2608241220,6,,,,,,,,,,,,3.0,0.0
7638159005670329721-2608241212-1,7328,,2608241212,,,S,S3,,8000096,Stuttgart Hbf,Baden-Württemberg,Stuttgart,70173,9.183172973,48.78473069,1,,,2608241220,,,,,,,,,,,0.0,8.0
7732802453043643664-2608241111-18,19468,2608241239,,14,,ARV,,Ellwangen|Schrezheim|Schwabsberg|Goldshöfe|Hofen(b Aalen)|Wasseralfingen|Aalen Hbf|Mögglingen(Gmünd)|Böbingen(Rems)|Schwäbisch Gmünd|Lorch(Württ)|Waldhausen(b Schorndorf)|Plüderhausen|Urbach(b Schorndorf)|Schorndorf|Waiblingen|Stuttgart-Bad Cannstatt,8000096,Stuttgart Hbf,Baden-Württemberg,Stuttgart,70173,9.183172973,48.78473069,1,2608241247,,,,,,,,,,,,,8.0,0.0
-8712801738662028770-2608241247-1,7630,,2608241247,,,S,S6,,8000096,Stuttgart Hbf,Baden-Württemberg,Stuttgart,70173,9.183172973,48.78473069,1,,,2608241247,,,,,,,,,,,0.0,0.0
-1975987368948360309-2608241103-10,17528,2608241202,,12,,RE,,Schwäbisch Hall-Hessental|Gaildorf West|Murrhardt|Sulzbach(Murr)|Oppenweiler(Württ)|Backnang|Winnenden|Waiblingen|Stuttgart-Bad Cannstatt,8000096,Stuttgart Hbf,Baden-Württemberg,Stuttgart,70173,9.183172973,48.78473069,1,2608241222,9,,,h,2,Störung,,,,,,,20.0,0.0
-2837347101663805561-2608241133-14,7429,2608241225,,1,,S,,Backnang|Burgstall(Murr)|Kirchberg(Murr)|Erdmannhausen|Marbach(Neckar)|Benningen(Neckar)|Freiberg(Neckar)|Favoritepark|Ludwigsburg|Kornwestheim Pbf|Stuttgart-Zuffenhausen|Stuttgart-Feuerbach|Stuttgart Nordbahnhof,8000096,Stuttgart Hbf,Baden-Württemberg,Stuttgart,70173,9.183172973,48.78473069,1,2608241225,,,,,,,,,,,,,0.0,0.0
8539842934523735566-2608241225-1,7130,,2608241225,,,S,S1,,8000096,Stuttgart Hbf,Baden-Württemberg,Stuttgart,70173,9.183172973,48.78473069,1,,,2608241226,6,,,,,,,,,,0.0,1.0
-6319936848544854600-2608241220-13,7133,2608241257,2608241257,1,,S,S1,Kirchheim(Teck)|Kirchheim(Teck)-Ötlingen|Wendlingen(Neckar)|Wernau(Neckar)|Plochingen|Altbach|Esslingen-Zell|Oberesslingen|Esslingen(Neckar)|Esslingen-Mettingen|Stuttgart-Obertürkheim|Stuttgart-Untertürkheim,8006743,Stuttgart Neckarpark,Baden-Württemberg,Stuttgart,70372,9.24106855,48.79194362,4,2608241306,,2608241306,,,,,,,,,,,9.0,9.0
-513768940106917907-2608241155-3,7128,2608241202,2608241202,2,,S,S1,Stuttgart Hbf|Stuttgart-Bad Cannstatt,8006743,Stuttgart Neckarpark,Baden-Württemberg,Stuttgart,70372,9.24106855,48.79194362,4,2608241205,,2608241206,,,,,,,,,,,3.0,4.0
4736637014602700336-2608241150-13,7131,2608241227,2608241227,1,,S,S1,Kirchheim(Teck)|Kirchheim(Teck)-Ötlingen|Wendlingen(Neckar)|Wernau(Neckar)|Plochingen|Altbach|Esslingen-Zell|Oberesslingen|Esslingen(Neckar)|Esslingen-Mettingen|Stuttgart-Obertürkheim|Stuttgart-Untertürkheim,8006743,Stuttgart Neckarpark,Baden-Württemberg,Stuttgart,70372,9.24106855,48.79194362,4,2608241232,,2608241233,,,,,,,,,,,5.0,6.0
8539842934523735566-2608241225-3,7130,2608241232,2608241232,2,,S,S1,Stuttgart Hbf|Stuttgart-Bad Cannstatt,8006743,Stuttgart Neckarpark,Baden-Württemberg,Stuttgart,70372,9.24106855,48.79194362,4,2608241238,,2608241239,,,,,,,,,,,6.0,7.0
-7298917680991319195-2608241207-2,7426,2608241210,2608241211,3,,S,S4,Stuttgart Hbf,8005767,Stuttgart Nord,Baden-Württemberg,Stuttgard-Nord,70174,9.188061449,48.80374161,5,2608241211,,2608241212,,,,,,,,,,,1.0,1.0
-156452342497214952-2608241146-5,7529,2608241159,2608241201,4,,S,S5,Ludwigsburg|Kornwestheim Pbf|Stuttgart-Zuffenhausen|Stuttgart-Feuerbach,8005767,Stuttgart Nord,Baden-Württemberg,Stuttgard-Nord,70174,9.188061449,48.80374161,5,2608241159,,2608241201,,,,,,,,,,,0.0,0.0
123913387555218089-2608241237-2,7428,2608241240,2608241241,3,,S,S4,Stuttgart Hbf,8005767,Stuttgart Nord,Baden-Württemberg,Stuttgard-Nord,70174,9.188061449,48.80374161,5,2608241241,,2608241242,,,,,,,,,,,1.0,1.0
-1086892456037719731-2608241217-2,7628,2608241220,2608241222,3,,S,S6,Stuttgart Hbf,8005767,Stuttgart Nord,Baden-Württemberg,Stuttgard-Nord,70174,9.188061449,48.80374161,5,2608241221,,2608241222,,,,,,,,,,,1.0,0.0
-4867022663021090956-2608241157-2,7528,2608241200,2608241201,3,,S,S5,Stuttgart Hbf,8005767,Stuttgart Nord,Baden-Württemberg,Stuttgard-Nord,70174,9.188061449,48.80374161,5,2608241201,,2608241202,,,,,,,,,,,1.0,1.0
1567608631073913309-2608241227-2,7530,2608241230,2608241231,3,,S,S5,Stuttgart Hbf,8005767,Stuttgart Nord,Baden-Württemberg,Stuttgard-Nord,70174,9.188061449,48.80374161,5,2608241230,,2608241231,,,,,,,,,,,0.0,0.0
6476044054617913836-2608241133-13,7629,2608241209,2608241211,4,,S,S6,Weil der Stadt|Malmsheim|Renningen|Rutesheim|Leonberg|Höfingen|Ditzingen|Weilimdorf|Korntal|Neuwirtshaus(Porscheplatz)|Stuttgart-Zuffenhausen|Stuttgart-Feuerbach,8005767,Stuttgart Nord,Baden-Württemberg,Stuttgard-Nord,70174,9.188061449,48.80374161,5,2608241209,,2608241211,,,,,,,,,,,0.0,0.0
-3901454027336800522-2608241203-13,7431,2608241249,2608241251,4,,S,S4,Backnang|Burgstall(Murr)|Kirchberg(Murr)|Erdmannhausen|Marbach(Neckar)|Benningen(Neckar)|Freiberg(Neckar)|Favoritepark|Ludwigsburg|Kornwestheim Pbf|Stuttgart-Zuffenhausen|Stuttgart-Feuerbach,8005767,Stuttgart Nord,Baden-Württemberg,Stuttgard-Nord,70174,9.188061449,48.80374161,5,2608241249,,2608241251,,,,,,,,,,,0.0,0.0
8207272767207255575-2608241203-13,7631,2608241239,2608241241,4,,S,S6,Weil der Stadt|Malmsheim|Renningen|Rutesheim|Leonberg|Höfingen|Ditzingen|Weilimdorf|Korntal|Neuwirtshaus(Porscheplatz)|Stuttgart-Zuffenhausen|Stuttgart-Feuerbach,8005767,Stuttgart Nord,Baden-Württemberg,Stuttgard-Nord,70174,9.188061449,48.80374161,5,2608241239,,2608241241,,,,,,,,,,,0.0,0.0
-1546984613033739580-2608241246-5,7533,2608241259,2608241301,4,,S,S5,Ludwigsburg|Kornwestheim Pbf|Stuttgart-Zuffenhausen|Stuttgart-Feuerbach,8005767,Stuttgart Nord,Baden-Württemberg,Stuttgard-Nord,70174,9.188061449,48.80374161,5,2608241259,,2608241301,,,,,,,,,,,0.0,0.0
2847529868862505344-2608241216-5,7531,2608241229,2608241231,4,,S,S5,Ludwigsburg|Kornwestheim Pbf|Stuttgart-Zuffenhausen|Stuttgart-Feuerbach,8005767,Stuttgart Nord,Baden-Württemberg,Stuttgard-Nord,70174,9.188061449,48.80374161,5,2608241229,,2608241231,,,,,,,,,,,0.0,0.0
-8712801738662028770-2608241247-2,7630,2608241250,2608241252,3,,S,S6,Stuttgart Hbf,8005767,Stuttgart Nord,Baden-Württemberg,Stuttgard-Nord,70174,9.188061449,48.80374161,5,2608241251,,2608241252,,,,,,,,,,,1.0,0.0
-2837347101663805561-2608241133-13,7429,2608241219,2608241221,4,,S,S4,Backnang|Burgstall(Murr)|Kirchberg(Murr)|Erdmannhausen|Marbach(Neckar)|Benningen(Neckar)|Freiberg(Neckar)|Favoritepark|Ludwigsburg|Kornwestheim Pbf|Stuttgart-Zuffenhausen|Stuttgart-Feuerbach,8005767,Stuttgart Nord,Baden-Württemberg,Stuttgard-Nord,70174,9.188061449,48.80374161,5,2608241219,,2608241221,,,,,,,,,,,0.0,0.0
7065870970937401033-2608241250-3,7230,2608241257,2608241257,4,,S,S2,Stuttgart Hbf|Stuttgart-Bad Cannstatt,8004357,Stuttgart Nürnberger Straße,Baden-Württemberg,Stuttgart,70374,9.234576905,48.80656062,5,2608241300,,2608241301,,h,1,Störung,,,,,,,3.0,4.0
5786472600680484262-2608241242-3,7330,2608241252,2608241252,4,,S,S3,Stuttgart Hbf|Stuttgart-Bad Cannstatt,8004357,Stuttgart Nürnberger Straße,Baden-Württemberg,Stuttgart,70374,9.234576905,48.80656062,5,2608241255,,2608241256,,,,,,,,,,,3.0,4.0
8851012744564607240-2608241211-10,7331,2608241237,2608241238,1,,S,S3,Backnang|Maubach|Nellmersbach|Winnenden|Schwaikheim|Neustadt-Hohenacker|Waiblingen|Fellbach|Stuttgart-Sommerrain,8004357,Stuttgart Nürnberger Straße,Baden-Württemberg,Stuttgart,70374,9.234576905,48.80656062,5,2608241240,,2608241240,,,,,,,,,,,3.0,2.0
-7250951253539911335-2608241133-13,7229,2608241202,2608241203,1,,S,S2,Schorndorf|Weiler(Rems)|Winterbach(b Schorndorf)|Geradstetten|Grunbach|Beutelsbach|Endersbach|Stetten-Beinstein|Rommelshausen|Waiblingen|Fellbach|Stuttgart-Sommerrain,8004357,Stuttgart Nürnberger Straße,Baden-Württemberg,Stuttgart,70374,9.234576905,48.80656062,5,2608241205,,2608241205,,h,1,Störung,,,,,,,3.0,2.0
-2732981563110923380-2608241203-13,7231,2608241232,2608241233,1,,S,S2,Schorndorf|Weiler(Rems)|Winterbach(b Schorndorf)|Geradstetten|Grunbach|Beutelsbach|Endersbach|Stetten-Beinstein|Rommelshausen|Waiblingen|Fellbach|Stuttgart-Sommerrain,8004357,Stuttgart Nürnberger Straße,Baden-Württemberg,Stuttgart,70374,9.234576905,48.80656062,5,2608241236,,2608241236,,h,1,Störung,,,,,,,4.0,3.0
-2751722865578801757-2608241220-3,7228,2608241227,2608241227,4,,S,S2,Stuttgart Hbf|Stuttgart-Bad Cannstatt,8004357,Stuttgart Nürnberger Straße,Baden-Württemberg,Stuttgart,70374,9.234576905,48.80656062,5,2608241234,,2608241234,,h,1,Störung,,,,,,,7.0,7.0
-3955134605586594139-2608241141-10,7329,2608241207,2608241208,1,,S,S3,Backnang|Maubach|Nellmersbach|Winnenden|Schwaikheim|Neustadt-Hohenacker|Waiblingen|Fellbach|Stuttgart-Sommerrain,8004357,Stuttgart Nürnberger Straße,Baden-Württemberg,Stuttgart,70374,9.234576905,48.80656062,5,2608241208,,2608241209,,,,,,,,,,,1.0,1.0
7638159005670329721-2608241212-3,7328,2608241222,2608241222,4,,S,S3,Stuttgart Hbf|Stuttgart-Bad Cannstatt,8004357,Stuttgart Nürnberger Straße,Baden-Württemberg,Stuttgart,70374,9.234576905,48.80656062,5,2608241230,,2608241231,,,,,,,,,,,8.0,9.0
-5722273275463151764-2608241204-2,19139,2608241207,2608241208,8,,ARV,MEX16,Stuttgart Hbf,8005769,Stuttgart-Bad Cannstatt,Baden-Württemberg,Stuttgart,70372,9.217468636,48.80127978,3,2608241233,4,2608241234,4,r,,,,,,,,,26.0,26.0
7065870970937401033-2608241250-2,7230,2608241254,2608241254,3,,S,S2,Stuttgart Hbf,8005769,Stuttgart-Bad Cannstatt,Baden-Württemberg,Stuttgart,70372,9.217468636,48.80127978,3,2608241258,,2608241258,,h,1,Störung,,,,,,,4.0,4.0
5786472600680484262-2608241242-2,7330,2608241246,2608241249,3,,S,S3,Stuttgart Hbf,8005769,Stuttgart-Bad Cannstatt,Baden-Württemberg,Stuttgart,70372,9.217468636,48.80127978,3,2608241252,,2608241252,,,,,,,,,,,6.0,3.0
-5040164597006626382-2608241120-14,7129,2608241200,2608241201,2,,S,S1,Kirchheim(Teck)|Kirchheim(Teck)-Ötlingen|Wendlingen(Neckar)|Wernau(Neckar)|Plochingen|Altbach|Esslingen-Zell|Oberesslingen|Esslingen(Neckar)|Esslingen-Mettingen|Stuttgart-Obertürkheim|Stuttgart-Untertürkheim|Stuttgart Neckarpark,8005769,Stuttgart-Bad Cannstatt,Baden-Württemberg,Stuttgart,70372,9.217468636,48.80127978,3,2608241204,,2608241205,,,,,,,,,,,4.0,4.0
8851012744564607240-2608241211-11,7331,2608241241,2608241243,2,,S,S3,Backnang|Maubach|Nellmersbach|Winnenden|Schwaikheim|Neustadt-Hohenacker|Waiblingen|Fellbach|Stuttgart-Sommerrain|Stuttgart Nürnberger Str.,8005769,Stuttgart-Bad Cannstatt,Baden-Württemberg,Stuttgart,70372,9.217468636,48.80127978,3,2608241243,,2608241243,,,,,,,,,,,2.0,0.0
-7250951253539911335-2608241133-14,7229,2608241205,2608241206,2,,S,S2,Schorndorf|Weiler(Rems)|Winterbach(b Schorndorf)|Geradstetten|Grunbach|Beutelsbach|Endersbach|Stetten-Beinstein|Rommelshausen|Waiblingen|Fellbach|Stuttgart-Sommerrain|Stuttgart Nürnberger Str.,8005769,Stuttgart-Bad Cannstatt,Baden-Württemberg,Stuttgart,70372,9.217468636,48.80127978,3,2608241208,,2608241209,,h,1,Störung,,,,,,,3.0,3.0
6290307180311974297-2608241113-15,19136,2608241211,2608241212,5,,ARV,MEX16,Geislingen(Steige)|Geislingen(Steige)West|Kuchen|Gingen(Fils)|Süßen|Salach|Eislingen(Fils)|Göppingen|Faurndau|Uhingen|Ebersbach(Fils)|Reichenbach(Fils)|Plochingen|Esslingen(Neckar),8005769,Stuttgart-Bad Cannstatt,Baden-Württemberg,Stuttgart,70372,9.217468636,48.80127978,3,2608241210,,2608241212,,r,,,,,,,,,-1.0,0.0
-4279716542205463633-2608241251-2,19223,2608241254,2608241255,8,,RE,MEX12,Stuttgart Hbf,8005769,Stuttgart-Bad Cannstatt,Baden-Württemberg,Stuttgart,70372,9.217468636,48.80127978,3,2608241256,4,2608241257,4,,,,,,,,,,2.0,2.0
1394235487267718911-2608241242-2,19141,2608241245,2608241246,8,,ARV,MEX16,Stuttgart Hbf,8005769,Stuttgart-Bad Cannstatt,Baden-Württemberg,Stuttgart,70372,9.217468636,48.80127978,3,2608241246,4,2608241247,4,r,,,,,,,,,1.0,1.0
-2732981563110923380-2608241203-14,7231,2608241235,2608241236,2,,S,S2,Schorndorf|Weiler(Rems)|Winterbach(b Schorndorf)|Geradstetten|Grunbach|Beutelsbach|Endersbach|Stetten-Beinstein|Rommelshausen|Waiblingen|Fellbach|Stuttgart-Sommerrain|Stuttgart Nürnberger Str.,8005769,Stuttgart-Bad Cannstatt,Baden-Württemberg,Stuttgart,70372,9.217468636,48.80127978,3,2608241239,,2608241239,,h,1,Störung,,,,,,,4.0,3.0
-2751722865578801757-2608241220-2,7228,2608241224,2608241224,3,,S,S2,Stuttgart Hbf,8005769,Stuttgart-Bad Cannstatt,Baden-Württemberg,Stuttgart,70372,9.217468636,48.80127978,3,2608241230,,2608241231,,h,1,Störung,,,,,,,6.0,7.0
4736637014602700336-2608241150-14,7131,2608241230,2608241231,2,,S,S1,Kirchheim(Teck)|Kirchheim(Teck)-Ötlingen|Wendlingen(Neckar)|Wernau(Neckar)|Plochingen|Altbach|Esslingen-Zell|Oberesslingen|Esslingen(Neckar)|Esslingen-Mettingen|Stuttgart-Obertürkheim|Stuttgart-Untertürkheim|Stuttgart Neckarpark,8005769,Stuttgart-Bad Cannstatt,Baden-Württemberg,Stuttgart,70372,9.217468636,48.80127978,3,2608241235,,2608241236,,,,,,,,,,,5.0,5.0
-1993606386599546493-2608241148-15,19138,2608241247,2608241249,5,,ARV,MEX16,Geislingen(Steige)|Geislingen(Steige)West|Kuchen|Gingen(Fils)|Süßen|Salach|Eislingen(Fils)|Göppingen|Faurndau|Uhingen|Ebersbach(Fils)|Reichenbach(Fils)|Plochingen|Esslingen(Neckar),8005769,Stuttgart-Bad Cannstatt,Baden-Württemberg,Stuttgart,70372,9.217468636,48.80127978,3,2608241247,,2608241249,,r,,,,,,,,,0.0,0.0
-6655774160168480161-2608241255-2,7132,2608241258,2608241259,3,,S,S1,Stuttgart Hbf,8005769,Stuttgart-Bad Cannstatt,Baden-Württemberg,Stuttgart,70372,9.217468636,48.80127978,3,2608241300,,2608241301,,,,,,,,,,,2.0,2.0
-2690453283388249865-2608241107-11,19418,2608241205,2608241205,6,,ARV,MEX13,Aalen Hbf|Mögglingen(Gmünd)|Böbingen(Rems)|Schwäbisch Gmünd|Lorch(Württ)|Waldhausen(b Schorndorf)|Plüderhausen|Urbach(b Schorndorf)|Schorndorf|Waiblingen,8005769,Stuttgart-Bad Cannstatt,Baden-Württemberg,Stuttgart,70372,9.217468636,48.80127978,3,2608241207,,2608241210,,,,,,,,,,,2.0,5.0
8872306478114488142-2608241247-2,19417,2608241251,2608241252,7,,ARV,MEX13,Stuttgart Hbf,8005769,Stuttgart-Bad Cannstatt,Baden-Württemberg,Stuttgart,70372,9.217468636,48.80127978,3,2608241307,,2608241308,,,,,,,,,,,16.0,16.0
-3860455667623039078-2608241220-2,19467,2608241224,2608241225,7,,ARV,MEX13,Stuttgart Hbf,8005769,Stuttgart-Bad Cannstatt,Baden-Württemberg,Stuttgart,70372,9.217468636,48.80127978,3,2608241227,,2608241228,,,,,,,,,,,3.0,3.0
-2497004780648081166-2608241116-9,19228,2608241202,2608241202,5,,RE,MEX12,Reutlingen Hbf|Metzingen(Württ)|Bempflingen|Nürtingen|Oberboihingen|Wendlingen(Neckar)|Plochingen|Esslingen(Neckar),8005769,Stuttgart-Bad Cannstatt,Baden-Württemberg,Stuttgart,70372,9.217468636,48.80127978,3,2608241206,1,2608241207,1,,,,,,,,,,4.0,5.0
-3955134605586594139-2608241141-11,7329,2608241211,2608241213,2,,S,S3,Backnang|Maubach|Nellmersbach|Winnenden|Schwaikheim|Neustadt-Hohenacker|Waiblingen|Fellbach|Stuttgart-Sommerrain|Stuttgart Nürnberger Str.,8005769,Stuttgart-Bad Cannstatt,Baden-Württemberg,Stuttgart,70372,9.217468636,48.80127978,3,2608241212,,2608241213,,,,,,,,,,,1.0,0.0
7638159005670329721-2608241212-2,7328,2608241216,2608241219,3,,S,S3,Stuttgart Hbf,8005769,Stuttgart-Bad Cannstatt,Baden-Württemberg,Stuttgart,70372,9.217468636,48.80127978,3,2608241226,,2608241227,,,,,,,,,,,10.0,8.0
7732802453043643664-2608241111-17,19468,2608241235,2608241235,6,,ARV,MEX13,Ellwangen|Schrezheim|Schwabsberg|Goldshöfe|Hofen(b Aalen)|Wasseralfingen|Aalen Hbf|Mögglingen(Gmünd)|Böbingen(Rems)|Schwäbisch Gmünd|Lorch(Württ)|Waldhausen(b Schorndorf)|Plüderhausen|Urbach(b Schorndorf)|Schorndorf|Waiblingen,8005769,Stuttgart-Bad Cannstatt,Baden-Württemberg,Stuttgart,70372,9.217468636,48.80127978,3,2608241241,,2608241243,,,,,,,,,,,6.0,8.0
8539842934523735566-2608241225-2,7130,2608241228,2608241229,3,,S,S1,Stuttgart Hbf,8005769,Stuttgart-Bad Cannstatt,Baden-Württemberg,Stuttgart,70372,9.217468636,48.80127978,3,2608241235,,2608241236,,,,,,,,,,,7.0,7.0
-7298917680991319195-2608241207-3,7426,2608241213,2608241214,2,,S,S4,Stuttgart Hbf|Stuttgart Nordbahnhof,8005770,Stuttgart-Feuerbach,Baden-Württemberg,Feuerbach,70469,9.169186287,48.81363554,3,2608241213,,2608241214,,,,,,,,,,,0.0,0.0
7608028257592331283-2608241204-16,7029,2608241251,,1a,,S,,Böblingen|Sindelfingen|Maichingen|Maichingen Nord|Magstadt|Renningen Süd|Renningen|Rutesheim|Leonberg|Höfingen|Ditzingen|Weilimdorf|Korntal|Neuwirtshaus(Porscheplatz)|Stuttgart-Zuffenhausen,8005770,Stuttgart-Feuerbach,Baden-Württemberg,Feuerbach,70469,9.169186287,48.81363554,3,2608241252,,,,,,,,,,,,,1.0,0.0
6406318432251840082-2608241238-1,7034,,2608241238,,,S,S60,,8005770,Stuttgart-Feuerbach,Baden-Württemberg,Feuerbach,70469,9.169186287,48.81363554,3,,,2608241238,,,,,,,,,,,0.0,0.0
8000735044124344027-2608241208-1,7032,,2608241208,,,S,S60,,8005770,Stuttgart-Feuerbach,Baden-Württemberg,Feuerbach,70469,9.169186287,48.81363554,3,,,2608241209,,,,,,,,,,,0.0,1.0
123913387555218089-2608241237-3,7428,2608241243,2608241244,2,,S,S4,Stuttgart Hbf|Stuttgart Nordbahnhof,8005770,Stuttgart-Feuerbach,Baden-Württemberg,Feuerbach,70469,9.169186287,48.81363554,3,2608241243,,2608241244,,,,,,,,,,,0.0,0.0
-1086892456037719731-2608241217-3,7628,2608241224,2608241224,2,,S,S6,Stuttgart Hbf|Stuttgart Nordbahnhof,8005770,Stuttgart-Feuerbach,Baden-Württemberg,Feuerbach,70469,9.169186287,48.81363554,3,2608241224,,2608241224,,,,,,,,,,,0.0,0.0
-4867022663021090956-2608241157-3,7528,2608241203,2608241204,2,,S,S5,Stuttgart Hbf|Stuttgart Nordbahnhof,8005770,Stuttgart-Feuerbach,Baden-Württemberg,Feuerbach,70469,9.169186287,48.81363554,3,2608241203,,2608241204,,,,,,,,,,,0.0,0.0
1567608631073913309-2608241227-3,7530,2608241233,2608241234,2,,S,S5,Stuttgart Hbf|Stuttgart Nordbahnhof,8005770,Stuttgart-Feuerbach,Baden-Württemberg,Feuerbach,70469,9.169186287,48.81363554,3,2608241233,,2608241234,,,,,,,,,,,0.0,0.0
-2997586613667252816-2608241134-16,7027,2608241221,,1a,,S,,Böblingen|Sindelfingen|Maichingen|Maichingen Nord|Magstadt|Renningen Süd|Renningen|Rutesheim|Leonberg|Höfingen|Ditzingen|Weilimdorf|Korntal|Neuwirtshaus(Porscheplatz)|Stuttgart-Zuffenhausen,8005770,Stuttgart-Feuerbach,Baden-Württemberg,Feuerbach,70469,9.169186287,48.81363554,3,2608241221,,,,,,,,,,,,,0.0,0.0
6476044054617913836-2608241133-12,7629,2608241206,2608241206,1,,S,S6,Weil der Stadt|Malmsheim|Renningen|Rutesheim|Leonberg|Höfingen|Ditzingen|Weilimdorf|Korntal|Neuwirtshaus(Porscheplatz)|Stuttgart-Zuffenhausen,8005770,Stuttgart-Feuerbach,Baden-Württemberg,Feuerbach,70469,9.169186287,48.81363554,3,2608241206,,2608241206,,,,,,,,,,,0.0,0.0
-3901454027336800522-2608241203-12,7431,2608241246,2608241247,1,,S,S4,Backnang|Burgstall(Murr)|Kirchberg(Murr)|Erdmannhausen|Marbach(Neckar)|Benningen(Neckar)|Freiberg(Neckar)|Favoritepark|Ludwigsburg|Kornwestheim Pbf|Stuttgart-Zuffenhausen,8005770,Stuttgart-Feuerbach,Baden-Württemberg,Feuerbach,70469,9.169186287,48.81363554,3,2608241247,,2608241247,,,,,,,,,,,1.0,0.0
8207272767207255575-2608241203-12,7631,2608241236,2608241236,1,,S,S6,Weil der Stadt|Malmsheim|Renningen|Rutesheim|Leonberg|Höfingen|Ditzingen|Weilimdorf|Korntal|Neuwirtshaus(Porscheplatz)|Stuttgart-Zuffenhausen,8005770,Stuttgart-Feuerbach,Baden-Württemberg,Feuerbach,70469,9.169186287,48.81363554,3,2608241236,,2608241237,,,,,,,,,,,0.0,1.0
-1546984613033739580-2608241246-4,7533,2608241256,2608241256,1,,S,S5,Ludwigsburg|Kornwestheim Pbf|Stuttgart-Zuffenhausen,8005770,Stuttgart-Feuerbach,Baden-Württemberg,Feuerbach,70469,9.169186287,48.81363554,3,2608241256,,2608241257,,,,,,,,,,,0.0,1.0
2847529868862505344-2608241216-4,7531,2608241226,2608241226,1,,S,S5,Ludwigsburg|Kornwestheim Pbf|Stuttgart-Zuffenhausen,8005770,Stuttgart-Feuerbach,Baden-Württemberg,Feuerbach,70469,9.169186287,48.81363554,3,2608241226,,2608241227,,,,,,,,,,,0.0,1.0
-8712801738662028770-2608241247-3,7630,2608241254,2608241254,2,,S,S6,Stuttgart Hbf|Stuttgart Nordbahnhof,8005770,Stuttgart-Feuerbach,Baden-Württemberg,Feuerbach,70469,9.169186287,48.81363554,3,2608241254,,2608241254,,,,,,,,,,,0.0,0.0
-2837347101663805561-2608241133-12,7429,2608241216,2608241217,1,,S,S4,Backnang|Burgstall(Murr)|Kirchberg(Murr)|Erdmannhausen|Marbach(Neckar)|Benningen(Neckar)|Freiberg(Neckar)|Favoritepark|Ludwigsburg|Kornwestheim Pbf|Stuttgart-Zuffenhausen,8005770,Stuttgart-Feuerbach,Baden-Württemberg,Feuerbach,70469,9.169186287,48.81363554,3,2608241217,,2608241218,,,,,,,,,,,1.0,1.0
-6319936848544854600-2608241220-11,7133,2608241252,2608241252,5,,S,S1,Kirchheim(Teck)|Kirchheim(Teck)-Ötlingen|Wendlingen(Neckar)|Wernau(Neckar)|Plochingen|Altbach|Esslingen-Zell|Oberesslingen|Esslingen(Neckar)|Esslingen-Mettingen,8005772,Stuttgart-Obertürkheim,Baden-Württemberg,Stuttgart,70329,9.268167932,48.76175015,4,2608241301,,2608241302,,,,,,,,,,,9.0,10.0
-513768940106917907-2608241155-5,7128,2608241207,2608241207,6,,S,S1,Stuttgart Hbf|Stuttgart-Bad Cannstatt|Stuttgart Neckarpark|Stuttgart-Untertürkheim,8005772,Stuttgart-Obertürkheim,Baden-Württemberg,Stuttgart,70329,9.268167932,48.76175015,4,2608241210,,2608241210,,,,,,,,,,,3.0,3.0
4736637014602700336-2608241150-11,7131,2608241222,2608241222,5,,S,S1,Kirchheim(Teck)|Kirchheim(Teck)-Ötlingen|Wendlingen(Neckar)|Wernau(Neckar)|Plochingen|Altbach|Esslingen-Zell|Oberesslingen|Esslingen(Neckar)|Esslingen-Mettingen,8005772,Stuttgart-Obertürkheim,Baden-Württemberg,Stuttgart,70329,9.268167932,48.76175015,4,2608241227,,2608241228,,,,,,,,,,,5.0,6.0
8539842934523735566-2608241225-5,7130,2608241237,2608241237,6,,S,S1,Stuttgart Hbf|Stuttgart-Bad Cannstatt|Stuttgart Neckarpark|Stuttgart-Untertürkheim,8005772,Stuttgart-Obertürkheim,Baden-Württemberg,Stuttgart,70329,9.268167932,48.76175015,4,2608241243,,2608241243,,,,,,,,,,,6.0,6.0
-6009105177500370961-2608241246-2,7731,2608241247,2608241253,2,,S,S1,Stuttgart-Vaihingen,8005773,Stuttgart-Rohr,Baden-Württemberg,Stuttgart,70565,9.108158025,48.71799427,4,2608241247,,2608241253,,,,,,,,,,,0.0,0.0
1327633295860803337-2608241205-2,7929,2608241206,2608241212,2,,S,S2,Stuttgart-Vaihingen,8005773,Stuttgart-Rohr,Baden-Württemberg,Stuttgart,70565,9.108158025,48.71799427,4,2608241206,,2608241212,,,,,,,,,,,0.0,0.0
1366968872886553177-2608241235-2,7931,2608241236,2608241242,2,,S,S2,Stuttgart-Vaihingen,8005773,Stuttgart-Rohr,Baden-Württemberg,Stuttgart,70565,9.108158025,48.71799427,4,2608241236,,2608241242,,,,,,,,,,,0.0,0.0
8432673047054651256-2608241233-6,7930,2608241248,2608241249,3,,S,S2,Filderstadt|Stuttgart Flughafen/Messe|Echterdingen|Leinfelden|Oberaichen,8005773,Stuttgart-Rohr,Baden-Württemberg,Stuttgart,70565,9.108158025,48.71799427,4,2608241248,,2608241249,,,,,,,,,,,0.0,0.0
2445452608426707839-2608241216-8,7732,2608241237,2608241238,3,,S,S1,Herrenberg|Nufringen|Gärtringen|Ehningen(b Böblingen)|Hulb|Böblingen|Goldberg(Württ),8005773,Stuttgart-Rohr,Baden-Württemberg,Stuttgart,70565,9.108158025,48.71799427,4,2608241240,,2608241241,,,,,,,,,,,3.0,3.0
4532240052029758882-2608241203-6,7928,2608241218,2608241219,3,,S,S2,Filderstadt|Stuttgart Flughafen/Messe|Echterdingen|Leinfelden|Oberaichen,8005773,Stuttgart-Rohr,Baden-Württemberg,Stuttgart,70565,9.108158025,48.71799427,4,2608241218,,2608241220,,,,,,,,,,,0.0,1.0
41668567353075799-2608241146-8,7730,2608241207,2608241208,3,,S,S1,Herrenberg|Nufringen|Gärtringen|Ehningen(b Böblingen)|Hulb|Böblingen|Goldberg(Württ),8005773,Stuttgart-Rohr,Baden-Württemberg,Stuttgart,70565,9.108158025,48.71799427,4,2608241209,,2608241209,,,,,,,,,,,2.0,1.0
-4529562227569715510-2608241216-2,7729,2608241217,2608241223,2,,S,S1,Stuttgart-Vaihingen,8005773,Stuttgart-Rohr,Baden-Württemberg,Stuttgart,70565,9.108158025,48.71799427,4,2608241217,,2608241223,,,,,,,,,,,0.0,0.0
7065870970937401033-2608241250-4,7230,2608241259,2608241259,4,,S,S2,Stuttgart Hbf|Stuttgart-Bad Cannstatt|Stuttgart Nürnberger Str.,8005774,Stuttgart-Sommerrain,Baden-Württemberg,Stuttgart,70374,9.248369749,48.81521824,5,2608241302,,2608241303,,h,1,Störung,,,,,,,3.0,4.0
5786472600680484262-2608241242-4,7330,2608241254,2608241254,4,,S,S3,Stuttgart Hbf|Stuttgart-Bad Cannstatt|Stuttgart Nürnberger Str.,8005774,Stuttgart-Sommerrain,Baden-Württemberg,Stuttgart,70374,9.248369749,48.81521824,5,2608241257,,2608241258,,,,,,,,,,,3.0,4.0
8851012744564607240-2608241211-9,7331,2608241235,2608241235,1,,S,S3,Backnang|Maubach|Nellmersbach|Winnenden|Schwaikheim|Neustadt-Hohenacker|Waiblingen|Fellbach,8005774,Stuttgart-Sommerrain,Baden-Württemberg,Stuttgart,70374,9.248369749,48.81521824,5,2608241237,,2608241238,,,,,,,,,,,2.0,3.0
-7250951253539911335-2608241133-12,7229,2608241200,2608241200,1,,S,S2,Schorndorf|Weiler(Rems)|Winterbach(b Schorndorf)|Geradstetten|Grunbach|Beutelsbach|Endersbach|Stetten-Beinstein|Rommelshausen|Waiblingen|Fellbach,8005774,Stuttgart-Sommerrain,Baden-Württemberg,Stuttgart,70374,9.248369749,48.81521824,5,2608241202,,2608241203,,h,1,Störung,,,,,,,2.0,3.0
-2732981563110923380-2608241203-12,7231,2608241230,2608241230,1,,S,S2,Schorndorf|Weiler(Rems)|Winterbach(b Schorndorf)|Geradstetten|Grunbach|Beutelsbach|Endersbach|Stetten-Beinstein|Rommelshausen|Waiblingen|Fellbach,8005774,Stuttgart-Sommerrain,Baden-Württemberg,Stuttgart,70374,9.248369749,48.81521824,5,2608241234,,2608241234,,h,1,Störung,,,,,,,4.0,4.0
-2751722865578801757-2608241220-4,7228,2608241229,2608241229,4,,S,S2,Stuttgart Hbf|Stuttgart-Bad Cannstatt|Stuttgart Nürnberger Str.,8005774,Stuttgart-Sommerrain,Baden-Württemberg,Stuttgart,70374,9.248369749,48.81521824,5,2608241236,,2608241239,,h,1,Störung,,,,,,,7.0,10.0
-3955134605586594139-2608241141-9,7329,2608241205,2608241205,1,,S,S3,Backnang|Maubach|Nellmersbach|Winnenden|Schwaikheim|Neustadt-Hohenacker|Waiblingen|Fellbach,8005774,Stuttgart-Sommerrain,Baden-Württemberg,Stuttgart,70374,9.248369749,48.81521824,5,2608241206,,2608241207,,,,,,,,,,,1.0,2.0
7638159005670329721-2608241212-4,7328,2608241224,2608241224,4,,S,S3,Stuttgart Hbf|Stuttgart-Bad Cannstatt|Stuttgart Nürnberger Str.,8005774,Stuttgart-Sommerrain,Baden-Württemberg,Stuttgart,70374,9.248369749,48.81521824,5,2608241232,,2608241234,,,,,,,,,,,8.0,10.0
-6319936848544854600-2608241220-12,7133,2608241255,2608241255,5,,S,S1,Kirchheim(Teck)|Kirchheim(Teck)-Ötlingen|Wendlingen(Neckar)|Wernau(Neckar)|Plochingen|Altbach|Esslingen-Zell|Oberesslingen|Esslingen(Neckar)|Esslingen-Mettingen|Stuttgart-Obertürkheim,8005775,Stuttgart-Untertürkheim Pbf,Baden-Württemberg,Stuttgart,70327,9.250467074,48.77984679,3,2608241304,,2608241304,,,,,,,,,,,9.0,9.0
-513768940106917907-2608241155-4,7128,2608241204,2608241204,6,,S,S1,Stuttgart Hbf|Stuttgart-Bad Cannstatt|Stuttgart Neckarpark,8005775,Stuttgart-Untertürkheim Pbf,Baden-Württemberg,Stuttgart,70327,9.250467074,48.77984679,3,2608241207,,2608241207,,,,,,,,,,,3.0,3.0
4736637014602700336-2608241150-12,7131,2608241225,2608241225,5,,S,S1,Kirchheim(Teck)|Kirchheim(Teck)-Ötlingen|Wendlingen(Neckar)|Wernau(Neckar)|Plochingen|Altbach|Esslingen-Zell|Oberesslingen|Esslingen(Neckar)|Esslingen-Mettingen|Stuttgart-Obertürkheim,8005775,Stuttgart-Untertürkheim Pbf,Baden-Württemberg,Stuttgart,70327,9.250467074,48.77984679,3,2608241230,,2608241230,,,,,,,,,,,5.0,5.0
8539842934523735566-2608241225-4,7130,2608241234,2608241234,6,,S,S1,Stuttgart Hbf|Stuttgart-Bad Cannstatt|Stuttgart Neckarpark,8005775,Stuttgart-Untertürkheim Pbf,Baden-Württemberg,Stuttgart,70327,9.250467074,48.77984679,3,2608241240,,2608241240,,,,,,,,,,,6.0,6.0
-6009105177500370961-2608241246-1,7731,,2608241246,,,S,S1,,8005776,Stuttgart-Vaihingen,Baden-Württemberg,Stuttgart,70563,9.113913368,48.72698116,3,,,2608241246,,,,,,,,,,,0.0,0.0
2137668365447796022-2608241203-2,28481,2608241218,2608241218,4,,RE,RESB,Stuttgart Hbf,8005776,Stuttgart-Vaihingen,Baden-Württemberg,Stuttgart,70563,9.113913368,48.72698116,3,2608241222,,2608241223,,,,,,,,,,,4.0,5.0
1327633295860803337-2608241205-1,7929,,2608241205,,,S,S2,,8005776,Stuttgart-Vaihingen,Baden-Württemberg,Stuttgart,70563,9.113913368,48.72698116,3,,,2608241205,6,,,,,,,,,,0.0,0.0
1366968872886553177-2608241235-1,7931,,2608241235,,,S,S2,,8005776,Stuttgart-Vaihingen,Baden-Württemberg,Stuttgart,70563,9.113913368,48.72698116,3,,,2608241235,,,,,,,,,,,0.0,0.0
8432673047054651256-2608241233-7,7930,2608241250,,2,,S,,Filderstadt|Stuttgart Flughafen/Messe|Echterdingen|Leinfelden|Oberaichen|Stuttgart-Rohr,8005776,Stuttgart-Vaihingen,Baden-Württemberg,Stuttgart,70563,9.113913368,48.72698116,3,2608241250,,,,,,,,,,,,,0.0,0.0
4286078100246831779-2608241217-2,17639,2608241231,2608241231,1,,RE,RE14a,Stuttgart Hbf,8005776,Stuttgart-Vaihingen,Baden-Württemberg,Stuttgart,70563,9.113913368,48.72698116,3,2608241234,4,2608241234,4,,,,,,,,,,3.0,3.0
2445452608426707839-2608241216-9,7732,2608241240,,3,,S,,Herrenberg|Nufringen|Gärtringen|Ehningen(b Böblingen)|Hulb|Böblingen|Goldberg(Württ)|Stuttgart-Rohr,8005776,Stuttgart-Vaihingen,Baden-Württemberg,Stuttgart,70563,9.113913368,48.72698116,3,2608241243,,,,,,,,,,,,,3.0,0.0
-567364517811325165-2608241217-2,17637,2608241231,2608241231,1,,RE,RE14b,Stuttgart Hbf,8005776,Stuttgart-Vaihingen,Baden-Württemberg,Stuttgart,70563,9.113913368,48.72698116,3,2608241234,4,2608241234,4,,,,,,,,,,3.0,3.0
6836109522047011990-2608241233-2,28480,2608241241,2608241241,4,,RE,RESB,Böblingen,8005776,Stuttgart-Vaihingen,Baden-Württemberg,Stuttgart,70563,9.113913368,48.72698116,3,2608241243,,2608241244,,,,,,,,,,,2.0,3.0
4532240052029758882-2608241203-7,7928,2608241220,,2,,S,,Filderstadt|Stuttgart Flughafen/Messe|Echterdingen|Leinfelden|Oberaichen|Stuttgart-Rohr,8005776,Stuttgart-Vaihingen,Baden-Württemberg,Stuttgart,70563,9.113913368,48.72698116,3,2608241221,,,,,,,,,,,,,1.0,0.0
41668567353075799-2608241146-9,7730,2608241210,,3,,S,,Herrenberg|Nufringen|Gärtringen|Ehningen(b Böblingen)|Hulb|Böblingen|Goldberg(Württ)|Stuttgart-Rohr,8005776,Stuttgart-Vaihingen,Baden-Württemberg,Stuttgart,70563,9.113913368,48.72698116,3,2608241211,,,,,,,,,,,,,1.0,0.0
-4529562227569715510-2608241216-1,7729,,2608241216,,,S,S1,,8005776,Stuttgart-Vaihingen,Baden-Württemberg,Stuttgart,70563,9.113913368,48.72698116,3,,,2608241216,,,,,,,,,,,0.0,0.0
7608028257592331283-2608241204-12,7029,2608241241,2608241241,2,,S,S60,Böblingen|Sindelfingen|Maichingen|Maichingen Nord|Magstadt|Renningen Süd|Renningen|Rutesheim|Leonberg|Höfingen|Ditzingen,8006268,Stuttgart-Weilimdorf,Baden-Württemberg,Stuttgart,70499,9.094370086,48.82208429,5,2608241241,,2608241242,,,,,,,,,,,0.0,1.0
6406318432251840082-2608241238-5,7034,2608241248,2608241248,1,,S,S60,Stuttgart-Feuerbach|Stuttgart-Zuffenhausen|Neuwirtshaus(Porscheplatz)|Korntal,8006268,Stuttgart-Weilimdorf,Baden-Württemberg,Stuttgart,70499,9.094370086,48.82208429,5,2608241248,,2608241248,,,,,,,,,,,0.0,0.0
-8922964933325247623-2608241233-8,7633,2608241256,2608241256,2,,S,S6,Weil der Stadt|Malmsheim|Renningen|Rutesheim|Leonberg|Höfingen|Ditzingen,8006268,Stuttgart-Weilimdorf,Baden-Württemberg,Stuttgart,70499,9.094370086,48.82208429,5,2608241256,,2608241257,,,,,,,,,,,0.0,1.0
8000735044124344027-2608241208-5,7032,2608241218,2608241218,1,,S,S60,Stuttgart-Feuerbach|Stuttgart-Zuffenhausen|Neuwirtshaus(Porscheplatz)|Korntal,8006268,Stuttgart-Weilimdorf,Baden-Württemberg,Stuttgart,70499,9.094370086,48.82208429,5,2608241219,,2608241220,,,,,,,,,,,1.0,2.0
-1086892456037719731-2608241217-7,7628,2608241233,2608241234,1,,S,S6,Stuttgart Hbf|Stuttgart Nordbahnhof|Stuttgart-Feuerbach|Stuttgart-Zuffenhausen|Neuwirtshaus(Porscheplatz)|Korntal,8006268,Stuttgart-Weilimdorf,Baden-Württemberg,Stuttgart,70499,9.094370086,48.82208429,5,2608241233,,2608241234,,,,,,,,,,,0.0,0.0
8203649348842138698-2608241147-7,7626,2608241203,2608241204,1,,S,S6,Stuttgart Hbf|Stuttgart Nordbahnhof|Stuttgart-Feuerbach|Stuttgart-Zuffenhausen|Neuwirtshaus(Porscheplatz)|Korntal,8006268,Stuttgart-Weilimdorf,Baden-Württemberg,Stuttgart,70499,9.094370086,48.82208429,5,2608241204,,2608241204,,,,,,,,,,,1.0,0.0
-2997586613667252816-2608241134-12,7027,2608241211,2608241211,2,,S,S60,Böblingen|Sindelfingen|Maichingen|Maichingen Nord|Magstadt|Renningen Süd|Renningen|Rutesheim|Leonberg|Höfingen|Ditzingen,8006268,Stuttgart-Weilimdorf,Baden-Württemberg,Stuttgart,70499,9.094370086,48.82208429,5,2608241211,,2608241212,,,,,,,,,,,0.0,1.0
8207272767207255575-2608241203-8,7631,2608241226,2608241226,2,,S,S6,Weil der Stadt|Malmsheim|Renningen|Rutesheim|Leonberg|Höfingen|Ditzingen,8006268,Stuttgart-Weilimdorf,Baden-Württemberg,Stuttgart,70499,9.094370086,48.82208429,5,2608241226,,2608241227,,,,,,,,,,,0.0,1.0
-7298917680991319195-2608241207-4,7426,2608241216,2608241217,4,,S,S4,Stuttgart Hbf|Stuttgart Nordbahnhof|Stuttgart-Feuerbach,8005778,Stuttgart-Zuffenhausen,Baden-Württemberg,Stuttgart,70435,9.167156375,48.82960884,3,2608241216,,2608241217,,,,,,,,,,,0.0,0.0
7608028257592331283-2608241204-15,7029,2608241248,2608241249,12,,S,S60,Böblingen|Sindelfingen|Maichingen|Maichingen Nord|Magstadt|Renningen Süd|Renningen|Rutesheim|Leonberg|Höfingen|Ditzingen|Weilimdorf|Korntal|Neuwirtshaus(Porscheplatz),8005778,Stuttgart-Zuffenhausen,Baden-Württemberg,Stuttgart,70435,9.167156375,48.82960884,3,2608241249,,2608241250,,,,,,,,,,,1.0,1.0
6406318432251840082-2608241238-2,7034,2608241241,2608241241,12,,S,S60,Stuttgart-Feuerbach,8005778,Stuttgart-Zuffenhausen,Baden-Württemberg,Stuttgart,70435,9.167156375,48.82960884,3,2608241241,,2608241240,,,,,,,,,,,0.0,-1.0
8000735044124344027-2608241208-2,7032,2608241211,2608241211,12,,S,S60,Stuttgart-Feuerbach,8005778,Stuttgart-Zuffenhausen,Baden-Württemberg,Stuttgart,70435,9.167156375,48.82960884,3,2608241212,,2608241211,,,,,,,,,,,1.0,0.0
123913387555218089-2608241237-4,7428,2608241246,2608241247,4,,S,S4,Stuttgart Hbf|Stuttgart Nordbahnhof|Stuttgart-Feuerbach,8005778,Stuttgart-Zuffenhausen,Baden-Württemberg,Stuttgart,70435,9.167156375,48.82960884,3,2608241246,,2608241247,,,,,,,,,,,0.0,0.0
-1086892456037719731-2608241217-4,7628,2608241226,2608241227,11,,S,S6,Stuttgart Hbf|Stuttgart Nordbahnhof|Stuttgart-Feuerbach,8005778,Stuttgart-Zuffenhausen,Baden-Württemberg,Stuttgart,70435,9.167156375,48.82960884,3,2608241226,,2608241227,,,,,,,,,,,0.0,0.0
-4867022663021090956-2608241157-4,7528,2608241206,2608241207,4,,S,S5,Stuttgart Hbf|Stuttgart Nordbahnhof|Stuttgart-Feuerbach,8005778,Stuttgart-Zuffenhausen,Baden-Württemberg,Stuttgart,70435,9.167156375,48.82960884,3,2608241206,,2608241207,,,,,,,,,,,0.0,0.0
1567608631073913309-2608241227-4,7530,2608241236,2608241237,4,,S,S5,Stuttgart Hbf|Stuttgart Nordbahnhof|Stuttgart-Feuerbach,8005778,Stuttgart-Zuffenhausen,Baden-Württemberg,Stuttgart,70435,9.167156375,48.82960884,3,2608241236,,2608241237,,,,,,,,,,,0.0,0.0
-2997586613667252816-2608241134-15,7027,2608241218,2608241219,12,,S,S60,Böblingen|Sindelfingen|Maichingen|Maichingen Nord|Magstadt|Renningen Süd|Renningen|Rutesheim|Leonberg|Höfingen|Ditzingen|Weilimdorf|Korntal|Neuwirtshaus(Porscheplatz),8005778,Stuttgart-Zuffenhausen,Baden-Württemberg,Stuttgart,70435,9.167156375,48.82960884,3,2608241218,,2608241219,,,,,,,,,,,0.0,0.0
6476044054617913836-2608241133-11,7629,2608241203,2608241204,12,,S,S6,Weil der Stadt|Malmsheim|Renningen|Rutesheim|Leonberg|Höfingen|Ditzingen|Weilimdorf|Korntal|Neuwirtshaus(Porscheplatz),8005778,Stuttgart-Zuffenhausen,Baden-Württemberg,Stuttgart,70435,9.167156375,48.82960884,3,2608241203,,2608241204,,,,,,,,,,,0.0,0.0
-3901454027336800522-2608241203-11,7431,2608241243,2608241244,2,,S,S4,Backnang|Burgstall(Murr)|Kirchberg(Murr)|Erdmannhausen|Marbach(Neckar)|Benningen(Neckar)|Freiberg(Neckar)|Favoritepark|Ludwigsburg|Kornwestheim Pbf,8005778,Stuttgart-Zuffenhausen,Baden-Württemberg,Stuttgart,70435,9.167156375,48.82960884,3,2608241244,,2608241245,,,,,,,,,,,1.0,1.0
8207272767207255575-2608241203-11,7631,2608241233,2608241234,12,,S,S6,Weil der Stadt|Malmsheim|Renningen|Rutesheim|Leonberg|Höfingen|Ditzingen|Weilimdorf|Korntal|Neuwirtshaus(Porscheplatz),8005778,Stuttgart-Zuffenhausen,Baden-Württemberg,Stuttgart,70435,9.167156375,48.82960884,3,2608241233,,2608241234,,,,,,,,,,,0.0,0.0
-1546984613033739580-2608241246-3,7533,2608241253,2608241254,2,,S,S5,Ludwigsburg|Kornwestheim Pbf,8005778,Stuttgart-Zuffenhausen,Baden-Württemberg,Stuttgart,70435,9.167156375,48.82960884,3,2608241254,,2608241254,,,,,,,,,,,1.0,0.0
2847529868862505344-2608241216-3,7531,2608241223,2608241224,2,,S,S5,Ludwigsburg|Kornwestheim Pbf,8005778,Stuttgart-Zuffenhausen,Baden-Württemberg,Stuttgart,70435,9.167156375,48.82960884,3,2608241223,,2608241224,,,,,,,,,,,0.0,0.0
-8712801738662028770-2608241247-4,7630,2608241256,2608241257,11,,S,S6,Stuttgart Hbf|Stuttgart Nordbahnhof|Stuttgart-Feuerbach,8005778,Stuttgart-Zuffenhausen,Baden-Württemberg,Stuttgart,70435,9.167156375,48.82960884,3,2608241256,,2608241257,,,,,,,,,,,0.0,0.0
-2837347101663805561-2608241133-11,7429,2608241213,2608241214,2,,S,S4,Backnang|Burgstall(Murr)|Kirchberg(Murr)|Erdmannhausen|Marbach(Neckar)|Benningen(Neckar)|Freiberg(Neckar)|Favoritepark|Ludwigsburg|Kornwestheim Pbf,8005778,Stuttgart-Zuffenhausen,Baden-Württemberg,Stuttgart,70435,9.167156375,48.82960884,3,2608241214,,2608241215,,,,,,,,,,,1.0,1.0
-97699751698418973-2608241241-7,7333,2608241259,2608241300,1,,S,S3,Backnang|Maubach|Nellmersbach|Winnenden|Schwaikheim|Neustadt-Hohenacker,8000180,Waiblingen,Baden-Württemberg,Waiblingen,71332,9.300476874,48.8262444,3,2608241300,,2608241301,,,,,,,,,,,1.0,1.0
-7749775710427008689-2608241038-18,88614,2608241251,2608241252,1,,ARV,RE90,Nürnberg Hbf|Roßtal|Heilsbronn|Wicklesgreuth|Ansbach|Leutershausen-Wiedersbach|Dombühl|Schnelldorf|Crailsheim|Eckartshausen-Ilshofen|Schwäbisch Hall-Hessental|Gaildorf West|Murrhardt|Sulzbach(Murr)|Oppenweiler(Württ)|Backnang|Winnenden,8000180,Waiblingen,Baden-Württemberg,Waiblingen,71332,9.300476874,48.8262444,3,2608241316,,2608241317,,,,,,,,,,,25.0,25.0
4152739802628459938-2608241155-3,17525,2608241206,2608241207,3,,RE,MEX90,Stuttgart Hbf|Stuttgart-Bad Cannstatt,8000180,Waiblingen,Baden-Württemberg,Waiblingen,71332,9.300476874,48.8262444,3,2608241214,,2608241215,,,,,,,,,,,8.0,8.0
5786472600680484262-2608241242-6,7330,2608241259,2608241300,3,,S,S3,Stuttgart Hbf|Stuttgart-Bad Cannstatt|Stuttgart Nürnberger Str.|Stuttgart-Sommerrain|Fellbach,8000180,Waiblingen,Baden-Württemberg,Waiblingen,71332,9.300476874,48.8262444,3,2608241302,,2608241303,,,,,,,,,,,3.0,3.0
8851012744564607240-2608241211-7,7331,2608241229,2608241230,1,,S,S3,Backnang|Maubach|Nellmersbach|Winnenden|Schwaikheim|Neustadt-Hohenacker,8000180,Waiblingen,Baden-Württemberg,Waiblingen,71332,9.300476874,48.8262444,3,2608241230,,2608241231,,,,,,,,,,,1.0,1.0
-2732981563110923380-2608241203-10,7231,2608241224,2608241225,5,,S,S2,Schorndorf|Weiler(Rems)|Winterbach(b Schorndorf)|Geradstetten|Grunbach|Beutelsbach|Endersbach|Stetten-Beinstein|Rommelshausen,8000180,Waiblingen,Baden-Württemberg,Waiblingen,71332,9.300476874,48.8262444,3,2608241229,,2608241230,,h,1,Störung,,,,,,,5.0,5.0
-2751722865578801757-2608241220-6,7228,2608241234,2608241235,7,,S,S2,Stuttgart Hbf|Stuttgart-Bad Cannstatt|Stuttgart Nürnberger Str.|Stuttgart-Sommerrain|Fellbach,8000180,Waiblingen,Baden-Württemberg,Waiblingen,71332,9.300476874,48.8262444,3,2608241244,,2608241244,,h,1,Störung,,,,,,,10.0,9.0
-1383251403817765975-2608241149-3,19415,2608241202,2608241202,6,,ARV,MEX13,Stuttgart Hbf|Stuttgart-Bad Cannstatt,8000180,Waiblingen,Baden-Württemberg,Waiblingen,71332,9.300476874,48.8262444,3,2608241225,,2608241226,,,,,,,,,,,23.0,24.0
8797923397467745795-2608241150-6,7226,2608241204,2608241205,7,,S,S2,Stuttgart Hbf|Stuttgart-Bad Cannstatt|Stuttgart Nürnberger Str.|Stuttgart-Sommerrain|Fellbach,8000180,Waiblingen,Baden-Württemberg,Waiblingen,71332,9.300476874,48.8262444,3,2608241205,,2608241205,,h,1,Störung,,,,,,,1.0,0.0
3177327826888597271-2608241233-10,7233,2608241254,2608241255,5,,S,S2,Schorndorf|Weiler(Rems)|Winterbach(b Schorndorf)|Geradstetten|Grunbach|Beutelsbach|Endersbach|Stetten-Beinstein|Rommelshausen,8000180,Waiblingen,Baden-Württemberg,Waiblingen,71332,9.300476874,48.8262444,3,2608241257,,2608241258,,h,1,Störung,,,,,,,3.0,3.0
9036342965798539047-2608241142-6,7326,2608241159,2608241200,3,,S,S3,Stuttgart Hbf|Stuttgart-Bad Cannstatt|Stuttgart Nürnberger Str.|Stuttgart-Sommerrain|Fellbach,8000180,Waiblingen,Baden-Württemberg,Waiblingen,71332,9.300476874,48.8262444,3,2608241159,,2608241200,,,,,,,,,,,0.0,0.0
-3860455667623039078-2608241220-3,19467,2608241232,2608241232,6,,ARV,MEX13,Stuttgart Hbf|Stuttgart-Bad Cannstatt,8000180,Waiblingen,Baden-Württemberg,Waiblingen,71332,9.300476874,48.8262444,3,2608241235,7,2608241235,7,,,,,,,,,,3.0,3.0
5345487978883829702-2608241207-10,19420,2608241258,2608241258,6,,ARV,MEX13,Aalen Hbf|Mögglingen(Gmünd)|Böbingen(Rems)|Schwäbisch Gmünd|Lorch(Württ)|Waldhausen(b Schorndorf)|Plüderhausen|Urbach(b Schorndorf)|Schorndorf,8000180,Waiblingen,Baden-Württemberg,Waiblingen,71332,9.300476874,48.8262444,3,2608241302,,2608241302,,,,,,,,,,,4.0,4.0
-3955134605586594139-2608241141-7,7329,2608241159,2608241200,1,,S,S3,Backnang|Maubach|Nellmersbach|Winnenden|Schwaikheim|Neustadt-Hohenacker,8000180,Waiblingen,Baden-Württemberg,Waiblingen,71332,9.300476874,48.8262444,3,2608241159,,2608241200,,,,,,,,,,,0.0,0.0
7638159005670329721-2608241212-6,7328,2608241229,2608241230,3,,S,S3,Stuttgart Hbf|Stuttgart-Bad Cannstatt|Stuttgart Nürnberger Str.|Stuttgart-Sommerrain|Fellbach,8000180,Waiblingen,Baden-Württemberg,Waiblingen,71332,9.300476874,48.8262444,3,2608241238,,2608241239,,,,,,,,,,,9.0,9.0
7732802453043643664-2608241111-16,19468,2608241228,2608241228,6,,ARV,MEX13,Ellwangen|Schrezheim|Schwabsberg|Goldshöfe|Hofen(b Aalen)|Wasseralfingen|Aalen Hbf|Mögglingen(Gmünd)|Böbingen(Rems)|Schwäbisch Gmünd|Lorch(Württ)|Waldhausen(b Schorndorf)|Plüderhausen|Urbach(b Schorndorf)|Schorndorf,8000180,Waiblingen,Baden-Württemberg,Waiblingen,71332,9.300476874,48.8262444,3,2608241233,,2608241234,,,,,,,,,,,5.0,6.0
-8922964933325247623-2608241233-1,7633,,2608241233,,,S,S6,,8006271,Weil der Stadt,Baden-Württemberg,Weil der Stadt,71263,8.873189074,48.7557357,4,,,2608241233,,,,,,,,,,,0.0,0.0
-4200348393846240809-2608241228-2,26150,2608241231,2608241233,141,,SWE,RB76,Renningen,8006271,Weil der Stadt,Baden-Württemberg,Weil der Stadt,71263,8.873189074,48.7557357,4,2608241232,,2608241233,,,,,,,,,,,1.0,0.0
-1086892456037719731-2608241217-14,7628,2608241257,,2,,S,,Stuttgart Hbf|Stuttgart Nordbahnhof|Stuttgart-Feuerbach|Stuttgart-Zuffenhausen|Neuwirtshaus(Porscheplatz)|Korntal|Weilimdorf|Ditzingen|Höfingen|Leonberg|Rutesheim|Renningen|Malmsheim,8006271,Weil der Stadt,Baden-Württemberg,Weil der Stadt,71263,8.873189074,48.7557357,4,2608241259,,,,,,,,,,,,,2.0,0.0
8203649348842138698-2608241147-14,7626,2608241227,,2,,S,,Stuttgart Hbf|Stuttgart Nordbahnhof|Stuttgart-Feuerbach|Stuttgart-Zuffenhausen|Neuwirtshaus(Porscheplatz)|Korntal|Weilimdorf|Ditzingen|Höfingen|Leonberg|Rutesheim|Renningen|Malmsheim,8006271,Weil der Stadt,Baden-Württemberg,Weil der Stadt,71263,8.873189074,48.7557357,4,2608241227,,,,,,,,,,,,,0.0,0.0
4661880634889542347-2608241226-5,26151,2608241244,2608241244,141,,SWE,RB76,Calw|Calw-Heumaden|Althengstett|Ostelsheim,8006271,Weil der Stadt,Baden-Württemberg,Weil der Stadt,71263,8.873189074,48.7557357,4,2608241244,,2608241244,,,,,,,,,,,0.0,0.0
8207272767207255575-2608241203-1,7631,,2608241203,,,S,S6,,8006271,Weil der Stadt,Baden-Württemberg,Weil der Stadt,71263,8.873189074,48.7557357,4,,,2608241203,,,,,,,,,,,0.0,0.0
-2732981563110923380-2608241203-2,7231,2608241206,2608241206,2,,S,S2,Schorndorf,8006277,Weiler (Rems),Baden-Württemberg,Schorndorf,76314,9.501891172,48.80034585,5,,2,,2,h,1,Störung,,,,,c,c,0.0,0.0
-2751722865578801757-2608241220-14,7228,2608241252,2608241252,1,,S,S2,Stuttgart Hbf|Stuttgart-Bad Cannstatt|Stuttgart Nürnberger Str.|Stuttgart-Sommerrain|Fellbach|Waiblingen|Rommelshausen|Stetten-Beinstein|Endersbach|Beutelsbach|Grunbach|Geradstetten|Winterbach(b Schorndorf),8006277,Weiler (Rems),Baden-Württemberg,Schorndorf,76314,9.501891172,48.80034585,5,2608241301,,2608241301,,h,1,Störung,,,,,,,9.0,9.0
8797923397467745795-2608241150-14,7226,2608241222,2608241222,1,,S,S2,Stuttgart Hbf|Stuttgart-Bad Cannstatt|Stuttgart Nürnberger Str.|Stuttgart-Sommerrain|Fellbach|Waiblingen|Rommelshausen|Stetten-Beinstein|Endersbach|Beutelsbach|Grunbach|Geradstetten|Winterbach(b Schorndorf),8006277,Weiler (Rems),Baden-Württemberg,Schorndorf,76314,9.501891172,48.80034585,5,2608241224,,2608241224,,h,1,Störung,,,,,,,2.0,2.0
3177327826888597271-2608241233-2,7233,2608241236,2608241236,2,,S,S2,Schorndorf,8006277,Weiler (Rems),Baden-Württemberg,Schorndorf,76314,9.501891172,48.80034585,5,2608241239,,2608241240,,h,1,Störung,,,,,,,3.0,4.0
3357210642239304181-2608241216-6,19230,2608241240,2608241241,1,,RE,MEX12,Reutlingen Hbf|Metzingen(Württ)|Bempflingen|Nürtingen|Oberboihingen,8006331,Wendlingen (Neckar),Baden-Württemberg,Wendlingen am Neckar,73240,9.373662098,48.67368917,3,2608241243,,2608241245,,,,,,,,,,,3.0,4.0
-8764646975376969217-2608241224-1,16055,,2608241224,,,RE,RE200,,8006331,Wendlingen (Neckar),Baden-Württemberg,Wendlingen am Neckar,73240,9.373662098,48.67368917,3,,,2608241224,,,,,,,,,,,0.0,0.0
6957530734426493367-2608241229-3,16056,2608241259,,3,,RE,,Ulm Hbf|Merklingen - Schwäbische Alb,8006331,Wendlingen (Neckar),Baden-Württemberg,Wendlingen am Neckar,73240,9.373662098,48.67368917,3,2608241300,,,,,,,,,,,,,1.0,0.0
-6319936848544854600-2608241220-3,7133,2608241227,2608241228,12,,S,S1,Kirchheim(Teck)|Kirchheim(Teck)-Ötlingen,8006331,Wendlingen (Neckar),Baden-Württemberg,Wendlingen am Neckar,73240,9.373662098,48.67368917,3,2608241227,,2608241229,,,,,,,,,,,0.0,1.0
8661285633611669203-2608241152-5,19221,2608241218,2608241218,2,,RE,MEX12,Stuttgart Hbf|Stuttgart-Bad Cannstatt|Esslingen(Neckar)|Plochingen,8006331,Wendlingen (Neckar),Baden-Württemberg,Wendlingen am Neckar,73240,9.373662098,48.67368917,3,2608241236,,2608241238,,,,,,,,,,,18.0,20.0
1692997485605395662-2608241250-3,7135,2608241257,2608241258,12,,S,S1,Kirchheim(Teck)|Kirchheim(Teck)-Ötlingen,8006331,Wendlingen (Neckar),Baden-Württemberg,Wendlingen am Neckar,73240,9.373662098,48.67368917,3,2608241257,,2608241258,,,,,,,,,,,0.0,0.0
-513768940106917907-2608241155-13,7128,2608241232,2608241233,11,,S,S1,Stuttgart Hbf|Stuttgart-Bad Cannstatt|Stuttgart Neckarpark|Stuttgart-Untertürkheim|Stuttgart-Obertürkheim|Esslingen-Mettingen|Esslingen(Neckar)|Oberesslingen|Esslingen-Zell|Altbach|Plochingen|Wernau(Neckar),8006331,Wendlingen (Neckar),Baden-Württemberg,Wendlingen am Neckar,73240,9.373662098,48.67368917,3,2608241234,,2608241234,,,,,,,,,,,2.0,1.0
240389329078028238-2608241125-13,7126,2608241202,2608241203,11,,S,S1,Stuttgart Hbf|Stuttgart-Bad Cannstatt|Stuttgart Neckarpark|Stuttgart-Untertürkheim|Stuttgart-Obertürkheim|Esslingen-Mettingen|Esslingen(Neckar)|Oberesslingen|Esslingen-Zell|Altbach|Plochingen|Wernau(Neckar),8006331,Wendlingen (Neckar),Baden-Württemberg,Wendlingen am Neckar,73240,9.373662098,48.67368917,3,2608241203,,2608241204,,,,,,,,,,,1.0,1.0
-6319936848544854600-2608241220-4,7133,2608241231,2608241231,1,,S,S1,Kirchheim(Teck)|Kirchheim(Teck)-Ötlingen|Wendlingen(Neckar),8006346,Wernau (Neckar),Baden-Württemberg,Wernau (Neckar),73249,9.413654423,48.69417221,4,2608241231,,2608241232,,,,,,,,,,,0.0,1.0
-513768940106917907-2608241155-12,7128,2608241228,2608241229,2,,S,S1,Stuttgart Hbf|Stuttgart-Bad Cannstatt|Stuttgart Neckarpark|Stuttgart-Untertürkheim|Stuttgart-Obertürkheim|Esslingen-Mettingen|Esslingen(Neckar)|Oberesslingen|Esslingen-Zell|Altbach|Plochingen,8006346,Wernau (Neckar),Baden-Württemberg,Wernau (Neckar),73249,9.413654423,48.69417221,4,2608241230,,2608241231,,,,,,,,,,,2.0,2.0
4736637014602700336-2608241150-4,7131,2608241201,2608241201,1,,S,S1,Kirchheim(Teck)|Kirchheim(Teck)-Ötlingen|Wendlingen(Neckar),8006346,Wernau (Neckar),Baden-Württemberg,Wernau (Neckar),73249,9.413654423,48.69417221,4,2608241202,,2608241202,,,,,,,,,,,1.0,1.0
8539842934523735566-2608241225-12,7130,2608241258,2608241259,2,,S,S1,Stuttgart Hbf|Stuttgart-Bad Cannstatt|Stuttgart Neckarpark|Stuttgart-Untertürkheim|Stuttgart-Obertürkheim|Esslingen-Mettingen|Esslingen(Neckar)|Oberesslingen|Esslingen-Zell|Altbach|Plochingen,8006346,Wernau (Neckar),Baden-Württemberg,Wernau (Neckar),73249,9.413654423,48.69417221,4,2608241303,,2608241303,,,,,,,,,,,5.0,4.0
-97699751698418973-2608241241-4,7333,2608241249,2608241250,3,,S,S3,Backnang|Maubach|Nellmersbach,8006479,Winnenden,Baden-Württemberg,Winnenden,71364,9.392155928,48.8795625,3,2608241251,,2608241251,,,,,,,,,,,2.0,1.0
-7749775710427008689-2608241038-17,88614,2608241244,2608241245,3,,ARV,RE90,Nürnberg Hbf|Roßtal|Heilsbronn|Wicklesgreuth|Ansbach|Leutershausen-Wiedersbach|Dombühl|Schnelldorf|Crailsheim|Eckartshausen-Ilshofen|Schwäbisch Hall-Hessental|Gaildorf West|Murrhardt|Sulzbach(Murr)|Oppenweiler(Württ)|Backnang,8006479,Winnenden,Baden-Württemberg,Winnenden,71364,9.392155928,48.8795625,3,2608241308,,2608241309,,,,,,,,,,,24.0,24.0
4152739802628459938-2608241155-4,17525,2608241213,2608241214,2,,RE,MEX90,Stuttgart Hbf|Stuttgart-Bad Cannstatt|Waiblingen,8006479,Winnenden,Baden-Württemberg,Winnenden,71364,9.392155928,48.8795625,3,2608241221,,2608241222,,,,,,,,,,,8.0,8.0
8851012744564607240-2608241211-4,7331,2608241219,2608241220,3,,S,S3,Backnang|Maubach|Nellmersbach,8006479,Winnenden,Baden-Württemberg,Winnenden,71364,9.392155928,48.8795625,3,2608241220,,2608241220,,,,,,,,,,,1.0,0.0
9036342965798539047-2608241142-9,7326,2608241209,2608241209,2,,S,S3,Stuttgart Hbf|Stuttgart-Bad Cannstatt|Stuttgart Nürnberger Str.|Stuttgart-Sommerrain|Fellbach|Waiblingen|Neustadt-Hohenacker|Schwaikheim,8006479,Winnenden,Baden-Württemberg,Winnenden,71364,9.392155928,48.8795625,3,2608241209,,2608241210,,,,,,,,,,,0.0,1.0
7638159005670329721-2608241212-9,7328,2608241239,2608241239,2,,S,S3,Stuttgart Hbf|Stuttgart-Bad Cannstatt|Stuttgart Nürnberger Str.|Stuttgart-Sommerrain|Fellbach|Waiblingen|Neustadt-Hohenacker|Schwaikheim,8006479,Winnenden,Baden-Württemberg,Winnenden,71364,9.392155928,48.8795625,3,2608241248,,2608241249,,,,,,,,,,,9.0,10.0
-2732981563110923380-2608241203-3,7231,2608241208,2608241208,1,,S,S2,Schorndorf|Weiler(Rems),8006485,Winterbach (b Schorndorf),Baden-Württemberg,Winterbach,73650,9.481549751,48.79842743,4,,1,,1,h,1,Störung,,,,,c,c,0.0,0.0
-2751722865578801757-2608241220-13,7228,2608241250,2608241250,2,,S,S2,Stuttgart Hbf|Stuttgart-Bad Cannstatt|Stuttgart Nürnberger Str.|Stuttgart-Sommerrain|Fellbach|Waiblingen|Rommelshausen|Stetten-Beinstein|Endersbach|Beutelsbach|Grunbach|Geradstetten,8006485,Winterbach (b Schorndorf),Baden-Württemberg,Winterbach,73650,9.481549751,48.79842743,4,2608241259,,2608241259,,h,1,Störung,,,,,,,9.0,9.0
8797923397467745795-2608241150-13,7226,2608241220,2608241220,2,,S,S2,Stuttgart Hbf|Stuttgart-Bad Cannstatt|Stuttgart Nürnberger Str.|Stuttgart-Sommerrain|Fellbach|Waiblingen|Rommelshausen|Stetten-Beinstein|Endersbach|Beutelsbach|Grunbach|Geradstetten,8006485,Winterbach (b Schorndorf),Baden-Württemberg,Winterbach,73650,9.481549751,48.79842743,4,2608241222,,2608241222,,h,1,Störung,,,,,,,2.0,2.0
3177327826888597271-2608241233-3,7233,2608241238,2608241238,1,,S,S2,Schorndorf|Weiler(Rems),8006485,Winterbach (b Schorndorf),Baden-Württemberg,Winterbach,73650,9.481549751,48.79842743,4,2608241241,,2608241242,,h,1,Störung,,,,,,,3.0,4.0
7608028257592331283-2608241204-5,7029,2608241213,2608241214,1,,S,S60,Böblingen|Sindelfingen|Maichingen|Maichingen Nord,8003807,Magstadt,Baden-Württemberg,Magstadt,71106,8.965315746,48.73616033,6,2608241214,,2608241215,,,,,,,,,,,1.0,1.0
-8244462081615470367-2608241234-5,7031,2608241243,2608241244,1,,S,S60,Böblingen|Sindelfingen|Maichingen|Maichingen Nord,8003807,Magstadt,Baden-Württemberg,Magstadt,71106,8.965315746,48.73616033,6,2608241246,,2608241247,,,,,,,,,,,3.0,3.0
8000735044124344027-2608241208-12,7032,2608241245,2608241245,2,,S,S60,Stuttgart-Feuerbach|Stuttgart-Zuffenhausen|Neuwirtshaus(Porscheplatz)|Korntal|Weilimdorf|Ditzingen|Höfingen|Leonberg|Rutesheim|Renningen|Renningen Süd,8003807,Magstadt,Baden-Württemberg,Magstadt,71106,8.965315746,48.73616033,6,2608241247,,2608241248,,,,,,,,,,,2.0,3.0
-5323490408373253678-2608241138-12,7030,2608241215,2608241215,2,,S,S60,Stuttgart-Feuerbach|Stuttgart-Zuffenhausen|Neuwirtshaus(Porscheplatz)|Korntal|Weilimdorf|Ditzingen|Höfingen|Leonberg|Rutesheim|Renningen|Renningen Süd,8003807,Magstadt,Baden-Württemberg,Magstadt,71106,8.965315746,48.73616033,6,2608241216,,2608241217,,,,,,,,,,,1.0,2.0
7608028257592331283-2608241204-4,7029,2608241211,2608241211,1,,S,S60,Böblingen|Sindelfingen|Maichingen,8003834,Maichingen Nord,Baden-Württemberg,Sindelfingen,71069,8.979416996,48.72750392,5,2608241212,,2608241213,,,,,,,,,,,1.0,2.0
-8244462081615470367-2608241234-4,7031,2608241241,2608241241,1,,S,S60,Böblingen|Sindelfingen|Maichingen,8003834,Maichingen Nord,Baden-Württemberg,Sindelfingen,71069,8.979416996,48.72750392,5,2608241244,,2608241244,,,,,,,,,,,3.0,3.0
8000735044124344027-2608241208-13,7032,2608241247,2608241247,2,,S,S60,Stuttgart-Feuerbach|Stuttgart-Zuffenhausen|Neuwirtshaus(Porscheplatz)|Korntal|Weilimdorf|Ditzingen|Höfingen|Leonberg|Rutesheim|Renningen|Renningen Süd|Magstadt,8003834,Maichingen Nord,Baden-Württemberg,Sindelfingen,71069,8.979416996,48.72750392,5,2608241249,,2608241249,,,,,,,,,,,2.0,2.0
-5323490408373253678-2608241138-13,7030,2608241217,2608241217,2,,S,S60,Stuttgart-Feuerbach|Stuttgart-Zuffenhausen|Neuwirtshaus(Porscheplatz)|Korntal|Weilimdorf|Ditzingen|Höfingen|Leonberg|Rutesheim|Renningen|Renningen Süd|Magstadt,8003834,Maichingen Nord,Baden-Württemberg,Sindelfingen,71069,8.979416996,48.72750392,5,2608241219,,2608241219,,,,,,,,,,,2.0,2.0
7608028257592331283-2608241204-3,7029,2608241209,2608241210,1,,S,S60,Böblingen|Sindelfingen,8003808,Maichingen,Baden-Württemberg,Sindelfingen,71069,8.969606704,48.72162074,6,2608241210,,2608241211,,,,,,,,,,,1.0,1.0
-8244462081615470367-2608241234-3,7031,2608241239,2608241240,1,,S,S60,Böblingen|Sindelfingen,8003808,Maichingen,Baden-Württemberg,Sindelfingen,71069,8.969606704,48.72162074,6,2608241241,,2608241243,,,,,,,,,,,2.0,3.0
8000735044124344027-2608241208-14,7032,2608241249,2608241249,1,,S,S60,Stuttgart-Feuerbach|Stuttgart-Zuffenhausen|Neuwirtshaus(Porscheplatz)|Korntal|Weilimdorf|Ditzingen|Höfingen|Leonberg|Rutesheim|Renningen|Renningen Süd|Magstadt|Maichingen Nord,8003808,Maichingen,Baden-Württemberg,Sindelfingen,71069,8.969606704,48.72162074,6,2608241251,,2608241251,,,,,,,,,,,2.0,2.0
-5323490408373253678-2608241138-14,7030,2608241219,2608241219,1,,S,S60,Stuttgart-Feuerbach|Stuttgart-Zuffenhausen|Neuwirtshaus(Porscheplatz)|Korntal|Weilimdorf|Ditzingen|Höfingen|Leonberg|Rutesheim|Renningen|Renningen Süd|Magstadt|Maichingen Nord,8003808,Maichingen,Baden-Württemberg,Sindelfingen,71069,8.969606704,48.72162074,6,2608241220,,2608241221,,,,,,,,,,,1.0,2.0
7608028257592331283-2608241204-6,7029,2608241217,2608241218,1,,S,S60,Böblingen|Sindelfingen|Maichingen|Maichingen Nord|Magstadt,8005001,Renningen Süd,Baden-Württemberg,Renningen,71272,8.932068278,48.76261937,6,2608241218,,2608241219,,,,,,,,,,,1.0,1.0
-8244462081615470367-2608241234-6,7031,2608241247,2608241248,1,,S,S60,Böblingen|Sindelfingen|Maichingen|Maichingen Nord|Magstadt,8005001,Renningen Süd,Baden-Württemberg,Renningen,71272,8.932068278,48.76261937,6,2608241250,,2608241251,,,,,,,,,,,3.0,3.0
8000735044124344027-2608241208-11,7032,2608241241,2608241241,2,,S,S60,Stuttgart-Feuerbach|Stuttgart-Zuffenhausen|Neuwirtshaus(Porscheplatz)|Korntal|Weilimdorf|Ditzingen|Höfingen|Leonberg|Rutesheim|Renningen,8005001,Renningen Süd,Baden-Württemberg,Renningen,71272,8.932068278,48.76261937,6,2608241242,,2608241244,,,,,,,,,,,1.0,3.0
-5323490408373253678-2608241138-11,7030,2608241211,2608241211,2,,S,S60,Stuttgart-Feuerbach|Stuttgart-Zuffenhausen|Neuwirtshaus(Porscheplatz)|Korntal|Weilimdorf|Ditzingen|Höfingen|Leonberg|Rutesheim|Renningen,8005001,Renningen Süd,Baden-Württemberg,Renningen,71272,8.932068278,48.76261937,6,2608241212,,2608241213,,,,,,,,,,,1.0,2.0
