ID,train_number,planned_arrival,planned_departure,planned_platform,planned_status,category_train,train,path,eva_nr,station_name,station_state,station_city,station_zipcode,station_long,station_lat,station_category,changed_arrival,changed_platform_arrival,changed_departure,changed_platform_departure,message_status,priority,info,arrival_hidden,departure_hidden,arrival_path,departure_path,arrival_status,departure_status,arrival_delay_m,departure_delay_m
177633655577527440-2608161020-6,7125,2608161039,2608161040,3,,S,S1,Kirchheim(Teck)|Kirchheim(Teck)-Ötlingen|Wendlingen(Neckar)|Wernau(Neckar)|Plochingen,8000508,Altbach,Baden-Württemberg,Altbach,73776,9.382434033,48.72031354,3,2608161040,,2608161040,,,,,,,,,,,1.0,0.0
1883247737282704559-2608160950-6,7123,2608161009,2608161010,3,,S,S1,Kirchheim(Teck)|Kirchheim(Teck)-Ötlingen|Wendlingen(Neckar)|Wernau(Neckar)|Plochingen,8000508,Altbach,Baden-Württemberg,Altbach,73776,9.382434033,48.72031354,3,2608161009,,2608161010,,,,,,,,,,,0.0,0.0
1948316409304944114-2608160955-10,7120,2608161020,2608161020,4,,S,S1,Stuttgart Hbf|Stuttgart-Bad Cannstatt|Stuttgart Neckarpark|Stuttgart-Untertürkheim|Stuttgart-Obertürkheim|Esslingen-Mettingen|Esslingen(Neckar)|Oberesslingen|Esslingen-Zell,8000508,Altbach,Baden-Württemberg,Altbach,73776,9.382434033,48.72031354,3,2608161020,,2608161021,,,,,,,,,,,0.0,1.0
-3857622875781178481-2608161025-10,7122,2608161050,2608161050,4,,S,S1,Stuttgart Hbf|Stuttgart-Bad Cannstatt|Stuttgart Neckarpark|Stuttgart-Untertürkheim|Stuttgart-Obertürkheim|Esslingen-Mettingen|Esslingen(Neckar)|Oberesslingen|Esslingen-Zell,8000508,Altbach,Baden-Württemberg,Altbach,73776,9.382434033,48.72031354,3,2608161050,,2608161050,,,,,,,,,,,0.0,0.0
2637647456829895544-2608161027-6,7522,2608161047,2608161047,4,,S,S5,Stuttgart Hbf|Stuttgart Nordbahnhof|Stuttgart-Zuffenhausen|Kornwestheim Pbf|Ludwigsburg,8000630,Asperg,Baden-Württemberg,Asperg,71679,9.147977466,48.90725609,4,2608161047,,2608161047,,,,,,,,,,,0.0,0.0
-5620146281814356081-2608160957-6,7520,2608161017,2608161017,4,,S,S5,Stuttgart Hbf|Stuttgart Nordbahnhof|Stuttgart-Zuffenhausen|Kornwestheim Pbf|Ludwigsburg,8000630,Asperg,Baden-Württemberg,Asperg,71679,9.147977466,48.90725609,4,2608161017,,2608161018,,,,,,,,,,,0.0,1.0
-2816280450857318747-2608161037-3,7525,2608161042,2608161043,3,,S,S5,Bietigheim-Bissingen|Tamm(Württ),8000630,Asperg,Baden-Württemberg,Asperg,71679,9.147977466,48.90725609,4,2608161043,,2608161043,,,,,,,,,,,1.0,0.0
2034483306873440959-2608161007-3,7523,2608161012,2608161013,3,,S,S5,Bietigheim-Bissingen|Tamm(Württ),8000630,Asperg,Baden-Württemberg,Asperg,71679,9.147977466,48.90725609,4,2608161012,,2608161013,,,,,,,,,,,0.0,0.0
-3343549403744548318-2608161007-13,7418,2608161052,,1,,S,,Stuttgart Hbf|Stuttgart Nordbahnhof|Stuttgart-Zuffenhausen|Kornwestheim Pbf|Ludwigsburg|Favoritepark|Freiberg(Neckar)|Benningen(Neckar)|Marbach(Neckar)|Erdmannhausen|Kirchberg(Murr)|Burgstall(Murr),8000016,Backnang,Baden-Württemberg,Backnang,71522,9.425986107,48.94264844,3,2608161052,,,,,,,,,,,,,0.0,0.0
-4634912281199144241-2608160937-13,7416,2608161022,,1,,S,,Stuttgart Hbf|Stuttgart Nordbahnhof|Stuttgart-Zuffenhausen|Kornwestheim Pbf|Ludwigsburg|Favoritepark|Freiberg(Neckar)|Benningen(Neckar)|Marbach(Neckar)|Erdmannhausen|Kirchberg(Murr)|Burgstall(Murr),8000016,Backnang,Baden-Württemberg,Backnang,71522,9.425986107,48.94264844,3,2608161022,,,,,,,,,,,,,0.0,0.0
-3819715688037003939-2608161033-1,7425,,2608161033,,,S,S4,,8000016,Backnang,Baden-Württemberg,Backnang,71522,9.425986107,48.94264844,3,,,2608161033,,h,1,Bauarbeiten,,,,,,,0.0,0.0
-7426539360191391345-2608161003-1,7423,,2608161003,,,S,S4,,8000016,Backnang,Baden-Württemberg,Backnang,71522,9.425986107,48.94264844,3,,,2608161004,,h,1,Bauarbeiten,,,,,,,0.0,1.0
-11958238630127999-2608160931-7,17524,2608161006,,3,,RB,,Gaildorf West|Fichtenberg|Fornsbach|Murrhardt|Sulzbach(Murr)|Oppenweiler(Württ),8000016,Backnang,Baden-Württemberg,Backnang,71522,9.425986107,48.94264844,3,2608161007,4,,,,,,,,,,,,1.0,0.0
7865685729445651076-2608161041-1,7325,,2608161041,,,S,S3,,8000016,Backnang,Baden-Württemberg,Backnang,71522,9.425986107,48.94264844,3,,,2608161043,,,,,,,,,,,0.0,2.0
-3458122613243093077-2608161011-1,7323,,2608161011,,,S,S3,,8000016,Backnang,Baden-Württemberg,Backnang,71522,9.425986107,48.94264844,3,,,2608161011,,,,,,,,,,,0.0,0.0
-8732112204278142844-2608160942-12,7318,2608161018,,5,,S,,Stuttgart Hbf|Stuttgart-Bad Cannstatt|Stuttgart Nürnberger Str.|Stuttgart-Sommerrain|Fellbach|Waiblingen|Neustadt-Hohenacker|Schwaikheim|Winnenden|Nellmersbach|Maubach,8000016,Backnang,Baden-Württemberg,Backnang,71522,9.425986107,48.94264844,3,2608161019,,,,,,,,,,,,,1.0,0.0
-6715721537604275903-2608160955-5,17519,2608161020,2608161021,4,,RE,MEX90,Stuttgart Hbf|Stuttgart-Bad Cannstatt|Waiblingen|Winnenden,8000016,Backnang,Baden-Württemberg,Backnang,71522,9.425986107,48.94264844,3,2608161024,2,2608161024,2,h,1,Störung,,,,,,,4.0,3.0
-4267535904323231498-2608161052-1,17521,,2608161052,,,RB,MEX19,,8000016,Backnang,Baden-Württemberg,Backnang,71522,9.425986107,48.94264844,3,,,2608161052,4,h,1,Störung,,,,,,,0.0,0.0
-1019192569521427354-2608161008-5,89694,2608161036,2608161038,,,ARV,90,Gaildorf West|Murrhardt|Sulzbach(Murr)|Oppenweiler(Württ),8000016,Backnang,Baden-Württemberg,Backnang,71522,9.425986107,48.94264844,3,2608161040,3,2608161041,3,,,,,,,,,,4.0,3.0
3369645008221624491-2608161012-12,7320,2608161048,,5,,S,,Stuttgart Hbf|Stuttgart-Bad Cannstatt|Stuttgart Nürnberger Str.|Stuttgart-Sommerrain|Fellbach|Waiblingen|Neustadt-Hohenacker|Schwaikheim|Winnenden|Nellmersbach|Maubach,8000016,Backnang,Baden-Württemberg,Backnang,71522,9.425986107,48.94264844,3,2608161048,,,,,,,,,,,,,0.0,0.0
-3343549403744548318-2608161007-8,7418,2608161032,2608161033,1,,S,S4,Stuttgart Hbf|Stuttgart Nordbahnhof|Stuttgart-Zuffenhausen|Kornwestheim Pbf|Ludwigsburg|Favoritepark|Freiberg(Neckar),8000873,Benningen (Neckar),Baden-Württemberg,Benningen am Neckar,71726,9.244299075,48.94379773,5,2608161032,,2608161033,,,,,,,,,,,0.0,0.0
-4634912281199144241-2608160937-8,7416,2608161002,2608161003,1,,S,S4,Stuttgart Hbf|Stuttgart Nordbahnhof|Stuttgart-Zuffenhausen|Kornwestheim Pbf|Ludwigsburg|Favoritepark|Freiberg(Neckar),8000873,Benningen (Neckar),Baden-Württemberg,Benningen am Neckar,71726,9.244299075,48.94379773,5,2608161004,,2608161005,,,,,,,,,,,2.0,2.0
-3819715688037003939-2608161033-6,7425,2608161057,2608161057,2,,S,S4,Backnang|Burgstall(Murr)|Kirchberg(Murr)|Erdmannhausen|Marbach(Neckar),8000873,Benningen (Neckar),Baden-Württemberg,Benningen am Neckar,71726,9.244299075,48.94379773,5,2608161057,,2608161057,,h,1,Bauarbeiten,,,,,,,0.0,0.0
-7426539360191391345-2608161003-6,7423,2608161027,2608161027,2,,S,S4,Backnang|Burgstall(Murr)|Kirchberg(Murr)|Erdmannhausen|Marbach(Neckar),8000873,Benningen (Neckar),Baden-Württemberg,Benningen am Neckar,71726,9.244299075,48.94379773,5,2608161027,,2608161027,,h,1,Bauarbeiten,,,,,,,0.0,0.0
-5490136514049086248-2608160950-10,7218,2608161013,2608161013,1,,S,S2,Stuttgart Hbf|Stuttgart-Bad Cannstatt|Stuttgart Nürnberger Str.|Stuttgart-Sommerrain|Fellbach|Waiblingen|Rommelshausen|Stetten-Beinstein|Endersbach,8000934,Beutelsbach,Baden-Württemberg,Weinstadt,71384,9.38551589,48.81038925,5,2608161015,,2608161016,,h,1,Bauarbeiten,,,,,,,2.0,3.0
-5744741285825368478-2608161003-6,7223,2608161015,2608161015,2,,S,S2,Schorndorf|Weiler(Rems)|Winterbach(b Schorndorf)|Geradstetten|Grunbach,8000934,Beutelsbach,Baden-Württemberg,Weinstadt,71384,9.38551589,48.81038925,5,2608161017,,2608161017,,h,1,Bauarbeiten,,,,,,,2.0,2.0
1693494407392386618-2608161033-6,7225,2608161045,2608161045,2,,S,S2,Schorndorf|Weiler(Rems)|Winterbach(b Schorndorf)|Geradstetten|Grunbach,8000934,Beutelsbach,Baden-Württemberg,Weinstadt,71384,9.38551589,48.81038925,5,2608161047,,2608161048,,h,1,Bauarbeiten,,,,,,,2.0,3.0
6322126178978866702-2608161020-10,7220,2608161043,2608161043,1,,S,S2,Stuttgart Hbf|Stuttgart-Bad Cannstatt|Stuttgart Nürnberger Str.|Stuttgart-Sommerrain|Fellbach|Waiblingen|Rommelshausen|Stetten-Beinstein|Endersbach,8000934,Beutelsbach,Baden-Württemberg,Weinstadt,71384,9.38551589,48.81038925,5,2608161043,,2608161044,,h,1,Bauarbeiten,,,,,,,0.0,1.0
8183356673298008292-2608161014-12,19513,2608161050,,,,RE,,Pforzheim Hbf|Eutingen(Baden)|Niefern|Enzberg|Mühlacker|Mühlacker Rößlesweg|Illingen(Württ)|Vaihingen(Enz)|Sersheim|Sachsenheim|Ellental,8000038,Bietigheim-Bissingen,Baden-Württemberg,Bietigheim-Bissingen,74321,9.137217396,48.94794988,2,2608161055,7,,,,,,,,,,,,5.0,0.0
6580298858393909831-2608161006-3,20167,2608161040,2608161044,,,ARV,8,Neckarsulm|Heilbronn Hbf,8000038,Bietigheim-Bissingen,Baden-Württemberg,Bietigheim-Bissingen,74321,9.137217396,48.94794988,2,2608161042,8,2608161045,8,,,,,,,,,,2.0,1.0
2637647456829895544-2608161027-8,7522,2608161054,,,,S,,Stuttgart Hbf|Stuttgart Nordbahnhof|Stuttgart-Zuffenhausen|Kornwestheim Pbf|Ludwigsburg|Asperg|Tamm(Württ),8000038,Bietigheim-Bissingen,Baden-Württemberg,Bietigheim-Bissingen,74321,9.137217396,48.94794988,2,2608161054,6,,,,,,,,,,,,0.0,0.0
-6216038552461869631-2608160912-5,19310,2608160959,2608161000,10,,RE,MEX18,Plochingen|Esslingen(Neckar)|Kornwestheim Pbf|Ludwigsburg,8000038,Bietigheim-Bissingen,Baden-Württemberg,Bietigheim-Bissingen,74321,9.137217396,48.94794988,2,2608160959,,2608161000,,h,2,Störung,,,,,,,0.0,0.0
-5620146281814356081-2608160957-8,7520,2608161024,,,,S,,Stuttgart Hbf|Stuttgart Nordbahnhof|Stuttgart-Zuffenhausen|Kornwestheim Pbf|Ludwigsburg|Asperg|Tamm(Württ),8000038,Bietigheim-Bissingen,Baden-Württemberg,Bietigheim-Bissingen,74321,9.137217396,48.94794988,2,2608161024,6,,,,,,,,,,,,0.0,0.0
-5758371317786012481-2608160916-12,19224,2608161035,2608161036,10,,RE,MEX12,Reutlingen Hbf|Metzingen(Württ)|Bempflingen|Nürtingen|Oberboihingen|Wendlingen(Neckar)|Plochingen|Esslingen(Neckar)|Stuttgart-Bad Cannstatt|Stuttgart Hbf|Ludwigsburg,8000038,Bietigheim-Bissingen,Baden-Württemberg,Bietigheim-Bissingen,74321,9.137217396,48.94794988,2,,,,,h,2,Bauarbeiten,,,,,c,c,0.0,0.0
-5756918192603943382-2608161033-1,19558,,2608161033,,,RE,MEX17,,8000038,Bietigheim-Bissingen,Baden-Württemberg,Bietigheim-Bissingen,74321,9.137217396,48.94794988,2,,,2608161034,7,,,,,,,,,,0.0,1.0
344214791470740999-2608160944-12,19551,2608161024,,3,,RE,,Pforzheim Hbf|Eutingen(Baden)|Niefern|Enzberg|Mühlacker|Mühlacker Rößlesweg|Illingen(Württ)|Vaihingen(Enz)|Sersheim|Sachsenheim|Ellental,8000038,Bietigheim-Bissingen,Baden-Württemberg,Bietigheim-Bissingen,74321,9.137217396,48.94794988,2,2608161026,7,,,,,,,,,,,,2.0,0.0
-2870695086041838255-2608161030-7,19315,2608161055,2608161057,8,,RE,MEX18,Heilbronn Hbf|Nordheim(Württ)|Lauffen(Neckar)|Kirchheim(Neckar)|Walheim(Württ)|Besigheim,8000038,Bietigheim-Bissingen,Baden-Württemberg,Bietigheim-Bissingen,74321,9.137217396,48.94794988,2,2608161059,,2608161100,,h,2,Störung,,,,,,,4.0,3.0
-7277928509881216765-2608161012-5,19312,2608161059,2608161100,10,,RE,MEX18,Plochingen|Esslingen(Neckar)|Kornwestheim Pbf|Ludwigsburg,8000038,Bietigheim-Bissingen,Baden-Württemberg,Bietigheim-Bissingen,74321,9.137217396,48.94794988,2,2608161059,,2608161100,,,,,,,,,,,0.0,0.0
3786605840865622139-2608161004-1,19508,,2608161004,,,RE,MEX17,,8000038,Bietigheim-Bissingen,Baden-Württemberg,Bietigheim-Bissingen,74321,9.137217396,48.94794988,2,,,2608161004,,,,,,,,,,,0.0,0.0
3811011350811106561-2608161005-2,74482,2608161012,2608161015,,,ARV,8,Ludwigsburg,8000038,Bietigheim-Bissingen,Baden-Württemberg,Bietigheim-Bissingen,74321,9.137217396,48.94794988,2,2608161013,10,2608161015,10,,,,,,,,,,1.0,0.0
-2816280450857318747-2608161037-1,7525,,2608161037,,,S,S5,,8000038,Bietigheim-Bissingen,Baden-Württemberg,Bietigheim-Bissingen,74321,9.137217396,48.94794988,2,,,2608161037,6,,,,,,,,,,0.0,0.0
-8881926522168146299-2608161015-4,88230,2608161042,2608161044,7,,RB,RB79,Stuttgart Hbf|Kornwestheim Pbf|Ludwigsburg,8000038,Bietigheim-Bissingen,Baden-Württemberg,Bietigheim-Bissingen,74321,9.137217396,48.94794988,2,2608161042,,2608161045,,,,,,,,,,,0.0,1.0
2034483306873440959-2608161007-1,7523,,2608161007,,,S,S5,,8000038,Bietigheim-Bissingen,Baden-Württemberg,Bietigheim-Bissingen,74321,9.137217396,48.94794988,2,,,2608161007,6,,,,,,,,,,0.0,0.0
3860500769095963-2608160957-7,19219,2608161022,2608161025,8,,RE,MEX12,Heilbronn Hbf|Nordheim(Württ)|Lauffen(Neckar)|Kirchheim(Neckar)|Walheim(Württ)|Besigheim,8000038,Bietigheim-Bissingen,Baden-Württemberg,Bietigheim-Bissingen,74321,9.137217396,48.94794988,2,2608161025,,2608161027,,h,2,Bauarbeiten,,,,,,,3.0,2.0
-8458505806919274372-2608161032-12,8085,2608161055,,1,,WEG,,Dettenhausen|Weil im Schönbuch Untere Halde|Weil im Schönbuch Röte|Weil im Schönbuch Troppel|Holzgerlingen Buch|Holzgerlingen Bf|Holzgerlingen Hülben|Böblingen Zimmerschlag|Böblingen Heusteigstr|Böblingen Südbf|Böblingen Danziger Str,8001055,Böblingen,Baden-Württemberg,Böblingen,71034,9.004531864,48.68784871,3,2608161055,,,,,,,,,,,,,0.0,0.0
-818110883220454222-2608161004-1,7021,,2608161004,,,S,S60,,8001055,Böblingen,Baden-Württemberg,Böblingen,71034,9.004531864,48.68784871,3,,,2608161005,,h,1,Bauarbeiten,,,,,,,0.0,1.0
-3500147189403182024-2608161033-1,28476,,2608161033,,,RE,RESB,,8001055,Böblingen,Baden-Württemberg,Böblingen,71034,9.004531864,48.68784871,3,,,2608161037,,,,,,,,,,,0.0,4.0
4974850166012956417-2608161018-3,17633,2608161038,2608161039,5,,RE,RE14a,Stuttgart Hbf|Stuttgart-Vaihingen,8001055,Böblingen,Baden-Württemberg,Böblingen,71034,9.004531864,48.68784871,3,2608161043,,2608161044,,h,2,Bauarbeiten,,,,,,,5.0,5.0
1917902183543807700-2608161016-6,7724,2608161030,2608161030,3,,S,S1,Herrenberg|Nufringen|Gärtringen|Ehningen(b Böblingen)|Hulb,8001055,Böblingen,Baden-Württemberg,Böblingen,71034,9.004531864,48.68784871,3,2608161035,,2608161039,,,,,,,,,,,5.0,9.0
-1847248070514684324-2608161002-12,8081,2608161025,,1,,WEG,,Dettenhausen|Weil im Schönbuch Untere Halde|Weil im Schönbuch Röte|Weil im Schönbuch Troppel|Holzgerlingen Buch|Holzgerlingen Bf|Holzgerlingen Hülben|Böblingen Zimmerschlag|Böblingen Heusteigstr|Böblingen Südbf|Böblingen Danziger Str,8001055,Böblingen,Baden-Württemberg,Böblingen,71034,9.004531864,48.68784871,3,2608161025,,,,,,,,,,,,,0.0,0.0
-4602932826430641321-2608161009-7,7022,2608161026,,5,,S,,Renningen|Renningen Süd|Magstadt|Maichingen Nord|Maichingen|Sindelfingen,8001055,Böblingen,Baden-Württemberg,Böblingen,71034,9.004531864,48.68784871,3,2608161026,,,,h,1,Bauarbeiten,,,,,,,0.0,0.0
6607066274476454956-2608160946-4,7719,2608161000,2608161000,4,,S,S1,Stuttgart-Vaihingen|Stuttgart-Rohr|Goldberg(Württ),8001055,Böblingen,Baden-Württemberg,Böblingen,71034,9.004531864,48.68784871,3,2608161005,,2608161005,,,,,,,,,,,5.0,5.0
8110242699970459420-2608161016-4,7721,2608161030,2608161030,4,,S,S1,Stuttgart-Vaihingen|Stuttgart-Rohr|Goldberg(Württ),8001055,Böblingen,Baden-Württemberg,Böblingen,71034,9.004531864,48.68784871,3,2608161031,,2608161032,,,,,,,,,,,1.0,2.0
1993789997728727754-2608161035-1,8084,,2608161035,,,WEG,RB46,,8001055,Böblingen,Baden-Württemberg,Böblingen,71034,9.004531864,48.68784871,3,,,2608161036,,,,,,,,,,,0.0,1.0
-5123000102184120400-2608161018-3,17631,2608161038,2608161039,5,,RE,RE14b,Stuttgart Hbf|Stuttgart-Vaihingen,8001055,Böblingen,Baden-Württemberg,Böblingen,71034,9.004531864,48.68784871,3,2608161043,,2608161044,,,,,,,,,,,5.0,5.0
-7159944107729803246-2608160946-6,7722,2608161000,2608161000,3,,S,S1,Herrenberg|Nufringen|Gärtringen|Ehningen(b Böblingen)|Hulb,8001055,Böblingen,Baden-Württemberg,Böblingen,71034,9.004531864,48.68784871,3,2608161003,,2608161004,,,,,,,,,,,3.0,4.0
-9083652337873788305-2608161039-7,7024,2608161056,,5,,S,,Renningen|Renningen Süd|Magstadt|Maichingen Nord|Maichingen|Sindelfingen,8001055,Böblingen,Baden-Württemberg,Böblingen,71034,9.004531864,48.68784871,3,2608161057,,,,h,1,Bauarbeiten,,,,,,,1.0,0.0
4240560713859352915-2608161003-3,28477,2608161026,,2,,RE,,Stuttgart Hbf|Stuttgart-Vaihingen,8001055,Böblingen,Baden-Württemberg,Böblingen,71034,9.004531864,48.68784871,3,2608161029,,,,,,,,,,,,,3.0,0.0
3048898510936720568-2608161005-1,8080,,2608161005,,,WEG,RB46,,8001055,Böblingen,Baden-Württemberg,Böblingen,71034,9.004531864,48.68784871,3,,,2608161005,,,,,,,,,,,0.0,0.0
-8184927979055909549-2608161034-1,7023,,2608161034,,,S,S60,,8001055,Böblingen,Baden-Württemberg,Böblingen,71034,9.004531864,48.68784871,3,,,2608161037,,h,1,Bauarbeiten,,,,,,,0.0,3.0
-3343549403744548318-2608161007-12,7418,2608161047,2608161047,1,,S,S4,Stuttgart Hbf|Stuttgart Nordbahnhof|Stuttgart-Zuffenhausen|Kornwestheim Pbf|Ludwigsburg|Favoritepark|Freiberg(Neckar)|Benningen(Neckar)|Marbach(Neckar)|Erdmannhausen|Kirchberg(Murr),8001296,Burgstall (Murr),Baden-Württemberg,Burgstetten,71576,9.36973562,48.92851826,6,2608161047,,2608161047,,,,,,,,,,,0.0,0.0
-4634912281199144241-2608160937-12,7416,2608161017,2608161017,1,,S,S4,Stuttgart Hbf|Stuttgart Nordbahnhof|Stuttgart-Zuffenhausen|Kornwestheim Pbf|Ludwigsburg|Favoritepark|Freiberg(Neckar)|Benningen(Neckar)|Marbach(Neckar)|Erdmannhausen|Kirchberg(Murr),8001296,Burgstall (Murr),Baden-Württemberg,Burgstetten,71576,9.36973562,48.92851826,6,2608161017,,2608161018,,,,,,,,,,,0.0,1.0
-3819715688037003939-2608161033-2,7425,2608161037,2608161038,1,,S,S4,Backnang,8001296,Burgstall (Murr),Baden-Württemberg,Burgstetten,71576,9.36973562,48.92851826,6,2608161037,,2608161038,,h,1,Bauarbeiten,,,,,,,0.0,0.0
-7426539360191391345-2608161003-2,7423,2608161007,2608161008,1,,S,S4,Backnang,8001296,Burgstall (Murr),Baden-Württemberg,Burgstetten,71576,9.36973562,48.92851826,6,2608161008,,2608161009,,h,1,Bauarbeiten,,,,,,,1.0,1.0
4020522159033593992-2608160955-6,7618,2608161006,2608161006,2,,S,S6,Stuttgart-Feuerbach|Stuttgart-Zuffenhausen|Neuwirtshaus(Porscheplatz)|Korntal|Weilimdorf,8001476,Ditzingen,Baden-Württemberg,Ditzingen,71254,9.067095186,48.82358726,4,2608161006,,2608161006,,h,1,Bauarbeiten,,,,,,,0.0,0.0
2950375177003534264-2608161003-7,7623,2608161024,2608161024,3,,S,S6,Weil der Stadt|Malmsheim|Renningen|Rutesheim|Leonberg|Höfingen,8001476,Ditzingen,Baden-Württemberg,Ditzingen,71254,9.067095186,48.82358726,4,2608161024,,2608161024,,h,1,Bauarbeiten,,,,,,,0.0,0.0
-6402095136362730142-2608161033-7,7625,2608161054,2608161054,3,,S,S6,Weil der Stadt|Malmsheim|Renningen|Rutesheim|Leonberg|Höfingen,8001476,Ditzingen,Baden-Württemberg,Ditzingen,71254,9.067095186,48.82358726,4,2608161055,,2608161055,,h,1,Bauarbeiten,,,,,,,1.0,1.0
-7308031673454482833-2608161025-6,7620,2608161036,2608161036,2,,S,S6,Stuttgart-Feuerbach|Stuttgart-Zuffenhausen|Neuwirtshaus(Porscheplatz)|Korntal|Weilimdorf,8001476,Ditzingen,Baden-Württemberg,Ditzingen,71254,9.067095186,48.82358726,4,2608161037,,2608161037,,h,1,Bauarbeiten,,,,,,,1.0,1.0
-3867769801434859350-2608161005-5,7921,2608161019,2608161020,1,,S,S2,Stuttgart-Vaihingen|Stuttgart-Rohr|Oberaichen|Leinfelden,8001650,Echterdingen,Baden-Württemberg,Echterdingen,70771,9.169307175,48.69214787,4,2608161019,,2608161020,,,,,,,,,,,0.0,0.0
-7735602986433921995-2608161003-3,7920,2608161010,2608161010,2,,S,S2,Filderstadt|Stuttgart Flughafen/Messe,8001650,Echterdingen,Baden-Württemberg,Echterdingen,70771,9.169307175,48.69214787,4,2608161010,,2608161010,,,,,,,,,,,0.0,0.0
5278700897666031421-2608161033-3,7922,2608161040,2608161040,2,,S,S2,Filderstadt|Stuttgart Flughafen/Messe,8001650,Echterdingen,Baden-Württemberg,Echterdingen,70771,9.169307175,48.69214787,4,2608161040,,2608161040,,,,,,,,,,,0.0,0.0
2563876153402645266-2608161035-5,7923,2608161049,2608161050,1,,S,S2,Stuttgart-Vaihingen|Stuttgart-Rohr|Oberaichen|Leinfelden,8001650,Echterdingen,Baden-Württemberg,Echterdingen,70771,9.169307175,48.69214787,4,2608161054,,2608161055,,,,,,,,,,,5.0,5.0
1917902183543807700-2608161016-4,7724,2608161025,2608161025,1,,S,S1,Herrenberg|Nufringen|Gärtringen,8001689,Ehningen (b Böblingen),Baden-Württemberg,Ehningen,71139,8.944310368,48.66275549,4,2608161029,,2608161030,,,,,,,,,,,4.0,5.0
6607066274476454956-2608160946-6,7719,2608161005,2608161005,2,,S,S1,Stuttgart-Vaihingen|Stuttgart-Rohr|Goldberg(Württ)|Böblingen|Hulb,8001689,Ehningen (b Böblingen),Baden-Württemberg,Ehningen,71139,8.944310368,48.66275549,4,2608161010,,2608161010,,,,,,,,,,,5.0,5.0
8110242699970459420-2608161016-6,7721,2608161035,2608161035,2,,S,S1,Stuttgart-Vaihingen|Stuttgart-Rohr|Goldberg(Württ)|Böblingen|Hulb,8001689,Ehningen (b Böblingen),Baden-Württemberg,Ehningen,71139,8.944310368,48.66275549,4,2608161036,,2608161037,,,,,,,,,,,1.0,2.0
1836435062166220832-2608161046-4,7726,2608161055,2608161055,1,,S,S1,Herrenberg|Nufringen|Gärtringen,8001689,Ehningen (b Böblingen),Baden-Württemberg,Ehningen,71139,8.944310368,48.66275549,4,2608161057,,2608161058,,,,,,,,,,,2.0,3.0
-5490136514049086248-2608160950-9,7218,2608161011,2608161011,2,,S,S2,Stuttgart Hbf|Stuttgart-Bad Cannstatt|Stuttgart Nürnberger Str.|Stuttgart-Sommerrain|Fellbach|Waiblingen|Rommelshausen|Stetten-Beinstein,8001785,Endersbach,Baden-Württemberg,Weinstadt,71384,9.370192421,48.81317323,4,2608161014,,2608161014,,h,1,Bauarbeiten,,,,,,,3.0,3.0
-5744741285825368478-2608161003-7,7223,2608161017,2608161017,3,,S,S2,Schorndorf|Weiler(Rems)|Winterbach(b Schorndorf)|Geradstetten|Grunbach|Beutelsbach,8001785,Endersbach,Baden-Württemberg,Weinstadt,71384,9.370192421,48.81317323,4,2608161018,,2608161019,,h,1,Bauarbeiten,,,,,,,1.0,2.0
1693494407392386618-2608161033-7,7225,2608161047,2608161047,3,,S,S2,Schorndorf|Weiler(Rems)|Winterbach(b Schorndorf)|Geradstetten|Grunbach|Beutelsbach,8001785,Endersbach,Baden-Württemberg,Weinstadt,71384,9.370192421,48.81317323,4,2608161049,,2608161049,,h,1,Bauarbeiten,,,,,,,2.0,2.0
6322126178978866702-2608161020-9,7220,2608161041,2608161041,2,,S,S2,Stuttgart Hbf|Stuttgart-Bad Cannstatt|Stuttgart Nürnberger Str.|Stuttgart-Sommerrain|Fellbach|Waiblingen|Rommelshausen|Stetten-Beinstein,8001785,Endersbach,Baden-Württemberg,Weinstadt,71384,9.370192421,48.81317323,4,2608161041,,2608161042,,h,1,Bauarbeiten,,,,,,,0.0,1.0
-3343549403744548318-2608161007-10,7418,2608161040,2608161040,1,,S,S4,Stuttgart Hbf|Stuttgart Nordbahnhof|Stuttgart-Zuffenhausen|Kornwestheim Pbf|Ludwigsburg|Favoritepark|Freiberg(Neckar)|Benningen(Neckar)|Marbach(Neckar),8001827,Erdmannhausen,Baden-Württemberg,Erdmannhausen,71729,9.298930848,48.9483447,6,2608161040,,2608161041,,,,,,,,,,,0.0,1.0
-4634912281199144241-2608160937-10,7416,2608161010,2608161010,1,,S,S4,Stuttgart Hbf|Stuttgart Nordbahnhof|Stuttgart-Zuffenhausen|Kornwestheim Pbf|Ludwigsburg|Favoritepark|Freiberg(Neckar)|Benningen(Neckar)|Marbach(Neckar),8001827,Erdmannhausen,Baden-Württemberg,Erdmannhausen,71729,9.298930848,48.9483447,6,2608161011,,2608161012,,,,,,,,,,,1.0,2.0
-3819715688037003939-2608161033-4,7425,2608161047,2608161048,1,,S,S4,Backnang|Burgstall(Murr)|Kirchberg(Murr),8001827,Erdmannhausen,Baden-Württemberg,Erdmannhausen,71729,9.298930848,48.9483447,6,2608161048,,2608161049,,h,1,Bauarbeiten,,,,,,,1.0,1.0
-7426539360191391345-2608161003-4,7423,2608161017,2608161018,1,,S,S4,Backnang|Burgstall(Murr)|Kirchberg(Murr),8001827,Erdmannhausen,Baden-Württemberg,Erdmannhausen,71729,9.298930848,48.9483447,6,2608161018,,2608161018,,h,1,Bauarbeiten,,,,,,,1.0,0.0
-8095609924560248805-2608161037-2,4213,2608161046,2608161049,5,,RE,RE5,Stuttgart Hbf,8001920,Esslingen (Neckar),Baden-Württemberg,Esslingen am Neckar,73728,9.300578149,48.73854148,3,2608161048,,2608161049,,h,2,Störung,,,,,,,2.0,0.0
-1202781486977583710-2608160819-4,1010,2608161007,2608161009,3,,ICE,,München Hbf|Augsburg Hbf|Ulm Hbf,8001920,Esslingen (Neckar),Baden-Württemberg,Esslingen am Neckar,73728,9.300578149,48.73854148,3,2608161007,6,2608161010,6,h,1,Störung,,,,,,,0.0,1.0
-3540947591964287655-2608160930-10,19313,2608161034,2608161035,6,,RE,MEX18,Heilbronn Hbf|Nordheim(Württ)|Lauffen(Neckar)|Kirchheim(Neckar)|Walheim(Württ)|Besigheim|Bietigheim-Bissingen|Ludwigsburg|Kornwestheim Pbf,8001920,Esslingen (Neckar),Baden-Württemberg,Esslingen am Neckar,73728,9.300578149,48.73854148,3,2608161101,5,2608161102,5,c,,,,,,,,,27.0,27.0
5828379386631724042-2608161016-8,19226,2608161054,2608161055,3,,RE,MEX12,Reutlingen Hbf|Metzingen(Württ)|Bempflingen|Nürtingen|Oberboihingen|Wendlingen(Neckar)|Plochingen,8001920,Esslingen (Neckar),Baden-Württemberg,Esslingen am Neckar,73728,9.300578149,48.73854148,3,2608161100,7,2608161100,7,h,2,Bauarbeiten,,,,,p,p,6.0,5.0
-4173515961480171343-2608160836-20,19128,2608161001,2608161002,3,,ARV,16,Ulm Hbf|Beimerstetten|Westerstetten|Lonsee|Urspring|Amstetten(Württ)|Geislingen(Steige)|Geislingen(Steige)West|Kuchen|Gingen(Fils)|Süßen|Salach|Eislingen(Fils)|Göppingen|Faurndau|Uhingen|Ebersbach(Fils)|Reichenbach(Fils)|Plochingen,8001920,Esslingen (Neckar),Baden-Württemberg,Esslingen am Neckar,73728,9.300578149,48.73854148,3,2608161001,,2608161002,,,,,,,,,,,0.0,0.0
1234179832557474006-2608161042-3,19133,2608161053,2608161054,5,,ARV,16,Stuttgart Hbf|Stuttgart-Bad Cannstatt,8001920,Esslingen (Neckar),Baden-Württemberg,Esslingen am Neckar,73728,9.300578149,48.73854148,3,2608161054,,2608161054,,,,,,,,,,,1.0,0.0
2153401900494581782-2608160857-11,19217,2608161003,2608161005,6,,RE,MEX12,Heilbronn Hbf|Nordheim(Württ)|Lauffen(Neckar)|Kirchheim(Neckar)|Walheim(Württ)|Besigheim|Bietigheim-Bissingen|Ludwigsburg|Stuttgart Hbf|Stuttgart-Bad Cannstatt,8001920,Esslingen (Neckar),Baden-Württemberg,Esslingen am Neckar,73728,9.300578149,48.73854148,3,,,,,h,2,Bauarbeiten,,,,,c,c,0.0,0.0
9042395260942796037-2608160810-6,117,2608160958,2608161000,5,,ICE,,Frankfurt(Main)Hbf|Darmstadt Hbf|Bensheim|Weinheim(Bergstr)Hbf|Heidelberg Hbf,8001920,Esslingen (Neckar),Baden-Württemberg,Esslingen am Neckar,73728,9.300578149,48.73854148,3,2608160958,,2608161000,,,,,,,,,,,0.0,0.0
7217641967291303467-2608161004-3,19131,2608161015,2608161015,5,,ARV,16,Stuttgart Hbf|Stuttgart-Bad Cannstatt,8001920,Esslingen (Neckar),Baden-Württemberg,Esslingen am Neckar,73728,9.300578149,48.73854148,3,2608161015,,2608161016,,,,,,,,,,,0.0,1.0
-5628776902806503379-2608160902-5,568,2608161056,2608161058,3,,ICE,,München Hbf|München-Pasing|Augsburg Hbf|Ulm Hbf,8001920,Esslingen (Neckar),Baden-Württemberg,Esslingen am Neckar,73728,9.300578149,48.73854148,3,,,,,h,1,Information,,,,,c,c,0.0,0.0
-7277928509881216765-2608161012-2,19312,2608161022,2608161023,3,,RE,MEX18,Plochingen,8001920,Esslingen (Neckar),Baden-Württemberg,Esslingen am Neckar,73728,9.300578149,48.73854148,3,2608161019,,2608161023,,,,,,,,,,,-3.0,0.0
177633655577527440-2608161020-9,7125,2608161047,2608161047,7,,S,S1,Kirchheim(Teck)|Kirchheim(Teck)-Ötlingen|Wendlingen(Neckar)|Wernau(Neckar)|Plochingen|Altbach|Esslingen-Zell|Oberesslingen,8001920,Esslingen (Neckar),Baden-Württemberg,Esslingen am Neckar,73728,9.300578149,48.73854148,3,2608161047,,2608161048,,,,,,,,,,,0.0,1.0
-5166403716311055485-2608160948-14,19130,2608161040,2608161040,3,,ARV,16,Geislingen(Steige)|Geislingen(Steige)West|Kuchen|Gingen(Fils)|Süßen|Salach|Eislingen(Fils)|Göppingen|Faurndau|Uhingen|Ebersbach(Fils)|Reichenbach(Fils)|Plochingen,8001920,Esslingen (Neckar),Baden-Württemberg,Esslingen am Neckar,73728,9.300578149,48.73854148,3,2608161040,2,2608161042,2,,,,,,,,,,0.0,2.0
1883247737282704559-2608160950-9,7123,2608161017,2608161017,7,,S,S1,Kirchheim(Teck)|Kirchheim(Teck)-Ötlingen|Wendlingen(Neckar)|Wernau(Neckar)|Plochingen|Altbach|Esslingen-Zell|Oberesslingen,8001920,Esslingen (Neckar),Baden-Württemberg,Esslingen am Neckar,73728,9.300578149,48.73854148,3,2608161017,,2608161018,,,,,,,,,,,0.0,1.0
1948316409304944114-2608160955-7,7120,2608161012,2608161013,8,,S,S1,Stuttgart Hbf|Stuttgart-Bad Cannstatt|Stuttgart Neckarpark|Stuttgart-Untertürkheim|Stuttgart-Obertürkheim|Esslingen-Mettingen,8001920,Esslingen (Neckar),Baden-Württemberg,Esslingen am Neckar,73728,9.300578149,48.73854148,3,2608161013,,2608161014,,,,,,,,,,,1.0,1.0
-3857622875781178481-2608161025-7,7122,2608161042,2608161043,8,,S,S1,Stuttgart Hbf|Stuttgart-Bad Cannstatt|Stuttgart Neckarpark|Stuttgart-Untertürkheim|Stuttgart-Obertürkheim|Esslingen-Mettingen,8001920,Esslingen (Neckar),Baden-Württemberg,Esslingen am Neckar,73728,9.300578149,48.73854148,3,2608161042,,2608161043,,,,,,,,,,,0.0,0.0
1257902799455838334-2608160806-12,4208,2608161012,2608161013,3,,RE,RE5,Friedrichshafen Stadt|Meckenbeuren|Ravensburg|Aulendorf|Bad Schussenried|Biberach(Riß)|Laupheim West|Ulm Hbf|Geislingen(Steige)|Göppingen|Plochingen,8001920,Esslingen (Neckar),Baden-Württemberg,Esslingen am Neckar,73728,9.300578149,48.73854148,3,2608161012,,2608161014,,h,2,Störung,,,,,,,0.0,1.0
177633655577527440-2608161020-10,7125,2608161049,2608161050,3,,S,S1,Kirchheim(Teck)|Kirchheim(Teck)-Ötlingen|Wendlingen(Neckar)|Wernau(Neckar)|Plochingen|Altbach|Esslingen-Zell|Oberesslingen|Esslingen(Neckar),8001921,Esslingen-Mettingen,Baden-Württemberg,Esslingen am Neckar,73733,9.275799007,48.74696655,3,2608161050,,2608161051,,,,,,,,,,,1.0,1.0
1883247737282704559-2608160950-10,7123,2608161019,2608161020,3,,S,S1,Kirchheim(Teck)|Kirchheim(Teck)-Ötlingen|Wendlingen(Neckar)|Wernau(Neckar)|Plochingen|Altbach|Esslingen-Zell|Oberesslingen|Esslingen(Neckar),8001921,Esslingen-Mettingen,Baden-Württemberg,Esslingen am Neckar,73733,9.275799007,48.74696655,3,2608161020,,2608161020,,,,,,,,,,,1.0,0.0
1948316409304944114-2608160955-6,7120,2608161009,2608161009,4,,S,S1,Stuttgart Hbf|Stuttgart-Bad Cannstatt|Stuttgart Neckarpark|Stuttgart-Untertürkheim|Stuttgart-Obertürkheim,8001921,Esslingen-Mettingen,Baden-Württemberg,Esslingen am Neckar,73733,9.275799007,48.74696655,3,2608161011,,2608161011,,,,,,,,,,,2.0,2.0
-3857622875781178481-2608161025-6,7122,2608161039,2608161039,4,,S,S1,Stuttgart Hbf|Stuttgart-Bad Cannstatt|Stuttgart Neckarpark|Stuttgart-Untertürkheim|Stuttgart-Obertürkheim,8001921,Esslingen-Mettingen,Baden-Württemberg,Esslingen am Neckar,73733,9.275799007,48.74696655,3,2608161039,,2608161040,,,,,,,,,,,0.0,1.0
177633655577527440-2608161020-7,7125,2608161042,2608161042,3,,S,S1,Kirchheim(Teck)|Kirchheim(Teck)-Ötlingen|Wendlingen(Neckar)|Wernau(Neckar)|Plochingen|Altbach,8006642,Esslingen-Zell,Baden-Württemberg,Esslingen am Neckar,73730,9.359739507,48.72436142,3,2608161042,,2608161042,,,,,,,,,,,0.0,0.0
1883247737282704559-2608160950-7,7123,2608161012,2608161012,3,,S,S1,Kirchheim(Teck)|Kirchheim(Teck)-Ötlingen|Wendlingen(Neckar)|Wernau(Neckar)|Plochingen|Altbach,8006642,Esslingen-Zell,Baden-Württemberg,Esslingen am Neckar,73730,9.359739507,48.72436142,3,2608161012,,2608161012,,,,,,,,,,,0.0,0.0
1948316409304944114-2608160955-9,7120,2608161017,2608161018,4,,S,S1,Stuttgart Hbf|Stuttgart-Bad Cannstatt|Stuttgart Neckarpark|Stuttgart-Untertürkheim|Stuttgart-Obertürkheim|Esslingen-Mettingen|Esslingen(Neckar)|Oberesslingen,8006642,Esslingen-Zell,Baden-Württemberg,Esslingen am Neckar,73730,9.359739507,48.72436142,3,2608161018,,2608161019,,,,,,,,,,,1.0,1.0
-3857622875781178481-2608161025-9,7122,2608161047,2608161048,4,,S,S1,Stuttgart Hbf|Stuttgart-Bad Cannstatt|Stuttgart Neckarpark|Stuttgart-Untertürkheim|Stuttgart-Obertürkheim|Esslingen-Mettingen|Esslingen(Neckar)|Oberesslingen,8006642,Esslingen-Zell,Baden-Württemberg,Esslingen am Neckar,73730,9.359739507,48.72436142,3,2608161047,,2608161048,,,,,,,,,,,0.0,0.0
-3343549403744548318-2608161007-6,7418,2608161026,2608161026,1,,S,S4,Stuttgart Hbf|Stuttgart Nordbahnhof|Stuttgart-Zuffenhausen|Kornwestheim Pbf|Ludwigsburg,8001967,Favoritepark,Baden-Württemberg,Ludwigsburg,71634,9.180574277,48.90948451,5,2608161026,,2608161027,,,,,,,,,,,0.0,1.0
-7426539360191391345-2608161003-8,7423,2608161033,2608161034,2,,S,S4,Backnang|Burgstall(Murr)|Kirchberg(Murr)|Erdmannhausen|Marbach(Neckar)|Benningen(Neckar)|Freiberg(Neckar),8001967,Favoritepark,Baden-Württemberg,Ludwigsburg,71634,9.180574277,48.90948451,5,2608161033,,2608161034,,h,1,Bauarbeiten,,,,,,,0.0,0.0
-5601830997423128751-2608160933-8,7421,2608161003,2608161004,2,,S,S4,Backnang|Burgstall(Murr)|Kirchberg(Murr)|Erdmannhausen|Marbach(Neckar)|Benningen(Neckar)|Freiberg(Neckar),8001967,Favoritepark,Baden-Württemberg,Ludwigsburg,71634,9.180574277,48.90948451,5,2608161004,,2608161004,,h,1,Bauarbeiten,,,,,,,1.0,0.0
1159985668244142556-2608161037-6,7420,2608161056,2608161056,1,,S,S4,Stuttgart Hbf|Stuttgart Nordbahnhof|Stuttgart-Zuffenhausen|Kornwestheim Pbf|Ludwigsburg,8001967,Favoritepark,Baden-Württemberg,Ludwigsburg,71634,9.180574277,48.90948451,5,2608161057,,2608161058,,,,,,,,,,,1.0,2.0
-5490136514049086248-2608160950-5,7218,2608161001,2608161002,1,,S,S2,Stuttgart Hbf|Stuttgart-Bad Cannstatt|Stuttgart Nürnberger Str.|Stuttgart-Sommerrain,8001974,Fellbach,Baden-Württemberg,Fellbach,70736,9.270645988,48.8202936,3,2608161004,,2608161005,,h,1,Bauarbeiten,,,,,,,3.0,3.0
-5744741285825368478-2608161003-11,7223,2608161027,2608161028,4,,S,S2,Schorndorf|Weiler(Rems)|Winterbach(b Schorndorf)|Geradstetten|Grunbach|Beutelsbach|Endersbach|Stetten-Beinstein|Rommelshausen|Waiblingen,8001974,Fellbach,Baden-Württemberg,Fellbach,70736,9.270645988,48.8202936,3,2608161028,,2608161028,,h,1,Bauarbeiten,,,,,,,1.0,0.0
1693494407392386618-2608161033-11,7225,2608161057,2608161058,4,,S,S2,Schorndorf|Weiler(Rems)|Winterbach(b Schorndorf)|Geradstetten|Grunbach|Beutelsbach|Endersbach|Stetten-Beinstein|Rommelshausen|Waiblingen,8001974,Fellbach,Baden-Württemberg,Fellbach,70736,9.270645988,48.8202936,3,2608161059,,2608161100,,h,1,Bauarbeiten,,,,,,,2.0,2.0
2619334060544690076-2608160941-8,7321,2608161002,2608161003,4,,S,S3,Backnang|Maubach|Nellmersbach|Winnenden|Schwaikheim|Neustadt-Hohenacker|Waiblingen,8001974,Fellbach,Baden-Württemberg,Fellbach,70736,9.270645988,48.8202936,3,2608161003,,2608161004,,,,,,,,,,,1.0,1.0
-3458122613243093077-2608161011-8,7323,2608161032,2608161033,4,,S,S3,Backnang|Maubach|Nellmersbach|Winnenden|Schwaikheim|Neustadt-Hohenacker|Waiblingen,8001974,Fellbach,Baden-Württemberg,Fellbach,70736,9.270645988,48.8202936,3,2608161032,,2608161033,,,,,,,,,,,0.0,0.0
4518629887515619781-2608161042-5,7322,2608161056,2608161057,1,,S,S3,Stuttgart Hbf|Stuttgart-Bad Cannstatt|Stuttgart Nürnberger Str.|Stuttgart-Sommerrain,8001974,Fellbach,Baden-Württemberg,Fellbach,70736,9.270645988,48.8202936,3,2608161056,,2608161057,,,,,,,,,,,0.0,0.0
6322126178978866702-2608161020-5,7220,2608161031,2608161032,1,,S,S2,Stuttgart Hbf|Stuttgart-Bad Cannstatt|Stuttgart Nürnberger Str.|Stuttgart-Sommerrain,8001974,Fellbach,Baden-Württemberg,Fellbach,70736,9.270645988,48.8202936,3,2608161032,,2608161032,,h,1,Bauarbeiten,,,,,,,1.0,0.0
3369645008221624491-2608161012-5,7320,2608161026,2608161027,1,,S,S3,Stuttgart Hbf|Stuttgart-Bad Cannstatt|Stuttgart Nürnberger Str.|Stuttgart-Sommerrain,8001974,Fellbach,Baden-Württemberg,Fellbach,70736,9.270645988,48.8202936,3,2608161026,,2608161027,,,,,,,,,,,0.0,0.0
-3867769801434859350-2608161005-6,7921,2608161022,2608161023,1,,S,S2,Stuttgart-Vaihingen|Stuttgart-Rohr|Oberaichen|Leinfelden|Echterdingen,8005768,Stuttgart Flughafen/Messe,Baden-Württemberg,Leinfelden-Echterdingen,70629,9.193411574,48.69075193,4,2608161022,,2608161023,,,,,,,,,,,0.0,0.0
-7735602986433921995-2608161003-2,7920,2608161007,2608161008,2,,S,S2,Filderstadt,8005768,Stuttgart Flughafen/Messe,Baden-Württemberg,Leinfelden-Echterdingen,70629,9.193411574,48.69075193,4,2608161007,,2608161008,,,,,,,,,,,0.0,0.0
5278700897666031421-2608161033-2,7922,2608161037,2608161038,2,,S,S2,Filderstadt,8005768,Stuttgart Flughafen/Messe,Baden-Württemberg,Leinfelden-Echterdingen,70629,9.193411574,48.69075193,4,2608161037,,2608161038,,,,,,,,,,,0.0,0.0
2563876153402645266-2608161035-6,7923,2608161052,2608161053,1,,S,S2,Stuttgart-Vaihingen|Stuttgart-Rohr|Oberaichen|Leinfelden|Echterdingen,8005768,Stuttgart Flughafen/Messe,Baden-Württemberg,Leinfelden-Echterdingen,70629,9.193411574,48.69075193,4,2608161057,,2608161057,,,,,,,,,,,5.0,4.0
-3343549403744548318-2608161007-7,7418,2608161029,2608161029,3,,S,S4,Stuttgart Hbf|Stuttgart Nordbahnhof|Stuttgart-Zuffenhausen|Kornwestheim Pbf|Ludwigsburg|Favoritepark,8002065,Freiberg (Neckar),Baden-Württemberg,Freiberg am Neckar,71691,9.197530085,48.92994974,5,2608161029,,2608161030,,,,,,,,,,,0.0,1.0
-7426539360191391345-2608161003-7,7423,2608161030,2608161031,2,,S,S4,Backnang|Burgstall(Murr)|Kirchberg(Murr)|Erdmannhausen|Marbach(Neckar)|Benningen(Neckar),8002065,Freiberg (Neckar),Baden-Württemberg,Freiberg am Neckar,71691,9.197530085,48.92994974,5,2608161030,,2608161031,,h,1,Bauarbeiten,,,,,,,0.0,0.0
-5601830997423128751-2608160933-7,7421,2608161000,2608161001,2,,S,S4,Backnang|Burgstall(Murr)|Kirchberg(Murr)|Erdmannhausen|Marbach(Neckar)|Benningen(Neckar),8002065,Freiberg (Neckar),Baden-Württemberg,Freiberg am Neckar,71691,9.197530085,48.92994974,5,2608161001,,2608161001,,h,1,Bauarbeiten,,,,,,,1.0,0.0
1159985668244142556-2608161037-7,7420,2608161059,2608161059,3,,S,S4,Stuttgart Hbf|Stuttgart Nordbahnhof|Stuttgart-Zuffenhausen|Kornwestheim Pbf|Ludwigsburg|Favoritepark,8002065,Freiberg (Neckar),Baden-Württemberg,Freiberg am Neckar,71691,9.197530085,48.92994974,5,2608161100,,2608161101,,,,,,,,,,,1.0,2.0
1917902183543807700-2608161016-3,7724,2608161022,2608161022,2,,S,S1,Herrenberg|Nufringen,8002165,Gärtringen,Baden-Württemberg,Gärtringen,71116,8.908864487,48.64080021,5,2608161026,,2608161027,,,,,,,,,,,4.0,5.0
6607066274476454956-2608160946-7,7719,2608161008,2608161008,1,,S,S1,Stuttgart-Vaihingen|Stuttgart-Rohr|Goldberg(Württ)|Böblingen|Hulb|Ehningen(b Böblingen),8002165,Gärtringen,Baden-Württemberg,Gärtringen,71116,8.908864487,48.64080021,5,2608161013,,2608161014,,,,,,,,,,,5.0,6.0
8110242699970459420-2608161016-7,7721,2608161038,2608161038,1,,S,S1,Stuttgart-Vaihingen|Stuttgart-Rohr|Goldberg(Württ)|Böblingen|Hulb|Ehningen(b Böblingen),8002165,Gärtringen,Baden-Württemberg,Gärtringen,71116,8.908864487,48.64080021,5,2608161040,,2608161040,,,,,,,,,,,2.0,2.0
1836435062166220832-2608161046-3,7726,2608161052,2608161052,2,,S,S1,Herrenberg|Nufringen,8002165,Gärtringen,Baden-Württemberg,Gärtringen,71116,8.908864487,48.64080021,5,2608161054,,2608161054,,,,,,,,,,,2.0,2.0
-5490136514049086248-2608160950-12,7218,2608161017,2608161017,2,,S,S2,Stuttgart Hbf|Stuttgart-Bad Cannstatt|Stuttgart Nürnberger Str.|Stuttgart-Sommerrain|Fellbach|Waiblingen|Rommelshausen|Stetten-Beinstein|Endersbach|Beutelsbach|Grunbach,8002240,Geradstetten,Baden-Württemberg,Remshalden,73630,9.439522346,48.80527689,5,2608161020,,2608161020,,h,1,Bauarbeiten,,,,,,,3.0,3.0
-5744741285825368478-2608161003-4,7223,2608161010,2608161011,1,,S,S2,Schorndorf|Weiler(Rems)|Winterbach(b Schorndorf),8002240,Geradstetten,Baden-Württemberg,Remshalden,73630,9.439522346,48.80527689,5,2608161012,,2608161013,,h,1,Bauarbeiten,,,,,,,2.0,2.0
1693494407392386618-2608161033-4,7225,2608161040,2608161041,1,,S,S2,Schorndorf|Weiler(Rems)|Winterbach(b Schorndorf),8002240,Geradstetten,Baden-Württemberg,Remshalden,73630,9.439522346,48.80527689,5,2608161043,,2608161043,,h,1,Bauarbeiten,,,,,,,3.0,2.0
6322126178978866702-2608161020-12,7220,2608161047,2608161047,2,,S,S2,Stuttgart Hbf|Stuttgart-Bad Cannstatt|Stuttgart Nürnberger Str.|Stuttgart-Sommerrain|Fellbach|Waiblingen|Rommelshausen|Stetten-Beinstein|Endersbach|Beutelsbach|Grunbach,8002240,Geradstetten,Baden-Württemberg,Remshalden,73630,9.439522346,48.80527689,5,2608161047,,2608161048,,h,1,Bauarbeiten,,,,,,,0.0,1.0
1917902183543807700-2608161016-7,7724,2608161032,2608161032,2,,S,S1,Herrenberg|Nufringen|Gärtringen|Ehningen(b Böblingen)|Hulb|Böblingen,8005201,Goldberg,Baden-Württemberg,Böblingen,71032,9.019733387,48.69651581,5,2608161041,,2608161041,,,,,,,,,,,9.0,9.0
-2280240461628246576-2608161046-3,7723,2608161058,2608161058,1,,S,S1,Stuttgart-Vaihingen|Stuttgart-Rohr,8005201,Goldberg,Baden-Württemberg,Böblingen,71032,9.019733387,48.69651581,5,2608161058,,2608161059,,,,,,,,,,,0.0,1.0
8110242699970459420-2608161016-3,7721,2608161028,2608161028,1,,S,S1,Stuttgart-Vaihingen|Stuttgart-Rohr,8005201,Goldberg,Baden-Württemberg,Böblingen,71032,9.019733387,48.69651581,5,2608161029,,2608161030,,,,,,,,,,,1.0,2.0
-7159944107729803246-2608160946-7,7722,2608161002,2608161002,2,,S,S1,Herrenberg|Nufringen|Gärtringen|Ehningen(b Böblingen)|Hulb|Böblingen,8005201,Goldberg,Baden-Württemberg,Böblingen,71032,9.019733387,48.69651581,5,2608161006,,2608161006,,,,,,,,,,,4.0,4.0
-5490136514049086248-2608160950-11,7218,2608161015,2608161015,3,,S,S2,Stuttgart Hbf|Stuttgart-Bad Cannstatt|Stuttgart Nürnberger Str.|Stuttgart-Sommerrain|Fellbach|Waiblingen|Rommelshausen|Stetten-Beinstein|Endersbach|Beutelsbach,8002448,Grunbach,Baden-Württemberg,Remshalden,73630,9.419580601,48.810414,4,2608161018,,2608161018,,h,1,Bauarbeiten,,,,,,,3.0,3.0
-5744741285825368478-2608161003-5,7223,2608161012,2608161013,2,,S,S2,Schorndorf|Weiler(Rems)|Winterbach(b Schorndorf)|Geradstetten,8002448,Grunbach,Baden-Württemberg,Remshalden,73630,9.419580601,48.810414,4,2608161014,,2608161015,,h,1,Bauarbeiten,,,,,,,2.0,2.0
1693494407392386618-2608161033-5,7225,2608161042,2608161043,2,,S,S2,Schorndorf|Weiler(Rems)|Winterbach(b Schorndorf)|Geradstetten,8002448,Grunbach,Baden-Württemberg,Remshalden,73630,9.419580601,48.810414,4,2608161044,,2608161045,,h,1,Bauarbeiten,,,,,,,2.0,2.0
6322126178978866702-2608161020-11,7220,2608161045,2608161045,3,,S,S2,Stuttgart Hbf|Stuttgart-Bad Cannstatt|Stuttgart Nürnberger Str.|Stuttgart-Sommerrain|Fellbach|Waiblingen|Rommelshausen|Stetten-Beinstein|Endersbach|Beutelsbach,8002448,Grunbach,Baden-Württemberg,Remshalden,73630,9.419580601,48.810414,4,2608161045,,2608161046,,h,1,Bauarbeiten,,,,,,,0.0,1.0
-1189276613530094055-2608160835-11,50388,2608161011,2608161011,1,,RE,IC87,Singen(Hohentwiel)|Engen|Tuttlingen|Spaichingen|Rottweil|Oberndorf(Neckar)|Sulz(Neckar)|Horb|Bondorf(b Herrenberg)|Gäufelden,8002785,Herrenberg,Baden-Württemberg,Herrenberg,71083,8.862625253,48.59395697,3,2608161016,,2608161017,,h,2,Information,,,,,,,5.0,6.0
-1661774076103664064-2608160737-13,388,2608161011,2608161011,1,,IC,,Zürich HB|Schaffhausen|Singen(Hohentwiel)|Engen|Tuttlingen|Spaichingen|Rottweil|Oberndorf(Neckar)|Sulz(Neckar)|Horb|Bondorf(b Herrenberg)|Gäufelden,8002785,Herrenberg,Baden-Württemberg,Herrenberg,71083,8.862625253,48.59395697,3,2608161016,,2608161017,,h,2,Information,,,,,,,5.0,6.0
4974850166012956417-2608161018-4,17633,2608161048,2608161048,4,,RE,RE14a,Stuttgart Hbf|Stuttgart-Vaihingen|Böblingen,8002785,Herrenberg,Baden-Württemberg,Herrenberg,71083,8.862625253,48.59395697,3,2608161052,,2608161054,,h,2,Bauarbeiten,,,,,,,4.0,6.0
1917902183543807700-2608161016-1,7724,,2608161016,,,S,S1,,8002785,Herrenberg,Baden-Württemberg,Herrenberg,71083,8.862625253,48.59395697,3,,,2608161020,,,,,,,,,,,0.0,4.0
6607066274476454956-2608160946-9,7719,2608161015,,3,,S,,Stuttgart-Vaihingen|Stuttgart-Rohr|Goldberg(Württ)|Böblingen|Hulb|Ehningen(b Böblingen)|Gärtringen|Nufringen,8002785,Herrenberg,Baden-Württemberg,Herrenberg,71083,8.862625253,48.59395697,3,2608161020,,,,,,,,,,,,,5.0,0.0
8110242699970459420-2608161016-9,7721,2608161045,,3,,S,,Stuttgart-Vaihingen|Stuttgart-Rohr|Goldberg(Württ)|Böblingen|Hulb|Ehningen(b Böblingen)|Gärtringen|Nufringen,8002785,Herrenberg,Baden-Württemberg,Herrenberg,71083,8.862625253,48.59395697,3,2608161049,,,,,,,,,,,,,4.0,0.0
-5123000102184120400-2608161018-4,17631,2608161048,2608161048,4,,RE,RE14b,Stuttgart Hbf|Stuttgart-Vaihingen|Böblingen,8002785,Herrenberg,Baden-Württemberg,Herrenberg,71083,8.862625253,48.59395697,3,2608161052,,2608161054,,,,,,,,,,,4.0,6.0
-1587251816190862010-2608160941-10,22757,2608161011,,102,,RB,,Tübingen Hbf|Tübingen West|Unterjesingen Sandäcker|Unterjesingen Mitte|Pfäffingen|Entringen|Altingen(Württ)|Gültstein|Herrenberg Zwerchweg,8002785,Herrenberg,Baden-Württemberg,Herrenberg,71083,8.862625253,48.59395697,3,2608161011,,,,,,,,,,,,,0.0,0.0
1836435062166220832-2608161046-1,7726,,2608161046,,,S,S1,,8002785,Herrenberg,Baden-Württemberg,Herrenberg,71083,8.862625253,48.59395697,3,,,2608161047,,,,,,,,,,,0.0,1.0
-8506132825861962084-2608161019-1,22756,,2608161019,,,RB,RB63,,8002785,Herrenberg,Baden-Württemberg,Herrenberg,71083,8.862625253,48.59395697,3,,,2608161019,,,,,,,,,,,0.0,0.0
4020522159033593992-2608160955-7,7618,2608161009,2608161009,2,,S,S6,Stuttgart-Feuerbach|Stuttgart-Zuffenhausen|Neuwirtshaus(Porscheplatz)|Korntal|Weilimdorf|Ditzingen,8002892,Höfingen,Baden-Württemberg,Leonberg,71229,9.026180834,48.81503436,5,2608161009,,2608161010,,h,1,Bauarbeiten,,,,,,,0.0,1.0
2950375177003534264-2608161003-6,7623,2608161020,2608161021,1,,S,S6,Weil der Stadt|Malmsheim|Renningen|Rutesheim|Leonberg,8002892,Höfingen,Baden-Württemberg,Leonberg,71229,9.026180834,48.81503436,5,2608161020,,2608161021,,h,1,Bauarbeiten,,,,,,,0.0,0.0
-6402095136362730142-2608161033-6,7625,2608161050,2608161051,1,,S,S6,Weil der Stadt|Malmsheim|Renningen|Rutesheim|Leonberg,8002892,Höfingen,Baden-Württemberg,Leonberg,71229,9.026180834,48.81503436,5,2608161051,,2608161052,,h,1,Bauarbeiten,,,,,,,1.0,1.0
-7308031673454482833-2608161025-7,7620,2608161039,2608161039,2,,S,S6,Stuttgart-Feuerbach|Stuttgart-Zuffenhausen|Neuwirtshaus(Porscheplatz)|Korntal|Weilimdorf|Ditzingen,8002892,Höfingen,Baden-Württemberg,Leonberg,71229,9.026180834,48.81503436,5,2608161040,,2608161040,,h,1,Bauarbeiten,,,,,,,1.0,1.0
1917902183543807700-2608161016-5,7724,2608161028,2608161028,2,,S,S1,Herrenberg|Nufringen|Gärtringen|Ehningen(b Böblingen),8003022,Hulb,Baden-Württemberg,Böblingen-Hulb,71032,8.982396429,48.67924173,5,2608161032,,2608161033,,,,,,,,,,,4.0,5.0
6607066274476454956-2608160946-5,7719,2608161002,2608161002,1,,S,S1,Stuttgart-Vaihingen|Stuttgart-Rohr|Goldberg(Württ)|Böblingen,8003022,Hulb,Baden-Württemberg,Böblingen-Hulb,71032,8.982396429,48.67924173,5,2608161007,,2608161007,,,,,,,,,,,5.0,5.0
8110242699970459420-2608161016-5,7721,2608161032,2608161032,1,,S,S1,Stuttgart-Vaihingen|Stuttgart-Rohr|Goldberg(Württ)|Böblingen,8003022,Hulb,Baden-Württemberg,Böblingen-Hulb,71032,8.982396429,48.67924173,5,2608161034,,2608161034,,,,,,,,,,,2.0,2.0
1836435062166220832-2608161046-5,7726,2608161058,2608161058,2,,S,S1,Herrenberg|Nufringen|Gärtringen|Ehningen(b Böblingen),8003022,Hulb,Baden-Württemberg,Böblingen-Hulb,71032,8.982396429,48.67924173,5,2608161100,,2608161101,,,,,,,,,,,2.0,3.0
-3867769801434859350-2608161005-7,7921,2608161027,,1,,S,,Stuttgart-Vaihingen|Stuttgart-Rohr|Oberaichen|Leinfelden|Echterdingen|Stuttgart Flughafen/Messe,8001984,Filderstadt,Baden-Württemberg,Filderstadt,70794,9.217581315,48.67649151,5,2608161027,,,,,,,,,,,,,0.0,0.0
-7735602986433921995-2608161003-1,7920,,2608161003,,,S,S2,,8001984,Filderstadt,Baden-Württemberg,Filderstadt,70794,9.217581315,48.67649151,5,,,2608161003,,,,,,,,,,,0.0,0.0
5278700897666031421-2608161033-1,7922,,2608161033,,,S,S2,,8001984,Filderstadt,Baden-Württemberg,Filderstadt,70794,9.217581315,48.67649151,5,,,2608161033,,,,,,,,,,,0.0,0.0
2563876153402645266-2608161035-7,7923,2608161057,,1,,S,,Stuttgart-Vaihingen|Stuttgart-Rohr|Oberaichen|Leinfelden|Echterdingen|Stuttgart Flughafen/Messe,8001984,Filderstadt,Baden-Württemberg,Filderstadt,70794,9.217581315,48.67649151,5,2608161101,,,,,,,,,,,,,4.0,0.0
-3343549403744548318-2608161007-11,7418,2608161043,2608161043,2,,S,S4,Stuttgart Hbf|Stuttgart Nordbahnhof|Stuttgart-Zuffenhausen|Kornwestheim Pbf|Ludwigsburg|Favoritepark|Freiberg(Neckar)|Benningen(Neckar)|Marbach(Neckar)|Erdmannhausen,8003266,Kirchberg (Murr),Baden-Württemberg,Kirchberg an der Murr,71737,9.328210283,48.93928182,6,2608161043,,2608161043,,,,,,,,,,,0.0,0.0
-4634912281199144241-2608160937-11,7416,2608161013,2608161013,2,,S,S4,Stuttgart Hbf|Stuttgart Nordbahnhof|Stuttgart-Zuffenhausen|Kornwestheim Pbf|Ludwigsburg|Favoritepark|Freiberg(Neckar)|Benningen(Neckar)|Marbach(Neckar)|Erdmannhausen,8003266,Kirchberg (Murr),Baden-Württemberg,Kirchberg an der Murr,71737,9.328210283,48.93928182,6,2608161014,,2608161014,,,,,,,,,,,1.0,1.0
-3819715688037003939-2608161033-3,7425,2608161042,2608161045,1,,S,S4,Backnang|Burgstall(Murr),8003266,Kirchberg (Murr),Baden-Württemberg,Kirchberg an der Murr,71737,9.328210283,48.93928182,6,2608161042,,2608161045,,h,1,Bauarbeiten,,,,,,,0.0,0.0
-7426539360191391345-2608161003-3,7423,2608161012,2608161015,1,,S,S4,Backnang|Burgstall(Murr),8003266,Kirchberg (Murr),Baden-Württemberg,Kirchberg an der Murr,71737,9.328210283,48.93928182,6,2608161013,,2608161015,,h,1,Bauarbeiten,,,,,,,1.0,0.0
177633655577527440-2608161020-1,7125,,2608161020,,,S,S1,,8003280,Kirchheim (Teck),Baden-Württemberg,Kirchheim unter Teck,73230,9.443872422,48.64415981,4,,,2608161021,,,,,,,,,,,0.0,1.0
2745539000626923277-2608161017-1,37961,,2608161017,,,RB,RB64,,8003280,Kirchheim (Teck),Baden-Württemberg,Kirchheim unter Teck,73230,9.443872422,48.64415981,4,,,2608161017,,,,,,,,,,,0.0,0.0
7229696548435736382-2608160925-15,7118,2608161009,,2,,S,,Stuttgart Hbf|Stuttgart-Bad Cannstatt|Stuttgart Neckarpark|Stuttgart-Untertürkheim|Stuttgart-Obertürkheim|Esslingen-Mettingen|Esslingen(Neckar)|Oberesslingen|Esslingen-Zell|Altbach|Plochingen|Wernau(Neckar)|Wendlingen(Neckar)|Kirchheim(Teck)-Ötlingen,8003280,Kirchheim (Teck),Baden-Württemberg,Kirchheim unter Teck,73230,9.443872422,48.64415981,4,2608161013,,,,,,,,,,,,,4.0,0.0
-8319398400678058003-2608161050-1,7127,,2608161050,,,S,S1,,8003280,Kirchheim (Teck),Baden-Württemberg,Kirchheim unter Teck,73230,9.443872422,48.64415981,4,,,2608161050,,,,,,,,,,,0.0,0.0
1948316409304944114-2608160955-15,7120,2608161039,,2,,S,,Stuttgart Hbf|Stuttgart-Bad Cannstatt|Stuttgart Neckarpark|Stuttgart-Untertürkheim|Stuttgart-Obertürkheim|Esslingen-Mettingen|Esslingen(Neckar)|Oberesslingen|Esslingen-Zell|Altbach|Plochingen|Wernau(Neckar)|Wendlingen(Neckar)|Kirchheim(Teck)-Ötlingen,8003280,Kirchheim (Teck),Baden-Württemberg,Kirchheim unter Teck,73230,9.443872422,48.64415981,4,2608161042,,,,,,,,,,,,,3.0,0.0
-8993422987969393574-2608160954-7,37960,2608161012,,1,,RB,,Oberlenningen|Unterlenningen|Brucken|Owen(Teck)|Dettingen(Teck)|Kirchheim(Teck)Süd,8003280,Kirchheim (Teck),Baden-Württemberg,Kirchheim unter Teck,73230,9.443872422,48.64415981,4,2608161012,,,,,,,,,,,,,0.0,0.0
177633655577527440-2608161020-2,7125,2608161023,2608161023,1,,S,S1,Kirchheim(Teck),8003282,Kirchheim (Teck)-Ötlingen,Baden-Württemberg,Kirchheim unter Teck,73230,9.416261302,48.65782388,5,2608161024,,2608161025,,,,,,,,,,,1.0,2.0
7229696548435736382-2608160925-14,7118,2608161006,2608161007,1,,S,S1,Stuttgart Hbf|Stuttgart-Bad Cannstatt|Stuttgart Neckarpark|Stuttgart-Untertürkheim|Stuttgart-Obertürkheim|Esslingen-Mettingen|Esslingen(Neckar)|Oberesslingen|Esslingen-Zell|Altbach|Plochingen|Wernau(Neckar)|Wendlingen(Neckar),8003282,Kirchheim (Teck)-Ötlingen,Baden-Württemberg,Kirchheim unter Teck,73230,9.416261302,48.65782388,5,2608161009,,2608161010,,,,,,,,,,,3.0,3.0
-8319398400678058003-2608161050-2,7127,2608161053,2608161053,1,,S,S1,Kirchheim(Teck),8003282,Kirchheim (Teck)-Ötlingen,Baden-Württemberg,Kirchheim unter Teck,73230,9.416261302,48.65782388,5,2608161053,,2608161054,,,,,,,,,,,0.0,1.0
1948316409304944114-2608160955-14,7120,2608161036,2608161037,1,,S,S1,Stuttgart Hbf|Stuttgart-Bad Cannstatt|Stuttgart Neckarpark|Stuttgart-Untertürkheim|Stuttgart-Obertürkheim|Esslingen-Mettingen|Esslingen(Neckar)|Oberesslingen|Esslingen-Zell|Altbach|Plochingen|Wernau(Neckar)|Wendlingen(Neckar),8003282,Kirchheim (Teck)-Ötlingen,Baden-Württemberg,Kirchheim unter Teck,73230,9.416261302,48.65782388,5,2608161038,,2608161040,,,,,,,,,,,2.0,3.0
-3311501800560790340-2608161005-1,1120,,2608161005,,,WEG,RB47,,8003409,Korntal,Baden-Württemberg,Korntal,70825,9.121099128,48.82640246,4,,,2608161006,,,,,,,,,,,0.0,1.0
4020522159033593992-2608160955-4,7618,2608161001,2608161001,1,,S,S6,Stuttgart-Feuerbach|Stuttgart-Zuffenhausen|Neuwirtshaus(Porscheplatz),8003409,Korntal,Baden-Württemberg,Korntal,70825,9.121099128,48.82640246,4,2608161001,,2608161002,,h,1,Bauarbeiten,,,,,,,0.0,1.0
2950375177003534264-2608161003-9,7623,2608161028,2608161029,3,,S,S6,Weil der Stadt|Malmsheim|Renningen|Rutesheim|Leonberg|Höfingen|Ditzingen|Weilimdorf,8003409,Korntal,Baden-Württemberg,Korntal,70825,9.121099128,48.82640246,4,2608161028,,2608161029,,h,1,Bauarbeiten,,,,,,,0.0,0.0
-6402095136362730142-2608161033-9,7625,2608161058,2608161059,3,,S,S6,Weil der Stadt|Malmsheim|Renningen|Rutesheim|Leonberg|Höfingen|Ditzingen|Weilimdorf,8003409,Korntal,Baden-Württemberg,Korntal,70825,9.121099128,48.82640246,4,2608161100,,2608161101,,h,1,Bauarbeiten,,,,,,,2.0,2.0
-1084164193839060771-2608161031-7,1127,2608161054,,7,,WEG,,Heimerdingen|Hemmingen|Schwieberdingen|Münchingen|Münchingen Rührberg|Korntal Gymnasium,8003409,Korntal,Baden-Württemberg,Korntal,70825,9.121099128,48.82640246,4,2608161054,,,,,,,,,,,,,0.0,0.0
-7308031673454482833-2608161025-4,7620,2608161031,2608161031,1,,S,S6,Stuttgart-Feuerbach|Stuttgart-Zuffenhausen|Neuwirtshaus(Porscheplatz),8003409,Korntal,Baden-Württemberg,Korntal,70825,9.121099128,48.82640246,4,2608161032,,2608161033,,h,1,Bauarbeiten,,,,,,,1.0,2.0
-3540947591964287655-2608160930-9,19313,2608161011,2608161020,7,,RE,MEX18,Heilbronn Hbf|Nordheim(Württ)|Lauffen(Neckar)|Kirchheim(Neckar)|Walheim(Württ)|Besigheim|Bietigheim-Bissingen|Ludwigsburg,8003411,Kornwestheim Pbf,Baden-Württemberg,Kornwestheim,70806,9.179967278,48.86215948,3,2608161045,,2608161046,,,,,,,,,,,34.0,26.0
2637647456829895544-2608161027-4,7522,2608161040,2608161040,4,,S,S5,Stuttgart Hbf|Stuttgart Nordbahnhof|Stuttgart-Zuffenhausen,8003411,Kornwestheim Pbf,Baden-Württemberg,Kornwestheim,70806,9.179967278,48.86215948,3,2608161040,,2608161040,,,,,,,,,,,0.0,0.0
-3343549403744548318-2608161007-4,7418,2608161020,2608161020,4,,S,S4,Stuttgart Hbf|Stuttgart Nordbahnhof|Stuttgart-Zuffenhausen,8003411,Kornwestheim Pbf,Baden-Württemberg,Kornwestheim,70806,9.179967278,48.86215948,3,2608161020,,2608161020,,,,,,,,,,,0.0,0.0
-5620146281814356081-2608160957-4,7520,2608161010,2608161010,4,,S,S5,Stuttgart Hbf|Stuttgart Nordbahnhof|Stuttgart-Zuffenhausen,8003411,Kornwestheim Pbf,Baden-Württemberg,Kornwestheim,70806,9.179967278,48.86215948,3,2608161010,,2608161011,,,,,,,,,,,0.0,1.0
-7426539360191391345-2608161003-10,7423,2608161040,2608161040,3,,S,S4,Backnang|Burgstall(Murr)|Kirchberg(Murr)|Erdmannhausen|Marbach(Neckar)|Benningen(Neckar)|Freiberg(Neckar)|Favoritepark|Ludwigsburg,8003411,Kornwestheim Pbf,Baden-Württemberg,Kornwestheim,70806,9.179967278,48.86215948,3,2608161041,,2608161041,,h,1,Bauarbeiten,,,,,,,1.0,1.0
-5601830997423128751-2608160933-10,7421,2608161010,2608161010,3,,S,S4,Backnang|Burgstall(Murr)|Kirchberg(Murr)|Erdmannhausen|Marbach(Neckar)|Benningen(Neckar)|Freiberg(Neckar)|Favoritepark|Ludwigsburg,8003411,Kornwestheim Pbf,Baden-Württemberg,Kornwestheim,70806,9.179967278,48.86215948,3,2608161010,,2608161011,,h,1,Bauarbeiten,,,,,,,0.0,1.0
-7277928509881216765-2608161012-3,19312,2608161042,2608161047,5,,RE,MEX18,Plochingen|Esslingen(Neckar),8003411,Kornwestheim Pbf,Baden-Württemberg,Kornwestheim,70806,9.179967278,48.86215948,3,2608161042,,2608161047,,,,,,,,,,,0.0,0.0
-2816280450857318747-2608161037-5,7525,2608161049,2608161050,3,,S,S5,Bietigheim-Bissingen|Tamm(Württ)|Asperg|Ludwigsburg,8003411,Kornwestheim Pbf,Baden-Württemberg,Kornwestheim,70806,9.179967278,48.86215948,3,2608161049,,2608161051,,,,,,,,,,,0.0,1.0
1159985668244142556-2608161037-4,7420,2608161050,2608161050,4,,S,S4,Stuttgart Hbf|Stuttgart Nordbahnhof|Stuttgart-Zuffenhausen,8003411,Kornwestheim Pbf,Baden-Württemberg,Kornwestheim,70806,9.179967278,48.86215948,3,2608161051,,2608161052,,,,,,,,,,,1.0,2.0
-8881926522168146299-2608161015-2,88230,2608161025,2608161027,6,,RB,RB79,Stuttgart Hbf,8003411,Kornwestheim Pbf,Baden-Württemberg,Kornwestheim,70806,9.179967278,48.86215948,3,,,,,,,,,,,,c,c,0.0,0.0
2034483306873440959-2608161007-5,7523,2608161019,2608161020,3,,S,S5,Bietigheim-Bissingen|Tamm(Württ)|Asperg|Ludwigsburg,8003411,Kornwestheim Pbf,Baden-Württemberg,Kornwestheim,70806,9.179967278,48.86215948,3,2608161019,,2608161020,,,,,,,,,,,0.0,0.0
-3867769801434859350-2608161005-4,7921,2608161016,2608161017,1,,S,S2,Stuttgart-Vaihingen|Stuttgart-Rohr|Oberaichen,8003622,Leinfelden,Baden-Württemberg,Leinfelden-Echterdingen,70771,9.142859698,48.6964193,4,2608161016,,2608161017,,,,,,,,,,,0.0,0.0
-7735602986433921995-2608161003-4,7920,2608161012,2608161013,2,,S,S2,Filderstadt|Stuttgart Flughafen/Messe|Echterdingen,8003622,Leinfelden,Baden-Württemberg,Leinfelden-Echterdingen,70771,9.142859698,48.6964193,4,2608161012,,2608161013,,,,,,,,,,,0.0,0.0
5278700897666031421-2608161033-4,7922,2608161042,2608161043,2,,S,S2,Filderstadt|Stuttgart Flughafen/Messe|Echterdingen,8003622,Leinfelden,Baden-Württemberg,Leinfelden-Echterdingen,70771,9.142859698,48.6964193,4,2608161042,,2608161043,,,,,,,,,,,0.0,0.0
2563876153402645266-2608161035-4,7923,2608161046,2608161047,1,,S,S2,Stuttgart-Vaihingen|Stuttgart-Rohr|Oberaichen,8003622,Leinfelden,Baden-Württemberg,Leinfelden-Echterdingen,70771,9.142859698,48.6964193,4,2608161051,,2608161052,,,,,,,,,,,5.0,5.0
4020522159033593992-2608160955-8,7618,2608161013,2608161013,2,,S,S6,Stuttgart-Feuerbach|Stuttgart-Zuffenhausen|Neuwirtshaus(Porscheplatz)|Korntal|Weilimdorf|Ditzingen|Höfingen,8003652,Leonberg,Baden-Württemberg,Leonberg,71229,9.004025993,48.79970547,3,2608161013,,2608161013,,h,1,Bauarbeiten,,,,,,,0.0,0.0
2950375177003534264-2608161003-5,7623,2608161017,2608161017,1,,S,S6,Weil der Stadt|Malmsheim|Renningen|Rutesheim,8003652,Leonberg,Baden-Württemberg,Leonberg,71229,9.004025993,48.79970547,3,2608161017,,2608161017,,h,1,Bauarbeiten,,,,,,,0.0,0.0
-6402095136362730142-2608161033-5,7625,2608161047,2608161047,1,,S,S6,Weil der Stadt|Malmsheim|Renningen|Rutesheim,8003652,Leonberg,Baden-Württemberg,Leonberg,71229,9.004025993,48.79970547,3,2608161047,,2608161048,,h,1,Bauarbeiten,,,,,,,0.0,1.0
-7308031673454482833-2608161025-8,7620,2608161043,2608161043,2,,S,S6,Stuttgart-Feuerbach|Stuttgart-Zuffenhausen|Neuwirtshaus(Porscheplatz)|Korntal|Weilimdorf|Ditzingen|Höfingen,8003652,Leonberg,Baden-Württemberg,Leonberg,71229,9.004025993,48.79970547,3,2608161043,,2608161044,,h,1,Bauarbeiten,,,,,,,0.0,1.0
-3540947591964287655-2608160930-8,19313,2608161004,2608161007,4,,RE,MEX18,Heilbronn Hbf|Nordheim(Württ)|Lauffen(Neckar)|Kirchheim(Neckar)|Walheim(Württ)|Besigheim|Bietigheim-Bissingen,8000235,Ludwigsburg,Baden-Württemberg,Ludwigsburg,71638,9.185229823,48.89208622,3,2608161039,,2608161039,,,,,,,Heilbronn Hbf|Nordheim(Württ)|Lauffen(Neckar)|Kirchheim(Neckar)|Walheim(Württ)|Besigheim|Bietigheim-Bissingen,Kornwestheim Pbf|Esslingen(Neckar)|Plochingen,,,35.0,32.0
6580298858393909831-2608161006-4,20167,2608161051,,,,ARV,,Neckarsulm|Heilbronn Hbf|Bietigheim-Bissingen,8000235,Ludwigsburg,Baden-Württemberg,Ludwigsburg,71638,9.185229823,48.89208622,3,2608161052,5,,,,,,,,,,,,1.0,0.0
2637647456829895544-2608161027-5,7522,2608161043,2608161044,2,,S,S5,Stuttgart Hbf|Stuttgart Nordbahnhof|Stuttgart-Zuffenhausen|Kornwestheim Pbf,8000235,Ludwigsburg,Baden-Württemberg,Ludwigsburg,71638,9.185229823,48.89208622,3,2608161043,,2608161044,,,,,,,,,,,0.0,0.0
-3343549403744548318-2608161007-5,7418,2608161023,2608161024,2,,S,S4,Stuttgart Hbf|Stuttgart Nordbahnhof|Stuttgart-Zuffenhausen|Kornwestheim Pbf,8000235,Ludwigsburg,Baden-Württemberg,Ludwigsburg,71638,9.185229823,48.89208622,3,2608161023,,2608161024,,,,,,,,,,,0.0,0.0
-5620146281814356081-2608160957-5,7520,2608161013,2608161014,2,,S,S5,Stuttgart Hbf|Stuttgart Nordbahnhof|Stuttgart-Zuffenhausen|Kornwestheim Pbf,8000235,Ludwigsburg,Baden-Württemberg,Ludwigsburg,71638,9.185229823,48.89208622,3,2608161014,,2608161014,,,,,,,,,,,1.0,0.0
-7426539360191391345-2608161003-9,7423,2608161036,2608161037,3,,S,S4,Backnang|Burgstall(Murr)|Kirchberg(Murr)|Erdmannhausen|Marbach(Neckar)|Benningen(Neckar)|Freiberg(Neckar)|Favoritepark,8000235,Ludwigsburg,Baden-Württemberg,Ludwigsburg,71638,9.185229823,48.89208622,3,2608161036,,2608161038,,h,1,Bauarbeiten,,,,,,,0.0,1.0
-5758371317786012481-2608160916-11,19224,2608161028,2608161029,1,,RE,MEX12,Reutlingen Hbf|Metzingen(Württ)|Bempflingen|Nürtingen|Oberboihingen|Wendlingen(Neckar)|Plochingen|Esslingen(Neckar)|Stuttgart-Bad Cannstatt|Stuttgart Hbf,8000235,Ludwigsburg,Baden-Württemberg,Ludwigsburg,71638,9.185229823,48.89208622,3,,,,,h,2,Bauarbeiten,,,,,c,c,0.0,0.0
-5601830997423128751-2608160933-9,7421,2608161006,2608161007,3,,S,S4,Backnang|Burgstall(Murr)|Kirchberg(Murr)|Erdmannhausen|Marbach(Neckar)|Benningen(Neckar)|Freiberg(Neckar)|Favoritepark,8000235,Ludwigsburg,Baden-Württemberg,Ludwigsburg,71638,9.185229823,48.89208622,3,2608161006,,2608161007,,h,1,Bauarbeiten,,,,,,,0.0,0.0
-7277928509881216765-2608161012-4,19312,2608161049,2608161053,1,,RE,MEX18,Plochingen|Esslingen(Neckar)|Kornwestheim Pbf,8000235,Ludwigsburg,Baden-Württemberg,Ludwigsburg,71638,9.185229823,48.89208622,3,2608161050,,2608161053,,,,,,,,,,,1.0,0.0
3811011350811106561-2608161005-1,74482,,2608161005,,,ARV,8,,8000235,Ludwigsburg,Baden-Württemberg,Ludwigsburg,71638,9.185229823,48.89208622,3,,,2608161007,1,,,,,,,,,,0.0,2.0
-2816280450857318747-2608161037-4,7525,2608161046,2608161046,3,,S,S5,Bietigheim-Bissingen|Tamm(Württ)|Asperg,8000235,Ludwigsburg,Baden-Württemberg,Ludwigsburg,71638,9.185229823,48.89208622,3,2608161046,,2608161047,,,,,,,,,,,0.0,1.0
1159985668244142556-2608161037-5,7420,2608161053,2608161054,2,,S,S4,Stuttgart Hbf|Stuttgart Nordbahnhof|Stuttgart-Zuffenhausen|Kornwestheim Pbf,8000235,Ludwigsburg,Baden-Württemberg,Ludwigsburg,71638,9.185229823,48.89208622,3,2608161055,,2608161055,,,,,,,,,,,2.0,1.0
-8881926522168146299-2608161015-3,88230,2608161031,2608161033,2,,RB,RB79,Stuttgart Hbf|Kornwestheim Pbf,8000235,Ludwigsburg,Baden-Württemberg,Ludwigsburg,71638,9.185229823,48.89208622,3,,,2608161034,5,,,,,,,,c,,0.0,1.0
2034483306873440959-2608161007-4,7523,2608161016,2608161016,3,,S,S5,Bietigheim-Bissingen|Tamm(Württ)|Asperg,8000235,Ludwigsburg,Baden-Württemberg,Ludwigsburg,71638,9.185229823,48.89208622,3,2608161016,,2608161016,,,,,,,,,,,0.0,0.0
3860500769095963-2608160957-8,19219,2608161031,2608161032,4,,RE,MEX12,Heilbronn Hbf|Nordheim(Württ)|Lauffen(Neckar)|Kirchheim(Neckar)|Walheim(Württ)|Besigheim|Bietigheim-Bissingen,8000235,Ludwigsburg,Baden-Württemberg,Ludwigsburg,71638,9.185229823,48.89208622,3,2608161033,,2608161035,,h,2,Bauarbeiten,,,,,,,2.0,3.0
4020522159033593992-2608160955-11,7618,2608161024,2608161024,1,,S,S6,Stuttgart-Feuerbach|Stuttgart-Zuffenhausen|Neuwirtshaus(Porscheplatz)|Korntal|Weilimdorf|Ditzingen|Höfingen|Leonberg|Rutesheim|Renningen,8003831,Malmsheim,Baden-Württemberg,Renningen,71272,8.905105557,48.77183564,5,2608161024,,2608161024,,h,1,Bauarbeiten,,,,,,,0.0,0.0
2950375177003534264-2608161003-2,7623,2608161005,2608161005,2,,S,S6,Weil der Stadt,8003831,Malmsheim,Baden-Württemberg,Renningen,71272,8.905105557,48.77183564,5,2608161005,,2608161006,,h,1,Bauarbeiten,,,,,,,0.0,1.0
-6402095136362730142-2608161033-2,7625,2608161035,2608161035,2,,S,S6,Weil der Stadt,8003831,Malmsheim,Baden-Württemberg,Renningen,71272,8.905105557,48.77183564,5,2608161037,,2608161037,,h,1,Bauarbeiten,,,,,,,2.0,2.0
-7308031673454482833-2608161025-11,7620,2608161054,2608161054,1,,S,S6,Stuttgart-Feuerbach|Stuttgart-Zuffenhausen|Neuwirtshaus(Porscheplatz)|Korntal|Weilimdorf|Ditzingen|Höfingen|Leonberg|Rutesheim|Renningen,8003831,Malmsheim,Baden-Württemberg,Renningen,71272,8.905105557,48.77183564,5,2608161055,,2608161055,,h,1,Bauarbeiten,,,,,,,1.0,1.0
-3343549403744548318-2608161007-9,7418,2608161035,2608161038,1,,S,S4,Stuttgart Hbf|Stuttgart Nordbahnhof|Stuttgart-Zuffenhausen|Kornwestheim Pbf|Ludwigsburg|Favoritepark|Freiberg(Neckar)|Benningen(Neckar),8003853,Marbach (Neckar),Baden-Württemberg,Marbach am Neckar,71672,9.264611825,48.9437708,3,2608161035,,2608161038,,,,,,,,,,,0.0,0.0
-4634912281199144241-2608160937-9,7416,2608161005,2608161008,1,,S,S4,Stuttgart Hbf|Stuttgart Nordbahnhof|Stuttgart-Zuffenhausen|Kornwestheim Pbf|Ludwigsburg|Favoritepark|Freiberg(Neckar)|Benningen(Neckar),8003853,Marbach (Neckar),Baden-Württemberg,Marbach am Neckar,71672,9.264611825,48.9437708,3,2608161006,,2608161009,,,,,,,,,,,1.0,1.0
-3819715688037003939-2608161033-5,7425,2608161051,2608161055,2,,S,S4,Backnang|Burgstall(Murr)|Kirchberg(Murr)|Erdmannhausen,8003853,Marbach (Neckar),Baden-Württemberg,Marbach am Neckar,71672,9.264611825,48.9437708,3,2608161052,1,2608161055,1,h,1,Bauarbeiten,,,,,,,1.0,0.0
-7426539360191391345-2608161003-5,7423,2608161021,2608161025,2,,S,S4,Backnang|Burgstall(Murr)|Kirchberg(Murr)|Erdmannhausen,8003853,Marbach (Neckar),Baden-Württemberg,Marbach am Neckar,71672,9.264611825,48.9437708,3,2608161021,1,2608161025,1,h,1,Bauarbeiten,,,,,,,0.0,0.0
7865685729445651076-2608161041-2,7325,2608161043,2608161044,1,,S,S3,Backnang,8003913,Maubach,Baden-Württemberg,Backnang,71522,9.419487062,48.92623463,4,2608161046,,2608161047,,,,,,,,,,,3.0,3.0
-3458122613243093077-2608161011-2,7323,2608161013,2608161014,1,,S,S3,Backnang,8003913,Maubach,Baden-Württemberg,Backnang,71522,9.419487062,48.92623463,4,2608161013,,2608161014,,,,,,,,,,,0.0,0.0
-8732112204278142844-2608160942-11,7318,2608161014,2608161015,2,,S,S3,Stuttgart Hbf|Stuttgart-Bad Cannstatt|Stuttgart Nürnberger Str.|Stuttgart-Sommerrain|Fellbach|Waiblingen|Neustadt-Hohenacker|Schwaikheim|Winnenden|Nellmersbach,8003913,Maubach,Baden-Württemberg,Backnang,71522,9.419487062,48.92623463,4,2608161016,,2608161016,,,,,,,,,,,2.0,1.0
3369645008221624491-2608161012-11,7320,2608161044,2608161045,2,,S,S3,Stuttgart Hbf|Stuttgart-Bad Cannstatt|Stuttgart Nürnberger Str.|Stuttgart-Sommerrain|Fellbach|Waiblingen|Neustadt-Hohenacker|Schwaikheim|Winnenden|Nellmersbach,8003913,Maubach,Baden-Württemberg,Backnang,71522,9.419487062,48.92623463,4,2608161044,,2608161045,,,,,,,,,,,0.0,0.0
7865685729445651076-2608161041-3,7325,2608161046,2608161046,1,,S,S3,Backnang|Maubach,8004233,Nellmersbach,Baden-Württemberg,Leutenbach,71397,9.415421538,48.90336425,5,2608161049,,2608161050,,,,,,,,,,,3.0,4.0
-3458122613243093077-2608161011-3,7323,2608161016,2608161016,1,,S,S3,Backnang|Maubach,8004233,Nellmersbach,Baden-Württemberg,Leutenbach,71397,9.415421538,48.90336425,5,2608161016,,2608161017,,,,,,,,,,,0.0,1.0
-8732112204278142844-2608160942-10,7318,2608161011,2608161012,2,,S,S3,Stuttgart Hbf|Stuttgart-Bad Cannstatt|Stuttgart Nürnberger Str.|Stuttgart-Sommerrain|Fellbach|Waiblingen|Neustadt-Hohenacker|Schwaikheim|Winnenden,8004233,Nellmersbach,Baden-Württemberg,Leutenbach,71397,9.415421538,48.90336425,5,2608161013,,2608161014,,,,,,,,,,,2.0,2.0
3369645008221624491-2608161012-10,7320,2608161041,2608161042,2,,S,S3,Stuttgart Hbf|Stuttgart-Bad Cannstatt|Stuttgart Nürnberger Str.|Stuttgart-Sommerrain|Fellbach|Waiblingen|Neustadt-Hohenacker|Schwaikheim|Winnenden,8004233,Nellmersbach,Baden-Württemberg,Leutenbach,71397,9.415421538,48.90336425,5,2608161041,,2608161042,,,,,,,,,,,0.0,0.0
7865685729445651076-2608161041-6,7325,2608161055,2608161055,2,,S,S3,Backnang|Maubach|Nellmersbach|Winnenden|Schwaikheim,8004333,Neustadt-Hohenacker,Baden-Württemberg,Waiblingen,71336,9.32455106,48.85921668,5,2608161057,,2608161058,,,,,,,,,,,2.0,3.0
-3458122613243093077-2608161011-6,7323,2608161025,2608161025,2,,S,S3,Backnang|Maubach|Nellmersbach|Winnenden|Schwaikheim,8004333,Neustadt-Hohenacker,Baden-Württemberg,Waiblingen,71336,9.32455106,48.85921668,5,2608161025,,2608161026,,,,,,,,,,,0.0,1.0
-8732112204278142844-2608160942-7,7318,2608161003,2608161003,1,,S,S3,Stuttgart Hbf|Stuttgart-Bad Cannstatt|Stuttgart Nürnberger Str.|Stuttgart-Sommerrain|Fellbach|Waiblingen,8004333,Neustadt-Hohenacker,Baden-Württemberg,Waiblingen,71336,9.32455106,48.85921668,5,2608161004,,2608161005,,,,,,,,,,,1.0,2.0
3369645008221624491-2608161012-7,7320,2608161033,2608161033,1,,S,S3,Stuttgart Hbf|Stuttgart-Bad Cannstatt|Stuttgart Nürnberger Str.|Stuttgart-Sommerrain|Fellbach|Waiblingen,8004333,Neustadt-Hohenacker,Baden-Württemberg,Waiblingen,71336,9.32455106,48.85921668,5,2608161033,,2608161034,,,,,,,,,,,0.0,1.0
-2920830109344667445-2608160933-10,7621,2608161001,2608161001,2,,S,S6,Weil der Stadt|Malmsheim|Renningen|Rutesheim|Leonberg|Höfingen|Ditzingen|Weilimdorf|Korntal,8004338,Neuwirtshaus (Porscheplatz),Baden-Württemberg,Stuttgart,70435,9.151955614,48.83384734,4,2608161003,,2608161003,,h,1,Bauarbeiten,,,,,,,2.0,2.0
2950375177003534264-2608161003-10,7623,2608161031,2608161031,2,,S,S6,Weil der Stadt|Malmsheim|Renningen|Rutesheim|Leonberg|Höfingen|Ditzingen|Weilimdorf|Korntal,8004338,Neuwirtshaus (Porscheplatz),Baden-Württemberg,Stuttgart,70435,9.151955614,48.83384734,4,2608161031,,2608161032,,h,1,Bauarbeiten,,,,,,,0.0,1.0
2175730865655218796-2608161055-3,7622,2608161058,2608161059,1,,S,S6,Stuttgart-Feuerbach|Stuttgart-Zuffenhausen,8004338,Neuwirtshaus (Porscheplatz),Baden-Württemberg,Stuttgart,70435,9.151955614,48.83384734,4,2608161100,,2608161100,,h,1,Bauarbeiten,,,,,,,2.0,1.0
-7308031673454482833-2608161025-3,7620,2608161028,2608161029,1,,S,S6,Stuttgart-Feuerbach|Stuttgart-Zuffenhausen,8004338,Neuwirtshaus (Porscheplatz),Baden-Württemberg,Stuttgart,70435,9.151955614,48.83384734,4,2608161030,,2608161031,,h,1,Bauarbeiten,,,,,,,2.0,2.0
1917902183543807700-2608161016-2,7724,2608161019,2608161019,2,,S,S1,Herrenberg,8004490,Nufringen,Baden-Württemberg,Nufringen,71154,8.889817485,48.62010967,5,2608161023,,2608161024,,,,,,,,,,,4.0,5.0
6607066274476454956-2608160946-8,7719,2608161011,2608161011,1,,S,S1,Stuttgart-Vaihingen|Stuttgart-Rohr|Goldberg(Württ)|Böblingen|Hulb|Ehningen(b Böblingen)|Gärtringen,8004490,Nufringen,Baden-Württemberg,Nufringen,71154,8.889817485,48.62010967,5,2608161016,,2608161016,,,,,,,,,,,5.0,5.0
8110242699970459420-2608161016-8,7721,2608161041,2608161041,1,,S,S1,Stuttgart-Vaihingen|Stuttgart-Rohr|Goldberg(Württ)|Böblingen|Hulb|Ehningen(b Böblingen)|Gärtringen,8004490,Nufringen,Baden-Württemberg,Nufringen,71154,8.889817485,48.62010967,5,2608161042,,2608161043,,,,,,,,,,,1.0,2.0
1836435062166220832-2608161046-2,7726,2608161049,2608161049,2,,S,S1,Herrenberg,8004490,Nufringen,Baden-Württemberg,Nufringen,71154,8.889817485,48.62010967,5,2608161051,,2608161051,,,,,,,,,,,2.0,2.0
-3867769801434859350-2608161005-3,7921,2608161014,2608161014,1,,S,S2,Stuttgart-Vaihingen|Stuttgart-Rohr,8004496,Oberaichen,Baden-Württemberg,Leinfelden-Echterdingen,70771,9.12743664,48.70512422,5,2608161014,,2608161015,,,,,,,,,,,0.0,1.0
-7735602986433921995-2608161003-5,7920,2608161015,2608161015,2,,S,S2,Filderstadt|Stuttgart Flughafen/Messe|Echterdingen|Leinfelden,8004496,Oberaichen,Baden-Württemberg,Leinfelden-Echterdingen,70771,9.12743664,48.70512422,5,2608161015,,2608161015,,,,,,,,,,,0.0,0.0
5278700897666031421-2608161033-5,7922,2608161045,2608161045,2,,S,S2,Filderstadt|Stuttgart Flughafen/Messe|Echterdingen|Leinfelden,8004496,Oberaichen,Baden-Württemberg,Leinfelden-Echterdingen,70771,9.12743664,48.70512422,5,2608161045,,2608161045,,,,,,,,,,,0.0,0.0
2563876153402645266-2608161035-3,7923,2608161044,2608161044,1,,S,S2,Stuttgart-Vaihingen|Stuttgart-Rohr,8004496,Oberaichen,Baden-Württemberg,Leinfelden-Echterdingen,70771,9.12743664,48.70512422,5,2608161049,,2608161050,,,,,,,,,,,5.0,6.0
177633655577527440-2608161020-8,7125,2608161044,2608161045,3,,S,S1,Kirchheim(Teck)|Kirchheim(Teck)-Ötlingen|Wendlingen(Neckar)|Wernau(Neckar)|Plochingen|Altbach|Esslingen-Zell,8004528,Oberesslingen,Baden-Württemberg,Esslingen am Neckar,73730,9.327277435,48.72983585,3,2608161044,,2608161045,,,,,,,,,,,0.0,0.0
1883247737282704559-2608160950-8,7123,2608161014,2608161015,3,,S,S1,Kirchheim(Teck)|Kirchheim(Teck)-Ötlingen|Wendlingen(Neckar)|Wernau(Neckar)|Plochingen|Altbach|Esslingen-Zell,8004528,Oberesslingen,Baden-Württemberg,Esslingen am Neckar,73730,9.327277435,48.72983585,3,2608161014,,2608161015,,,,,,,,,,,0.0,0.0
1948316409304944114-2608160955-8,7120,2608161015,2608161015,4,,S,S1,Stuttgart Hbf|Stuttgart-Bad Cannstatt|Stuttgart Neckarpark|Stuttgart-Untertürkheim|Stuttgart-Obertürkheim|Esslingen-Mettingen|Esslingen(Neckar),8004528,Oberesslingen,Baden-Württemberg,Esslingen am Neckar,73730,9.327277435,48.72983585,3,2608161016,,2608161016,,,,,,,,,,,1.0,1.0
-3857622875781178481-2608161025-8,7122,2608161045,2608161045,4,,S,S1,Stuttgart Hbf|Stuttgart-Bad Cannstatt|Stuttgart Neckarpark|Stuttgart-Untertürkheim|Stuttgart-Obertürkheim|Esslingen-Mettingen|Esslingen(Neckar),8004528,Oberesslingen,Baden-Württemberg,Esslingen am Neckar,73730,9.327277435,48.72983585,3,2608161045,,2608161045,,,,,,,,,,,0.0,0.0
-8095609924560248805-2608161037-3,4213,2608161055,2608161056,4,,RE,RE5,Stuttgart Hbf|Esslingen(Neckar),8000302,Plochingen,Baden-Württemberg,Plochingen,73207,9.411294578,48.71293906,2,2608161055,,2608161056,,h,2,Störung,,,,,,,0.0,0.0
-3540947591964287655-2608160930-11,19313,2608161042,,9,,RE,,Heilbronn Hbf|Nordheim(Württ)|Lauffen(Neckar)|Kirchheim(Neckar)|Walheim(Württ)|Besigheim|Bietigheim-Bissingen|Ludwigsburg|Kornwestheim Pbf|Esslingen(Neckar),8000302,Plochingen,Baden-Württemberg,Plochingen,73207,9.411294578,48.71293906,2,2608161108,3,,,c,,,,,,,,,26.0,0.0
5828379386631724042-2608161016-7,19226,2608161046,2608161047,7,,RE,MEX12,Reutlingen Hbf|Metzingen(Württ)|Bempflingen|Nürtingen|Oberboihingen|Wendlingen(Neckar),8000302,Plochingen,Baden-Württemberg,Plochingen,73207,9.411294578,48.71293906,2,2608161053,,2608161053,,h,2,Bauarbeiten,,,,,p,p,7.0,6.0
-5449472852901189736-2608160942-4,19129,2608161000,2608161000,4,,ARV,16,Stuttgart Hbf|Stuttgart-Bad Cannstatt|Esslingen(Neckar),8000302,Plochingen,Baden-Württemberg,Plochingen,73207,9.411294578,48.71293906,2,2608161000,,2608161000,,,,,,,,,,,0.0,0.0
2153401900494581782-2608160857-12,19217,2608161011,2608161012,9,,RE,MEX12,Heilbronn Hbf|Nordheim(Württ)|Lauffen(Neckar)|Kirchheim(Neckar)|Walheim(Württ)|Besigheim|Bietigheim-Bissingen|Ludwigsburg|Stuttgart Hbf|Stuttgart-Bad Cannstatt|Esslingen(Neckar),8000302,Plochingen,Baden-Württemberg,Plochingen,73207,9.411294578,48.71293906,2,,,,,h,2,Bauarbeiten,,,,,c,c,0.0,0.0
7217641967291303467-2608161004-4,19131,2608161023,2608161033,7,,ARV,16,Stuttgart Hbf|Stuttgart-Bad Cannstatt|Esslingen(Neckar),8000302,Plochingen,Baden-Württemberg,Plochingen,73207,9.411294578,48.71293906,2,2608161023,9,2608161033,9,,,,,,,,,,0.0,0.0
-7277928509881216765-2608161012-1,19312,,2608161012,,,RE,MEX18,,8000302,Plochingen,Baden-Württemberg,Plochingen,73207,9.411294578,48.71293906,2,,,2608161012,6,,,,,,,,,,0.0,0.0
2128168320758922329-2608160946-19,19132,2608161056,2608161057,1,,ARV,16,Ulm Hbf|Beimerstetten|Westerstetten|Lonsee|Urspring|Amstetten(Württ)|Geislingen(Steige)|Geislingen(Steige)West|Kuchen|Gingen(Fils)|Süßen|Salach|Eislingen(Fils)|Göppingen|Faurndau|Uhingen|Ebersbach(Fils)|Reichenbach(Fils),8000302,Plochingen,Baden-Württemberg,Plochingen,73207,9.411294578,48.71293906,2,2608161056,,2608161057,,,,,,,,,,,0.0,0.0
177633655577527440-2608161020-5,7125,2608161035,2608161037,9,,S,S1,Kirchheim(Teck)|Kirchheim(Teck)-Ötlingen|Wendlingen(Neckar)|Wernau(Neckar),8000302,Plochingen,Baden-Württemberg,Plochingen,73207,9.411294578,48.71293906,2,2608161037,,2608161038,,,,,,,,,,,2.0,1.0
-5166403716311055485-2608160948-13,19130,2608161028,2608161034,1,,ARV,16,Geislingen(Steige)|Geislingen(Steige)West|Kuchen|Gingen(Fils)|Süßen|Salach|Eislingen(Fils)|Göppingen|Faurndau|Uhingen|Ebersbach(Fils)|Reichenbach(Fils),8000302,Plochingen,Baden-Württemberg,Plochingen,73207,9.411294578,48.71293906,2,2608161028,,2608161034,,,,,,,,,,,0.0,0.0
1883247737282704559-2608160950-5,7123,2608161005,2608161007,9,,S,S1,Kirchheim(Teck)|Kirchheim(Teck)-Ötlingen|Wendlingen(Neckar)|Wernau(Neckar),8000302,Plochingen,Baden-Württemberg,Plochingen,73207,9.411294578,48.71293906,2,2608161006,,2608161007,,,,,,,,,,,1.0,0.0
1948316409304944114-2608160955-11,7120,2608161023,2608161025,9,,S,S1,Stuttgart Hbf|Stuttgart-Bad Cannstatt|Stuttgart Neckarpark|Stuttgart-Untertürkheim|Stuttgart-Obertürkheim|Esslingen-Mettingen|Esslingen(Neckar)|Oberesslingen|Esslingen-Zell|Altbach,8000302,Plochingen,Baden-Württemberg,Plochingen,73207,9.411294578,48.71293906,2,2608161023,10,2608161025,10,,,,,,,,,,0.0,0.0
-3857622875781178481-2608161025-11,7122,2608161053,2608161055,9,,S,S1,Stuttgart Hbf|Stuttgart-Bad Cannstatt|Stuttgart Neckarpark|Stuttgart-Untertürkheim|Stuttgart-Obertürkheim|Esslingen-Mettingen|Esslingen(Neckar)|Oberesslingen|Esslingen-Zell|Altbach,8000302,Plochingen,Baden-Württemberg,Plochingen,73207,9.411294578,48.71293906,2,2608161053,,2608161057,,,,,,,,,,,0.0,2.0
1257902799455838334-2608160806-11,4208,2608161003,2608161006,1,,RE,RE5,Friedrichshafen Stadt|Meckenbeuren|Ravensburg|Aulendorf|Bad Schussenried|Biberach(Riß)|Laupheim West|Ulm Hbf|Geislingen(Steige)|Göppingen,8000302,Plochingen,Baden-Württemberg,Plochingen,73207,9.411294578,48.71293906,2,2608161005,,2608161006,,h,2,Störung,,,,,,,2.0,0.0
9122054021395314238-2608161042-1,26144,,2608161042,,,SWE,RB76,,8000313,Renningen,Baden-Württemberg,Renningen,71272,8.932650148,48.77515509,3,,,2608161042,,,,,,,,,,,0.0,0.0
-818110883220454222-2608161004-7,7021,2608161020,,2,,S,,Böblingen|Sindelfingen|Maichingen|Maichingen Nord|Magstadt|Renningen Süd,8000313,Renningen,Baden-Württemberg,Renningen,71272,8.932650148,48.77515509,3,2608161022,,,,h,1,Bauarbeiten,,,,,,,2.0,0.0
4020522159033593992-2608160955-10,7618,2608161019,2608161022,3,,S,S6,Stuttgart-Feuerbach|Stuttgart-Zuffenhausen|Neuwirtshaus(Porscheplatz)|Korntal|Weilimdorf|Ditzingen|Höfingen|Leonberg|Rutesheim,8000313,Renningen,Baden-Württemberg,Renningen,71272,8.932650148,48.77515509,3,2608161019,,2608161022,,h,1,Bauarbeiten,,,,,,,0.0,0.0
2950375177003534264-2608161003-3,7623,2608161007,2608161011,2,,S,S6,Weil der Stadt|Malmsheim,8000313,Renningen,Baden-Württemberg,Renningen,71272,8.932650148,48.77515509,3,2608161008,,2608161011,,h,1,Bauarbeiten,,,,,,,1.0,0.0
-4602932826430641321-2608161009-1,7022,,2608161009,,,S,S60,,8000313,Renningen,Baden-Württemberg,Renningen,71272,8.932650148,48.77515509,3,,,2608161009,,h,1,Bauarbeiten,,,,,,,0.0,0.0
3409529985438510629-2608161010-6,26143,2608161032,,4,,SWE,,Calw|Calw-Heumaden|Althengstett|Ostelsheim|Weil der Stadt,8000313,Renningen,Baden-Württemberg,Renningen,71272,8.932650148,48.77515509,3,2608161034,,,,,,,,,,,,,2.0,0.0
-6402095136362730142-2608161033-3,7625,2608161037,2608161041,2,,S,S6,Weil der Stadt|Malmsheim,8000313,Renningen,Baden-Württemberg,Renningen,71272,8.932650148,48.77515509,3,2608161039,,2608161041,,h,1,Bauarbeiten,,,,,,,2.0,0.0
-9083652337873788305-2608161039-1,7024,,2608161039,,,S,S60,,8000313,Renningen,Baden-Württemberg,Renningen,71272,8.932650148,48.77515509,3,,,2608161040,,h,1,Bauarbeiten,,,,,,,0.0,1.0
-8184927979055909549-2608161034-7,7023,2608161050,,2,,S,,Böblingen|Sindelfingen|Maichingen|Maichingen Nord|Magstadt|Renningen Süd,8000313,Renningen,Baden-Württemberg,Renningen,71272,8.932650148,48.77515509,3,2608161055,,,,h,1,Bauarbeiten,,,,,,,5.0,0.0
-7308031673454482833-2608161025-10,7620,2608161049,2608161052,3,,S,S6,Stuttgart-Feuerbach|Stuttgart-Zuffenhausen|Neuwirtshaus(Porscheplatz)|Korntal|Weilimdorf|Ditzingen|Höfingen|Leonberg|Rutesheim,8000313,Renningen,Baden-Württemberg,Renningen,71272,8.932650148,48.77515509,3,2608161049,,2608161052,,h,1,Bauarbeiten,,,,,,,0.0,0.0
-5490136514049086248-2608160950-7,7218,2608161007,2608161007,1,,S,S2,Stuttgart Hbf|Stuttgart-Bad Cannstatt|Stuttgart Nürnberger Str.|Stuttgart-Sommerrain|Fellbach|Waiblingen,8005157,Rommelshausen,Baden-Württemberg,Kernen,71394,9.319175885,48.81552017,4,2608161009,,2608161010,,h,1,Bauarbeiten,,,,,,,2.0,3.0
-5744741285825368478-2608161003-9,7223,2608161021,2608161022,2,,S,S2,Schorndorf|Weiler(Rems)|Winterbach(b Schorndorf)|Geradstetten|Grunbach|Beutelsbach|Endersbach|Stetten-Beinstein,8005157,Rommelshausen,Baden-Württemberg,Kernen,71394,9.319175885,48.81552017,4,2608161023,,2608161024,,h,1,Bauarbeiten,,,,,,,2.0,2.0
1693494407392386618-2608161033-9,7225,2608161051,2608161052,2,,S,S2,Schorndorf|Weiler(Rems)|Winterbach(b Schorndorf)|Geradstetten|Grunbach|Beutelsbach|Endersbach|Stetten-Beinstein,8005157,Rommelshausen,Baden-Württemberg,Kernen,71394,9.319175885,48.81552017,4,2608161053,,2608161054,,h,1,Bauarbeiten,,,,,,,2.0,2.0
6322126178978866702-2608161020-7,7220,2608161037,2608161037,1,,S,S2,Stuttgart Hbf|Stuttgart-Bad Cannstatt|Stuttgart Nürnberger Str.|Stuttgart-Sommerrain|Fellbach|Waiblingen,8005157,Rommelshausen,Baden-Württemberg,Kernen,71394,9.319175885,48.81552017,4,2608161037,,2608161038,,h,1,Bauarbeiten,,,,,,,0.0,1.0
4020522159033593992-2608160955-9,7618,2608161016,2608161016,2,,S,S6,Stuttgart-Feuerbach|Stuttgart-Zuffenhausen|Neuwirtshaus(Porscheplatz)|Korntal|Weilimdorf|Ditzingen|Höfingen|Leonberg,8005236,Rutesheim,Baden-Württemberg,Leonberg,71229,8.960325242,48.79031093,5,2608161016,,2608161017,,h,1,Bauarbeiten,,,,,,,0.0,1.0
2950375177003534264-2608161003-4,7623,2608161013,2608161014,1,,S,S6,Weil der Stadt|Malmsheim|Renningen,8005236,Rutesheim,Baden-Württemberg,Leonberg,71229,8.960325242,48.79031093,5,2608161014,,2608161014,,h,1,Bauarbeiten,,,,,,,1.0,0.0
-6402095136362730142-2608161033-4,7625,2608161043,2608161044,1,,S,S6,Weil der Stadt|Malmsheim|Renningen,8005236,Rutesheim,Baden-Württemberg,Leonberg,71229,8.960325242,48.79031093,5,2608161044,,2608161044,,h,1,Bauarbeiten,,,,,,,1.0,0.0
-7308031673454482833-2608161025-9,7620,2608161046,2608161046,2,,S,S6,Stuttgart-Feuerbach|Stuttgart-Zuffenhausen|Neuwirtshaus(Porscheplatz)|Korntal|Weilimdorf|Ditzingen|Höfingen|Leonberg,8005236,Rutesheim,Baden-Württemberg,Leonberg,71229,8.960325242,48.79031093,5,2608161047,,2608161047,,h,1,Bauarbeiten,,,,,,,1.0,1.0
-4962876421235356772-2608161020-4,19463,2608161043,2608161044,2,,ARV,13,Stuttgart Hbf|Stuttgart-Bad Cannstatt|Waiblingen,8005424,Schorndorf,Baden-Württemberg,Schorndorf,73614,9.525686251,48.80693898,3,2608161057,,2608161058,,h,2,Information,,,,,,,14.0,14.0
-1911061254471998655-2608161002-3,19674,2608161028,2608161029,3,,ARV,1,Aalen Hbf|Schwäbisch Gmünd,8005424,Schorndorf,Baden-Württemberg,Schorndorf,73614,9.525686251,48.80693898,3,2608161033,,2608161034,,h,2,Information,,,,,,,5.0,5.0
-1095552617191025644-2608160911-15,19464,2608161013,2608161014,3,,ARV,13,Ellwangen|Schrezheim|Schwabsberg|Goldshöfe|Hofen(b Aalen)|Wasseralfingen|Aalen Hbf|Mögglingen(Gmünd)|Böbingen(Rems)|Schwäbisch Gmünd|Lorch(Württ)|Waldhausen(b Schorndorf)|Plüderhausen|Urbach(b Schorndorf),8005424,Schorndorf,Baden-Württemberg,Schorndorf,73614,9.525686251,48.80693898,3,2608161017,,2608161018,,h,2,Information,,,,,,,4.0,4.0
-5490136514049086248-2608160950-15,7218,2608161025,,1,,S,,Stuttgart Hbf|Stuttgart-Bad Cannstatt|Stuttgart Nürnberger Str.|Stuttgart-Sommerrain|Fellbach|Waiblingen|Rommelshausen|Stetten-Beinstein|Endersbach|Beutelsbach|Grunbach|Geradstetten|Winterbach(b Schorndorf)|Weiler(Rems),8005424,Schorndorf,Baden-Württemberg,Schorndorf,73614,9.525686251,48.80693898,3,2608161028,14,,,h,1,Bauarbeiten,,,,,,,3.0,0.0
-5744741285825368478-2608161003-1,7223,,2608161003,,,S,S2,,8005424,Schorndorf,Baden-Württemberg,Schorndorf,73614,9.525686251,48.80693898,3,,,2608161005,14,h,1,Bauarbeiten,,,,,,,0.0,2.0
1693494407392386618-2608161033-1,7225,,2608161033,,,S,S2,,8005424,Schorndorf,Baden-Württemberg,Schorndorf,73614,9.525686251,48.80693898,3,,,2608161035,1,h,1,Bauarbeiten,,,,,,,0.0,2.0
2453076408455294627-2608161007-9,19416,2608161043,2608161044,3,,ARV,13,Aalen Hbf|Mögglingen(Gmünd)|Böbingen(Rems)|Schwäbisch Gmünd|Lorch(Württ)|Waldhausen(b Schorndorf)|Plüderhausen|Urbach(b Schorndorf),8005424,Schorndorf,Baden-Württemberg,Schorndorf,73614,9.525686251,48.80693898,3,2608161045,,2608161046,,h,2,Information,,,,,,,2.0,2.0
-7307794314477301982-2608160947-4,19411,2608161013,2608161014,2,,ARV,13,Stuttgart Hbf|Stuttgart-Bad Cannstatt|Waiblingen,8005424,Schorndorf,Baden-Württemberg,Schorndorf,73614,9.525686251,48.80693898,3,2608161013,,2608161014,,h,2,Information,,,,,,,0.0,0.0
6322126178978866702-2608161020-15,7220,2608161055,,14,,S,,Stuttgart Hbf|Stuttgart-Bad Cannstatt|Stuttgart Nürnberger Str.|Stuttgart-Sommerrain|Fellbach|Waiblingen|Rommelshausen|Stetten-Beinstein|Endersbach|Beutelsbach|Grunbach|Geradstetten|Winterbach(b Schorndorf)|Weiler(Rems),8005424,Schorndorf,Baden-Württemberg,Schorndorf,73614,9.525686251,48.80693898,3,2608161056,1,,,h,1,Bauarbeiten,,,,,,,1.0,0.0
7865685729445651076-2608161041-5,7325,2608161052,2608161053,1,,S,S3,Backnang|Maubach|Nellmersbach|Winnenden,8005454,Schwaikheim,Baden-Württemberg,Schwaikheim,71409,9.354747358,48.86832665,4,2608161054,,2608161055,,,,,,,,,,,2.0,2.0
-3458122613243093077-2608161011-5,7323,2608161022,2608161023,1,,S,S3,Backnang|Maubach|Nellmersbach|Winnenden,8005454,Schwaikheim,Baden-Württemberg,Schwaikheim,71409,9.354747358,48.86832665,4,2608161022,,2608161023,,,,,,,,,,,0.0,0.0
-8732112204278142844-2608160942-8,7318,2608161006,2608161006,2,,S,S3,Stuttgart Hbf|Stuttgart-Bad Cannstatt|Stuttgart Nürnberger Str.|Stuttgart-Sommerrain|Fellbach|Waiblingen|Neustadt-Hohenacker,8005454,Schwaikheim,Baden-Württemberg,Schwaikheim,71409,9.354747358,48.86832665,4,2608161007,,2608161008,,,,,,,,,,,1.0,2.0
3369645008221624491-2608161012-8,7320,2608161036,2608161036,2,,S,S3,Stuttgart Hbf|Stuttgart-Bad Cannstatt|Stuttgart Nürnberger Str.|Stuttgart-Sommerrain|Fellbach|Waiblingen|Neustadt-Hohenacker,8005454,Schwaikheim,Baden-Württemberg,Schwaikheim,71409,9.354747358,48.86832665,4,2608161036,,2608161037,,,,,,,,,,,0.0,1.0
-818110883220454222-2608161004-2,7021,2608161006,2608161007,1,,S,S60,Böblingen,8005574,Sindelfingen,Baden-Württemberg,Sindelfingen,71063,8.999262079,48.70387346,6,2608161009,,2608161008,,h,1,Bauarbeiten,,,,,,,3.0,1.0
-4602932826430641321-2608161009-6,7022,2608161022,2608161023,1,,S,S60,Renningen|Renningen Süd|Magstadt|Maichingen Nord|Maichingen,8005574,Sindelfingen,Baden-Württemberg,Sindelfingen,71063,8.999262079,48.70387346,6,2608161022,,2608161023,,h,1,Bauarbeiten,,,,,,,0.0,0.0
-9083652337873788305-2608161039-6,7024,2608161052,2608161053,1,,S,S60,Renningen|Renningen Süd|Magstadt|Maichingen Nord|Maichingen,8005574,Sindelfingen,Baden-Württemberg,Sindelfingen,71063,8.999262079,48.70387346,6,2608161054,,2608161055,,h,1,Bauarbeiten,,,,,,,2.0,2.0
-8184927979055909549-2608161034-2,7023,2608161036,2608161037,1,,S,S60,Böblingen,8005574,Sindelfingen,Baden-Württemberg,Sindelfingen,71063,8.999262079,48.70387346,6,2608161041,,2608161042,,h,1,Bauarbeiten,,,,,,,5.0,5.0
-5490136514049086248-2608160950-8,7218,2608161009,2608161009,1,,S,S2,Stuttgart Hbf|Stuttgart-Bad Cannstatt|Stuttgart Nürnberger Str.|Stuttgart-Sommerrain|Fellbach|Waiblingen|Rommelshausen,8005726,Stetten-Beinstein,Baden-Württemberg,Weinstadt,71384,9.352769725,48.81199601,5,2608161012,,2608161012,,h,1,Bauarbeiten,,,,,,,3.0,3.0
-5744741285825368478-2608161003-8,7223,2608161019,2608161019,2,,S,S2,Schorndorf|Weiler(Rems)|Winterbach(b Schorndorf)|Geradstetten|Grunbach|Beutelsbach|Endersbach,8005726,Stetten-Beinstein,Baden-Württemberg,Weinstadt,71384,9.352769725,48.81199601,5,2608161020,,2608161021,,h,1,Bauarbeiten,,,,,,,1.0,2.0
1693494407392386618-2608161033-8,7225,2608161049,2608161049,2,,S,S2,Schorndorf|Weiler(Rems)|Winterbach(b Schorndorf)|Geradstetten|Grunbach|Beutelsbach|Endersbach,8005726,Stetten-Beinstein,Baden-Württemberg,Weinstadt,71384,9.352769725,48.81199601,5,2608161051,,2608161051,,h,1,Bauarbeiten,,,,,,,2.0,2.0
6322126178978866702-2608161020-8,7220,2608161039,2608161039,1,,S,S2,Stuttgart Hbf|Stuttgart-Bad Cannstatt|Stuttgart Nürnberger Str.|Stuttgart-Sommerrain|Fellbach|Waiblingen|Rommelshausen,8005726,Stetten-Beinstein,Baden-Württemberg,Weinstadt,71384,9.352769725,48.81199601,5,2608161040,,2608161040,,h,1,Bauarbeiten,,,,,,,1.0,1.0
-8095609924560248805-2608161037-1,4213,,2608161037,,,RE,RE5,,8000096,Stuttgart Hbf,Baden-Württemberg,Stuttgart,70173,9.183172973,48.78473069,1,,,2608161037,,h,2,Störung,,,,,,,0.0,0.0
-1189276613530094055-2608160835-12,50388,2608161043,,6,,RE,,Singen(Hohentwiel)|Engen|Tuttlingen|Spaichingen|Rottweil|Oberndorf(Neckar)|Sulz(Neckar)|Horb|Bondorf(b Herrenberg)|Gäufelden|Herrenberg,8000096,Stuttgart Hbf,Baden-Württemberg,Stuttgart,70173,9.183172973,48.78473069,1,2608161047,,,,h,2,Information,,,,,,,4.0,0.0
-1661774076103664064-2608160737-14,388,2608161043,,6,,IC,,Zürich HB|Schaffhausen|Singen(Hohentwiel)|Engen|Tuttlingen|Spaichingen|Rottweil|Oberndorf(Neckar)|Sulz(Neckar)|Horb|Bondorf(b Herrenberg)|Gäufelden|Herrenberg,8000096,Stuttgart Hbf,Baden-Württemberg,Stuttgart,70173,9.183172973,48.78473069,1,2608161047,,,,h,2,Information,,,,,,,4.0,0.0
2637647456829895544-2608161027-1,7522,,2608161027,,,S,S5,,8000096,Stuttgart Hbf,Baden-Württemberg,Stuttgart,70173,9.183172973,48.78473069,1,,,2608161027,,,,,,,,,,,0.0,0.0
-4173515961480171343-2608160836-22,19128,2608161016,,14,,ARV,,Ulm Hbf|Beimerstetten|Westerstetten|Lonsee|Urspring|Amstetten(Württ)|Geislingen(Steige)|Geislingen(Steige)West|Kuchen|Gingen(Fils)|Süßen|Salach|Eislingen(Fils)|Göppingen|Faurndau|Uhingen|Ebersbach(Fils)|Reichenbach(Fils)|Plochingen|Esslingen(Neckar)|Stuttgart-Bad Cannstatt,8000096,Stuttgart Hbf,Baden-Württemberg,Stuttgart,70173,9.183172973,48.78473069,1,2608161015,,,,,,,,,,,,,-1.0,0.0
1234179832557474006-2608161042-1,19133,,2608161042,,,ARV,16,,8000096,Stuttgart Hbf,Baden-Württemberg,Stuttgart,70173,9.183172973,48.78473069,1,,,2608161042,,,,,,,,,,,0.0,0.0
-1316725331766652964-2608160603-9,513,2608161011,2608161017,15,,ICE,,Münster(Westf)Hbf|Dortmund Hbf|Hagen Hbf|Wuppertal Hbf|Solingen Hbf|Köln Hbf|Frankfurt(M) Flughafen Fernbf|Mannheim Hbf,8000096,Stuttgart Hbf,Baden-Württemberg,Stuttgart,70173,9.183172973,48.78473069,1,2608161051,16,2608161058,16,c,,,,,Münster(Westf)Hbf|Dortmund Hbf|Hagen Hbf|Wuppertal Hbf|Solingen Hbf|Köln Hbf|Frankfurt(M) Flughafen Fernbf|Mannheim Hbf,Ulm Hbf|Augsburg Hbf|München-Pasing|München Hbf,,,40.0,41.0
-3343549403744548318-2608161007-1,7418,,2608161007,,,S,S4,,8000096,Stuttgart Hbf,Baden-Württemberg,Stuttgart,70173,9.183172973,48.78473069,1,,,2608161007,,,,,,,,,,,0.0,0.0
-6823588506366559231-2608160932-7,19009,2608161035,,7,,ARV,,Karlsruhe Hbf|Karlsruhe-Durlach|Wilferdingen-Singen|Pforzheim Hbf|Mühlacker|Vaihingen(Enz),8000096,Stuttgart Hbf,Baden-Württemberg,Stuttgart,70173,9.183172973,48.78473069,1,2608161036,,,,,,,,,,,,,1.0,0.0
-4962876421235356772-2608161020-1,19463,,2608161020,,,ARV,13,,8000096,Stuttgart Hbf,Baden-Württemberg,Stuttgart,70173,9.183172973,48.78473069,1,,,2608161033,,h,2,Information,,,,,,,0.0,13.0
1776310181530037216-2608160911-9,17520,2608161002,,12,,RE,,Gaildorf West|Murrhardt|Sulzbach(Murr)|Oppenweiler(Württ)|Backnang|Winnenden|Waiblingen|Stuttgart-Bad Cannstatt,8000096,Stuttgart Hbf,Baden-Württemberg,Stuttgart,70173,9.183172973,48.78473069,1,2608161005,,,,,,,,,,,,,3.0,0.0
-1911061254471998655-2608161002-4,19674,2608161050,,10,,ARV,,Aalen Hbf|Schwäbisch Gmünd|Schorndorf,8000096,Stuttgart Hbf,Baden-Württemberg,Stuttgart,70173,9.183172973,48.78473069,1,2608161052,,,,h,2,Information,,,,,,,2.0,0.0
-1095552617191025644-2608160911-18,19464,2608161039,,13,,ARV,,Ellwangen|Schrezheim|Schwabsberg|Goldshöfe|Hofen(b Aalen)|Wasseralfingen|Aalen Hbf|Mögglingen(Gmünd)|Böbingen(Rems)|Schwäbisch Gmünd|Lorch(Württ)|Waldhausen(b Schorndorf)|Plüderhausen|Urbach(b Schorndorf)|Schorndorf|Waiblingen|Stuttgart-Bad Cannstatt,8000096,Stuttgart Hbf,Baden-Württemberg,Stuttgart,70173,9.183172973,48.78473069,1,2608161040,,,,h,2,Information,,,,,,,1.0,0.0
-3500147189403182024-2608161033-3,28476,2608161055,,7,,RE,,Böblingen|Stuttgart-Vaihingen,8000096,Stuttgart Hbf,Baden-Württemberg,Stuttgart,70173,9.183172973,48.78473069,1,2608161058,,,,,,,,,,,,,3.0,0.0
1903285139654996464-2608160907-12,19414,2608161009,,13,,ARV,,Aalen Hbf|Mögglingen(Gmünd)|Böbingen(Rems)|Schwäbisch Gmünd|Lorch(Württ)|Waldhausen(b Schorndorf)|Plüderhausen|Urbach(b Schorndorf)|Schorndorf|Waiblingen|Stuttgart-Bad Cannstatt,8000096,Stuttgart Hbf,Baden-Württemberg,Stuttgart,70173,9.183172973,48.78473069,1,2608161026,,,,h,2,Information,,,,,,,17.0,0.0
4974850166012956417-2608161018-1,17633,,2608161018,,,RE,RE14a,,8000096,Stuttgart Hbf,Baden-Württemberg,Stuttgart,70173,9.183172973,48.78473069,1,,,2608161018,,h,2,Bauarbeiten,,,,,,,0.0,0.0
-7426539360191391345-2608161003-14,7423,2608161055,,1,,S,,Backnang|Burgstall(Murr)|Kirchberg(Murr)|Erdmannhausen|Marbach(Neckar)|Benningen(Neckar)|Freiberg(Neckar)|Favoritepark|Ludwigsburg|Kornwestheim Pbf|Stuttgart-Zuffenhausen|Stuttgart-Feuerbach|Stuttgart Nordbahnhof,8000096,Stuttgart Hbf,Baden-Württemberg,Stuttgart,70173,9.183172973,48.78473069,1,2608161100,,,,h,1,Bauarbeiten,,,,,,,5.0,0.0
-5758371317786012481-2608160916-10,19224,2608161006,2608161019,11,,RE,MEX12,Reutlingen Hbf|Metzingen(Württ)|Bempflingen|Nürtingen|Oberboihingen|Wendlingen(Neckar)|Plochingen|Esslingen(Neckar)|Stuttgart-Bad Cannstatt,8000096,Stuttgart Hbf,Baden-Württemberg,Stuttgart,70173,9.183172973,48.78473069,1,,,,,h,2,Bauarbeiten,,,,,c,c,0.0,0.0
-5744741285825368478-2608161003-15,7223,2608161040,,3,,S,,Schorndorf|Weiler(Rems)|Winterbach(b Schorndorf)|Geradstetten|Grunbach|Beutelsbach|Endersbach|Stetten-Beinstein|Rommelshausen|Waiblingen|Fellbach|Stuttgart-Sommerrain|Stuttgart Nürnberger Str.|Stuttgart-Bad Cannstatt,8000096,Stuttgart Hbf,Baden-Württemberg,Stuttgart,70173,9.183172973,48.78473069,1,2608161040,,,,h,1,Bauarbeiten,,,,,,,0.0,0.0
1242637405260038902-2608160845-5,1890,2608161043,2608161049,9,,ICE,,München Hbf|München-Pasing|Augsburg Hbf|Ulm Hbf,8000096,Stuttgart Hbf,Baden-Württemberg,Stuttgart,70173,9.183172973,48.78473069,1,2608161046,,2608161050,,h,2,Information,,,,,,,3.0,1.0
3280771685323636681-2608160529-9,573,2608161038,,5,,ICE,,Hamburg Hbf|Uelzen|Celle|Hannover Hbf|Göttingen|Kassel-Wilhelmshöhe|Frankfurt(Main)Hbf|Mannheim Hbf,8000096,Stuttgart Hbf,Baden-Württemberg,Stuttgart,70173,9.183172973,48.78473069,1,2608161101,,,,h,1,Störung,,,,,,,23.0,0.0
7217641967291303467-2608161004-1,19131,,2608161004,,,ARV,16,,8000096,Stuttgart Hbf,Baden-Württemberg,Stuttgart,70173,9.183172973,48.78473069,1,,,2608161004,,,,,,,,,,,0.0,0.0
-2474957485418445044-2608161032-1,19010,,2608161032,,,ARV,1,,8000096,Stuttgart Hbf,Baden-Württemberg,Stuttgart,70173,9.183172973,48.78473069,1,,,2608161032,,,,,,,,,,,0.0,0.0
-5601830997423128751-2608160933-14,7421,2608161025,,1,,S,,Backnang|Burgstall(Murr)|Kirchberg(Murr)|Erdmannhausen|Marbach(Neckar)|Benningen(Neckar)|Freiberg(Neckar)|Favoritepark|Ludwigsburg|Kornwestheim Pbf|Stuttgart-Zuffenhausen|Stuttgart-Feuerbach|Stuttgart Nordbahnhof,8000096,Stuttgart Hbf,Baden-Württemberg,Stuttgart,70173,9.183172973,48.78473069,1,2608161025,,,,h,1,Bauarbeiten,,,,,,,0.0,0.0
-5123000102184120400-2608161018-1,17631,,2608161018,,,RE,RE14b,,8000096,Stuttgart Hbf,Baden-Württemberg,Stuttgart,70173,9.183172973,48.78473069,1,,,2608161018,,,,,,,,,,,0.0,0.0
2619334060544690076-2608160941-12,7321,2608161017,,4,,S,,Backnang|Maubach|Nellmersbach|Winnenden|Schwaikheim|Neustadt-Hohenacker|Waiblingen|Fellbach|Stuttgart-Sommerrain|Stuttgart Nürnberger Str.|Stuttgart-Bad Cannstatt,8000096,Stuttgart Hbf,Baden-Württemberg,Stuttgart,70173,9.183172973,48.78473069,1,2608161016,,,,,,,,,,,,,-1.0,0.0
-3458122613243093077-2608161011-12,7323,2608161047,,4,,S,,Backnang|Maubach|Nellmersbach|Winnenden|Schwaikheim|Neustadt-Hohenacker|Waiblingen|Fellbach|Stuttgart-Sommerrain|Stuttgart Nürnberger Str.|Stuttgart-Bad Cannstatt,8000096,Stuttgart Hbf,Baden-Württemberg,Stuttgart,70173,9.183172973,48.78473069,1,2608161047,,,,,,,,,,,,,0.0,0.0
-6027496912439365984-2608160933-15,7221,2608161010,,3,,S,,Schorndorf|Weiler(Rems)|Winterbach(b Schorndorf)|Geradstetten|Grunbach|Beutelsbach|Endersbach|Stetten-Beinstein|Rommelshausen|Waiblingen|Fellbach|Stuttgart-Sommerrain|Stuttgart Nürnberger Str.|Stuttgart-Bad Cannstatt,8000096,Stuttgart Hbf,Baden-Württemberg,Stuttgart,70173,9.183172973,48.78473069,1,2608161010,,,,h,1,Bauarbeiten,,,,,,,0.0,0.0
3852770285149226156-2608161057-1,7524,,2608161057,,,S,S5,,8000096,Stuttgart Hbf,Baden-Württemberg,Stuttgart,70173,9.183172973,48.78473069,1,,,2608161101,,,,,,,,,,,0.0,4.0
390998906735625917-2608161050-1,7222,,2608161050,,,S,S2,,8000096,Stuttgart Hbf,Baden-Württemberg,Stuttgart,70173,9.183172973,48.78473069,1,,,2608161051,,h,1,Bauarbeiten,,,,,,,0.0,1.0
-7788131432789800153-2608161028-1,185,,2608161028,,,IC,,,8000096,Stuttgart Hbf,Baden-Württemberg,Stuttgart,70173,9.183172973,48.78473069,1,,,2608161029,,h,2,Information,,,,,,,0.0,1.0
4518629887515619781-2608161042-1,7322,,2608161042,,,S,S3,,8000096,Stuttgart Hbf,Baden-Württemberg,Stuttgart,70173,9.183172973,48.78473069,1,,,2608161043,,,,,,,,,,,0.0,1.0
4240560713859352915-2608161003-1,28477,,2608161003,,,RE,RESB,,8000096,Stuttgart Hbf,Baden-Württemberg,Stuttgart,70173,9.183172973,48.78473069,1,,,2608161005,7,,,,,,,,,,0.0,2.0
-1847498060052889012-2608160920-15,7121,2608161005,,4,,S,,Kirchheim(Teck)|Kirchheim(Teck)-Ötlingen|Wendlingen(Neckar)|Wernau(Neckar)|Plochingen|Altbach|Esslingen-Zell|Oberesslingen|Esslingen(Neckar)|Esslingen-Mettingen|Stuttgart-Obertürkheim|Stuttgart-Untertürkheim|Stuttgart Neckarpark|Stuttgart-Bad Cannstatt,8000096,Stuttgart Hbf,Baden-Württemberg,Stuttgart,70173,9.183172973,48.78473069,1,2608161005,,,,,,,,,,,,,0.0,0.0
-5166403716311055485-2608160948-16,19130,2608161052,,13,,ARV,,Geislingen(Steige)|Geislingen(Steige)West|Kuchen|Gingen(Fils)|Süßen|Salach|Eislingen(Fils)|Göppingen|Faurndau|Uhingen|Ebersbach(Fils)|Reichenbach(Fils)|Plochingen|Esslingen(Neckar)|Stuttgart-Bad Cannstatt,8000096,Stuttgart Hbf,Baden-Württemberg,Stuttgart,70173,9.183172973,48.78473069,1,2608161056,,,,,,,,,,,,,4.0,0.0
-113756971786229411-2608160906-4,2067,2608161003,2608161009,16,,IC,,Karlsruhe Hbf|Pforzheim Hbf|Mühlacker,8000096,Stuttgart Hbf,Baden-Württemberg,Stuttgart,70173,9.183172973,48.78473069,1,2608161000,,2608161009,,,,,,,,,,,-3.0,0.0
1883247737282704559-2608160950-15,7123,2608161035,,4,,S,,Kirchheim(Teck)|Kirchheim(Teck)-Ötlingen|Wendlingen(Neckar)|Wernau(Neckar)|Plochingen|Altbach|Esslingen-Zell|Oberesslingen|Esslingen(Neckar)|Esslingen-Mettingen|Stuttgart-Obertürkheim|Stuttgart-Untertürkheim|Stuttgart Neckarpark|Stuttgart-Bad Cannstatt,8000096,Stuttgart Hbf,Baden-Württemberg,Stuttgart,70173,9.183172973,48.78473069,1,2608161035,,,,,,,,,,,,,0.0,0.0
1159985668244142556-2608161037-1,7420,,2608161037,,,S,S4,,8000096,Stuttgart Hbf,Baden-Württemberg,Stuttgart,70173,9.183172973,48.78473069,1,,,2608161038,,,,,,,,,,,0.0,1.0
-8881926522168146299-2608161015-1,88230,,2608161015,,,RB,RB79,,8000096,Stuttgart Hbf,Baden-Württemberg,Stuttgart,70173,9.183172973,48.78473069,1,,,,,,,,,,,,,c,0.0,0.0
-4246257206980900069-2608161028-1,50185,,2608161028,,,RE,IC87,,8000096,Stuttgart Hbf,Baden-Württemberg,Stuttgart,70173,9.183172973,48.78473069,1,,,2608161029,,h,2,Information,,,,,,,0.0,1.0
5322716827489361771-2608161047-1,19413,,2608161047,,,ARV,13,,8000096,Stuttgart Hbf,Baden-Württemberg,Stuttgart,70173,9.183172973,48.78473069,1,,,2608161047,,h,2,Information,,,,,,,0.0,0.0
-3857622875781178481-2608161025-1,7122,,2608161025,,,S,S1,,8000096,Stuttgart Hbf,Baden-Württemberg,Stuttgart,70173,9.183172973,48.78473069,1,,,2608161025,,,,,,,,,,,0.0,0.0
6322126178978866702-2608161020-1,7220,,2608161020,,,S,S2,,8000096,Stuttgart Hbf,Baden-Württemberg,Stuttgart,70173,9.183172973,48.78473069,1,,,2608161021,,h,1,Bauarbeiten,,,,,,,0.0,1.0
2383309551233687619-2608160937-8,7521,2608161005,,2,,S,,Bietigheim-Bissingen|Tamm(Württ)|Asperg|Ludwigsburg|Kornwestheim Pbf|Stuttgart-Zuffenhausen|Stuttgart Nordbahnhof,8000096,Stuttgart Hbf,Baden-Württemberg,Stuttgart,70173,9.183172973,48.78473069,1,2608161005,,,,,,,,,,,,,0.0,0.0
-969977125013015245-2608161055-1,7124,,2608161055,,,S,S1,,8000096,Stuttgart Hbf,Baden-Württemberg,Stuttgart,70173,9.183172973,48.78473069,1,,,2608161055,,,,,,,,,,,0.0,0.0
1257902799455838334-2608160806-13,4208,2608161022,,12,,RE,,Friedrichshafen Stadt|Meckenbeuren|Ravensburg|Aulendorf|Bad Schussenried|Biberach(Riß)|Laupheim West|Ulm Hbf|Geislingen(Steige)|Göppingen|Plochingen|Esslingen(Neckar),8000096,Stuttgart Hbf,Baden-Württemberg,Stuttgart,70173,9.183172973,48.78473069,1,2608161023,,,,h,2,Störung,,,,,,,1.0,0.0
3369645008221624491-2608161012-1,7320,,2608161012,,,S,S3,,8000096,Stuttgart Hbf,Baden-Württemberg,Stuttgart,70173,9.183172973,48.78473069,1,,,2608161012,,,,,,,,,,,0.0,0.0
2034483306873440959-2608161007-8,7523,2608161035,,2,,S,,Bietigheim-Bissingen|Tamm(Württ)|Asperg|Ludwigsburg|Kornwestheim Pbf|Stuttgart-Zuffenhausen|Stuttgart Nordbahnhof,8000096,Stuttgart Hbf,Baden-Württemberg,Stuttgart,70173,9.183172973,48.78473069,1,2608161034,,,,,,,,,,,,,-1.0,0.0
3860500769095963-2608160957-9,19219,2608161042,2608161051,14,,RE,MEX12,Heilbronn Hbf|Nordheim(Württ)|Lauffen(Neckar)|Kirchheim(Neckar)|Walheim(Württ)|Besigheim|Bietigheim-Bissingen|Ludwigsburg,8000096,Stuttgart Hbf,Baden-Württemberg,Stuttgart,70173,9.183172973,48.78473069,1,2608161045,,2608161053,,h,2,Bauarbeiten,,,,,,,3.0,2.0
177633655577527440-2608161020-13,7125,2608161057,2608161057,1,,S,S1,Kirchheim(Teck)|Kirchheim(Teck)-Ötlingen|Wendlingen(Neckar)|Wernau(Neckar)|Plochingen|Altbach|Esslingen-Zell|Oberesslingen|Esslingen(Neckar)|Esslingen-Mettingen|Stuttgart-Obertürkheim|Stuttgart-Untertürkheim,8006743,Stuttgart Neckarpark,Baden-Württemberg,Stuttgart,70372,9.24106855,48.79194362,4,2608161057,,2608161058,,,,,,,,,,,0.0,1.0
1883247737282704559-2608160950-13,7123,2608161027,2608161027,1,,S,S1,Kirchheim(Teck)|Kirchheim(Teck)-Ötlingen|Wendlingen(Neckar)|Wernau(Neckar)|Plochingen|Altbach|Esslingen-Zell|Oberesslingen|Esslingen(Neckar)|Esslingen-Mettingen|Stuttgart-Obertürkheim|Stuttgart-Untertürkheim,8006743,Stuttgart Neckarpark,Baden-Württemberg,Stuttgart,70372,9.24106855,48.79194362,4,2608161027,,2608161027,,,,,,,,,,,0.0,0.0
1948316409304944114-2608160955-3,7120,2608161002,2608161002,2,,S,S1,Stuttgart Hbf|Stuttgart-Bad Cannstatt,8006743,Stuttgart Neckarpark,Baden-Württemberg,Stuttgart,70372,9.24106855,48.79194362,4,2608161005,,2608161005,,,,,,,,,,,3.0,3.0
-3857622875781178481-2608161025-3,7122,2608161032,2608161032,2,,S,S1,Stuttgart Hbf|Stuttgart-Bad Cannstatt,8006743,Stuttgart Neckarpark,Baden-Württemberg,Stuttgart,70372,9.24106855,48.79194362,4,2608161032,,2608161032,,,,,,,,,,,0.0,0.0
2637647456829895544-2608161027-2,7522,2608161030,2608161031,3,,S,S5,Stuttgart Hbf,8005767,Stuttgart Nord,Baden-Württemberg,Stuttgard-Nord,70174,9.188061449,48.80374161,5,2608161030,,2608161032,,,,,,,,,,,0.0,1.0
-3343549403744548318-2608161007-2,7418,2608161010,2608161011,3,,S,S4,Stuttgart Hbf,8005767,Stuttgart Nord,Baden-Württemberg,Stuttgard-Nord,70174,9.188061449,48.80374161,5,2608161011,,2608161012,,,,,,,,,,,1.0,1.0
-5620146281814356081-2608160957-2,7520,2608161000,2608161001,3,,S,S5,Stuttgart Hbf,8005767,Stuttgart Nord,Baden-Württemberg,Stuttgard-Nord,70174,9.188061449,48.80374161,5,2608161001,,2608161002,,,,,,,,,,,1.0,1.0
-7426539360191391345-2608161003-13,7423,2608161049,2608161051,4,,S,S4,Backnang|Burgstall(Murr)|Kirchberg(Murr)|Erdmannhausen|Marbach(Neckar)|Benningen(Neckar)|Freiberg(Neckar)|Favoritepark|Ludwigsburg|Kornwestheim Pbf|Stuttgart-Zuffenhausen|Stuttgart-Feuerbach,8005767,Stuttgart Nord,Baden-Württemberg,Stuttgard-Nord,70174,9.188061449,48.80374161,5,2608161055,,2608161056,,h,1,Bauarbeiten,,,,,,,6.0,5.0
-5601830997423128751-2608160933-13,7421,2608161019,2608161021,4,,S,S4,Backnang|Burgstall(Murr)|Kirchberg(Murr)|Erdmannhausen|Marbach(Neckar)|Benningen(Neckar)|Freiberg(Neckar)|Favoritepark|Ludwigsburg|Kornwestheim Pbf|Stuttgart-Zuffenhausen|Stuttgart-Feuerbach,8005767,Stuttgart Nord,Baden-Württemberg,Stuttgard-Nord,70174,9.188061449,48.80374161,5,2608161021,,2608161021,,h,1,Bauarbeiten,,,,,,,2.0,0.0
-2816280450857318747-2608161037-7,7525,2608161059,2608161101,4,,S,S5,Bietigheim-Bissingen|Tamm(Württ)|Asperg|Ludwigsburg|Kornwestheim Pbf|Stuttgart-Zuffenhausen,8005767,Stuttgart Nord,Baden-Württemberg,Stuttgard-Nord,70174,9.188061449,48.80374161,5,2608161101,,2608161102,,,,,,,,,,,2.0,1.0
1159985668244142556-2608161037-2,7420,2608161040,2608161041,3,,S,S4,Stuttgart Hbf,8005767,Stuttgart Nord,Baden-Württemberg,Stuttgard-Nord,70174,9.188061449,48.80374161,5,2608161041,,2608161043,,,,,,,,,,,1.0,2.0
2383309551233687619-2608160937-7,7521,2608160959,2608161001,4,,S,S5,Bietigheim-Bissingen|Tamm(Württ)|Asperg|Ludwigsburg|Kornwestheim Pbf|Stuttgart-Zuffenhausen,8005767,Stuttgart Nord,Baden-Württemberg,Stuttgard-Nord,70174,9.188061449,48.80374161,5,2608161001,,2608161001,,,,,,,,,,,2.0,0.0
2034483306873440959-2608161007-7,7523,2608161029,2608161031,4,,S,S5,Bietigheim-Bissingen|Tamm(Württ)|Asperg|Ludwigsburg|Kornwestheim Pbf|Stuttgart-Zuffenhausen,8005767,Stuttgart Nord,Baden-Württemberg,Stuttgard-Nord,70174,9.188061449,48.80374161,5,2608161029,,2608161031,,,,,,,,,,,0.0,0.0
-5744741285825368478-2608161003-13,7223,2608161032,2608161033,1,,S,S2,Schorndorf|Weiler(Rems)|Winterbach(b Schorndorf)|Geradstetten|Grunbach|Beutelsbach|Endersbach|Stetten-Beinstein|Rommelshausen|Waiblingen|Fellbach|Stuttgart-Sommerrain,8004357,Stuttgart Nürnberger Straße,Baden-Württemberg,Stuttgart,70374,9.234576905,48.80656062,5,2608161032,,2608161033,,h,1,Bauarbeiten,,,,,,,0.0,0.0
2619334060544690076-2608160941-10,7321,2608161007,2608161008,1,,S,S3,Backnang|Maubach|Nellmersbach|Winnenden|Schwaikheim|Neustadt-Hohenacker|Waiblingen|Fellbach|Stuttgart-Sommerrain,8004357,Stuttgart Nürnberger Straße,Baden-Württemberg,Stuttgart,70374,9.234576905,48.80656062,5,2608161008,,2608161008,,,,,,,,,,,1.0,0.0
-3458122613243093077-2608161011-10,7323,2608161037,2608161038,1,,S,S3,Backnang|Maubach|Nellmersbach|Winnenden|Schwaikheim|Neustadt-Hohenacker|Waiblingen|Fellbach|Stuttgart-Sommerrain,8004357,Stuttgart Nürnberger Straße,Baden-Württemberg,Stuttgart,70374,9.234576905,48.80656062,5,2608161037,,2608161038,,,,,,,,,,,0.0,0.0
-6027496912439365984-2608160933-13,7221,2608161002,2608161003,1,,S,S2,Schorndorf|Weiler(Rems)|Winterbach(b Schorndorf)|Geradstetten|Grunbach|Beutelsbach|Endersbach|Stetten-Beinstein|Rommelshausen|Waiblingen|Fellbach|Stuttgart-Sommerrain,8004357,Stuttgart Nürnberger Straße,Baden-Württemberg,Stuttgart,70374,9.234576905,48.80656062,5,2608161003,,2608161003,,h,1,Bauarbeiten,,,,,,,1.0,0.0
390998906735625917-2608161050-3,7222,2608161057,2608161057,4,,S,S2,Stuttgart Hbf|Stuttgart-Bad Cannstatt,8004357,Stuttgart Nürnberger Straße,Baden-Württemberg,Stuttgart,70374,9.234576905,48.80656062,5,2608161058,,2608161058,,h,1,Bauarbeiten,,,,,,,1.0,1.0
4518629887515619781-2608161042-3,7322,2608161052,2608161052,4,,S,S3,Stuttgart Hbf|Stuttgart-Bad Cannstatt,8004357,Stuttgart Nürnberger Straße,Baden-Württemberg,Stuttgart,70374,9.234576905,48.80656062,5,2608161052,,2608161052,,,,,,,,,,,0.0,0.0
6322126178978866702-2608161020-3,7220,2608161027,2608161027,4,,S,S2,Stuttgart Hbf|Stuttgart-Bad Cannstatt,8004357,Stuttgart Nürnberger Straße,Baden-Württemberg,Stuttgart,70374,9.234576905,48.80656062,5,2608161027,,2608161028,,h,1,Bauarbeiten,,,,,,,0.0,1.0
3369645008221624491-2608161012-3,7320,2608161022,2608161022,4,,S,S3,Stuttgart Hbf|Stuttgart-Bad Cannstatt,8004357,Stuttgart Nürnberger Straße,Baden-Württemberg,Stuttgart,70374,9.234576905,48.80656062,5,2608161022,,2608161022,,,,,,,,,,,0.0,0.0
-4173515961480171343-2608160836-21,19128,2608161011,2608161012,5,,ARV,16,Ulm Hbf|Beimerstetten|Westerstetten|Lonsee|Urspring|Amstetten(Württ)|Geislingen(Steige)|Geislingen(Steige)West|Kuchen|Gingen(Fils)|Süßen|Salach|Eislingen(Fils)|Göppingen|Faurndau|Uhingen|Ebersbach(Fils)|Reichenbach(Fils)|Plochingen|Esslingen(Neckar),8005769,Stuttgart-Bad Cannstatt,Baden-Württemberg,Stuttgart,70372,9.217468636,48.80127978,3,2608161009,,2608161012,,,,,,,,,,,-2.0,0.0
1234179832557474006-2608161042-2,19133,2608161045,2608161046,8,,ARV,16,Stuttgart Hbf,8005769,Stuttgart-Bad Cannstatt,Baden-Württemberg,Stuttgart,70372,9.217468636,48.80127978,3,2608161046,,2608161047,,,,,,,,,,,1.0,1.0
-4962876421235356772-2608161020-2,19463,2608161024,2608161025,7,,ARV,13,Stuttgart Hbf,8005769,Stuttgart-Bad Cannstatt,Baden-Württemberg,Stuttgart,70372,9.217468636,48.80127978,3,2608161036,,2608161037,,h,2,Information,,,,,,,12.0,12.0
-1095552617191025644-2608160911-17,19464,2608161035,2608161035,6,,ARV,13,Ellwangen|Schrezheim|Schwabsberg|Goldshöfe|Hofen(b Aalen)|Wasseralfingen|Aalen Hbf|Mögglingen(Gmünd)|Böbingen(Rems)|Schwäbisch Gmünd|Lorch(Württ)|Waldhausen(b Schorndorf)|Plüderhausen|Urbach(b Schorndorf)|Schorndorf|Waiblingen,8005769,Stuttgart-Bad Cannstatt,Baden-Württemberg,Stuttgart,70372,9.217468636,48.80127978,3,2608161035,,2608161036,,h,2,Information,,,,,,,0.0,1.0
1903285139654996464-2608160907-11,19414,2608161004,2608161005,6,,ARV,13,Aalen Hbf|Mögglingen(Gmünd)|Böbingen(Rems)|Schwäbisch Gmünd|Lorch(Württ)|Waldhausen(b Schorndorf)|Plüderhausen|Urbach(b Schorndorf)|Schorndorf|Waiblingen,8005769,Stuttgart-Bad Cannstatt,Baden-Württemberg,Stuttgart,70372,9.217468636,48.80127978,3,2608161021,,2608161022,,h,2,Information,,,,,,,17.0,17.0
-5758371317786012481-2608160916-9,19224,2608161002,2608161002,5,,RE,MEX12,Reutlingen Hbf|Metzingen(Württ)|Bempflingen|Nürtingen|Oberboihingen|Wendlingen(Neckar)|Plochingen|Esslingen(Neckar),8005769,Stuttgart-Bad Cannstatt,Baden-Württemberg,Stuttgart,70372,9.217468636,48.80127978,3,,,,,h,2,Bauarbeiten,,,,,c,c,0.0,0.0
-5744741285825368478-2608161003-14,7223,2608161035,2608161036,2,,S,S2,Schorndorf|Weiler(Rems)|Winterbach(b Schorndorf)|Geradstetten|Grunbach|Beutelsbach|Endersbach|Stetten-Beinstein|Rommelshausen|Waiblingen|Fellbach|Stuttgart-Sommerrain|Stuttgart Nürnberger Str.,8005769,Stuttgart-Bad Cannstatt,Baden-Württemberg,Stuttgart,70372,9.217468636,48.80127978,3,2608161035,,2608161036,,h,1,Bauarbeiten,,,,,,,0.0,0.0
7217641967291303467-2608161004-2,19131,2608161007,2608161008,8,,ARV,16,Stuttgart Hbf,8005769,Stuttgart-Bad Cannstatt,Baden-Württemberg,Stuttgart,70372,9.217468636,48.80127978,3,2608161007,,2608161008,,,,,,,,,,,0.0,0.0
2619334060544690076-2608160941-11,7321,2608161011,2608161013,2,,S,S3,Backnang|Maubach|Nellmersbach|Winnenden|Schwaikheim|Neustadt-Hohenacker|Waiblingen|Fellbach|Stuttgart-Sommerrain|Stuttgart Nürnberger Str.,8005769,Stuttgart-Bad Cannstatt,Baden-Württemberg,Stuttgart,70372,9.217468636,48.80127978,3,2608161011,,2608161013,,,,,,,,,,,0.0,0.0
-3458122613243093077-2608161011-11,7323,2608161041,2608161043,2,,S,S3,Backnang|Maubach|Nellmersbach|Winnenden|Schwaikheim|Neustadt-Hohenacker|Waiblingen|Fellbach|Stuttgart-Sommerrain|Stuttgart Nürnberger Str.,8005769,Stuttgart-Bad Cannstatt,Baden-Württemberg,Stuttgart,70372,9.217468636,48.80127978,3,2608161041,,2608161043,,,,,,,,,,,0.0,0.0
-6027496912439365984-2608160933-14,7221,2608161005,2608161006,2,,S,S2,Schorndorf|Weiler(Rems)|Winterbach(b Schorndorf)|Geradstetten|Grunbach|Beutelsbach|Endersbach|Stetten-Beinstein|Rommelshausen|Waiblingen|Fellbach|Stuttgart-Sommerrain|Stuttgart Nürnberger Str.,8005769,Stuttgart-Bad Cannstatt,Baden-Württemberg,Stuttgart,70372,9.217468636,48.80127978,3,2608161006,,2608161006,,h,1,Bauarbeiten,,,,,,,1.0,0.0
390998906735625917-2608161050-2,7222,2608161054,2608161054,3,,S,S2,Stuttgart Hbf,8005769,Stuttgart-Bad Cannstatt,Baden-Württemberg,Stuttgart,70372,9.217468636,48.80127978,3,2608161055,,2608161056,,h,1,Bauarbeiten,,,,,,,1.0,2.0
4518629887515619781-2608161042-2,7322,2608161046,2608161049,3,,S,S3,Stuttgart Hbf,8005769,Stuttgart-Bad Cannstatt,Baden-Württemberg,Stuttgart,70372,9.217468636,48.80127978,3,2608161047,,2608161049,,,,,,,,,,,1.0,0.0
-1847498060052889012-2608160920-14,7121,2608161000,2608161001,2,,S,S1,Kirchheim(Teck)|Kirchheim(Teck)-Ötlingen|Wendlingen(Neckar)|Wernau(Neckar)|Plochingen|Altbach|Esslingen-Zell|Oberesslingen|Esslingen(Neckar)|Esslingen-Mettingen|Stuttgart-Obertürkheim|Stuttgart-Untertürkheim|Stuttgart Neckarpark,8005769,Stuttgart-Bad Cannstatt,Baden-Württemberg,Stuttgart,70372,9.217468636,48.80127978,3,2608161000,,2608161001,,,,,,,,,,,0.0,0.0
-5166403716311055485-2608160948-15,19130,2608161048,2608161049,5,,ARV,16,Geislingen(Steige)|Geislingen(Steige)West|Kuchen|Gingen(Fils)|Süßen|Salach|Eislingen(Fils)|Göppingen|Faurndau|Uhingen|Ebersbach(Fils)|Reichenbach(Fils)|Plochingen|Esslingen(Neckar),8005769,Stuttgart-Bad Cannstatt,Baden-Württemberg,Stuttgart,70372,9.217468636,48.80127978,3,2608161050,,2608161051,,,,,,,,,,,2.0,2.0
1883247737282704559-2608160950-14,7123,2608161030,2608161031,2,,S,S1,Kirchheim(Teck)|Kirchheim(Teck)-Ötlingen|Wendlingen(Neckar)|Wernau(Neckar)|Plochingen|Altbach|Esslingen-Zell|Oberesslingen|Esslingen(Neckar)|Esslingen-Mettingen|Stuttgart-Obertürkheim|Stuttgart-Untertürkheim|Stuttgart Neckarpark,8005769,Stuttgart-Bad Cannstatt,Baden-Württemberg,Stuttgart,70372,9.217468636,48.80127978,3,2608161030,,2608161031,,,,,,,,,,,0.0,0.0
5322716827489361771-2608161047-2,19413,2608161050,2608161052,7,,ARV,13,Stuttgart Hbf,8005769,Stuttgart-Bad Cannstatt,Baden-Württemberg,Stuttgart,70372,9.217468636,48.80127978,3,2608161051,,2608161052,,h,2,Information,,,,,,,1.0,0.0
-3857622875781178481-2608161025-2,7122,2608161028,2608161029,3,,S,S1,Stuttgart Hbf,8005769,Stuttgart-Bad Cannstatt,Baden-Württemberg,Stuttgart,70372,9.217468636,48.80127978,3,2608161028,,2608161029,,,,,,,,,,,0.0,0.0
6322126178978866702-2608161020-2,7220,2608161024,2608161024,3,,S,S2,Stuttgart Hbf,8005769,Stuttgart-Bad Cannstatt,Baden-Württemberg,Stuttgart,70372,9.217468636,48.80127978,3,2608161024,,2608161025,,h,1,Bauarbeiten,,,,,,,0.0,1.0
-1019192569521427354-2608161008-8,89694,2608161058,2608161102,,,ARV,90,Gaildorf West|Murrhardt|Sulzbach(Murr)|Oppenweiler(Württ)|Backnang|Winnenden|Waiblingen,8005769,Stuttgart-Bad Cannstatt,Baden-Württemberg,Stuttgart,70372,9.217468636,48.80127978,3,2608161102,6,2608161103,6,,,,,,,,,,4.0,1.0
-969977125013015245-2608161055-2,7124,2608161058,2608161059,3,,S,S1,Stuttgart Hbf,8005769,Stuttgart-Bad Cannstatt,Baden-Württemberg,Stuttgart,70372,9.217468636,48.80127978,3,2608161059,,2608161100,,,,,,,,,,,1.0,1.0
3369645008221624491-2608161012-2,7320,2608161016,2608161019,3,,S,S3,Stuttgart Hbf,8005769,Stuttgart-Bad Cannstatt,Baden-Württemberg,Stuttgart,70372,9.217468636,48.80127978,3,2608161016,,2608161019,,,,,,,,,,,0.0,0.0
3860500769095963-2608160957-10,19219,2608161054,2608161055,8,,RE,MEX12,Heilbronn Hbf|Nordheim(Württ)|Lauffen(Neckar)|Kirchheim(Neckar)|Walheim(Württ)|Besigheim|Bietigheim-Bissingen|Ludwigsburg|Stuttgart Hbf,8005769,Stuttgart-Bad Cannstatt,Baden-Württemberg,Stuttgart,70372,9.217468636,48.80127978,3,2608161057,4,2608161058,4,h,2,Bauarbeiten,,,,,,,3.0,3.0
-2920830109344667445-2608160933-12,7621,2608161005,,1a,,S,,Weil der Stadt|Malmsheim|Renningen|Rutesheim|Leonberg|Höfingen|Ditzingen|Weilimdorf|Korntal|Neuwirtshaus(Porscheplatz)|Stuttgart-Zuffenhausen,8005770,Stuttgart-Feuerbach,Baden-Württemberg,Feuerbach,70469,9.169186287,48.81363554,3,2608161008,,,,h,1,Bauarbeiten,,,,,,,3.0,0.0
-7426539360191391345-2608161003-12,7423,2608161046,2608161046,1,,S,S4,Backnang|Burgstall(Murr)|Kirchberg(Murr)|Erdmannhausen|Marbach(Neckar)|Benningen(Neckar)|Freiberg(Neckar)|Favoritepark|Ludwigsburg|Kornwestheim Pbf|Stuttgart-Zuffenhausen,8005770,Stuttgart-Feuerbach,Baden-Württemberg,Feuerbach,70469,9.169186287,48.81363554,3,,,,,h,1,Bauarbeiten,,,,,c,c,0.0,0.0
2950375177003534264-2608161003-12,7623,2608161035,,1a,,S,,Weil der Stadt|Malmsheim|Renningen|Rutesheim|Leonberg|Höfingen|Ditzingen|Weilimdorf|Korntal|Neuwirtshaus(Porscheplatz)|Stuttgart-Zuffenhausen,8005770,Stuttgart-Feuerbach,Baden-Württemberg,Feuerbach,70469,9.169186287,48.81363554,3,2608161037,,,,h,1,Bauarbeiten,,,,,,,2.0,0.0
-5601830997423128751-2608160933-12,7421,2608161016,2608161016,1,,S,S4,Backnang|Burgstall(Murr)|Kirchberg(Murr)|Erdmannhausen|Marbach(Neckar)|Benningen(Neckar)|Freiberg(Neckar)|Favoritepark|Ludwigsburg|Kornwestheim Pbf|Stuttgart-Zuffenhausen,8005770,Stuttgart-Feuerbach,Baden-Württemberg,Feuerbach,70469,9.169186287,48.81363554,3,,,,,h,1,Bauarbeiten,,,,,c,c,0.0,0.0
2175730865655218796-2608161055-1,7622,,2608161055,,,S,S6,,8005770,Stuttgart-Feuerbach,Baden-Württemberg,Feuerbach,70469,9.169186287,48.81363554,3,,,2608161055,,h,1,Bauarbeiten,,,,,,,0.0,0.0
-7308031673454482833-2608161025-1,7620,,2608161025,,,S,S6,,8005770,Stuttgart-Feuerbach,Baden-Württemberg,Feuerbach,70469,9.169186287,48.81363554,3,,,2608161025,,h,1,Bauarbeiten,,,,,,,0.0,0.0
177633655577527440-2608161020-11,7125,2608161052,2608161052,5,,S,S1,Kirchheim(Teck)|Kirchheim(Teck)-Ötlingen|Wendlingen(Neckar)|Wernau(Neckar)|Plochingen|Altbach|Esslingen-Zell|Oberesslingen|Esslingen(Neckar)|Esslingen-Mettingen,8005772,Stuttgart-Obertürkheim,Baden-Württemberg,Stuttgart,70329,9.268167932,48.76175015,4,2608161052,,2608161053,,,,,,,,,,,0.0,1.0
1883247737282704559-2608160950-11,7123,2608161022,2608161022,5,,S,S1,Kirchheim(Teck)|Kirchheim(Teck)-Ötlingen|Wendlingen(Neckar)|Wernau(Neckar)|Plochingen|Altbach|Esslingen-Zell|Oberesslingen|Esslingen(Neckar)|Esslingen-Mettingen,8005772,Stuttgart-Obertürkheim,Baden-Württemberg,Stuttgart,70329,9.268167932,48.76175015,4,2608161022,,2608161022,,,,,,,,,,,0.0,0.0
1948316409304944114-2608160955-5,7120,2608161007,2608161007,6,,S,S1,Stuttgart Hbf|Stuttgart-Bad Cannstatt|Stuttgart Neckarpark|Stuttgart-Untertürkheim,8005772,Stuttgart-Obertürkheim,Baden-Württemberg,Stuttgart,70329,9.268167932,48.76175015,4,2608161009,,2608161010,,,,,,,,,,,2.0,3.0
-3857622875781178481-2608161025-5,7122,2608161037,2608161037,6,,S,S1,Stuttgart Hbf|Stuttgart-Bad Cannstatt|Stuttgart Neckarpark|Stuttgart-Untertürkheim,8005772,Stuttgart-Obertürkheim,Baden-Württemberg,Stuttgart,70329,9.268167932,48.76175015,4,2608161037,,2608161037,,,,,,,,,,,0.0,0.0
-3867769801434859350-2608161005-2,7921,2608161006,2608161012,2,,S,S2,Stuttgart-Vaihingen,8005773,Stuttgart-Rohr,Baden-Württemberg,Stuttgart,70565,9.108158025,48.71799427,4,2608161006,,2608161012,,,,,,,,,,,0.0,0.0
-7735602986433921995-2608161003-6,7920,2608161018,2608161019,3,,S,S2,Filderstadt|Stuttgart Flughafen/Messe|Echterdingen|Leinfelden|Oberaichen,8005773,Stuttgart-Rohr,Baden-Württemberg,Stuttgart,70565,9.108158025,48.71799427,4,2608161018,,2608161019,,,,,,,,,,,0.0,0.0
1917902183543807700-2608161016-8,7724,2608161037,2608161038,3,,S,S1,Herrenberg|Nufringen|Gärtringen|Ehningen(b Böblingen)|Hulb|Böblingen|Goldberg(Württ),8005773,Stuttgart-Rohr,Baden-Württemberg,Stuttgart,70565,9.108158025,48.71799427,4,2608161046,,2608161047,,,,,,,,,,,9.0,9.0
5278700897666031421-2608161033-6,7922,2608161048,2608161049,3,,S,S2,Filderstadt|Stuttgart Flughafen/Messe|Echterdingen|Leinfelden|Oberaichen,8005773,Stuttgart-Rohr,Baden-Württemberg,Stuttgart,70565,9.108158025,48.71799427,4,2608161051,,2608161051,,,,,,,,,,,3.0,2.0
-2280240461628246576-2608161046-2,7723,2608161047,2608161053,2,,S,S1,Stuttgart-Vaihingen,8005773,Stuttgart-Rohr,Baden-Württemberg,Stuttgart,70565,9.108158025,48.71799427,4,2608161050,,2608161053,,,,,,,,,,,3.0,0.0
8110242699970459420-2608161016-2,7721,2608161017,2608161023,2,,S,S1,Stuttgart-Vaihingen,8005773,Stuttgart-Rohr,Baden-Württemberg,Stuttgart,70565,9.108158025,48.71799427,4,2608161017,,2608161024,,,,,,,,,,,0.0,1.0
2563876153402645266-2608161035-2,7923,2608161036,2608161042,2,,S,S2,Stuttgart-Vaihingen,8005773,Stuttgart-Rohr,Baden-Württemberg,Stuttgart,70565,9.108158025,48.71799427,4,2608161037,,2608161047,,,,,,,,,,,1.0,5.0
-7159944107729803246-2608160946-8,7722,2608161007,2608161008,3,,S,S1,Herrenberg|Nufringen|Gärtringen|Ehningen(b Böblingen)|Hulb|Böblingen|Goldberg(Württ),8005773,Stuttgart-Rohr,Baden-Württemberg,Stuttgart,70565,9.108158025,48.71799427,4,2608161011,,2608161012,,,,,,,,,,,4.0,4.0
-5744741285825368478-2608161003-12,7223,2608161030,2608161030,1,,S,S2,Schorndorf|Weiler(Rems)|Winterbach(b Schorndorf)|Geradstetten|Grunbach|Beutelsbach|Endersbach|Stetten-Beinstein|Rommelshausen|Waiblingen|Fellbach,8005774,Stuttgart-Sommerrain,Baden-Württemberg,Stuttgart,70374,9.248369749,48.81521824,5,2608161030,,2608161031,,h,1,Bauarbeiten,,,,,,,0.0,1.0
2619334060544690076-2608160941-9,7321,2608161005,2608161005,1,,S,S3,Backnang|Maubach|Nellmersbach|Winnenden|Schwaikheim|Neustadt-Hohenacker|Waiblingen|Fellbach,8005774,Stuttgart-Sommerrain,Baden-Württemberg,Stuttgart,70374,9.248369749,48.81521824,5,2608161005,,2608161006,,,,,,,,,,,0.0,1.0
-3458122613243093077-2608161011-9,7323,2608161035,2608161035,1,,S,S3,Backnang|Maubach|Nellmersbach|Winnenden|Schwaikheim|Neustadt-Hohenacker|Waiblingen|Fellbach,8005774,Stuttgart-Sommerrain,Baden-Württemberg,Stuttgart,70374,9.248369749,48.81521824,5,2608161035,,2608161035,,,,,,,,,,,0.0,0.0
-6027496912439365984-2608160933-12,7221,2608161000,2608161000,1,,S,S2,Schorndorf|Weiler(Rems)|Winterbach(b Schorndorf)|Geradstetten|Grunbach|Beutelsbach|Endersbach|Stetten-Beinstein|Rommelshausen|Waiblingen|Fellbach,8005774,Stuttgart-Sommerrain,Baden-Württemberg,Stuttgart,70374,9.248369749,48.81521824,5,2608161000,,2608161001,,h,1,Bauarbeiten,,,,,,,0.0,1.0
390998906735625917-2608161050-4,7222,2608161059,2608161059,4,,S,S2,Stuttgart Hbf|Stuttgart-Bad Cannstatt|Stuttgart Nürnberger Str.,8005774,Stuttgart-Sommerrain,Baden-Württemberg,Stuttgart,70374,9.248369749,48.81521824,5,2608161100,,2608161101,,h,1,Bauarbeiten,,,,,,,1.0,2.0
4518629887515619781-2608161042-4,7322,2608161054,2608161054,4,,S,S3,Stuttgart Hbf|Stuttgart-Bad Cannstatt|Stuttgart Nürnberger Str.,8005774,Stuttgart-Sommerrain,Baden-Württemberg,Stuttgart,70374,9.248369749,48.81521824,5,2608161054,,2608161054,,,,,,,,,,,0.0,0.0
6322126178978866702-2608161020-4,7220,2608161029,2608161029,4,,S,S2,Stuttgart Hbf|Stuttgart-Bad Cannstatt|Stuttgart Nürnberger Str.,8005774,Stuttgart-Sommerrain,Baden-Württemberg,Stuttgart,70374,9.248369749,48.81521824,5,2608161029,,2608161030,,h,1,Bauarbeiten,,,,,,,0.0,1.0
3369645008221624491-2608161012-4,7320,2608161024,2608161024,4,,S,S3,Stuttgart Hbf|Stuttgart-Bad Cannstatt|Stuttgart Nürnberger Str.,8005774,Stuttgart-Sommerrain,Baden-Württemberg,Stuttgart,70374,9.248369749,48.81521824,5,2608161024,,2608161025,,,,,,,,,,,0.0,1.0
177633655577527440-2608161020-12,7125,2608161055,2608161055,5,,S,S1,Kirchheim(Teck)|Kirchheim(Teck)-Ötlingen|Wendlingen(Neckar)|Wernau(Neckar)|Plochingen|Altbach|Esslingen-Zell|Oberesslingen|Esslingen(Neckar)|Esslingen-Mettingen|Stuttgart-Obertürkheim,8005775,Stuttgart-Untertürkheim Pbf,Baden-Württemberg,Stuttgart,70327,9.250467074,48.77984679,3,2608161055,,2608161056,,,,,,,,,,,0.0,1.0
1883247737282704559-2608160950-12,7123,2608161025,2608161025,5,,S,S1,Kirchheim(Teck)|Kirchheim(Teck)-Ötlingen|Wendlingen(Neckar)|Wernau(Neckar)|Plochingen|Altbach|Esslingen-Zell|Oberesslingen|Esslingen(Neckar)|Esslingen-Mettingen|Stuttgart-Obertürkheim,8005775,Stuttgart-Untertürkheim Pbf,Baden-Württemberg,Stuttgart,70327,9.250467074,48.77984679,3,2608161025,,2608161025,,,,,,,,,,,0.0,0.0
1948316409304944114-2608160955-4,7120,2608161004,2608161004,6,,S,S1,Stuttgart Hbf|Stuttgart-Bad Cannstatt|Stuttgart Neckarpark,8005775,Stuttgart-Untertürkheim Pbf,Baden-Württemberg,Stuttgart,70327,9.250467074,48.77984679,3,2608161006,,2608161007,,,,,,,,,,,2.0,3.0
-3857622875781178481-2608161025-4,7122,2608161034,2608161034,6,,S,S1,Stuttgart Hbf|Stuttgart-Bad Cannstatt|Stuttgart Neckarpark,8005775,Stuttgart-Untertürkheim Pbf,Baden-Württemberg,Stuttgart,70327,9.250467074,48.77984679,3,2608161034,,2608161034,,,,,,,,,,,0.0,0.0
-3867769801434859350-2608161005-1,7921,,2608161005,,,S,S2,,8005776,Stuttgart-Vaihingen,Baden-Württemberg,Stuttgart,70563,9.113913368,48.72698116,3,,,2608161005,,,,,,,,,,,0.0,0.0
-7735602986433921995-2608161003-7,7920,2608161020,,2,,S,,Filderstadt|Stuttgart Flughafen/Messe|Echterdingen|Leinfelden|Oberaichen|Stuttgart-Rohr,8005776,Stuttgart-Vaihingen,Baden-Württemberg,Stuttgart,70563,9.113913368,48.72698116,3,2608161020,,,,,,,,,,,,,0.0,0.0
-3500147189403182024-2608161033-2,28476,2608161041,2608161041,4,,RE,RESB,Böblingen,8005776,Stuttgart-Vaihingen,Baden-Württemberg,Stuttgart,70563,9.113913368,48.72698116,3,2608161043,,2608161044,,,,,,,,,,,2.0,3.0
4974850166012956417-2608161018-2,17633,2608161031,2608161032,1,,RE,RE14a,Stuttgart Hbf,8005776,Stuttgart-Vaihingen,Baden-Württemberg,Stuttgart,70563,9.113913368,48.72698116,3,2608161035,,2608161036,,h,2,Bauarbeiten,,,,,,,4.0,4.0
1917902183543807700-2608161016-9,7724,2608161040,,3,,S,,Herrenberg|Nufringen|Gärtringen|Ehningen(b Böblingen)|Hulb|Böblingen|Goldberg(Württ)|Stuttgart-Rohr,8005776,Stuttgart-Vaihingen,Baden-Württemberg,Stuttgart,70563,9.113913368,48.72698116,3,2608161048,,,,,,,,,,,,,8.0,0.0
5278700897666031421-2608161033-7,7922,2608161050,,2,,S,,Filderstadt|Stuttgart Flughafen/Messe|Echterdingen|Leinfelden|Oberaichen|Stuttgart-Rohr,8005776,Stuttgart-Vaihingen,Baden-Württemberg,Stuttgart,70563,9.113913368,48.72698116,3,2608161053,,,,,,,,,,,,,3.0,0.0
-2280240461628246576-2608161046-1,7723,,2608161046,,,S,S1,,8005776,Stuttgart-Vaihingen,Baden-Württemberg,Stuttgart,70563,9.113913368,48.72698116,3,,,2608161049,,,,,,,,,,,0.0,3.0
8110242699970459420-2608161016-1,7721,,2608161016,,,S,S1,,8005776,Stuttgart-Vaihingen,Baden-Württemberg,Stuttgart,70563,9.113913368,48.72698116,3,,,2608161016,,,,,,,,,,,0.0,0.0
-5123000102184120400-2608161018-2,17631,2608161031,2608161032,1,,RE,RE14b,Stuttgart Hbf,8005776,Stuttgart-Vaihingen,Baden-Württemberg,Stuttgart,70563,9.113913368,48.72698116,3,2608161035,,2608161036,,,,,,,,,,,4.0,4.0
2563876153402645266-2608161035-1,7923,,2608161035,,,S,S2,,8005776,Stuttgart-Vaihingen,Baden-Württemberg,Stuttgart,70563,9.113913368,48.72698116,3,,,2608161035,,,,,,,,,,,0.0,0.0
-7159944107729803246-2608160946-9,7722,2608161010,,3,,S,,Herrenberg|Nufringen|Gärtringen|Ehningen(b Böblingen)|Hulb|Böblingen|Goldberg(Württ)|Stuttgart-Rohr,8005776,Stuttgart-Vaihingen,Baden-Württemberg,Stuttgart,70563,9.113913368,48.72698116,3,2608161013,,,,,,,,,,,,,3.0,0.0
4240560713859352915-2608161003-2,28477,2608161018,2608161018,4,,RE,RESB,Stuttgart Hbf,8005776,Stuttgart-Vaihingen,Baden-Württemberg,Stuttgart,70563,9.113913368,48.72698116,3,2608161020,,2608161020,,,,,,,,,,,2.0,2.0
4020522159033593992-2608160955-5,7618,2608161003,2608161004,1,,S,S6,Stuttgart-Feuerbach|Stuttgart-Zuffenhausen|Neuwirtshaus(Porscheplatz)|Korntal,8006268,Stuttgart-Weilimdorf,Baden-Württemberg,Stuttgart,70499,9.094370086,48.82208429,5,2608161004,,2608161004,,h,1,Bauarbeiten,,,,,,,1.0,0.0
2950375177003534264-2608161003-8,7623,2608161026,2608161026,2,,S,S6,Weil der Stadt|Malmsheim|Renningen|Rutesheim|Leonberg|Höfingen|Ditzingen,8006268,Stuttgart-Weilimdorf,Baden-Württemberg,Stuttgart,70499,9.094370086,48.82208429,5,2608161026,,2608161027,,h,1,Bauarbeiten,,,,,,,0.0,1.0
-6402095136362730142-2608161033-8,7625,2608161056,2608161056,2,,S,S6,Weil der Stadt|Malmsheim|Renningen|Rutesheim|Leonberg|Höfingen|Ditzingen,8006268,Stuttgart-Weilimdorf,Baden-Württemberg,Stuttgart,70499,9.094370086,48.82208429,5,2608161057,,2608161058,,h,1,Bauarbeiten,,,,,,,1.0,2.0
-7308031673454482833-2608161025-5,7620,2608161033,2608161034,1,,S,S6,Stuttgart-Feuerbach|Stuttgart-Zuffenhausen|Neuwirtshaus(Porscheplatz)|Korntal,8006268,Stuttgart-Weilimdorf,Baden-Württemberg,Stuttgart,70499,9.094370086,48.82208429,5,2608161034,,2608161035,,h,1,Bauarbeiten,,,,,,,1.0,1.0
2637647456829895544-2608161027-3,7522,2608161036,2608161037,4,,S,S5,Stuttgart Hbf|Stuttgart Nordbahnhof,8005778,Stuttgart-Zuffenhausen,Baden-Württemberg,Stuttgart,70435,9.167156375,48.82960884,3,2608161036,,2608161037,,,,,,,,,,,0.0,0.0
-3343549403744548318-2608161007-3,7418,2608161016,2608161017,4,,S,S4,Stuttgart Hbf|Stuttgart Nordbahnhof,8005778,Stuttgart-Zuffenhausen,Baden-Württemberg,Stuttgart,70435,9.167156375,48.82960884,3,2608161016,,2608161017,,,,,,,,,,,0.0,0.0
-5620146281814356081-2608160957-3,7520,2608161006,2608161007,4,,S,S5,Stuttgart Hbf|Stuttgart Nordbahnhof,8005778,Stuttgart-Zuffenhausen,Baden-Württemberg,Stuttgart,70435,9.167156375,48.82960884,3,2608161007,,2608161007,,,,,,,,,,,1.0,0.0
-2920830109344667445-2608160933-11,7621,2608161003,2608161004,12,,S,S6,Weil der Stadt|Malmsheim|Renningen|Rutesheim|Leonberg|Höfingen|Ditzingen|Weilimdorf|Korntal|Neuwirtshaus(Porscheplatz),8005778,Stuttgart-Zuffenhausen,Baden-Württemberg,Stuttgart,70435,9.167156375,48.82960884,3,2608161005,,2608161005,,h,1,Bauarbeiten,,,,,,,2.0,1.0
-7426539360191391345-2608161003-11,7423,2608161043,2608161044,5,,S,S4,Backnang|Burgstall(Murr)|Kirchberg(Murr)|Erdmannhausen|Marbach(Neckar)|Benningen(Neckar)|Freiberg(Neckar)|Favoritepark|Ludwigsburg|Kornwestheim Pbf,8005778,Stuttgart-Zuffenhausen,Baden-Württemberg,Stuttgart,70435,9.167156375,48.82960884,3,2608161048,,2608161050,,h,1,Bauarbeiten,,,,,,,5.0,6.0
2950375177003534264-2608161003-11,7623,2608161033,2608161034,12,,S,S6,Weil der Stadt|Malmsheim|Renningen|Rutesheim|Leonberg|Höfingen|Ditzingen|Weilimdorf|Korntal|Neuwirtshaus(Porscheplatz),8005778,Stuttgart-Zuffenhausen,Baden-Württemberg,Stuttgart,70435,9.167156375,48.82960884,3,2608161033,,2608161034,,h,1,Bauarbeiten,,,,,,,0.0,0.0
-5601830997423128751-2608160933-11,7421,2608161013,2608161014,5,,S,S4,Backnang|Burgstall(Murr)|Kirchberg(Murr)|Erdmannhausen|Marbach(Neckar)|Benningen(Neckar)|Freiberg(Neckar)|Favoritepark|Ludwigsburg|Kornwestheim Pbf,8005778,Stuttgart-Zuffenhausen,Baden-Württemberg,Stuttgart,70435,9.167156375,48.82960884,3,2608161015,,2608161016,,h,1,Bauarbeiten,,,,,,,2.0,2.0
2175730865655218796-2608161055-2,7622,2608161056,2608161057,12,,S,S6,Stuttgart-Feuerbach,8005778,Stuttgart-Zuffenhausen,Baden-Württemberg,Stuttgart,70435,9.167156375,48.82960884,3,2608161057,,2608161057,,h,1,Bauarbeiten,,,,,,,1.0,0.0
-2816280450857318747-2608161037-6,7525,2608161053,2608161054,5,,S,S5,Bietigheim-Bissingen|Tamm(Württ)|Asperg|Ludwigsburg|Kornwestheim Pbf,8005778,Stuttgart-Zuffenhausen,Baden-Württemberg,Stuttgart,70435,9.167156375,48.82960884,3,2608161055,,2608161057,,,,,,,,,,,2.0,3.0
1159985668244142556-2608161037-3,7420,2608161046,2608161047,4,,S,S4,Stuttgart Hbf|Stuttgart Nordbahnhof,8005778,Stuttgart-Zuffenhausen,Baden-Württemberg,Stuttgart,70435,9.167156375,48.82960884,3,2608161047,,2608161049,,,,,,,,,,,1.0,2.0
2034483306873440959-2608161007-6,7523,2608161023,2608161024,5,,S,S5,Bietigheim-Bissingen|Tamm(Württ)|Asperg|Ludwigsburg|Kornwestheim Pbf,8005778,Stuttgart-Zuffenhausen,Baden-Württemberg,Stuttgart,70435,9.167156375,48.82960884,3,2608161023,,2608161024,,,,,,,,,,,0.0,0.0
-7308031673454482833-2608161025-2,7620,2608161026,2608161027,12,,S,S6,Stuttgart-Feuerbach,8005778,Stuttgart-Zuffenhausen,Baden-Württemberg,Stuttgart,70435,9.167156375,48.82960884,3,2608161027,,2608161027,,h,1,Bauarbeiten,,,,,,,1.0,0.0
2637647456829895544-2608161027-7,7522,2608161050,2608161050,3,,S,S5,Stuttgart Hbf|Stuttgart Nordbahnhof|Stuttgart-Zuffenhausen|Kornwestheim Pbf|Ludwigsburg|Asperg,8005820,Tamm (Württ),Baden-Württemberg,Tamm,71732,9.125288012,48.92187736,4,2608161050,,2608161050,,,,,,,,,,,0.0,0.0
-5620146281814356081-2608160957-7,7520,2608161020,2608161020,3,,S,S5,Stuttgart Hbf|Stuttgart Nordbahnhof|Stuttgart-Zuffenhausen|Kornwestheim Pbf|Ludwigsburg|Asperg,8005820,Tamm (Württ),Baden-Württemberg,Tamm,71732,9.125288012,48.92187736,4,2608161020,,2608161020,,,,,,,,,,,0.0,0.0
-2816280450857318747-2608161037-2,7525,2608161040,2608161040,2,,S,S5,Bietigheim-Bissingen,8005820,Tamm (Württ),Baden-Württemberg,Tamm,71732,9.125288012,48.92187736,4,2608161040,,2608161040,,,,,,,,,,,0.0,0.0
2034483306873440959-2608161007-2,7523,2608161010,2608161010,2,,S,S5,Bietigheim-Bissingen,8005820,Tamm (Württ),Baden-Württemberg,Tamm,71732,9.125288012,48.92187736,4,2608161010,,2608161010,,,,,,,,,,,0.0,0.0
-4962876421235356772-2608161020-3,19463,2608161032,2608161032,6,,ARV,13,Stuttgart Hbf|Stuttgart-Bad Cannstatt,8000180,Waiblingen,Baden-Württemberg,Waiblingen,71332,9.300476874,48.8262444,3,2608161042,,2608161043,,h,2,Information,,,,,,,10.0,11.0
-1095552617191025644-2608160911-16,19464,2608161028,2608161028,6,,ARV,13,Ellwangen|Schrezheim|Schwabsberg|Goldshöfe|Hofen(b Aalen)|Wasseralfingen|Aalen Hbf|Mögglingen(Gmünd)|Böbingen(Rems)|Schwäbisch Gmünd|Lorch(Württ)|Waldhausen(b Schorndorf)|Plüderhausen|Urbach(b Schorndorf)|Schorndorf,8000180,Waiblingen,Baden-Württemberg,Waiblingen,71332,9.300476874,48.8262444,3,2608161030,,2608161029,,h,2,Information,,,,,,,2.0,1.0
-5490136514049086248-2608160950-6,7218,2608161004,2608161005,7,,S,S2,Stuttgart Hbf|Stuttgart-Bad Cannstatt|Stuttgart Nürnberger Str.|Stuttgart-Sommerrain|Fellbach,8000180,Waiblingen,Baden-Württemberg,Waiblingen,71332,9.300476874,48.8262444,3,2608161008,,2608161008,,h,1,Bauarbeiten,,,,,,,4.0,3.0
-5744741285825368478-2608161003-10,7223,2608161024,2608161025,5,,S,S2,Schorndorf|Weiler(Rems)|Winterbach(b Schorndorf)|Geradstetten|Grunbach|Beutelsbach|Endersbach|Stetten-Beinstein|Rommelshausen,8000180,Waiblingen,Baden-Württemberg,Waiblingen,71332,9.300476874,48.8262444,3,2608161025,,2608161026,,h,1,Bauarbeiten,,,,,,,1.0,1.0
1693494407392386618-2608161033-10,7225,2608161054,2608161055,5,,S,S2,Schorndorf|Weiler(Rems)|Winterbach(b Schorndorf)|Geradstetten|Grunbach|Beutelsbach|Endersbach|Stetten-Beinstein|Rommelshausen,8000180,Waiblingen,Baden-Württemberg,Waiblingen,71332,9.300476874,48.8262444,3,2608161056,,2608161056,,h,1,Bauarbeiten,,,,,,,2.0,1.0
7865685729445651076-2608161041-7,7325,2608161059,2608161100,1,,S,S3,Backnang|Maubach|Nellmersbach|Winnenden|Schwaikheim|Neustadt-Hohenacker,8000180,Waiblingen,Baden-Württemberg,Waiblingen,71332,9.300476874,48.8262444,3,2608161101,,2608161101,,,,,,,,,,,2.0,1.0
2619334060544690076-2608160941-7,7321,2608160959,2608161000,1,,S,S3,Backnang|Maubach|Nellmersbach|Winnenden|Schwaikheim|Neustadt-Hohenacker,8000180,Waiblingen,Baden-Württemberg,Waiblingen,71332,9.300476874,48.8262444,3,2608161000,,2608161001,,,,,,,,,,,1.0,1.0
-3458122613243093077-2608161011-7,7323,2608161029,2608161030,1,,S,S3,Backnang|Maubach|Nellmersbach|Winnenden|Schwaikheim|Neustadt-Hohenacker,8000180,Waiblingen,Baden-Württemberg,Waiblingen,71332,9.300476874,48.8262444,3,2608161029,,2608161030,,,,,,,,,,,0.0,0.0
2453076408455294627-2608161007-10,19416,2608161058,2608161058,6,,ARV,13,Aalen Hbf|Mögglingen(Gmünd)|Böbingen(Rems)|Schwäbisch Gmünd|Lorch(Württ)|Waldhausen(b Schorndorf)|Plüderhausen|Urbach(b Schorndorf)|Schorndorf,8000180,Waiblingen,Baden-Württemberg,Waiblingen,71332,9.300476874,48.8262444,3,2608161100,,2608161100,,h,2,Information,,,,,,,2.0,2.0
-8732112204278142844-2608160942-6,7318,2608160959,2608161000,3,,S,S3,Stuttgart Hbf|Stuttgart-Bad Cannstatt|Stuttgart Nürnberger Str.|Stuttgart-Sommerrain|Fellbach,8000180,Waiblingen,Baden-Württemberg,Waiblingen,71332,9.300476874,48.8262444,3,2608161000,,2608161001,,,,,,,,,,,1.0,1.0
-6715721537604275903-2608160955-3,17519,2608161006,2608161007,3,,RE,MEX90,Stuttgart Hbf|Stuttgart-Bad Cannstatt,8000180,Waiblingen,Baden-Württemberg,Waiblingen,71332,9.300476874,48.8262444,3,2608161006,,2608161007,,h,1,Störung,,,,,,,0.0,0.0
4518629887515619781-2608161042-6,7322,2608161059,2608161100,3,,S,S3,Stuttgart Hbf|Stuttgart-Bad Cannstatt|Stuttgart Nürnberger Str.|Stuttgart-Sommerrain|Fellbach,8000180,Waiblingen,Baden-Württemberg,Waiblingen,71332,9.300476874,48.8262444,3,2608161059,,2608161100,,,,,,,,,,,0.0,0.0
-7307794314477301982-2608160947-3,19411,2608161002,2608161002,6,,ARV,13,Stuttgart Hbf|Stuttgart-Bad Cannstatt,8000180,Waiblingen,Baden-Württemberg,Waiblingen,71332,9.300476874,48.8262444,3,2608161002,,2608161002,,h,2,Information,,,,,,,0.0,0.0
6322126178978866702-2608161020-6,7220,2608161034,2608161035,7,,S,S2,Stuttgart Hbf|Stuttgart-Bad Cannstatt|Stuttgart Nürnberger Str.|Stuttgart-Sommerrain|Fellbach,8000180,Waiblingen,Baden-Württemberg,Waiblingen,71332,9.300476874,48.8262444,3,2608161035,,2608161036,,h,1,Bauarbeiten,,,,,,,1.0,1.0
-1019192569521427354-2608161008-7,89694,2608161051,2608161052,,,ARV,90,Gaildorf West|Murrhardt|Sulzbach(Murr)|Oppenweiler(Württ)|Backnang|Winnenden,8000180,Waiblingen,Baden-Württemberg,Waiblingen,71332,9.300476874,48.8262444,3,2608161054,1,2608161055,1,,,,,,,,,,3.0,3.0
3369645008221624491-2608161012-6,7320,2608161029,2608161030,3,,S,S3,Stuttgart Hbf|Stuttgart-Bad Cannstatt|Stuttgart Nürnberger Str.|Stuttgart-Sommerrain|Fellbach,8000180,Waiblingen,Baden-Württemberg,Waiblingen,71332,9.300476874,48.8262444,3,2608161029,,2608161030,,,,,,,,,,,0.0,0.0
9122054021395314238-2608161042-2,26144,2608161045,2608161047,141,,SWE,RB76,Renningen,8006271,Weil der Stadt,Baden-Württemberg,Weil der Stadt,71263,8.873189074,48.7557357,4,2608161046,,2608161047,,,,,,,,,,,1.0,0.0
4020522159033593992-2608160955-12,7618,2608161027,,2,,S,,Stuttgart-Feuerbach|Stuttgart-Zuffenhausen|Neuwirtshaus(Porscheplatz)|Korntal|Weilimdorf|Ditzingen|Höfingen|Leonberg|Rutesheim|Renningen|Malmsheim,8006271,Weil der Stadt,Baden-Württemberg,Weil der Stadt,71263,8.873189074,48.7557357,4,2608161028,,,,h,1,Bauarbeiten,,,,,,,1.0,0.0
2950375177003534264-2608161003-1,7623,,2608161003,,,S,S6,,8006271,Weil der Stadt,Baden-Württemberg,Weil der Stadt,71263,8.873189074,48.7557357,4,,,2608161003,,h,1,Bauarbeiten,,,,,,,0.0,0.0
3409529985438510629-2608161010-5,26143,2608161028,2608161028,141,,SWE,RB76,Calw|Calw-Heumaden|Althengstett|Ostelsheim,8006271,Weil der Stadt,Baden-Württemberg,Weil der Stadt,71263,8.873189074,48.7557357,4,2608161028,,2608161030,,,,,,,,,,,0.0,2.0
-6402095136362730142-2608161033-1,7625,,2608161033,,,S,S6,,8006271,Weil der Stadt,Baden-Württemberg,Weil der Stadt,71263,8.873189074,48.7557357,4,,,2608161034,,h,1,Bauarbeiten,,,,,,,0.0,1.0
-7308031673454482833-2608161025-12,7620,2608161057,,2,,S,,Stuttgart-Feuerbach|Stuttgart-Zuffenhausen|Neuwirtshaus(Porscheplatz)|Korntal|Weilimdorf|Ditzingen|Höfingen|Leonberg|Rutesheim|Renningen|Malmsheim,8006271,Weil der Stadt,Baden-Württemberg,Weil der Stadt,71263,8.873189074,48.7557357,4,2608161058,,,,h,1,Bauarbeiten,,,,,,,1.0,0.0
-5490136514049086248-2608160950-14,7218,2608161022,2608161022,1,,S,S2,Stuttgart Hbf|Stuttgart-Bad Cannstatt|Stuttgart Nürnberger Str.|Stuttgart-Sommerrain|Fellbach|Waiblingen|Rommelshausen|Stetten-Beinstein|Endersbach|Beutelsbach|Grunbach|Geradstetten|Winterbach(b Schorndorf),8006277,Weiler (Rems),Baden-Württemberg,Schorndorf,76314,9.501891172,48.80034585,5,2608161024,,2608161025,,h,1,Bauarbeiten,,,,,,,2.0,3.0
-5744741285825368478-2608161003-2,7223,2608161006,2608161006,2,,S,S2,Schorndorf,8006277,Weiler (Rems),Baden-Württemberg,Schorndorf,76314,9.501891172,48.80034585,5,2608161008,,2608161008,,h,1,Bauarbeiten,,,,,,,2.0,2.0
1693494407392386618-2608161033-2,7225,2608161036,2608161036,2,,S,S2,Schorndorf,8006277,Weiler (Rems),Baden-Württemberg,Schorndorf,76314,9.501891172,48.80034585,5,2608161038,,2608161038,,h,1,Bauarbeiten,,,,,,,2.0,2.0
6322126178978866702-2608161020-14,7220,2608161052,2608161052,1,,S,S2,Stuttgart Hbf|Stuttgart-Bad Cannstatt|Stuttgart Nürnberger Str.|Stuttgart-Sommerrain|Fellbach|Waiblingen|Rommelshausen|Stetten-Beinstein|Endersbach|Beutelsbach|Grunbach|Geradstetten|Winterbach(b Schorndorf),8006277,Weiler (Rems),Baden-Württemberg,Schorndorf,76314,9.501891172,48.80034585,5,2608161052,,2608161053,,h,1,Bauarbeiten,,,,,,,0.0,1.0
5828379386631724042-2608161016-6,19226,2608161040,2608161041,1,,RE,MEX12,Reutlingen Hbf|Metzingen(Württ)|Bempflingen|Nürtingen|Oberboihingen,8006331,Wendlingen (Neckar),Baden-Württemberg,Wendlingen am Neckar,73240,9.373662098,48.67368917,3,2608161047,,2608161047,,h,2,Bauarbeiten,,,,,p,p,7.0,6.0
5538492890481314106-2608161029-3,16052,2608161059,,3,,RE,,Ulm Hbf|Merklingen - Schwäbische Alb,8006331,Wendlingen (Neckar),Baden-Württemberg,Wendlingen am Neckar,73240,9.373662098,48.67368917,3,2608161057,2,,,h,2,Störung,,,,,,,-2.0,0.0
2153401900494581782-2608160857-13,19217,2608161018,2608161018,1,,RE,MEX12,Heilbronn Hbf|Nordheim(Württ)|Lauffen(Neckar)|Kirchheim(Neckar)|Walheim(Württ)|Besigheim|Bietigheim-Bissingen|Ludwigsburg|Stuttgart Hbf|Stuttgart-Bad Cannstatt|Esslingen(Neckar)|Plochingen,8006331,Wendlingen (Neckar),Baden-Württemberg,Wendlingen am Neckar,73240,9.373662098,48.67368917,3,,,,,h,2,Bauarbeiten,,,,,c,c,0.0,0.0
-1234393148430284095-2608161024-1,16051,,2608161024,,,RE,RE200,,8006331,Wendlingen (Neckar),Baden-Württemberg,Wendlingen am Neckar,73240,9.373662098,48.67368917,3,,,2608161025,,h,2,Störung,,,,,,,0.0,1.0
177633655577527440-2608161020-3,7125,2608161027,2608161028,12,,S,S1,Kirchheim(Teck)|Kirchheim(Teck)-Ötlingen,8006331,Wendlingen (Neckar),Baden-Württemberg,Wendlingen am Neckar,73240,9.373662098,48.67368917,3,2608161031,,2608161031,,,,,,,,,,,4.0,3.0
7229696548435736382-2608160925-13,7118,2608161002,2608161003,11,,S,S1,Stuttgart Hbf|Stuttgart-Bad Cannstatt|Stuttgart Neckarpark|Stuttgart-Untertürkheim|Stuttgart-Obertürkheim|Esslingen-Mettingen|Esslingen(Neckar)|Oberesslingen|Esslingen-Zell|Altbach|Plochingen|Wernau(Neckar),8006331,Wendlingen (Neckar),Baden-Württemberg,Wendlingen am Neckar,73240,9.373662098,48.67368917,3,2608161002,,2608161005,,,,,,,,,,,0.0,2.0
-8319398400678058003-2608161050-3,7127,2608161057,2608161058,12,,S,S1,Kirchheim(Teck)|Kirchheim(Teck)-Ötlingen,8006331,Wendlingen (Neckar),Baden-Württemberg,Wendlingen am Neckar,73240,9.373662098,48.67368917,3,2608161058,,2608161059,,,,,,,,,,,1.0,1.0
1948316409304944114-2608160955-13,7120,2608161032,2608161033,11,,S,S1,Stuttgart Hbf|Stuttgart-Bad Cannstatt|Stuttgart Neckarpark|Stuttgart-Untertürkheim|Stuttgart-Obertürkheim|Esslingen-Mettingen|Esslingen(Neckar)|Oberesslingen|Esslingen-Zell|Altbach|Plochingen|Wernau(Neckar),8006331,Wendlingen (Neckar),Baden-Württemberg,Wendlingen am Neckar,73240,9.373662098,48.67368917,3,2608161032,,2608161036,,,,,,,,,,,0.0,3.0
177633655577527440-2608161020-4,7125,2608161031,2608161031,1,,S,S1,Kirchheim(Teck)|Kirchheim(Teck)-Ötlingen|Wendlingen(Neckar),8006346,Wernau (Neckar),Baden-Württemberg,Wernau (Neckar),73249,9.413654423,48.69417221,4,2608161034,,2608161034,,,,,,,,,,,3.0,3.0
1883247737282704559-2608160950-4,7123,2608161001,2608161001,1,,S,S1,Kirchheim(Teck)|Kirchheim(Teck)-Ötlingen|Wendlingen(Neckar),8006346,Wernau (Neckar),Baden-Württemberg,Wernau (Neckar),73249,9.413654423,48.69417221,4,2608161002,,2608161002,,,,,,,,,,,1.0,1.0
1948316409304944114-2608160955-12,7120,2608161028,2608161029,2,,S,S1,Stuttgart Hbf|Stuttgart-Bad Cannstatt|Stuttgart Neckarpark|Stuttgart-Untertürkheim|Stuttgart-Obertürkheim|Esslingen-Mettingen|Esslingen(Neckar)|Oberesslingen|Esslingen-Zell|Altbach|Plochingen,8006346,Wernau (Neckar),Baden-Württemberg,Wernau (Neckar),73249,9.413654423,48.69417221,4,2608161028,,2608161029,,,,,,,,,,,0.0,0.0
-3857622875781178481-2608161025-12,7122,2608161058,2608161059,2,,S,S1,Stuttgart Hbf|Stuttgart-Bad Cannstatt|Stuttgart Neckarpark|Stuttgart-Untertürkheim|Stuttgart-Obertürkheim|Esslingen-Mettingen|Esslingen(Neckar)|Oberesslingen|Esslingen-Zell|Altbach|Plochingen,8006346,Wernau (Neckar),Baden-Württemberg,Wernau (Neckar),73249,9.413654423,48.69417221,4,2608161100,,2608161100,,,,,,,,,,,2.0,1.0
7865685729445651076-2608161041-4,7325,2608161049,2608161050,3,,S,S3,Backnang|Maubach|Nellmersbach,8006479,Winnenden,Baden-Württemberg,Winnenden,71364,9.392155928,48.8795625,3,2608161052,,2608161052,,,,,,,,,,,3.0,2.0
-3458122613243093077-2608161011-4,7323,2608161019,2608161020,3,,S,S3,Backnang|Maubach|Nellmersbach,8006479,Winnenden,Baden-Württemberg,Winnenden,71364,9.392155928,48.8795625,3,2608161019,,2608161020,,,,,,,,,,,0.0,0.0
-8732112204278142844-2608160942-9,7318,2608161009,2608161009,2,,S,S3,Stuttgart Hbf|Stuttgart-Bad Cannstatt|Stuttgart Nürnberger Str.|Stuttgart-Sommerrain|Fellbach|Waiblingen|Neustadt-Hohenacker|Schwaikheim,8006479,Winnenden,Baden-Württemberg,Winnenden,71364,9.392155928,48.8795625,3,2608161010,,2608161011,,,,,,,,,,,1.0,2.0
-6715721537604275903-2608160955-4,17519,2608161013,2608161014,2,,RE,MEX90,Stuttgart Hbf|Stuttgart-Bad Cannstatt|Waiblingen,8006479,Winnenden,Baden-Württemberg,Winnenden,71364,9.392155928,48.8795625,3,2608161016,,2608161017,,h,1,Störung,,,,,,,3.0,3.0
-1019192569521427354-2608161008-6,89694,2608161044,2608161045,,,ARV,90,Gaildorf West|Murrhardt|Sulzbach(Murr)|Oppenweiler(Württ)|Backnang,8006479,Winnenden,Baden-Württemberg,Winnenden,71364,9.392155928,48.8795625,3,2608161047,3,2608161048,3,,,,,,,,,,3.0,3.0
3369645008221624491-2608161012-9,7320,2608161039,2608161039,2,,S,S3,Stuttgart Hbf|Stuttgart-Bad Cannstatt|Stuttgart Nürnberger Str.|Stuttgart-Sommerrain|Fellbach|Waiblingen|Neustadt-Hohenacker|Schwaikheim,8006479,Winnenden,Baden-Württemberg,Winnenden,71364,9.392155928,48.8795625,3,2608161039,,2608161039,,,,,,,,,,,0.0,0.0
-5490136514049086248-2608160950-13,7218,2608161020,2608161020,2,,S,S2,Stuttgart Hbf|Stuttgart-Bad Cannstatt|Stuttgart Nürnberger Str.|Stuttgart-Sommerrain|Fellbach|Waiblingen|Rommelshausen|Stetten-Beinstein|Endersbach|Beutelsbach|Grunbach|Geradstetten,8006485,Winterbach (b Schorndorf),Baden-Württemberg,Winterbach,73650,9.481549751,48.79842743,4,2608161022,,2608161023,,h,1,Bauarbeiten,,,,,,,2.0,3.0
-5744741285825368478-2608161003-3,7223,2608161008,2608161008,1,,S,S2,Schorndorf|Weiler(Rems),8006485,Winterbach (b Schorndorf),Baden-Württemberg,Winterbach,73650,9.481549751,48.79842743,4,2608161010,,2608161010,,h,1,Bauarbeiten,,,,,,,2.0,2.0
1693494407392386618-2608161033-3,7225,2608161038,2608161038,1,,S,S2,Schorndorf|Weiler(Rems),8006485,Winterbach (b Schorndorf),Baden-Württemberg,Winterbach,73650,9.481549751,48.79842743,4,2608161040,,2608161040,,h,1,Bauarbeiten,,,,,,,2.0,2.0
6322126178978866702-2608161020-13,7220,2608161050,2608161050,2,,S,S2,Stuttgart Hbf|Stuttgart-Bad Cannstatt|Stuttgart Nürnberger Str.|Stuttgart-Sommerrain|Fellbach|Waiblingen|Rommelshausen|Stetten-Beinstein|Endersbach|Beutelsbach|Grunbach|Geradstetten,8006485,Winterbach (b Schorndorf),Baden-Württemberg,Winterbach,73650,9.481549751,48.79842743,4,2608161050,,2608161051,,h,1,Bauarbeiten,,,,,,,0.0,1.0
-818110883220454222-2608161004-5,7021,2608161013,2608161014,1,,S,S60,Böblingen|Sindelfingen|Maichingen|Maichingen Nord,8003807,Magstadt,Baden-Württemberg,Magstadt,71106,8.965315746,48.73616033,6,2608161015,,2608161015,,h,1,Bauarbeiten,,,,,,,2.0,1.0
-4602932826430641321-2608161009-3,7022,2608161015,2608161015,2,,S,S60,Renningen|Renningen Süd,8003807,Magstadt,Baden-Württemberg,Magstadt,71106,8.965315746,48.73616033,6,2608161015,,2608161016,,h,1,Bauarbeiten,,,,,,,0.0,1.0
-9083652337873788305-2608161039-3,7024,2608161045,2608161045,2,,S,S60,Renningen|Renningen Süd,8003807,Magstadt,Baden-Württemberg,Magstadt,71106,8.965315746,48.73616033,6,2608161046,,2608161047,,h,1,Bauarbeiten,,,,,,,1.0,2.0
-8184927979055909549-2608161034-5,7023,2608161043,2608161044,1,,S,S60,Böblingen|Sindelfingen|Maichingen|Maichingen Nord,8003807,Magstadt,Baden-Württemberg,Magstadt,71106,8.965315746,48.73616033,6,2608161048,,2608161049,,h,1,Bauarbeiten,,,,,,,5.0,5.0
-818110883220454222-2608161004-4,7021,2608161011,2608161011,1,,S,S60,Böblingen|Sindelfingen|Maichingen,8003834,Maichingen Nord,Baden-Württemberg,Sindelfingen,71069,8.979416996,48.72750392,5,2608161013,,2608161013,,h,1,Bauarbeiten,,,,,,,2.0,2.0
-4602932826430641321-2608161009-4,7022,2608161017,2608161017,2,,S,S60,Renningen|Renningen Süd|Magstadt,8003834,Maichingen Nord,Baden-Württemberg,Sindelfingen,71069,8.979416996,48.72750392,5,2608161017,,2608161018,,h,1,Bauarbeiten,,,,,,,0.0,1.0
-9083652337873788305-2608161039-4,7024,2608161047,2608161047,2,,S,S60,Renningen|Renningen Süd|Magstadt,8003834,Maichingen Nord,Baden-Württemberg,Sindelfingen,71069,8.979416996,48.72750392,5,2608161048,,2608161049,,h,1,Bauarbeiten,,,,,,,1.0,2.0
-8184927979055909549-2608161034-4,7023,2608161041,2608161041,1,,S,S60,Böblingen|Sindelfingen|Maichingen,8003834,Maichingen Nord,Baden-Württemberg,Sindelfingen,71069,8.979416996,48.72750392,5,2608161046,,2608161047,,h,1,Bauarbeiten,,,,,,,5.0,6.0
-818110883220454222-2608161004-3,7021,2608161009,2608161010,1,,S,S60,Böblingen|Sindelfingen,8003808,Maichingen,Baden-Württemberg,Sindelfingen,71069,8.969606704,48.72162074,6,2608161011,,2608161012,,h,1,Bauarbeiten,,,,,,,2.0,2.0
-4602932826430641321-2608161009-5,7022,2608161019,2608161019,1,,S,S60,Renningen|Renningen Süd|Magstadt|Maichingen Nord,8003808,Maichingen,Baden-Württemberg,Sindelfingen,71069,8.969606704,48.72162074,6,2608161019,,2608161020,,h,1,Bauarbeiten,,,,,,,0.0,1.0
-9083652337873788305-2608161039-5,7024,2608161049,2608161049,1,,S,S60,Renningen|Renningen Süd|Magstadt|Maichingen Nord,8003808,Maichingen,Baden-Württemberg,Sindelfingen,71069,8.969606704,48.72162074,6,2608161050,,2608161052,,h,1,Bauarbeiten,,,,,,,1.0,3.0
-8184927979055909549-2608161034-3,7023,2608161039,2608161040,1,,S,S60,Böblingen|Sindelfingen,8003808,Maichingen,Baden-Württemberg,Sindelfingen,71069,8.969606704,48.72162074,6,2608161044,,2608161045,,h,1,Bauarbeiten,,,,,,,5.0,5.0
-818110883220454222-2608161004-6,7021,2608161017,2608161018,1,,S,S60,Böblingen|Sindelfingen|Maichingen|Maichingen Nord|Magstadt,8005001,Renningen Süd,Baden-Württemberg,Renningen,71272,8.932068278,48.76261937,6,2608161019,,2608161019,,h,1,Bauarbeiten,,,,,,,2.0,1.0
-4602932826430641321-2608161009-2,7022,2608161011,2608161011,2,,S,S60,Renningen,8005001,Renningen Süd,Baden-Württemberg,Renningen,71272,8.932068278,48.76261937,6,2608161011,,2608161012,,h,1,Bauarbeiten,,,,,,,0.0,1.0
-9083652337873788305-2608161039-2,7024,2608161041,2608161041,2,,S,S60,Renningen,8005001,Renningen Süd,Baden-Württemberg,Renningen,71272,8.932068278,48.76261937,6,2608161042,,2608161043,,h,1,Bauarbeiten,,,,,,,1.0,2.0
-8184927979055909549-2608161034-6,7023,2608161047,2608161048,1,,S,S60,Böblingen|Sindelfingen|Maichingen|Maichingen Nord|Magstadt,8005001,Renningen Süd,Baden-Württemberg,Renningen,71272,8.932068278,48.76261937,6,2608161052,,2608161053,,h,1,Bauarbeiten,,,,,,,5.0,5.0
