ID,train_number,planned_arrival,planned_departure,planned_platform,planned_status,category_train,train,path,eva_nr,station_name,station_state,station_city,station_zipcode,station_long,station_lat,station_category,changed_arrival,changed_platform_arrival,changed_departure,changed_platform_departure,message_status,priority,info,arrival_hidden,departure_hidden,arrival_path,departure_path,arrival_status,departure_status,arrival_delay_m,departure_delay_m
-1558425123957504280-2609021925-10,7158,2609021950,2609021950,4,,S,S1,Stuttgart Hbf|Stuttgart-Bad Cannstatt|Stuttgart Neckarpark|Stuttgart-Untertürkheim|Stuttgart-Obertürkheim|Esslingen-Mettingen|Esslingen(Neckar)|Oberesslingen|Esslingen-Zell,8000508,Altbach,Baden-Württemberg,Altbach,73776,9.382434033,48.72031354,3,2609021950,,2609021951,,,,,,,,,,,0.0,1.0
-7621325389408103009-2609021855-10,7156,2609021920,2609021920,4,,S,S1,Stuttgart Hbf|Stuttgart-Bad Cannstatt|Stuttgart Neckarpark|Stuttgart-Untertürkheim|Stuttgart-Obertürkheim|Esslingen-Mettingen|Esslingen(Neckar)|Oberesslingen|Esslingen-Zell,8000508,Altbach,Baden-Württemberg,Altbach,73776,9.382434033,48.72031354,3,2609021920,,2609021920,,,,,,,,,,,0.0,0.0
8890019855766315038-2609021850-6,7159,2609021909,2609021910,3,,S,S1,Kirchheim(Teck)|Kirchheim(Teck)-Ötlingen|Wendlingen(Neckar)|Wernau(Neckar)|Plochingen,8000508,Altbach,Baden-Württemberg,Altbach,73776,9.382434033,48.72031354,3,2609021909,,2609021910,,,,,,,,,,,0.0,0.0
-6572211236779796534-2609021920-6,7161,2609021939,2609021940,3,,S,S1,Kirchheim(Teck)|Kirchheim(Teck)-Ötlingen|Wendlingen(Neckar)|Wernau(Neckar)|Plochingen,8000508,Altbach,Baden-Württemberg,Altbach,73776,9.382434033,48.72031354,3,2609021940,,2609021941,,,,,,,,,,,1.0,1.0
-6212403965013446492-2609021941-1,7361,,2609021941,,,S,S3,,8000016,Backnang,Baden-Württemberg,Backnang,71522,9.425986107,48.94264844,3,,,2609021941,,,,,,,,,,,0.0,0.0
-3714637966122188152-2609021907-14,7454,2609021952,,1,,S,,Stuttgart Hbf|Stuttgart Nordbahnhof|Stuttgart-Feuerbach|Stuttgart-Zuffenhausen|Kornwestheim Pbf|Ludwigsburg|Favoritepark|Freiberg(Neckar)|Benningen(Neckar)|Marbach(Neckar)|Erdmannhausen|Kirchberg(Murr)|Burgstall(Murr),8000016,Backnang,Baden-Württemberg,Backnang,71522,9.425986107,48.94264844,3,2609021952,,,,,,,,,,,,,0.0,0.0
4741716309245589308-2609021854-5,88625,2609021922,2609021924,4,,ARV,RE90,Stuttgart Hbf|Stuttgart-Bad Cannstatt|Waiblingen|Winnenden,8000016,Backnang,Baden-Württemberg,Backnang,71522,9.425986107,48.94264844,3,2609021922,,2609021924,,r,,,,,,,c,c,0.0,0.0
-5999987302908863714-2609021903-1,7459,,2609021903,,,S,S4,,8000016,Backnang,Baden-Württemberg,Backnang,71522,9.425986107,48.94264844,3,,,2609021904,,,,,,,,,,,0.0,1.0
3350894187046807511-2609021903-6,17558,2609021936,2609021937,4,,RE,MEX90,Schwäbisch Hall-Hessental|Gaildorf West|Murrhardt|Sulzbach(Murr)|Oppenweiler(Württ),8000016,Backnang,Baden-Württemberg,Backnang,71522,9.425986107,48.94264844,3,2609021938,,2609021939,,h,2,Störung,,,,,,,2.0,2.0
-7090282038887162588-2609021926-5,17551,2609021951,2609021952,4,,RB,MEX90,Stuttgart Hbf|Stuttgart-Bad Cannstatt|Waiblingen|Winnenden,8000016,Backnang,Baden-Württemberg,Backnang,71522,9.425986107,48.94264844,3,2609021951,,2609021952,,h,2,Störung,,,,,,,0.0,0.0
7560393394993320684-2609021815-8,17556,2609021906,2609021907,4,,RB,MEX90,Schwäbisch Hall-Hessental|Gaildorf West|Fichtenberg|Fornsbach|Murrhardt|Sulzbach(Murr)|Oppenweiler(Württ),8000016,Backnang,Baden-Württemberg,Backnang,71522,9.425986107,48.94264844,3,2609021909,,2609021909,,h,2,Information,,,,,,,3.0,2.0
3135614053194829594-2609021911-1,7359,,2609021911,,,S,S3,,8000016,Backnang,Baden-Württemberg,Backnang,71522,9.425986107,48.94264844,3,,,2609021912,,,,,,,,,,,0.0,1.0
-2299085007408785264-2609021933-1,7461,,2609021933,,,S,S4,,8000016,Backnang,Baden-Württemberg,Backnang,71522,9.425986107,48.94264844,3,,,2609021933,,,,,,,,,,,0.0,0.0
4374010283059226194-2609021837-14,7452,2609021922,,1,,S,,Stuttgart Hbf|Stuttgart Nordbahnhof|Stuttgart-Feuerbach|Stuttgart-Zuffenhausen|Kornwestheim Pbf|Ludwigsburg|Favoritepark|Freiberg(Neckar)|Benningen(Neckar)|Marbach(Neckar)|Erdmannhausen|Kirchberg(Murr)|Burgstall(Murr),8000016,Backnang,Baden-Württemberg,Backnang,71522,9.425986107,48.94264844,3,2609021922,,,,,,,,,,,,,0.0,0.0
-8665436956296760567-2609021842-12,7354,2609021918,,5,,S,,Stuttgart Hbf|Stuttgart-Bad Cannstatt|Stuttgart Nürnberger Str.|Stuttgart-Sommerrain|Fellbach|Waiblingen|Neustadt-Hohenacker|Schwaikheim|Winnenden|Nellmersbach|Maubach,8000016,Backnang,Baden-Württemberg,Backnang,71522,9.425986107,48.94264844,3,2609021918,,,,,,,,,,,,,0.0,0.0
7891754352984498965-2609021912-12,7356,2609021948,,5,,S,,Stuttgart Hbf|Stuttgart-Bad Cannstatt|Stuttgart Nürnberger Str.|Stuttgart-Sommerrain|Fellbach|Waiblingen|Neustadt-Hohenacker|Schwaikheim|Winnenden|Nellmersbach|Maubach,8000016,Backnang,Baden-Württemberg,Backnang,71522,9.425986107,48.94264844,3,2609021948,,,,,,,,,,,,,0.0,0.0
-3714637966122188152-2609021907-9,7454,2609021932,2609021933,1,,S,S4,Stuttgart Hbf|Stuttgart Nordbahnhof|Stuttgart-Feuerbach|Stuttgart-Zuffenhausen|Kornwestheim Pbf|Ludwigsburg|Favoritepark|Freiberg(Neckar),8000873,Benningen (Neckar),Baden-Württemberg,Benningen am Neckar,71726,9.244299075,48.94379773,5,2609021933,,2609021934,,,,,,,,,,,1.0,1.0
-5999987302908863714-2609021903-6,7459,2609021927,2609021927,2,,S,S4,Backnang|Burgstall(Murr)|Kirchberg(Murr)|Erdmannhausen|Marbach(Neckar),8000873,Benningen (Neckar),Baden-Württemberg,Benningen am Neckar,71726,9.244299075,48.94379773,5,2609021927,,2609021928,,,,,,,,,,,0.0,1.0
-2299085007408785264-2609021933-6,7461,2609021957,2609021957,2,,S,S4,Backnang|Burgstall(Murr)|Kirchberg(Murr)|Erdmannhausen|Marbach(Neckar),8000873,Benningen (Neckar),Baden-Württemberg,Benningen am Neckar,71726,9.244299075,48.94379773,5,2609021957,,2609021957,,,,,,,,,,,0.0,0.0
4374010283059226194-2609021837-9,7452,2609021902,2609021903,1,,S,S4,Stuttgart Hbf|Stuttgart Nordbahnhof|Stuttgart-Feuerbach|Stuttgart-Zuffenhausen|Kornwestheim Pbf|Ludwigsburg|Favoritepark|Freiberg(Neckar),8000873,Benningen (Neckar),Baden-Württemberg,Benningen am Neckar,71726,9.244299075,48.94379773,5,2609021902,,2609021903,,,,,,,,,,,0.0,0.0
-7422643584363790684-2609021920-10,7256,2609021943,2609021943,1,,S,S2,Stuttgart Hbf|Stuttgart-Bad Cannstatt|Stuttgart Nürnberger Str.|Stuttgart-Sommerrain|Fellbach|Waiblingen|Rommelshausen|Stetten-Beinstein|Endersbach,8000934,Beutelsbach,Baden-Württemberg,Weinstadt,71384,9.38551589,48.81038925,5,2609021943,,2609021944,,h,2,Bauarbeiten,,,,,,,0.0,1.0
-3278481612433611047-2609021933-6,7261,2609021945,2609021945,2,,S,S2,Schorndorf|Weiler(Rems)|Winterbach(b Schorndorf)|Geradstetten|Grunbach,8000934,Beutelsbach,Baden-Württemberg,Weinstadt,71384,9.38551589,48.81038925,5,2609021945,,2609021946,,h,2,Bauarbeiten,,,,,,,0.0,1.0
1183252318301173457-2609021903-6,7259,2609021915,2609021915,2,,S,S2,Schorndorf|Weiler(Rems)|Winterbach(b Schorndorf)|Geradstetten|Grunbach,8000934,Beutelsbach,Baden-Württemberg,Weinstadt,71384,9.38551589,48.81038925,5,2609021915,,2609021915,,h,2,Bauarbeiten,,,,,,,0.0,0.0
5807496118620218109-2609021850-10,7254,2609021913,2609021913,1,,S,S2,Stuttgart Hbf|Stuttgart-Bad Cannstatt|Stuttgart Nürnberger Str.|Stuttgart-Sommerrain|Fellbach|Waiblingen|Rommelshausen|Stetten-Beinstein|Endersbach,8000934,Beutelsbach,Baden-Württemberg,Weinstadt,71384,9.38551589,48.81038925,5,2609021914,,2609021915,,h,2,Bauarbeiten,,,,,,,1.0,2.0
-1511844540643612312-2609021844-12,19569,2609021924,,3,,RE,,Pforzheim Hbf|Eutingen(Baden)|Niefern|Enzberg|Mühlacker|Mühlacker Rößlesweg|Illingen(Württ)|Vaihingen(Enz)|Sersheim|Sachsenheim|Ellental,8000038,Bietigheim-Bissingen,Baden-Württemberg,Bietigheim-Bissingen,74321,9.137217396,48.94794988,2,2609021928,7,,,h,2,Information,,,,,,,4.0,0.0
7195284655221141801-2609021932-1,19576,,2609021932,,,RE,MEX17,,8000038,Bietigheim-Bissingen,Baden-Württemberg,Bietigheim-Bissingen,74321,9.137217396,48.94794988,2,,,2609021932,7,h,2,Störung,,,,,,,0.0,0.0
-3165312670147307898-2609021914-12,19535,2609021950,,3,,RE,,Pforzheim Hbf|Eutingen(Baden)|Niefern|Enzberg|Mühlacker|Mühlacker Rößlesweg|Illingen(Württ)|Vaihingen(Enz)|Sersheim|Sachsenheim|Ellental,8000038,Bietigheim-Bissingen,Baden-Württemberg,Bietigheim-Bissingen,74321,9.137217396,48.94794988,2,2609021959,7,,,h,2,Störung,,,,,,,9.0,0.0
-6920329622694250068-2609021904-1,19530,,2609021904,,,RE,MEX17,,8000038,Bietigheim-Bissingen,Baden-Württemberg,Bietigheim-Bissingen,74321,9.137217396,48.94794988,2,,,2609021907,,h,2,Störung,,,,,,,0.0,3.0
-1986872159209865397-2609021908-16,7060,2609021956,,5,,S,,Stuttgart-Feuerbach|Stuttgart-Zuffenhausen|Neuwirtshaus(Porscheplatz)|Korntal|Weilimdorf|Ditzingen|Höfingen|Leonberg|Rutesheim|Renningen|Renningen Süd|Magstadt|Maichingen Nord|Maichingen|Sindelfingen,8001055,Böblingen,Baden-Württemberg,Böblingen,71034,9.004531864,48.68784871,3,2609021957,,,,,,,,,,,,,1.0,0.0
-2610915647049597594-2609021916-4,7757,2609021930,2609021930,4,,S,S1,Stuttgart-Vaihingen|Stuttgart-Rohr|Goldberg(Württ),8001055,Böblingen,Baden-Württemberg,Böblingen,71034,9.004531864,48.68784871,3,2609021931,,2609021931,,,,,,,,,,,1.0,1.0
7068338156505433115-2609021905-1,8152,,2609021905,,,WEG,RB46,,8001055,Böblingen,Baden-Württemberg,Böblingen,71034,9.004531864,48.68784871,3,,,2609021905,,,,,,,,,,,0.0,0.0
5382818991996055912-2609021815-9,17672,2609021920,2609021921,2,,RE,RE14a,Oberndorf(Neckar)|Sulz(Neckar)|Horb|Eutingen im Gäu|Ergenzingen|Bondorf(b Herrenberg)|Gäufelden|Herrenberg,8001055,Böblingen,Baden-Württemberg,Böblingen,71034,9.004531864,48.68784871,3,2609021922,,2609021923,,h,2,Information,,,,,,,2.0,2.0
1999917199815931661-2609021838-16,7058,2609021926,,5,,S,,Stuttgart-Feuerbach|Stuttgart-Zuffenhausen|Neuwirtshaus(Porscheplatz)|Korntal|Weilimdorf|Ditzingen|Höfingen|Leonberg|Rutesheim|Renningen|Renningen Süd|Magstadt|Maichingen Nord|Maichingen|Sindelfingen,8001055,Böblingen,Baden-Württemberg,Böblingen,71034,9.004531864,48.68784871,3,2609021928,,,,,,,,,,,,,2.0,0.0
-7091209562534015997-2609021927-7,8317,2609021940,,1,,WEG,,Holzgerlingen Bf|Holzgerlingen Hülben|Böblingen Zimmerschlag|Böblingen Heusteigstr|Böblingen Südbf|Böblingen Danziger Str,8001055,Böblingen,Baden-Württemberg,Böblingen,71034,9.004531864,48.68784871,3,2609021940,,,,,,,,,,,,,0.0,0.0
5766622389415138721-2609021813-15,17674,2609021920,2609021921,2,,RE,RE14b,Freudenstadt Hbf|Grüntal-Wittlensweiler|Dornstetten-Aach|Dornstetten|Schopfloch(b Freudenstadt)|Bittelbronn|Horb-Heiligenfeld|Hochdorf(b Horb)|Eutingen Nord|Eutingen im Gäu|Ergenzingen|Bondorf(b Herrenberg)|Gäufelden|Herrenberg,8001055,Böblingen,Baden-Württemberg,Böblingen,71034,9.004531864,48.68784871,3,2609021922,,2609021923,,h,2,Information,,,,,,,2.0,2.0
3362243237968390310-2609021857-7,8313,2609021910,,1,,WEG,,Holzgerlingen Bf|Holzgerlingen Hülben|Böblingen Zimmerschlag|Böblingen Heusteigstr|Böblingen Südbf|Böblingen Danziger Str,8001055,Böblingen,Baden-Württemberg,Böblingen,71034,9.004531864,48.68784871,3,2609021910,,,,,,,,,,,,,0.0,0.0
6458893636205588049-2609021902-12,8153,2609021925,,1,,WEG,,Dettenhausen|Weil im Schönbuch Untere Halde|Weil im Schönbuch Röte|Weil im Schönbuch Troppel|Holzgerlingen Buch|Holzgerlingen Bf|Holzgerlingen Hülben|Böblingen Zimmerschlag|Böblingen Heusteigstr|Böblingen Südbf|Böblingen Danziger Str,8001055,Böblingen,Baden-Württemberg,Böblingen,71034,9.004531864,48.68784871,3,2609021925,,,,,,,,,,,,,0.0,0.0
-8747931418941855621-2609021916-6,7760,2609021930,2609021930,3,,S,S1,Herrenberg|Nufringen|Gärtringen|Ehningen(b Böblingen)|Hulb,8001055,Böblingen,Baden-Württemberg,Böblingen,71034,9.004531864,48.68784871,3,2609021933,,2609021937,,,,,,,,,,,3.0,7.0
6412527048106806940-2609021935-1,8156,,2609021935,,,WEG,RB46,,8001055,Böblingen,Baden-Württemberg,Böblingen,71034,9.004531864,48.68784871,3,,,2609021935,,,,,,,,,,,0.0,0.0
-372852547875452905-2609021904-1,7057,,2609021904,,,S,S60,,8001055,Böblingen,Baden-Württemberg,Böblingen,71034,9.004531864,48.68784871,3,,,2609021904,,,,,,,,,,,0.0,0.0
-9006302563846053238-2609021933-1,28494,,2609021933,,,RE,RESB,,8001055,Böblingen,Baden-Württemberg,Böblingen,71034,9.004531864,48.68784871,3,,,2609021941,,,,,,,,,,,0.0,8.0
-1979304329788833876-2609021846-4,7755,2609021900,2609021900,4,,S,S1,Stuttgart-Vaihingen|Stuttgart-Rohr|Goldberg(Württ),8001055,Böblingen,Baden-Württemberg,Böblingen,71034,9.004531864,48.68784871,3,2609021900,,2609021901,,,,,,,,,,,0.0,1.0
-2772802804018317249-2609021932-12,8157,2609021955,,1,,WEG,,Dettenhausen|Weil im Schönbuch Untere Halde|Weil im Schönbuch Röte|Weil im Schönbuch Troppel|Holzgerlingen Buch|Holzgerlingen Bf|Holzgerlingen Hülben|Böblingen Zimmerschlag|Böblingen Heusteigstr|Böblingen Südbf|Böblingen Danziger Str,8001055,Böblingen,Baden-Württemberg,Böblingen,71034,9.004531864,48.68784871,3,2609021955,,,,,,,,,,,,,0.0,0.0
8862303384701956943-2609021846-6,7758,2609021900,2609021900,3,,S,S1,Herrenberg|Nufringen|Gärtringen|Ehningen(b Böblingen)|Hulb,8001055,Böblingen,Baden-Württemberg,Böblingen,71034,9.004531864,48.68784871,3,2609021900,,2609021901,,,,,,,,,,,0.0,1.0
3128900407755296936-2609021934-1,7059,,2609021934,,,S,S60,,8001055,Böblingen,Baden-Württemberg,Böblingen,71034,9.004531864,48.68784871,3,,,2609021936,,,,,,,,,,,0.0,2.0
-9156798996548396246-2609021901-3,28495,2609021926,,2,,RE,,Stuttgart Hbf|Stuttgart-Vaihingen,8001055,Böblingen,Baden-Württemberg,Böblingen,71034,9.004531864,48.68784871,3,2609021936,,,,,,,,,,,,,10.0,0.0
-3714637966122188152-2609021907-13,7454,2609021947,2609021947,1,,S,S4,Stuttgart Hbf|Stuttgart Nordbahnhof|Stuttgart-Feuerbach|Stuttgart-Zuffenhausen|Kornwestheim Pbf|Ludwigsburg|Favoritepark|Freiberg(Neckar)|Benningen(Neckar)|Marbach(Neckar)|Erdmannhausen|Kirchberg(Murr),8001296,Burgstall (Murr),Baden-Württemberg,Burgstetten,71576,9.36973562,48.92851826,6,2609021947,,2609021947,,,,,,,,,,,0.0,0.0
-5999987302908863714-2609021903-2,7459,2609021907,2609021908,1,,S,S4,Backnang,8001296,Burgstall (Murr),Baden-Württemberg,Burgstetten,71576,9.36973562,48.92851826,6,2609021908,,2609021909,,,,,,,,,,,1.0,1.0
-2299085007408785264-2609021933-2,7461,2609021937,2609021938,1,,S,S4,Backnang,8001296,Burgstall (Murr),Baden-Württemberg,Burgstetten,71576,9.36973562,48.92851826,6,2609021937,,2609021938,,,,,,,,,,,0.0,0.0
4374010283059226194-2609021837-13,7452,2609021917,2609021917,1,,S,S4,Stuttgart Hbf|Stuttgart Nordbahnhof|Stuttgart-Feuerbach|Stuttgart-Zuffenhausen|Kornwestheim Pbf|Ludwigsburg|Favoritepark|Freiberg(Neckar)|Benningen(Neckar)|Marbach(Neckar)|Erdmannhausen|Kirchberg(Murr),8001296,Burgstall (Murr),Baden-Württemberg,Burgstetten,71576,9.36973562,48.92851826,6,2609021917,,2609021917,,,,,,,,,,,0.0,0.0
-1986872159209865397-2609021908-6,7060,2609021921,2609021921,2,,S,S60,Stuttgart-Feuerbach|Stuttgart-Zuffenhausen|Neuwirtshaus(Porscheplatz)|Korntal|Weilimdorf,8001476,Ditzingen,Baden-Württemberg,Ditzingen,71254,9.067095186,48.82358726,4,2609021921,,2609021921,,,,,,,,,,,0.0,0.0
-2296361887691329517-2609021917-8,7656,2609021936,2609021936,2,,S,S6,Stuttgart Hbf|Stuttgart Nordbahnhof|Stuttgart-Feuerbach|Stuttgart-Zuffenhausen|Neuwirtshaus(Porscheplatz)|Korntal|Weilimdorf,8001476,Ditzingen,Baden-Württemberg,Ditzingen,71254,9.067095186,48.82358726,4,2609021936,,2609021937,,,,,,,,,,,0.0,1.0
-2362055098907975015-2609021903-7,7659,2609021924,2609021924,3,,S,S6,Weil der Stadt|Malmsheim|Renningen|Rutesheim|Leonberg|Höfingen,8001476,Ditzingen,Baden-Württemberg,Ditzingen,71254,9.067095186,48.82358726,4,2609021924,,2609021924,,,,,,,,,,,0.0,0.0
-7461252280383009819-2609021933-7,7661,2609021954,2609021954,3,,S,S6,Weil der Stadt|Malmsheim|Renningen|Rutesheim|Leonberg|Höfingen,8001476,Ditzingen,Baden-Württemberg,Ditzingen,71254,9.067095186,48.82358726,4,2609021954,,2609021954,,,,,,,,,,,0.0,0.0
-372852547875452905-2609021904-11,7057,2609021939,2609021939,3,,S,S60,Böblingen|Sindelfingen|Maichingen|Maichingen Nord|Magstadt|Renningen Süd|Renningen|Rutesheim|Leonberg|Höfingen,8001476,Ditzingen,Baden-Württemberg,Ditzingen,71254,9.067095186,48.82358726,4,2609021939,,2609021939,,,,,,,,,,,0.0,0.0
3112269054498031514-2609021938-6,7062,2609021951,2609021951,2,,S,S60,Stuttgart-Feuerbach|Stuttgart-Zuffenhausen|Neuwirtshaus(Porscheplatz)|Korntal|Weilimdorf,8001476,Ditzingen,Baden-Württemberg,Ditzingen,71254,9.067095186,48.82358726,4,2609021951,,2609021952,,,,,,,,,,,0.0,1.0
5496704793073772827-2609021834-11,7055,2609021909,2609021909,3,,S,S60,Böblingen|Sindelfingen|Maichingen|Maichingen Nord|Magstadt|Renningen Süd|Renningen|Rutesheim|Leonberg|Höfingen,8001476,Ditzingen,Baden-Württemberg,Ditzingen,71254,9.067095186,48.82358726,4,2609021909,,2609021909,,,,,,,,,,,0.0,0.0
8124393015929641593-2609021847-8,7654,2609021906,2609021906,2,,S,S6,Stuttgart Hbf|Stuttgart Nordbahnhof|Stuttgart-Feuerbach|Stuttgart-Zuffenhausen|Neuwirtshaus(Porscheplatz)|Korntal|Weilimdorf,8001476,Ditzingen,Baden-Württemberg,Ditzingen,71254,9.067095186,48.82358726,4,2609021906,,2609021906,,,,,,,,,,,0.0,0.0
-2474418901068663081-2609021933-3,7958,2609021940,2609021940,2,,S,S2,Filderstadt|Stuttgart Flughafen/Messe,8001650,Echterdingen,Baden-Württemberg,Echterdingen,70771,9.169307175,48.69214787,4,2609021940,,2609021940,,,,,,,,,,,0.0,0.0
-8012619847659088179-2609021905-5,7957,2609021919,2609021920,1,,S,S2,Stuttgart-Vaihingen|Stuttgart-Rohr|Oberaichen|Leinfelden,8001650,Echterdingen,Baden-Württemberg,Echterdingen,70771,9.169307175,48.69214787,4,2609021919,,2609021920,,,,,,,,,,,0.0,0.0
8022331955409261611-2609021903-3,7956,2609021910,2609021910,2,,S,S2,Filderstadt|Stuttgart Flughafen/Messe,8001650,Echterdingen,Baden-Württemberg,Echterdingen,70771,9.169307175,48.69214787,4,2609021910,,2609021910,,,,,,,,,,,0.0,0.0
-8369154934664465589-2609021935-5,7959,2609021949,2609021950,1,,S,S2,Stuttgart-Vaihingen|Stuttgart-Rohr|Oberaichen|Leinfelden,8001650,Echterdingen,Baden-Württemberg,Echterdingen,70771,9.169307175,48.69214787,4,2609021949,,2609021951,,,,,,,,,,,0.0,1.0
-2610915647049597594-2609021916-6,7757,2609021935,2609021935,2,,S,S1,Stuttgart-Vaihingen|Stuttgart-Rohr|Goldberg(Württ)|Böblingen|Hulb,8001689,Ehningen (b Böblingen),Baden-Württemberg,Ehningen,71139,8.944310368,48.66275549,4,2609021936,,2609021936,,,,,,,,,,,1.0,1.0
-6796240322761220487-2609021946-4,7762,2609021955,2609021955,1,,S,S1,Herrenberg|Nufringen|Gärtringen,8001689,Ehningen (b Böblingen),Baden-Württemberg,Ehningen,71139,8.944310368,48.66275549,4,2609021955,,2609021956,,,,,,,,,,,0.0,1.0
-8747931418941855621-2609021916-4,7760,2609021925,2609021925,1,,S,S1,Herrenberg|Nufringen|Gärtringen,8001689,Ehningen (b Böblingen),Baden-Württemberg,Ehningen,71139,8.944310368,48.66275549,4,2609021927,,2609021928,,,,,,,,,,,2.0,3.0
-1979304329788833876-2609021846-6,7755,2609021905,2609021905,2,,S,S1,Stuttgart-Vaihingen|Stuttgart-Rohr|Goldberg(Württ)|Böblingen|Hulb,8001689,Ehningen (b Böblingen),Baden-Württemberg,Ehningen,71139,8.944310368,48.66275549,4,2609021905,,2609021906,,,,,,,,,,,0.0,1.0
-7422643584363790684-2609021920-9,7256,2609021941,2609021941,2,,S,S2,Stuttgart Hbf|Stuttgart-Bad Cannstatt|Stuttgart Nürnberger Str.|Stuttgart-Sommerrain|Fellbach|Waiblingen|Rommelshausen|Stetten-Beinstein,8001785,Endersbach,Baden-Württemberg,Weinstadt,71384,9.370192421,48.81317323,4,2609021942,,2609021942,,h,2,Bauarbeiten,,,,,,,1.0,1.0
-3278481612433611047-2609021933-7,7261,2609021947,2609021947,3,,S,S2,Schorndorf|Weiler(Rems)|Winterbach(b Schorndorf)|Geradstetten|Grunbach|Beutelsbach,8001785,Endersbach,Baden-Württemberg,Weinstadt,71384,9.370192421,48.81317323,4,2609021947,,2609021947,,h,2,Bauarbeiten,,,,,,,0.0,0.0
1183252318301173457-2609021903-7,7259,2609021917,2609021917,3,,S,S2,Schorndorf|Weiler(Rems)|Winterbach(b Schorndorf)|Geradstetten|Grunbach|Beutelsbach,8001785,Endersbach,Baden-Württemberg,Weinstadt,71384,9.370192421,48.81317323,4,2609021917,,2609021917,,h,2,Bauarbeiten,,,,,,,0.0,0.0
5807496118620218109-2609021850-9,7254,2609021911,2609021911,2,,S,S2,Stuttgart Hbf|Stuttgart-Bad Cannstatt|Stuttgart Nürnberger Str.|Stuttgart-Sommerrain|Fellbach|Waiblingen|Rommelshausen|Stetten-Beinstein,8001785,Endersbach,Baden-Württemberg,Weinstadt,71384,9.370192421,48.81317323,4,2609021912,,2609021913,,h,2,Bauarbeiten,,,,,,,1.0,2.0
-3714637966122188152-2609021907-11,7454,2609021940,2609021940,1,,S,S4,Stuttgart Hbf|Stuttgart Nordbahnhof|Stuttgart-Feuerbach|Stuttgart-Zuffenhausen|Kornwestheim Pbf|Ludwigsburg|Favoritepark|Freiberg(Neckar)|Benningen(Neckar)|Marbach(Neckar),8001827,Erdmannhausen,Baden-Württemberg,Erdmannhausen,71729,9.298930848,48.9483447,6,2609021940,,2609021941,,,,,,,,,,,0.0,1.0
-5999987302908863714-2609021903-4,7459,2609021917,2609021918,1,,S,S4,Backnang|Burgstall(Murr)|Kirchberg(Murr),8001827,Erdmannhausen,Baden-Württemberg,Erdmannhausen,71729,9.298930848,48.9483447,6,2609021917,,2609021918,,,,,,,,,,,0.0,0.0
-2299085007408785264-2609021933-4,7461,2609021947,2609021948,1,,S,S4,Backnang|Burgstall(Murr)|Kirchberg(Murr),8001827,Erdmannhausen,Baden-Württemberg,Erdmannhausen,71729,9.298930848,48.9483447,6,2609021948,,2609021948,,,,,,,,,,,1.0,0.0
4374010283059226194-2609021837-11,7452,2609021910,2609021910,1,,S,S4,Stuttgart Hbf|Stuttgart Nordbahnhof|Stuttgart-Feuerbach|Stuttgart-Zuffenhausen|Kornwestheim Pbf|Ludwigsburg|Favoritepark|Freiberg(Neckar)|Benningen(Neckar)|Marbach(Neckar),8001827,Erdmannhausen,Baden-Württemberg,Erdmannhausen,71729,9.298930848,48.9483447,6,2609021910,,2609021911,,,,,,,,,,,0.0,1.0
1112527576681373761-2609021811-6,1097,2609021958,2609022000,5,,ICE,,Frankfurt(Main)Hbf|Darmstadt Hbf|Bensheim|Weinheim(Bergstr)Hbf|Heidelberg Hbf,8001920,Esslingen (Neckar),Baden-Württemberg,Esslingen am Neckar,73728,9.300578149,48.73854148,3,2609021959,,2609022001,,c,,,,,,,,,1.0,1.0
-9217867316075344623-2609021451-8,1013,2609021948,2609021952,6,,ICE,,Essen Hbf|Duisburg Hbf|Düsseldorf Hbf|Köln Messe/Deutz Gl.11-12|Frankfurt(M) Flughafen Fernbf|Mannheim Hbf|Vaihingen(Enz),8001920,Esslingen (Neckar),Baden-Württemberg,Esslingen am Neckar,73728,9.300578149,48.73854148,3,2609021947,,2609021952,,h,2,Information,,,,,c,c,-1.0,0.0
-5517293294077476489-2609021940-3,19169,2609021951,2609021954,5,,ARV,MEX16,Stuttgart Hbf|Stuttgart-Bad Cannstatt,8001920,Esslingen (Neckar),Baden-Württemberg,Esslingen am Neckar,73728,9.300578149,48.73854148,3,2609021952,,2609021954,,,,,,,,,,,1.0,0.0
8119580364174685062-2609021746-5,1090,2609021951,2609021958,2,,ICE,,München Hbf|Augsburg Hbf|Günzburg|Ulm Hbf,8001920,Esslingen (Neckar),Baden-Württemberg,Esslingen am Neckar,73728,9.300578149,48.73854148,3,2609021954,6,2609021959,6,h,2,Information,,,,,,,3.0,1.0
-8882485859156580072-2609021843-6,19332,2609021922,2609021923,3,,RE,MEX18,Reutlingen Hbf|Metzingen(Württ)|Nürtingen|Wendlingen(Neckar)|Plochingen,8001920,Esslingen (Neckar),Baden-Württemberg,Esslingen am Neckar,73728,9.300578149,48.73854148,3,2609021920,,2609021923,,h,2,Information,,,,,,,-2.0,0.0
4876412217104662801-2609021555-5,9577,2609021927,2609021929,5,,TGV,,Paris Est|Strasbourg|Kehl|Karlsruhe Hbf,8001920,Esslingen (Neckar),Baden-Württemberg,Esslingen am Neckar,73728,9.300578149,48.73854148,3,2609022004,,2609022008,,h,3,Störung,,,Paris Est|Strasbourg|Kehl|Karlsruhe Hbf,Ulm Hbf|Augsburg Hbf|München Hbf,,,37.0,39.0
-8730146202823669430-2609021703-13,4238,2609021909,2609021910,3,,RE,RE5,Friedrichshafen Stadt|Löwental|Meckenbeuren|Ravensburg|Aulendorf|Bad Schussenried|Biberach(Riß)|Laupheim West|Ulm Hbf|Geislingen(Steige)|Göppingen|Plochingen,8001920,Esslingen (Neckar),Baden-Württemberg,Esslingen am Neckar,73728,9.300578149,48.73854148,3,2609021913,,2609021914,,h,2,Information,,,,,,,4.0,4.0
-5526353379898780614-2609021816-14,19164,2609021904,2609021905,3,,ARV,MEX16,Geislingen(Steige)|Geislingen(Steige)West|Kuchen|Gingen(Fils)|Süßen|Salach|Eislingen(Fils)|Göppingen|Faurndau|Uhingen|Ebersbach(Fils)|Reichenbach(Fils)|Plochingen,8001920,Esslingen (Neckar),Baden-Württemberg,Esslingen am Neckar,73728,9.300578149,48.73854148,3,2609021904,,2609021905,,,,,,,,,,,0.0,0.0
-1558425123957504280-2609021925-7,7158,2609021942,2609021943,8,,S,S1,Stuttgart Hbf|Stuttgart-Bad Cannstatt|Stuttgart Neckarpark|Stuttgart-Untertürkheim|Stuttgart-Obertürkheim|Esslingen-Mettingen,8001920,Esslingen (Neckar),Baden-Württemberg,Esslingen am Neckar,73728,9.300578149,48.73854148,3,2609021942,,2609021943,,,,,,,,,,,0.0,0.0
-7621325389408103009-2609021855-7,7156,2609021912,2609021913,8,,S,S1,Stuttgart Hbf|Stuttgart-Bad Cannstatt|Stuttgart Neckarpark|Stuttgart-Untertürkheim|Stuttgart-Obertürkheim|Esslingen-Mettingen,8001920,Esslingen (Neckar),Baden-Württemberg,Esslingen am Neckar,73728,9.300578149,48.73854148,3,2609021912,,2609021913,,,,,,,,,,,0.0,0.0
5253752513274739814-2609021848-14,19166,2609021940,2609021940,3,,ARV,MEX16,Geislingen(Steige)|Geislingen(Steige)West|Kuchen|Gingen(Fils)|Süßen|Salach|Eislingen(Fils)|Göppingen|Faurndau|Uhingen|Ebersbach(Fils)|Reichenbach(Fils)|Plochingen,8001920,Esslingen (Neckar),Baden-Württemberg,Esslingen am Neckar,73728,9.300578149,48.73854148,3,2609021940,,2609021942,,,,,,,,,,,0.0,2.0
8890019855766315038-2609021850-9,7159,2609021917,2609021917,7,,S,S1,Kirchheim(Teck)|Kirchheim(Teck)-Ötlingen|Wendlingen(Neckar)|Wernau(Neckar)|Plochingen|Altbach|Esslingen-Zell|Oberesslingen,8001920,Esslingen (Neckar),Baden-Württemberg,Esslingen am Neckar,73728,9.300578149,48.73854148,3,2609021917,,2609021918,,,,,,,,,,,0.0,1.0
6772228088550316376-2609021851-3,19239,2609021904,2609021905,2,,RE,MEX12,Stuttgart Hbf|Stuttgart-Bad Cannstatt,8001920,Esslingen (Neckar),Baden-Württemberg,Esslingen am Neckar,73728,9.300578149,48.73854148,3,2609021905,8,2609021906,8,h,2,Information,,,,,,,1.0,1.0
823528371556953103-2609021937-2,4231,2609021945,2609021947,5,,RE,RE5,Stuttgart Hbf,8001920,Esslingen (Neckar),Baden-Württemberg,Esslingen am Neckar,73728,9.300578149,48.73854148,3,2609021948,,2609021949,,h,2,Störung,,,,,,,3.0,2.0
2955399632672402425-2609021916-8,19244,2609021956,2609021956,7,,RE,MEX12,Reutlingen Hbf|Metzingen(Württ)|Bempflingen|Nürtingen|Oberboihingen|Wendlingen(Neckar)|Plochingen,8001920,Esslingen (Neckar),Baden-Württemberg,Esslingen am Neckar,73728,9.300578149,48.73854148,3,2609021955,,2609021956,,h,2,Störung,,,,,,,-1.0,0.0
-6572211236779796534-2609021920-9,7161,2609021947,2609021947,7,,S,S1,Kirchheim(Teck)|Kirchheim(Teck)-Ötlingen|Wendlingen(Neckar)|Wernau(Neckar)|Plochingen|Altbach|Esslingen-Zell|Oberesslingen,8001920,Esslingen (Neckar),Baden-Württemberg,Esslingen am Neckar,73728,9.300578149,48.73854148,3,2609021948,,2609021949,,,,,,,,,,,1.0,2.0
-8462099243086557188-2609021920-2,19331,2609021934,2609021935,6,,RE,MEX18,Kornwestheim Pbf,8001920,Esslingen (Neckar),Baden-Württemberg,Esslingen am Neckar,73728,9.300578149,48.73854148,3,2609021935,5,2609021936,5,h,2,Störung,,,,,,,1.0,1.0
-8086510943931224072-2609021900-3,19197,2609021917,2609021920,6,,ARV,MEX16,Stuttgart Hbf|Stuttgart-Bad Cannstatt,8001920,Esslingen (Neckar),Baden-Württemberg,Esslingen am Neckar,73728,9.300578149,48.73854148,3,2609021915,5,2609021921,5,,,,,,,,,,-2.0,1.0
-1558425123957504280-2609021925-6,7158,2609021939,2609021939,4,,S,S1,Stuttgart Hbf|Stuttgart-Bad Cannstatt|Stuttgart Neckarpark|Stuttgart-Untertürkheim|Stuttgart-Obertürkheim,8001921,Esslingen-Mettingen,Baden-Württemberg,Esslingen am Neckar,73733,9.275799007,48.74696655,3,2609021939,,2609021940,,,,,,,,,,,0.0,1.0
-7621325389408103009-2609021855-6,7156,2609021909,2609021909,4,,S,S1,Stuttgart Hbf|Stuttgart-Bad Cannstatt|Stuttgart Neckarpark|Stuttgart-Untertürkheim|Stuttgart-Obertürkheim,8001921,Esslingen-Mettingen,Baden-Württemberg,Esslingen am Neckar,73733,9.275799007,48.74696655,3,2609021909,,2609021910,,,,,,,,,,,0.0,1.0
8890019855766315038-2609021850-10,7159,2609021919,2609021920,3,,S,S1,Kirchheim(Teck)|Kirchheim(Teck)-Ötlingen|Wendlingen(Neckar)|Wernau(Neckar)|Plochingen|Altbach|Esslingen-Zell|Oberesslingen|Esslingen(Neckar),8001921,Esslingen-Mettingen,Baden-Württemberg,Esslingen am Neckar,73733,9.275799007,48.74696655,3,2609021919,,2609021920,,,,,,,,,,,0.0,0.0
-6572211236779796534-2609021920-10,7161,2609021949,2609021950,3,,S,S1,Kirchheim(Teck)|Kirchheim(Teck)-Ötlingen|Wendlingen(Neckar)|Wernau(Neckar)|Plochingen|Altbach|Esslingen-Zell|Oberesslingen|Esslingen(Neckar),8001921,Esslingen-Mettingen,Baden-Württemberg,Esslingen am Neckar,73733,9.275799007,48.74696655,3,2609021951,,2609021951,,,,,,,,,,,2.0,1.0
-1558425123957504280-2609021925-9,7158,2609021947,2609021948,4,,S,S1,Stuttgart Hbf|Stuttgart-Bad Cannstatt|Stuttgart Neckarpark|Stuttgart-Untertürkheim|Stuttgart-Obertürkheim|Esslingen-Mettingen|Esslingen(Neckar)|Oberesslingen,8006642,Esslingen-Zell,Baden-Württemberg,Esslingen am Neckar,73730,9.359739507,48.72436142,3,2609021948,,2609021949,,,,,,,,,,,1.0,1.0
-7621325389408103009-2609021855-9,7156,2609021917,2609021918,4,,S,S1,Stuttgart Hbf|Stuttgart-Bad Cannstatt|Stuttgart Neckarpark|Stuttgart-Untertürkheim|Stuttgart-Obertürkheim|Esslingen-Mettingen|Esslingen(Neckar)|Oberesslingen,8006642,Esslingen-Zell,Baden-Württemberg,Esslingen am Neckar,73730,9.359739507,48.72436142,3,2609021917,,2609021918,,,,,,,,,,,0.0,0.0
8890019855766315038-2609021850-7,7159,2609021912,2609021912,3,,S,S1,Kirchheim(Teck)|Kirchheim(Teck)-Ötlingen|Wendlingen(Neckar)|Wernau(Neckar)|Plochingen|Altbach,8006642,Esslingen-Zell,Baden-Württemberg,Esslingen am Neckar,73730,9.359739507,48.72436142,3,2609021912,,2609021912,,,,,,,,,,,0.0,0.0
-6572211236779796534-2609021920-7,7161,2609021942,2609021942,3,,S,S1,Kirchheim(Teck)|Kirchheim(Teck)-Ötlingen|Wendlingen(Neckar)|Wernau(Neckar)|Plochingen|Altbach,8006642,Esslingen-Zell,Baden-Württemberg,Esslingen am Neckar,73730,9.359739507,48.72436142,3,2609021943,,2609021943,,,,,,,,,,,1.0,1.0
-1267321740504325492-2609021937-7,7456,2609021956,2609021956,1,,S,S4,Stuttgart Hbf|Stuttgart Nordbahnhof|Stuttgart-Feuerbach|Stuttgart-Zuffenhausen|Kornwestheim Pbf|Ludwigsburg,8001967,Favoritepark,Baden-Württemberg,Ludwigsburg,71634,9.180574277,48.90948451,5,2609021956,,2609021956,,,,,,,,,,,0.0,0.0
-3714637966122188152-2609021907-7,7454,2609021926,2609021926,1,,S,S4,Stuttgart Hbf|Stuttgart Nordbahnhof|Stuttgart-Feuerbach|Stuttgart-Zuffenhausen|Kornwestheim Pbf|Ludwigsburg,8001967,Favoritepark,Baden-Württemberg,Ludwigsburg,71634,9.180574277,48.90948451,5,2609021927,,2609021927,,,,,,,,,,,1.0,1.0
-5999987302908863714-2609021903-8,7459,2609021933,2609021934,2,,S,S4,Backnang|Burgstall(Murr)|Kirchberg(Murr)|Erdmannhausen|Marbach(Neckar)|Benningen(Neckar)|Freiberg(Neckar),8001967,Favoritepark,Baden-Württemberg,Ludwigsburg,71634,9.180574277,48.90948451,5,2609021934,,2609021935,,,,,,,,,,,1.0,1.0
465087425734758010-2609021833-8,7457,2609021903,2609021904,2,,S,S4,Backnang|Burgstall(Murr)|Kirchberg(Murr)|Erdmannhausen|Marbach(Neckar)|Benningen(Neckar)|Freiberg(Neckar),8001967,Favoritepark,Baden-Württemberg,Ludwigsburg,71634,9.180574277,48.90948451,5,2609021903,,2609021904,,,,,,,,,,,0.0,0.0
-7422643584363790684-2609021920-5,7256,2609021931,2609021932,1,,S,S2,Stuttgart Hbf|Stuttgart-Bad Cannstatt|Stuttgart Nürnberger Str.|Stuttgart-Sommerrain,8001974,Fellbach,Baden-Württemberg,Fellbach,70736,9.270645988,48.8202936,3,2609021931,,2609021932,,h,2,Bauarbeiten,,,,,,,0.0,0.0
3135614053194829594-2609021911-8,7359,2609021932,2609021933,4,,S,S3,Backnang|Maubach|Nellmersbach|Winnenden|Schwaikheim|Neustadt-Hohenacker|Waiblingen,8001974,Fellbach,Baden-Württemberg,Fellbach,70736,9.270645988,48.8202936,3,2609021933,,2609021933,,,,,,,,,,,1.0,0.0
5238051817368153971-2609021841-8,7357,2609021902,2609021903,4,,S,S3,Backnang|Maubach|Nellmersbach|Winnenden|Schwaikheim|Neustadt-Hohenacker|Waiblingen,8001974,Fellbach,Baden-Württemberg,Fellbach,70736,9.270645988,48.8202936,3,2609021906,,2609021907,,,,,,,,,,,4.0,4.0
-3278481612433611047-2609021933-11,7261,2609021957,2609021958,4,,S,S2,Schorndorf|Weiler(Rems)|Winterbach(b Schorndorf)|Geradstetten|Grunbach|Beutelsbach|Endersbach|Stetten-Beinstein|Rommelshausen|Waiblingen,8001974,Fellbach,Baden-Württemberg,Fellbach,70736,9.270645988,48.8202936,3,2609021957,,2609021958,,h,2,Bauarbeiten,,,,,,,0.0,0.0
-8025183112725946697-2609021942-5,7358,2609021956,2609021957,1,,S,S3,Stuttgart Hbf|Stuttgart-Bad Cannstatt|Stuttgart Nürnberger Str.|Stuttgart-Sommerrain,8001974,Fellbach,Baden-Württemberg,Fellbach,70736,9.270645988,48.8202936,3,2609021956,,2609021957,,,,,,,,,,,0.0,0.0
1183252318301173457-2609021903-11,7259,2609021927,2609021928,4,,S,S2,Schorndorf|Weiler(Rems)|Winterbach(b Schorndorf)|Geradstetten|Grunbach|Beutelsbach|Endersbach|Stetten-Beinstein|Rommelshausen|Waiblingen,8001974,Fellbach,Baden-Württemberg,Fellbach,70736,9.270645988,48.8202936,3,2609021927,,2609021928,,h,2,Bauarbeiten,,,,,,,0.0,0.0
5807496118620218109-2609021850-5,7254,2609021901,2609021902,1,,S,S2,Stuttgart Hbf|Stuttgart-Bad Cannstatt|Stuttgart Nürnberger Str.|Stuttgart-Sommerrain,8001974,Fellbach,Baden-Württemberg,Fellbach,70736,9.270645988,48.8202936,3,2609021902,,2609021903,,h,2,Bauarbeiten,,,,,,,1.0,1.0
7891754352984498965-2609021912-5,7356,2609021926,2609021927,1,,S,S3,Stuttgart Hbf|Stuttgart-Bad Cannstatt|Stuttgart Nürnberger Str.|Stuttgart-Sommerrain,8001974,Fellbach,Baden-Württemberg,Fellbach,70736,9.270645988,48.8202936,3,2609021926,,2609021927,,,,,,,,,,,0.0,0.0
-2474418901068663081-2609021933-2,7958,2609021937,2609021938,2,,S,S2,Filderstadt,8005768,Stuttgart Flughafen/Messe,Baden-Württemberg,Leinfelden-Echterdingen,70629,9.193411574,48.69075193,4,2609021938,,2609021938,,,,,,,,,,,1.0,0.0
-8012619847659088179-2609021905-6,7957,2609021922,2609021923,1,,S,S2,Stuttgart-Vaihingen|Stuttgart-Rohr|Oberaichen|Leinfelden|Echterdingen,8005768,Stuttgart Flughafen/Messe,Baden-Württemberg,Leinfelden-Echterdingen,70629,9.193411574,48.69075193,4,2609021922,,2609021923,,,,,,,,,,,0.0,0.0
8022331955409261611-2609021903-2,7956,2609021907,2609021908,2,,S,S2,Filderstadt,8005768,Stuttgart Flughafen/Messe,Baden-Württemberg,Leinfelden-Echterdingen,70629,9.193411574,48.69075193,4,2609021907,,2609021908,,,,,,,,,,,0.0,0.0
-8369154934664465589-2609021935-6,7959,2609021952,2609021953,1,,S,S2,Stuttgart-Vaihingen|Stuttgart-Rohr|Oberaichen|Leinfelden|Echterdingen,8005768,Stuttgart Flughafen/Messe,Baden-Württemberg,Leinfelden-Echterdingen,70629,9.193411574,48.69075193,4,2609021952,,2609021953,,,,,,,,,,,0.0,0.0
-1267321740504325492-2609021937-8,7456,2609021959,2609021959,3,,S,S4,Stuttgart Hbf|Stuttgart Nordbahnhof|Stuttgart-Feuerbach|Stuttgart-Zuffenhausen|Kornwestheim Pbf|Ludwigsburg|Favoritepark,8002065,Freiberg (Neckar),Baden-Württemberg,Freiberg am Neckar,71691,9.197530085,48.92994974,5,2609021959,,2609021959,,,,,,,,,,,0.0,0.0
-3714637966122188152-2609021907-8,7454,2609021929,2609021929,3,,S,S4,Stuttgart Hbf|Stuttgart Nordbahnhof|Stuttgart-Feuerbach|Stuttgart-Zuffenhausen|Kornwestheim Pbf|Ludwigsburg|Favoritepark,8002065,Freiberg (Neckar),Baden-Württemberg,Freiberg am Neckar,71691,9.197530085,48.92994974,5,2609021929,,2609021930,,,,,,,,,,,0.0,1.0
-5999987302908863714-2609021903-7,7459,2609021930,2609021931,2,,S,S4,Backnang|Burgstall(Murr)|Kirchberg(Murr)|Erdmannhausen|Marbach(Neckar)|Benningen(Neckar),8002065,Freiberg (Neckar),Baden-Württemberg,Freiberg am Neckar,71691,9.197530085,48.92994974,5,2609021931,,2609021931,,,,,,,,,,,1.0,0.0
465087425734758010-2609021833-7,7457,2609021900,2609021901,2,,S,S4,Backnang|Burgstall(Murr)|Kirchberg(Murr)|Erdmannhausen|Marbach(Neckar)|Benningen(Neckar),8002065,Freiberg (Neckar),Baden-Württemberg,Freiberg am Neckar,71691,9.197530085,48.92994974,5,2609021900,,2609021901,,,,,,,,,,,0.0,0.0
-2610915647049597594-2609021916-7,7757,2609021938,2609021938,1,,S,S1,Stuttgart-Vaihingen|Stuttgart-Rohr|Goldberg(Württ)|Böblingen|Hulb|Ehningen(b Böblingen),8002165,Gärtringen,Baden-Württemberg,Gärtringen,71116,8.908864487,48.64080021,5,2609021939,,2609021939,,,,,,,,,,,1.0,1.0
-6796240322761220487-2609021946-3,7762,2609021952,2609021952,2,,S,S1,Herrenberg|Nufringen,8002165,Gärtringen,Baden-Württemberg,Gärtringen,71116,8.908864487,48.64080021,5,2609021952,,2609021953,,,,,,,,,,,0.0,1.0
-8747931418941855621-2609021916-3,7760,2609021922,2609021922,2,,S,S1,Herrenberg|Nufringen,8002165,Gärtringen,Baden-Württemberg,Gärtringen,71116,8.908864487,48.64080021,5,2609021925,,2609021925,,,,,,,,,,,3.0,3.0
-1979304329788833876-2609021846-7,7755,2609021908,2609021908,1,,S,S1,Stuttgart-Vaihingen|Stuttgart-Rohr|Goldberg(Württ)|Böblingen|Hulb|Ehningen(b Böblingen),8002165,Gärtringen,Baden-Württemberg,Gärtringen,71116,8.908864487,48.64080021,5,2609021909,,2609021910,,,,,,,,,,,1.0,2.0
-7422643584363790684-2609021920-12,7256,2609021947,2609021947,2,,S,S2,Stuttgart Hbf|Stuttgart-Bad Cannstatt|Stuttgart Nürnberger Str.|Stuttgart-Sommerrain|Fellbach|Waiblingen|Rommelshausen|Stetten-Beinstein|Endersbach|Beutelsbach|Grunbach,8002240,Geradstetten,Baden-Württemberg,Remshalden,73630,9.439522346,48.80527689,5,2609021948,,2609021949,,h,2,Bauarbeiten,,,,,,,1.0,2.0
-3278481612433611047-2609021933-4,7261,2609021940,2609021941,1,,S,S2,Schorndorf|Weiler(Rems)|Winterbach(b Schorndorf),8002240,Geradstetten,Baden-Württemberg,Remshalden,73630,9.439522346,48.80527689,5,2609021941,,2609021941,,h,2,Bauarbeiten,,,,,,,1.0,0.0
1183252318301173457-2609021903-4,7259,2609021910,2609021911,1,,S,S2,Schorndorf|Weiler(Rems)|Winterbach(b Schorndorf),8002240,Geradstetten,Baden-Württemberg,Remshalden,73630,9.439522346,48.80527689,5,2609021910,,2609021911,,h,2,Bauarbeiten,,,,,,,0.0,0.0
5807496118620218109-2609021850-12,7254,2609021917,2609021917,2,,S,S2,Stuttgart Hbf|Stuttgart-Bad Cannstatt|Stuttgart Nürnberger Str.|Stuttgart-Sommerrain|Fellbach|Waiblingen|Rommelshausen|Stetten-Beinstein|Endersbach|Beutelsbach|Grunbach,8002240,Geradstetten,Baden-Württemberg,Remshalden,73630,9.439522346,48.80527689,5,2609021919,,2609021920,,h,2,Bauarbeiten,,,,,,,2.0,3.0
4922732542051090705-2609021946-3,7759,2609021958,2609021958,1,,S,S1,Stuttgart-Vaihingen|Stuttgart-Rohr,8005201,Goldberg,Baden-Württemberg,Böblingen,71032,9.019733387,48.69651581,5,2609021958,,2609021958,,,,,,,,,,,0.0,0.0
-2610915647049597594-2609021916-3,7757,2609021928,2609021928,1,,S,S1,Stuttgart-Vaihingen|Stuttgart-Rohr,8005201,Goldberg,Baden-Württemberg,Böblingen,71032,9.019733387,48.69651581,5,2609021929,,2609021929,,,,,,,,,,,1.0,1.0
-8747931418941855621-2609021916-7,7760,2609021932,2609021932,2,,S,S1,Herrenberg|Nufringen|Gärtringen|Ehningen(b Böblingen)|Hulb|Böblingen,8005201,Goldberg,Baden-Württemberg,Böblingen,71032,9.019733387,48.69651581,5,2609021938,,2609021939,,,,,,,,,,,6.0,7.0
8862303384701956943-2609021846-7,7758,2609021902,2609021902,2,,S,S1,Herrenberg|Nufringen|Gärtringen|Ehningen(b Böblingen)|Hulb|Böblingen,8005201,Goldberg,Baden-Württemberg,Böblingen,71032,9.019733387,48.69651581,5,2609021903,,2609021904,,,,,,,,,,,1.0,2.0
-7422643584363790684-2609021920-11,7256,2609021945,2609021945,3,,S,S2,Stuttgart Hbf|Stuttgart-Bad Cannstatt|Stuttgart Nürnberger Str.|Stuttgart-Sommerrain|Fellbach|Waiblingen|Rommelshausen|Stetten-Beinstein|Endersbach|Beutelsbach,8002448,Grunbach,Baden-Württemberg,Remshalden,73630,9.419580601,48.810414,4,2609021946,,2609021947,,h,2,Bauarbeiten,,,,,,,1.0,2.0
-3278481612433611047-2609021933-5,7261,2609021942,2609021943,2,,S,S2,Schorndorf|Weiler(Rems)|Winterbach(b Schorndorf)|Geradstetten,8002448,Grunbach,Baden-Württemberg,Remshalden,73630,9.419580601,48.810414,4,2609021942,,2609021943,,h,2,Bauarbeiten,,,,,,,0.0,0.0
1183252318301173457-2609021903-5,7259,2609021912,2609021913,2,,S,S2,Schorndorf|Weiler(Rems)|Winterbach(b Schorndorf)|Geradstetten,8002448,Grunbach,Baden-Württemberg,Remshalden,73630,9.419580601,48.810414,4,2609021912,,2609021913,,h,2,Bauarbeiten,,,,,,,0.0,0.0
5807496118620218109-2609021850-11,7254,2609021915,2609021915,3,,S,S2,Stuttgart Hbf|Stuttgart-Bad Cannstatt|Stuttgart Nürnberger Str.|Stuttgart-Sommerrain|Fellbach|Waiblingen|Rommelshausen|Stetten-Beinstein|Endersbach|Beutelsbach,8002448,Grunbach,Baden-Württemberg,Remshalden,73630,9.419580601,48.810414,4,2609021917,,2609021918,,h,2,Bauarbeiten,,,,,,,2.0,3.0
-2610915647049597594-2609021916-9,7757,2609021945,,3,,S,,Stuttgart-Vaihingen|Stuttgart-Rohr|Goldberg(Württ)|Böblingen|Hulb|Ehningen(b Böblingen)|Gärtringen|Nufringen,8002785,Herrenberg,Baden-Württemberg,Herrenberg,71083,8.862625253,48.59395697,3,2609021949,,,,,,,,,,,,,4.0,0.0
5382818991996055912-2609021815-8,17672,2609021910,2609021911,1,,RE,RE14a,Oberndorf(Neckar)|Sulz(Neckar)|Horb|Eutingen im Gäu|Ergenzingen|Bondorf(b Herrenberg)|Gäufelden,8002785,Herrenberg,Baden-Württemberg,Herrenberg,71083,8.862625253,48.59395697,3,2609021911,,2609021913,,h,2,Information,,,,,,,1.0,2.0
-6796240322761220487-2609021946-1,7762,,2609021946,,,S,S1,,8002785,Herrenberg,Baden-Württemberg,Herrenberg,71083,8.862625253,48.59395697,3,,,2609021946,3,,,,,,,,,,0.0,0.0
5766622389415138721-2609021813-14,17674,2609021910,2609021911,1,,RE,RE14b,Freudenstadt Hbf|Grüntal-Wittlensweiler|Dornstetten-Aach|Dornstetten|Schopfloch(b Freudenstadt)|Bittelbronn|Horb-Heiligenfeld|Hochdorf(b Horb)|Eutingen Nord|Eutingen im Gäu|Ergenzingen|Bondorf(b Herrenberg)|Gäufelden,8002785,Herrenberg,Baden-Württemberg,Herrenberg,71083,8.862625253,48.59395697,3,2609021911,,2609021913,,h,2,Information,,,,,,,1.0,2.0
5306241366452732763-2609021916-2,389,2609021946,2609021947,4,,IC,,Stuttgart Hbf,8002785,Herrenberg,Baden-Württemberg,Herrenberg,71083,8.862625253,48.59395697,3,2609021952,,2609021954,,h,2,Information,,,,,,,6.0,7.0
-8747931418941855621-2609021916-1,7760,,2609021916,,,S,S1,,8002785,Herrenberg,Baden-Württemberg,Herrenberg,71083,8.862625253,48.59395697,3,,,2609021918,,,,,,,,,,,0.0,2.0
8522387556149699857-2609021916-2,50389,2609021946,2609021947,4,,RE,IC87,Stuttgart Hbf,8002785,Herrenberg,Baden-Württemberg,Herrenberg,71083,8.862625253,48.59395697,3,2609021952,,2609021954,,h,2,Information,,,,,,,6.0,7.0
-1979304329788833876-2609021846-9,7755,2609021915,,3,,S,,Stuttgart-Vaihingen|Stuttgart-Rohr|Goldberg(Württ)|Böblingen|Hulb|Ehningen(b Böblingen)|Gärtringen|Nufringen,8002785,Herrenberg,Baden-Württemberg,Herrenberg,71083,8.862625253,48.59395697,3,2609021917,,,,,,,,,,,,,2.0,0.0
-8546334342875279533-2609021922-1,17665,,2609021922,,,RB,RB14a,,8002785,Herrenberg,Baden-Württemberg,Herrenberg,71083,8.862625253,48.59395697,3,,,2609021922,,,,,,,,,,,0.0,0.0
-1986872159209865397-2609021908-7,7060,2609021924,2609021924,2,,S,S60,Stuttgart-Feuerbach|Stuttgart-Zuffenhausen|Neuwirtshaus(Porscheplatz)|Korntal|Weilimdorf|Ditzingen,8002892,Höfingen,Baden-Württemberg,Leonberg,71229,9.026180834,48.81503436,5,2609021924,,2609021924,,,,,,,,,,,0.0,0.0
-2296361887691329517-2609021917-9,7656,2609021939,2609021939,2,,S,S6,Stuttgart Hbf|Stuttgart Nordbahnhof|Stuttgart-Feuerbach|Stuttgart-Zuffenhausen|Neuwirtshaus(Porscheplatz)|Korntal|Weilimdorf|Ditzingen,8002892,Höfingen,Baden-Württemberg,Leonberg,71229,9.026180834,48.81503436,5,2609021939,,2609021940,,,,,,,,,,,0.0,1.0
-2362055098907975015-2609021903-6,7659,2609021920,2609021921,1,,S,S6,Weil der Stadt|Malmsheim|Renningen|Rutesheim|Leonberg,8002892,Höfingen,Baden-Württemberg,Leonberg,71229,9.026180834,48.81503436,5,2609021920,,2609021921,,,,,,,,,,,0.0,0.0
-7461252280383009819-2609021933-6,7661,2609021950,2609021951,1,,S,S6,Weil der Stadt|Malmsheim|Renningen|Rutesheim|Leonberg,8002892,Höfingen,Baden-Württemberg,Leonberg,71229,9.026180834,48.81503436,5,2609021950,,2609021951,,,,,,,,,,,0.0,0.0
-372852547875452905-2609021904-10,7057,2609021935,2609021936,1,,S,S60,Böblingen|Sindelfingen|Maichingen|Maichingen Nord|Magstadt|Renningen Süd|Renningen|Rutesheim|Leonberg,8002892,Höfingen,Baden-Württemberg,Leonberg,71229,9.026180834,48.81503436,5,2609021936,,2609021936,,,,,,,,,,,1.0,0.0
3112269054498031514-2609021938-7,7062,2609021954,2609021954,2,,S,S60,Stuttgart-Feuerbach|Stuttgart-Zuffenhausen|Neuwirtshaus(Porscheplatz)|Korntal|Weilimdorf|Ditzingen,8002892,Höfingen,Baden-Württemberg,Leonberg,71229,9.026180834,48.81503436,5,2609021954,,2609021955,,,,,,,,,,,0.0,1.0
5496704793073772827-2609021834-10,7055,2609021905,2609021906,1,,S,S60,Böblingen|Sindelfingen|Maichingen|Maichingen Nord|Magstadt|Renningen Süd|Renningen|Rutesheim|Leonberg,8002892,Höfingen,Baden-Württemberg,Leonberg,71229,9.026180834,48.81503436,5,2609021905,,2609021906,,,,,,,,,,,0.0,0.0
8124393015929641593-2609021847-9,7654,2609021909,2609021909,2,,S,S6,Stuttgart Hbf|Stuttgart Nordbahnhof|Stuttgart-Feuerbach|Stuttgart-Zuffenhausen|Neuwirtshaus(Porscheplatz)|Korntal|Weilimdorf|Ditzingen,8002892,Höfingen,Baden-Württemberg,Leonberg,71229,9.026180834,48.81503436,5,2609021909,,2609021910,,,,,,,,,,,0.0,1.0
-2610915647049597594-2609021916-5,7757,2609021932,2609021932,1,,S,S1,Stuttgart-Vaihingen|Stuttgart-Rohr|Goldberg(Württ)|Böblingen,8003022,Hulb,Baden-Württemberg,Böblingen-Hulb,71032,8.982396429,48.67924173,5,2609021933,,2609021933,,,,,,,,,,,1.0,1.0
-6796240322761220487-2609021946-5,7762,2609021958,2609021958,2,,S,S1,Herrenberg|Nufringen|Gärtringen|Ehningen(b Böblingen),8003022,Hulb,Baden-Württemberg,Böblingen-Hulb,71032,8.982396429,48.67924173,5,2609021958,,2609021959,,,,,,,,,,,0.0,1.0
-8747931418941855621-2609021916-5,7760,2609021928,2609021928,2,,S,S1,Herrenberg|Nufringen|Gärtringen|Ehningen(b Böblingen),8003022,Hulb,Baden-Württemberg,Böblingen-Hulb,71032,8.982396429,48.67924173,5,2609021930,,2609021931,,,,,,,,,,,2.0,3.0
-1979304329788833876-2609021846-5,7755,2609021902,2609021902,1,,S,S1,Stuttgart-Vaihingen|Stuttgart-Rohr|Goldberg(Württ)|Böblingen,8003022,Hulb,Baden-Württemberg,Böblingen-Hulb,71032,8.982396429,48.67924173,5,2609021903,,2609021903,,,,,,,,,,,1.0,1.0
-2474418901068663081-2609021933-1,7958,,2609021933,,,S,S2,,8001984,Filderstadt,Baden-Württemberg,Filderstadt,70794,9.217581315,48.67649151,5,,,2609021935,,,,,,,,,,,0.0,2.0
-8012619847659088179-2609021905-7,7957,2609021927,,1,,S,,Stuttgart-Vaihingen|Stuttgart-Rohr|Oberaichen|Leinfelden|Echterdingen|Stuttgart Flughafen/Messe,8001984,Filderstadt,Baden-Württemberg,Filderstadt,70794,9.217581315,48.67649151,5,2609021927,,,,,,,,,,,,,0.0,0.0
8022331955409261611-2609021903-1,7956,,2609021903,,,S,S2,,8001984,Filderstadt,Baden-Württemberg,Filderstadt,70794,9.217581315,48.67649151,5,,,2609021903,,,,,,,,,,,0.0,0.0
-8369154934664465589-2609021935-7,7959,2609021957,,1,,S,,Stuttgart-Vaihingen|Stuttgart-Rohr|Oberaichen|Leinfelden|Echterdingen|Stuttgart Flughafen/Messe,8001984,Filderstadt,Baden-Württemberg,Filderstadt,70794,9.217581315,48.67649151,5,2609021957,,,,,,,,,,,,,0.0,0.0
-3714637966122188152-2609021907-12,7454,2609021943,2609021943,2,,S,S4,Stuttgart Hbf|Stuttgart Nordbahnhof|Stuttgart-Feuerbach|Stuttgart-Zuffenhausen|Kornwestheim Pbf|Ludwigsburg|Favoritepark|Freiberg(Neckar)|Benningen(Neckar)|Marbach(Neckar)|Erdmannhausen,8003266,Kirchberg (Murr),Baden-Württemberg,Kirchberg an der Murr,71737,9.328210283,48.93928182,6,2609021943,,2609021944,,,,,,,,,,,0.0,1.0
-5999987302908863714-2609021903-3,7459,2609021912,2609021915,1,,S,S4,Backnang|Burgstall(Murr),8003266,Kirchberg (Murr),Baden-Württemberg,Kirchberg an der Murr,71737,9.328210283,48.93928182,6,2609021913,,2609021915,,,,,,,,,,,1.0,0.0
-2299085007408785264-2609021933-3,7461,2609021942,2609021945,1,,S,S4,Backnang|Burgstall(Murr),8003266,Kirchberg (Murr),Baden-Württemberg,Kirchberg an der Murr,71737,9.328210283,48.93928182,6,2609021942,,2609021945,,,,,,,,,,,0.0,0.0
4374010283059226194-2609021837-12,7452,2609021913,2609021913,2,,S,S4,Stuttgart Hbf|Stuttgart Nordbahnhof|Stuttgart-Feuerbach|Stuttgart-Zuffenhausen|Kornwestheim Pbf|Ludwigsburg|Favoritepark|Freiberg(Neckar)|Benningen(Neckar)|Marbach(Neckar)|Erdmannhausen,8003266,Kirchberg (Murr),Baden-Württemberg,Kirchberg an der Murr,71737,9.328210283,48.93928182,6,2609021913,,2609021914,,,,,,,,,,,0.0,1.0
-6153385815820538550-2609021825-15,7154,2609021909,,2,,S,,Stuttgart Hbf|Stuttgart-Bad Cannstatt|Stuttgart Neckarpark|Stuttgart-Untertürkheim|Stuttgart-Obertürkheim|Esslingen-Mettingen|Esslingen(Neckar)|Oberesslingen|Esslingen-Zell|Altbach|Plochingen|Wernau(Neckar)|Wendlingen(Neckar)|Kirchheim(Teck)-Ötlingen,8003280,Kirchheim (Teck),Baden-Württemberg,Kirchheim unter Teck,73230,9.443872422,48.64415981,4,2609021911,,,,,,,,,,,,,2.0,0.0
-7621325389408103009-2609021855-15,7156,2609021939,,2,,S,,Stuttgart Hbf|Stuttgart-Bad Cannstatt|Stuttgart Neckarpark|Stuttgart-Untertürkheim|Stuttgart-Obertürkheim|Esslingen-Mettingen|Esslingen(Neckar)|Oberesslingen|Esslingen-Zell|Altbach|Plochingen|Wernau(Neckar)|Wendlingen(Neckar)|Kirchheim(Teck)-Ötlingen,8003280,Kirchheim (Teck),Baden-Württemberg,Kirchheim unter Teck,73230,9.443872422,48.64415981,4,2609021941,,,,,,,,,,,,,2.0,0.0
-1669649271596836245-2609021917-1,37979,,2609021917,,,RB,RB64,,8003280,Kirchheim (Teck),Baden-Württemberg,Kirchheim unter Teck,73230,9.443872422,48.64415981,4,,,2609021918,,,,,,,,,,,0.0,1.0
-6930448942701268015-2609021950-1,7163,,2609021950,,,S,S1,,8003280,Kirchheim (Teck),Baden-Württemberg,Kirchheim unter Teck,73230,9.443872422,48.64415981,4,,,2609021950,,,,,,,,,,,0.0,0.0
-6797742653568567887-2609021854-7,37978,2609021912,,1,,RB,,Oberlenningen|Unterlenningen|Brucken|Owen(Teck)|Dettingen(Teck)|Kirchheim(Teck)Süd,8003280,Kirchheim (Teck),Baden-Württemberg,Kirchheim unter Teck,73230,9.443872422,48.64415981,4,2609021912,,,,,,,,,,,,,0.0,0.0
-6572211236779796534-2609021920-1,7161,,2609021920,,,S,S1,,8003280,Kirchheim (Teck),Baden-Württemberg,Kirchheim unter Teck,73230,9.443872422,48.64415981,4,,,2609021920,,,,,,,,,,,0.0,0.0
-6153385815820538550-2609021825-14,7154,2609021906,2609021907,1,,S,S1,Stuttgart Hbf|Stuttgart-Bad Cannstatt|Stuttgart Neckarpark|Stuttgart-Untertürkheim|Stuttgart-Obertürkheim|Esslingen-Mettingen|Esslingen(Neckar)|Oberesslingen|Esslingen-Zell|Altbach|Plochingen|Wernau(Neckar)|Wendlingen(Neckar),8003282,Kirchheim (Teck)-Ötlingen,Baden-Württemberg,Kirchheim unter Teck,73230,9.416261302,48.65782388,5,2609021908,,2609021909,,,,,,,,,,,2.0,2.0
-7621325389408103009-2609021855-14,7156,2609021937,2609021937,1,,S,S1,Stuttgart Hbf|Stuttgart-Bad Cannstatt|Stuttgart Neckarpark|Stuttgart-Untertürkheim|Stuttgart-Obertürkheim|Esslingen-Mettingen|Esslingen(Neckar)|Oberesslingen|Esslingen-Zell|Altbach|Plochingen|Wernau(Neckar)|Wendlingen(Neckar),8003282,Kirchheim (Teck)-Ötlingen,Baden-Württemberg,Kirchheim unter Teck,73230,9.416261302,48.65782388,5,2609021937,,2609021938,,,,,,,,,,,0.0,1.0
-6930448942701268015-2609021950-2,7163,2609021953,2609021953,1,,S,S1,Kirchheim(Teck),8003282,Kirchheim (Teck)-Ötlingen,Baden-Württemberg,Kirchheim unter Teck,73230,9.416261302,48.65782388,5,2609021953,,2609021954,,,,,,,,,,,0.0,1.0
-6572211236779796534-2609021920-2,7161,2609021923,2609021923,1,,S,S1,Kirchheim(Teck),8003282,Kirchheim (Teck)-Ötlingen,Baden-Württemberg,Kirchheim unter Teck,73230,9.416261302,48.65782388,5,2609021923,,2609021923,,,,,,,,,,,0.0,0.0
-1986872159209865397-2609021908-4,7060,2609021916,2609021916,1,,S,S60,Stuttgart-Feuerbach|Stuttgart-Zuffenhausen|Neuwirtshaus(Porscheplatz),8003409,Korntal,Baden-Württemberg,Korntal,70825,9.121099128,48.82640246,4,2609021916,,2609021916,,,,,,,,,,,0.0,0.0
-1832627888018234905-2609021935-1,1234,,2609021935,,,WEG,RB47,,8003409,Korntal,Baden-Württemberg,Korntal,70825,9.121099128,48.82640246,4,,,2609021935,,,,,,,,,,,0.0,0.0
8398337549993310672-2609021931-7,1235,2609021954,,7,,WEG,,Heimerdingen|Hemmingen|Schwieberdingen|Münchingen|Münchingen Rührberg|Korntal Gymnasium,8003409,Korntal,Baden-Württemberg,Korntal,70825,9.121099128,48.82640246,4,2609021954,,,,,,,,,,,,,0.0,0.0
-2296361887691329517-2609021917-6,7656,2609021931,2609021931,1,,S,S6,Stuttgart Hbf|Stuttgart Nordbahnhof|Stuttgart-Feuerbach|Stuttgart-Zuffenhausen|Neuwirtshaus(Porscheplatz),8003409,Korntal,Baden-Württemberg,Korntal,70825,9.121099128,48.82640246,4,2609021931,,2609021931,,,,,,,,,,,0.0,0.0
-2362055098907975015-2609021903-9,7659,2609021928,2609021929,3,,S,S6,Weil der Stadt|Malmsheim|Renningen|Rutesheim|Leonberg|Höfingen|Ditzingen|Weilimdorf,8003409,Korntal,Baden-Württemberg,Korntal,70825,9.121099128,48.82640246,4,2609021928,,2609021929,,,,,,,,,,,0.0,0.0
-7461252280383009819-2609021933-9,7661,2609021958,2609021959,3,,S,S6,Weil der Stadt|Malmsheim|Renningen|Rutesheim|Leonberg|Höfingen|Ditzingen|Weilimdorf,8003409,Korntal,Baden-Württemberg,Korntal,70825,9.121099128,48.82640246,4,2609021958,,2609021959,,,,,,,,,,,0.0,0.0
-6108892784984132717-2609021901-7,1229,2609021924,,7,,WEG,,Heimerdingen|Hemmingen|Schwieberdingen|Münchingen|Münchingen Rührberg|Korntal Gymnasium,8003409,Korntal,Baden-Württemberg,Korntal,70825,9.121099128,48.82640246,4,2609021924,,,,,,,,,,,,,0.0,0.0
7077047059354184600-2609021905-1,1228,,2609021905,,,WEG,RB47,,8003409,Korntal,Baden-Württemberg,Korntal,70825,9.121099128,48.82640246,4,,,2609021905,,,,,,,,,,,0.0,0.0
-372852547875452905-2609021904-13,7057,2609021943,2609021944,3,,S,S60,Böblingen|Sindelfingen|Maichingen|Maichingen Nord|Magstadt|Renningen Süd|Renningen|Rutesheim|Leonberg|Höfingen|Ditzingen|Weilimdorf,8003409,Korntal,Baden-Württemberg,Korntal,70825,9.121099128,48.82640246,4,2609021943,,2609021944,,,,,,,,,,,0.0,0.0
3112269054498031514-2609021938-4,7062,2609021946,2609021946,1,,S,S60,Stuttgart-Feuerbach|Stuttgart-Zuffenhausen|Neuwirtshaus(Porscheplatz),8003409,Korntal,Baden-Württemberg,Korntal,70825,9.121099128,48.82640246,4,2609021946,,2609021947,,,,,,,,,,,0.0,1.0
5496704793073772827-2609021834-13,7055,2609021913,2609021914,3,,S,S60,Böblingen|Sindelfingen|Maichingen|Maichingen Nord|Magstadt|Renningen Süd|Renningen|Rutesheim|Leonberg|Höfingen|Ditzingen|Weilimdorf,8003409,Korntal,Baden-Württemberg,Korntal,70825,9.121099128,48.82640246,4,2609021913,,2609021914,,,,,,,,,,,0.0,0.0
8124393015929641593-2609021847-6,7654,2609021901,2609021901,1,,S,S6,Stuttgart Hbf|Stuttgart Nordbahnhof|Stuttgart-Feuerbach|Stuttgart-Zuffenhausen|Neuwirtshaus(Porscheplatz),8003409,Korntal,Baden-Württemberg,Korntal,70825,9.121099128,48.82640246,4,2609021901,,2609021901,,,,,,,,,,,0.0,0.0
-1267321740504325492-2609021937-5,7456,2609021950,2609021950,4,,S,S4,Stuttgart Hbf|Stuttgart Nordbahnhof|Stuttgart-Feuerbach|Stuttgart-Zuffenhausen,8003411,Kornwestheim Pbf,Baden-Württemberg,Kornwestheim,70806,9.179967278,48.86215948,3,2609021950,,2609021950,,,,,,,,,,,0.0,0.0
-3714637966122188152-2609021907-5,7454,2609021920,2609021920,4,,S,S4,Stuttgart Hbf|Stuttgart Nordbahnhof|Stuttgart-Feuerbach|Stuttgart-Zuffenhausen,8003411,Kornwestheim Pbf,Baden-Württemberg,Kornwestheim,70806,9.179967278,48.86215948,3,2609021920,,2609021921,,,,,,,,,,,0.0,1.0
8229824385589885076-2609021946-2,7561,2609021949,2609021950,3,,S,S5,Ludwigsburg,8003411,Kornwestheim Pbf,Baden-Württemberg,Kornwestheim,70806,9.179967278,48.86215948,3,2609021951,,2609021952,,h,2,Bauarbeiten,,,,,,,2.0,2.0
-5999987302908863714-2609021903-10,7459,2609021940,2609021940,3,,S,S4,Backnang|Burgstall(Murr)|Kirchberg(Murr)|Erdmannhausen|Marbach(Neckar)|Benningen(Neckar)|Freiberg(Neckar)|Favoritepark|Ludwigsburg,8003411,Kornwestheim Pbf,Baden-Württemberg,Kornwestheim,70806,9.179967278,48.86215948,3,2609021943,,2609021943,,,,,,,,,,,3.0,3.0
-8882485859156580072-2609021843-7,19332,2609021942,,6,,RE,,Reutlingen Hbf|Metzingen(Württ)|Nürtingen|Wendlingen(Neckar)|Plochingen|Esslingen(Neckar),8003411,Kornwestheim Pbf,Baden-Württemberg,Kornwestheim,70806,9.179967278,48.86215948,3,2609021940,7,,,h,2,Information,,,,,,,-2.0,0.0
1856255482499479272-2609021927-5,7558,2609021940,2609021940,4,,S,S5,Stuttgart Hbf|Stuttgart Nordbahnhof|Stuttgart-Feuerbach|Stuttgart-Zuffenhausen,8003411,Kornwestheim Pbf,Baden-Württemberg,Kornwestheim,70806,9.179967278,48.86215948,3,2609021940,,2609021940,,h,2,Bauarbeiten,,,,,,,0.0,0.0
4340980155526291036-2609021857-5,7556,2609021910,2609021910,4,,S,S5,Stuttgart Hbf|Stuttgart Nordbahnhof|Stuttgart-Feuerbach|Stuttgart-Zuffenhausen,8003411,Kornwestheim Pbf,Baden-Württemberg,Kornwestheim,70806,9.179967278,48.86215948,3,2609021910,,2609021910,,h,2,Bauarbeiten,,,,,,,0.0,0.0
-8462099243086557188-2609021920-1,19331,,2609021920,,,RE,MEX18,,8003411,Kornwestheim Pbf,Baden-Württemberg,Kornwestheim,70806,9.179967278,48.86215948,3,,,2609021920,6,h,2,Störung,,,,,,,0.0,0.0
465087425734758010-2609021833-10,7457,2609021910,2609021910,3,,S,S4,Backnang|Burgstall(Murr)|Kirchberg(Murr)|Erdmannhausen|Marbach(Neckar)|Benningen(Neckar)|Freiberg(Neckar)|Favoritepark|Ludwigsburg,8003411,Kornwestheim Pbf,Baden-Württemberg,Kornwestheim,70806,9.179967278,48.86215948,3,2609021910,,2609021910,,,,,,,,,,,0.0,0.0
789883459373931925-2609021916-2,7559,2609021919,2609021920,3,,S,S5,Ludwigsburg,8003411,Kornwestheim Pbf,Baden-Württemberg,Kornwestheim,70806,9.179967278,48.86215948,3,2609021920,,2609021921,,h,2,Bauarbeiten,,,,,,,1.0,1.0
-2474418901068663081-2609021933-4,7958,2609021942,2609021943,2,,S,S2,Filderstadt|Stuttgart Flughafen/Messe|Echterdingen,8003622,Leinfelden,Baden-Württemberg,Leinfelden-Echterdingen,70771,9.142859698,48.6964193,4,2609021942,,2609021943,,,,,,,,,,,0.0,0.0
-8012619847659088179-2609021905-4,7957,2609021916,2609021917,1,,S,S2,Stuttgart-Vaihingen|Stuttgart-Rohr|Oberaichen,8003622,Leinfelden,Baden-Württemberg,Leinfelden-Echterdingen,70771,9.142859698,48.6964193,4,2609021916,,2609021917,,,,,,,,,,,0.0,0.0
8022331955409261611-2609021903-4,7956,2609021912,2609021913,2,,S,S2,Filderstadt|Stuttgart Flughafen/Messe|Echterdingen,8003622,Leinfelden,Baden-Württemberg,Leinfelden-Echterdingen,70771,9.142859698,48.6964193,4,2609021912,,2609021913,,,,,,,,,,,0.0,0.0
-8369154934664465589-2609021935-4,7959,2609021946,2609021947,1,,S,S2,Stuttgart-Vaihingen|Stuttgart-Rohr|Oberaichen,8003622,Leinfelden,Baden-Württemberg,Leinfelden-Echterdingen,70771,9.142859698,48.6964193,4,2609021946,,2609021947,,,,,,,,,,,0.0,0.0
-1986872159209865397-2609021908-8,7060,2609021928,2609021928,2,,S,S60,Stuttgart-Feuerbach|Stuttgart-Zuffenhausen|Neuwirtshaus(Porscheplatz)|Korntal|Weilimdorf|Ditzingen|Höfingen,8003652,Leonberg,Baden-Württemberg,Leonberg,71229,9.004025993,48.79970547,3,2609021928,,2609021928,,,,,,,,,,,0.0,0.0
-2296361887691329517-2609021917-10,7656,2609021943,2609021943,2,,S,S6,Stuttgart Hbf|Stuttgart Nordbahnhof|Stuttgart-Feuerbach|Stuttgart-Zuffenhausen|Neuwirtshaus(Porscheplatz)|Korntal|Weilimdorf|Ditzingen|Höfingen,8003652,Leonberg,Baden-Württemberg,Leonberg,71229,9.004025993,48.79970547,3,2609021943,,2609021944,,,,,,,,,,,0.0,1.0
-2362055098907975015-2609021903-5,7659,2609021917,2609021917,1,,S,S6,Weil der Stadt|Malmsheim|Renningen|Rutesheim,8003652,Leonberg,Baden-Württemberg,Leonberg,71229,9.004025993,48.79970547,3,2609021917,,2609021918,,,,,,,,,,,0.0,1.0
-7461252280383009819-2609021933-5,7661,2609021947,2609021947,1,,S,S6,Weil der Stadt|Malmsheim|Renningen|Rutesheim,8003652,Leonberg,Baden-Württemberg,Leonberg,71229,9.004025993,48.79970547,3,2609021947,,2609021947,,,,,,,,,,,0.0,0.0
-372852547875452905-2609021904-9,7057,2609021932,2609021932,1,,S,S60,Böblingen|Sindelfingen|Maichingen|Maichingen Nord|Magstadt|Renningen Süd|Renningen|Rutesheim,8003652,Leonberg,Baden-Württemberg,Leonberg,71229,9.004025993,48.79970547,3,2609021932,,2609021932,,,,,,,,,,,0.0,0.0
3112269054498031514-2609021938-8,7062,2609021958,2609021958,2,,S,S60,Stuttgart-Feuerbach|Stuttgart-Zuffenhausen|Neuwirtshaus(Porscheplatz)|Korntal|Weilimdorf|Ditzingen|Höfingen,8003652,Leonberg,Baden-Württemberg,Leonberg,71229,9.004025993,48.79970547,3,2609021958,,2609021959,,,,,,,,,,,0.0,1.0
5496704793073772827-2609021834-9,7055,2609021902,2609021902,1,,S,S60,Böblingen|Sindelfingen|Maichingen|Maichingen Nord|Magstadt|Renningen Süd|Renningen|Rutesheim,8003652,Leonberg,Baden-Württemberg,Leonberg,71229,9.004025993,48.79970547,3,2609021902,,2609021902,,,,,,,,,,,0.0,0.0
8124393015929641593-2609021847-10,7654,2609021913,2609021913,2,,S,S6,Stuttgart Hbf|Stuttgart Nordbahnhof|Stuttgart-Feuerbach|Stuttgart-Zuffenhausen|Neuwirtshaus(Porscheplatz)|Korntal|Weilimdorf|Ditzingen|Höfingen,8003652,Leonberg,Baden-Württemberg,Leonberg,71229,9.004025993,48.79970547,3,2609021913,,2609021913,,,,,,,,,,,0.0,0.0
-1267321740504325492-2609021937-6,7456,2609021953,2609021954,2,,S,S4,Stuttgart Hbf|Stuttgart Nordbahnhof|Stuttgart-Feuerbach|Stuttgart-Zuffenhausen|Kornwestheim Pbf,8000235,Ludwigsburg,Baden-Württemberg,Ludwigsburg,71638,9.185229823,48.89208622,3,2609021953,,2609021954,,,,,,,,,,,0.0,0.0
-3714637966122188152-2609021907-6,7454,2609021923,2609021924,2,,S,S4,Stuttgart Hbf|Stuttgart Nordbahnhof|Stuttgart-Feuerbach|Stuttgart-Zuffenhausen|Kornwestheim Pbf,8000235,Ludwigsburg,Baden-Württemberg,Ludwigsburg,71638,9.185229823,48.89208622,3,2609021923,,2609021924,,,,,,,,,,,0.0,0.0
8229824385589885076-2609021946-1,7561,,2609021946,,,S,S5,,8000235,Ludwigsburg,Baden-Württemberg,Ludwigsburg,71638,9.185229823,48.89208622,3,,,2609021948,,h,2,Bauarbeiten,,,,,,,0.0,2.0
-5999987302908863714-2609021903-9,7459,2609021936,2609021937,3,,S,S4,Backnang|Burgstall(Murr)|Kirchberg(Murr)|Erdmannhausen|Marbach(Neckar)|Benningen(Neckar)|Freiberg(Neckar)|Favoritepark,8000235,Ludwigsburg,Baden-Württemberg,Ludwigsburg,71638,9.185229823,48.89208622,3,2609021937,,2609021940,,,,,,,,,,,1.0,3.0
1856255482499479272-2609021927-6,7558,2609021943,,2,,S,,Stuttgart Hbf|Stuttgart Nordbahnhof|Stuttgart-Feuerbach|Stuttgart-Zuffenhausen|Kornwestheim Pbf,8000235,Ludwigsburg,Baden-Württemberg,Ludwigsburg,71638,9.185229823,48.89208622,3,2609021944,3,,,h,2,Bauarbeiten,,,,,,,1.0,0.0
4340980155526291036-2609021857-6,7556,2609021913,,2,,S,,Stuttgart Hbf|Stuttgart Nordbahnhof|Stuttgart-Feuerbach|Stuttgart-Zuffenhausen|Kornwestheim Pbf,8000235,Ludwigsburg,Baden-Württemberg,Ludwigsburg,71638,9.185229823,48.89208622,3,2609021915,3,,,h,2,Bauarbeiten,,,,,,,2.0,0.0
465087425734758010-2609021833-9,7457,2609021906,2609021907,3,,S,S4,Backnang|Burgstall(Murr)|Kirchberg(Murr)|Erdmannhausen|Marbach(Neckar)|Benningen(Neckar)|Freiberg(Neckar)|Favoritepark,8000235,Ludwigsburg,Baden-Württemberg,Ludwigsburg,71638,9.185229823,48.89208622,3,2609021906,,2609021907,,,,,,,,,,,0.0,0.0
789883459373931925-2609021916-1,7559,,2609021916,,,S,S5,,8000235,Ludwigsburg,Baden-Württemberg,Ludwigsburg,71638,9.185229823,48.89208622,3,,,2609021918,,h,2,Bauarbeiten,,,,,,,0.0,2.0
-2296361887691329517-2609021917-13,7656,2609021954,2609021954,1,,S,S6,Stuttgart Hbf|Stuttgart Nordbahnhof|Stuttgart-Feuerbach|Stuttgart-Zuffenhausen|Neuwirtshaus(Porscheplatz)|Korntal|Weilimdorf|Ditzingen|Höfingen|Leonberg|Rutesheim|Renningen,8003831,Malmsheim,Baden-Württemberg,Renningen,71272,8.905105557,48.77183564,5,2609021955,,2609021956,,,,,,,,,,,1.0,2.0
-2362055098907975015-2609021903-2,7659,2609021905,2609021905,2,,S,S6,Weil der Stadt,8003831,Malmsheim,Baden-Württemberg,Renningen,71272,8.905105557,48.77183564,5,2609021905,,2609021906,,,,,,,,,,,0.0,1.0
-7461252280383009819-2609021933-2,7661,2609021935,2609021935,2,,S,S6,Weil der Stadt,8003831,Malmsheim,Baden-Württemberg,Renningen,71272,8.905105557,48.77183564,5,2609021937,,2609021938,,,,,,,,,,,2.0,3.0
8124393015929641593-2609021847-13,7654,2609021924,2609021924,1,,S,S6,Stuttgart Hbf|Stuttgart Nordbahnhof|Stuttgart-Feuerbach|Stuttgart-Zuffenhausen|Neuwirtshaus(Porscheplatz)|Korntal|Weilimdorf|Ditzingen|Höfingen|Leonberg|Rutesheim|Renningen,8003831,Malmsheim,Baden-Württemberg,Renningen,71272,8.905105557,48.77183564,5,2609021925,,2609021926,,,,,,,,,,,1.0,2.0
-3714637966122188152-2609021907-10,7454,2609021935,2609021938,1,,S,S4,Stuttgart Hbf|Stuttgart Nordbahnhof|Stuttgart-Feuerbach|Stuttgart-Zuffenhausen|Kornwestheim Pbf|Ludwigsburg|Favoritepark|Freiberg(Neckar)|Benningen(Neckar),8003853,Marbach (Neckar),Baden-Württemberg,Marbach am Neckar,71672,9.264611825,48.9437708,3,2609021935,,2609021938,,,,,,,,,,,0.0,0.0
-5999987302908863714-2609021903-5,7459,2609021921,2609021925,1,,S,S4,Backnang|Burgstall(Murr)|Kirchberg(Murr)|Erdmannhausen,8003853,Marbach (Neckar),Baden-Württemberg,Marbach am Neckar,71672,9.264611825,48.9437708,3,2609021921,,2609021925,,,,,,,,,,,0.0,0.0
-2299085007408785264-2609021933-5,7461,2609021951,2609021955,1,,S,S4,Backnang|Burgstall(Murr)|Kirchberg(Murr)|Erdmannhausen,8003853,Marbach (Neckar),Baden-Württemberg,Marbach am Neckar,71672,9.264611825,48.9437708,3,2609021951,,2609021955,,,,,,,,,,,0.0,0.0
4374010283059226194-2609021837-10,7452,2609021905,2609021908,1,,S,S4,Stuttgart Hbf|Stuttgart Nordbahnhof|Stuttgart-Feuerbach|Stuttgart-Zuffenhausen|Kornwestheim Pbf|Ludwigsburg|Favoritepark|Freiberg(Neckar)|Benningen(Neckar),8003853,Marbach (Neckar),Baden-Württemberg,Marbach am Neckar,71672,9.264611825,48.9437708,3,2609021905,,2609021908,,,,,,,,,,,0.0,0.0
-6212403965013446492-2609021941-2,7361,2609021943,2609021944,1,,S,S3,Backnang,8003913,Maubach,Baden-Württemberg,Backnang,71522,9.419487062,48.92623463,4,2609021944,,2609021945,,,,,,,,,,,1.0,1.0
3135614053194829594-2609021911-2,7359,2609021913,2609021914,1,,S,S3,Backnang,8003913,Maubach,Baden-Württemberg,Backnang,71522,9.419487062,48.92623463,4,2609021914,,2609021915,,,,,,,,,,,1.0,1.0
-8665436956296760567-2609021842-11,7354,2609021914,2609021915,2,,S,S3,Stuttgart Hbf|Stuttgart-Bad Cannstatt|Stuttgart Nürnberger Str.|Stuttgart-Sommerrain|Fellbach|Waiblingen|Neustadt-Hohenacker|Schwaikheim|Winnenden|Nellmersbach,8003913,Maubach,Baden-Württemberg,Backnang,71522,9.419487062,48.92623463,4,2609021914,,2609021915,,,,,,,,,,,0.0,0.0
7891754352984498965-2609021912-11,7356,2609021944,2609021945,2,,S,S3,Stuttgart Hbf|Stuttgart-Bad Cannstatt|Stuttgart Nürnberger Str.|Stuttgart-Sommerrain|Fellbach|Waiblingen|Neustadt-Hohenacker|Schwaikheim|Winnenden|Nellmersbach,8003913,Maubach,Baden-Württemberg,Backnang,71522,9.419487062,48.92623463,4,2609021944,,2609021945,,,,,,,,,,,0.0,0.0
-6212403965013446492-2609021941-3,7361,2609021946,2609021946,1,,S,S3,Backnang|Maubach,8004233,Nellmersbach,Baden-Württemberg,Leutenbach,71397,9.415421538,48.90336425,5,2609021947,,2609021948,,,,,,,,,,,1.0,2.0
3135614053194829594-2609021911-3,7359,2609021916,2609021916,1,,S,S3,Backnang|Maubach,8004233,Nellmersbach,Baden-Württemberg,Leutenbach,71397,9.415421538,48.90336425,5,2609021917,,2609021918,,,,,,,,,,,1.0,2.0
-8665436956296760567-2609021842-10,7354,2609021911,2609021912,2,,S,S3,Stuttgart Hbf|Stuttgart-Bad Cannstatt|Stuttgart Nürnberger Str.|Stuttgart-Sommerrain|Fellbach|Waiblingen|Neustadt-Hohenacker|Schwaikheim|Winnenden,8004233,Nellmersbach,Baden-Württemberg,Leutenbach,71397,9.415421538,48.90336425,5,2609021911,,2609021912,,,,,,,,,,,0.0,0.0
7891754352984498965-2609021912-10,7356,2609021941,2609021942,2,,S,S3,Stuttgart Hbf|Stuttgart-Bad Cannstatt|Stuttgart Nürnberger Str.|Stuttgart-Sommerrain|Fellbach|Waiblingen|Neustadt-Hohenacker|Schwaikheim|Winnenden,8004233,Nellmersbach,Baden-Württemberg,Leutenbach,71397,9.415421538,48.90336425,5,2609021942,,2609021942,,,,,,,,,,,1.0,0.0
-6212403965013446492-2609021941-6,7361,2609021955,2609021955,2,,S,S3,Backnang|Maubach|Nellmersbach|Winnenden|Schwaikheim,8004333,Neustadt-Hohenacker,Baden-Württemberg,Waiblingen,71336,9.32455106,48.85921668,5,2609021955,,2609021956,,,,,,,,,,,0.0,1.0
3135614053194829594-2609021911-6,7359,2609021925,2609021925,2,,S,S3,Backnang|Maubach|Nellmersbach|Winnenden|Schwaikheim,8004333,Neustadt-Hohenacker,Baden-Württemberg,Waiblingen,71336,9.32455106,48.85921668,5,2609021925,,2609021926,,,,,,,,,,,0.0,1.0
-8665436956296760567-2609021842-7,7354,2609021903,2609021903,1,,S,S3,Stuttgart Hbf|Stuttgart-Bad Cannstatt|Stuttgart Nürnberger Str.|Stuttgart-Sommerrain|Fellbach|Waiblingen,8004333,Neustadt-Hohenacker,Baden-Württemberg,Waiblingen,71336,9.32455106,48.85921668,5,2609021903,,2609021904,,,,,,,,,,,0.0,1.0
7891754352984498965-2609021912-7,7356,2609021933,2609021933,1,,S,S3,Stuttgart Hbf|Stuttgart-Bad Cannstatt|Stuttgart Nürnberger Str.|Stuttgart-Sommerrain|Fellbach|Waiblingen,8004333,Neustadt-Hohenacker,Baden-Württemberg,Waiblingen,71336,9.32455106,48.85921668,5,2609021934,,2609021934,,,,,,,,,,,1.0,1.0
-1986872159209865397-2609021908-3,7060,2609021913,2609021913,1,,S,S60,Stuttgart-Feuerbach|Stuttgart-Zuffenhausen,8004338,Neuwirtshaus (Porscheplatz),Baden-Württemberg,Stuttgart,70435,9.151955614,48.83384734,4,2609021913,,2609021914,,,,,,,,,,,0.0,1.0
-2296361887691329517-2609021917-5,7656,2609021928,2609021929,1,,S,S6,Stuttgart Hbf|Stuttgart Nordbahnhof|Stuttgart-Feuerbach|Stuttgart-Zuffenhausen,8004338,Neuwirtshaus (Porscheplatz),Baden-Württemberg,Stuttgart,70435,9.151955614,48.83384734,4,2609021928,,2609021929,,,,,,,,,,,0.0,0.0
-2362055098907975015-2609021903-10,7659,2609021931,2609021931,2,,S,S6,Weil der Stadt|Malmsheim|Renningen|Rutesheim|Leonberg|Höfingen|Ditzingen|Weilimdorf|Korntal,8004338,Neuwirtshaus (Porscheplatz),Baden-Württemberg,Stuttgart,70435,9.151955614,48.83384734,4,2609021931,,2609021932,,,,,,,,,,,0.0,1.0
6230552686564451233-2609021833-10,7657,2609021901,2609021901,2,,S,S6,Weil der Stadt|Malmsheim|Renningen|Rutesheim|Leonberg|Höfingen|Ditzingen|Weilimdorf|Korntal,8004338,Neuwirtshaus (Porscheplatz),Baden-Württemberg,Stuttgart,70435,9.151955614,48.83384734,4,2609021902,,2609021902,,,,,,,,,,,1.0,1.0
-1350780593772268701-2609021947-5,7658,2609021958,2609021959,1,,S,S6,Stuttgart Hbf|Stuttgart Nordbahnhof|Stuttgart-Feuerbach|Stuttgart-Zuffenhausen,8004338,Neuwirtshaus (Porscheplatz),Baden-Württemberg,Stuttgart,70435,9.151955614,48.83384734,4,2609021958,,2609021959,,,,,,,,,,,0.0,0.0
-372852547875452905-2609021904-14,7057,2609021946,2609021946,2,,S,S60,Böblingen|Sindelfingen|Maichingen|Maichingen Nord|Magstadt|Renningen Süd|Renningen|Rutesheim|Leonberg|Höfingen|Ditzingen|Weilimdorf|Korntal,8004338,Neuwirtshaus (Porscheplatz),Baden-Württemberg,Stuttgart,70435,9.151955614,48.83384734,4,2609021946,,2609021947,,,,,,,,,,,0.0,1.0
3112269054498031514-2609021938-3,7062,2609021943,2609021943,1,,S,S60,Stuttgart-Feuerbach|Stuttgart-Zuffenhausen,8004338,Neuwirtshaus (Porscheplatz),Baden-Württemberg,Stuttgart,70435,9.151955614,48.83384734,4,2609021943,,2609021944,,,,,,,,,,,0.0,1.0
5496704793073772827-2609021834-14,7055,2609021916,2609021916,2,,S,S60,Böblingen|Sindelfingen|Maichingen|Maichingen Nord|Magstadt|Renningen Süd|Renningen|Rutesheim|Leonberg|Höfingen|Ditzingen|Weilimdorf|Korntal,8004338,Neuwirtshaus (Porscheplatz),Baden-Württemberg,Stuttgart,70435,9.151955614,48.83384734,4,2609021916,,2609021917,,,,,,,,,,,0.0,1.0
-2610915647049597594-2609021916-8,7757,2609021941,2609021941,1,,S,S1,Stuttgart-Vaihingen|Stuttgart-Rohr|Goldberg(Württ)|Böblingen|Hulb|Ehningen(b Böblingen)|Gärtringen,8004490,Nufringen,Baden-Württemberg,Nufringen,71154,8.889817485,48.62010967,5,2609021942,,2609021942,,,,,,,,,,,1.0,1.0
-6796240322761220487-2609021946-2,7762,2609021949,2609021949,2,,S,S1,Herrenberg,8004490,Nufringen,Baden-Württemberg,Nufringen,71154,8.889817485,48.62010967,5,2609021949,,2609021950,,,,,,,,,,,0.0,1.0
-8747931418941855621-2609021916-2,7760,2609021919,2609021919,2,,S,S1,Herrenberg,8004490,Nufringen,Baden-Württemberg,Nufringen,71154,8.889817485,48.62010967,5,2609021922,,2609021922,,,,,,,,,,,3.0,3.0
-1979304329788833876-2609021846-8,7755,2609021911,2609021911,1,,S,S1,Stuttgart-Vaihingen|Stuttgart-Rohr|Goldberg(Württ)|Böblingen|Hulb|Ehningen(b Böblingen)|Gärtringen,8004490,Nufringen,Baden-Württemberg,Nufringen,71154,8.889817485,48.62010967,5,2609021912,,2609021913,,,,,,,,,,,1.0,2.0
-2474418901068663081-2609021933-5,7958,2609021945,2609021945,2,,S,S2,Filderstadt|Stuttgart Flughafen/Messe|Echterdingen|Leinfelden,8004496,Oberaichen,Baden-Württemberg,Leinfelden-Echterdingen,70771,9.12743664,48.70512422,5,2609021945,,2609021946,,,,,,,,,,,0.0,1.0
-8012619847659088179-2609021905-3,7957,2609021914,2609021914,1,,S,S2,Stuttgart-Vaihingen|Stuttgart-Rohr,8004496,Oberaichen,Baden-Württemberg,Leinfelden-Echterdingen,70771,9.12743664,48.70512422,5,2609021914,,2609021915,,,,,,,,,,,0.0,1.0
8022331955409261611-2609021903-5,7956,2609021915,2609021915,2,,S,S2,Filderstadt|Stuttgart Flughafen/Messe|Echterdingen|Leinfelden,8004496,Oberaichen,Baden-Württemberg,Leinfelden-Echterdingen,70771,9.12743664,48.70512422,5,2609021915,,2609021915,,,,,,,,,,,0.0,0.0
-8369154934664465589-2609021935-3,7959,2609021944,2609021944,1,,S,S2,Stuttgart-Vaihingen|Stuttgart-Rohr,8004496,Oberaichen,Baden-Württemberg,Leinfelden-Echterdingen,70771,9.12743664,48.70512422,5,2609021944,,2609021945,,,,,,,,,,,0.0,1.0
-1558425123957504280-2609021925-8,7158,2609021945,2609021945,4,,S,S1,Stuttgart Hbf|Stuttgart-Bad Cannstatt|Stuttgart Neckarpark|Stuttgart-Untertürkheim|Stuttgart-Obertürkheim|Esslingen-Mettingen|Esslingen(Neckar),8004528,Oberesslingen,Baden-Württemberg,Esslingen am Neckar,73730,9.327277435,48.72983585,3,2609021945,,2609021946,,,,,,,,,,,0.0,1.0
-7621325389408103009-2609021855-8,7156,2609021915,2609021915,4,,S,S1,Stuttgart Hbf|Stuttgart-Bad Cannstatt|Stuttgart Neckarpark|Stuttgart-Untertürkheim|Stuttgart-Obertürkheim|Esslingen-Mettingen|Esslingen(Neckar),8004528,Oberesslingen,Baden-Württemberg,Esslingen am Neckar,73730,9.327277435,48.72983585,3,2609021915,,2609021915,,,,,,,,,,,0.0,0.0
8890019855766315038-2609021850-8,7159,2609021914,2609021915,3,,S,S1,Kirchheim(Teck)|Kirchheim(Teck)-Ötlingen|Wendlingen(Neckar)|Wernau(Neckar)|Plochingen|Altbach|Esslingen-Zell,8004528,Oberesslingen,Baden-Württemberg,Esslingen am Neckar,73730,9.327277435,48.72983585,3,2609021914,,2609021915,,,,,,,,,,,0.0,0.0
-6572211236779796534-2609021920-8,7161,2609021944,2609021945,3,,S,S1,Kirchheim(Teck)|Kirchheim(Teck)-Ötlingen|Wendlingen(Neckar)|Wernau(Neckar)|Plochingen|Altbach|Esslingen-Zell,8004528,Oberesslingen,Baden-Württemberg,Esslingen am Neckar,73730,9.327277435,48.72983585,3,2609021945,,2609021946,,,,,,,,,,,1.0,1.0
471345808015335715-2609021913-13,19168,2609021955,2609021955,3,,ARV,MEX16,Geislingen(Steige)|Geislingen(Steige)West|Kuchen|Gingen(Fils)|Süßen|Salach|Eislingen(Fils)|Göppingen|Faurndau|Uhingen|Ebersbach(Fils)|Reichenbach(Fils),8000302,Plochingen,Baden-Württemberg,Plochingen,73207,9.411294578,48.71293906,2,2609021955,,2609021955,,,,,,,,,,,0.0,0.0
-8882485859156580072-2609021843-5,19332,2609021911,2609021912,6,,RE,MEX18,Reutlingen Hbf|Metzingen(Württ)|Nürtingen|Wendlingen(Neckar),8000302,Plochingen,Baden-Württemberg,Plochingen,73207,9.411294578,48.71293906,2,2609021913,,2609021913,,h,2,Information,,,,,,,2.0,1.0
-8730146202823669430-2609021703-12,4238,2609021902,2609021903,1,,RE,RE5,Friedrichshafen Stadt|Löwental|Meckenbeuren|Ravensburg|Aulendorf|Bad Schussenried|Biberach(Riß)|Laupheim West|Ulm Hbf|Geislingen(Steige)|Göppingen,8000302,Plochingen,Baden-Württemberg,Plochingen,73207,9.411294578,48.71293906,2,2609021906,,2609021907,,h,2,Information,,,,,,,4.0,4.0
-1558425123957504280-2609021925-11,7158,2609021953,2609021955,9,,S,S1,Stuttgart Hbf|Stuttgart-Bad Cannstatt|Stuttgart Neckarpark|Stuttgart-Untertürkheim|Stuttgart-Obertürkheim|Esslingen-Mettingen|Esslingen(Neckar)|Oberesslingen|Esslingen-Zell|Altbach,8000302,Plochingen,Baden-Württemberg,Plochingen,73207,9.411294578,48.71293906,2,2609021954,,2609021955,,,,,,,,,,,1.0,0.0
-7621325389408103009-2609021855-11,7156,2609021923,2609021926,9,,S,S1,Stuttgart Hbf|Stuttgart-Bad Cannstatt|Stuttgart Neckarpark|Stuttgart-Untertürkheim|Stuttgart-Obertürkheim|Esslingen-Mettingen|Esslingen(Neckar)|Oberesslingen|Esslingen-Zell|Altbach,8000302,Plochingen,Baden-Württemberg,Plochingen,73207,9.411294578,48.71293906,2,2609021923,,2609021927,,,,,,,,,,,0.0,1.0
5253752513274739814-2609021848-13,19166,2609021928,2609021934,1,,ARV,MEX16,Geislingen(Steige)|Geislingen(Steige)West|Kuchen|Gingen(Fils)|Süßen|Salach|Eislingen(Fils)|Göppingen|Faurndau|Uhingen|Ebersbach(Fils)|Reichenbach(Fils),8000302,Plochingen,Baden-Württemberg,Plochingen,73207,9.411294578,48.71293906,2,2609021927,,2609021934,,,,,,,,,,,-1.0,0.0
8890019855766315038-2609021850-5,7159,2609021905,2609021907,9,,S,S1,Kirchheim(Teck)|Kirchheim(Teck)-Ötlingen|Wendlingen(Neckar)|Wernau(Neckar),8000302,Plochingen,Baden-Württemberg,Plochingen,73207,9.411294578,48.71293906,2,2609021905,,2609021907,,,,,,,,,,,0.0,0.0
6772228088550316376-2609021851-4,19239,2609021911,2609021912,9,,RE,MEX12,Stuttgart Hbf|Stuttgart-Bad Cannstatt|Esslingen(Neckar),8000302,Plochingen,Baden-Württemberg,Plochingen,73207,9.411294578,48.71293906,2,2609021912,,2609021913,,h,2,Information,,,,,,,1.0,1.0
3675379070280033065-2609021842-4,19165,2609021900,2609021900,6,,ARV,MEX16,Stuttgart Hbf|Stuttgart-Bad Cannstatt|Esslingen(Neckar),8000302,Plochingen,Baden-Württemberg,Plochingen,73207,9.411294578,48.71293906,2,2609021900,,2609021901,,,,,,,,,,,0.0,1.0
823528371556953103-2609021937-3,4231,2609021953,2609021955,4,,RE,RE5,Stuttgart Hbf|Esslingen(Neckar),8000302,Plochingen,Baden-Württemberg,Plochingen,73207,9.411294578,48.71293906,2,2609021954,,2609021956,,h,2,Störung,,,,,,,1.0,1.0
2955399632672402425-2609021916-7,19244,2609021946,2609021947,7,,RE,MEX12,Reutlingen Hbf|Metzingen(Württ)|Bempflingen|Nürtingen|Oberboihingen|Wendlingen(Neckar),8000302,Plochingen,Baden-Württemberg,Plochingen,73207,9.411294578,48.71293906,2,2609021947,6,2609021947,6,h,2,Störung,,,,,,,1.0,0.0
-6572211236779796534-2609021920-5,7161,2609021935,2609021937,9,,S,S1,Kirchheim(Teck)|Kirchheim(Teck)-Ötlingen|Wendlingen(Neckar)|Wernau(Neckar),8000302,Plochingen,Baden-Württemberg,Plochingen,73207,9.411294578,48.71293906,2,2609021938,,2609021939,,,,,,,,,,,3.0,2.0
-8462099243086557188-2609021920-3,19331,2609021942,2609021945,9,,RE,MEX18,Kornwestheim Pbf|Esslingen(Neckar),8000302,Plochingen,Baden-Württemberg,Plochingen,73207,9.411294578,48.71293906,2,2609021942,7,2609021947,7,h,2,Störung,,,,,,,0.0,2.0
-8086510943931224072-2609021900-4,19197,2609021926,2609021927,4,,ARV,MEX16,Stuttgart Hbf|Stuttgart-Bad Cannstatt|Esslingen(Neckar),8000302,Plochingen,Baden-Württemberg,Plochingen,73207,9.411294578,48.71293906,2,2609021927,,2609021928,,,,,,,,,,,1.0,1.0
-1986872159209865397-2609021908-10,7060,2609021934,2609021939,3,,S,S60,Stuttgart-Feuerbach|Stuttgart-Zuffenhausen|Neuwirtshaus(Porscheplatz)|Korntal|Weilimdorf|Ditzingen|Höfingen|Leonberg|Rutesheim,8000313,Renningen,Baden-Württemberg,Renningen,71272,8.932650148,48.77515509,3,2609021934,,2609021940,,,,,,,,,,,0.0,1.0
3964899678421724550-2609021926-6,26179,2609021948,,4,,SWE,,Calw|Calw-Heumaden|Althengstett|Ostelsheim|Weil der Stadt,8000313,Renningen,Baden-Württemberg,Renningen,71272,8.932650148,48.77515509,3,2609021956,,,,h,1,Störung,,,,,,,8.0,0.0
-2296361887691329517-2609021917-12,7656,2609021949,2609021952,3,,S,S6,Stuttgart Hbf|Stuttgart Nordbahnhof|Stuttgart-Feuerbach|Stuttgart-Zuffenhausen|Neuwirtshaus(Porscheplatz)|Korntal|Weilimdorf|Ditzingen|Höfingen|Leonberg|Rutesheim,8000313,Renningen,Baden-Württemberg,Renningen,71272,8.932650148,48.77515509,3,2609021950,,2609021953,,,,,,,,,,,1.0,1.0
1999917199815931661-2609021838-10,7058,2609021904,2609021909,3,,S,S60,Stuttgart-Feuerbach|Stuttgart-Zuffenhausen|Neuwirtshaus(Porscheplatz)|Korntal|Weilimdorf|Ditzingen|Höfingen|Leonberg|Rutesheim,8000313,Renningen,Baden-Württemberg,Renningen,71272,8.932650148,48.77515509,3,2609021905,,2609021910,,,,,,,,,,,1.0,1.0
-2362055098907975015-2609021903-3,7659,2609021907,2609021911,2,,S,S6,Weil der Stadt|Malmsheim,8000313,Renningen,Baden-Württemberg,Renningen,71272,8.932650148,48.77515509,3,2609021909,,2609021911,,,,,,,,,,,2.0,0.0
-7461252280383009819-2609021933-3,7661,2609021937,2609021941,2,,S,S6,Weil der Stadt|Malmsheim,8000313,Renningen,Baden-Württemberg,Renningen,71272,8.932650148,48.77515509,3,2609021939,,2609021941,,,,,,,,,,,2.0,0.0
-372852547875452905-2609021904-7,7057,2609021920,2609021926,2,,S,S60,Böblingen|Sindelfingen|Maichingen|Maichingen Nord|Magstadt|Renningen Süd,8000313,Renningen,Baden-Württemberg,Renningen,71272,8.932650148,48.77515509,3,2609021923,,2609021926,,,,,,,,,,,3.0,0.0
3128900407755296936-2609021934-7,7059,2609021950,2609021956,2,,S,S60,Böblingen|Sindelfingen|Maichingen|Maichingen Nord|Magstadt|Renningen Süd,8000313,Renningen,Baden-Württemberg,Renningen,71272,8.932650148,48.77515509,3,2609021953,,2609021956,,,,,,,,,,,3.0,0.0
8124393015929641593-2609021847-12,7654,2609021919,2609021922,3,,S,S6,Stuttgart Hbf|Stuttgart Nordbahnhof|Stuttgart-Feuerbach|Stuttgart-Zuffenhausen|Neuwirtshaus(Porscheplatz)|Korntal|Weilimdorf|Ditzingen|Höfingen|Leonberg|Rutesheim,8000313,Renningen,Baden-Württemberg,Renningen,71272,8.932650148,48.77515509,3,2609021919,,2609021923,,,,,,,,,,,0.0,1.0
-7422643584363790684-2609021920-7,7256,2609021937,2609021937,1,,S,S2,Stuttgart Hbf|Stuttgart-Bad Cannstatt|Stuttgart Nürnberger Str.|Stuttgart-Sommerrain|Fellbach|Waiblingen,8005157,Rommelshausen,Baden-Württemberg,Kernen,71394,9.319175885,48.81552017,4,2609021937,,2609021938,,h,2,Bauarbeiten,,,,,,,0.0,1.0
-3278481612433611047-2609021933-9,7261,2609021951,2609021952,2,,S,S2,Schorndorf|Weiler(Rems)|Winterbach(b Schorndorf)|Geradstetten|Grunbach|Beutelsbach|Endersbach|Stetten-Beinstein,8005157,Rommelshausen,Baden-Württemberg,Kernen,71394,9.319175885,48.81552017,4,2609021952,,2609021952,,h,2,Bauarbeiten,,,,,,,1.0,0.0
1183252318301173457-2609021903-9,7259,2609021921,2609021922,2,,S,S2,Schorndorf|Weiler(Rems)|Winterbach(b Schorndorf)|Geradstetten|Grunbach|Beutelsbach|Endersbach|Stetten-Beinstein,8005157,Rommelshausen,Baden-Württemberg,Kernen,71394,9.319175885,48.81552017,4,2609021921,,2609021922,,h,2,Bauarbeiten,,,,,,,0.0,0.0
5807496118620218109-2609021850-7,7254,2609021907,2609021907,1,,S,S2,Stuttgart Hbf|Stuttgart-Bad Cannstatt|Stuttgart Nürnberger Str.|Stuttgart-Sommerrain|Fellbach|Waiblingen,8005157,Rommelshausen,Baden-Württemberg,Kernen,71394,9.319175885,48.81552017,4,2609021908,,2609021908,,h,2,Bauarbeiten,,,,,,,1.0,1.0
-1986872159209865397-2609021908-9,7060,2609021931,2609021931,2,,S,S60,Stuttgart-Feuerbach|Stuttgart-Zuffenhausen|Neuwirtshaus(Porscheplatz)|Korntal|Weilimdorf|Ditzingen|Höfingen|Leonberg,8005236,Rutesheim,Baden-Württemberg,Leonberg,71229,8.960325242,48.79031093,5,2609021931,,2609021932,,,,,,,,,,,0.0,1.0
-2296361887691329517-2609021917-11,7656,2609021946,2609021946,2,,S,S6,Stuttgart Hbf|Stuttgart Nordbahnhof|Stuttgart-Feuerbach|Stuttgart-Zuffenhausen|Neuwirtshaus(Porscheplatz)|Korntal|Weilimdorf|Ditzingen|Höfingen|Leonberg,8005236,Rutesheim,Baden-Württemberg,Leonberg,71229,8.960325242,48.79031093,5,2609021947,,2609021948,,,,,,,,,,,1.0,2.0
1999917199815931661-2609021838-9,7058,2609021901,2609021901,2,,S,S60,Stuttgart-Feuerbach|Stuttgart-Zuffenhausen|Neuwirtshaus(Porscheplatz)|Korntal|Weilimdorf|Ditzingen|Höfingen|Leonberg,8005236,Rutesheim,Baden-Württemberg,Leonberg,71229,8.960325242,48.79031093,5,2609021902,,2609021902,,,,,,,,,,,1.0,1.0
-2362055098907975015-2609021903-4,7659,2609021913,2609021914,1,,S,S6,Weil der Stadt|Malmsheim|Renningen,8005236,Rutesheim,Baden-Württemberg,Leonberg,71229,8.960325242,48.79031093,5,2609021913,,2609021914,,,,,,,,,,,0.0,0.0
-7461252280383009819-2609021933-4,7661,2609021943,2609021944,1,,S,S6,Weil der Stadt|Malmsheim|Renningen,8005236,Rutesheim,Baden-Württemberg,Leonberg,71229,8.960325242,48.79031093,5,2609021943,,2609021944,,,,,,,,,,,0.0,0.0
-372852547875452905-2609021904-8,7057,2609021928,2609021929,1,,S,S60,Böblingen|Sindelfingen|Maichingen|Maichingen Nord|Magstadt|Renningen Süd|Renningen,8005236,Rutesheim,Baden-Württemberg,Leonberg,71229,8.960325242,48.79031093,5,2609021929,,2609021929,,,,,,,,,,,1.0,0.0
3128900407755296936-2609021934-8,7059,2609021958,2609021959,1,,S,S60,Böblingen|Sindelfingen|Maichingen|Maichingen Nord|Magstadt|Renningen Süd|Renningen,8005236,Rutesheim,Baden-Württemberg,Leonberg,71229,8.960325242,48.79031093,5,2609021959,,2609021959,,,,,,,,,,,1.0,0.0
8124393015929641593-2609021847-11,7654,2609021916,2609021916,2,,S,S6,Stuttgart Hbf|Stuttgart Nordbahnhof|Stuttgart-Feuerbach|Stuttgart-Zuffenhausen|Neuwirtshaus(Porscheplatz)|Korntal|Weilimdorf|Ditzingen|Höfingen|Leonberg,8005236,Rutesheim,Baden-Württemberg,Leonberg,71229,8.960325242,48.79031093,5,2609021916,,2609021917,,,,,,,,,,,0.0,1.0
-3899663222005632832-2609021846-4,19429,2609021913,2609021914,2,,ARV,MEX13,Stuttgart Hbf|Stuttgart-Bad Cannstatt|Waiblingen,8005424,Schorndorf,Baden-Württemberg,Schorndorf,73614,9.525686251,48.80693898,3,2609021913,,2609021914,,h,2,Information,,,,,,,0.0,0.0
-1077044607081714772-2609021915-4,19481,2609021943,2609021944,2,,ARV,MEX13,Stuttgart Hbf|Stuttgart-Bad Cannstatt|Waiblingen,8005424,Schorndorf,Baden-Württemberg,Schorndorf,73614,9.525686251,48.80693898,3,2609021943,,2609021944,,h,2,Information,,,,,,,0.0,0.0
-7422643584363790684-2609021920-15,7256,2609021955,,1,,S,,Stuttgart Hbf|Stuttgart-Bad Cannstatt|Stuttgart Nürnberger Str.|Stuttgart-Sommerrain|Fellbach|Waiblingen|Rommelshausen|Stetten-Beinstein|Endersbach|Beutelsbach|Grunbach|Geradstetten|Winterbach(b Schorndorf)|Weiler(Rems),8005424,Schorndorf,Baden-Württemberg,Schorndorf,73614,9.525686251,48.80693898,3,2609021958,,,,h,2,Bauarbeiten,,,,,,,3.0,0.0
-5666972343065898100-2609021806-7,19683,2609021928,2609021929,2,,ARV,RE1,Karlsruhe Hbf|Karlsruhe-Durlach|Pforzheim Hbf|Mühlacker|Vaihingen(Enz)|Stuttgart Hbf,8005424,Schorndorf,Baden-Württemberg,Schorndorf,73614,9.525686251,48.80693898,3,2609021929,,2609021930,,h,2,Information,,,,,,,1.0,1.0
-3278481612433611047-2609021933-1,7261,,2609021933,,,S,S2,,8005424,Schorndorf,Baden-Württemberg,Schorndorf,73614,9.525686251,48.80693898,3,,,2609021933,,h,2,Bauarbeiten,,,,,,,0.0,0.0
1183252318301173457-2609021903-1,7259,,2609021903,,,S,S2,,8005424,Schorndorf,Baden-Württemberg,Schorndorf,73614,9.525686251,48.80693898,3,,,2609021903,,h,2,Bauarbeiten,,,,,,,0.0,0.0
-1439359717796706481-2609021907-9,19434,2609021943,2609021944,3,,ARV,MEX13,Aalen Hbf|Mögglingen(Gmünd)|Böbingen(Rems)|Schwäbisch Gmünd|Lorch(Württ)|Waldhausen(b Schorndorf)|Plüderhausen|Urbach(b Schorndorf),8005424,Schorndorf,Baden-Württemberg,Schorndorf,73614,9.525686251,48.80693898,3,2609021943,,2609021944,,h,2,Information,,,,,,,0.0,0.0
-6751654647568991594-2609021752-17,19482,2609021913,2609021914,3,,ARV,MEX13,Crailsheim|Jagstzell|Ellwangen|Schrezheim|Schwabsberg|Goldshöfe|Hofen(b Aalen)|Wasseralfingen|Aalen Hbf|Mögglingen(Gmünd)|Böbingen(Rems)|Schwäbisch Gmünd|Lorch(Württ)|Waldhausen(b Schorndorf)|Plüderhausen|Urbach(b Schorndorf),8005424,Schorndorf,Baden-Württemberg,Schorndorf,73614,9.525686251,48.80693898,3,2609021915,,2609021917,,h,2,Störung,,,,,,,2.0,3.0
5807496118620218109-2609021850-15,7254,2609021925,,14,,S,,Stuttgart Hbf|Stuttgart-Bad Cannstatt|Stuttgart Nürnberger Str.|Stuttgart-Sommerrain|Fellbach|Waiblingen|Rommelshausen|Stetten-Beinstein|Endersbach|Beutelsbach|Grunbach|Geradstetten|Winterbach(b Schorndorf)|Weiler(Rems),8005424,Schorndorf,Baden-Württemberg,Schorndorf,73614,9.525686251,48.80693898,3,2609021926,,,,h,2,Bauarbeiten,,,,,,,1.0,0.0
-6212403965013446492-2609021941-5,7361,2609021952,2609021953,1,,S,S3,Backnang|Maubach|Nellmersbach|Winnenden,8005454,Schwaikheim,Baden-Württemberg,Schwaikheim,71409,9.354747358,48.86832665,4,2609021953,,2609021953,,,,,,,,,,,1.0,0.0
3135614053194829594-2609021911-5,7359,2609021922,2609021923,1,,S,S3,Backnang|Maubach|Nellmersbach|Winnenden,8005454,Schwaikheim,Baden-Württemberg,Schwaikheim,71409,9.354747358,48.86832665,4,2609021923,,2609021924,,,,,,,,,,,1.0,1.0
-8665436956296760567-2609021842-8,7354,2609021906,2609021906,2,,S,S3,Stuttgart Hbf|Stuttgart-Bad Cannstatt|Stuttgart Nürnberger Str.|Stuttgart-Sommerrain|Fellbach|Waiblingen|Neustadt-Hohenacker,8005454,Schwaikheim,Baden-Württemberg,Schwaikheim,71409,9.354747358,48.86832665,4,2609021906,,2609021907,,,,,,,,,,,0.0,1.0
7891754352984498965-2609021912-8,7356,2609021936,2609021936,2,,S,S3,Stuttgart Hbf|Stuttgart-Bad Cannstatt|Stuttgart Nürnberger Str.|Stuttgart-Sommerrain|Fellbach|Waiblingen|Neustadt-Hohenacker,8005454,Schwaikheim,Baden-Württemberg,Schwaikheim,71409,9.354747358,48.86832665,4,2609021936,,2609021936,,,,,,,,,,,0.0,0.0
-1986872159209865397-2609021908-15,7060,2609021952,2609021953,1,,S,S60,Stuttgart-Feuerbach|Stuttgart-Zuffenhausen|Neuwirtshaus(Porscheplatz)|Korntal|Weilimdorf|Ditzingen|Höfingen|Leonberg|Rutesheim|Renningen|Renningen Süd|Magstadt|Maichingen Nord|Maichingen,8005574,Sindelfingen,Baden-Württemberg,Sindelfingen,71063,8.999262079,48.70387346,6,2609021954,,2609021954,,,,,,,,,,,2.0,1.0
1999917199815931661-2609021838-15,7058,2609021922,2609021923,1,,S,S60,Stuttgart-Feuerbach|Stuttgart-Zuffenhausen|Neuwirtshaus(Porscheplatz)|Korntal|Weilimdorf|Ditzingen|Höfingen|Leonberg|Rutesheim|Renningen|Renningen Süd|Magstadt|Maichingen Nord|Maichingen,8005574,Sindelfingen,Baden-Württemberg,Sindelfingen,71063,8.999262079,48.70387346,6,2609021924,,2609021924,,,,,,,,,,,2.0,1.0
-372852547875452905-2609021904-2,7057,2609021906,2609021907,1,,S,S60,Böblingen,8005574,Sindelfingen,Baden-Württemberg,Sindelfingen,71063,8.999262079,48.70387346,6,2609021908,,2609021909,,,,,,,,,,,2.0,2.0
3128900407755296936-2609021934-2,7059,2609021936,2609021937,1,,S,S60,Böblingen,8005574,Sindelfingen,Baden-Württemberg,Sindelfingen,71063,8.999262079,48.70387346,6,2609021939,,2609021939,,,,,,,,,,,3.0,2.0
-7422643584363790684-2609021920-8,7256,2609021939,2609021939,1,,S,S2,Stuttgart Hbf|Stuttgart-Bad Cannstatt|Stuttgart Nürnberger Str.|Stuttgart-Sommerrain|Fellbach|Waiblingen|Rommelshausen,8005726,Stetten-Beinstein,Baden-Württemberg,Weinstadt,71384,9.352769725,48.81199601,5,2609021940,,2609021940,,h,2,Bauarbeiten,,,,,,,1.0,1.0
-3278481612433611047-2609021933-8,7261,2609021949,2609021949,2,,S,S2,Schorndorf|Weiler(Rems)|Winterbach(b Schorndorf)|Geradstetten|Grunbach|Beutelsbach|Endersbach,8005726,Stetten-Beinstein,Baden-Württemberg,Weinstadt,71384,9.352769725,48.81199601,5,2609021949,,2609021949,,h,2,Bauarbeiten,,,,,,,0.0,0.0
1183252318301173457-2609021903-8,7259,2609021919,2609021919,2,,S,S2,Schorndorf|Weiler(Rems)|Winterbach(b Schorndorf)|Geradstetten|Grunbach|Beutelsbach|Endersbach,8005726,Stetten-Beinstein,Baden-Württemberg,Weinstadt,71384,9.352769725,48.81199601,5,2609021919,,2609021919,,h,2,Bauarbeiten,,,,,,,0.0,0.0
5807496118620218109-2609021850-8,7254,2609021909,2609021909,1,,S,S2,Stuttgart Hbf|Stuttgart-Bad Cannstatt|Stuttgart Nürnberger Str.|Stuttgart-Sommerrain|Fellbach|Waiblingen|Rommelshausen,8005726,Stetten-Beinstein,Baden-Württemberg,Weinstadt,71384,9.352769725,48.81199601,5,2609021910,,2609021911,,h,2,Bauarbeiten,,,,,,,1.0,2.0
-1267321740504325492-2609021937-1,7456,,2609021937,,,S,S4,,8000096,Stuttgart Hbf,Baden-Württemberg,Stuttgart,70173,9.183172973,48.78473069,1,,,2609021937,,,,,,,,,,,0.0,0.0
-8615067835650990474-2609021736-5,50184,2609021932,,5,,RE,,Singen(Hohentwiel)|Tuttlingen|Rottweil|Horb,8000096,Stuttgart Hbf,Baden-Württemberg,Stuttgart,70173,9.183172973,48.78473069,1,2609021950,,,,h,2,Information,,,,,,,18.0,0.0
-4384940379958233889-2609021820-15,7157,2609021905,,4,,S,,Kirchheim(Teck)|Kirchheim(Teck)-Ötlingen|Wendlingen(Neckar)|Wernau(Neckar)|Plochingen|Altbach|Esslingen-Zell|Oberesslingen|Esslingen(Neckar)|Esslingen-Mettingen|Stuttgart-Obertürkheim|Stuttgart-Untertürkheim|Stuttgart Neckarpark|Stuttgart-Bad Cannstatt,8000096,Stuttgart Hbf,Baden-Württemberg,Stuttgart,70173,9.183172973,48.78473069,1,2609021905,,,,,,,,,,,,,0.0,0.0
-1077044607081714772-2609021915-1,19481,,2609021915,,,ARV,MEX13,,8000096,Stuttgart Hbf,Baden-Württemberg,Stuttgart,70173,9.183172973,48.78473069,1,,,2609021920,,h,2,Information,,,,,,,0.0,5.0
-5752778913722820927-2609021957-1,7560,,2609021957,,,S,S5,,8000096,Stuttgart Hbf,Baden-Württemberg,Stuttgart,70173,9.183172973,48.78473069,1,,,2609021959,,h,2,Bauarbeiten,,,,,,,0.0,2.0
-7422643584363790684-2609021920-1,7256,,2609021920,,,S,S2,,8000096,Stuttgart Hbf,Baden-Württemberg,Stuttgart,70173,9.183172973,48.78473069,1,,,2609021920,,h,2,Bauarbeiten,,,,,,,0.0,0.0
7537395545451740415-2609021728-5,512,2609021943,2609021949,9,,ICE,,München Hbf|München-Pasing|Augsburg Hbf|Ulm Hbf,8000096,Stuttgart Hbf,Baden-Württemberg,Stuttgart,70173,9.183172973,48.78473069,1,2609021945,,2609021950,,,,,,,,,,,2.0,1.0
-3714637966122188152-2609021907-1,7454,,2609021907,,,S,S4,,8000096,Stuttgart Hbf,Baden-Württemberg,Stuttgart,70173,9.183172973,48.78473069,1,,,2609021907,,,,,,,,,,,0.0,0.0
-2296361887691329517-2609021917-1,7656,,2609021917,,,S,S6,,8000096,Stuttgart Hbf,Baden-Württemberg,Stuttgart,70173,9.183172973,48.78473069,1,,,2609021917,,,,,,,,,,,0.0,0.0
-5999987302908863714-2609021903-14,7459,2609021955,,2,,S,,Backnang|Burgstall(Murr)|Kirchberg(Murr)|Erdmannhausen|Marbach(Neckar)|Benningen(Neckar)|Freiberg(Neckar)|Favoritepark|Ludwigsburg|Kornwestheim Pbf|Stuttgart-Zuffenhausen|Stuttgart-Feuerbach|Stuttgart Nordbahnhof,8000096,Stuttgart Hbf,Baden-Württemberg,Stuttgart,70173,9.183172973,48.78473069,1,2609021957,,,,,,,,,,,,,2.0,0.0
5382818991996055912-2609021815-11,17672,2609021942,,6,,RE,,Oberndorf(Neckar)|Sulz(Neckar)|Horb|Eutingen im Gäu|Ergenzingen|Bondorf(b Herrenberg)|Gäufelden|Herrenberg|Böblingen|Stuttgart-Vaihingen,8000096,Stuttgart Hbf,Baden-Württemberg,Stuttgart,70173,9.183172973,48.78473069,1,2609021945,,,,h,2,Information,,,,,,,3.0,0.0
-5517293294077476489-2609021940-1,19169,,2609021940,,,ARV,MEX16,,8000096,Stuttgart Hbf,Baden-Württemberg,Stuttgart,70173,9.183172973,48.78473069,1,,,2609021941,16 E-G,,,,,,,,,,0.0,1.0
-2362055098907975015-2609021903-14,7659,2609021945,,1,,S,,Weil der Stadt|Malmsheim|Renningen|Rutesheim|Leonberg|Höfingen|Ditzingen|Weilimdorf|Korntal|Neuwirtshaus(Porscheplatz)|Stuttgart-Zuffenhausen|Stuttgart-Feuerbach|Stuttgart Nordbahnhof,8000096,Stuttgart Hbf,Baden-Württemberg,Stuttgart,70173,9.183172973,48.78473069,1,2609021946,,,,,,,,,,,,,1.0,0.0
-1443720912187828789-2609021832-7,19027,2609021927,,8,,ARV,,Karlsruhe Hbf|Karlsruhe-Durlach|Wilferdingen-Singen|Pforzheim Hbf|Mühlacker|Vaihingen(Enz),8000096,Stuttgart Hbf,Baden-Württemberg,Stuttgart,70173,9.183172973,48.78473069,1,2609021928,,,,h,2,Information,,,,,,,1.0,0.0
6230552686564451233-2609021833-14,7657,2609021915,,2,,S,,Weil der Stadt|Malmsheim|Renningen|Rutesheim|Leonberg|Höfingen|Ditzingen|Weilimdorf|Korntal|Neuwirtshaus(Porscheplatz)|Stuttgart-Zuffenhausen|Stuttgart-Feuerbach|Stuttgart Nordbahnhof,8000096,Stuttgart Hbf,Baden-Württemberg,Stuttgart,70173,9.183172973,48.78473069,1,2609021915,,,,,,,,,,,,,0.0,0.0
-7090282038887162588-2609021926-1,17551,,2609021926,,,RB,MEX90,,8000096,Stuttgart Hbf,Baden-Württemberg,Stuttgart,70173,9.183172973,48.78473069,1,,,2609021926,15,h,2,Störung,,,,,,,0.0,0.0
-6944323459733799687-2609021807-12,19432,2609021909,,14,,ARV,,Aalen Hbf|Mögglingen(Gmünd)|Böbingen(Rems)|Schwäbisch Gmünd|Lorch(Württ)|Waldhausen(b Schorndorf)|Plüderhausen|Urbach(b Schorndorf)|Schorndorf|Waiblingen|Stuttgart-Bad Cannstatt,8000096,Stuttgart Hbf,Baden-Württemberg,Stuttgart,70173,9.183172973,48.78473069,1,2609021914,,,,h,2,Information,,,,,,,5.0,0.0
3654860905341796990-2609021932-1,19028,,2609021932,,,ARV,RE1,,8000096,Stuttgart Hbf,Baden-Württemberg,Stuttgart,70173,9.183172973,48.78473069,1,,,2609021933,,h,2,Information,,,,,,,0.0,1.0
7560393394993320684-2609021815-12,17556,2609021932,,13,,RB,,Schwäbisch Hall-Hessental|Gaildorf West|Fichtenberg|Fornsbach|Murrhardt|Sulzbach(Murr)|Oppenweiler(Württ)|Backnang|Winnenden|Waiblingen|Stuttgart-Bad Cannstatt,8000096,Stuttgart Hbf,Baden-Württemberg,Stuttgart,70173,9.183172973,48.78473069,1,2609021934,,,,h,2,Information,,,,,,,2.0,0.0
5766622389415138721-2609021813-17,17674,2609021942,,6,,RE,,Freudenstadt Hbf|Grüntal-Wittlensweiler|Dornstetten-Aach|Dornstetten|Schopfloch(b Freudenstadt)|Bittelbronn|Horb-Heiligenfeld|Hochdorf(b Horb)|Eutingen Nord|Eutingen im Gäu|Ergenzingen|Bondorf(b Herrenberg)|Gäufelden|Herrenberg|Böblingen|Stuttgart-Vaihingen,8000096,Stuttgart Hbf,Baden-Württemberg,Stuttgart,70173,9.183172973,48.78473069,1,2609021945,,,,h,2,Information,,,,,,,3.0,0.0
3135614053194829594-2609021911-12,7359,2609021947,,4,,S,,Backnang|Maubach|Nellmersbach|Winnenden|Schwaikheim|Neustadt-Hohenacker|Waiblingen|Fellbach|Stuttgart-Sommerrain|Stuttgart Nürnberger Str.|Stuttgart-Bad Cannstatt,8000096,Stuttgart Hbf,Baden-Württemberg,Stuttgart,70173,9.183172973,48.78473069,1,2609021947,,,,,,,,,,,,,0.0,0.0
-5666972343065898100-2609021806-6,19683,2609021859,2609021906,15,,ARV,RE1,Karlsruhe Hbf|Karlsruhe-Durlach|Pforzheim Hbf|Mühlacker|Vaihingen(Enz),8000096,Stuttgart Hbf,Baden-Württemberg,Stuttgart,70173,9.183172973,48.78473069,1,2609021901,,2609021906,,h,2,Information,,,,,,,2.0,0.0
-2105870165284876408-2609021816-10,19242,2609021913,,9,,RE,,Reutlingen Hbf|Metzingen(Württ)|Bempflingen|Nürtingen|Oberboihingen|Wendlingen(Neckar)|Plochingen|Esslingen(Neckar)|Stuttgart-Bad Cannstatt,8000096,Stuttgart Hbf,Baden-Württemberg,Stuttgart,70173,9.183172973,48.78473069,1,2609021918,12,,,h,2,Information,,,,,,,5.0,0.0
-7141477819000954134-2609021740-4,2066,2609021953,2609021959,11,,IC,,Nürnberg Hbf|Ansbach|Aalen Hbf,8000096,Stuttgart Hbf,Baden-Württemberg,Stuttgart,70173,9.183172973,48.78473069,1,,,,,,,,,,,,c,c,0.0,0.0
-8941932149309778658-2609021922-1,572,,2609021922,,,ICE,,,8000096,Stuttgart Hbf,Baden-Württemberg,Stuttgart,70173,9.183172973,48.78473069,1,,,2609021945,,h,3,Information,,,,,,,0.0,23.0
-8730146202823669430-2609021703-14,4238,2609021920,,11,,RE,,Friedrichshafen Stadt|Löwental|Meckenbeuren|Ravensburg|Aulendorf|Bad Schussenried|Biberach(Riß)|Laupheim West|Ulm Hbf|Geislingen(Steige)|Göppingen|Plochingen|Esslingen(Neckar),8000096,Stuttgart Hbf,Baden-Württemberg,Stuttgart,70173,9.183172973,48.78473069,1,2609021924,,,,h,2,Information,,,,,,,4.0,0.0
5306241366452732763-2609021916-1,389,,2609021916,,,IC,,,8000096,Stuttgart Hbf,Baden-Württemberg,Stuttgart,70173,9.183172973,48.78473069,1,,,2609021919,,h,2,Information,,,,,,,0.0,3.0
-5526353379898780614-2609021816-16,19164,2609021916,,12,,ARV,,Geislingen(Steige)|Geislingen(Steige)West|Kuchen|Gingen(Fils)|Süßen|Salach|Eislingen(Fils)|Göppingen|Faurndau|Uhingen|Ebersbach(Fils)|Reichenbach(Fils)|Plochingen|Esslingen(Neckar)|Stuttgart-Bad Cannstatt,8000096,Stuttgart Hbf,Baden-Württemberg,Stuttgart,70173,9.183172973,48.78473069,1,2609021921,9,,,,,,,,,,,,5.0,0.0
5238051817368153971-2609021841-12,7357,2609021917,,4,,S,,Backnang|Maubach|Nellmersbach|Winnenden|Schwaikheim|Neustadt-Hohenacker|Waiblingen|Fellbach|Stuttgart-Sommerrain|Stuttgart Nürnberger Str.|Stuttgart-Bad Cannstatt,8000096,Stuttgart Hbf,Baden-Württemberg,Stuttgart,70173,9.183172973,48.78473069,1,2609021918,,,,,,,,,,,,,1.0,0.0
8752806059694385566-2609021950-1,7258,,2609021950,,,S,S2,,8000096,Stuttgart Hbf,Baden-Württemberg,Stuttgart,70173,9.183172973,48.78473069,1,,,2609021950,,h,2,Bauarbeiten,,,,,,,0.0,0.0
-1558425123957504280-2609021925-1,7158,,2609021925,,,S,S1,,8000096,Stuttgart Hbf,Baden-Württemberg,Stuttgart,70173,9.183172973,48.78473069,1,,,2609021925,,,,,,,,,,,0.0,0.0
-1350780593772268701-2609021947-1,7658,,2609021947,,,S,S6,,8000096,Stuttgart Hbf,Baden-Württemberg,Stuttgart,70173,9.183172973,48.78473069,1,,,2609021947,,,,,,,,,,,0.0,0.0
-8025183112725946697-2609021942-1,7358,,2609021942,,,S,S3,,8000096,Stuttgart Hbf,Baden-Württemberg,Stuttgart,70173,9.183172973,48.78473069,1,,,2609021942,,,,,,,,,,,0.0,0.0
1183252318301173457-2609021903-15,7259,2609021940,,3,,S,,Schorndorf|Weiler(Rems)|Winterbach(b Schorndorf)|Geradstetten|Grunbach|Beutelsbach|Endersbach|Stetten-Beinstein|Rommelshausen|Waiblingen|Fellbach|Stuttgart-Sommerrain|Stuttgart Nürnberger Str.|Stuttgart-Bad Cannstatt,8000096,Stuttgart Hbf,Baden-Württemberg,Stuttgart,70173,9.183172973,48.78473069,1,2609021940,,,,h,2,Bauarbeiten,,,,,,,0.0,0.0
-6751654647568991594-2609021752-20,19482,2609021939,,14,,ARV,,Crailsheim|Jagstzell|Ellwangen|Schrezheim|Schwabsberg|Goldshöfe|Hofen(b Aalen)|Wasseralfingen|Aalen Hbf|Mögglingen(Gmünd)|Böbingen(Rems)|Schwäbisch Gmünd|Lorch(Württ)|Waldhausen(b Schorndorf)|Plüderhausen|Urbach(b Schorndorf)|Schorndorf|Waiblingen|Stuttgart-Bad Cannstatt,8000096,Stuttgart Hbf,Baden-Württemberg,Stuttgart,70173,9.183172973,48.78473069,1,2609021939,,,,h,2,Störung,,,,,,,0.0,0.0
8522387556149699857-2609021916-1,50389,,2609021916,,,RE,IC87,,8000096,Stuttgart Hbf,Baden-Württemberg,Stuttgart,70173,9.183172973,48.78473069,1,,,2609021919,,h,2,Information,,,,,,,0.0,3.0
-9006302563846053238-2609021933-3,28494,2609021955,,5,,RE,,Böblingen|Stuttgart-Vaihingen,8000096,Stuttgart Hbf,Baden-Württemberg,Stuttgart,70173,9.183172973,48.78473069,1,2609022004,7,,,,,,,,,,,,9.0,0.0
5253752513274739814-2609021848-16,19166,2609021950,,12,,ARV,,Geislingen(Steige)|Geislingen(Steige)West|Kuchen|Gingen(Fils)|Süßen|Salach|Eislingen(Fils)|Göppingen|Faurndau|Uhingen|Ebersbach(Fils)|Reichenbach(Fils)|Plochingen|Esslingen(Neckar)|Stuttgart-Bad Cannstatt,8000096,Stuttgart Hbf,Baden-Württemberg,Stuttgart,70173,9.183172973,48.78473069,1,2609021956,,,,,,,,,,,,,6.0,0.0
8890019855766315038-2609021850-15,7159,2609021935,,4,,S,,Kirchheim(Teck)|Kirchheim(Teck)-Ötlingen|Wendlingen(Neckar)|Wernau(Neckar)|Plochingen|Altbach|Esslingen-Zell|Oberesslingen|Esslingen(Neckar)|Esslingen-Mettingen|Stuttgart-Obertürkheim|Stuttgart-Untertürkheim|Stuttgart Neckarpark|Stuttgart-Bad Cannstatt,8000096,Stuttgart Hbf,Baden-Württemberg,Stuttgart,70173,9.183172973,48.78473069,1,2609021935,,,,,,,,,,,,,0.0,0.0
1856255482499479272-2609021927-1,7558,,2609021927,,,S,S5,,8000096,Stuttgart Hbf,Baden-Württemberg,Stuttgart,70173,9.183172973,48.78473069,1,,,2609021927,2,h,2,Bauarbeiten,,,,,,,0.0,0.0
-8727928698848828557-2609021953-1,17553,,2609021953,,,RE,MEX90,,8000096,Stuttgart Hbf,Baden-Württemberg,Stuttgart,70173,9.183172973,48.78473069,1,,,2609021956,,,,,,,,,,,0.0,3.0
-5161436672487901677-2609021637-7,184,2609021932,,5,,IC,,Zürich HB|Schaffhausen|Singen(Hohentwiel)|Tuttlingen|Rottweil|Horb,8000096,Stuttgart Hbf,Baden-Württemberg,Stuttgart,70173,9.183172973,48.78473069,1,2609021950,,,,h,1,Information,,,,,,,18.0,0.0
5899829411297351806-2609021950-1,19241,,2609021950,,,RE,MEX12,,8000096,Stuttgart Hbf,Baden-Württemberg,Stuttgart,70173,9.183172973,48.78473069,1,,,2609021952,12,h,2,Störung,,,,,,,0.0,2.0
823528371556953103-2609021937-1,4231,,2609021937,,,RE,RE5,,8000096,Stuttgart Hbf,Baden-Württemberg,Stuttgart,70173,9.183172973,48.78473069,1,,,2609021939,16 B-C,h,2,Störung,,,,,,,0.0,2.0
1429301461184468535-2609021833-15,7257,2609021910,,3,,S,,Schorndorf|Weiler(Rems)|Winterbach(b Schorndorf)|Geradstetten|Grunbach|Beutelsbach|Endersbach|Stetten-Beinstein|Rommelshausen|Waiblingen|Fellbach|Stuttgart-Sommerrain|Stuttgart Nürnberger Str.|Stuttgart-Bad Cannstatt,8000096,Stuttgart Hbf,Baden-Württemberg,Stuttgart,70173,9.183172973,48.78473069,1,2609021912,,,,h,2,Bauarbeiten,,,,,,,2.0,0.0
-8000896943204873505-2609021911-1,19393,,2609021911,,,RE,RE6,,8000096,Stuttgart Hbf,Baden-Württemberg,Stuttgart,70173,9.183172973,48.78473069,1,,,2609021911,,h,2,Störung,,,,,,,0.0,0.0
-8339144586973292546-2609021955-1,7160,,2609021955,,,S,S1,,8000096,Stuttgart Hbf,Baden-Württemberg,Stuttgart,70173,9.183172973,48.78473069,1,,,2609021955,,,,,,,,,,,0.0,0.0
-5956983835443587833-2609021947-1,19431,,2609021947,,,ARV,MEX13,,8000096,Stuttgart Hbf,Baden-Württemberg,Stuttgart,70173,9.183172973,48.78473069,1,,,2609021950,,h,2,Information,,,,,,,0.0,3.0
7891754352984498965-2609021912-1,7356,,2609021912,,,S,S3,,8000096,Stuttgart Hbf,Baden-Württemberg,Stuttgart,70173,9.183172973,48.78473069,1,,,2609021913,,,,,,,,,,,0.0,1.0
-9156798996548396246-2609021901-1,28495,,2609021901,,,RE,RESB,,8000096,Stuttgart Hbf,Baden-Württemberg,Stuttgart,70173,9.183172973,48.78473069,1,,,2609021907,,,,,,,,,,,0.0,6.0
9144716824704701089-2609021638-20,88620,2609021902,,11,,ARV,,Nürnberg Hbf|Roßtal|Heilsbronn|Wicklesgreuth|Ansbach|Leutershausen-Wiedersbach|Dombühl|Schnelldorf|Crailsheim|Eckartshausen-Ilshofen|Schwäbisch Hall-Hessental|Gaildorf West|Murrhardt|Sulzbach(Murr)|Oppenweiler(Württ)|Backnang|Winnenden|Waiblingen|Stuttgart-Bad Cannstatt,8000096,Stuttgart Hbf,Baden-Württemberg,Stuttgart,70173,9.183172973,48.78473069,1,2609021910,,,,r,,,,,,,,,8.0,0.0
1284839978881194831-2609021846-6,7557,2609021905,,1,,S,,Ludwigsburg|Kornwestheim Pbf|Stuttgart-Zuffenhausen|Stuttgart-Feuerbach|Stuttgart Nordbahnhof,8000096,Stuttgart Hbf,Baden-Württemberg,Stuttgart,70173,9.183172973,48.78473069,1,2609021905,,,,h,2,Bauarbeiten,,,,,,,0.0,0.0
465087425734758010-2609021833-14,7457,2609021925,,1,,S,,Backnang|Burgstall(Murr)|Kirchberg(Murr)|Erdmannhausen|Marbach(Neckar)|Benningen(Neckar)|Freiberg(Neckar)|Favoritepark|Ludwigsburg|Kornwestheim Pbf|Stuttgart-Zuffenhausen|Stuttgart-Feuerbach|Stuttgart Nordbahnhof,8000096,Stuttgart Hbf,Baden-Württemberg,Stuttgart,70173,9.183172973,48.78473069,1,2609021925,,,,,,,,,,,,,0.0,0.0
789883459373931925-2609021916-6,7559,2609021935,,2,,S,,Ludwigsburg|Kornwestheim Pbf|Stuttgart-Zuffenhausen|Stuttgart-Feuerbach|Stuttgart Nordbahnhof,8000096,Stuttgart Hbf,Baden-Württemberg,Stuttgart,70173,9.183172973,48.78473069,1,2609021935,,,,h,2,Bauarbeiten,,,,,,,0.0,0.0
-8086510943931224072-2609021900-1,19197,,2609021900,,,ARV,MEX16,,8000096,Stuttgart Hbf,Baden-Württemberg,Stuttgart,70173,9.183172973,48.78473069,1,,,2609021902,,,,,,,,,,,0.0,2.0
-5180759239033235917-2609021309-11,691,2609021911,2609021917,15,,ICE,,Berlin Gesundbrunnen|Berlin Hbf|Berlin Südkreuz|Lutherstadt Wittenberg Hbf|Leipzig Hbf|Erfurt Hbf|Eisenach Hbf|Fulda|Frankfurt(Main)Hbf|Mannheim Hbf,8000096,Stuttgart Hbf,Baden-Württemberg,Stuttgart,70173,9.183172973,48.78473069,1,2609021941,,2609021947,,c,,,,,Berlin Gesundbrunnen|Berlin Hbf|Berlin Südkreuz|Lutherstadt Wittenberg Hbf|Leipzig Hbf|Erfurt Hbf|Eisenach Hbf|Fulda|Frankfurt(Main)Hbf|Mannheim Hbf,Ulm Hbf|Augsburg Hbf|München-Pasing|München Hbf,,,30.0,30.0
-1558425123957504280-2609021925-3,7158,2609021932,2609021932,2,,S,S1,Stuttgart Hbf|Stuttgart-Bad Cannstatt,8006743,Stuttgart Neckarpark,Baden-Württemberg,Stuttgart,70372,9.24106855,48.79194362,4,2609021932,,2609021932,,,,,,,,,,,0.0,0.0
-7621325389408103009-2609021855-3,7156,2609021902,2609021902,2,,S,S1,Stuttgart Hbf|Stuttgart-Bad Cannstatt,8006743,Stuttgart Neckarpark,Baden-Württemberg,Stuttgart,70372,9.24106855,48.79194362,4,2609021903,,2609021903,,,,,,,,,,,1.0,1.0
8890019855766315038-2609021850-13,7159,2609021927,2609021927,1,,S,S1,Kirchheim(Teck)|Kirchheim(Teck)-Ötlingen|Wendlingen(Neckar)|Wernau(Neckar)|Plochingen|Altbach|Esslingen-Zell|Oberesslingen|Esslingen(Neckar)|Esslingen-Mettingen|Stuttgart-Obertürkheim|Stuttgart-Untertürkheim,8006743,Stuttgart Neckarpark,Baden-Württemberg,Stuttgart,70372,9.24106855,48.79194362,4,2609021927,,2609021927,,,,,,,,,,,0.0,0.0
-6572211236779796534-2609021920-13,7161,2609021957,2609021957,1,,S,S1,Kirchheim(Teck)|Kirchheim(Teck)-Ötlingen|Wendlingen(Neckar)|Wernau(Neckar)|Plochingen|Altbach|Esslingen-Zell|Oberesslingen|Esslingen(Neckar)|Esslingen-Mettingen|Stuttgart-Obertürkheim|Stuttgart-Untertürkheim,8006743,Stuttgart Neckarpark,Baden-Württemberg,Stuttgart,70372,9.24106855,48.79194362,4,2609021958,,2609021958,,,,,,,,,,,1.0,1.0
-1267321740504325492-2609021937-2,7456,2609021940,2609021941,3,,S,S4,Stuttgart Hbf,8005767,Stuttgart Nord,Baden-Württemberg,Stuttgard-Nord,70174,9.188061449,48.80374161,5,2609021941,,2609021941,,,,,,,,,,,1.0,0.0
-3714637966122188152-2609021907-2,7454,2609021910,2609021911,3,,S,S4,Stuttgart Hbf,8005767,Stuttgart Nord,Baden-Württemberg,Stuttgard-Nord,70174,9.188061449,48.80374161,5,2609021911,,2609021912,,,,,,,,,,,1.0,1.0
8229824385589885076-2609021946-5,7561,2609021959,2609022001,4,,S,S5,Ludwigsburg|Kornwestheim Pbf|Stuttgart-Zuffenhausen|Stuttgart-Feuerbach,8005767,Stuttgart Nord,Baden-Württemberg,Stuttgard-Nord,70174,9.188061449,48.80374161,5,2609021959,,2609022002,,h,2,Bauarbeiten,,,,,,,0.0,1.0
-2296361887691329517-2609021917-2,7656,2609021920,2609021922,3,,S,S6,Stuttgart Hbf,8005767,Stuttgart Nord,Baden-Württemberg,Stuttgard-Nord,70174,9.188061449,48.80374161,5,2609021921,,2609021922,,,,,,,,,,,1.0,0.0
-5999987302908863714-2609021903-13,7459,2609021949,2609021951,4,,S,S4,Backnang|Burgstall(Murr)|Kirchberg(Murr)|Erdmannhausen|Marbach(Neckar)|Benningen(Neckar)|Freiberg(Neckar)|Favoritepark|Ludwigsburg|Kornwestheim Pbf|Stuttgart-Zuffenhausen|Stuttgart-Feuerbach,8005767,Stuttgart Nord,Baden-Württemberg,Stuttgard-Nord,70174,9.188061449,48.80374161,5,2609021952,,2609021953,,,,,,,,,,,3.0,2.0
-2362055098907975015-2609021903-13,7659,2609021939,2609021941,4,,S,S6,Weil der Stadt|Malmsheim|Renningen|Rutesheim|Leonberg|Höfingen|Ditzingen|Weilimdorf|Korntal|Neuwirtshaus(Porscheplatz)|Stuttgart-Zuffenhausen|Stuttgart-Feuerbach,8005767,Stuttgart Nord,Baden-Württemberg,Stuttgard-Nord,70174,9.188061449,48.80374161,5,2609021939,,2609021942,,,,,,,,,,,0.0,1.0
6230552686564451233-2609021833-13,7657,2609021909,2609021911,4,,S,S6,Weil der Stadt|Malmsheim|Renningen|Rutesheim|Leonberg|Höfingen|Ditzingen|Weilimdorf|Korntal|Neuwirtshaus(Porscheplatz)|Stuttgart-Zuffenhausen|Stuttgart-Feuerbach,8005767,Stuttgart Nord,Baden-Württemberg,Stuttgard-Nord,70174,9.188061449,48.80374161,5,2609021909,,2609021911,,,,,,,,,,,0.0,0.0
-1350780593772268701-2609021947-2,7658,2609021950,2609021952,3,,S,S6,Stuttgart Hbf,8005767,Stuttgart Nord,Baden-Württemberg,Stuttgard-Nord,70174,9.188061449,48.80374161,5,2609021951,,2609021952,,,,,,,,,,,1.0,0.0
1856255482499479272-2609021927-2,7558,2609021930,2609021931,3,,S,S5,Stuttgart Hbf,8005767,Stuttgart Nord,Baden-Württemberg,Stuttgard-Nord,70174,9.188061449,48.80374161,5,2609021931,,2609021932,,h,2,Bauarbeiten,,,,,,,1.0,1.0
4340980155526291036-2609021857-2,7556,2609021900,2609021901,3,,S,S5,Stuttgart Hbf,8005767,Stuttgart Nord,Baden-Württemberg,Stuttgard-Nord,70174,9.188061449,48.80374161,5,2609021901,,2609021902,,h,2,Bauarbeiten,,,,,,,1.0,1.0
1284839978881194831-2609021846-5,7557,2609021859,2609021901,4,,S,S5,Ludwigsburg|Kornwestheim Pbf|Stuttgart-Zuffenhausen|Stuttgart-Feuerbach,8005767,Stuttgart Nord,Baden-Württemberg,Stuttgard-Nord,70174,9.188061449,48.80374161,5,2609021859,,2609021902,,h,2,Bauarbeiten,,,,,,,0.0,1.0
465087425734758010-2609021833-13,7457,2609021919,2609021921,4,,S,S4,Backnang|Burgstall(Murr)|Kirchberg(Murr)|Erdmannhausen|Marbach(Neckar)|Benningen(Neckar)|Freiberg(Neckar)|Favoritepark|Ludwigsburg|Kornwestheim Pbf|Stuttgart-Zuffenhausen|Stuttgart-Feuerbach,8005767,Stuttgart Nord,Baden-Württemberg,Stuttgard-Nord,70174,9.188061449,48.80374161,5,2609021919,,2609021921,,,,,,,,,,,0.0,0.0
789883459373931925-2609021916-5,7559,2609021929,2609021931,4,,S,S5,Ludwigsburg|Kornwestheim Pbf|Stuttgart-Zuffenhausen|Stuttgart-Feuerbach,8005767,Stuttgart Nord,Baden-Württemberg,Stuttgard-Nord,70174,9.188061449,48.80374161,5,2609021929,,2609021931,,h,2,Bauarbeiten,,,,,,,0.0,0.0
-7422643584363790684-2609021920-3,7256,2609021927,2609021927,4,,S,S2,Stuttgart Hbf|Stuttgart-Bad Cannstatt,8004357,Stuttgart Nürnberger Straße,Baden-Württemberg,Stuttgart,70374,9.234576905,48.80656062,5,2609021927,,2609021927,,h,2,Bauarbeiten,,,,,,,0.0,0.0
3135614053194829594-2609021911-10,7359,2609021937,2609021938,1,,S,S3,Backnang|Maubach|Nellmersbach|Winnenden|Schwaikheim|Neustadt-Hohenacker|Waiblingen|Fellbach|Stuttgart-Sommerrain,8004357,Stuttgart Nürnberger Straße,Baden-Württemberg,Stuttgart,70374,9.234576905,48.80656062,5,2609021937,,2609021938,,,,,,,,,,,0.0,0.0
5238051817368153971-2609021841-10,7357,2609021907,2609021908,1,,S,S3,Backnang|Maubach|Nellmersbach|Winnenden|Schwaikheim|Neustadt-Hohenacker|Waiblingen|Fellbach|Stuttgart-Sommerrain,8004357,Stuttgart Nürnberger Straße,Baden-Württemberg,Stuttgart,70374,9.234576905,48.80656062,5,2609021910,,2609021911,,,,,,,,,,,3.0,3.0
8752806059694385566-2609021950-3,7258,2609021957,2609021957,4,,S,S2,Stuttgart Hbf|Stuttgart-Bad Cannstatt,8004357,Stuttgart Nürnberger Straße,Baden-Württemberg,Stuttgart,70374,9.234576905,48.80656062,5,2609021957,,2609021957,,h,2,Bauarbeiten,,,,,,,0.0,0.0
-8025183112725946697-2609021942-3,7358,2609021952,2609021952,4,,S,S3,Stuttgart Hbf|Stuttgart-Bad Cannstatt,8004357,Stuttgart Nürnberger Straße,Baden-Württemberg,Stuttgart,70374,9.234576905,48.80656062,5,2609021952,,2609021952,,,,,,,,,,,0.0,0.0
1183252318301173457-2609021903-13,7259,2609021932,2609021933,1,,S,S2,Schorndorf|Weiler(Rems)|Winterbach(b Schorndorf)|Geradstetten|Grunbach|Beutelsbach|Endersbach|Stetten-Beinstein|Rommelshausen|Waiblingen|Fellbach|Stuttgart-Sommerrain,8004357,Stuttgart Nürnberger Straße,Baden-Württemberg,Stuttgart,70374,9.234576905,48.80656062,5,2609021932,,2609021933,,h,2,Bauarbeiten,,,,,,,0.0,0.0
1429301461184468535-2609021833-13,7257,2609021902,2609021903,1,,S,S2,Schorndorf|Weiler(Rems)|Winterbach(b Schorndorf)|Geradstetten|Grunbach|Beutelsbach|Endersbach|Stetten-Beinstein|Rommelshausen|Waiblingen|Fellbach|Stuttgart-Sommerrain,8004357,Stuttgart Nürnberger Straße,Baden-Württemberg,Stuttgart,70374,9.234576905,48.80656062,5,2609021903,,2609021905,,h,2,Bauarbeiten,,,,,,,1.0,2.0
7891754352984498965-2609021912-3,7356,2609021922,2609021922,4,,S,S3,Stuttgart Hbf|Stuttgart-Bad Cannstatt,8004357,Stuttgart Nürnberger Straße,Baden-Württemberg,Stuttgart,70374,9.234576905,48.80656062,5,2609021922,,2609021922,,,,,,,,,,,0.0,0.0
-4384940379958233889-2609021820-14,7157,2609021900,2609021901,2,,S,S1,Kirchheim(Teck)|Kirchheim(Teck)-Ötlingen|Wendlingen(Neckar)|Wernau(Neckar)|Plochingen|Altbach|Esslingen-Zell|Oberesslingen|Esslingen(Neckar)|Esslingen-Mettingen|Stuttgart-Obertürkheim|Stuttgart-Untertürkheim|Stuttgart Neckarpark,8005769,Stuttgart-Bad Cannstatt,Baden-Württemberg,Stuttgart,70372,9.217468636,48.80127978,3,2609021900,,2609021901,,,,,,,,,,,0.0,0.0
-1077044607081714772-2609021915-2,19481,2609021918,2609021925,7,,ARV,MEX13,Stuttgart Hbf,8005769,Stuttgart-Bad Cannstatt,Baden-Württemberg,Stuttgart,70372,9.217468636,48.80127978,3,2609021923,,2609021925,,h,2,Information,,,,,,,5.0,0.0
-7422643584363790684-2609021920-2,7256,2609021924,2609021924,3,,S,S2,Stuttgart Hbf,8005769,Stuttgart-Bad Cannstatt,Baden-Württemberg,Stuttgart,70372,9.217468636,48.80127978,3,2609021924,,2609021924,,h,2,Bauarbeiten,,,,,,,0.0,0.0
4741716309245589308-2609021854-2,88625,2609021857,2609021901,7,,ARV,RE90,Stuttgart Hbf,8005769,Stuttgart-Bad Cannstatt,Baden-Württemberg,Stuttgart,70372,9.217468636,48.80127978,3,2609021857,,2609021901,,r,,,,,,,c,c,0.0,0.0
-5517293294077476489-2609021940-2,19169,2609021943,2609021944,8,,ARV,MEX16,Stuttgart Hbf,8005769,Stuttgart-Bad Cannstatt,Baden-Württemberg,Stuttgart,70372,9.217468636,48.80127978,3,2609021944,,2609021945,,,,,,,,,,,1.0,1.0
3350894187046807511-2609021903-9,17558,2609021958,2609021958,6,,RE,MEX90,Schwäbisch Hall-Hessental|Gaildorf West|Murrhardt|Sulzbach(Murr)|Oppenweiler(Württ)|Backnang|Winnenden|Waiblingen,8005769,Stuttgart-Bad Cannstatt,Baden-Württemberg,Stuttgart,70372,9.217468636,48.80127978,3,2609021959,,2609022000,,h,2,Störung,,,,,,,1.0,2.0
-7090282038887162588-2609021926-2,17551,2609021929,2609021930,7,,RB,MEX90,Stuttgart Hbf,8005769,Stuttgart-Bad Cannstatt,Baden-Württemberg,Stuttgart,70372,9.217468636,48.80127978,3,2609021929,,2609021930,,h,2,Störung,,,,,,,0.0,0.0
-6944323459733799687-2609021807-11,19432,2609021905,2609021905,6,,ARV,MEX13,Aalen Hbf|Mögglingen(Gmünd)|Böbingen(Rems)|Schwäbisch Gmünd|Lorch(Württ)|Waldhausen(b Schorndorf)|Plüderhausen|Urbach(b Schorndorf)|Schorndorf|Waiblingen,8005769,Stuttgart-Bad Cannstatt,Baden-Württemberg,Stuttgart,70372,9.217468636,48.80127978,3,2609021909,,2609021910,,h,2,Information,,,,,,,4.0,5.0
7560393394993320684-2609021815-11,17556,2609021928,2609021928,6,,RB,MEX90,Schwäbisch Hall-Hessental|Gaildorf West|Fichtenberg|Fornsbach|Murrhardt|Sulzbach(Murr)|Oppenweiler(Württ)|Backnang|Winnenden|Waiblingen,8005769,Stuttgart-Bad Cannstatt,Baden-Württemberg,Stuttgart,70372,9.217468636,48.80127978,3,2609021929,,2609021930,,h,2,Information,,,,,,,1.0,2.0
3135614053194829594-2609021911-11,7359,2609021941,2609021943,2,,S,S3,Backnang|Maubach|Nellmersbach|Winnenden|Schwaikheim|Neustadt-Hohenacker|Waiblingen|Fellbach|Stuttgart-Sommerrain|Stuttgart Nürnberger Str.,8005769,Stuttgart-Bad Cannstatt,Baden-Württemberg,Stuttgart,70372,9.217468636,48.80127978,3,2609021941,,2609021943,,,,,,,,,,,0.0,0.0
-2105870165284876408-2609021816-9,19242,2609021903,2609021908,1,,RE,MEX12,Reutlingen Hbf|Metzingen(Württ)|Bempflingen|Nürtingen|Oberboihingen|Wendlingen(Neckar)|Plochingen|Esslingen(Neckar),8005769,Stuttgart-Bad Cannstatt,Baden-Württemberg,Stuttgart,70372,9.217468636,48.80127978,3,2609021911,,2609021913,,h,2,Information,,,,,,,8.0,5.0
-5526353379898780614-2609021816-15,19164,2609021912,2609021912,5,,ARV,MEX16,Geislingen(Steige)|Geislingen(Steige)West|Kuchen|Gingen(Fils)|Süßen|Salach|Eislingen(Fils)|Göppingen|Faurndau|Uhingen|Ebersbach(Fils)|Reichenbach(Fils)|Plochingen|Esslingen(Neckar),8005769,Stuttgart-Bad Cannstatt,Baden-Württemberg,Stuttgart,70372,9.217468636,48.80127978,3,2609021912,,2609021916,,,,,,,,,,,0.0,4.0
5238051817368153971-2609021841-11,7357,2609021911,2609021913,2,,S,S3,Backnang|Maubach|Nellmersbach|Winnenden|Schwaikheim|Neustadt-Hohenacker|Waiblingen|Fellbach|Stuttgart-Sommerrain|Stuttgart Nürnberger Str.,8005769,Stuttgart-Bad Cannstatt,Baden-Württemberg,Stuttgart,70372,9.217468636,48.80127978,3,2609021914,,2609021915,,,,,,,,,,,3.0,2.0
8752806059694385566-2609021950-2,7258,2609021954,2609021954,3,,S,S2,Stuttgart Hbf,8005769,Stuttgart-Bad Cannstatt,Baden-Württemberg,Stuttgart,70372,9.217468636,48.80127978,3,2609021954,,2609021954,,h,2,Bauarbeiten,,,,,,,0.0,0.0
-1558425123957504280-2609021925-2,7158,2609021928,2609021929,3,,S,S1,Stuttgart Hbf,8005769,Stuttgart-Bad Cannstatt,Baden-Württemberg,Stuttgart,70372,9.217468636,48.80127978,3,2609021929,,2609021929,,,,,,,,,,,1.0,0.0
-8025183112725946697-2609021942-2,7358,2609021946,2609021949,3,,S,S3,Stuttgart Hbf,8005769,Stuttgart-Bad Cannstatt,Baden-Württemberg,Stuttgart,70372,9.217468636,48.80127978,3,2609021946,,2609021949,,,,,,,,,,,0.0,0.0
1183252318301173457-2609021903-14,7259,2609021935,2609021936,2,,S,S2,Schorndorf|Weiler(Rems)|Winterbach(b Schorndorf)|Geradstetten|Grunbach|Beutelsbach|Endersbach|Stetten-Beinstein|Rommelshausen|Waiblingen|Fellbach|Stuttgart-Sommerrain|Stuttgart Nürnberger Str.,8005769,Stuttgart-Bad Cannstatt,Baden-Württemberg,Stuttgart,70372,9.217468636,48.80127978,3,2609021936,,2609021936,,h,2,Bauarbeiten,,,,,,,1.0,0.0
-6751654647568991594-2609021752-19,19482,2609021935,2609021935,6,,ARV,MEX13,Crailsheim|Jagstzell|Ellwangen|Schrezheim|Schwabsberg|Goldshöfe|Hofen(b Aalen)|Wasseralfingen|Aalen Hbf|Mögglingen(Gmünd)|Böbingen(Rems)|Schwäbisch Gmünd|Lorch(Württ)|Waldhausen(b Schorndorf)|Plüderhausen|Urbach(b Schorndorf)|Schorndorf|Waiblingen,8005769,Stuttgart-Bad Cannstatt,Baden-Württemberg,Stuttgart,70372,9.217468636,48.80127978,3,2609021935,,2609021935,,h,2,Störung,,,,,,,0.0,0.0
5253752513274739814-2609021848-15,19166,2609021946,2609021947,5,,ARV,MEX16,Geislingen(Steige)|Geislingen(Steige)West|Kuchen|Gingen(Fils)|Süßen|Salach|Eislingen(Fils)|Göppingen|Faurndau|Uhingen|Ebersbach(Fils)|Reichenbach(Fils)|Plochingen|Esslingen(Neckar),8005769,Stuttgart-Bad Cannstatt,Baden-Württemberg,Stuttgart,70372,9.217468636,48.80127978,3,2609021951,,2609021952,,,,,,,,,,,5.0,5.0
8890019855766315038-2609021850-14,7159,2609021930,2609021931,2,,S,S1,Kirchheim(Teck)|Kirchheim(Teck)-Ötlingen|Wendlingen(Neckar)|Wernau(Neckar)|Plochingen|Altbach|Esslingen-Zell|Oberesslingen|Esslingen(Neckar)|Esslingen-Mettingen|Stuttgart-Obertürkheim|Stuttgart-Untertürkheim|Stuttgart Neckarpark,8005769,Stuttgart-Bad Cannstatt,Baden-Württemberg,Stuttgart,70372,9.217468636,48.80127978,3,2609021930,,2609021931,,,,,,,,,,,0.0,0.0
-8727928698848828557-2609021953-2,17553,2609021957,2609021958,7,,RE,MEX90,Stuttgart Hbf,8005769,Stuttgart-Bad Cannstatt,Baden-Württemberg,Stuttgart,70372,9.217468636,48.80127978,3,2609021959,,2609022000,,,,,,,,,,,2.0,2.0
5899829411297351806-2609021950-2,19241,2609021954,2609021954,8,,RE,MEX12,Stuttgart Hbf,8005769,Stuttgart-Bad Cannstatt,Baden-Württemberg,Stuttgart,70372,9.217468636,48.80127978,3,2609021956,4,2609021957,4,h,2,Störung,,,,,,,2.0,3.0
1429301461184468535-2609021833-14,7257,2609021905,2609021906,2,,S,S2,Schorndorf|Weiler(Rems)|Winterbach(b Schorndorf)|Geradstetten|Grunbach|Beutelsbach|Endersbach|Stetten-Beinstein|Rommelshausen|Waiblingen|Fellbach|Stuttgart-Sommerrain|Stuttgart Nürnberger Str.,8005769,Stuttgart-Bad Cannstatt,Baden-Württemberg,Stuttgart,70372,9.217468636,48.80127978,3,2609021908,,2609021908,,h,2,Bauarbeiten,,,,,,,3.0,2.0
-8339144586973292546-2609021955-2,7160,2609021958,2609021959,3,,S,S1,Stuttgart Hbf,8005769,Stuttgart-Bad Cannstatt,Baden-Württemberg,Stuttgart,70372,9.217468636,48.80127978,3,2609021959,,2609022000,,,,,,,,,,,1.0,1.0
-5956983835443587833-2609021947-2,19431,2609021950,2609021952,7,,ARV,MEX13,Stuttgart Hbf,8005769,Stuttgart-Bad Cannstatt,Baden-Württemberg,Stuttgart,70372,9.217468636,48.80127978,3,2609021953,,2609021954,,h,2,Information,,,,,,,3.0,2.0
7891754352984498965-2609021912-2,7356,2609021916,2609021919,3,,S,S3,Stuttgart Hbf,8005769,Stuttgart-Bad Cannstatt,Baden-Württemberg,Stuttgart,70372,9.217468636,48.80127978,3,2609021917,,2609021919,,,,,,,,,,,1.0,0.0
-8086510943931224072-2609021900-2,19197,2609021904,2609021907,8,,ARV,MEX16,Stuttgart Hbf,8005769,Stuttgart-Bad Cannstatt,Baden-Württemberg,Stuttgart,70372,9.217468636,48.80127978,3,2609021906,,2609021907,,,,,,,,,,,2.0,0.0
-1267321740504325492-2609021937-3,7456,2609021943,2609021944,2,,S,S4,Stuttgart Hbf|Stuttgart Nordbahnhof,8005770,Stuttgart-Feuerbach,Baden-Württemberg,Feuerbach,70469,9.169186287,48.81363554,3,2609021943,,2609021944,,,,,,,,,,,0.0,0.0
-1986872159209865397-2609021908-1,7060,,2609021908,,,S,S60,,8005770,Stuttgart-Feuerbach,Baden-Württemberg,Feuerbach,70469,9.169186287,48.81363554,3,,,2609021908,,,,,,,,,,,0.0,0.0
-3714637966122188152-2609021907-3,7454,2609021913,2609021914,2,,S,S4,Stuttgart Hbf|Stuttgart Nordbahnhof,8005770,Stuttgart-Feuerbach,Baden-Württemberg,Feuerbach,70469,9.169186287,48.81363554,3,2609021913,,2609021914,,,,,,,,,,,0.0,0.0
8229824385589885076-2609021946-4,7561,2609021956,2609021956,1,,S,S5,Ludwigsburg|Kornwestheim Pbf|Stuttgart-Zuffenhausen,8005770,Stuttgart-Feuerbach,Baden-Württemberg,Feuerbach,70469,9.169186287,48.81363554,3,2609021957,,2609021958,,h,2,Bauarbeiten,,,,,,,1.0,2.0
-2296361887691329517-2609021917-3,7656,2609021924,2609021924,2,,S,S6,Stuttgart Hbf|Stuttgart Nordbahnhof,8005770,Stuttgart-Feuerbach,Baden-Württemberg,Feuerbach,70469,9.169186287,48.81363554,3,2609021924,,2609021924,,,,,,,,,,,0.0,0.0
-5999987302908863714-2609021903-12,7459,2609021946,2609021947,1,,S,S4,Backnang|Burgstall(Murr)|Kirchberg(Murr)|Erdmannhausen|Marbach(Neckar)|Benningen(Neckar)|Freiberg(Neckar)|Favoritepark|Ludwigsburg|Kornwestheim Pbf|Stuttgart-Zuffenhausen,8005770,Stuttgart-Feuerbach,Baden-Württemberg,Feuerbach,70469,9.169186287,48.81363554,3,2609021950,,2609021950,,,,,,,,,,,4.0,3.0
-2362055098907975015-2609021903-12,7659,2609021936,2609021936,1,,S,S6,Weil der Stadt|Malmsheim|Renningen|Rutesheim|Leonberg|Höfingen|Ditzingen|Weilimdorf|Korntal|Neuwirtshaus(Porscheplatz)|Stuttgart-Zuffenhausen,8005770,Stuttgart-Feuerbach,Baden-Württemberg,Feuerbach,70469,9.169186287,48.81363554,3,2609021936,,2609021936,,,,,,,,,,,0.0,0.0
6230552686564451233-2609021833-12,7657,2609021906,2609021906,1,,S,S6,Weil der Stadt|Malmsheim|Renningen|Rutesheim|Leonberg|Höfingen|Ditzingen|Weilimdorf|Korntal|Neuwirtshaus(Porscheplatz)|Stuttgart-Zuffenhausen,8005770,Stuttgart-Feuerbach,Baden-Württemberg,Feuerbach,70469,9.169186287,48.81363554,3,2609021907,,2609021907,,,,,,,,,,,1.0,1.0
-1350780593772268701-2609021947-3,7658,2609021954,2609021954,2,,S,S6,Stuttgart Hbf|Stuttgart Nordbahnhof,8005770,Stuttgart-Feuerbach,Baden-Württemberg,Feuerbach,70469,9.169186287,48.81363554,3,2609021954,,2609021954,,,,,,,,,,,0.0,0.0
-372852547875452905-2609021904-16,7057,2609021951,,1a,,S,,Böblingen|Sindelfingen|Maichingen|Maichingen Nord|Magstadt|Renningen Süd|Renningen|Rutesheim|Leonberg|Höfingen|Ditzingen|Weilimdorf|Korntal|Neuwirtshaus(Porscheplatz)|Stuttgart-Zuffenhausen,8005770,Stuttgart-Feuerbach,Baden-Württemberg,Feuerbach,70469,9.169186287,48.81363554,3,2609021951,,,,,,,,,,,,,0.0,0.0
1856255482499479272-2609021927-3,7558,2609021933,2609021934,2,,S,S5,Stuttgart Hbf|Stuttgart Nordbahnhof,8005770,Stuttgart-Feuerbach,Baden-Württemberg,Feuerbach,70469,9.169186287,48.81363554,3,2609021933,,2609021934,,h,2,Bauarbeiten,,,,,,,0.0,0.0
3112269054498031514-2609021938-1,7062,,2609021938,,,S,S60,,8005770,Stuttgart-Feuerbach,Baden-Württemberg,Feuerbach,70469,9.169186287,48.81363554,3,,,2609021939,,,,,,,,,,,0.0,1.0
4340980155526291036-2609021857-3,7556,2609021903,2609021904,2,,S,S5,Stuttgart Hbf|Stuttgart Nordbahnhof,8005770,Stuttgart-Feuerbach,Baden-Württemberg,Feuerbach,70469,9.169186287,48.81363554,3,2609021903,,2609021904,,h,2,Bauarbeiten,,,,,,,0.0,0.0
5496704793073772827-2609021834-16,7055,2609021921,,1a,,S,,Böblingen|Sindelfingen|Maichingen|Maichingen Nord|Magstadt|Renningen Süd|Renningen|Rutesheim|Leonberg|Höfingen|Ditzingen|Weilimdorf|Korntal|Neuwirtshaus(Porscheplatz)|Stuttgart-Zuffenhausen,8005770,Stuttgart-Feuerbach,Baden-Württemberg,Feuerbach,70469,9.169186287,48.81363554,3,2609021921,,,,,,,,,,,,,0.0,0.0
465087425734758010-2609021833-12,7457,2609021916,2609021917,1,,S,S4,Backnang|Burgstall(Murr)|Kirchberg(Murr)|Erdmannhausen|Marbach(Neckar)|Benningen(Neckar)|Freiberg(Neckar)|Favoritepark|Ludwigsburg|Kornwestheim Pbf|Stuttgart-Zuffenhausen,8005770,Stuttgart-Feuerbach,Baden-Württemberg,Feuerbach,70469,9.169186287,48.81363554,3,2609021916,,2609021917,,,,,,,,,,,0.0,0.0
789883459373931925-2609021916-4,7559,2609021926,2609021926,1,,S,S5,Ludwigsburg|Kornwestheim Pbf|Stuttgart-Zuffenhausen,8005770,Stuttgart-Feuerbach,Baden-Württemberg,Feuerbach,70469,9.169186287,48.81363554,3,2609021926,,2609021927,,h,2,Bauarbeiten,,,,,,,0.0,1.0
-1558425123957504280-2609021925-5,7158,2609021937,2609021937,6,,S,S1,Stuttgart Hbf|Stuttgart-Bad Cannstatt|Stuttgart Neckarpark|Stuttgart-Untertürkheim,8005772,Stuttgart-Obertürkheim,Baden-Württemberg,Stuttgart,70329,9.268167932,48.76175015,4,2609021937,,2609021938,,,,,,,,,,,0.0,1.0
-7621325389408103009-2609021855-5,7156,2609021907,2609021907,6,,S,S1,Stuttgart Hbf|Stuttgart-Bad Cannstatt|Stuttgart Neckarpark|Stuttgart-Untertürkheim,8005772,Stuttgart-Obertürkheim,Baden-Württemberg,Stuttgart,70329,9.268167932,48.76175015,4,2609021907,,2609021907,,,,,,,,,,,0.0,0.0
8890019855766315038-2609021850-11,7159,2609021922,2609021922,5,,S,S1,Kirchheim(Teck)|Kirchheim(Teck)-Ötlingen|Wendlingen(Neckar)|Wernau(Neckar)|Plochingen|Altbach|Esslingen-Zell|Oberesslingen|Esslingen(Neckar)|Esslingen-Mettingen,8005772,Stuttgart-Obertürkheim,Baden-Württemberg,Stuttgart,70329,9.268167932,48.76175015,4,2609021922,,2609021922,,,,,,,,,,,0.0,0.0
-6572211236779796534-2609021920-11,7161,2609021952,2609021952,5,,S,S1,Kirchheim(Teck)|Kirchheim(Teck)-Ötlingen|Wendlingen(Neckar)|Wernau(Neckar)|Plochingen|Altbach|Esslingen-Zell|Oberesslingen|Esslingen(Neckar)|Esslingen-Mettingen,8005772,Stuttgart-Obertürkheim,Baden-Württemberg,Stuttgart,70329,9.268167932,48.76175015,4,2609021953,,2609021953,,,,,,,,,,,1.0,1.0
4922732542051090705-2609021946-2,7759,2609021947,2609021953,2,,S,S1,Stuttgart-Vaihingen,8005773,Stuttgart-Rohr,Baden-Württemberg,Stuttgart,70565,9.108158025,48.71799427,4,2609021947,,2609021953,,,,,,,,,,,0.0,0.0
-2610915647049597594-2609021916-2,7757,2609021917,2609021923,2,,S,S1,Stuttgart-Vaihingen,8005773,Stuttgart-Rohr,Baden-Württemberg,Stuttgart,70565,9.108158025,48.71799427,4,2609021918,,2609021924,,,,,,,,,,,1.0,1.0
-2474418901068663081-2609021933-6,7958,2609021948,2609021949,3,,S,S2,Filderstadt|Stuttgart Flughafen/Messe|Echterdingen|Leinfelden|Oberaichen,8005773,Stuttgart-Rohr,Baden-Württemberg,Stuttgart,70565,9.108158025,48.71799427,4,2609021948,,2609021949,,,,,,,,,,,0.0,0.0
-8747931418941855621-2609021916-8,7760,2609021937,2609021938,3,,S,S1,Herrenberg|Nufringen|Gärtringen|Ehningen(b Böblingen)|Hulb|Böblingen|Goldberg(Württ),8005773,Stuttgart-Rohr,Baden-Württemberg,Stuttgart,70565,9.108158025,48.71799427,4,2609021944,,2609021945,,,,,,,,,,,7.0,7.0
-8012619847659088179-2609021905-2,7957,2609021906,2609021912,2,,S,S2,Stuttgart-Vaihingen,8005773,Stuttgart-Rohr,Baden-Württemberg,Stuttgart,70565,9.108158025,48.71799427,4,2609021906,,2609021912,,,,,,,,,,,0.0,0.0
8022331955409261611-2609021903-6,7956,2609021918,2609021919,3,,S,S2,Filderstadt|Stuttgart Flughafen/Messe|Echterdingen|Leinfelden|Oberaichen,8005773,Stuttgart-Rohr,Baden-Württemberg,Stuttgart,70565,9.108158025,48.71799427,4,2609021918,,2609021919,,,,,,,,,,,0.0,0.0
8862303384701956943-2609021846-8,7758,2609021907,2609021908,3,,S,S1,Herrenberg|Nufringen|Gärtringen|Ehningen(b Böblingen)|Hulb|Böblingen|Goldberg(Württ),8005773,Stuttgart-Rohr,Baden-Württemberg,Stuttgart,70565,9.108158025,48.71799427,4,2609021909,,2609021913,,,,,,,,,,,2.0,5.0
-8369154934664465589-2609021935-2,7959,2609021936,2609021942,2,,S,S2,Stuttgart-Vaihingen,8005773,Stuttgart-Rohr,Baden-Württemberg,Stuttgart,70565,9.108158025,48.71799427,4,2609021939,,2609021942,,,,,,,,,,,3.0,0.0
-7422643584363790684-2609021920-4,7256,2609021929,2609021929,4,,S,S2,Stuttgart Hbf|Stuttgart-Bad Cannstatt|Stuttgart Nürnberger Str.,8005774,Stuttgart-Sommerrain,Baden-Württemberg,Stuttgart,70374,9.248369749,48.81521824,5,2609021929,,2609021930,,h,2,Bauarbeiten,,,,,,,0.0,1.0
3135614053194829594-2609021911-9,7359,2609021935,2609021935,1,,S,S3,Backnang|Maubach|Nellmersbach|Winnenden|Schwaikheim|Neustadt-Hohenacker|Waiblingen|Fellbach,8005774,Stuttgart-Sommerrain,Baden-Württemberg,Stuttgart,70374,9.248369749,48.81521824,5,2609021935,,2609021936,,,,,,,,,,,0.0,1.0
5238051817368153971-2609021841-9,7357,2609021905,2609021905,1,,S,S3,Backnang|Maubach|Nellmersbach|Winnenden|Schwaikheim|Neustadt-Hohenacker|Waiblingen|Fellbach,8005774,Stuttgart-Sommerrain,Baden-Württemberg,Stuttgart,70374,9.248369749,48.81521824,5,2609021908,,2609021909,,,,,,,,,,,3.0,4.0
8752806059694385566-2609021950-4,7258,2609021959,2609021959,4,,S,S2,Stuttgart Hbf|Stuttgart-Bad Cannstatt|Stuttgart Nürnberger Str.,8005774,Stuttgart-Sommerrain,Baden-Württemberg,Stuttgart,70374,9.248369749,48.81521824,5,2609021959,,2609021959,,h,2,Bauarbeiten,,,,,,,0.0,0.0
-8025183112725946697-2609021942-4,7358,2609021954,2609021954,4,,S,S3,Stuttgart Hbf|Stuttgart-Bad Cannstatt|Stuttgart Nürnberger Str.,8005774,Stuttgart-Sommerrain,Baden-Württemberg,Stuttgart,70374,9.248369749,48.81521824,5,2609021954,,2609021954,,,,,,,,,,,0.0,0.0
1183252318301173457-2609021903-12,7259,2609021930,2609021930,1,,S,S2,Schorndorf|Weiler(Rems)|Winterbach(b Schorndorf)|Geradstetten|Grunbach|Beutelsbach|Endersbach|Stetten-Beinstein|Rommelshausen|Waiblingen|Fellbach,8005774,Stuttgart-Sommerrain,Baden-Württemberg,Stuttgart,70374,9.248369749,48.81521824,5,2609021930,,2609021930,,h,2,Bauarbeiten,,,,,,,0.0,0.0
1429301461184468535-2609021833-12,7257,2609021900,2609021900,1,,S,S2,Schorndorf|Weiler(Rems)|Winterbach(b Schorndorf)|Geradstetten|Grunbach|Beutelsbach|Endersbach|Stetten-Beinstein|Rommelshausen|Waiblingen|Fellbach,8005774,Stuttgart-Sommerrain,Baden-Württemberg,Stuttgart,70374,9.248369749,48.81521824,5,2609021901,,2609021902,,h,2,Bauarbeiten,,,,,,,1.0,2.0
7891754352984498965-2609021912-4,7356,2609021924,2609021924,4,,S,S3,Stuttgart Hbf|Stuttgart-Bad Cannstatt|Stuttgart Nürnberger Str.,8005774,Stuttgart-Sommerrain,Baden-Württemberg,Stuttgart,70374,9.248369749,48.81521824,5,2609021924,,2609021924,,,,,,,,,,,0.0,0.0
-1558425123957504280-2609021925-4,7158,2609021934,2609021934,6,,S,S1,Stuttgart Hbf|Stuttgart-Bad Cannstatt|Stuttgart Neckarpark,8005775,Stuttgart-Untertürkheim Pbf,Baden-Württemberg,Stuttgart,70327,9.250467074,48.77984679,3,2609021934,,2609021934,,,,,,,,,,,0.0,0.0
-7621325389408103009-2609021855-4,7156,2609021904,2609021904,6,,S,S1,Stuttgart Hbf|Stuttgart-Bad Cannstatt|Stuttgart Neckarpark,8005775,Stuttgart-Untertürkheim Pbf,Baden-Württemberg,Stuttgart,70327,9.250467074,48.77984679,3,2609021904,,2609021905,,,,,,,,,,,0.0,1.0
8890019855766315038-2609021850-12,7159,2609021925,2609021925,5,,S,S1,Kirchheim(Teck)|Kirchheim(Teck)-Ötlingen|Wendlingen(Neckar)|Wernau(Neckar)|Plochingen|Altbach|Esslingen-Zell|Oberesslingen|Esslingen(Neckar)|Esslingen-Mettingen|Stuttgart-Obertürkheim,8005775,Stuttgart-Untertürkheim Pbf,Baden-Württemberg,Stuttgart,70327,9.250467074,48.77984679,3,2609021925,,2609021925,,,,,,,,,,,0.0,0.0
-6572211236779796534-2609021920-12,7161,2609021955,2609021955,5,,S,S1,Kirchheim(Teck)|Kirchheim(Teck)-Ötlingen|Wendlingen(Neckar)|Wernau(Neckar)|Plochingen|Altbach|Esslingen-Zell|Oberesslingen|Esslingen(Neckar)|Esslingen-Mettingen|Stuttgart-Obertürkheim,8005775,Stuttgart-Untertürkheim Pbf,Baden-Württemberg,Stuttgart,70327,9.250467074,48.77984679,3,2609021955,,2609021956,,,,,,,,,,,0.0,1.0
4922732542051090705-2609021946-1,7759,,2609021946,,,S,S1,,8005776,Stuttgart-Vaihingen,Baden-Württemberg,Stuttgart,70563,9.113913368,48.72698116,3,,,2609021946,,,,,,,,,,,0.0,0.0
-2610915647049597594-2609021916-1,7757,,2609021916,,,S,S1,,8005776,Stuttgart-Vaihingen,Baden-Württemberg,Stuttgart,70563,9.113913368,48.72698116,3,,,2609021917,,,,,,,,,,,0.0,1.0
5382818991996055912-2609021815-10,17672,2609021928,2609021929,4,,RE,RE14a,Oberndorf(Neckar)|Sulz(Neckar)|Horb|Eutingen im Gäu|Ergenzingen|Bondorf(b Herrenberg)|Gäufelden|Herrenberg|Böblingen,8005776,Stuttgart-Vaihingen,Baden-Württemberg,Stuttgart,70563,9.113913368,48.72698116,3,2609021930,,2609021931,,h,2,Information,,,,,,,2.0,2.0
-2474418901068663081-2609021933-7,7958,2609021950,,2,,S,,Filderstadt|Stuttgart Flughafen/Messe|Echterdingen|Leinfelden|Oberaichen|Stuttgart-Rohr,8005776,Stuttgart-Vaihingen,Baden-Württemberg,Stuttgart,70563,9.113913368,48.72698116,3,2609021950,,,,,,,,,,,,,0.0,0.0
5766622389415138721-2609021813-16,17674,2609021928,2609021929,4,,RE,RE14b,Freudenstadt Hbf|Grüntal-Wittlensweiler|Dornstetten-Aach|Dornstetten|Schopfloch(b Freudenstadt)|Bittelbronn|Horb-Heiligenfeld|Hochdorf(b Horb)|Eutingen Nord|Eutingen im Gäu|Ergenzingen|Bondorf(b Herrenberg)|Gäufelden|Herrenberg|Böblingen,8005776,Stuttgart-Vaihingen,Baden-Württemberg,Stuttgart,70563,9.113913368,48.72698116,3,2609021930,,2609021931,,h,2,Information,,,,,,,2.0,2.0
-8747931418941855621-2609021916-9,7760,2609021940,,3,,S,,Herrenberg|Nufringen|Gärtringen|Ehningen(b Böblingen)|Hulb|Böblingen|Goldberg(Württ)|Stuttgart-Rohr,8005776,Stuttgart-Vaihingen,Baden-Württemberg,Stuttgart,70563,9.113913368,48.72698116,3,2609021947,,,,,,,,,,,,,7.0,0.0
-9006302563846053238-2609021933-2,28494,2609021941,2609021941,4,,RE,RESB,Böblingen,8005776,Stuttgart-Vaihingen,Baden-Württemberg,Stuttgart,70563,9.113913368,48.72698116,3,2609021949,,2609021949,,,,,,,,,,,8.0,8.0
-8012619847659088179-2609021905-1,7957,,2609021905,,,S,S2,,8005776,Stuttgart-Vaihingen,Baden-Württemberg,Stuttgart,70563,9.113913368,48.72698116,3,,,2609021905,,,,,,,,,,,0.0,0.0
8022331955409261611-2609021903-7,7956,2609021920,,2,,S,,Filderstadt|Stuttgart Flughafen/Messe|Echterdingen|Leinfelden|Oberaichen|Stuttgart-Rohr,8005776,Stuttgart-Vaihingen,Baden-Württemberg,Stuttgart,70563,9.113913368,48.72698116,3,2609021920,,,,,,,,,,,,,0.0,0.0
8862303384701956943-2609021846-9,7758,2609021910,,3,,S,,Herrenberg|Nufringen|Gärtringen|Ehningen(b Böblingen)|Hulb|Böblingen|Goldberg(Württ)|Stuttgart-Rohr,8005776,Stuttgart-Vaihingen,Baden-Württemberg,Stuttgart,70563,9.113913368,48.72698116,3,2609021915,,,,,,,,,,,,,5.0,0.0
-8369154934664465589-2609021935-1,7959,,2609021935,,,S,S2,,8005776,Stuttgart-Vaihingen,Baden-Württemberg,Stuttgart,70563,9.113913368,48.72698116,3,,,2609021937,,,,,,,,,,,0.0,2.0
-9156798996548396246-2609021901-2,28495,2609021915,2609021918,6,,RE,RESB,Stuttgart Hbf,8005776,Stuttgart-Vaihingen,Baden-Württemberg,Stuttgart,70563,9.113913368,48.72698116,3,2609021923,4,2609021925,4,,,,,,,,,,8.0,7.0
-1986872159209865397-2609021908-5,7060,2609021918,2609021918,1,,S,S60,Stuttgart-Feuerbach|Stuttgart-Zuffenhausen|Neuwirtshaus(Porscheplatz)|Korntal,8006268,Stuttgart-Weilimdorf,Baden-Württemberg,Stuttgart,70499,9.094370086,48.82208429,5,2609021918,,2609021918,,,,,,,,,,,0.0,0.0
-2296361887691329517-2609021917-7,7656,2609021933,2609021934,1,,S,S6,Stuttgart Hbf|Stuttgart Nordbahnhof|Stuttgart-Feuerbach|Stuttgart-Zuffenhausen|Neuwirtshaus(Porscheplatz)|Korntal,8006268,Stuttgart-Weilimdorf,Baden-Württemberg,Stuttgart,70499,9.094370086,48.82208429,5,2609021933,,2609021934,,,,,,,,,,,0.0,0.0
-2362055098907975015-2609021903-8,7659,2609021926,2609021926,2,,S,S6,Weil der Stadt|Malmsheim|Renningen|Rutesheim|Leonberg|Höfingen|Ditzingen,8006268,Stuttgart-Weilimdorf,Baden-Württemberg,Stuttgart,70499,9.094370086,48.82208429,5,2609021926,,2609021927,,,,,,,,,,,0.0,1.0
-7461252280383009819-2609021933-8,7661,2609021956,2609021956,2,,S,S6,Weil der Stadt|Malmsheim|Renningen|Rutesheim|Leonberg|Höfingen|Ditzingen,8006268,Stuttgart-Weilimdorf,Baden-Württemberg,Stuttgart,70499,9.094370086,48.82208429,5,2609021956,,2609021957,,,,,,,,,,,0.0,1.0
-372852547875452905-2609021904-12,7057,2609021941,2609021941,2,,S,S60,Böblingen|Sindelfingen|Maichingen|Maichingen Nord|Magstadt|Renningen Süd|Renningen|Rutesheim|Leonberg|Höfingen|Ditzingen,8006268,Stuttgart-Weilimdorf,Baden-Württemberg,Stuttgart,70499,9.094370086,48.82208429,5,2609021941,,2609021942,,,,,,,,,,,0.0,1.0
3112269054498031514-2609021938-5,7062,2609021948,2609021948,1,,S,S60,Stuttgart-Feuerbach|Stuttgart-Zuffenhausen|Neuwirtshaus(Porscheplatz)|Korntal,8006268,Stuttgart-Weilimdorf,Baden-Württemberg,Stuttgart,70499,9.094370086,48.82208429,5,2609021948,,2609021949,,,,,,,,,,,0.0,1.0
5496704793073772827-2609021834-12,7055,2609021911,2609021911,2,,S,S60,Böblingen|Sindelfingen|Maichingen|Maichingen Nord|Magstadt|Renningen Süd|Renningen|Rutesheim|Leonberg|Höfingen|Ditzingen,8006268,Stuttgart-Weilimdorf,Baden-Württemberg,Stuttgart,70499,9.094370086,48.82208429,5,2609021911,,2609021912,,,,,,,,,,,0.0,1.0
8124393015929641593-2609021847-7,7654,2609021903,2609021904,1,,S,S6,Stuttgart Hbf|Stuttgart Nordbahnhof|Stuttgart-Feuerbach|Stuttgart-Zuffenhausen|Neuwirtshaus(Porscheplatz)|Korntal,8006268,Stuttgart-Weilimdorf,Baden-Württemberg,Stuttgart,70499,9.094370086,48.82208429,5,2609021903,,2609021904,,,,,,,,,,,0.0,0.0
-1267321740504325492-2609021937-4,7456,2609021946,2609021947,4,,S,S4,Stuttgart Hbf|Stuttgart Nordbahnhof|Stuttgart-Feuerbach,8005778,Stuttgart-Zuffenhausen,Baden-Württemberg,Stuttgart,70435,9.167156375,48.82960884,3,2609021946,,2609021947,,,,,,,,,,,0.0,0.0
-1986872159209865397-2609021908-2,7060,2609021911,2609021911,12,,S,S60,Stuttgart-Feuerbach,8005778,Stuttgart-Zuffenhausen,Baden-Württemberg,Stuttgart,70435,9.167156375,48.82960884,3,2609021911,,2609021910,,,,,,,,,,,0.0,-1.0
-3714637966122188152-2609021907-4,7454,2609021916,2609021917,4,,S,S4,Stuttgart Hbf|Stuttgart Nordbahnhof|Stuttgart-Feuerbach,8005778,Stuttgart-Zuffenhausen,Baden-Württemberg,Stuttgart,70435,9.167156375,48.82960884,3,2609021916,,2609021917,,,,,,,,,,,0.0,0.0
8229824385589885076-2609021946-3,7561,2609021953,2609021954,2,,S,S5,Ludwigsburg|Kornwestheim Pbf,8005778,Stuttgart-Zuffenhausen,Baden-Württemberg,Stuttgart,70435,9.167156375,48.82960884,3,2609021955,,2609021956,,h,2,Bauarbeiten,,,,,,,2.0,2.0
-2296361887691329517-2609021917-4,7656,2609021926,2609021927,11,,S,S6,Stuttgart Hbf|Stuttgart Nordbahnhof|Stuttgart-Feuerbach,8005778,Stuttgart-Zuffenhausen,Baden-Württemberg,Stuttgart,70435,9.167156375,48.82960884,3,2609021926,,2609021927,,,,,,,,,,,0.0,0.0
-5999987302908863714-2609021903-11,7459,2609021943,2609021944,2,,S,S4,Backnang|Burgstall(Murr)|Kirchberg(Murr)|Erdmannhausen|Marbach(Neckar)|Benningen(Neckar)|Freiberg(Neckar)|Favoritepark|Ludwigsburg|Kornwestheim Pbf,8005778,Stuttgart-Zuffenhausen,Baden-Württemberg,Stuttgart,70435,9.167156375,48.82960884,3,2609021947,,2609021948,,,,,,,,,,,4.0,4.0
-2362055098907975015-2609021903-11,7659,2609021933,2609021934,12,,S,S6,Weil der Stadt|Malmsheim|Renningen|Rutesheim|Leonberg|Höfingen|Ditzingen|Weilimdorf|Korntal|Neuwirtshaus(Porscheplatz),8005778,Stuttgart-Zuffenhausen,Baden-Württemberg,Stuttgart,70435,9.167156375,48.82960884,3,2609021933,,2609021934,,,,,,,,,,,0.0,0.0
6230552686564451233-2609021833-11,7657,2609021903,2609021904,12,,S,S6,Weil der Stadt|Malmsheim|Renningen|Rutesheim|Leonberg|Höfingen|Ditzingen|Weilimdorf|Korntal|Neuwirtshaus(Porscheplatz),8005778,Stuttgart-Zuffenhausen,Baden-Württemberg,Stuttgart,70435,9.167156375,48.82960884,3,2609021904,,2609021905,,,,,,,,,,,1.0,1.0
-1350780593772268701-2609021947-4,7658,2609021956,2609021957,11,,S,S6,Stuttgart Hbf|Stuttgart Nordbahnhof|Stuttgart-Feuerbach,8005778,Stuttgart-Zuffenhausen,Baden-Württemberg,Stuttgart,70435,9.167156375,48.82960884,3,2609021956,,2609021957,,,,,,,,,,,0.0,0.0
-372852547875452905-2609021904-15,7057,2609021948,2609021949,12,,S,S60,Böblingen|Sindelfingen|Maichingen|Maichingen Nord|Magstadt|Renningen Süd|Renningen|Rutesheim|Leonberg|Höfingen|Ditzingen|Weilimdorf|Korntal|Neuwirtshaus(Porscheplatz),8005778,Stuttgart-Zuffenhausen,Baden-Württemberg,Stuttgart,70435,9.167156375,48.82960884,3,2609021948,,2609021949,,,,,,,,,,,0.0,0.0
1856255482499479272-2609021927-4,7558,2609021936,2609021937,4,,S,S5,Stuttgart Hbf|Stuttgart Nordbahnhof|Stuttgart-Feuerbach,8005778,Stuttgart-Zuffenhausen,Baden-Württemberg,Stuttgart,70435,9.167156375,48.82960884,3,2609021936,,2609021937,,h,2,Bauarbeiten,,,,,,,0.0,0.0
3112269054498031514-2609021938-2,7062,2609021941,2609021941,12,,S,S60,Stuttgart-Feuerbach,8005778,Stuttgart-Zuffenhausen,Baden-Württemberg,Stuttgart,70435,9.167156375,48.82960884,3,2609021941,,2609021941,,,,,,,,,,,0.0,0.0
4340980155526291036-2609021857-4,7556,2609021906,2609021907,4,,S,S5,Stuttgart Hbf|Stuttgart Nordbahnhof|Stuttgart-Feuerbach,8005778,Stuttgart-Zuffenhausen,Baden-Württemberg,Stuttgart,70435,9.167156375,48.82960884,3,2609021906,,2609021907,,h,2,Bauarbeiten,,,,,,,0.0,0.0
5496704793073772827-2609021834-15,7055,2609021918,2609021919,12,,S,S60,Böblingen|Sindelfingen|Maichingen|Maichingen Nord|Magstadt|Renningen Süd|Renningen|Rutesheim|Leonberg|Höfingen|Ditzingen|Weilimdorf|Korntal|Neuwirtshaus(Porscheplatz),8005778,Stuttgart-Zuffenhausen,Baden-Württemberg,Stuttgart,70435,9.167156375,48.82960884,3,2609021918,,2609021919,,,,,,,,,,,0.0,0.0
465087425734758010-2609021833-11,7457,2609021913,2609021914,2,,S,S4,Backnang|Burgstall(Murr)|Kirchberg(Murr)|Erdmannhausen|Marbach(Neckar)|Benningen(Neckar)|Freiberg(Neckar)|Favoritepark|Ludwigsburg|Kornwestheim Pbf,8005778,Stuttgart-Zuffenhausen,Baden-Württemberg,Stuttgart,70435,9.167156375,48.82960884,3,2609021914,,2609021914,,,,,,,,,,,1.0,0.0
789883459373931925-2609021916-3,7559,2609021923,2609021924,2,,S,S5,Ludwigsburg|Kornwestheim Pbf,8005778,Stuttgart-Zuffenhausen,Baden-Württemberg,Stuttgart,70435,9.167156375,48.82960884,3,2609021924,,2609021924,,h,2,Bauarbeiten,,,,,,,1.0,0.0
-3899663222005632832-2609021846-3,19429,2609021902,2609021902,6,,ARV,MEX13,Stuttgart Hbf|Stuttgart-Bad Cannstatt,8000180,Waiblingen,Baden-Württemberg,Waiblingen,71332,9.300476874,48.8262444,3,2609021902,,2609021903,,h,2,Information,,,,,,,0.0,1.0
-1077044607081714772-2609021915-3,19481,2609021932,2609021932,6,,ARV,MEX13,Stuttgart Hbf|Stuttgart-Bad Cannstatt,8000180,Waiblingen,Baden-Württemberg,Waiblingen,71332,9.300476874,48.8262444,3,2609021932,,2609021932,,h,2,Information,,,,,,,0.0,0.0
-6212403965013446492-2609021941-7,7361,2609021959,2609022000,1,,S,S3,Backnang|Maubach|Nellmersbach|Winnenden|Schwaikheim|Neustadt-Hohenacker,8000180,Waiblingen,Baden-Württemberg,Waiblingen,71332,9.300476874,48.8262444,3,2609021959,,2609022000,,,,,,,,,,,0.0,0.0
-7422643584363790684-2609021920-6,7256,2609021934,2609021935,7,,S,S2,Stuttgart Hbf|Stuttgart-Bad Cannstatt|Stuttgart Nürnberger Str.|Stuttgart-Sommerrain|Fellbach,8000180,Waiblingen,Baden-Württemberg,Waiblingen,71332,9.300476874,48.8262444,3,2609021935,,2609021936,,h,2,Bauarbeiten,,,,,,,1.0,1.0
4741716309245589308-2609021854-3,88625,2609021907,2609021908,3,,ARV,RE90,Stuttgart Hbf|Stuttgart-Bad Cannstatt,8000180,Waiblingen,Baden-Württemberg,Waiblingen,71332,9.300476874,48.8262444,3,2609021907,,2609021908,,r,,,,,,,c,c,0.0,0.0
3350894187046807511-2609021903-8,17558,2609021950,2609021951,1,,RE,MEX90,Schwäbisch Hall-Hessental|Gaildorf West|Murrhardt|Sulzbach(Murr)|Oppenweiler(Württ)|Backnang|Winnenden,8000180,Waiblingen,Baden-Württemberg,Waiblingen,71332,9.300476874,48.8262444,3,2609021952,,2609021952,,h,2,Störung,,,,,,,2.0,1.0
-7090282038887162588-2609021926-3,17551,2609021936,2609021938,3,,RB,MEX90,Stuttgart Hbf|Stuttgart-Bad Cannstatt,8000180,Waiblingen,Baden-Württemberg,Waiblingen,71332,9.300476874,48.8262444,3,2609021936,,2609021938,,h,2,Störung,,,,,,,0.0,0.0
7560393394993320684-2609021815-10,17556,2609021920,2609021921,1,,RB,MEX90,Schwäbisch Hall-Hessental|Gaildorf West|Fichtenberg|Fornsbach|Murrhardt|Sulzbach(Murr)|Oppenweiler(Württ)|Backnang|Winnenden,8000180,Waiblingen,Baden-Württemberg,Waiblingen,71332,9.300476874,48.8262444,3,2609021922,,2609021923,,h,2,Information,,,,,,,2.0,2.0
3135614053194829594-2609021911-7,7359,2609021929,2609021930,1,,S,S3,Backnang|Maubach|Nellmersbach|Winnenden|Schwaikheim|Neustadt-Hohenacker,8000180,Waiblingen,Baden-Württemberg,Waiblingen,71332,9.300476874,48.8262444,3,2609021930,,2609021931,,,,,,,,,,,1.0,1.0
5238051817368153971-2609021841-7,7357,2609021859,2609021900,1,,S,S3,Backnang|Maubach|Nellmersbach|Winnenden|Schwaikheim|Neustadt-Hohenacker,8000180,Waiblingen,Baden-Württemberg,Waiblingen,71332,9.300476874,48.8262444,3,2609021904,,2609021904,,,,,,,,,,,5.0,4.0
-3278481612433611047-2609021933-10,7261,2609021954,2609021955,5,,S,S2,Schorndorf|Weiler(Rems)|Winterbach(b Schorndorf)|Geradstetten|Grunbach|Beutelsbach|Endersbach|Stetten-Beinstein|Rommelshausen,8000180,Waiblingen,Baden-Württemberg,Waiblingen,71332,9.300476874,48.8262444,3,2609021954,,2609021955,,h,2,Bauarbeiten,,,,,,,0.0,0.0
-8025183112725946697-2609021942-6,7358,2609021959,2609022000,3,,S,S3,Stuttgart Hbf|Stuttgart-Bad Cannstatt|Stuttgart Nürnberger Str.|Stuttgart-Sommerrain|Fellbach,8000180,Waiblingen,Baden-Württemberg,Waiblingen,71332,9.300476874,48.8262444,3,2609021959,,2609022000,,,,,,,,,,,0.0,0.0
1183252318301173457-2609021903-10,7259,2609021924,2609021925,5,,S,S2,Schorndorf|Weiler(Rems)|Winterbach(b Schorndorf)|Geradstetten|Grunbach|Beutelsbach|Endersbach|Stetten-Beinstein|Rommelshausen,8000180,Waiblingen,Baden-Württemberg,Waiblingen,71332,9.300476874,48.8262444,3,2609021924,,2609021925,,h,2,Bauarbeiten,,,,,,,0.0,0.0
-1439359717796706481-2609021907-10,19434,2609021958,2609021958,6,,ARV,MEX13,Aalen Hbf|Mögglingen(Gmünd)|Böbingen(Rems)|Schwäbisch Gmünd|Lorch(Württ)|Waldhausen(b Schorndorf)|Plüderhausen|Urbach(b Schorndorf)|Schorndorf,8000180,Waiblingen,Baden-Württemberg,Waiblingen,71332,9.300476874,48.8262444,3,2609021958,,2609021959,,h,2,Information,,,,,,,0.0,1.0
-6751654647568991594-2609021752-18,19482,2609021928,2609021928,6,,ARV,MEX13,Crailsheim|Jagstzell|Ellwangen|Schrezheim|Schwabsberg|Goldshöfe|Hofen(b Aalen)|Wasseralfingen|Aalen Hbf|Mögglingen(Gmünd)|Böbingen(Rems)|Schwäbisch Gmünd|Lorch(Württ)|Waldhausen(b Schorndorf)|Plüderhausen|Urbach(b Schorndorf)|Schorndorf,8000180,Waiblingen,Baden-Württemberg,Waiblingen,71332,9.300476874,48.8262444,3,2609021929,,2609021928,,h,2,Störung,,,,,,,1.0,0.0
5807496118620218109-2609021850-6,7254,2609021904,2609021905,7,,S,S2,Stuttgart Hbf|Stuttgart-Bad Cannstatt|Stuttgart Nürnberger Str.|Stuttgart-Sommerrain|Fellbach,8000180,Waiblingen,Baden-Württemberg,Waiblingen,71332,9.300476874,48.8262444,3,2609021905,,2609021906,,h,2,Bauarbeiten,,,,,,,1.0,1.0
-8665436956296760567-2609021842-6,7354,2609021859,2609021900,3,,S,S3,Stuttgart Hbf|Stuttgart-Bad Cannstatt|Stuttgart Nürnberger Str.|Stuttgart-Sommerrain|Fellbach,8000180,Waiblingen,Baden-Württemberg,Waiblingen,71332,9.300476874,48.8262444,3,2609021859,,2609021900,,,,,,,,,,,0.0,0.0
7891754352984498965-2609021912-6,7356,2609021929,2609021930,3,,S,S3,Stuttgart Hbf|Stuttgart-Bad Cannstatt|Stuttgart Nürnberger Str.|Stuttgart-Sommerrain|Fellbach,8000180,Waiblingen,Baden-Württemberg,Waiblingen,71332,9.300476874,48.8262444,3,2609021929,,2609021930,,,,,,,,,,,0.0,0.0
2161925546529483540-2609021856-5,26177,2609021914,,141,,SWE,,Calw|Calw-Heumaden|Althengstett|Ostelsheim,8006271,Weil der Stadt,Baden-Württemberg,Weil der Stadt,71263,8.873189074,48.7557357,4,2609021920,,,,h,1,Störung,,,,,,,6.0,0.0
3964899678421724550-2609021926-5,26179,2609021944,2609021944,141,,SWE,RB76,Calw|Calw-Heumaden|Althengstett|Ostelsheim,8006271,Weil der Stadt,Baden-Württemberg,Weil der Stadt,71263,8.873189074,48.7557357,4,2609021950,,2609021950,,h,1,Störung,,,,,,,6.0,6.0
-2296361887691329517-2609021917-14,7656,2609021957,,2,,S,,Stuttgart Hbf|Stuttgart Nordbahnhof|Stuttgart-Feuerbach|Stuttgart-Zuffenhausen|Neuwirtshaus(Porscheplatz)|Korntal|Weilimdorf|Ditzingen|Höfingen|Leonberg|Rutesheim|Renningen|Malmsheim,8006271,Weil der Stadt,Baden-Württemberg,Weil der Stadt,71263,8.873189074,48.7557357,4,2609021958,,,,,,,,,,,,,1.0,0.0
-2362055098907975015-2609021903-1,7659,,2609021903,,,S,S6,,8006271,Weil der Stadt,Baden-Württemberg,Weil der Stadt,71263,8.873189074,48.7557357,4,,,2609021903,,,,,,,,,,,0.0,0.0
-1371801792582433848-2609021933-1,26178,,2609021933,,,SWE,RB76,,8006271,Weil der Stadt,Baden-Württemberg,Weil der Stadt,71263,8.873189074,48.7557357,4,,,2609021936,,h,1,Störung,,,,,,,0.0,3.0
-7461252280383009819-2609021933-1,7661,,2609021933,,,S,S6,,8006271,Weil der Stadt,Baden-Württemberg,Weil der Stadt,71263,8.873189074,48.7557357,4,,,2609021935,,,,,,,,,,,0.0,2.0
8445271706730011511-2609021858-2,26176,2609021901,2609021903,141,,SWE,RB76,Renningen,8006271,Weil der Stadt,Baden-Württemberg,Weil der Stadt,71263,8.873189074,48.7557357,4,2609021901,,2609021903,,h,1,Störung,,,,,,,0.0,0.0
8124393015929641593-2609021847-14,7654,2609021927,,2,,S,,Stuttgart Hbf|Stuttgart Nordbahnhof|Stuttgart-Feuerbach|Stuttgart-Zuffenhausen|Neuwirtshaus(Porscheplatz)|Korntal|Weilimdorf|Ditzingen|Höfingen|Leonberg|Rutesheim|Renningen|Malmsheim,8006271,Weil der Stadt,Baden-Württemberg,Weil der Stadt,71263,8.873189074,48.7557357,4,2609021929,,,,,,,,,,,,,2.0,0.0
-7422643584363790684-2609021920-14,7256,2609021952,2609021952,1,,S,S2,Stuttgart Hbf|Stuttgart-Bad Cannstatt|Stuttgart Nürnberger Str.|Stuttgart-Sommerrain|Fellbach|Waiblingen|Rommelshausen|Stetten-Beinstein|Endersbach|Beutelsbach|Grunbach|Geradstetten|Winterbach(b Schorndorf),8006277,Weiler (Rems),Baden-Württemberg,Schorndorf,76314,9.501891172,48.80034585,5,2609021953,,2609021955,,h,2,Bauarbeiten,,,,,,,1.0,3.0
-3278481612433611047-2609021933-2,7261,2609021936,2609021936,2,,S,S2,Schorndorf,8006277,Weiler (Rems),Baden-Württemberg,Schorndorf,76314,9.501891172,48.80034585,5,2609021936,,2609021936,,h,2,Bauarbeiten,,,,,,,0.0,0.0
1183252318301173457-2609021903-2,7259,2609021906,2609021906,2,,S,S2,Schorndorf,8006277,Weiler (Rems),Baden-Württemberg,Schorndorf,76314,9.501891172,48.80034585,5,2609021906,,2609021906,,h,2,Bauarbeiten,,,,,,,0.0,0.0
5807496118620218109-2609021850-14,7254,2609021922,2609021922,1,,S,S2,Stuttgart Hbf|Stuttgart-Bad Cannstatt|Stuttgart Nürnberger Str.|Stuttgart-Sommerrain|Fellbach|Waiblingen|Rommelshausen|Stetten-Beinstein|Endersbach|Beutelsbach|Grunbach|Geradstetten|Winterbach(b Schorndorf),8006277,Weiler (Rems),Baden-Württemberg,Schorndorf,76314,9.501891172,48.80034585,5,2609021924,,2609021925,,h,2,Bauarbeiten,,,,,,,2.0,3.0
-8086480164976887343-2609021929-3,16070,2609021959,,3,,RE,,Ulm Hbf|Merklingen - Schwäbische Alb,8006331,Wendlingen (Neckar),Baden-Württemberg,Wendlingen am Neckar,73240,9.373662098,48.67368917,3,2609022000,,,,h,2,Störung,,,,,,,1.0,0.0
2465832744839134269-2609021924-1,16069,,2609021924,,,RE,RE200,,8006331,Wendlingen (Neckar),Baden-Württemberg,Wendlingen am Neckar,73240,9.373662098,48.67368917,3,,,2609021928,,h,2,Störung,,,,,,,0.0,4.0
-8882485859156580072-2609021843-4,19332,2609021904,2609021905,1,,RE,MEX18,Reutlingen Hbf|Metzingen(Württ)|Nürtingen,8006331,Wendlingen (Neckar),Baden-Württemberg,Wendlingen am Neckar,73240,9.373662098,48.67368917,3,2609021905,,2609021906,,h,2,Information,,,,,,,1.0,1.0
-6153385815820538550-2609021825-13,7154,2609021902,2609021903,11,,S,S1,Stuttgart Hbf|Stuttgart-Bad Cannstatt|Stuttgart Neckarpark|Stuttgart-Untertürkheim|Stuttgart-Obertürkheim|Esslingen-Mettingen|Esslingen(Neckar)|Oberesslingen|Esslingen-Zell|Altbach|Plochingen|Wernau(Neckar),8006331,Wendlingen (Neckar),Baden-Württemberg,Wendlingen am Neckar,73240,9.373662098,48.67368917,3,2609021903,,2609021904,,,,,,,,,,,1.0,1.0
-7621325389408103009-2609021855-13,7156,2609021933,2609021933,11,,S,S1,Stuttgart Hbf|Stuttgart-Bad Cannstatt|Stuttgart Neckarpark|Stuttgart-Untertürkheim|Stuttgart-Obertürkheim|Esslingen-Mettingen|Esslingen(Neckar)|Oberesslingen|Esslingen-Zell|Altbach|Plochingen|Wernau(Neckar),8006331,Wendlingen (Neckar),Baden-Württemberg,Wendlingen am Neckar,73240,9.373662098,48.67368917,3,2609021934,,2609021934,,,,,,,,,,,1.0,1.0
6772228088550316376-2609021851-5,19239,2609021918,2609021918,2,,RE,MEX12,Stuttgart Hbf|Stuttgart-Bad Cannstatt|Esslingen(Neckar)|Plochingen,8006331,Wendlingen (Neckar),Baden-Württemberg,Wendlingen am Neckar,73240,9.373662098,48.67368917,3,2609021918,,2609021919,,h,2,Information,,,,,,,0.0,1.0
-6930448942701268015-2609021950-3,7163,2609021957,2609021958,12,,S,S1,Kirchheim(Teck)|Kirchheim(Teck)-Ötlingen,8006331,Wendlingen (Neckar),Baden-Württemberg,Wendlingen am Neckar,73240,9.373662098,48.67368917,3,2609021957,,2609021958,,,,,,,,,,,0.0,0.0
2955399632672402425-2609021916-6,19244,2609021940,2609021941,1,,RE,MEX12,Reutlingen Hbf|Metzingen(Württ)|Bempflingen|Nürtingen|Oberboihingen,8006331,Wendlingen (Neckar),Baden-Württemberg,Wendlingen am Neckar,73240,9.373662098,48.67368917,3,2609021939,,2609021941,,h,2,Störung,,,,,,,-1.0,0.0
-6572211236779796534-2609021920-3,7161,2609021927,2609021928,12,,S,S1,Kirchheim(Teck)|Kirchheim(Teck)-Ötlingen,8006331,Wendlingen (Neckar),Baden-Württemberg,Wendlingen am Neckar,73240,9.373662098,48.67368917,3,2609021930,,2609021931,,,,,,,,,,,3.0,3.0
-8462099243086557188-2609021920-4,19331,2609021950,2609021951,2,,RE,MEX18,Kornwestheim Pbf|Esslingen(Neckar)|Plochingen,8006331,Wendlingen (Neckar),Baden-Württemberg,Wendlingen am Neckar,73240,9.373662098,48.67368917,3,2609021952,,2609021953,,h,2,Störung,,,,,,,2.0,2.0
-1558425123957504280-2609021925-12,7158,2609021958,2609021959,2,,S,S1,Stuttgart Hbf|Stuttgart-Bad Cannstatt|Stuttgart Neckarpark|Stuttgart-Untertürkheim|Stuttgart-Obertürkheim|Esslingen-Mettingen|Esslingen(Neckar)|Oberesslingen|Esslingen-Zell|Altbach|Plochingen,8006346,Wernau (Neckar),Baden-Württemberg,Wernau (Neckar),73249,9.413654423,48.69417221,4,2609021958,,2609021959,,,,,,,,,,,0.0,0.0
-7621325389408103009-2609021855-12,7156,2609021929,2609021929,2,,S,S1,Stuttgart Hbf|Stuttgart-Bad Cannstatt|Stuttgart Neckarpark|Stuttgart-Untertürkheim|Stuttgart-Obertürkheim|Esslingen-Mettingen|Esslingen(Neckar)|Oberesslingen|Esslingen-Zell|Altbach|Plochingen,8006346,Wernau (Neckar),Baden-Württemberg,Wernau (Neckar),73249,9.413654423,48.69417221,4,2609021929,,2609021930,,,,,,,,,,,0.0,1.0
8890019855766315038-2609021850-4,7159,2609021901,2609021901,1,,S,S1,Kirchheim(Teck)|Kirchheim(Teck)-Ötlingen|Wendlingen(Neckar),8006346,Wernau (Neckar),Baden-Württemberg,Wernau (Neckar),73249,9.413654423,48.69417221,4,2609021901,,2609021902,,,,,,,,,,,0.0,1.0
-6572211236779796534-2609021920-4,7161,2609021931,2609021931,1,,S,S1,Kirchheim(Teck)|Kirchheim(Teck)-Ötlingen|Wendlingen(Neckar),8006346,Wernau (Neckar),Baden-Württemberg,Wernau (Neckar),73249,9.413654423,48.69417221,4,2609021934,,2609021934,,,,,,,,,,,3.0,3.0
-6212403965013446492-2609021941-4,7361,2609021949,2609021950,3,,S,S3,Backnang|Maubach|Nellmersbach,8006479,Winnenden,Baden-Württemberg,Winnenden,71364,9.392155928,48.8795625,3,2609021950,,2609021950,,,,,,,,,,,1.0,0.0
4741716309245589308-2609021854-4,88625,2609021915,2609021916,2,,ARV,RE90,Stuttgart Hbf|Stuttgart-Bad Cannstatt|Waiblingen,8006479,Winnenden,Baden-Württemberg,Winnenden,71364,9.392155928,48.8795625,3,2609021915,,2609021916,,r,,,,,,,c,c,0.0,0.0
3350894187046807511-2609021903-7,17558,2609021943,2609021944,3,,RE,MEX90,Schwäbisch Hall-Hessental|Gaildorf West|Murrhardt|Sulzbach(Murr)|Oppenweiler(Württ)|Backnang,8006479,Winnenden,Baden-Württemberg,Winnenden,71364,9.392155928,48.8795625,3,2609021945,,2609021945,,h,2,Störung,,,,,,,2.0,1.0
-7090282038887162588-2609021926-4,17551,2609021944,2609021945,2,,RB,MEX90,Stuttgart Hbf|Stuttgart-Bad Cannstatt|Waiblingen,8006479,Winnenden,Baden-Württemberg,Winnenden,71364,9.392155928,48.8795625,3,2609021944,,2609021945,,h,2,Störung,,,,,,,0.0,0.0
7560393394993320684-2609021815-9,17556,2609021913,2609021914,3,,RB,MEX90,Schwäbisch Hall-Hessental|Gaildorf West|Fichtenberg|Fornsbach|Murrhardt|Sulzbach(Murr)|Oppenweiler(Württ)|Backnang,8006479,Winnenden,Baden-Württemberg,Winnenden,71364,9.392155928,48.8795625,3,2609021915,,2609021916,,h,2,Information,,,,,,,2.0,2.0
3135614053194829594-2609021911-4,7359,2609021919,2609021920,3,,S,S3,Backnang|Maubach|Nellmersbach,8006479,Winnenden,Baden-Württemberg,Winnenden,71364,9.392155928,48.8795625,3,2609021920,,2609021920,,,,,,,,,,,1.0,0.0
-8665436956296760567-2609021842-9,7354,2609021909,2609021909,2,,S,S3,Stuttgart Hbf|Stuttgart-Bad Cannstatt|Stuttgart Nürnberger Str.|Stuttgart-Sommerrain|Fellbach|Waiblingen|Neustadt-Hohenacker|Schwaikheim,8006479,Winnenden,Baden-Württemberg,Winnenden,71364,9.392155928,48.8795625,3,2609021909,,2609021909,,,,,,,,,,,0.0,0.0
7891754352984498965-2609021912-9,7356,2609021939,2609021939,2,,S,S3,Stuttgart Hbf|Stuttgart-Bad Cannstatt|Stuttgart Nürnberger Str.|Stuttgart-Sommerrain|Fellbach|Waiblingen|Neustadt-Hohenacker|Schwaikheim,8006479,Winnenden,Baden-Württemberg,Winnenden,71364,9.392155928,48.8795625,3,2609021939,,2609021939,,,,,,,,,,,0.0,0.0
-7422643584363790684-2609021920-13,7256,2609021950,2609021950,2,,S,S2,Stuttgart Hbf|Stuttgart-Bad Cannstatt|Stuttgart Nürnberger Str.|Stuttgart-Sommerrain|Fellbach|Waiblingen|Rommelshausen|Stetten-Beinstein|Endersbach|Beutelsbach|Grunbach|Geradstetten,8006485,Winterbach (b Schorndorf),Baden-Württemberg,Winterbach,73650,9.481549751,48.79842743,4,2609021951,,2609021952,,h,2,Bauarbeiten,,,,,,,1.0,2.0
-3278481612433611047-2609021933-3,7261,2609021938,2609021938,1,,S,S2,Schorndorf|Weiler(Rems),8006485,Winterbach (b Schorndorf),Baden-Württemberg,Winterbach,73650,9.481549751,48.79842743,4,2609021938,,2609021938,,h,2,Bauarbeiten,,,,,,,0.0,0.0
1183252318301173457-2609021903-3,7259,2609021908,2609021908,1,,S,S2,Schorndorf|Weiler(Rems),8006485,Winterbach (b Schorndorf),Baden-Württemberg,Winterbach,73650,9.481549751,48.79842743,4,2609021908,,2609021908,,h,2,Bauarbeiten,,,,,,,0.0,0.0
5807496118620218109-2609021850-13,7254,2609021920,2609021920,2,,S,S2,Stuttgart Hbf|Stuttgart-Bad Cannstatt|Stuttgart Nürnberger Str.|Stuttgart-Sommerrain|Fellbach|Waiblingen|Rommelshausen|Stetten-Beinstein|Endersbach|Beutelsbach|Grunbach|Geradstetten,8006485,Winterbach (b Schorndorf),Baden-Württemberg,Winterbach,73650,9.481549751,48.79842743,4,2609021922,,2609021923,,h,2,Bauarbeiten,,,,,,,2.0,3.0
-1986872159209865397-2609021908-12,7060,2609021945,2609021945,2,,S,S60,Stuttgart-Feuerbach|Stuttgart-Zuffenhausen|Neuwirtshaus(Porscheplatz)|Korntal|Weilimdorf|Ditzingen|Höfingen|Leonberg|Rutesheim|Renningen|Renningen Süd,8003807,Magstadt,Baden-Württemberg,Magstadt,71106,8.965315746,48.73616033,6,2609021947,,2609021947,,,,,,,,,,,2.0,2.0
1999917199815931661-2609021838-12,7058,2609021915,2609021915,2,,S,S60,Stuttgart-Feuerbach|Stuttgart-Zuffenhausen|Neuwirtshaus(Porscheplatz)|Korntal|Weilimdorf|Ditzingen|Höfingen|Leonberg|Rutesheim|Renningen|Renningen Süd,8003807,Magstadt,Baden-Württemberg,Magstadt,71106,8.965315746,48.73616033,6,2609021916,,2609021917,,,,,,,,,,,1.0,2.0
-372852547875452905-2609021904-5,7057,2609021913,2609021914,1,,S,S60,Böblingen|Sindelfingen|Maichingen|Maichingen Nord,8003807,Magstadt,Baden-Württemberg,Magstadt,71106,8.965315746,48.73616033,6,2609021916,,2609021916,,,,,,,,,,,3.0,2.0
3128900407755296936-2609021934-5,7059,2609021943,2609021944,1,,S,S60,Böblingen|Sindelfingen|Maichingen|Maichingen Nord,8003807,Magstadt,Baden-Württemberg,Magstadt,71106,8.965315746,48.73616033,6,2609021946,,2609021946,,,,,,,,,,,3.0,2.0
-1986872159209865397-2609021908-13,7060,2609021947,2609021947,2,,S,S60,Stuttgart-Feuerbach|Stuttgart-Zuffenhausen|Neuwirtshaus(Porscheplatz)|Korntal|Weilimdorf|Ditzingen|Höfingen|Leonberg|Rutesheim|Renningen|Renningen Süd|Magstadt,8003834,Maichingen Nord,Baden-Württemberg,Sindelfingen,71069,8.979416996,48.72750392,5,2609021949,,2609021949,,,,,,,,,,,2.0,2.0
1999917199815931661-2609021838-13,7058,2609021917,2609021917,2,,S,S60,Stuttgart-Feuerbach|Stuttgart-Zuffenhausen|Neuwirtshaus(Porscheplatz)|Korntal|Weilimdorf|Ditzingen|Höfingen|Leonberg|Rutesheim|Renningen|Renningen Süd|Magstadt,8003834,Maichingen Nord,Baden-Württemberg,Sindelfingen,71069,8.979416996,48.72750392,5,2609021918,,2609021919,,,,,,,,,,,1.0,2.0
-372852547875452905-2609021904-4,7057,2609021911,2609021911,1,,S,S60,Böblingen|Sindelfingen|Maichingen,8003834,Maichingen Nord,Baden-Württemberg,Sindelfingen,71069,8.979416996,48.72750392,5,2609021914,,2609021914,,,,,,,,,,,3.0,3.0
3128900407755296936-2609021934-4,7059,2609021941,2609021941,1,,S,S60,Böblingen|Sindelfingen|Maichingen,8003834,Maichingen Nord,Baden-Württemberg,Sindelfingen,71069,8.979416996,48.72750392,5,2609021944,,2609021944,,,,,,,,,,,3.0,3.0
-1986872159209865397-2609021908-14,7060,2609021949,2609021949,1,,S,S60,Stuttgart-Feuerbach|Stuttgart-Zuffenhausen|Neuwirtshaus(Porscheplatz)|Korntal|Weilimdorf|Ditzingen|Höfingen|Leonberg|Rutesheim|Renningen|Renningen Süd|Magstadt|Maichingen Nord,8003808,Maichingen,Baden-Württemberg,Sindelfingen,71069,8.969606704,48.72162074,6,2609021950,,2609021951,,,,,,,,,,,1.0,2.0
1999917199815931661-2609021838-14,7058,2609021919,2609021919,1,,S,S60,Stuttgart-Feuerbach|Stuttgart-Zuffenhausen|Neuwirtshaus(Porscheplatz)|Korntal|Weilimdorf|Ditzingen|Höfingen|Leonberg|Rutesheim|Renningen|Renningen Süd|Magstadt|Maichingen Nord,8003808,Maichingen,Baden-Württemberg,Sindelfingen,71069,8.969606704,48.72162074,6,2609021920,,2609021921,,,,,,,,,,,1.0,2.0
-372852547875452905-2609021904-3,7057,2609021909,2609021910,1,,S,S60,Böblingen|Sindelfingen,8003808,Maichingen,Baden-Württemberg,Sindelfingen,71069,8.969606704,48.72162074,6,2609021912,,2609021913,,,,,,,,,,,3.0,3.0
3128900407755296936-2609021934-3,7059,2609021939,2609021940,1,,S,S60,Böblingen|Sindelfingen,8003808,Maichingen,Baden-Württemberg,Sindelfingen,71069,8.969606704,48.72162074,6,2609021942,,2609021942,,,,,,,,,,,3.0,2.0
-1986872159209865397-2609021908-11,7060,2609021941,2609021941,2,,S,S60,Stuttgart-Feuerbach|Stuttgart-Zuffenhausen|Neuwirtshaus(Porscheplatz)|Korntal|Weilimdorf|Ditzingen|Höfingen|Leonberg|Rutesheim|Renningen,8005001,Renningen Süd,Baden-Württemberg,Renningen,71272,8.932068278,48.76261937,6,2609021943,,2609021943,,,,,,,,,,,2.0,2.0
1999917199815931661-2609021838-11,7058,2609021911,2609021911,2,,S,S60,Stuttgart-Feuerbach|Stuttgart-Zuffenhausen|Neuwirtshaus(Porscheplatz)|Korntal|Weilimdorf|Ditzingen|Höfingen|Leonberg|Rutesheim|Renningen,8005001,Renningen Süd,Baden-Württemberg,Renningen,71272,8.932068278,48.76261937,6,2609021912,,2609021913,,,,,,,,,,,1.0,2.0
-372852547875452905-2609021904-6,7057,2609021917,2609021918,1,,S,S60,Böblingen|Sindelfingen|Maichingen|Maichingen Nord|Magstadt,8005001,Renningen Süd,Baden-Württemberg,Renningen,71272,8.932068278,48.76261937,6,2609021920,,2609021921,,,,,,,,,,,3.0,3.0
3128900407755296936-2609021934-6,7059,2609021947,2609021948,1,,S,S60,Böblingen|Sindelfingen|Maichingen|Maichingen Nord|Magstadt,8005001,Renningen Süd,Baden-Württemberg,Renningen,71272,8.932068278,48.76261937,6,2609021950,,2609021950,,,,,,,,,,,3.0,2.0
