ID,train_number,planned_arrival,planned_departure,planned_platform,planned_status,category_train,train,path,eva_nr,station_name,station_state,station_city,station_zipcode,station_long,station_lat,station_category,changed_arrival,changed_platform_arrival,changed_departure,changed_platform_departure,message_status,priority,info,arrival_hidden,departure_hidden,arrival_path,departure_path,arrival_status,departure_status,arrival_delay_m,departure_delay_m
8759418788528928451-2609100655-10,7108,2609100720,2609100720,4,,S,S1,Stuttgart Hbf|Stuttgart-Bad Cannstatt|Stuttgart Neckarpark|Stuttgart-Untertürkheim|Stuttgart-Obertürkheim|Esslingen-Mettingen|Esslingen(Neckar)|Oberesslingen|Esslingen-Zell,8000508,Altbach,Baden-Württemberg,Altbach,73776,9.382434033,48.72031354,3,2609100720,,2609100720,,,,,,,,,,,0.0,0.0
-6655970972115007016-2609100650-6,7111,2609100709,2609100710,3,,S,S1,Kirchheim(Teck)|Kirchheim(Teck)-Ötlingen|Wendlingen(Neckar)|Wernau(Neckar)|Plochingen,8000508,Altbach,Baden-Württemberg,Altbach,73776,9.382434033,48.72031354,3,2609100710,,2609100710,,,,,,,,,,,1.0,0.0
-7709757529463307534-2609100720-6,7113,2609100739,2609100740,3,,S,S1,Kirchheim(Teck)|Kirchheim(Teck)-Ötlingen|Wendlingen(Neckar)|Wernau(Neckar)|Plochingen,8000508,Altbach,Baden-Württemberg,Altbach,73776,9.382434033,48.72031354,3,2609100743,,2609100743,,,,,,,,,,,4.0,3.0
2394736871359748075-2609100725-10,7110,2609100750,2609100750,4,,S,S1,Stuttgart Hbf|Stuttgart-Bad Cannstatt|Stuttgart Neckarpark|Stuttgart-Untertürkheim|Stuttgart-Obertürkheim|Esslingen-Mettingen|Esslingen(Neckar)|Oberesslingen|Esslingen-Zell,8000508,Altbach,Baden-Württemberg,Altbach,73776,9.382434033,48.72031354,3,2609100750,,2609100750,,,,,,,,,,,0.0,0.0
5109580939104143056-2609100657-7,7508,2609100717,2609100717,4,,S,S5,Stuttgart Hbf|Stuttgart Nordbahnhof|Stuttgart-Feuerbach|Stuttgart-Zuffenhausen|Kornwestheim Pbf|Ludwigsburg,8000630,Asperg,Baden-Württemberg,Asperg,71679,9.147977466,48.90725609,4,2609100725,,2609100726,,,,,,,,,,,8.0,9.0
7155033421118958991-2609100707-3,7511,2609100712,2609100713,3,,S,S5,Bietigheim-Bissingen|Tamm(Württ),8000630,Asperg,Baden-Württemberg,Asperg,71679,9.147977466,48.90725609,4,2609100712,,2609100716,,,,,,,,,,,0.0,3.0
8353338401030915198-2609100727-7,7510,2609100747,2609100747,4,,S,S5,Stuttgart Hbf|Stuttgart Nordbahnhof|Stuttgart-Feuerbach|Stuttgart-Zuffenhausen|Kornwestheim Pbf|Ludwigsburg,8000630,Asperg,Baden-Württemberg,Asperg,71679,9.147977466,48.90725609,4,2609100748,,2609100748,,,,,,,,,,,1.0,1.0
-5856161558368495320-2609100737-3,7513,2609100742,2609100743,3,,S,S5,Bietigheim-Bissingen|Tamm(Württ),8000630,Asperg,Baden-Württemberg,Asperg,71679,9.147977466,48.90725609,4,2609100751,,2609100756,,,,,,,,,,,9.0,13.0
-8255187816541177533-2609100637-14,7404,2609100722,,1,,S,,Stuttgart Hbf|Stuttgart Nordbahnhof|Stuttgart-Feuerbach|Stuttgart-Zuffenhausen|Kornwestheim Pbf|Ludwigsburg|Favoritepark|Freiberg(Neckar)|Benningen(Neckar)|Marbach(Neckar)|Erdmannhausen|Kirchberg(Murr)|Burgstall(Murr),8000016,Backnang,Baden-Württemberg,Backnang,71522,9.425986107,48.94264844,3,2609100722,,,,,,,,,,,,,0.0,0.0
-6211003010298504877-2609100642-12,7306,2609100718,,5,,S,,Stuttgart Hbf|Stuttgart-Bad Cannstatt|Stuttgart Nürnberger Str.|Stuttgart-Sommerrain|Fellbach|Waiblingen|Neustadt-Hohenacker|Schwaikheim|Winnenden|Nellmersbach|Maubach,8000016,Backnang,Baden-Württemberg,Backnang,71522,9.425986107,48.94264844,3,2609100718,,,,,,,,,,,,,0.0,0.0
-6972089608067190623-2609100644-5,88613,2609100706,2609100707,4,,ARV,RE90,Stuttgart Hbf|Stuttgart-Bad Cannstatt|Waiblingen|Winnenden,8000016,Backnang,Baden-Württemberg,Backnang,71522,9.425986107,48.94264844,3,2609100707,,2609100708,,,,,,,,,,,1.0,1.0
-2915141727268180381-2609100711-1,7311,,2609100711,,,S,S3,,8000016,Backnang,Baden-Württemberg,Backnang,71522,9.425986107,48.94264844,3,,,2609100711,,,,,,,,,,,0.0,0.0
-7300822635158528158-2609100635-10,89684,2609100736,2609100737,4,,ARV,RE90,Crailsheim|Eckartshausen-Ilshofen|Schwäbisch Hall-Hessental|Gaildorf West|Fichtenberg|Fornsbach|Murrhardt|Sulzbach(Murr)|Oppenweiler(Württ),8000016,Backnang,Baden-Württemberg,Backnang,71522,9.425986107,48.94264844,3,2609100744,,2609100745,,h,2,Information,,,,,,,8.0,8.0
7977434207262340946-2609100707-14,7406,2609100752,,1,,S,,Stuttgart Hbf|Stuttgart Nordbahnhof|Stuttgart-Feuerbach|Stuttgart-Zuffenhausen|Kornwestheim Pbf|Ludwigsburg|Favoritepark|Freiberg(Neckar)|Benningen(Neckar)|Marbach(Neckar)|Erdmannhausen|Kirchberg(Murr)|Burgstall(Murr),8000016,Backnang,Baden-Württemberg,Backnang,71522,9.425986107,48.94264844,3,2609100754,,,,,,,,,,,,,2.0,0.0
8970610329466681156-2609100733-1,7413,,2609100733,,,S,S4,,8000016,Backnang,Baden-Württemberg,Backnang,71522,9.425986107,48.94264844,3,,,2609100733,,,,,,,,,,,0.0,0.0
-4004163488000567729-2609100605-10,17510,2609100704,2609100706,3,,RB,MEX90,Crailsheim|Eckartshausen-Ilshofen|Schwäbisch Hall-Hessental|Gaildorf West|Fichtenberg|Fornsbach|Murrhardt|Sulzbach(Murr)|Oppenweiler(Württ),8000016,Backnang,Baden-Württemberg,Backnang,71522,9.425986107,48.94264844,3,2609100704,,2609100706,,h,2,Störung,,,,,,,0.0,0.0
3577709664347333137-2609100712-12,7308,2609100748,,5,,S,,Stuttgart Hbf|Stuttgart-Bad Cannstatt|Stuttgart Nürnberger Str.|Stuttgart-Sommerrain|Fellbach|Waiblingen|Neustadt-Hohenacker|Schwaikheim|Winnenden|Nellmersbach|Maubach,8000016,Backnang,Baden-Württemberg,Backnang,71522,9.425986107,48.94264844,3,2609100749,,,,,,,,,,,,,1.0,0.0
8151800894683998336-2609100726-5,17509,2609100751,2609100752,4,,RB,MEX19,Stuttgart Hbf|Stuttgart-Bad Cannstatt|Waiblingen|Winnenden,8000016,Backnang,Baden-Württemberg,Backnang,71522,9.425986107,48.94264844,3,2609100751,,2609100752,,,,,,,,,,,0.0,0.0
1183603668671718907-2609100741-1,7313,,2609100741,,,S,S3,,8000016,Backnang,Baden-Württemberg,Backnang,71522,9.425986107,48.94264844,3,,,2609100741,,,,,,,,,,,0.0,0.0
1174251127419777403-2609100703-1,7411,,2609100703,,,S,S4,,8000016,Backnang,Baden-Württemberg,Backnang,71522,9.425986107,48.94264844,3,,,2609100705,,,,,,,,,,,0.0,2.0
-8255187816541177533-2609100637-9,7404,2609100702,2609100703,1,,S,S4,Stuttgart Hbf|Stuttgart Nordbahnhof|Stuttgart-Feuerbach|Stuttgart-Zuffenhausen|Kornwestheim Pbf|Ludwigsburg|Favoritepark|Freiberg(Neckar),8000873,Benningen (Neckar),Baden-Württemberg,Benningen am Neckar,71726,9.244299075,48.94379773,5,2609100703,,2609100703,,,,,,,,,,,1.0,0.0
7977434207262340946-2609100707-9,7406,2609100732,2609100733,1,,S,S4,Stuttgart Hbf|Stuttgart Nordbahnhof|Stuttgart-Feuerbach|Stuttgart-Zuffenhausen|Kornwestheim Pbf|Ludwigsburg|Favoritepark|Freiberg(Neckar),8000873,Benningen (Neckar),Baden-Württemberg,Benningen am Neckar,71726,9.244299075,48.94379773,5,2609100735,,2609100736,,,,,,,,,,,3.0,3.0
8970610329466681156-2609100733-6,7413,2609100757,2609100757,2,,S,S4,Backnang|Burgstall(Murr)|Kirchberg(Murr)|Erdmannhausen|Marbach(Neckar),8000873,Benningen (Neckar),Baden-Württemberg,Benningen am Neckar,71726,9.244299075,48.94379773,5,2609100758,,2609100759,,,,,,,,,,,1.0,2.0
1174251127419777403-2609100703-6,7411,2609100727,2609100727,2,,S,S4,Backnang|Burgstall(Murr)|Kirchberg(Murr)|Erdmannhausen|Marbach(Neckar),8000873,Benningen (Neckar),Baden-Württemberg,Benningen am Neckar,71726,9.244299075,48.94379773,5,2609100727,,2609100729,,,,,,,,,,,0.0,2.0
3965518062033575210-2609100650-10,7206,2609100713,2609100713,1,,S,S2,Stuttgart Hbf|Stuttgart-Bad Cannstatt|Stuttgart Nürnberger Str.|Stuttgart-Sommerrain|Fellbach|Waiblingen|Rommelshausen|Stetten-Beinstein|Endersbach,8000934,Beutelsbach,Baden-Württemberg,Weinstadt,71384,9.38551589,48.81038925,5,2609100713,,2609100714,,h,2,Bauarbeiten,,,,,,,0.0,1.0
3888224273021493436-2609100733-6,7213,2609100745,2609100745,2,,S,S2,Schorndorf|Weiler(Rems)|Winterbach(b Schorndorf)|Geradstetten|Grunbach,8000934,Beutelsbach,Baden-Württemberg,Weinstadt,71384,9.38551589,48.81038925,5,2609100749,,2609100749,,h,2,Bauarbeiten,,,,,,,4.0,4.0
-5260417069663625653-2609100720-10,7208,2609100743,2609100743,1,,S,S2,Stuttgart Hbf|Stuttgart-Bad Cannstatt|Stuttgart Nürnberger Str.|Stuttgart-Sommerrain|Fellbach|Waiblingen|Rommelshausen|Stetten-Beinstein|Endersbach,8000934,Beutelsbach,Baden-Württemberg,Weinstadt,71384,9.38551589,48.81038925,5,2609100744,,2609100745,,h,2,Bauarbeiten,,,,,,,1.0,2.0
-6595517868678510983-2609100703-6,7211,2609100715,2609100715,2,,S,S2,Schorndorf|Weiler(Rems)|Winterbach(b Schorndorf)|Geradstetten|Grunbach,8000934,Beutelsbach,Baden-Württemberg,Weinstadt,71384,9.38551589,48.81038925,5,2609100715,,2609100715,,h,2,Bauarbeiten,,,,,,,0.0,0.0
7502879632717750314-2609100614-12,19216,2609100735,2609100736,10,,RE,MEX12,Reutlingen Hbf|Metzingen(Württ)|Bempflingen|Nürtingen|Oberboihingen|Wendlingen(Neckar)|Plochingen|Esslingen(Neckar)|Stuttgart-Bad Cannstatt|Stuttgart Hbf|Ludwigsburg,8000038,Bietigheim-Bissingen,Baden-Württemberg,Bietigheim-Bissingen,74321,9.137217396,48.94794988,2,2609100736,,2609100737,,h,2,Störung,,,,,,,1.0,1.0
2357672878991631045-2609100616-5,19304,2609100700,2609100700,10,,RE,MEX18,Plochingen|Esslingen(Neckar)|Kornwestheim Pbf|Ludwigsburg,8000038,Bietigheim-Bissingen,Baden-Württemberg,Bietigheim-Bissingen,74321,9.137217396,48.94794988,2,2609100700,,2609100701,,h,2,Störung,,,,,c,c,0.0,1.0
-3045461427841764391-2609100632-12,19353,2609100755,2609100757,8,,RE,MEX18,Öhringen-Cappel|Öhringen Hbf|Bretzfeld|Willsbach|Weinsberg|Heilbronn Hbf|Nordheim(Württ)|Lauffen(Neckar)|Kirchheim(Neckar)|Walheim(Württ)|Besigheim,8000038,Bietigheim-Bissingen,Baden-Württemberg,Bietigheim-Bissingen,74321,9.137217396,48.94794988,2,2609100757,,2609100758,,h,2,Störung,,,,,,,2.0,1.0
8936302910466152448-2609100706-2,63546,2609100713,2609100719,,,ARV,RE8,Ludwigsburg,8000038,Bietigheim-Bissingen,Baden-Württemberg,Bietigheim-Bissingen,74321,9.137217396,48.94794988,2,2609100713,9,2609100719,9,,,,,,,,,,0.0,0.0
5468407054639694482-2609100653-7,19351,2609100718,2609100719,8,,RE,MEX12,Heilbronn Hbf|Nordheim(Württ)|Lauffen(Neckar)|Kirchheim(Neckar)|Walheim(Württ)|Besigheim,8000038,Bietigheim-Bissingen,Baden-Württemberg,Bietigheim-Bissingen,74321,9.137217396,48.94794988,2,2609100723,,2609100724,,h,2,Störung,,,,,,,5.0,5.0
5109580939104143056-2609100657-9,7508,2609100724,,5,,S,,Stuttgart Hbf|Stuttgart Nordbahnhof|Stuttgart-Feuerbach|Stuttgart-Zuffenhausen|Kornwestheim Pbf|Ludwigsburg|Asperg|Tamm(Württ),8000038,Bietigheim-Bissingen,Baden-Württemberg,Bietigheim-Bissingen,74321,9.137217396,48.94794988,2,2609100732,,,,,,,,,,,,,8.0,0.0
2579008039338121777-2609100637-7,19093,2609100702,2609100703,8,,ARV,RB8,Heilbronn Hbf|Nordheim(Württ)|Lauffen(Neckar)|Kirchheim(Neckar)|Walheim(Württ)|Besigheim,8000038,Bietigheim-Bissingen,Baden-Württemberg,Bietigheim-Bissingen,74321,9.137217396,48.94794988,2,2609100703,,2609100704,,,,,,,,,,,1.0,1.0
7155033421118958991-2609100707-1,7511,,2609100707,,,S,S5,,8000038,Bietigheim-Bissingen,Baden-Württemberg,Bietigheim-Bissingen,74321,9.137217396,48.94794988,2,,,2609100707,,,,,,,,,,,0.0,0.0
6257296882249692478-2609100708-3,19055,2609100738,2609100740,8,,ARV,RE8,Neckarsulm|Heilbronn Hbf,8000038,Bietigheim-Bissingen,Baden-Württemberg,Bietigheim-Bissingen,74321,9.137217396,48.94794988,2,2609100740,,2609100741,,,,,,,,,,,2.0,1.0
8353338401030915198-2609100727-9,7510,2609100754,,,,S,,Stuttgart Hbf|Stuttgart Nordbahnhof|Stuttgart-Feuerbach|Stuttgart-Zuffenhausen|Kornwestheim Pbf|Ludwigsburg|Asperg|Tamm(Württ),8000038,Bietigheim-Bissingen,Baden-Württemberg,Bietigheim-Bissingen,74321,9.137217396,48.94794988,2,2609100755,5,,,,,,,,,,,,1.0,0.0
-5856161558368495320-2609100737-1,7513,,2609100737,,,S,S5,,8000038,Bietigheim-Bissingen,Baden-Württemberg,Bietigheim-Bissingen,74321,9.137217396,48.94794988,2,,,2609100744,,,,,,,,,,,0.0,7.0
2842835760258306804-2609100658-9,7010,2609100726,,5,,S,,Leonberg|Rutesheim|Renningen|Renningen Süd|Magstadt|Maichingen Nord|Maichingen|Sindelfingen,8001055,Böblingen,Baden-Württemberg,Böblingen,71034,9.004531864,48.68784871,3,2609100728,,,,h,1,Bauarbeiten,,,,,,,2.0,0.0
794099214968307145-2609100657-7,8241,2609100710,,1,,WEG,,Holzgerlingen Bf|Holzgerlingen Hülben|Böblingen Zimmerschlag|Böblingen Heusteigstr|Böblingen Südbf|Böblingen Danziger Str,8001055,Böblingen,Baden-Württemberg,Böblingen,71034,9.004531864,48.68784871,3,2609100710,,,,,,,,,,,,,0.0,0.0
-3273540285920139430-2609100720-1,8242,,2609100720,,,WEG,RB46,,8001055,Böblingen,Baden-Württemberg,Böblingen,71034,9.004531864,48.68784871,3,,,2609100720,,,,,,,,,,,0.0,0.0
-6419417749381061705-2609100716-4,7709,2609100730,2609100730,4,,S,S1,Stuttgart-Vaihingen|Stuttgart-Rohr|Goldberg(Württ),8001055,Böblingen,Baden-Württemberg,Böblingen,71034,9.004531864,48.68784871,3,2609100733,,2609100734,,,,,,,,,,,3.0,4.0
-1423004611531480380-2609100611-15,17622,2609100720,2609100721,2,,RE,RE14b,Freudenstadt Hbf|Grüntal-Wittlensweiler|Dornstetten-Aach|Dornstetten|Schopfloch(b Freudenstadt)|Bittelbronn|Horb-Heiligenfeld|Hochdorf(b Horb)|Eutingen Nord|Eutingen im Gäu|Ergenzingen|Bondorf(b Herrenberg)|Gäufelden|Herrenberg,8001055,Böblingen,Baden-Württemberg,Böblingen,71034,9.004531864,48.68784871,3,2609100722,,2609100724,,,,,,,,,,,2.0,3.0
-9135645456789564620-2609100646-4,7707,2609100700,2609100700,4,,S,S1,Stuttgart-Vaihingen|Stuttgart-Rohr|Goldberg(Württ),8001055,Böblingen,Baden-Württemberg,Böblingen,71034,9.004531864,48.68784871,3,2609100700,,2609100701,,,,,,,,,,,0.0,1.0
2991799044501211224-2609100750-1,8246,,2609100750,,,WEG,RB46,,8001055,Böblingen,Baden-Württemberg,Böblingen,71034,9.004531864,48.68784871,3,,,2609100750,,,,,,,,,,,0.0,0.0
-7470739865433470471-2609100733-1,28470,,2609100733,,,RE,RESB,,8001055,Böblingen,Baden-Württemberg,Böblingen,71034,9.004531864,48.68784871,3,,,2609100748,,,,,,,,,,,0.0,15.0
5907647912001809871-2609100604-10,17618,2609100720,2609100721,2,,RE,RE14a,Rottweil|Oberndorf(Neckar)|Sulz(Neckar)|Horb|Eutingen im Gäu|Ergenzingen|Bondorf(b Herrenberg)|Gäufelden|Herrenberg,8001055,Böblingen,Baden-Württemberg,Böblingen,71034,9.004531864,48.68784871,3,2609100722,,2609100724,,,,,,,,,,,2.0,3.0
8661045071589680025-2609100732-12,8061,2609100755,,1,,WEG,,Dettenhausen|Weil im Schönbuch Untere Halde|Weil im Schönbuch Röte|Weil im Schönbuch Troppel|Holzgerlingen Buch|Holzgerlingen Bf|Holzgerlingen Hülben|Böblingen Zimmerschlag|Böblingen Heusteigstr|Böblingen Südbf|Böblingen Danziger Str,8001055,Böblingen,Baden-Württemberg,Böblingen,71034,9.004531864,48.68784871,3,2609100755,,,,,,,,,,,,,0.0,0.0
-2823205682233144346-2609100646-6,7710,2609100700,2609100700,3,,S,S1,Herrenberg|Nufringen|Gärtringen|Ehningen(b Böblingen)|Hulb,8001055,Böblingen,Baden-Württemberg,Böblingen,71034,9.004531864,48.68784871,3,2609100700,,2609100701,,,,,,,,,,,0.0,1.0
-250858146386556166-2609100716-6,7712,2609100730,2609100730,3,,S,S1,Herrenberg|Nufringen|Gärtringen|Ehningen(b Böblingen)|Hulb,8001055,Böblingen,Baden-Württemberg,Böblingen,71034,9.004531864,48.68784871,3,2609100733,,2609100734,,,,,,,,,,,3.0,4.0
-7972085796287842295-2609100702-12,8057,2609100725,,1,,WEG,,Dettenhausen|Weil im Schönbuch Untere Halde|Weil im Schönbuch Röte|Weil im Schönbuch Troppel|Holzgerlingen Buch|Holzgerlingen Bf|Holzgerlingen Hülben|Böblingen Zimmerschlag|Böblingen Heusteigstr|Böblingen Südbf|Böblingen Danziger Str,8001055,Böblingen,Baden-Württemberg,Böblingen,71034,9.004531864,48.68784871,3,2609100725,,,,,,,,,,,,,0.0,0.0
-4846270582383547234-2609100703-3,28471,2609100726,,2,,RE,,Stuttgart Hbf|Stuttgart-Vaihingen,8001055,Böblingen,Baden-Württemberg,Böblingen,71034,9.004531864,48.68784871,3,2609100731,,,,,,,,,,,,,5.0,0.0
4252732278954540921-2609100727-7,8245,2609100740,,1,,WEG,,Holzgerlingen Bf|Holzgerlingen Hülben|Böblingen Zimmerschlag|Böblingen Heusteigstr|Böblingen Südbf|Böblingen Danziger Str,8001055,Böblingen,Baden-Württemberg,Böblingen,71034,9.004531864,48.68784871,3,2609100740,,,,,,,,,,,,,0.0,0.0
704671570927090549-2609100648-3,17615,2609100708,2609100709,5,,RE,RB14a,Stuttgart Hbf|Stuttgart-Vaihingen,8001055,Böblingen,Baden-Württemberg,Böblingen,71034,9.004531864,48.68784871,3,2609100740,,2609100728,,,,,,,,,,c,32.0,19.0
8714567639514254110-2609100704-1,7009,,2609100704,,,S,S60,,8001055,Böblingen,Baden-Württemberg,Böblingen,71034,9.004531864,48.68784871,3,,,2609100704,,h,1,Bauarbeiten,,,,,,,0.0,0.0
1552305657484636498-2609100732-4,17628,2609100750,2609100751,2,,RE,RE14a,Bondorf(b Herrenberg)|Gäufelden|Herrenberg,8001055,Böblingen,Baden-Württemberg,Böblingen,71034,9.004531864,48.68784871,3,,,2609100751,5,,,,,,,,c,,0.0,0.0
-1337095994397901486-2609100705-1,8056,,2609100705,,,WEG,RB46,,8001055,Böblingen,Baden-Württemberg,Böblingen,71034,9.004531864,48.68784871,3,,,2609100705,,,,,,,,,,,0.0,0.0
-8712334694418825968-2609100735-1,8060,,2609100735,,,WEG,RB46,,8001055,Böblingen,Baden-Württemberg,Böblingen,71034,9.004531864,48.68784871,3,,,2609100735,,,,,,,,,,,0.0,0.0
4072775096959489473-2609100728-9,7012,2609100756,,5,,S,,Leonberg|Rutesheim|Renningen|Renningen Süd|Magstadt|Maichingen Nord|Maichingen|Sindelfingen,8001055,Böblingen,Baden-Württemberg,Böblingen,71034,9.004531864,48.68784871,3,2609100756,,,,h,1,Bauarbeiten,,,,,,,0.0,0.0
3592955462745051107-2609100734-1,7011,,2609100734,,,S,S60,,8001055,Böblingen,Baden-Württemberg,Böblingen,71034,9.004531864,48.68784871,3,,,2609100734,,h,1,Bauarbeiten,,,,,,,0.0,0.0
-8255187816541177533-2609100637-13,7404,2609100717,2609100717,1,,S,S4,Stuttgart Hbf|Stuttgart Nordbahnhof|Stuttgart-Feuerbach|Stuttgart-Zuffenhausen|Kornwestheim Pbf|Ludwigsburg|Favoritepark|Freiberg(Neckar)|Benningen(Neckar)|Marbach(Neckar)|Erdmannhausen|Kirchberg(Murr),8001296,Burgstall (Murr),Baden-Württemberg,Burgstetten,71576,9.36973562,48.92851826,6,2609100718,,2609100718,,,,,,,,,,,1.0,1.0
7977434207262340946-2609100707-13,7406,2609100747,2609100747,1,,S,S4,Stuttgart Hbf|Stuttgart Nordbahnhof|Stuttgart-Feuerbach|Stuttgart-Zuffenhausen|Kornwestheim Pbf|Ludwigsburg|Favoritepark|Freiberg(Neckar)|Benningen(Neckar)|Marbach(Neckar)|Erdmannhausen|Kirchberg(Murr),8001296,Burgstall (Murr),Baden-Württemberg,Burgstetten,71576,9.36973562,48.92851826,6,2609100750,,2609100750,,,,,,,,,,,3.0,3.0
8970610329466681156-2609100733-2,7413,2609100737,2609100738,1,,S,S4,Backnang,8001296,Burgstall (Murr),Baden-Württemberg,Burgstetten,71576,9.36973562,48.92851826,6,2609100737,,2609100738,,,,,,,,,,,0.0,0.0
1174251127419777403-2609100703-2,7411,2609100707,2609100708,1,,S,S4,Backnang,8001296,Burgstall (Murr),Baden-Württemberg,Burgstetten,71576,9.36973562,48.92851826,6,2609100709,,2609100710,,,,,,,,,,,2.0,2.0
4812840936901474420-2609100754-1,7613,,2609100754,,,S,S6,,8001476,Ditzingen,Baden-Württemberg,Ditzingen,71254,9.067095186,48.82358726,4,,,2609100754,3,h,1,Bauarbeiten,,,,,,,0.0,0.0
-4466015209665819118-2609100647-8,7606,2609100706,,2,,S,,Stuttgart Hbf|Stuttgart Nordbahnhof|Stuttgart-Feuerbach|Stuttgart-Zuffenhausen|Neuwirtshaus(Porscheplatz)|Korntal|Weilimdorf,8001476,Ditzingen,Baden-Württemberg,Ditzingen,71254,9.067095186,48.82358726,4,2609100707,3,,,h,1,Bauarbeiten,,,,,,,1.0,0.0
4871684490979924868-2609100717-8,7608,2609100736,,2,,S,,Stuttgart Hbf|Stuttgart Nordbahnhof|Stuttgart-Feuerbach|Stuttgart-Zuffenhausen|Neuwirtshaus(Porscheplatz)|Korntal|Weilimdorf,8001476,Ditzingen,Baden-Württemberg,Ditzingen,71254,9.067095186,48.82358726,4,2609100738,3,,,h,1,Bauarbeiten,,,,,,,2.0,0.0
-4492985109316444691-2609100724-1,7611,,2609100724,,,S,S6,,8001476,Ditzingen,Baden-Württemberg,Ditzingen,71254,9.067095186,48.82358726,4,,,2609100724,3,h,1,Bauarbeiten,,,,,,,0.0,0.0
-6501547905667268041-2609100703-3,7908,2609100710,2609100710,2,,S,S2,Filderstadt|Stuttgart Flughafen/Messe,8001650,Echterdingen,Baden-Württemberg,Echterdingen,70771,9.169307175,48.69214787,4,2609100713,,2609100714,,,,,,,,,,,3.0,4.0
925944172323548863-2609100733-3,7910,2609100740,2609100740,2,,S,S2,Filderstadt|Stuttgart Flughafen/Messe,8001650,Echterdingen,Baden-Württemberg,Echterdingen,70771,9.169307175,48.69214787,4,2609100740,,2609100740,,,,,,,,,,,0.0,0.0
3101834224134177917-2609100735-5,7911,2609100749,2609100750,1,,S,S2,Stuttgart-Vaihingen|Stuttgart-Rohr|Oberaichen|Leinfelden,8001650,Echterdingen,Baden-Württemberg,Echterdingen,70771,9.169307175,48.69214787,4,2609100751,,2609100753,,,,,,,,,,,2.0,3.0
-6719809372287513512-2609100705-5,7909,2609100719,2609100720,1,,S,S2,Stuttgart-Vaihingen|Stuttgart-Rohr|Oberaichen|Leinfelden,8001650,Echterdingen,Baden-Württemberg,Echterdingen,70771,9.169307175,48.69214787,4,2609100719,,2609100720,,,,,,,,,,,0.0,0.0
7703218303646440626-2609100746-4,7714,2609100755,2609100755,1,,S,S1,Herrenberg|Nufringen|Gärtringen,8001689,Ehningen (b Böblingen),Baden-Württemberg,Ehningen,71139,8.944310368,48.66275549,4,2609100755,,2609100756,,,,,,,,,,,0.0,1.0
-6419417749381061705-2609100716-6,7709,2609100735,2609100735,2,,S,S1,Stuttgart-Vaihingen|Stuttgart-Rohr|Goldberg(Württ)|Böblingen|Hulb,8001689,Ehningen (b Böblingen),Baden-Württemberg,Ehningen,71139,8.944310368,48.66275549,4,2609100738,,2609100739,,,,,,,,,,,3.0,4.0
-9135645456789564620-2609100646-6,7707,2609100705,2609100705,2,,S,S1,Stuttgart-Vaihingen|Stuttgart-Rohr|Goldberg(Württ)|Böblingen|Hulb,8001689,Ehningen (b Böblingen),Baden-Württemberg,Ehningen,71139,8.944310368,48.66275549,4,2609100705,,2609100706,,,,,,,,,,,0.0,1.0
-250858146386556166-2609100716-4,7712,2609100725,2609100725,1,,S,S1,Herrenberg|Nufringen|Gärtringen,8001689,Ehningen (b Böblingen),Baden-Württemberg,Ehningen,71139,8.944310368,48.66275549,4,2609100725,,2609100726,,,,,,,,,,,0.0,1.0
3965518062033575210-2609100650-9,7206,2609100711,2609100711,2,,S,S2,Stuttgart Hbf|Stuttgart-Bad Cannstatt|Stuttgart Nürnberger Str.|Stuttgart-Sommerrain|Fellbach|Waiblingen|Rommelshausen|Stetten-Beinstein,8001785,Endersbach,Baden-Württemberg,Weinstadt,71384,9.370192421,48.81317323,4,2609100712,,2609100712,,h,2,Bauarbeiten,,,,,,,1.0,1.0
3888224273021493436-2609100733-7,7213,2609100747,2609100747,3,,S,S2,Schorndorf|Weiler(Rems)|Winterbach(b Schorndorf)|Geradstetten|Grunbach|Beutelsbach,8001785,Endersbach,Baden-Württemberg,Weinstadt,71384,9.370192421,48.81317323,4,2609100750,,2609100751,,h,2,Bauarbeiten,,,,,,,3.0,4.0
-5260417069663625653-2609100720-9,7208,2609100741,2609100741,2,,S,S2,Stuttgart Hbf|Stuttgart-Bad Cannstatt|Stuttgart Nürnberger Str.|Stuttgart-Sommerrain|Fellbach|Waiblingen|Rommelshausen|Stetten-Beinstein,8001785,Endersbach,Baden-Württemberg,Weinstadt,71384,9.370192421,48.81317323,4,2609100743,,2609100743,,h,2,Bauarbeiten,,,,,,,2.0,2.0
-6595517868678510983-2609100703-7,7211,2609100717,2609100717,3,,S,S2,Schorndorf|Weiler(Rems)|Winterbach(b Schorndorf)|Geradstetten|Grunbach|Beutelsbach,8001785,Endersbach,Baden-Württemberg,Weinstadt,71384,9.370192421,48.81317323,4,2609100717,,2609100717,,h,2,Bauarbeiten,,,,,,,0.0,0.0
-8255187816541177533-2609100637-11,7404,2609100710,2609100710,1,,S,S4,Stuttgart Hbf|Stuttgart Nordbahnhof|Stuttgart-Feuerbach|Stuttgart-Zuffenhausen|Kornwestheim Pbf|Ludwigsburg|Favoritepark|Freiberg(Neckar)|Benningen(Neckar)|Marbach(Neckar),8001827,Erdmannhausen,Baden-Württemberg,Erdmannhausen,71729,9.298930848,48.9483447,6,2609100710,,2609100711,,,,,,,,,,,0.0,1.0
7977434207262340946-2609100707-11,7406,2609100740,2609100740,1,,S,S4,Stuttgart Hbf|Stuttgart Nordbahnhof|Stuttgart-Feuerbach|Stuttgart-Zuffenhausen|Kornwestheim Pbf|Ludwigsburg|Favoritepark|Freiberg(Neckar)|Benningen(Neckar)|Marbach(Neckar),8001827,Erdmannhausen,Baden-Württemberg,Erdmannhausen,71729,9.298930848,48.9483447,6,2609100743,,2609100744,,,,,,,,,,,3.0,4.0
8970610329466681156-2609100733-4,7413,2609100747,2609100748,1,,S,S4,Backnang|Burgstall(Murr)|Kirchberg(Murr),8001827,Erdmannhausen,Baden-Württemberg,Erdmannhausen,71729,9.298930848,48.9483447,6,2609100749,,2609100750,,,,,,,,,,,2.0,2.0
1174251127419777403-2609100703-4,7411,2609100717,2609100718,1,,S,S4,Backnang|Burgstall(Murr)|Kirchberg(Murr),8001827,Erdmannhausen,Baden-Württemberg,Erdmannhausen,71729,9.298930848,48.9483447,6,2609100717,,2609100718,,,,,,,,,,,0.0,0.0
4974521703574606086-2609100648-14,19118,2609100740,2609100740,3,,ARV,MEX16,Geislingen(Steige)|Geislingen(Steige)West|Kuchen|Gingen(Fils)|Süßen|Salach|Eislingen(Fils)|Göppingen|Faurndau|Uhingen|Ebersbach(Fils)|Reichenbach(Fils)|Plochingen,8001920,Esslingen (Neckar),Baden-Württemberg,Esslingen am Neckar,73728,9.300578149,48.73854148,3,2609100740,,2609100741,,,,,,,,,,,0.0,1.0
1633376945512703812-2609100736-2,4207,2609100745,2609100745,5,,RE,RE5,Stuttgart Hbf,8001920,Esslingen (Neckar),Baden-Württemberg,Esslingen am Neckar,73728,9.300578149,48.73854148,3,2609100749,8,2609100750,8,h,2,Störung,,,,,,,4.0,5.0
8759418788528928451-2609100655-7,7108,2609100712,2609100713,8,,S,S1,Stuttgart Hbf|Stuttgart-Bad Cannstatt|Stuttgart Neckarpark|Stuttgart-Untertürkheim|Stuttgart-Obertürkheim|Esslingen-Mettingen,8001920,Esslingen (Neckar),Baden-Württemberg,Esslingen am Neckar,73728,9.300578149,48.73854148,3,2609100712,,2609100713,,,,,,,,,,,0.0,0.0
-6655970972115007016-2609100650-9,7111,2609100717,2609100717,7,,S,S1,Kirchheim(Teck)|Kirchheim(Teck)-Ötlingen|Wendlingen(Neckar)|Wernau(Neckar)|Plochingen|Altbach|Esslingen-Zell|Oberesslingen,8001920,Esslingen (Neckar),Baden-Württemberg,Esslingen am Neckar,73728,9.300578149,48.73854148,3,2609100718,,2609100719,,,,,,,,,,,1.0,2.0
-397321280238564306-2609100525-5,911,2609100748,2609100752,6,,ICE,,Köln Hbf|Frankfurt(M) Flughafen Fernbf|Mannheim Hbf|Vaihingen(Enz),8001920,Esslingen (Neckar),Baden-Württemberg,Esslingen am Neckar,73728,9.300578149,48.73854148,3,2609100800,5,2609100803,5,c,,,,,,,,,12.0,11.0
-7709757529463307534-2609100720-9,7113,2609100747,2609100747,7,,S,S1,Kirchheim(Teck)|Kirchheim(Teck)-Ötlingen|Wendlingen(Neckar)|Wernau(Neckar)|Plochingen|Altbach|Esslingen-Zell|Oberesslingen,8001920,Esslingen (Neckar),Baden-Württemberg,Esslingen am Neckar,73728,9.300578149,48.73854148,3,2609100750,,2609100750,,,,,,,,,,,3.0,3.0
5752082848521759462-2609100717-8,19220,2609100755,2609100756,3,,RE,MEX12,Reutlingen Hbf|Metzingen(Württ)|Bempflingen|Nürtingen|Oberboihingen|Wendlingen(Neckar)|Plochingen,8001920,Esslingen (Neckar),Baden-Württemberg,Esslingen am Neckar,73728,9.300578149,48.73854148,3,2609100802,7,2609100804,7,h,2,Störung,,,,,,,7.0,8.0
-5962810489381537859-2609100739-3,19121,2609100750,2609100751,5,,ARV,MEX16,Stuttgart Hbf|Stuttgart-Bad Cannstatt,8001920,Esslingen (Neckar),Baden-Württemberg,Esslingen am Neckar,73728,9.300578149,48.73854148,3,2609100755,,2609100756,,,,,,,,,,,5.0,5.0
7265904803286392428-2609100543-5,1096,2609100751,2609100759,2,,ICE,,München Hbf|Augsburg Hbf|Günzburg|Ulm Hbf,8001920,Esslingen (Neckar),Baden-Württemberg,Esslingen am Neckar,73728,9.300578149,48.73854148,3,2609100752,3,2609100759,3,,,,,,,,,,1.0,0.0
3914164515653575626-2609100700-3,19119,2609100714,2609100720,5,,ARV,MEX16,Stuttgart Hbf|Stuttgart-Bad Cannstatt,8001920,Esslingen (Neckar),Baden-Württemberg,Esslingen am Neckar,73728,9.300578149,48.73854148,3,2609100718,,2609100720,,,,,,,,,,,4.0,0.0
2880538247563287432-2609100715-2,19306,2609100722,2609100723,3,,RE,MEX18,Plochingen,8001920,Esslingen (Neckar),Baden-Württemberg,Esslingen am Neckar,73728,9.300578149,48.73854148,3,2609100722,,2609100723,,h,2,Störung,,,,,,,0.0,0.0
-3459736231936845373-2609100630-10,19303,2609100734,2609100735,6,,RE,MEX18,Heilbronn Hbf|Nordheim(Württ)|Lauffen(Neckar)|Kirchheim(Neckar)|Walheim(Württ)|Besigheim|Bietigheim-Bissingen|Ludwigsburg|Kornwestheim Pbf,8001920,Esslingen (Neckar),Baden-Württemberg,Esslingen am Neckar,73728,9.300578149,48.73854148,3,2609100748,5,2609100749,5,h,2,Störung,,,,,,,14.0,14.0
-4503411906264484817-2609100449-22,4202,2609100709,2609100710,3,,RE,RE5,Friedrichshafen Stadt|Meckenbeuren|Ravensburg|Aulendorf|Bad Schussenried|Biberach(Riß) Süd|Biberach(Riß)|Laupheim West|Ulm Hbf|Beimerstetten|Westerstetten|Amstetten(Württ)|Geislingen(Steige)|Kuchen|Gingen(Fils)|Süßen|Göppingen|Uhingen|Ebersbach(Fils)|Reichenbach(Fils)|Plochingen,8001920,Esslingen (Neckar),Baden-Württemberg,Esslingen am Neckar,73728,9.300578149,48.73854148,3,2609100711,,2609100712,,h,2,Störung,,,,,,,2.0,2.0
4277366403163715273-2609100557-11,19301,2609100703,2609100707,5,,RE,MEX18,Heilbronn Hbf|Nordheim(Württ)|Lauffen(Neckar)|Kirchheim(Neckar)|Walheim(Württ)|Besigheim|Bietigheim-Bissingen|Ludwigsburg|Stuttgart Hbf|Stuttgart-Bad Cannstatt,8001920,Esslingen (Neckar),Baden-Württemberg,Esslingen am Neckar,73728,9.300578149,48.73854148,3,2609100714,,2609100715,,h,2,Störung,,,,,,,11.0,8.0
7541002194531759853-2609100546-20,19116,2609100704,2609100705,3,,ARV,MEX16,Ulm Hbf|Beimerstetten|Westerstetten|Lonsee|Urspring|Amstetten(Württ)|Geislingen(Steige)|Geislingen(Steige)West|Kuchen|Gingen(Fils)|Süßen|Salach|Eislingen(Fils)|Göppingen|Faurndau|Uhingen|Ebersbach(Fils)|Reichenbach(Fils)|Plochingen,8001920,Esslingen (Neckar),Baden-Württemberg,Esslingen am Neckar,73728,9.300578149,48.73854148,3,2609100706,2,2609100707,2,,,,,,,,,,2.0,2.0
2394736871359748075-2609100725-7,7110,2609100742,2609100743,8,,S,S1,Stuttgart Hbf|Stuttgart-Bad Cannstatt|Stuttgart Neckarpark|Stuttgart-Untertürkheim|Stuttgart-Obertürkheim|Esslingen-Mettingen,8001920,Esslingen (Neckar),Baden-Württemberg,Esslingen am Neckar,73728,9.300578149,48.73854148,3,2609100742,,2609100743,,,,,,,,,,,0.0,0.0
8759418788528928451-2609100655-6,7108,2609100709,2609100709,4,,S,S1,Stuttgart Hbf|Stuttgart-Bad Cannstatt|Stuttgart Neckarpark|Stuttgart-Untertürkheim|Stuttgart-Obertürkheim,8001921,Esslingen-Mettingen,Baden-Württemberg,Esslingen am Neckar,73733,9.275799007,48.74696655,3,2609100709,,2609100709,,,,,,,,,,,0.0,0.0
-6655970972115007016-2609100650-10,7111,2609100719,2609100720,3,,S,S1,Kirchheim(Teck)|Kirchheim(Teck)-Ötlingen|Wendlingen(Neckar)|Wernau(Neckar)|Plochingen|Altbach|Esslingen-Zell|Oberesslingen|Esslingen(Neckar),8001921,Esslingen-Mettingen,Baden-Württemberg,Esslingen am Neckar,73733,9.275799007,48.74696655,3,2609100721,,2609100722,,,,,,,,,,,2.0,2.0
-7709757529463307534-2609100720-10,7113,2609100749,2609100750,3,,S,S1,Kirchheim(Teck)|Kirchheim(Teck)-Ötlingen|Wendlingen(Neckar)|Wernau(Neckar)|Plochingen|Altbach|Esslingen-Zell|Oberesslingen|Esslingen(Neckar),8001921,Esslingen-Mettingen,Baden-Württemberg,Esslingen am Neckar,73733,9.275799007,48.74696655,3,2609100752,,2609100753,,,,,,,,,,,3.0,3.0
2394736871359748075-2609100725-6,7110,2609100739,2609100739,4,,S,S1,Stuttgart Hbf|Stuttgart-Bad Cannstatt|Stuttgart Neckarpark|Stuttgart-Untertürkheim|Stuttgart-Obertürkheim,8001921,Esslingen-Mettingen,Baden-Württemberg,Esslingen am Neckar,73733,9.275799007,48.74696655,3,2609100739,,2609100740,,,,,,,,,,,0.0,1.0
8759418788528928451-2609100655-9,7108,2609100717,2609100718,4,,S,S1,Stuttgart Hbf|Stuttgart-Bad Cannstatt|Stuttgart Neckarpark|Stuttgart-Untertürkheim|Stuttgart-Obertürkheim|Esslingen-Mettingen|Esslingen(Neckar)|Oberesslingen,8006642,Esslingen-Zell,Baden-Württemberg,Esslingen am Neckar,73730,9.359739507,48.72436142,3,2609100717,,2609100718,,,,,,,,,,,0.0,0.0
-6655970972115007016-2609100650-7,7111,2609100712,2609100712,3,,S,S1,Kirchheim(Teck)|Kirchheim(Teck)-Ötlingen|Wendlingen(Neckar)|Wernau(Neckar)|Plochingen|Altbach,8006642,Esslingen-Zell,Baden-Württemberg,Esslingen am Neckar,73730,9.359739507,48.72436142,3,2609100712,,2609100713,,,,,,,,,,,0.0,1.0
-7709757529463307534-2609100720-7,7113,2609100742,2609100742,3,,S,S1,Kirchheim(Teck)|Kirchheim(Teck)-Ötlingen|Wendlingen(Neckar)|Wernau(Neckar)|Plochingen|Altbach,8006642,Esslingen-Zell,Baden-Württemberg,Esslingen am Neckar,73730,9.359739507,48.72436142,3,2609100745,,2609100745,,,,,,,,,,,3.0,3.0
2394736871359748075-2609100725-9,7110,2609100747,2609100748,4,,S,S1,Stuttgart Hbf|Stuttgart-Bad Cannstatt|Stuttgart Neckarpark|Stuttgart-Untertürkheim|Stuttgart-Obertürkheim|Esslingen-Mettingen|Esslingen(Neckar)|Oberesslingen,8006642,Esslingen-Zell,Baden-Württemberg,Esslingen am Neckar,73730,9.359739507,48.72436142,3,2609100747,,2609100748,,,,,,,,,,,0.0,0.0
-7338711269232336111-2609100633-8,7409,2609100703,2609100704,2,,S,S4,Backnang|Burgstall(Murr)|Kirchberg(Murr)|Erdmannhausen|Marbach(Neckar)|Benningen(Neckar)|Freiberg(Neckar),8001967,Favoritepark,Baden-Württemberg,Ludwigsburg,71634,9.180574277,48.90948451,5,2609100708,,2609100709,,,,,,,,,,,5.0,5.0
7977434207262340946-2609100707-7,7406,2609100726,2609100726,1,,S,S4,Stuttgart Hbf|Stuttgart Nordbahnhof|Stuttgart-Feuerbach|Stuttgart-Zuffenhausen|Kornwestheim Pbf|Ludwigsburg,8001967,Favoritepark,Baden-Württemberg,Ludwigsburg,71634,9.180574277,48.90948451,5,2609100728,,2609100729,,,,,,,,,,,2.0,3.0
4239966119888045037-2609100737-7,7408,2609100756,2609100756,1,,S,S4,Stuttgart Hbf|Stuttgart Nordbahnhof|Stuttgart-Feuerbach|Stuttgart-Zuffenhausen|Kornwestheim Pbf|Ludwigsburg,8001967,Favoritepark,Baden-Württemberg,Ludwigsburg,71634,9.180574277,48.90948451,5,2609100756,,2609100757,,,,,,,,,,,0.0,1.0
1174251127419777403-2609100703-8,7411,2609100733,2609100734,2,,S,S4,Backnang|Burgstall(Murr)|Kirchberg(Murr)|Erdmannhausen|Marbach(Neckar)|Benningen(Neckar)|Freiberg(Neckar),8001967,Favoritepark,Baden-Württemberg,Ludwigsburg,71634,9.180574277,48.90948451,5,2609100735,,2609100736,,,,,,,,,,,2.0,2.0
3965518062033575210-2609100650-5,7206,2609100701,2609100702,1,,S,S2,Stuttgart Hbf|Stuttgart-Bad Cannstatt|Stuttgart Nürnberger Str.|Stuttgart-Sommerrain,8001974,Fellbach,Baden-Württemberg,Fellbach,70736,9.270645988,48.8202936,3,2609100702,,2609100702,,h,2,Bauarbeiten,,,,,,,1.0,0.0
3888224273021493436-2609100733-11,7213,2609100757,2609100758,4,,S,S2,Schorndorf|Weiler(Rems)|Winterbach(b Schorndorf)|Geradstetten|Grunbach|Beutelsbach|Endersbach|Stetten-Beinstein|Rommelshausen|Waiblingen,8001974,Fellbach,Baden-Württemberg,Fellbach,70736,9.270645988,48.8202936,3,2609100801,3,2609100802,3,h,2,Bauarbeiten,,,,,,,4.0,4.0
-2915141727268180381-2609100711-8,7311,2609100732,2609100733,4,,S,S3,Backnang|Maubach|Nellmersbach|Winnenden|Schwaikheim|Neustadt-Hohenacker|Waiblingen,8001974,Fellbach,Baden-Württemberg,Fellbach,70736,9.270645988,48.8202936,3,2609100734,,2609100735,,,,,,,,,,,2.0,2.0
-5260417069663625653-2609100720-5,7208,2609100731,2609100732,1,,S,S2,Stuttgart Hbf|Stuttgart-Bad Cannstatt|Stuttgart Nürnberger Str.|Stuttgart-Sommerrain,8001974,Fellbach,Baden-Württemberg,Fellbach,70736,9.270645988,48.8202936,3,2609100732,,2609100733,,h,2,Bauarbeiten,,,,,,,1.0,1.0
-6595517868678510983-2609100703-11,7211,2609100727,2609100728,4,,S,S2,Schorndorf|Weiler(Rems)|Winterbach(b Schorndorf)|Geradstetten|Grunbach|Beutelsbach|Endersbach|Stetten-Beinstein|Rommelshausen|Waiblingen,8001974,Fellbach,Baden-Württemberg,Fellbach,70736,9.270645988,48.8202936,3,2609100727,,2609100728,,h,2,Bauarbeiten,,,,,,,0.0,0.0
3577709664347333137-2609100712-5,7308,2609100726,2609100727,1,,S,S3,Stuttgart Hbf|Stuttgart-Bad Cannstatt|Stuttgart Nürnberger Str.|Stuttgart-Sommerrain,8001974,Fellbach,Baden-Württemberg,Fellbach,70736,9.270645988,48.8202936,3,2609100726,,2609100727,,,,,,,,,,,0.0,0.0
-8714228285082007604-2609100742-5,7310,2609100756,2609100757,1,,S,S3,Stuttgart Hbf|Stuttgart-Bad Cannstatt|Stuttgart Nürnberger Str.|Stuttgart-Sommerrain,8001974,Fellbach,Baden-Württemberg,Fellbach,70736,9.270645988,48.8202936,3,2609100757,,2609100758,,,,,,,,,,,1.0,1.0
5784758985011942046-2609100641-8,7309,2609100702,2609100703,4,,S,S3,Backnang|Maubach|Nellmersbach|Winnenden|Schwaikheim|Neustadt-Hohenacker|Waiblingen,8001974,Fellbach,Baden-Württemberg,Fellbach,70736,9.270645988,48.8202936,3,2609100703,,2609100703,,,,,,,,,,,1.0,0.0
-6501547905667268041-2609100703-2,7908,2609100707,2609100708,2,,S,S2,Filderstadt,8005768,Stuttgart Flughafen/Messe,Baden-Württemberg,Leinfelden-Echterdingen,70629,9.193411574,48.69075193,4,2609100708,,2609100711,,,,,,,,,,,1.0,3.0
925944172323548863-2609100733-2,7910,2609100737,2609100738,2,,S,S2,Filderstadt,8005768,Stuttgart Flughafen/Messe,Baden-Württemberg,Leinfelden-Echterdingen,70629,9.193411574,48.69075193,4,2609100737,,2609100738,,,,,,,,,,,0.0,0.0
3101834224134177917-2609100735-6,7911,2609100752,2609100753,1,,S,S2,Stuttgart-Vaihingen|Stuttgart-Rohr|Oberaichen|Leinfelden|Echterdingen,8005768,Stuttgart Flughafen/Messe,Baden-Württemberg,Leinfelden-Echterdingen,70629,9.193411574,48.69075193,4,2609100754,,2609100755,,,,,,,,,,,2.0,2.0
-6719809372287513512-2609100705-6,7909,2609100722,2609100723,1,,S,S2,Stuttgart-Vaihingen|Stuttgart-Rohr|Oberaichen|Leinfelden|Echterdingen,8005768,Stuttgart Flughafen/Messe,Baden-Württemberg,Leinfelden-Echterdingen,70629,9.193411574,48.69075193,4,2609100722,,2609100723,,,,,,,,,,,0.0,0.0
-7338711269232336111-2609100633-7,7409,2609100700,2609100701,2,,S,S4,Backnang|Burgstall(Murr)|Kirchberg(Murr)|Erdmannhausen|Marbach(Neckar)|Benningen(Neckar),8002065,Freiberg (Neckar),Baden-Württemberg,Freiberg am Neckar,71691,9.197530085,48.92994974,5,2609100705,,2609100706,,,,,,,,,,,5.0,5.0
7977434207262340946-2609100707-8,7406,2609100729,2609100729,3,,S,S4,Stuttgart Hbf|Stuttgart Nordbahnhof|Stuttgart-Feuerbach|Stuttgart-Zuffenhausen|Kornwestheim Pbf|Ludwigsburg|Favoritepark,8002065,Freiberg (Neckar),Baden-Württemberg,Freiberg am Neckar,71691,9.197530085,48.92994974,5,2609100731,,2609100732,,,,,,,,,,,2.0,3.0
4239966119888045037-2609100737-8,7408,2609100759,2609100759,3,,S,S4,Stuttgart Hbf|Stuttgart Nordbahnhof|Stuttgart-Feuerbach|Stuttgart-Zuffenhausen|Kornwestheim Pbf|Ludwigsburg|Favoritepark,8002065,Freiberg (Neckar),Baden-Württemberg,Freiberg am Neckar,71691,9.197530085,48.92994974,5,2609100759,,2609100800,,,,,,,,,,,0.0,1.0
1174251127419777403-2609100703-7,7411,2609100730,2609100731,2,,S,S4,Backnang|Burgstall(Murr)|Kirchberg(Murr)|Erdmannhausen|Marbach(Neckar)|Benningen(Neckar),8002065,Freiberg (Neckar),Baden-Württemberg,Freiberg am Neckar,71691,9.197530085,48.92994974,5,2609100731,,2609100732,,,,,,,,,,,1.0,1.0
7703218303646440626-2609100746-3,7714,2609100752,2609100752,2,,S,S1,Herrenberg|Nufringen,8002165,Gärtringen,Baden-Württemberg,Gärtringen,71116,8.908864487,48.64080021,5,2609100752,,2609100753,,,,,,,,,,,0.0,1.0
-6419417749381061705-2609100716-7,7709,2609100738,2609100738,1,,S,S1,Stuttgart-Vaihingen|Stuttgart-Rohr|Goldberg(Württ)|Böblingen|Hulb|Ehningen(b Böblingen),8002165,Gärtringen,Baden-Württemberg,Gärtringen,71116,8.908864487,48.64080021,5,2609100742,,2609100742,,,,,,,,,,,4.0,4.0
-9135645456789564620-2609100646-7,7707,2609100708,2609100708,1,,S,S1,Stuttgart-Vaihingen|Stuttgart-Rohr|Goldberg(Württ)|Böblingen|Hulb|Ehningen(b Böblingen),8002165,Gärtringen,Baden-Württemberg,Gärtringen,71116,8.908864487,48.64080021,5,2609100708,,2609100709,,,,,,,,,,,0.0,1.0
-250858146386556166-2609100716-3,7712,2609100722,2609100722,2,,S,S1,Herrenberg|Nufringen,8002165,Gärtringen,Baden-Württemberg,Gärtringen,71116,8.908864487,48.64080021,5,2609100722,,2609100723,,,,,,,,,,,0.0,1.0
3965518062033575210-2609100650-12,7206,2609100717,2609100717,2,,S,S2,Stuttgart Hbf|Stuttgart-Bad Cannstatt|Stuttgart Nürnberger Str.|Stuttgart-Sommerrain|Fellbach|Waiblingen|Rommelshausen|Stetten-Beinstein|Endersbach|Beutelsbach|Grunbach,8002240,Geradstetten,Baden-Württemberg,Remshalden,73630,9.439522346,48.80527689,5,2609100718,,2609100718,,h,2,Bauarbeiten,,,,,,,1.0,1.0
3888224273021493436-2609100733-4,7213,2609100740,2609100741,1,,S,S2,Schorndorf|Weiler(Rems)|Winterbach(b Schorndorf),8002240,Geradstetten,Baden-Württemberg,Remshalden,73630,9.439522346,48.80527689,5,2609100744,,2609100744,,h,2,Bauarbeiten,,,,,,,4.0,3.0
-5260417069663625653-2609100720-12,7208,2609100747,2609100747,2,,S,S2,Stuttgart Hbf|Stuttgart-Bad Cannstatt|Stuttgart Nürnberger Str.|Stuttgart-Sommerrain|Fellbach|Waiblingen|Rommelshausen|Stetten-Beinstein|Endersbach|Beutelsbach|Grunbach,8002240,Geradstetten,Baden-Württemberg,Remshalden,73630,9.439522346,48.80527689,5,2609100749,,2609100749,,h,2,Bauarbeiten,,,,,,,2.0,2.0
-6595517868678510983-2609100703-4,7211,2609100710,2609100711,1,,S,S2,Schorndorf|Weiler(Rems)|Winterbach(b Schorndorf),8002240,Geradstetten,Baden-Württemberg,Remshalden,73630,9.439522346,48.80527689,5,2609100710,,2609100711,,h,2,Bauarbeiten,,,,,,,0.0,0.0
-6419417749381061705-2609100716-3,7709,2609100728,2609100728,1,,S,S1,Stuttgart-Vaihingen|Stuttgart-Rohr,8005201,Goldberg,Baden-Württemberg,Böblingen,71032,9.019733387,48.69651581,5,2609100731,,2609100732,,,,,,,,,,,3.0,4.0
3303772125527124508-2609100746-3,7711,2609100758,2609100758,1,,S,S1,Stuttgart-Vaihingen|Stuttgart-Rohr,8005201,Goldberg,Baden-Württemberg,Böblingen,71032,9.019733387,48.69651581,5,2609100758,,2609100759,,,,,,,,,,,0.0,1.0
-2823205682233144346-2609100646-7,7710,2609100702,2609100702,2,,S,S1,Herrenberg|Nufringen|Gärtringen|Ehningen(b Böblingen)|Hulb|Böblingen,8005201,Goldberg,Baden-Württemberg,Böblingen,71032,9.019733387,48.69651581,5,2609100703,,2609100703,,,,,,,,,,,1.0,1.0
-250858146386556166-2609100716-7,7712,2609100732,2609100732,2,,S,S1,Herrenberg|Nufringen|Gärtringen|Ehningen(b Böblingen)|Hulb|Böblingen,8005201,Goldberg,Baden-Württemberg,Böblingen,71032,9.019733387,48.69651581,5,2609100736,,2609100737,,,,,,,,,,,4.0,5.0
3965518062033575210-2609100650-11,7206,2609100715,2609100715,3,,S,S2,Stuttgart Hbf|Stuttgart-Bad Cannstatt|Stuttgart Nürnberger Str.|Stuttgart-Sommerrain|Fellbach|Waiblingen|Rommelshausen|Stetten-Beinstein|Endersbach|Beutelsbach,8002448,Grunbach,Baden-Württemberg,Remshalden,73630,9.419580601,48.810414,4,2609100716,,2609100716,,h,2,Bauarbeiten,,,,,,,1.0,1.0
3888224273021493436-2609100733-5,7213,2609100742,2609100743,2,,S,S2,Schorndorf|Weiler(Rems)|Winterbach(b Schorndorf)|Geradstetten,8002448,Grunbach,Baden-Württemberg,Remshalden,73630,9.419580601,48.810414,4,2609100746,,2609100747,,h,2,Bauarbeiten,,,,,,,4.0,4.0
-5260417069663625653-2609100720-11,7208,2609100745,2609100745,3,,S,S2,Stuttgart Hbf|Stuttgart-Bad Cannstatt|Stuttgart Nürnberger Str.|Stuttgart-Sommerrain|Fellbach|Waiblingen|Rommelshausen|Stetten-Beinstein|Endersbach|Beutelsbach,8002448,Grunbach,Baden-Württemberg,Remshalden,73630,9.419580601,48.810414,4,2609100747,,2609100747,,h,2,Bauarbeiten,,,,,,,2.0,2.0
-6595517868678510983-2609100703-5,7211,2609100712,2609100713,2,,S,S2,Schorndorf|Weiler(Rems)|Winterbach(b Schorndorf)|Geradstetten,8002448,Grunbach,Baden-Württemberg,Remshalden,73630,9.419580601,48.810414,4,2609100712,,2609100713,,h,2,Bauarbeiten,,,,,,,0.0,0.0
-8753790222526184093-2609100712-2,1981,2609100746,2609100747,4,,IC,,Stuttgart Hbf,8002785,Herrenberg,Baden-Württemberg,Herrenberg,71083,8.862625253,48.59395697,3,2609100753,,2609100754,,h,2,Information,,,,,,,7.0,7.0
7703218303646440626-2609100746-1,7714,,2609100746,,,S,S1,,8002785,Herrenberg,Baden-Württemberg,Herrenberg,71083,8.862625253,48.59395697,3,,,2609100746,,,,,,,,,,,0.0,0.0
-6419417749381061705-2609100716-9,7709,2609100745,,3,,S,,Stuttgart-Vaihingen|Stuttgart-Rohr|Goldberg(Württ)|Böblingen|Hulb|Ehningen(b Böblingen)|Gärtringen|Nufringen,8002785,Herrenberg,Baden-Württemberg,Herrenberg,71083,8.862625253,48.59395697,3,2609100749,2,,,,,,,,,,,,4.0,0.0
-1026156903770485442-2609100711-10,22731,2609100741,,102,,RB,,Tübingen Hbf|Tübingen West|Unterjesingen Sandäcker|Unterjesingen Mitte|Pfäffingen|Entringen|Altingen(Württ)|Gültstein|Herrenberg Zwerchweg,8002785,Herrenberg,Baden-Württemberg,Herrenberg,71083,8.862625253,48.59395697,3,2609100741,,,,h,2,Bauarbeiten,,,,,,,0.0,0.0
-1423004611531480380-2609100611-14,17622,2609100710,2609100711,1,,RE,RE14b,Freudenstadt Hbf|Grüntal-Wittlensweiler|Dornstetten-Aach|Dornstetten|Schopfloch(b Freudenstadt)|Bittelbronn|Horb-Heiligenfeld|Hochdorf(b Horb)|Eutingen Nord|Eutingen im Gäu|Ergenzingen|Bondorf(b Herrenberg)|Gäufelden,8002785,Herrenberg,Baden-Württemberg,Herrenberg,71083,8.862625253,48.59395697,3,2609100712,,2609100714,,,,,,,,,,,2.0,3.0
-9135645456789564620-2609100646-9,7707,2609100715,,3,,S,,Stuttgart-Vaihingen|Stuttgart-Rohr|Goldberg(Württ)|Böblingen|Hulb|Ehningen(b Böblingen)|Gärtringen|Nufringen,8002785,Herrenberg,Baden-Württemberg,Herrenberg,71083,8.862625253,48.59395697,3,2609100715,,,,,,,,,,,,,0.0,0.0
-5741127551909413701-2609100749-1,22732,,2609100749,,,RB,RB63,,8002785,Herrenberg,Baden-Württemberg,Herrenberg,71083,8.862625253,48.59395697,3,,,2609100749,,h,2,Bauarbeiten,,,,,,,0.0,0.0
-8442083646470748654-2609100713-3,17626,2609100720,,101,,RB,,Bondorf(b Herrenberg)|Gäufelden,8002785,Herrenberg,Baden-Württemberg,Herrenberg,71083,8.862625253,48.59395697,3,2609100720,,,,,,,,,,,,,0.0,0.0
5907647912001809871-2609100604-9,17618,2609100710,2609100711,1,,RE,RE14a,Rottweil|Oberndorf(Neckar)|Sulz(Neckar)|Horb|Eutingen im Gäu|Ergenzingen|Bondorf(b Herrenberg)|Gäufelden,8002785,Herrenberg,Baden-Württemberg,Herrenberg,71083,8.862625253,48.59395697,3,2609100712,,2609100714,,,,,,,,,,,2.0,3.0
1831275382770537237-2609100734-1,17617,,2609100734,,,RB,RB14a,,8002785,Herrenberg,Baden-Württemberg,Herrenberg,71083,8.862625253,48.59395697,3,,,2609100734,,,,,,,,,,,0.0,0.0
-250858146386556166-2609100716-1,7712,,2609100716,,,S,S1,,8002785,Herrenberg,Baden-Württemberg,Herrenberg,71083,8.862625253,48.59395697,3,,,2609100716,,,,,,,,,,,0.0,0.0
-7509958474437704940-2609100719-1,22726,,2609100719,,,RB,RB63,,8002785,Herrenberg,Baden-Württemberg,Herrenberg,71083,8.862625253,48.59395697,3,,,2609100720,,h,2,Bauarbeiten,,,,,,,0.0,1.0
704671570927090549-2609100648-4,17615,2609100718,2609100719,4,,RE,RB14a,Stuttgart Hbf|Stuttgart-Vaihingen|Böblingen,8002785,Herrenberg,Baden-Württemberg,Herrenberg,71083,8.862625253,48.59395697,3,2609100737,,2609100737,,,,,,,,,c,c,19.0,18.0
1552305657484636498-2609100732-3,17628,2609100740,2609100741,1,,RE,RE14a,Bondorf(b Herrenberg)|Gäufelden,8002785,Herrenberg,Baden-Württemberg,Herrenberg,71083,8.862625253,48.59395697,3,,,,,,,,,,,,c,c,0.0,0.0
-1056024338179503751-2609100748-3,17630,2609100756,,101,,RB,,Bondorf(b Herrenberg)|Gäufelden,8002785,Herrenberg,Baden-Württemberg,Herrenberg,71083,8.862625253,48.59395697,3,2609100756,,,,,,,,,,,,,0.0,0.0
5369190051876993421-2609100712-2,51981,2609100746,2609100747,4,,RE,IC87,Stuttgart Hbf,8002785,Herrenberg,Baden-Württemberg,Herrenberg,71083,8.862625253,48.59395697,3,2609100753,,2609100754,,h,2,Information,,,,,,,7.0,7.0
-775244220373788191-2609100530-10,1184,2609100726,2609100727,1,,IC,,Schaffhausen|Singen(Hohentwiel)|Engen|Tuttlingen|Spaichingen|Rottweil|Oberndorf(Neckar)|Sulz(Neckar)|Horb,8002785,Herrenberg,Baden-Württemberg,Herrenberg,71083,8.862625253,48.59395697,3,2609100806,,2609100807,,h,2,Information,,,Schaffhausen|Singen(Hohentwiel)|Engen|Tuttlingen|Spaichingen|Rottweil|Oberndorf(Neckar)|Sulz(Neckar)|Horb,Stuttgart-Vaihingen|Stuttgart Hbf,p,p,40.0,40.0
6787092299889453682-2609100550-9,51184,2609100726,2609100727,1,,RE,IC87,Singen(Hohentwiel)|Engen|Tuttlingen|Spaichingen|Rottweil|Oberndorf(Neckar)|Sulz(Neckar)|Horb,8002785,Herrenberg,Baden-Württemberg,Herrenberg,71083,8.862625253,48.59395697,3,2609100806,,2609100806,,h,2,Information,,,Singen(Hohentwiel)|Engen|Tuttlingen|Spaichingen|Rottweil|Oberndorf(Neckar)|Sulz(Neckar)|Horb,Stuttgart-Vaihingen|Stuttgart Hbf,p,p,40.0,39.0
-7843030134753153395-2609100641-10,22727,2609100711,,102,,RB,,Tübingen Hbf|Tübingen West|Unterjesingen Sandäcker|Unterjesingen Mitte|Pfäffingen|Entringen|Altingen(Württ)|Gültstein|Herrenberg Zwerchweg,8002785,Herrenberg,Baden-Württemberg,Herrenberg,71083,8.862625253,48.59395697,3,2609100711,,,,h,2,Bauarbeiten,,,,,,,0.0,0.0
7703218303646440626-2609100746-5,7714,2609100758,2609100758,2,,S,S1,Herrenberg|Nufringen|Gärtringen|Ehningen(b Böblingen),8003022,Hulb,Baden-Württemberg,Böblingen-Hulb,71032,8.982396429,48.67924173,5,2609100758,,2609100759,,,,,,,,,,,0.0,1.0
-6419417749381061705-2609100716-5,7709,2609100732,2609100732,1,,S,S1,Stuttgart-Vaihingen|Stuttgart-Rohr|Goldberg(Württ)|Böblingen,8003022,Hulb,Baden-Württemberg,Böblingen-Hulb,71032,8.982396429,48.67924173,5,2609100736,,2609100736,,,,,,,,,,,4.0,4.0
-9135645456789564620-2609100646-5,7707,2609100702,2609100702,1,,S,S1,Stuttgart-Vaihingen|Stuttgart-Rohr|Goldberg(Württ)|Böblingen,8003022,Hulb,Baden-Württemberg,Böblingen-Hulb,71032,8.982396429,48.67924173,5,2609100702,,2609100703,,,,,,,,,,,0.0,1.0
-250858146386556166-2609100716-5,7712,2609100728,2609100728,2,,S,S1,Herrenberg|Nufringen|Gärtringen|Ehningen(b Böblingen),8003022,Hulb,Baden-Württemberg,Böblingen-Hulb,71032,8.982396429,48.67924173,5,2609100729,,2609100730,,,,,,,,,,,1.0,2.0
-6501547905667268041-2609100703-1,7908,,2609100703,,,S,S2,,8001984,Filderstadt,Baden-Württemberg,Filderstadt,70794,9.217581315,48.67649151,5,,,2609100703,,,,,,,,,,,0.0,0.0
925944172323548863-2609100733-1,7910,,2609100733,,,S,S2,,8001984,Filderstadt,Baden-Württemberg,Filderstadt,70794,9.217581315,48.67649151,5,,,2609100733,,,,,,,,,,,0.0,0.0
3101834224134177917-2609100735-7,7911,2609100757,,1,,S,,Stuttgart-Vaihingen|Stuttgart-Rohr|Oberaichen|Leinfelden|Echterdingen|Stuttgart Flughafen/Messe,8001984,Filderstadt,Baden-Württemberg,Filderstadt,70794,9.217581315,48.67649151,5,2609100759,,,,,,,,,,,,,2.0,0.0
-6719809372287513512-2609100705-7,7909,2609100727,,1,,S,,Stuttgart-Vaihingen|Stuttgart-Rohr|Oberaichen|Leinfelden|Echterdingen|Stuttgart Flughafen/Messe,8001984,Filderstadt,Baden-Württemberg,Filderstadt,70794,9.217581315,48.67649151,5,2609100727,,,,,,,,,,,,,0.0,0.0
-8255187816541177533-2609100637-12,7404,2609100713,2609100713,2,,S,S4,Stuttgart Hbf|Stuttgart Nordbahnhof|Stuttgart-Feuerbach|Stuttgart-Zuffenhausen|Kornwestheim Pbf|Ludwigsburg|Favoritepark|Freiberg(Neckar)|Benningen(Neckar)|Marbach(Neckar)|Erdmannhausen,8003266,Kirchberg (Murr),Baden-Württemberg,Kirchberg an der Murr,71737,9.328210283,48.93928182,6,2609100713,,2609100714,,,,,,,,,,,0.0,1.0
7977434207262340946-2609100707-12,7406,2609100743,2609100743,2,,S,S4,Stuttgart Hbf|Stuttgart Nordbahnhof|Stuttgart-Feuerbach|Stuttgart-Zuffenhausen|Kornwestheim Pbf|Ludwigsburg|Favoritepark|Freiberg(Neckar)|Benningen(Neckar)|Marbach(Neckar)|Erdmannhausen,8003266,Kirchberg (Murr),Baden-Württemberg,Kirchberg an der Murr,71737,9.328210283,48.93928182,6,2609100746,,2609100747,,,,,,,,,,,3.0,4.0
8970610329466681156-2609100733-3,7413,2609100742,2609100745,1,,S,S4,Backnang|Burgstall(Murr),8003266,Kirchberg (Murr),Baden-Württemberg,Kirchberg an der Murr,71737,9.328210283,48.93928182,6,2609100742,,2609100746,,,,,,,,,,,0.0,1.0
1174251127419777403-2609100703-3,7411,2609100712,2609100715,1,,S,S4,Backnang|Burgstall(Murr),8003266,Kirchberg (Murr),Baden-Württemberg,Kirchberg an der Murr,71737,9.328210283,48.93928182,6,2609100714,,2609100715,,,,,,,,,,,2.0,0.0
8759418788528928451-2609100655-15,7108,2609100739,,2,,S,,Stuttgart Hbf|Stuttgart-Bad Cannstatt|Stuttgart Neckarpark|Stuttgart-Untertürkheim|Stuttgart-Obertürkheim|Esslingen-Mettingen|Esslingen(Neckar)|Oberesslingen|Esslingen-Zell|Altbach|Plochingen|Wernau(Neckar)|Wendlingen(Neckar)|Kirchheim(Teck)-Ötlingen,8003280,Kirchheim (Teck),Baden-Württemberg,Kirchheim unter Teck,73230,9.443872422,48.64415981,4,2609100741,,,,,,,,,,,,,2.0,0.0
-7908498233924216314-2609100750-1,7115,,2609100750,,,S,S1,,8003280,Kirchheim (Teck),Baden-Württemberg,Kirchheim unter Teck,73230,9.443872422,48.64415981,4,,,2609100750,,,,,,,,,,,0.0,0.0
-7709757529463307534-2609100720-1,7113,,2609100720,,,S,S1,,8003280,Kirchheim (Teck),Baden-Württemberg,Kirchheim unter Teck,73230,9.443872422,48.64415981,4,,,2609100721,,,,,,,,,,,0.0,1.0
-224045747184015573-2609100653-7,37954,2609100712,,1,,RB,,Oberlenningen|Unterlenningen|Brucken|Owen(Teck)|Dettingen(Teck)|Kirchheim(Teck)Süd,8003280,Kirchheim (Teck),Baden-Württemberg,Kirchheim unter Teck,73230,9.443872422,48.64415981,4,2609100712,,,,,,,,,,,,,0.0,0.0
6968408884034373651-2609100717-1,37955,,2609100717,,,RB,RB64,,8003280,Kirchheim (Teck),Baden-Württemberg,Kirchheim unter Teck,73230,9.443872422,48.64415981,4,,,2609100717,,,,,,,,,,,0.0,0.0
-5963168999968799515-2609100625-15,7106,2609100709,,2,,S,,Stuttgart Hbf|Stuttgart-Bad Cannstatt|Stuttgart Neckarpark|Stuttgart-Untertürkheim|Stuttgart-Obertürkheim|Esslingen-Mettingen|Esslingen(Neckar)|Oberesslingen|Esslingen-Zell|Altbach|Plochingen|Wernau(Neckar)|Wendlingen(Neckar)|Kirchheim(Teck)-Ötlingen,8003280,Kirchheim (Teck),Baden-Württemberg,Kirchheim unter Teck,73230,9.443872422,48.64415981,4,2609100711,,,,,,,,,,,,,2.0,0.0
8759418788528928451-2609100655-14,7108,2609100736,2609100737,1,,S,S1,Stuttgart Hbf|Stuttgart-Bad Cannstatt|Stuttgart Neckarpark|Stuttgart-Untertürkheim|Stuttgart-Obertürkheim|Esslingen-Mettingen|Esslingen(Neckar)|Oberesslingen|Esslingen-Zell|Altbach|Plochingen|Wernau(Neckar)|Wendlingen(Neckar),8003282,Kirchheim (Teck)-Ötlingen,Baden-Württemberg,Kirchheim unter Teck,73230,9.416261302,48.65782388,5,2609100738,,2609100739,,,,,,,,,,,2.0,2.0
-7908498233924216314-2609100750-2,7115,2609100753,2609100753,1,,S,S1,Kirchheim(Teck),8003282,Kirchheim (Teck)-Ötlingen,Baden-Württemberg,Kirchheim unter Teck,73230,9.416261302,48.65782388,5,2609100752,,2609100753,,,,,,,,,,,-1.0,0.0
-7709757529463307534-2609100720-2,7113,2609100723,2609100723,1,,S,S1,Kirchheim(Teck),8003282,Kirchheim (Teck)-Ötlingen,Baden-Württemberg,Kirchheim unter Teck,73230,9.416261302,48.65782388,5,2609100723,,2609100723,,,,,,,,,,,0.0,0.0
-5963168999968799515-2609100625-14,7106,2609100706,2609100707,1,,S,S1,Stuttgart Hbf|Stuttgart-Bad Cannstatt|Stuttgart Neckarpark|Stuttgart-Untertürkheim|Stuttgart-Obertürkheim|Esslingen-Mettingen|Esslingen(Neckar)|Oberesslingen|Esslingen-Zell|Altbach|Plochingen|Wernau(Neckar)|Wendlingen(Neckar),8003282,Kirchheim (Teck)-Ötlingen,Baden-Württemberg,Kirchheim unter Teck,73230,9.416261302,48.65782388,5,2609100707,,2609100708,,,,,,,,,,,1.0,1.0
4812840936901474420-2609100754-3,7613,2609100758,2609100759,3,,S,S6,Ditzingen|Weilimdorf,8003409,Korntal,Baden-Württemberg,Korntal,70825,9.121099128,48.82640246,4,2609100758,,2609100759,,h,1,Bauarbeiten,,,,,,,0.0,0.0
-4466015209665819118-2609100647-6,7606,2609100701,2609100701,1,,S,S6,Stuttgart Hbf|Stuttgart Nordbahnhof|Stuttgart-Feuerbach|Stuttgart-Zuffenhausen|Neuwirtshaus(Porscheplatz),8003409,Korntal,Baden-Württemberg,Korntal,70825,9.121099128,48.82640246,4,2609100701,,2609100702,,h,1,Bauarbeiten,,,,,,,0.0,1.0
4871684490979924868-2609100717-6,7608,2609100731,2609100731,1,,S,S6,Stuttgart Hbf|Stuttgart Nordbahnhof|Stuttgart-Feuerbach|Stuttgart-Zuffenhausen|Neuwirtshaus(Porscheplatz),8003409,Korntal,Baden-Württemberg,Korntal,70825,9.121099128,48.82640246,4,2609100732,,2609100733,,h,1,Bauarbeiten,,,,,,,1.0,2.0
-4492985109316444691-2609100724-3,7611,2609100728,2609100729,3,,S,S6,Ditzingen|Weilimdorf,8003409,Korntal,Baden-Württemberg,Korntal,70825,9.121099128,48.82640246,4,2609100729,,2609100729,,h,1,Bauarbeiten,,,,,,,1.0,0.0
6650938090751927613-2609100731-7,1091,2609100754,,7,,WEG,,Heimerdingen|Hemmingen|Schwieberdingen|Münchingen|Münchingen Rührberg|Korntal Gymnasium,8003409,Korntal,Baden-Württemberg,Korntal,70825,9.121099128,48.82640246,4,2609100755,,,,,,,,,,,,,1.0,0.0
-8296829545654343094-2609100701-7,74215,2609100724,,7,,WEG,,Heimerdingen|Hemmingen|Schwieberdingen|Münchingen|Münchingen Rührberg|Korntal Gymnasium,8003409,Korntal,Baden-Württemberg,Korntal,70825,9.121099128,48.82640246,4,2609100724,,,,,,,,,,,,,0.0,0.0
-2260655768859987107-2609100705-1,1084,,2609100705,,,WEG,RB47,,8003409,Korntal,Baden-Württemberg,Korntal,70825,9.121099128,48.82640246,4,,,2609100705,,,,,,,,,,,0.0,0.0
-1128267231714188296-2609100735-1,1090,,2609100735,,,WEG,RB47,,8003409,Korntal,Baden-Württemberg,Korntal,70825,9.121099128,48.82640246,4,,,2609100735,,,,,,,,,,,0.0,0.0
-7338711269232336111-2609100633-10,7409,2609100710,2609100710,3,,S,S4,Backnang|Burgstall(Murr)|Kirchberg(Murr)|Erdmannhausen|Marbach(Neckar)|Benningen(Neckar)|Freiberg(Neckar)|Favoritepark|Ludwigsburg,8003411,Kornwestheim Pbf,Baden-Württemberg,Kornwestheim,70806,9.179967278,48.86215948,3,2609100715,,2609100716,,,,,,,,,,,5.0,6.0
7977434207262340946-2609100707-5,7406,2609100720,2609100720,4,,S,S4,Stuttgart Hbf|Stuttgart Nordbahnhof|Stuttgart-Feuerbach|Stuttgart-Zuffenhausen,8003411,Kornwestheim Pbf,Baden-Württemberg,Kornwestheim,70806,9.179967278,48.86215948,3,2609100721,,2609100722,,,,,,,,,,,1.0,2.0
5109580939104143056-2609100657-5,7508,2609100710,2609100710,4,,S,S5,Stuttgart Hbf|Stuttgart Nordbahnhof|Stuttgart-Feuerbach|Stuttgart-Zuffenhausen,8003411,Kornwestheim Pbf,Baden-Württemberg,Kornwestheim,70806,9.179967278,48.86215948,3,2609100718,,2609100719,,,,,,,,,,,8.0,9.0
4239966119888045037-2609100737-5,7408,2609100750,2609100750,4,,S,S4,Stuttgart Hbf|Stuttgart Nordbahnhof|Stuttgart-Feuerbach|Stuttgart-Zuffenhausen,8003411,Kornwestheim Pbf,Baden-Württemberg,Kornwestheim,70806,9.179967278,48.86215948,3,2609100750,,2609100751,,,,,,,,,,,0.0,1.0
2880538247563287432-2609100715-3,19306,2609100742,2609100746,6,,RE,MEX18,Plochingen|Esslingen(Neckar),8003411,Kornwestheim Pbf,Baden-Württemberg,Kornwestheim,70806,9.179967278,48.86215948,3,2609100742,5,2609100746,5,h,2,Störung,,,,,,,0.0,0.0
-3459736231936845373-2609100630-9,19303,2609100711,2609100720,7,,RE,MEX18,Heilbronn Hbf|Nordheim(Württ)|Lauffen(Neckar)|Kirchheim(Neckar)|Walheim(Württ)|Besigheim|Bietigheim-Bissingen|Ludwigsburg,8003411,Kornwestheim Pbf,Baden-Württemberg,Kornwestheim,70806,9.179967278,48.86215948,3,2609100711,,2609100720,,h,2,Störung,,,,,,,0.0,0.0
7155033421118958991-2609100707-5,7511,2609100719,2609100720,3,,S,S5,Bietigheim-Bissingen|Tamm(Württ)|Asperg|Ludwigsburg,8003411,Kornwestheim Pbf,Baden-Württemberg,Kornwestheim,70806,9.179967278,48.86215948,3,2609100723,,2609100724,,,,,,,,,,,4.0,4.0
8353338401030915198-2609100727-5,7510,2609100740,2609100740,4,,S,S5,Stuttgart Hbf|Stuttgart Nordbahnhof|Stuttgart-Feuerbach|Stuttgart-Zuffenhausen,8003411,Kornwestheim Pbf,Baden-Württemberg,Kornwestheim,70806,9.179967278,48.86215948,3,2609100741,,2609100741,,,,,,,,,,,1.0,1.0
-5856161558368495320-2609100737-5,7513,2609100749,2609100750,3,,S,S5,Bietigheim-Bissingen|Tamm(Württ)|Asperg|Ludwigsburg,8003411,Kornwestheim Pbf,Baden-Württemberg,Kornwestheim,70806,9.179967278,48.86215948,3,2609100806,,2609100807,,,,,,,,,,,17.0,17.0
1174251127419777403-2609100703-10,7411,2609100740,2609100740,3,,S,S4,Backnang|Burgstall(Murr)|Kirchberg(Murr)|Erdmannhausen|Marbach(Neckar)|Benningen(Neckar)|Freiberg(Neckar)|Favoritepark|Ludwigsburg,8003411,Kornwestheim Pbf,Baden-Württemberg,Kornwestheim,70806,9.179967278,48.86215948,3,2609100742,,2609100743,,,,,,,,,,,2.0,3.0
-6501547905667268041-2609100703-4,7908,2609100712,2609100713,2,,S,S2,Filderstadt|Stuttgart Flughafen/Messe|Echterdingen,8003622,Leinfelden,Baden-Württemberg,Leinfelden-Echterdingen,70771,9.142859698,48.6964193,4,2609100715,,2609100717,,,,,,,,,,,3.0,4.0
925944172323548863-2609100733-4,7910,2609100742,2609100743,2,,S,S2,Filderstadt|Stuttgart Flughafen/Messe|Echterdingen,8003622,Leinfelden,Baden-Württemberg,Leinfelden-Echterdingen,70771,9.142859698,48.6964193,4,2609100742,,2609100743,,,,,,,,,,,0.0,0.0
3101834224134177917-2609100735-4,7911,2609100746,2609100747,1,,S,S2,Stuttgart-Vaihingen|Stuttgart-Rohr|Oberaichen,8003622,Leinfelden,Baden-Württemberg,Leinfelden-Echterdingen,70771,9.142859698,48.6964193,4,2609100749,,2609100750,,,,,,,,,,,3.0,3.0
-6719809372287513512-2609100705-4,7909,2609100716,2609100717,1,,S,S2,Stuttgart-Vaihingen|Stuttgart-Rohr|Oberaichen,8003622,Leinfelden,Baden-Württemberg,Leinfelden-Echterdingen,70771,9.142859698,48.6964193,4,2609100716,,2609100717,,,,,,,,,,,0.0,0.0
7902696573559661293-2609100733-5,33861,2609100747,,1,,S,,Weil der Stadt|Malmsheim|Renningen|Rutesheim,8003652,Leonberg,Baden-Württemberg,Leonberg,71229,9.004025993,48.79970547,3,2609100751,3,,,,,,,,,,,,4.0,0.0
7833477321738378564-2609100713-1,33856,,2609100713,,,S,S6,,8003652,Leonberg,Baden-Württemberg,Leonberg,71229,9.004025993,48.79970547,3,,,2609100713,3,,,,,,,,,,0.0,0.0
-4292995912708809220-2609100758-1,7014,,2609100758,,,S,S60,,8003652,Leonberg,Baden-Württemberg,Leonberg,71229,9.004025993,48.79970547,3,,,2609100758,3,h,1,Bauarbeiten,,,,,,,0.0,0.0
8714567639514254110-2609100704-9,7009,2609100732,,1,,S,,Böblingen|Sindelfingen|Maichingen|Maichingen Nord|Magstadt|Renningen Süd|Renningen|Rutesheim,8003652,Leonberg,Baden-Württemberg,Leonberg,71229,9.004025993,48.79970547,3,2609100734,3,,,h,1,Bauarbeiten,,,,,,,2.0,0.0
4912576580386250148-2609100743-1,33858,,2609100743,,,S,S6,,8003652,Leonberg,Baden-Württemberg,Leonberg,71229,9.004025993,48.79970547,3,,,2609100743,3,,,,,,,,,,0.0,0.0
2236282585249039413-2609100703-5,33859,2609100717,,1,,S,,Weil der Stadt|Malmsheim|Renningen|Rutesheim,8003652,Leonberg,Baden-Württemberg,Leonberg,71229,9.004025993,48.79970547,3,2609100719,3,,,,,,,,,,,,2.0,0.0
1602954825218529829-2609100634-9,7007,2609100702,,1,,S,,Böblingen|Sindelfingen|Maichingen|Maichingen Nord|Magstadt|Renningen Süd|Renningen|Rutesheim,8003652,Leonberg,Baden-Württemberg,Leonberg,71229,9.004025993,48.79970547,3,2609100704,3,,,h,1,Bauarbeiten,,,,,,,2.0,0.0
4072775096959489473-2609100728-1,7012,,2609100728,,,S,S60,,8003652,Leonberg,Baden-Württemberg,Leonberg,71229,9.004025993,48.79970547,3,,,2609100728,3,h,1,Bauarbeiten,,,,,,,0.0,0.0
7502879632717750314-2609100614-11,19216,2609100728,2609100729,1,,RE,MEX12,Reutlingen Hbf|Metzingen(Württ)|Bempflingen|Nürtingen|Oberboihingen|Wendlingen(Neckar)|Plochingen|Esslingen(Neckar)|Stuttgart-Bad Cannstatt|Stuttgart Hbf,8000235,Ludwigsburg,Baden-Württemberg,Ludwigsburg,71638,9.185229823,48.89208622,3,2609100729,,2609100730,,h,2,Störung,,,,,,,1.0,1.0
-7338711269232336111-2609100633-9,7409,2609100706,2609100707,3,,S,S4,Backnang|Burgstall(Murr)|Kirchberg(Murr)|Erdmannhausen|Marbach(Neckar)|Benningen(Neckar)|Freiberg(Neckar)|Favoritepark,8000235,Ludwigsburg,Baden-Württemberg,Ludwigsburg,71638,9.185229823,48.89208622,3,2609100711,,2609100712,,,,,,,,,,,5.0,5.0
8936302910466152448-2609100706-1,63546,,2609100706,,,ARV,RE8,,8000235,Ludwigsburg,Baden-Württemberg,Ludwigsburg,71638,9.185229823,48.89208622,3,,,2609100706,1,,,,,,,,,,0.0,0.0
5468407054639694482-2609100653-8,19351,2609100726,2609100727,4,,RE,MEX12,Heilbronn Hbf|Nordheim(Württ)|Lauffen(Neckar)|Kirchheim(Neckar)|Walheim(Württ)|Besigheim|Bietigheim-Bissingen,8000235,Ludwigsburg,Baden-Württemberg,Ludwigsburg,71638,9.185229823,48.89208622,3,2609100734,,2609100735,,h,2,Störung,,,,,,,8.0,8.0
7977434207262340946-2609100707-6,7406,2609100723,2609100724,2,,S,S4,Stuttgart Hbf|Stuttgart Nordbahnhof|Stuttgart-Feuerbach|Stuttgart-Zuffenhausen|Kornwestheim Pbf,8000235,Ludwigsburg,Baden-Württemberg,Ludwigsburg,71638,9.185229823,48.89208622,3,2609100725,,2609100726,,,,,,,,,,,2.0,2.0
5109580939104143056-2609100657-6,7508,2609100713,2609100714,2,,S,S5,Stuttgart Hbf|Stuttgart Nordbahnhof|Stuttgart-Feuerbach|Stuttgart-Zuffenhausen|Kornwestheim Pbf,8000235,Ludwigsburg,Baden-Württemberg,Ludwigsburg,71638,9.185229823,48.89208622,3,2609100721,,2609100722,,,,,,,,,,,8.0,8.0
2579008039338121777-2609100637-8,19093,2609100709,2609100710,4,,ARV,RB8,Heilbronn Hbf|Nordheim(Württ)|Lauffen(Neckar)|Kirchheim(Neckar)|Walheim(Württ)|Besigheim|Bietigheim-Bissingen,8000235,Ludwigsburg,Baden-Württemberg,Ludwigsburg,71638,9.185229823,48.89208622,3,2609100711,,2609100712,,,,,,,,,,,2.0,2.0
4239966119888045037-2609100737-6,7408,2609100753,2609100754,2,,S,S4,Stuttgart Hbf|Stuttgart Nordbahnhof|Stuttgart-Feuerbach|Stuttgart-Zuffenhausen|Kornwestheim Pbf,8000235,Ludwigsburg,Baden-Württemberg,Ludwigsburg,71638,9.185229823,48.89208622,3,2609100754,,2609100754,,,,,,,,,,,1.0,0.0
2880538247563287432-2609100715-4,19306,2609100753,2609100753,1,,RE,MEX18,Plochingen|Esslingen(Neckar)|Kornwestheim Pbf,8000235,Ludwigsburg,Baden-Württemberg,Ludwigsburg,71638,9.185229823,48.89208622,3,2609100750,,2609100753,,h,2,Störung,,,,,,,-3.0,0.0
-3459736231936845373-2609100630-8,19303,2609100704,2609100707,4,,RE,MEX18,Heilbronn Hbf|Nordheim(Württ)|Lauffen(Neckar)|Kirchheim(Neckar)|Walheim(Württ)|Besigheim|Bietigheim-Bissingen,8000235,Ludwigsburg,Baden-Württemberg,Ludwigsburg,71638,9.185229823,48.89208622,3,2609100706,,2609100707,,h,2,Störung,,,,,,,2.0,0.0
7155033421118958991-2609100707-4,7511,2609100716,2609100716,3,,S,S5,Bietigheim-Bissingen|Tamm(Württ)|Asperg,8000235,Ludwigsburg,Baden-Württemberg,Ludwigsburg,71638,9.185229823,48.89208622,3,2609100720,,2609100720,,,,,,,,,,,4.0,4.0
6257296882249692478-2609100708-4,19055,2609100747,2609100747,4,,ARV,RE8,Neckarsulm|Heilbronn Hbf|Bietigheim-Bissingen,8000235,Ludwigsburg,Baden-Württemberg,Ludwigsburg,71638,9.185229823,48.89208622,3,2609100748,,2609100749,,,,,,,,,,,1.0,2.0
8353338401030915198-2609100727-6,7510,2609100743,2609100744,2,,S,S5,Stuttgart Hbf|Stuttgart Nordbahnhof|Stuttgart-Feuerbach|Stuttgart-Zuffenhausen|Kornwestheim Pbf,8000235,Ludwigsburg,Baden-Württemberg,Ludwigsburg,71638,9.185229823,48.89208622,3,2609100744,,2609100745,,,,,,,,,,,1.0,1.0
-5856161558368495320-2609100737-4,7513,2609100746,2609100746,3,,S,S5,Bietigheim-Bissingen|Tamm(Württ)|Asperg,8000235,Ludwigsburg,Baden-Württemberg,Ludwigsburg,71638,9.185229823,48.89208622,3,2609100803,,2609100804,,,,,,,,,,,17.0,18.0
1174251127419777403-2609100703-9,7411,2609100736,2609100737,3,,S,S4,Backnang|Burgstall(Murr)|Kirchberg(Murr)|Erdmannhausen|Marbach(Neckar)|Benningen(Neckar)|Freiberg(Neckar)|Favoritepark,8000235,Ludwigsburg,Baden-Württemberg,Ludwigsburg,71638,9.185229823,48.89208622,3,2609100738,,2609100739,,,,,,,,,,,2.0,2.0
7902696573559661293-2609100733-2,33861,2609100735,2609100735,2,,S,S6,Weil der Stadt,8003831,Malmsheim,Baden-Württemberg,Renningen,71272,8.905105557,48.77183564,5,2609100735,,2609100736,,,,,,,,,,,0.0,1.0
7833477321738378564-2609100713-4,33856,2609100724,2609100724,1,,S,S6,Leonberg|Rutesheim|Renningen,8003831,Malmsheim,Baden-Württemberg,Renningen,71272,8.905105557,48.77183564,5,2609100724,,2609100725,,,,,,,,,,,0.0,1.0
4912576580386250148-2609100743-4,33858,2609100754,2609100754,1,,S,S6,Leonberg|Rutesheim|Renningen,8003831,Malmsheim,Baden-Württemberg,Renningen,71272,8.905105557,48.77183564,5,2609100754,,2609100755,,,,,,,,,,,0.0,1.0
2236282585249039413-2609100703-2,33859,2609100705,2609100705,2,,S,S6,Weil der Stadt,8003831,Malmsheim,Baden-Württemberg,Renningen,71272,8.905105557,48.77183564,5,2609100706,,2609100707,,,,,,,,,,,1.0,2.0
-8255187816541177533-2609100637-10,7404,2609100705,2609100708,1,,S,S4,Stuttgart Hbf|Stuttgart Nordbahnhof|Stuttgart-Feuerbach|Stuttgart-Zuffenhausen|Kornwestheim Pbf|Ludwigsburg|Favoritepark|Freiberg(Neckar)|Benningen(Neckar),8003853,Marbach (Neckar),Baden-Württemberg,Marbach am Neckar,71672,9.264611825,48.9437708,3,2609100705,,2609100708,,,,,,,,,,,0.0,0.0
7977434207262340946-2609100707-10,7406,2609100735,2609100738,1,,S,S4,Stuttgart Hbf|Stuttgart Nordbahnhof|Stuttgart-Feuerbach|Stuttgart-Zuffenhausen|Kornwestheim Pbf|Ludwigsburg|Favoritepark|Freiberg(Neckar)|Benningen(Neckar),8003853,Marbach (Neckar),Baden-Württemberg,Marbach am Neckar,71672,9.264611825,48.9437708,3,2609100737,,2609100741,,,,,,,,,,,2.0,3.0
8970610329466681156-2609100733-5,7413,2609100751,2609100755,2,,S,S4,Backnang|Burgstall(Murr)|Kirchberg(Murr)|Erdmannhausen,8003853,Marbach (Neckar),Baden-Württemberg,Marbach am Neckar,71672,9.264611825,48.9437708,3,2609100752,1,2609100757,1,,,,,,,,,,1.0,2.0
1174251127419777403-2609100703-5,7411,2609100721,2609100725,,,S,S4,Backnang|Burgstall(Murr)|Kirchberg(Murr)|Erdmannhausen,8003853,Marbach (Neckar),Baden-Württemberg,Marbach am Neckar,71672,9.264611825,48.9437708,3,2609100721,1,2609100726,1,,,,,,,,,,0.0,1.0
-6211003010298504877-2609100642-11,7306,2609100714,2609100715,2,,S,S3,Stuttgart Hbf|Stuttgart-Bad Cannstatt|Stuttgart Nürnberger Str.|Stuttgart-Sommerrain|Fellbach|Waiblingen|Neustadt-Hohenacker|Schwaikheim|Winnenden|Nellmersbach,8003913,Maubach,Baden-Württemberg,Backnang,71522,9.419487062,48.92623463,4,2609100714,,2609100715,,,,,,,,,,,0.0,0.0
-2915141727268180381-2609100711-2,7311,2609100713,2609100714,1,,S,S3,Backnang,8003913,Maubach,Baden-Württemberg,Backnang,71522,9.419487062,48.92623463,4,2609100714,,2609100716,,,,,,,,,,,1.0,2.0
3577709664347333137-2609100712-11,7308,2609100744,2609100745,2,,S,S3,Stuttgart Hbf|Stuttgart-Bad Cannstatt|Stuttgart Nürnberger Str.|Stuttgart-Sommerrain|Fellbach|Waiblingen|Neustadt-Hohenacker|Schwaikheim|Winnenden|Nellmersbach,8003913,Maubach,Baden-Württemberg,Backnang,71522,9.419487062,48.92623463,4,2609100745,,2609100746,,,,,,,,,,,1.0,1.0
1183603668671718907-2609100741-2,7313,2609100743,2609100744,1,,S,S3,Backnang,8003913,Maubach,Baden-Württemberg,Backnang,71522,9.419487062,48.92623463,4,2609100743,,2609100744,,,,,,,,,,,0.0,0.0
-6211003010298504877-2609100642-10,7306,2609100711,2609100712,2,,S,S3,Stuttgart Hbf|Stuttgart-Bad Cannstatt|Stuttgart Nürnberger Str.|Stuttgart-Sommerrain|Fellbach|Waiblingen|Neustadt-Hohenacker|Schwaikheim|Winnenden,8004233,Nellmersbach,Baden-Württemberg,Leutenbach,71397,9.415421538,48.90336425,5,2609100711,,2609100712,,,,,,,,,,,0.0,0.0
-2915141727268180381-2609100711-3,7311,2609100716,2609100716,1,,S,S3,Backnang|Maubach,8004233,Nellmersbach,Baden-Württemberg,Leutenbach,71397,9.415421538,48.90336425,5,2609100718,,2609100719,,,,,,,,,,,2.0,3.0
3577709664347333137-2609100712-10,7308,2609100741,2609100742,2,,S,S3,Stuttgart Hbf|Stuttgart-Bad Cannstatt|Stuttgart Nürnberger Str.|Stuttgart-Sommerrain|Fellbach|Waiblingen|Neustadt-Hohenacker|Schwaikheim|Winnenden,8004233,Nellmersbach,Baden-Württemberg,Leutenbach,71397,9.415421538,48.90336425,5,2609100742,,2609100743,,,,,,,,,,,1.0,1.0
1183603668671718907-2609100741-3,7313,2609100746,2609100746,1,,S,S3,Backnang|Maubach,8004233,Nellmersbach,Baden-Württemberg,Leutenbach,71397,9.415421538,48.90336425,5,2609100746,,2609100747,,,,,,,,,,,0.0,1.0
-6211003010298504877-2609100642-7,7306,2609100703,2609100703,1,,S,S3,Stuttgart Hbf|Stuttgart-Bad Cannstatt|Stuttgart Nürnberger Str.|Stuttgart-Sommerrain|Fellbach|Waiblingen,8004333,Neustadt-Hohenacker,Baden-Württemberg,Waiblingen,71336,9.32455106,48.85921668,5,2609100703,,2609100703,,,,,,,,,,,0.0,0.0
-2915141727268180381-2609100711-6,7311,2609100725,2609100725,2,,S,S3,Backnang|Maubach|Nellmersbach|Winnenden|Schwaikheim,8004333,Neustadt-Hohenacker,Baden-Württemberg,Waiblingen,71336,9.32455106,48.85921668,5,2609100727,,2609100728,,,,,,,,,,,2.0,3.0
3577709664347333137-2609100712-7,7308,2609100733,2609100733,1,,S,S3,Stuttgart Hbf|Stuttgart-Bad Cannstatt|Stuttgart Nürnberger Str.|Stuttgart-Sommerrain|Fellbach|Waiblingen,8004333,Neustadt-Hohenacker,Baden-Württemberg,Waiblingen,71336,9.32455106,48.85921668,5,2609100733,,2609100734,,,,,,,,,,,0.0,1.0
1183603668671718907-2609100741-6,7313,2609100755,2609100755,2,,S,S3,Backnang|Maubach|Nellmersbach|Winnenden|Schwaikheim,8004333,Neustadt-Hohenacker,Baden-Württemberg,Waiblingen,71336,9.32455106,48.85921668,5,2609100755,,2609100755,,,,,,,,,,,0.0,0.0
4871684490979924868-2609100717-5,7608,2609100728,2609100729,1,,S,S6,Stuttgart Hbf|Stuttgart Nordbahnhof|Stuttgart-Feuerbach|Stuttgart-Zuffenhausen,8004338,Neuwirtshaus (Porscheplatz),Baden-Württemberg,Stuttgart,70435,9.151955614,48.83384734,4,2609100730,,2609100730,,h,1,Bauarbeiten,,,,,,,2.0,1.0
6922079602389085921-2609100747-5,7610,2609100758,2609100759,1,,S,S6,Stuttgart Hbf|Stuttgart Nordbahnhof|Stuttgart-Feuerbach|Stuttgart-Zuffenhausen,8004338,Neuwirtshaus (Porscheplatz),Baden-Württemberg,Stuttgart,70435,9.151955614,48.83384734,4,2609100758,,2609100800,,h,1,Bauarbeiten,,,,,,,0.0,1.0
4690487155138622402-2609100654-4,7609,2609100701,2609100701,2,,S,S6,Ditzingen|Weilimdorf|Korntal,8004338,Neuwirtshaus (Porscheplatz),Baden-Württemberg,Stuttgart,70435,9.151955614,48.83384734,4,2609100701,,2609100702,,h,1,Bauarbeiten,,,,,,,0.0,1.0
-4492985109316444691-2609100724-4,7611,2609100731,2609100731,2,,S,S6,Ditzingen|Weilimdorf|Korntal,8004338,Neuwirtshaus (Porscheplatz),Baden-Württemberg,Stuttgart,70435,9.151955614,48.83384734,4,2609100731,,2609100732,,h,1,Bauarbeiten,,,,,,,0.0,1.0
7703218303646440626-2609100746-2,7714,2609100749,2609100749,2,,S,S1,Herrenberg,8004490,Nufringen,Baden-Württemberg,Nufringen,71154,8.889817485,48.62010967,5,2609100749,,2609100750,,,,,,,,,,,0.0,1.0
-6419417749381061705-2609100716-8,7709,2609100741,2609100741,1,,S,S1,Stuttgart-Vaihingen|Stuttgart-Rohr|Goldberg(Württ)|Böblingen|Hulb|Ehningen(b Böblingen)|Gärtringen,8004490,Nufringen,Baden-Württemberg,Nufringen,71154,8.889817485,48.62010967,5,2609100745,,2609100745,,,,,,,,,,,4.0,4.0
-9135645456789564620-2609100646-8,7707,2609100711,2609100711,1,,S,S1,Stuttgart-Vaihingen|Stuttgart-Rohr|Goldberg(Württ)|Böblingen|Hulb|Ehningen(b Böblingen)|Gärtringen,8004490,Nufringen,Baden-Württemberg,Nufringen,71154,8.889817485,48.62010967,5,2609100711,,2609100711,,,,,,,,,,,0.0,0.0
-250858146386556166-2609100716-2,7712,2609100719,2609100719,2,,S,S1,Herrenberg,8004490,Nufringen,Baden-Württemberg,Nufringen,71154,8.889817485,48.62010967,5,2609100719,,2609100720,,,,,,,,,,,0.0,1.0
-6501547905667268041-2609100703-5,7908,2609100715,2609100715,2,,S,S2,Filderstadt|Stuttgart Flughafen/Messe|Echterdingen|Leinfelden,8004496,Oberaichen,Baden-Württemberg,Leinfelden-Echterdingen,70771,9.12743664,48.70512422,5,2609100718,,2609100719,,,,,,,,,,,3.0,4.0
925944172323548863-2609100733-5,7910,2609100745,2609100745,2,,S,S2,Filderstadt|Stuttgart Flughafen/Messe|Echterdingen|Leinfelden,8004496,Oberaichen,Baden-Württemberg,Leinfelden-Echterdingen,70771,9.12743664,48.70512422,5,2609100745,,2609100745,,,,,,,,,,,0.0,0.0
3101834224134177917-2609100735-3,7911,2609100744,2609100744,1,,S,S2,Stuttgart-Vaihingen|Stuttgart-Rohr,8004496,Oberaichen,Baden-Württemberg,Leinfelden-Echterdingen,70771,9.12743664,48.70512422,5,2609100745,,2609100747,,,,,,,,,,,1.0,3.0
-6719809372287513512-2609100705-3,7909,2609100714,2609100714,1,,S,S2,Stuttgart-Vaihingen|Stuttgart-Rohr,8004496,Oberaichen,Baden-Württemberg,Leinfelden-Echterdingen,70771,9.12743664,48.70512422,5,2609100714,,2609100715,,,,,,,,,,,0.0,1.0
8759418788528928451-2609100655-8,7108,2609100715,2609100715,4,,S,S1,Stuttgart Hbf|Stuttgart-Bad Cannstatt|Stuttgart Neckarpark|Stuttgart-Untertürkheim|Stuttgart-Obertürkheim|Esslingen-Mettingen|Esslingen(Neckar),8004528,Oberesslingen,Baden-Württemberg,Esslingen am Neckar,73730,9.327277435,48.72983585,3,2609100715,,2609100715,,,,,,,,,,,0.0,0.0
-6655970972115007016-2609100650-8,7111,2609100714,2609100715,3,,S,S1,Kirchheim(Teck)|Kirchheim(Teck)-Ötlingen|Wendlingen(Neckar)|Wernau(Neckar)|Plochingen|Altbach|Esslingen-Zell,8004528,Oberesslingen,Baden-Württemberg,Esslingen am Neckar,73730,9.327277435,48.72983585,3,2609100715,,2609100716,,,,,,,,,,,1.0,1.0
-7709757529463307534-2609100720-8,7113,2609100744,2609100745,3,,S,S1,Kirchheim(Teck)|Kirchheim(Teck)-Ötlingen|Wendlingen(Neckar)|Wernau(Neckar)|Plochingen|Altbach|Esslingen-Zell,8004528,Oberesslingen,Baden-Württemberg,Esslingen am Neckar,73730,9.327277435,48.72983585,3,2609100747,,2609100748,,,,,,,,,,,3.0,3.0
2394736871359748075-2609100725-8,7110,2609100745,2609100745,4,,S,S1,Stuttgart Hbf|Stuttgart-Bad Cannstatt|Stuttgart Neckarpark|Stuttgart-Untertürkheim|Stuttgart-Obertürkheim|Esslingen-Mettingen|Esslingen(Neckar),8004528,Oberesslingen,Baden-Württemberg,Esslingen am Neckar,73730,9.327277435,48.72983585,3,2609100745,,2609100745,,,,,,,,,,,0.0,0.0
4974521703574606086-2609100648-13,19118,2609100728,2609100734,1,,ARV,MEX16,Geislingen(Steige)|Geislingen(Steige)West|Kuchen|Gingen(Fils)|Süßen|Salach|Eislingen(Fils)|Göppingen|Faurndau|Uhingen|Ebersbach(Fils)|Reichenbach(Fils),8000302,Plochingen,Baden-Württemberg,Plochingen,73207,9.411294578,48.71293906,2,2609100728,,2609100735,,,,,,,,,,,0.0,1.0
1633376945512703812-2609100736-3,4207,2609100751,2609100755,4,,RE,RE5,Stuttgart Hbf|Esslingen(Neckar),8000302,Plochingen,Baden-Württemberg,Plochingen,73207,9.411294578,48.71293906,2,2609100756,10,2609100759,10,h,2,Störung,,,,,,,5.0,4.0
8759418788528928451-2609100655-11,7108,2609100723,2609100725,9,,S,S1,Stuttgart Hbf|Stuttgart-Bad Cannstatt|Stuttgart Neckarpark|Stuttgart-Untertürkheim|Stuttgart-Obertürkheim|Esslingen-Mettingen|Esslingen(Neckar)|Oberesslingen|Esslingen-Zell|Altbach,8000302,Plochingen,Baden-Württemberg,Plochingen,73207,9.411294578,48.71293906,2,2609100723,10,2609100728,10,,,,,,,,,,0.0,3.0
-6655970972115007016-2609100650-5,7111,2609100705,2609100707,9,,S,S1,Kirchheim(Teck)|Kirchheim(Teck)-Ötlingen|Wendlingen(Neckar)|Wernau(Neckar),8000302,Plochingen,Baden-Württemberg,Plochingen,73207,9.411294578,48.71293906,2,2609100705,,2609100708,,,,,,,,,,,0.0,1.0
-7709757529463307534-2609100720-5,7113,2609100735,2609100737,9,,S,S1,Kirchheim(Teck)|Kirchheim(Teck)-Ötlingen|Wendlingen(Neckar)|Wernau(Neckar),8000302,Plochingen,Baden-Württemberg,Plochingen,73207,9.411294578,48.71293906,2,2609100739,9,2609100741,9,,,,,,,,,,4.0,4.0
5752082848521759462-2609100717-7,19220,2609100748,2609100750,3,,RE,MEX12,Reutlingen Hbf|Metzingen(Württ)|Bempflingen|Nürtingen|Oberboihingen|Wendlingen(Neckar),8000302,Plochingen,Baden-Württemberg,Plochingen,73207,9.411294578,48.71293906,2,2609100755,7,2609100756,7,h,2,Störung,,,,,,,7.0,6.0
-5962810489381537859-2609100739-4,19121,2609100757,2609100757,6,,ARV,MEX16,Stuttgart Hbf|Stuttgart-Bad Cannstatt|Esslingen(Neckar),8000302,Plochingen,Baden-Württemberg,Plochingen,73207,9.411294578,48.71293906,2,2609100801,4,2609100802,4,,,,,,,,,,4.0,5.0
3914164515653575626-2609100700-4,19119,2609100726,2609100730,3,,ARV,MEX16,Stuttgart Hbf|Stuttgart-Bad Cannstatt|Esslingen(Neckar),8000302,Plochingen,Baden-Württemberg,Plochingen,73207,9.411294578,48.71293906,2,2609100729,,2609100731,,,,,,,,,,,3.0,1.0
7364365756035854020-2609100636-19,19120,2609100755,2609100755,1,,ARV,MEX16,Ulm Hbf|Beimerstetten|Westerstetten|Lonsee|Urspring|Amstetten(Württ)|Geislingen(Steige)|Geislingen(Steige)West|Kuchen|Gingen(Fils)|Süßen|Salach|Eislingen(Fils)|Göppingen|Faurndau|Uhingen|Ebersbach(Fils)|Reichenbach(Fils),8000302,Plochingen,Baden-Württemberg,Plochingen,73207,9.411294578,48.71293906,2,2609100759,6,2609100759,6,,,,,,,,,,4.0,4.0
2880538247563287432-2609100715-1,19306,,2609100715,,,RE,MEX18,,8000302,Plochingen,Baden-Württemberg,Plochingen,73207,9.411294578,48.71293906,2,,,2609100717,3,h,2,Störung,,,,,,,0.0,2.0
-3459736231936845373-2609100630-11,19303,2609100742,,9,,RE,,Heilbronn Hbf|Nordheim(Württ)|Lauffen(Neckar)|Kirchheim(Neckar)|Walheim(Württ)|Besigheim|Bietigheim-Bissingen|Ludwigsburg|Kornwestheim Pbf|Esslingen(Neckar),8000302,Plochingen,Baden-Württemberg,Plochingen,73207,9.411294578,48.71293906,2,2609100755,3,,,h,2,Störung,,,,,,,13.0,0.0
-4503411906264484817-2609100449-21,4202,2609100703,2609100703,1,,RE,RE5,Friedrichshafen Stadt|Meckenbeuren|Ravensburg|Aulendorf|Bad Schussenried|Biberach(Riß) Süd|Biberach(Riß)|Laupheim West|Ulm Hbf|Beimerstetten|Westerstetten|Amstetten(Württ)|Geislingen(Steige)|Kuchen|Gingen(Fils)|Süßen|Göppingen|Uhingen|Ebersbach(Fils)|Reichenbach(Fils),8000302,Plochingen,Baden-Württemberg,Plochingen,73207,9.411294578,48.71293906,2,2609100704,,2609100705,,h,2,Störung,,,,,,,1.0,2.0
4277366403163715273-2609100557-12,19301,2609100713,2609100714,9,,RE,MEX18,Heilbronn Hbf|Nordheim(Württ)|Lauffen(Neckar)|Kirchheim(Neckar)|Walheim(Württ)|Besigheim|Bietigheim-Bissingen|Ludwigsburg|Stuttgart Hbf|Stuttgart-Bad Cannstatt|Esslingen(Neckar),8000302,Plochingen,Baden-Württemberg,Plochingen,73207,9.411294578,48.71293906,2,2609100721,,2609100722,,h,2,Störung,,,,,,,8.0,8.0
2394736871359748075-2609100725-11,7110,2609100753,2609100755,9,,S,S1,Stuttgart Hbf|Stuttgart-Bad Cannstatt|Stuttgart Neckarpark|Stuttgart-Untertürkheim|Stuttgart-Obertürkheim|Esslingen-Mettingen|Esslingen(Neckar)|Oberesslingen|Esslingen-Zell|Altbach,8000302,Plochingen,Baden-Württemberg,Plochingen,73207,9.411294578,48.71293906,2,2609100753,,2609100755,,,,,,,,,,,0.0,0.0
-680601506952995478-2609100630-4,19218,2609100658,2609100706,6,,RE,RE6,Reutlingen Hbf|Metzingen(Württ)|Nürtingen,8000302,Plochingen,Baden-Württemberg,Plochingen,73207,9.411294578,48.71293906,2,2609100728,7,2609100727,7,h,2,Störung,,,,,,,30.0,21.0
2842835760258306804-2609100658-3,7010,2609100704,2609100709,3,,S,S60,Leonberg|Rutesheim,8000313,Renningen,Baden-Württemberg,Renningen,71272,8.932650148,48.77515509,3,2609100705,,2609100710,,h,1,Bauarbeiten,,,,,,,1.0,1.0
7902696573559661293-2609100733-3,33861,2609100737,2609100741,2,,S,S6,Weil der Stadt|Malmsheim,8000313,Renningen,Baden-Württemberg,Renningen,71272,8.932650148,48.77515509,3,2609100738,,2609100741,,,,,,,,,,,1.0,0.0
7833477321738378564-2609100713-3,33856,2609100719,2609100722,3,,S,S6,Leonberg|Rutesheim,8000313,Renningen,Baden-Württemberg,Renningen,71272,8.932650148,48.77515509,3,2609100719,,2609100722,,,,,,,,,,,0.0,0.0
-5823901558938223341-2609100742-1,26132,,2609100742,,,SWE,RB76,,8000313,Renningen,Baden-Württemberg,Renningen,71272,8.932650148,48.77515509,3,,,2609100742,,,,,,,,,,,0.0,0.0
8714567639514254110-2609100704-7,7009,2609100720,2609100726,2,,S,S60,Böblingen|Sindelfingen|Maichingen|Maichingen Nord|Magstadt|Renningen Süd,8000313,Renningen,Baden-Württemberg,Renningen,71272,8.932650148,48.77515509,3,2609100722,,2609100726,,h,1,Bauarbeiten,,,,,,,2.0,0.0
4912576580386250148-2609100743-3,33858,2609100749,2609100752,3,,S,S6,Leonberg|Rutesheim,8000313,Renningen,Baden-Württemberg,Renningen,71272,8.932650148,48.77515509,3,2609100749,,2609100752,,,,,,,,,,,0.0,0.0
2236282585249039413-2609100703-3,33859,2609100707,2609100711,2,,S,S6,Weil der Stadt|Malmsheim,8000313,Renningen,Baden-Württemberg,Renningen,71272,8.932650148,48.77515509,3,2609100709,,2609100711,,,,,,,,,,,2.0,0.0
7234702021475349629-2609100710-6,26131,2609100732,,4,,SWE,,Calw|Calw-Heumaden|Althengstett|Ostelsheim|Weil der Stadt,8000313,Renningen,Baden-Württemberg,Renningen,71272,8.932650148,48.77515509,3,2609100732,,,,,,,,,,,,,0.0,0.0
4072775096959489473-2609100728-3,7012,2609100734,2609100739,3,,S,S60,Leonberg|Rutesheim,8000313,Renningen,Baden-Württemberg,Renningen,71272,8.932650148,48.77515509,3,2609100735,,2609100739,,h,1,Bauarbeiten,,,,,,,1.0,0.0
3592955462745051107-2609100734-7,7011,2609100750,2609100756,2,,S,S60,Böblingen|Sindelfingen|Maichingen|Maichingen Nord|Magstadt|Renningen Süd,8000313,Renningen,Baden-Württemberg,Renningen,71272,8.932650148,48.77515509,3,2609100751,,2609100756,,h,1,Bauarbeiten,,,,,,,1.0,0.0
3965518062033575210-2609100650-7,7206,2609100707,2609100707,1,,S,S2,Stuttgart Hbf|Stuttgart-Bad Cannstatt|Stuttgart Nürnberger Str.|Stuttgart-Sommerrain|Fellbach|Waiblingen,8005157,Rommelshausen,Baden-Württemberg,Kernen,71394,9.319175885,48.81552017,4,2609100707,,2609100708,,h,2,Bauarbeiten,,,,,,,0.0,1.0
3888224273021493436-2609100733-9,7213,2609100751,2609100752,2,,S,S2,Schorndorf|Weiler(Rems)|Winterbach(b Schorndorf)|Geradstetten|Grunbach|Beutelsbach|Endersbach|Stetten-Beinstein,8005157,Rommelshausen,Baden-Württemberg,Kernen,71394,9.319175885,48.81552017,4,2609100755,,2609100756,,h,2,Bauarbeiten,,,,,,,4.0,4.0
-5260417069663625653-2609100720-7,7208,2609100737,2609100737,1,,S,S2,Stuttgart Hbf|Stuttgart-Bad Cannstatt|Stuttgart Nürnberger Str.|Stuttgart-Sommerrain|Fellbach|Waiblingen,8005157,Rommelshausen,Baden-Württemberg,Kernen,71394,9.319175885,48.81552017,4,2609100738,,2609100739,,h,2,Bauarbeiten,,,,,,,1.0,2.0
-6595517868678510983-2609100703-9,7211,2609100721,2609100722,2,,S,S2,Schorndorf|Weiler(Rems)|Winterbach(b Schorndorf)|Geradstetten|Grunbach|Beutelsbach|Endersbach|Stetten-Beinstein,8005157,Rommelshausen,Baden-Württemberg,Kernen,71394,9.319175885,48.81552017,4,2609100721,,2609100723,,h,2,Bauarbeiten,,,,,,,0.0,1.0
2842835760258306804-2609100658-2,7010,2609100701,2609100701,2,,S,S60,Leonberg,8005236,Rutesheim,Baden-Württemberg,Leonberg,71229,8.960325242,48.79031093,5,2609100702,,2609100702,,h,1,Bauarbeiten,,,,,,,1.0,1.0
7902696573559661293-2609100733-4,33861,2609100743,2609100744,1,,S,S6,Weil der Stadt|Malmsheim|Renningen,8005236,Rutesheim,Baden-Württemberg,Leonberg,71229,8.960325242,48.79031093,5,2609100743,,2609100744,,,,,,,,,,,0.0,0.0
7833477321738378564-2609100713-2,33856,2609100716,2609100716,2,,S,S6,Leonberg,8005236,Rutesheim,Baden-Württemberg,Leonberg,71229,8.960325242,48.79031093,5,2609100716,,2609100717,,,,,,,,,,,0.0,1.0
8714567639514254110-2609100704-8,7009,2609100728,2609100729,1,,S,S60,Böblingen|Sindelfingen|Maichingen|Maichingen Nord|Magstadt|Renningen Süd|Renningen,8005236,Rutesheim,Baden-Württemberg,Leonberg,71229,8.960325242,48.79031093,5,2609100729,,2609100730,,h,1,Bauarbeiten,,,,,,,1.0,1.0
4912576580386250148-2609100743-2,33858,2609100746,2609100746,2,,S,S6,Leonberg,8005236,Rutesheim,Baden-Württemberg,Leonberg,71229,8.960325242,48.79031093,5,2609100746,,2609100746,,,,,,,,,,,0.0,0.0
2236282585249039413-2609100703-4,33859,2609100713,2609100714,1,,S,S6,Weil der Stadt|Malmsheim|Renningen,8005236,Rutesheim,Baden-Württemberg,Leonberg,71229,8.960325242,48.79031093,5,2609100713,,2609100714,,,,,,,,,,,0.0,0.0
4072775096959489473-2609100728-2,7012,2609100731,2609100731,2,,S,S60,Leonberg,8005236,Rutesheim,Baden-Württemberg,Leonberg,71229,8.960325242,48.79031093,5,2609100731,,2609100732,,h,1,Bauarbeiten,,,,,,,0.0,1.0
3592955462745051107-2609100734-8,7011,2609100758,2609100759,1,,S,S60,Böblingen|Sindelfingen|Maichingen|Maichingen Nord|Magstadt|Renningen Süd|Renningen,8005236,Rutesheim,Baden-Württemberg,Leonberg,71229,8.960325242,48.79031093,5,2609100758,,2609100759,,h,1,Bauarbeiten,,,,,,,0.0,0.0
3965518062033575210-2609100650-15,7206,2609100725,,14,,S,,Stuttgart Hbf|Stuttgart-Bad Cannstatt|Stuttgart Nürnberger Str.|Stuttgart-Sommerrain|Fellbach|Waiblingen|Rommelshausen|Stetten-Beinstein|Endersbach|Beutelsbach|Grunbach|Geradstetten|Winterbach(b Schorndorf)|Weiler(Rems),8005424,Schorndorf,Baden-Württemberg,Schorndorf,73614,9.525686251,48.80693898,3,2609100725,,,,h,2,Bauarbeiten,,,,,,,0.0,0.0
3888224273021493436-2609100733-1,7213,,2609100733,,,S,S2,,8005424,Schorndorf,Baden-Württemberg,Schorndorf,73614,9.525686251,48.80693898,3,,,2609100737,,h,2,Bauarbeiten,,,,,,,0.0,4.0
8037374960848513675-2609100648-4,19405,2609100713,2609100714,2,,ARV,MEX13,Stuttgart Hbf|Stuttgart-Bad Cannstatt|Waiblingen,8005424,Schorndorf,Baden-Württemberg,Schorndorf,73614,9.525686251,48.80693898,3,2609100713,,2609100714,,h,2,Information,,,,,,,0.0,0.0
-5260417069663625653-2609100720-15,7208,2609100755,,1,,S,,Stuttgart Hbf|Stuttgart-Bad Cannstatt|Stuttgart Nürnberger Str.|Stuttgart-Sommerrain|Fellbach|Waiblingen|Rommelshausen|Stetten-Beinstein|Endersbach|Beutelsbach|Grunbach|Geradstetten|Winterbach(b Schorndorf)|Weiler(Rems),8005424,Schorndorf,Baden-Württemberg,Schorndorf,73614,9.525686251,48.80693898,3,2609100755,,,,h,2,Bauarbeiten,,,,,,,0.0,0.0
-6595517868678510983-2609100703-1,7211,,2609100703,,,S,S2,,8005424,Schorndorf,Baden-Württemberg,Schorndorf,73614,9.525686251,48.80693898,3,,,2609100703,,h,2,Bauarbeiten,,,,,,,0.0,0.0
-4136739553637756736-2609100720-4,19457,2609100743,2609100744,2,,ARV,MEX13,Stuttgart Hbf|Stuttgart-Bad Cannstatt|Waiblingen,8005424,Schorndorf,Baden-Württemberg,Schorndorf,73614,9.525686251,48.80693898,3,2609100743,,2609100744,,h,2,Information,,,,,,,0.0,0.0
-5465477625088129487-2609100636-15,19452,2609100743,2609100744,3,,ARV,MEX13,Ellwangen|Schrezheim|Schwabsberg|Goldshöfe|Hofen(b Aalen)|Wasseralfingen|Aalen Hbf|Mögglingen(Gmünd)|Böbingen(Rems)|Schwäbisch Gmünd|Lorch(Württ)|Waldhausen(b Schorndorf)|Plüderhausen|Urbach(b Schorndorf),8005424,Schorndorf,Baden-Württemberg,Schorndorf,73614,9.525686251,48.80693898,3,2609100757,,2609100758,,h,2,Information,,,,,,,14.0,14.0
-2162180464561351551-2609100624-5,19671,2609100728,2609100729,2,,ARV,RE1,Pforzheim Hbf|Mühlacker|Vaihingen(Enz)|Stuttgart Hbf,8005424,Schorndorf,Baden-Württemberg,Schorndorf,73614,9.525686251,48.80693898,3,2609100731,,2609100732,,h,2,Information,,,,,,,3.0,3.0
-4918736573732270498-2609100635-9,19410,2609100713,2609100714,3,,ARV,MEX13,Aalen Hbf|Mögglingen(Gmünd)|Böbingen(Rems)|Schwäbisch Gmünd|Lorch(Württ)|Waldhausen(b Schorndorf)|Plüderhausen|Urbach(b Schorndorf),8005424,Schorndorf,Baden-Württemberg,Schorndorf,73614,9.525686251,48.80693898,3,2609100716,,2609100717,,h,2,Information,,,,,,,3.0,3.0
-6211003010298504877-2609100642-8,7306,2609100706,2609100706,2,,S,S3,Stuttgart Hbf|Stuttgart-Bad Cannstatt|Stuttgart Nürnberger Str.|Stuttgart-Sommerrain|Fellbach|Waiblingen|Neustadt-Hohenacker,8005454,Schwaikheim,Baden-Württemberg,Schwaikheim,71409,9.354747358,48.86832665,4,2609100706,,2609100706,,,,,,,,,,,0.0,0.0
-2915141727268180381-2609100711-5,7311,2609100722,2609100723,1,,S,S3,Backnang|Maubach|Nellmersbach|Winnenden,8005454,Schwaikheim,Baden-Württemberg,Schwaikheim,71409,9.354747358,48.86832665,4,2609100724,,2609100726,,,,,,,,,,,2.0,3.0
3577709664347333137-2609100712-8,7308,2609100736,2609100736,2,,S,S3,Stuttgart Hbf|Stuttgart-Bad Cannstatt|Stuttgart Nürnberger Str.|Stuttgart-Sommerrain|Fellbach|Waiblingen|Neustadt-Hohenacker,8005454,Schwaikheim,Baden-Württemberg,Schwaikheim,71409,9.354747358,48.86832665,4,2609100736,,2609100737,,,,,,,,,,,0.0,1.0
1183603668671718907-2609100741-5,7313,2609100752,2609100753,1,,S,S3,Backnang|Maubach|Nellmersbach|Winnenden,8005454,Schwaikheim,Baden-Württemberg,Schwaikheim,71409,9.354747358,48.86832665,4,2609100752,,2609100753,,,,,,,,,,,0.0,0.0
2842835760258306804-2609100658-8,7010,2609100722,2609100723,1,,S,S60,Leonberg|Rutesheim|Renningen|Renningen Süd|Magstadt|Maichingen Nord|Maichingen,8005574,Sindelfingen,Baden-Württemberg,Sindelfingen,71063,8.999262079,48.70387346,6,2609100723,,2609100724,,h,1,Bauarbeiten,,,,,,,1.0,1.0
8714567639514254110-2609100704-2,7009,2609100706,2609100707,1,,S,S60,Böblingen,8005574,Sindelfingen,Baden-Württemberg,Sindelfingen,71063,8.999262079,48.70387346,6,2609100706,,2609100707,,h,1,Bauarbeiten,,,,,,,0.0,0.0
4072775096959489473-2609100728-8,7012,2609100752,2609100753,1,,S,S60,Leonberg|Rutesheim|Renningen|Renningen Süd|Magstadt|Maichingen Nord|Maichingen,8005574,Sindelfingen,Baden-Württemberg,Sindelfingen,71063,8.999262079,48.70387346,6,2609100753,,2609100754,,h,1,Bauarbeiten,,,,,,,1.0,1.0
3592955462745051107-2609100734-2,7011,2609100736,2609100737,1,,S,S60,Böblingen,8005574,Sindelfingen,Baden-Württemberg,Sindelfingen,71063,8.999262079,48.70387346,6,2609100737,,2609100738,,h,1,Bauarbeiten,,,,,,,1.0,1.0
3965518062033575210-2609100650-8,7206,2609100709,2609100709,1,,S,S2,Stuttgart Hbf|Stuttgart-Bad Cannstatt|Stuttgart Nürnberger Str.|Stuttgart-Sommerrain|Fellbach|Waiblingen|Rommelshausen,8005726,Stetten-Beinstein,Baden-Württemberg,Weinstadt,71384,9.352769725,48.81199601,5,2609100710,,2609100710,,h,2,Bauarbeiten,,,,,,,1.0,1.0
3888224273021493436-2609100733-8,7213,2609100749,2609100749,2,,S,S2,Schorndorf|Weiler(Rems)|Winterbach(b Schorndorf)|Geradstetten|Grunbach|Beutelsbach|Endersbach,8005726,Stetten-Beinstein,Baden-Württemberg,Weinstadt,71384,9.352769725,48.81199601,5,2609100752,,2609100753,,h,2,Bauarbeiten,,,,,,,3.0,4.0
-5260417069663625653-2609100720-8,7208,2609100739,2609100739,1,,S,S2,Stuttgart Hbf|Stuttgart-Bad Cannstatt|Stuttgart Nürnberger Str.|Stuttgart-Sommerrain|Fellbach|Waiblingen|Rommelshausen,8005726,Stetten-Beinstein,Baden-Württemberg,Weinstadt,71384,9.352769725,48.81199601,5,2609100741,,2609100741,,h,2,Bauarbeiten,,,,,,,2.0,2.0
-6595517868678510983-2609100703-8,7211,2609100719,2609100719,2,,S,S2,Schorndorf|Weiler(Rems)|Winterbach(b Schorndorf)|Geradstetten|Grunbach|Beutelsbach|Endersbach,8005726,Stetten-Beinstein,Baden-Württemberg,Weinstadt,71384,9.352769725,48.81199601,5,2609100719,,2609100719,,h,2,Bauarbeiten,,,,,,,0.0,0.0
-6750459440429737938-2609100755-1,7112,,2609100755,,,S,S1,,8000096,Stuttgart Hbf,Baden-Württemberg,Stuttgart,70173,9.183172973,48.78473069,1,,,2609100755,,,,,,,,,,,0.0,0.0
7502879632717750314-2609100614-10,19216,2609100706,2609100719,10,,RE,MEX12,Reutlingen Hbf|Metzingen(Württ)|Bempflingen|Nürtingen|Oberboihingen|Wendlingen(Neckar)|Plochingen|Esslingen(Neckar)|Stuttgart-Bad Cannstatt,8000096,Stuttgart Hbf,Baden-Württemberg,Stuttgart,70173,9.183172973,48.78473069,1,2609100708,,2609100720,,h,2,Störung,,,,,,,2.0,1.0
4974521703574606086-2609100648-16,19118,2609100750,,12,,ARV,,Geislingen(Steige)|Geislingen(Steige)West|Kuchen|Gingen(Fils)|Süßen|Salach|Eislingen(Fils)|Göppingen|Faurndau|Uhingen|Ebersbach(Fils)|Reichenbach(Fils)|Plochingen|Esslingen(Neckar)|Stuttgart-Bad Cannstatt,8000096,Stuttgart Hbf,Baden-Württemberg,Stuttgart,70173,9.183172973,48.78473069,1,2609100804,14,,,,,,,,,,,,14.0,0.0
-8753790222526184093-2609100712-1,1981,,2609100712,,,IC,,,8000096,Stuttgart Hbf,Baden-Württemberg,Stuttgart,70173,9.183172973,48.78473069,1,,,2609100722,,h,2,Information,,,,,,,0.0,10.0
1633376945512703812-2609100736-1,4207,,2609100736,,,RE,RE5,,8000096,Stuttgart Hbf,Baden-Württemberg,Stuttgart,70173,9.183172973,48.78473069,1,,,2609100737,,h,2,Störung,,,,,,,0.0,1.0
-6415383980544531437-2609100632-8,19003,2609100730,,7,,ARV,,Karlsruhe Hbf|Karlsruhe-Durlach|Weingarten(Baden)|Untergrombach|Bruchsal Bildungszentrum|Bruchsal|Vaihingen(Enz),8000096,Stuttgart Hbf,Baden-Württemberg,Stuttgart,70173,9.183172973,48.78473069,1,2609100733,,,,,,,,,,,,,3.0,0.0
-7676551856859768075-2609100633-15,7209,2609100710,,3,,S,,Schorndorf|Weiler(Rems)|Winterbach(b Schorndorf)|Geradstetten|Grunbach|Beutelsbach|Endersbach|Stetten-Beinstein|Rommelshausen|Waiblingen|Fellbach|Stuttgart-Sommerrain|Stuttgart Nürnberger Str.|Stuttgart-Bad Cannstatt,8000096,Stuttgart Hbf,Baden-Württemberg,Stuttgart,70173,9.183172973,48.78473069,1,2609100710,,,,h,2,Bauarbeiten,,,,,,,0.0,0.0
2706977692346491748-2609100535-4,2168,2609100753,,13,,IC,,Nürnberg Hbf|Ansbach|Aalen Hbf,8000096,Stuttgart Hbf,Baden-Württemberg,Stuttgart,70173,9.183172973,48.78473069,1,2609100754,11,,,,,,,,,,,,1.0,0.0
67517114520381301-2609100534-4,614,2609100743,2609100749,9,,ICE,,München Hbf|Augsburg Hbf|Ulm Hbf,8000096,Stuttgart Hbf,Baden-Württemberg,Stuttgart,70173,9.183172973,48.78473069,1,2609100743,10,2609100749,10,,,,,,,,,,0.0,0.0
-7338711269232336111-2609100633-14,7409,2609100725,,1,,S,,Backnang|Burgstall(Murr)|Kirchberg(Murr)|Erdmannhausen|Marbach(Neckar)|Benningen(Neckar)|Freiberg(Neckar)|Favoritepark|Ludwigsburg|Kornwestheim Pbf|Stuttgart-Zuffenhausen|Stuttgart-Feuerbach|Stuttgart Nordbahnhof,8000096,Stuttgart Hbf,Baden-Württemberg,Stuttgart,70173,9.183172973,48.78473069,1,2609100728,,,,,,,,,,,,,3.0,0.0
1329500524380842300-2609100536-10,52388,2609100711,,6,,RE,,Rottweil|Oberndorf(Neckar)|Sulz(Neckar)|Horb|Eutingen im Gäu|Ergenzingen|Bondorf(b Herrenberg)|Gäufelden|Herrenberg,8000096,Stuttgart Hbf,Baden-Württemberg,Stuttgart,70173,9.183172973,48.78473069,1,2609100721,,,,h,2,Information,,,,,,,10.0,0.0
4178793572863103484-2609100526-5,991,2609100710,2609100716,15,,ICE,,Wiesbaden Hbf|Mainz Hbf|Worms Hbf|Mannheim Hbf,8000096,Stuttgart Hbf,Baden-Württemberg,Stuttgart,70173,9.183172973,48.78473069,1,2609100710,,2609100717,,,,,,,,,,,0.0,1.0
-1423004611531480380-2609100611-17,17622,2609100741,,5,,RE,,Freudenstadt Hbf|Grüntal-Wittlensweiler|Dornstetten-Aach|Dornstetten|Schopfloch(b Freudenstadt)|Bittelbronn|Horb-Heiligenfeld|Hochdorf(b Horb)|Eutingen Nord|Eutingen im Gäu|Ergenzingen|Bondorf(b Herrenberg)|Gäufelden|Herrenberg|Böblingen|Stuttgart-Vaihingen,8000096,Stuttgart Hbf,Baden-Württemberg,Stuttgart,70173,9.183172973,48.78473069,1,2609100747,,,,,,,,,,,,,6.0,0.0
-6655970972115007016-2609100650-15,7111,2609100735,,4,,S,,Kirchheim(Teck)|Kirchheim(Teck)-Ötlingen|Wendlingen(Neckar)|Wernau(Neckar)|Plochingen|Altbach|Esslingen-Zell|Oberesslingen|Esslingen(Neckar)|Esslingen-Mettingen|Stuttgart-Obertürkheim|Stuttgart-Untertürkheim|Stuttgart Neckarpark|Stuttgart-Bad Cannstatt,8000096,Stuttgart Hbf,Baden-Württemberg,Stuttgart,70173,9.183172973,48.78473069,1,2609100736,,,,,,,,,,,,,1.0,0.0
1080395120727352298-2609100754-1,17511,,2609100754,,,RB,MEX90,,8000096,Stuttgart Hbf,Baden-Württemberg,Stuttgart,70173,9.183172973,48.78473069,1,,,2609100755,12 A-C,h,2,Störung,,,,,,,0.0,1.0
-2357478064466570443-2609100730-1,19004,,2609100730,,,ARV,RE1,,8000096,Stuttgart Hbf,Baden-Württemberg,Stuttgart,70173,9.183172973,48.78473069,1,,,2609100731,,,,,,,,,,,0.0,1.0
-6446425852935701575-2609100706-1,19379,,2609100706,,,RE,RE6,,8000096,Stuttgart Hbf,Baden-Württemberg,Stuttgart,70173,9.183172973,48.78473069,1,,,2609100709,,h,2,Störung,,,,,,,0.0,3.0
7951042695241635765-2609100712-1,963,,2609100712,,,WB,,,8000096,Stuttgart Hbf,Baden-Württemberg,Stuttgart,70173,9.183172973,48.78473069,1,,,2609100714,,,,,,,,,,,0.0,2.0
-7470739865433470471-2609100733-3,28470,2609100755,,7,,RE,,Böblingen|Stuttgart-Vaihingen,8000096,Stuttgart Hbf,Baden-Württemberg,Stuttgart,70173,9.183172973,48.78473069,1,2609100809,,,,,,,,,,,,,14.0,0.0
4871684490979924868-2609100717-1,7608,,2609100717,,,S,S6,,8000096,Stuttgart Hbf,Baden-Württemberg,Stuttgart,70173,9.183172973,48.78473069,1,,,2609100717,,h,1,Bauarbeiten,,,,,,,0.0,0.0
-2915141727268180381-2609100711-12,7311,2609100747,,4,,S,,Backnang|Maubach|Nellmersbach|Winnenden|Schwaikheim|Neustadt-Hohenacker|Waiblingen|Fellbach|Stuttgart-Sommerrain|Stuttgart Nürnberger Str.|Stuttgart-Bad Cannstatt,8000096,Stuttgart Hbf,Baden-Württemberg,Stuttgart,70173,9.183172973,48.78473069,1,2609100748,,,,,,,,,,,,,1.0,0.0
6821056948732772113-2609100536-10,2388,2609100711,,6,,IC,,Rottweil|Oberndorf(Neckar)|Sulz(Neckar)|Horb|Eutingen im Gäu|Ergenzingen|Bondorf(b Herrenberg)|Gäufelden|Herrenberg,8000096,Stuttgart Hbf,Baden-Württemberg,Stuttgart,70173,9.183172973,48.78473069,1,2609100721,,,,h,2,Information,,,,,,,10.0,0.0
5907647912001809871-2609100604-12,17618,2609100741,,5,,RE,,Rottweil|Oberndorf(Neckar)|Sulz(Neckar)|Horb|Eutingen im Gäu|Ergenzingen|Bondorf(b Herrenberg)|Gäufelden|Herrenberg|Böblingen|Stuttgart-Vaihingen,8000096,Stuttgart Hbf,Baden-Württemberg,Stuttgart,70173,9.183172973,48.78473069,1,2609100747,,,,,,,,,,,,,6.0,0.0
-5260417069663625653-2609100720-1,7208,,2609100720,,,S,S2,,8000096,Stuttgart Hbf,Baden-Württemberg,Stuttgart,70173,9.183172973,48.78473069,1,,,2609100720,,h,2,Bauarbeiten,,,,,,,0.0,0.0
5468407054639694482-2609100653-9,19351,2609100739,2609100752,15,,RE,MEX12,Heilbronn Hbf|Nordheim(Württ)|Lauffen(Neckar)|Kirchheim(Neckar)|Walheim(Württ)|Besigheim|Bietigheim-Bissingen|Ludwigsburg,8000096,Stuttgart Hbf,Baden-Württemberg,Stuttgart,70173,9.183172973,48.78473069,1,2609100747,,2609100752,,h,2,Störung,,,,,,,8.0,0.0
6922079602389085921-2609100747-1,7610,,2609100747,,,S,S6,,8000096,Stuttgart Hbf,Baden-Württemberg,Stuttgart,70173,9.183172973,48.78473069,1,,,2609100747,,h,1,Bauarbeiten,,,,,,,0.0,0.0
-6595517868678510983-2609100703-15,7211,2609100740,,3,,S,,Schorndorf|Weiler(Rems)|Winterbach(b Schorndorf)|Geradstetten|Grunbach|Beutelsbach|Endersbach|Stetten-Beinstein|Rommelshausen|Waiblingen|Fellbach|Stuttgart-Sommerrain|Stuttgart Nürnberger Str.|Stuttgart-Bad Cannstatt,8000096,Stuttgart Hbf,Baden-Württemberg,Stuttgart,70173,9.183172973,48.78473069,1,2609100740,,,,h,2,Bauarbeiten,,,,,,,0.0,0.0
428699380039786739-2609100722-1,774,,2609100722,,,ICE,,,8000096,Stuttgart Hbf,Baden-Württemberg,Stuttgart,70173,9.183172973,48.78473069,1,,,2609100725,,h,3,Information,,,,,,,0.0,3.0
-5962810489381537859-2609100739-1,19121,,2609100739,,,ARV,MEX16,,8000096,Stuttgart Hbf,Baden-Württemberg,Stuttgart,70173,9.183172973,48.78473069,1,,,2609100740,,,,,,,,,,,0.0,1.0
7977434207262340946-2609100707-1,7406,,2609100707,,,S,S4,,8000096,Stuttgart Hbf,Baden-Württemberg,Stuttgart,70173,9.183172973,48.78473069,1,,,2609100707,,,,,,,,,,,0.0,0.0
-4136739553637756736-2609100720-1,19457,,2609100720,,,ARV,MEX13,,8000096,Stuttgart Hbf,Baden-Württemberg,Stuttgart,70173,9.183172973,48.78473069,1,,,2609100721,,h,2,Information,,,,,,,0.0,1.0
2579008039338121777-2609100637-9,19093,2609100720,,5,,ARV,,Heilbronn Hbf|Nordheim(Württ)|Lauffen(Neckar)|Kirchheim(Neckar)|Walheim(Württ)|Besigheim|Bietigheim-Bissingen|Ludwigsburg,8000096,Stuttgart Hbf,Baden-Württemberg,Stuttgart,70173,9.183172973,48.78473069,1,2609100726,,,,,,,,,,,,,6.0,0.0
-6563980521276274745-2609100747-1,19407,,2609100747,,,ARV,MEX13,,8000096,Stuttgart Hbf,Baden-Württemberg,Stuttgart,70173,9.183172973,48.78473069,1,,,2609100747,,h,2,Information,,,,,,,0.0,0.0
3914164515653575626-2609100700-1,19119,,2609100700,,,ARV,MEX16,,8000096,Stuttgart Hbf,Baden-Württemberg,Stuttgart,70173,9.183172973,48.78473069,1,,,2609100706,,,,,,,,,,,0.0,6.0
-4846270582383547234-2609100703-1,28471,,2609100703,,,RE,RESB,,8000096,Stuttgart Hbf,Baden-Württemberg,Stuttgart,70173,9.183172973,48.78473069,1,,,2609100706,,,,,,,,,,,0.0,3.0
4239966119888045037-2609100737-1,7408,,2609100737,,,S,S4,,8000096,Stuttgart Hbf,Baden-Württemberg,Stuttgart,70173,9.183172973,48.78473069,1,,,2609100738,,,,,,,,,,,0.0,1.0
4690487155138622402-2609100654-8,7609,2609100715,,2,,S,,Ditzingen|Weilimdorf|Korntal|Neuwirtshaus(Porscheplatz)|Stuttgart-Zuffenhausen|Stuttgart-Feuerbach|Stuttgart Nordbahnhof,8000096,Stuttgart Hbf,Baden-Württemberg,Stuttgart,70173,9.183172973,48.78473069,1,2609100715,,,,h,1,Bauarbeiten,,,,,,,0.0,0.0
5003697836752021651-2609100756-1,63548,,2609100756,,,ARV,RE8,,8000096,Stuttgart Hbf,Baden-Württemberg,Stuttgart,70173,9.183172973,48.78473069,1,,,2609100809,9,,,,,,,,,,0.0,13.0
-6187813548789768480-2609100750-1,7210,,2609100750,,,S,S2,,8000096,Stuttgart Hbf,Baden-Württemberg,Stuttgart,70173,9.183172973,48.78473069,1,,,2609100750,,h,2,Bauarbeiten,,,,,,,0.0,0.0
7155033421118958991-2609100707-9,7511,2609100735,,2,,S,,Bietigheim-Bissingen|Tamm(Württ)|Asperg|Ludwigsburg|Kornwestheim Pbf|Stuttgart-Zuffenhausen|Stuttgart-Feuerbach|Stuttgart Nordbahnhof,8000096,Stuttgart Hbf,Baden-Württemberg,Stuttgart,70173,9.183172973,48.78473069,1,2609100735,,,,,,,,,,,,,0.0,0.0
6257296882249692478-2609100708-5,19055,2609100758,,8,,ARV,,Neckarsulm|Heilbronn Hbf|Bietigheim-Bissingen|Ludwigsburg,8000096,Stuttgart Hbf,Baden-Württemberg,Stuttgart,70173,9.183172973,48.78473069,1,2609100800,6,,,,,,,,,,,,2.0,0.0
-3891350474479919933-2609100519-7,1699,2609100702,,7,,ICE,,Frankfurt(Main)Hbf|Darmstadt Hbf|Bensheim|Weinheim(Bergstr)Hbf|Heidelberg Hbf|Wiesloch-Walldorf,8000096,Stuttgart Hbf,Baden-Württemberg,Stuttgart,70173,9.183172973,48.78473069,1,2609100701,,,,,,,,,,,,,-1.0,0.0
-4492985109316444691-2609100724-8,7611,2609100745,,1,,S,,Ditzingen|Weilimdorf|Korntal|Neuwirtshaus(Porscheplatz)|Stuttgart-Zuffenhausen|Stuttgart-Feuerbach|Stuttgart Nordbahnhof,8000096,Stuttgart Hbf,Baden-Württemberg,Stuttgart,70173,9.183172973,48.78473069,1,2609100746,,,,h,1,Bauarbeiten,,,,,,,1.0,0.0
-4004163488000567729-2609100605-14,17510,2609100732,,12,,RB,,Crailsheim|Eckartshausen-Ilshofen|Schwäbisch Hall-Hessental|Gaildorf West|Fichtenberg|Fornsbach|Murrhardt|Sulzbach(Murr)|Oppenweiler(Württ)|Backnang|Winnenden|Waiblingen|Stuttgart-Bad Cannstatt,8000096,Stuttgart Hbf,Baden-Württemberg,Stuttgart,70173,9.183172973,48.78473069,1,2609100732,,,,h,2,Störung,,,,,,,0.0,0.0
-4928326504801899421-2609100757-1,7512,,2609100757,,,S,S5,,8000096,Stuttgart Hbf,Baden-Württemberg,Stuttgart,70173,9.183172973,48.78473069,1,,,2609100759,,,,,,,,,,,0.0,2.0
3577709664347333137-2609100712-1,7308,,2609100712,,,S,S3,,8000096,Stuttgart Hbf,Baden-Württemberg,Stuttgart,70173,9.183172973,48.78473069,1,,,2609100712,,,,,,,,,,,0.0,0.0
-7333231527529019300-2609100509-20,19450,2609100712,,13,,ARV,,Crailsheim|Jagstzell|Ellwangen|Schrezheim|Schwabsberg|Goldshöfe|Hofen(b Aalen)|Wasseralfingen|Aalen Hbf|Mögglingen(Gmünd)|Böbingen(Rems)|Schwäbisch Gmünd|Lorch(Württ)|Waldhausen(b Schorndorf)|Plüderhausen|Urbach(b Schorndorf)|Schorndorf|Waiblingen|Stuttgart-Bad Cannstatt,8000096,Stuttgart Hbf,Baden-Württemberg,Stuttgart,70173,9.183172973,48.78473069,1,2609100715,,,,h,2,Störung,,,,,,,3.0,0.0
-2162180464561351551-2609100624-4,19671,2609100655,2609100709,16,,ARV,RE1,Pforzheim Hbf|Mühlacker|Vaihingen(Enz),8000096,Stuttgart Hbf,Baden-Württemberg,Stuttgart,70173,9.183172973,48.78473069,1,2609100657,,2609100709,,h,2,Information,,,,,,,2.0,0.0
-7991620981716441940-2609100637-9,7509,2609100705,,1,,S,,Bietigheim-Bissingen|Tamm(Württ)|Asperg|Ludwigsburg|Kornwestheim Pbf|Stuttgart-Zuffenhausen|Stuttgart-Feuerbach|Stuttgart Nordbahnhof,8000096,Stuttgart Hbf,Baden-Württemberg,Stuttgart,70173,9.183172973,48.78473069,1,2609100706,,,,,,,,,,,,,1.0,0.0
-4503411906264484817-2609100449-23,4202,2609100719,,11,,RE,,Friedrichshafen Stadt|Meckenbeuren|Ravensburg|Aulendorf|Bad Schussenried|Biberach(Riß) Süd|Biberach(Riß)|Laupheim West|Ulm Hbf|Beimerstetten|Westerstetten|Amstetten(Württ)|Geislingen(Steige)|Kuchen|Gingen(Fils)|Süßen|Göppingen|Uhingen|Ebersbach(Fils)|Reichenbach(Fils)|Plochingen|Esslingen(Neckar),8000096,Stuttgart Hbf,Baden-Württemberg,Stuttgart,70173,9.183172973,48.78473069,1,2609100727,,,,h,2,Störung,,,,,,,8.0,0.0
9133098357832980471-2609100620-15,7109,2609100705,,4,,S,,Kirchheim(Teck)|Kirchheim(Teck)-Ötlingen|Wendlingen(Neckar)|Wernau(Neckar)|Plochingen|Altbach|Esslingen-Zell|Oberesslingen|Esslingen(Neckar)|Esslingen-Mettingen|Stuttgart-Obertürkheim|Stuttgart-Untertürkheim|Stuttgart Neckarpark|Stuttgart-Bad Cannstatt,8000096,Stuttgart Hbf,Baden-Württemberg,Stuttgart,70173,9.183172973,48.78473069,1,2609100706,,,,,,,,,,,,,1.0,0.0
8151800894683998336-2609100726-1,17509,,2609100726,,,RB,MEX19,,8000096,Stuttgart Hbf,Baden-Württemberg,Stuttgart,70173,9.183172973,48.78473069,1,,,2609100727,,,,,,,,,,,0.0,1.0
5369190051876993421-2609100712-1,51981,,2609100712,,,RE,IC87,,8000096,Stuttgart Hbf,Baden-Württemberg,Stuttgart,70173,9.183172973,48.78473069,1,,,2609100722,,h,2,Information,,,,,,,0.0,10.0
8353338401030915198-2609100727-1,7510,,2609100727,,,S,S5,,8000096,Stuttgart Hbf,Baden-Württemberg,Stuttgart,70173,9.183172973,48.78473069,1,,,2609100728,,,,,,,,,,,0.0,1.0
-8714228285082007604-2609100742-1,7310,,2609100742,,,S,S3,,8000096,Stuttgart Hbf,Baden-Württemberg,Stuttgart,70173,9.183172973,48.78473069,1,,,2609100742,,,,,,,,,,,0.0,0.0
1174251127419777403-2609100703-14,7411,2609100755,,2,,S,,Backnang|Burgstall(Murr)|Kirchberg(Murr)|Erdmannhausen|Marbach(Neckar)|Benningen(Neckar)|Freiberg(Neckar)|Favoritepark|Ludwigsburg|Kornwestheim Pbf|Stuttgart-Zuffenhausen|Stuttgart-Feuerbach|Stuttgart Nordbahnhof,8000096,Stuttgart Hbf,Baden-Württemberg,Stuttgart,70173,9.183172973,48.78473069,1,2609100756,,,,,,,,,,,,,1.0,0.0
-2805970497593705485-2609100703-1,1162,,2609100703,,,ICE,,,8000096,Stuttgart Hbf,Baden-Württemberg,Stuttgart,70173,9.183172973,48.78473069,1,,,2609100703,,,,,,,,,,,0.0,0.0
5784758985011942046-2609100641-12,7309,2609100717,,4,,S,,Backnang|Maubach|Nellmersbach|Winnenden|Schwaikheim|Neustadt-Hohenacker|Waiblingen|Fellbach|Stuttgart-Sommerrain|Stuttgart Nürnberger Str.|Stuttgart-Bad Cannstatt,8000096,Stuttgart Hbf,Baden-Württemberg,Stuttgart,70173,9.183172973,48.78473069,1,2609100717,,,,,,,,,,,,,0.0,0.0
-4918736573732270498-2609100635-12,19410,2609100739,,13,,ARV,,Aalen Hbf|Mögglingen(Gmünd)|Böbingen(Rems)|Schwäbisch Gmünd|Lorch(Württ)|Waldhausen(b Schorndorf)|Plüderhausen|Urbach(b Schorndorf)|Schorndorf|Waiblingen|Stuttgart-Bad Cannstatt,8000096,Stuttgart Hbf,Baden-Württemberg,Stuttgart,70173,9.183172973,48.78473069,1,2609100740,,,,h,2,Information,,,,,,,1.0,0.0
7541002194531759853-2609100546-22,19116,2609100716,,14,,ARV,,Ulm Hbf|Beimerstetten|Westerstetten|Lonsee|Urspring|Amstetten(Württ)|Geislingen(Steige)|Geislingen(Steige)West|Kuchen|Gingen(Fils)|Süßen|Salach|Eislingen(Fils)|Göppingen|Faurndau|Uhingen|Ebersbach(Fils)|Reichenbach(Fils)|Plochingen|Esslingen(Neckar)|Stuttgart-Bad Cannstatt,8000096,Stuttgart Hbf,Baden-Württemberg,Stuttgart,70173,9.183172973,48.78473069,1,2609100724,,,,,,,,,,,,,8.0,0.0
2394736871359748075-2609100725-1,7110,,2609100725,,,S,S1,,8000096,Stuttgart Hbf,Baden-Württemberg,Stuttgart,70173,9.183172973,48.78473069,1,,,2609100725,,,,,,,,,,,0.0,0.0
-680601506952995478-2609100630-6,19218,2609100727,,10,,RE,,Reutlingen Hbf|Metzingen(Württ)|Nürtingen|Plochingen|Stuttgart-Bad Cannstatt,8000096,Stuttgart Hbf,Baden-Württemberg,Stuttgart,70173,9.183172973,48.78473069,1,2609100747,8,,,h,2,Störung,,,,,,,20.0,0.0
8492507658743584029-2609100540-14,17508,2609100700,,12,,RB,,Crailsheim|Eckartshausen-Ilshofen|Schwäbisch Hall-Hessental|Gaildorf West|Fichtenberg|Fornsbach|Murrhardt|Sulzbach(Murr)|Oppenweiler(Württ)|Backnang|Winnenden|Waiblingen|Stuttgart-Bad Cannstatt,8000096,Stuttgart Hbf,Baden-Württemberg,Stuttgart,70173,9.183172973,48.78473069,1,2609100719,,,,h,2,Störung,,,,,,,19.0,0.0
8759418788528928451-2609100655-3,7108,2609100702,2609100702,2,,S,S1,Stuttgart Hbf|Stuttgart-Bad Cannstatt,8006743,Stuttgart Neckarpark,Baden-Württemberg,Stuttgart,70372,9.24106855,48.79194362,4,2609100702,,2609100702,,,,,,,,,,,0.0,0.0
-6655970972115007016-2609100650-13,7111,2609100727,2609100727,1,,S,S1,Kirchheim(Teck)|Kirchheim(Teck)-Ötlingen|Wendlingen(Neckar)|Wernau(Neckar)|Plochingen|Altbach|Esslingen-Zell|Oberesslingen|Esslingen(Neckar)|Esslingen-Mettingen|Stuttgart-Obertürkheim|Stuttgart-Untertürkheim,8006743,Stuttgart Neckarpark,Baden-Württemberg,Stuttgart,70372,9.24106855,48.79194362,4,2609100729,,2609100729,,,,,,,,,,,2.0,2.0
-7709757529463307534-2609100720-13,7113,2609100757,2609100757,1,,S,S1,Kirchheim(Teck)|Kirchheim(Teck)-Ötlingen|Wendlingen(Neckar)|Wernau(Neckar)|Plochingen|Altbach|Esslingen-Zell|Oberesslingen|Esslingen(Neckar)|Esslingen-Mettingen|Stuttgart-Obertürkheim|Stuttgart-Untertürkheim,8006743,Stuttgart Neckarpark,Baden-Württemberg,Stuttgart,70372,9.24106855,48.79194362,4,2609100759,,2609100800,,,,,,,,,,,2.0,3.0
2394736871359748075-2609100725-3,7110,2609100732,2609100732,2,,S,S1,Stuttgart Hbf|Stuttgart-Bad Cannstatt,8006743,Stuttgart Neckarpark,Baden-Württemberg,Stuttgart,70372,9.24106855,48.79194362,4,2609100732,,2609100732,,,,,,,,,,,0.0,0.0
-7338711269232336111-2609100633-13,7409,2609100719,2609100721,4,,S,S4,Backnang|Burgstall(Murr)|Kirchberg(Murr)|Erdmannhausen|Marbach(Neckar)|Benningen(Neckar)|Freiberg(Neckar)|Favoritepark|Ludwigsburg|Kornwestheim Pbf|Stuttgart-Zuffenhausen|Stuttgart-Feuerbach,8005767,Stuttgart Nord,Baden-Württemberg,Stuttgard-Nord,70174,9.188061449,48.80374161,5,2609100724,,2609100725,,,,,,,,,,,5.0,4.0
4871684490979924868-2609100717-2,7608,2609100720,2609100722,3,,S,S6,Stuttgart Hbf,8005767,Stuttgart Nord,Baden-Württemberg,Stuttgard-Nord,70174,9.188061449,48.80374161,5,2609100720,,2609100722,,h,1,Bauarbeiten,,,,,,,0.0,0.0
6922079602389085921-2609100747-2,7610,2609100750,2609100752,3,,S,S6,Stuttgart Hbf,8005767,Stuttgart Nord,Baden-Württemberg,Stuttgard-Nord,70174,9.188061449,48.80374161,5,2609100751,,2609100752,,h,1,Bauarbeiten,,,,,,,1.0,0.0
7977434207262340946-2609100707-2,7406,2609100710,2609100711,3,,S,S4,Stuttgart Hbf,8005767,Stuttgart Nord,Baden-Württemberg,Stuttgard-Nord,70174,9.188061449,48.80374161,5,2609100711,,2609100712,,,,,,,,,,,1.0,1.0
5109580939104143056-2609100657-2,7508,2609100700,2609100701,3,,S,S5,Stuttgart Hbf,8005767,Stuttgart Nord,Baden-Württemberg,Stuttgard-Nord,70174,9.188061449,48.80374161,5,2609100703,,2609100704,,,,,,,,,,,3.0,3.0
4239966119888045037-2609100737-2,7408,2609100740,2609100741,3,,S,S4,Stuttgart Hbf,8005767,Stuttgart Nord,Baden-Württemberg,Stuttgard-Nord,70174,9.188061449,48.80374161,5,2609100740,,2609100741,,,,,,,,,,,0.0,0.0
4690487155138622402-2609100654-7,7609,2609100709,2609100711,4,,S,S6,Ditzingen|Weilimdorf|Korntal|Neuwirtshaus(Porscheplatz)|Stuttgart-Zuffenhausen|Stuttgart-Feuerbach,8005767,Stuttgart Nord,Baden-Württemberg,Stuttgard-Nord,70174,9.188061449,48.80374161,5,2609100709,,2609100711,,h,1,Bauarbeiten,,,,,,,0.0,0.0
7155033421118958991-2609100707-8,7511,2609100729,2609100731,4,,S,S5,Bietigheim-Bissingen|Tamm(Württ)|Asperg|Ludwigsburg|Kornwestheim Pbf|Stuttgart-Zuffenhausen|Stuttgart-Feuerbach,8005767,Stuttgart Nord,Baden-Württemberg,Stuttgard-Nord,70174,9.188061449,48.80374161,5,2609100731,,2609100732,,,,,,,,,,,2.0,1.0
-4492985109316444691-2609100724-7,7611,2609100739,2609100741,4,,S,S6,Ditzingen|Weilimdorf|Korntal|Neuwirtshaus(Porscheplatz)|Stuttgart-Zuffenhausen|Stuttgart-Feuerbach,8005767,Stuttgart Nord,Baden-Württemberg,Stuttgard-Nord,70174,9.188061449,48.80374161,5,2609100739,,2609100741,,h,1,Bauarbeiten,,,,,,,0.0,0.0
-7991620981716441940-2609100637-8,7509,2609100659,2609100701,4,,S,S5,Bietigheim-Bissingen|Tamm(Württ)|Asperg|Ludwigsburg|Kornwestheim Pbf|Stuttgart-Zuffenhausen|Stuttgart-Feuerbach,8005767,Stuttgart Nord,Baden-Württemberg,Stuttgard-Nord,70174,9.188061449,48.80374161,5,2609100700,,2609100702,,,,,,,,,,,1.0,1.0
8353338401030915198-2609100727-2,7510,2609100730,2609100731,3,,S,S5,Stuttgart Hbf,8005767,Stuttgart Nord,Baden-Württemberg,Stuttgard-Nord,70174,9.188061449,48.80374161,5,2609100732,,2609100733,,,,,,,,,,,2.0,2.0
-5856161558368495320-2609100737-8,7513,2609100759,2609100801,4,,S,S5,Bietigheim-Bissingen|Tamm(Württ)|Asperg|Ludwigsburg|Kornwestheim Pbf|Stuttgart-Zuffenhausen|Stuttgart-Feuerbach,8005767,Stuttgart Nord,Baden-Württemberg,Stuttgard-Nord,70174,9.188061449,48.80374161,5,2609100815,,2609100817,,,,,,,,,,,16.0,16.0
1174251127419777403-2609100703-13,7411,2609100749,2609100751,4,,S,S4,Backnang|Burgstall(Murr)|Kirchberg(Murr)|Erdmannhausen|Marbach(Neckar)|Benningen(Neckar)|Freiberg(Neckar)|Favoritepark|Ludwigsburg|Kornwestheim Pbf|Stuttgart-Zuffenhausen|Stuttgart-Feuerbach,8005767,Stuttgart Nord,Baden-Württemberg,Stuttgard-Nord,70174,9.188061449,48.80374161,5,2609100751,,2609100753,,,,,,,,,,,2.0,2.0
-7676551856859768075-2609100633-13,7209,2609100702,2609100703,1,,S,S2,Schorndorf|Weiler(Rems)|Winterbach(b Schorndorf)|Geradstetten|Grunbach|Beutelsbach|Endersbach|Stetten-Beinstein|Rommelshausen|Waiblingen|Fellbach|Stuttgart-Sommerrain,8004357,Stuttgart Nürnberger Straße,Baden-Württemberg,Stuttgart,70374,9.234576905,48.80656062,5,2609100702,,2609100703,,h,2,Bauarbeiten,,,,,,,0.0,0.0
-2915141727268180381-2609100711-10,7311,2609100737,2609100738,1,,S,S3,Backnang|Maubach|Nellmersbach|Winnenden|Schwaikheim|Neustadt-Hohenacker|Waiblingen|Fellbach|Stuttgart-Sommerrain,8004357,Stuttgart Nürnberger Straße,Baden-Württemberg,Stuttgart,70374,9.234576905,48.80656062,5,2609100739,,2609100740,,,,,,,,,,,2.0,2.0
-5260417069663625653-2609100720-3,7208,2609100727,2609100727,4,,S,S2,Stuttgart Hbf|Stuttgart-Bad Cannstatt,8004357,Stuttgart Nürnberger Straße,Baden-Württemberg,Stuttgart,70374,9.234576905,48.80656062,5,2609100728,,2609100728,,h,2,Bauarbeiten,,,,,,,1.0,1.0
-6595517868678510983-2609100703-13,7211,2609100732,2609100733,1,,S,S2,Schorndorf|Weiler(Rems)|Winterbach(b Schorndorf)|Geradstetten|Grunbach|Beutelsbach|Endersbach|Stetten-Beinstein|Rommelshausen|Waiblingen|Fellbach|Stuttgart-Sommerrain,8004357,Stuttgart Nürnberger Straße,Baden-Württemberg,Stuttgart,70374,9.234576905,48.80656062,5,2609100732,,2609100733,,h,2,Bauarbeiten,,,,,,,0.0,0.0
-6187813548789768480-2609100750-3,7210,2609100757,2609100757,4,,S,S2,Stuttgart Hbf|Stuttgart-Bad Cannstatt,8004357,Stuttgart Nürnberger Straße,Baden-Württemberg,Stuttgart,70374,9.234576905,48.80656062,5,2609100757,,2609100758,,h,2,Bauarbeiten,,,,,,,0.0,1.0
3577709664347333137-2609100712-3,7308,2609100722,2609100722,4,,S,S3,Stuttgart Hbf|Stuttgart-Bad Cannstatt,8004357,Stuttgart Nürnberger Straße,Baden-Württemberg,Stuttgart,70374,9.234576905,48.80656062,5,2609100722,,2609100723,,,,,,,,,,,0.0,1.0
-8714228285082007604-2609100742-3,7310,2609100752,2609100752,4,,S,S3,Stuttgart Hbf|Stuttgart-Bad Cannstatt,8004357,Stuttgart Nürnberger Straße,Baden-Württemberg,Stuttgart,70374,9.234576905,48.80656062,5,2609100752,,2609100754,,,,,,,,,,,0.0,2.0
5784758985011942046-2609100641-10,7309,2609100707,2609100708,1,,S,S3,Backnang|Maubach|Nellmersbach|Winnenden|Schwaikheim|Neustadt-Hohenacker|Waiblingen|Fellbach|Stuttgart-Sommerrain,8004357,Stuttgart Nürnberger Straße,Baden-Württemberg,Stuttgart,70374,9.234576905,48.80656062,5,2609100707,,2609100708,,,,,,,,,,,0.0,0.0
-6750459440429737938-2609100755-2,7112,2609100758,2609100759,3,,S,S1,Stuttgart Hbf,8005769,Stuttgart-Bad Cannstatt,Baden-Württemberg,Stuttgart,70372,9.217468636,48.80127978,3,2609100758,,2609100800,,,,,,,,,,,0.0,1.0
7502879632717750314-2609100614-9,19216,2609100701,2609100702,5,,RE,MEX12,Reutlingen Hbf|Metzingen(Württ)|Bempflingen|Nürtingen|Oberboihingen|Wendlingen(Neckar)|Plochingen|Esslingen(Neckar),8005769,Stuttgart-Bad Cannstatt,Baden-Württemberg,Stuttgart,70372,9.217468636,48.80127978,3,2609100704,1,2609100705,1,h,2,Störung,,,,,,,3.0,3.0
4974521703574606086-2609100648-15,19118,2609100746,2609100747,5,,ARV,MEX16,Geislingen(Steige)|Geislingen(Steige)West|Kuchen|Gingen(Fils)|Süßen|Salach|Eislingen(Fils)|Göppingen|Faurndau|Uhingen|Ebersbach(Fils)|Reichenbach(Fils)|Plochingen|Esslingen(Neckar),8005769,Stuttgart-Bad Cannstatt,Baden-Württemberg,Stuttgart,70372,9.217468636,48.80127978,3,2609100759,5,2609100800,5,,,,,,,,,,13.0,13.0
-7676551856859768075-2609100633-14,7209,2609100705,2609100706,2,,S,S2,Schorndorf|Weiler(Rems)|Winterbach(b Schorndorf)|Geradstetten|Grunbach|Beutelsbach|Endersbach|Stetten-Beinstein|Rommelshausen|Waiblingen|Fellbach|Stuttgart-Sommerrain|Stuttgart Nürnberger Str.,8005769,Stuttgart-Bad Cannstatt,Baden-Württemberg,Stuttgart,70372,9.217468636,48.80127978,3,2609100706,,2609100707,,h,2,Bauarbeiten,,,,,,,1.0,1.0
-6655970972115007016-2609100650-14,7111,2609100730,2609100731,2,,S,S1,Kirchheim(Teck)|Kirchheim(Teck)-Ötlingen|Wendlingen(Neckar)|Wernau(Neckar)|Plochingen|Altbach|Esslingen-Zell|Oberesslingen|Esslingen(Neckar)|Esslingen-Mettingen|Stuttgart-Obertürkheim|Stuttgart-Untertürkheim|Stuttgart Neckarpark,8005769,Stuttgart-Bad Cannstatt,Baden-Württemberg,Stuttgart,70372,9.217468636,48.80127978,3,2609100732,,2609100733,,,,,,,,,,,2.0,2.0
1080395120727352298-2609100754-2,17511,2609100757,2609100758,7,,RB,MEX90,Stuttgart Hbf,8005769,Stuttgart-Bad Cannstatt,Baden-Württemberg,Stuttgart,70372,9.217468636,48.80127978,3,2609100759,,2609100800,,h,2,Störung,,,,,,,2.0,2.0
-2915141727268180381-2609100711-11,7311,2609100741,2609100743,2,,S,S3,Backnang|Maubach|Nellmersbach|Winnenden|Schwaikheim|Neustadt-Hohenacker|Waiblingen|Fellbach|Stuttgart-Sommerrain|Stuttgart Nürnberger Str.,8005769,Stuttgart-Bad Cannstatt,Baden-Württemberg,Stuttgart,70372,9.217468636,48.80127978,3,2609100743,,2609100744,,,,,,,,,,,2.0,1.0
-5260417069663625653-2609100720-2,7208,2609100724,2609100724,3,,S,S2,Stuttgart Hbf,8005769,Stuttgart-Bad Cannstatt,Baden-Württemberg,Stuttgart,70372,9.217468636,48.80127978,3,2609100724,,2609100725,,h,2,Bauarbeiten,,,,,,,0.0,1.0
-7300822635158528158-2609100635-13,89684,2609100759,2609100800,6,,ARV,RE90,Crailsheim|Eckartshausen-Ilshofen|Schwäbisch Hall-Hessental|Gaildorf West|Fichtenberg|Fornsbach|Murrhardt|Sulzbach(Murr)|Oppenweiler(Württ)|Backnang|Winnenden|Waiblingen,8005769,Stuttgart-Bad Cannstatt,Baden-Württemberg,Stuttgart,70372,9.217468636,48.80127978,3,2609100810,,2609100811,,h,2,Information,,,,,,,11.0,11.0
5468407054639694482-2609100653-10,19351,2609100755,2609100755,8,,RE,MEX12,Heilbronn Hbf|Nordheim(Württ)|Lauffen(Neckar)|Kirchheim(Neckar)|Walheim(Württ)|Besigheim|Bietigheim-Bissingen|Ludwigsburg|Stuttgart Hbf,8005769,Stuttgart-Bad Cannstatt,Baden-Württemberg,Stuttgart,70372,9.217468636,48.80127978,3,2609100756,4,2609100757,4,h,2,Störung,,,,,,,1.0,2.0
-6595517868678510983-2609100703-14,7211,2609100735,2609100736,2,,S,S2,Schorndorf|Weiler(Rems)|Winterbach(b Schorndorf)|Geradstetten|Grunbach|Beutelsbach|Endersbach|Stetten-Beinstein|Rommelshausen|Waiblingen|Fellbach|Stuttgart-Sommerrain|Stuttgart Nürnberger Str.,8005769,Stuttgart-Bad Cannstatt,Baden-Württemberg,Stuttgart,70372,9.217468636,48.80127978,3,2609100736,,2609100736,,h,2,Bauarbeiten,,,,,,,1.0,0.0
-5962810489381537859-2609100739-2,19121,2609100742,2609100743,8,,ARV,MEX16,Stuttgart Hbf,8005769,Stuttgart-Bad Cannstatt,Baden-Württemberg,Stuttgart,70372,9.217468636,48.80127978,3,2609100746,4,2609100747,4,,,,,,,,,,4.0,4.0
-4136739553637756736-2609100720-2,19457,2609100724,2609100725,7,,ARV,MEX13,Stuttgart Hbf,8005769,Stuttgart-Bad Cannstatt,Baden-Württemberg,Stuttgart,70372,9.217468636,48.80127978,3,2609100725,,2609100725,,h,2,Information,,,,,,,1.0,0.0
-6563980521276274745-2609100747-2,19407,2609100751,2609100752,7,,ARV,MEX13,Stuttgart Hbf,8005769,Stuttgart-Bad Cannstatt,Baden-Württemberg,Stuttgart,70372,9.217468636,48.80127978,3,2609100751,,2609100752,,h,2,Information,,,,,,,0.0,0.0
3914164515653575626-2609100700-2,19119,2609100703,2609100706,8,,ARV,MEX16,Stuttgart Hbf,8005769,Stuttgart-Bad Cannstatt,Baden-Württemberg,Stuttgart,70372,9.217468636,48.80127978,3,2609100710,4,2609100710,4,,,,,,,,,,7.0,4.0
-6187813548789768480-2609100750-2,7210,2609100754,2609100754,3,,S,S2,Stuttgart Hbf,8005769,Stuttgart-Bad Cannstatt,Baden-Württemberg,Stuttgart,70372,9.217468636,48.80127978,3,2609100754,,2609100754,,h,2,Bauarbeiten,,,,,,,0.0,0.0
-4004163488000567729-2609100605-13,17510,2609100728,2609100728,6,,RB,MEX90,Crailsheim|Eckartshausen-Ilshofen|Schwäbisch Hall-Hessental|Gaildorf West|Fichtenberg|Fornsbach|Murrhardt|Sulzbach(Murr)|Oppenweiler(Württ)|Backnang|Winnenden|Waiblingen,8005769,Stuttgart-Bad Cannstatt,Baden-Württemberg,Stuttgart,70372,9.217468636,48.80127978,3,2609100728,,2609100728,,h,2,Störung,,,,,,,0.0,0.0
3577709664347333137-2609100712-2,7308,2609100716,2609100719,3,,S,S3,Stuttgart Hbf,8005769,Stuttgart-Bad Cannstatt,Baden-Württemberg,Stuttgart,70372,9.217468636,48.80127978,3,2609100716,,2609100719,,,,,,,,,,,0.0,0.0
-7333231527529019300-2609100509-19,19450,2609100706,2609100709,6,,ARV,MEX13,Crailsheim|Jagstzell|Ellwangen|Schrezheim|Schwabsberg|Goldshöfe|Hofen(b Aalen)|Wasseralfingen|Aalen Hbf|Mögglingen(Gmünd)|Böbingen(Rems)|Schwäbisch Gmünd|Lorch(Württ)|Waldhausen(b Schorndorf)|Plüderhausen|Urbach(b Schorndorf)|Schorndorf|Waiblingen,8005769,Stuttgart-Bad Cannstatt,Baden-Württemberg,Stuttgart,70372,9.217468636,48.80127978,3,2609100706,,2609100710,,h,2,Störung,,,,,,,0.0,1.0
9133098357832980471-2609100620-14,7109,2609100700,2609100701,2,,S,S1,Kirchheim(Teck)|Kirchheim(Teck)-Ötlingen|Wendlingen(Neckar)|Wernau(Neckar)|Plochingen|Altbach|Esslingen-Zell|Oberesslingen|Esslingen(Neckar)|Esslingen-Mettingen|Stuttgart-Obertürkheim|Stuttgart-Untertürkheim|Stuttgart Neckarpark,8005769,Stuttgart-Bad Cannstatt,Baden-Württemberg,Stuttgart,70372,9.217468636,48.80127978,3,2609100702,,2609100703,,,,,,,,,,,2.0,2.0
8151800894683998336-2609100726-2,17509,2609100730,2609100730,7,,RB,MEX19,Stuttgart Hbf,8005769,Stuttgart-Bad Cannstatt,Baden-Württemberg,Stuttgart,70372,9.217468636,48.80127978,3,2609100730,,2609100731,,,,,,,,,,,0.0,1.0
-8714228285082007604-2609100742-2,7310,2609100746,2609100749,3,,S,S3,Stuttgart Hbf,8005769,Stuttgart-Bad Cannstatt,Baden-Württemberg,Stuttgart,70372,9.217468636,48.80127978,3,2609100747,,2609100749,,,,,,,,,,,1.0,0.0
5784758985011942046-2609100641-11,7309,2609100711,2609100713,2,,S,S3,Backnang|Maubach|Nellmersbach|Winnenden|Schwaikheim|Neustadt-Hohenacker|Waiblingen|Fellbach|Stuttgart-Sommerrain|Stuttgart Nürnberger Str.,8005769,Stuttgart-Bad Cannstatt,Baden-Württemberg,Stuttgart,70372,9.217468636,48.80127978,3,2609100711,,2609100713,,,,,,,,,,,0.0,0.0
-4918736573732270498-2609100635-11,19410,2609100734,2609100735,6,,ARV,MEX13,Aalen Hbf|Mögglingen(Gmünd)|Böbingen(Rems)|Schwäbisch Gmünd|Lorch(Württ)|Waldhausen(b Schorndorf)|Plüderhausen|Urbach(b Schorndorf)|Schorndorf|Waiblingen,8005769,Stuttgart-Bad Cannstatt,Baden-Württemberg,Stuttgart,70372,9.217468636,48.80127978,3,2609100735,,2609100736,,h,2,Information,,,,,,,1.0,1.0
7541002194531759853-2609100546-21,19116,2609100712,2609100712,5,,ARV,MEX16,Ulm Hbf|Beimerstetten|Westerstetten|Lonsee|Urspring|Amstetten(Württ)|Geislingen(Steige)|Geislingen(Steige)West|Kuchen|Gingen(Fils)|Süßen|Salach|Eislingen(Fils)|Göppingen|Faurndau|Uhingen|Ebersbach(Fils)|Reichenbach(Fils)|Plochingen|Esslingen(Neckar),8005769,Stuttgart-Bad Cannstatt,Baden-Württemberg,Stuttgart,70372,9.217468636,48.80127978,3,2609100717,5,2609100719,5,,,,,,,,,,5.0,7.0
2394736871359748075-2609100725-2,7110,2609100728,2609100729,3,,S,S1,Stuttgart Hbf,8005769,Stuttgart-Bad Cannstatt,Baden-Württemberg,Stuttgart,70372,9.217468636,48.80127978,3,2609100729,,2609100729,,,,,,,,,,,1.0,0.0
-680601506952995478-2609100630-5,19218,2609100722,2609100723,5,,RE,RE6,Reutlingen Hbf|Metzingen(Württ)|Nürtingen|Plochingen,8005769,Stuttgart-Bad Cannstatt,Baden-Württemberg,Stuttgart,70372,9.217468636,48.80127978,3,2609100740,1,2609100743,1,h,2,Störung,,,,,,,18.0,20.0
-7338711269232336111-2609100633-12,7409,2609100716,2609100717,1,,S,S4,Backnang|Burgstall(Murr)|Kirchberg(Murr)|Erdmannhausen|Marbach(Neckar)|Benningen(Neckar)|Freiberg(Neckar)|Favoritepark|Ludwigsburg|Kornwestheim Pbf|Stuttgart-Zuffenhausen,8005770,Stuttgart-Feuerbach,Baden-Württemberg,Feuerbach,70469,9.169186287,48.81363554,3,2609100721,,2609100722,,,,,,,,,,,5.0,5.0
4871684490979924868-2609100717-3,7608,2609100724,2609100724,2,,S,S6,Stuttgart Hbf|Stuttgart Nordbahnhof,8005770,Stuttgart-Feuerbach,Baden-Württemberg,Feuerbach,70469,9.169186287,48.81363554,3,2609100724,,2609100724,,h,1,Bauarbeiten,,,,,,,0.0,0.0
6922079602389085921-2609100747-3,7610,2609100754,2609100754,2,,S,S6,Stuttgart Hbf|Stuttgart Nordbahnhof,8005770,Stuttgart-Feuerbach,Baden-Württemberg,Feuerbach,70469,9.169186287,48.81363554,3,2609100754,,2609100754,,h,1,Bauarbeiten,,,,,,,0.0,0.0
7977434207262340946-2609100707-3,7406,2609100713,2609100714,2,,S,S4,Stuttgart Hbf|Stuttgart Nordbahnhof,8005770,Stuttgart-Feuerbach,Baden-Württemberg,Feuerbach,70469,9.169186287,48.81363554,3,2609100714,,2609100714,,,,,,,,,,,1.0,0.0
5109580939104143056-2609100657-3,7508,2609100703,2609100704,2,,S,S5,Stuttgart Hbf|Stuttgart Nordbahnhof,8005770,Stuttgart-Feuerbach,Baden-Württemberg,Feuerbach,70469,9.169186287,48.81363554,3,2609100706,,2609100706,,,,,,,,,,,3.0,2.0
4239966119888045037-2609100737-3,7408,2609100743,2609100744,2,,S,S4,Stuttgart Hbf|Stuttgart Nordbahnhof,8005770,Stuttgart-Feuerbach,Baden-Württemberg,Feuerbach,70469,9.169186287,48.81363554,3,2609100743,,2609100744,,,,,,,,,,,0.0,0.0
4690487155138622402-2609100654-6,7609,2609100706,2609100706,1,,S,S6,Ditzingen|Weilimdorf|Korntal|Neuwirtshaus(Porscheplatz)|Stuttgart-Zuffenhausen,8005770,Stuttgart-Feuerbach,Baden-Württemberg,Feuerbach,70469,9.169186287,48.81363554,3,2609100706,,2609100706,,h,1,Bauarbeiten,,,,,,,0.0,0.0
7155033421118958991-2609100707-7,7511,2609100726,2609100726,1,,S,S5,Bietigheim-Bissingen|Tamm(Württ)|Asperg|Ludwigsburg|Kornwestheim Pbf|Stuttgart-Zuffenhausen,8005770,Stuttgart-Feuerbach,Baden-Württemberg,Feuerbach,70469,9.169186287,48.81363554,3,2609100729,,2609100729,,,,,,,,,,,3.0,3.0
-4492985109316444691-2609100724-6,7611,2609100736,2609100736,1,,S,S6,Ditzingen|Weilimdorf|Korntal|Neuwirtshaus(Porscheplatz)|Stuttgart-Zuffenhausen,8005770,Stuttgart-Feuerbach,Baden-Württemberg,Feuerbach,70469,9.169186287,48.81363554,3,2609100736,,2609100736,,h,1,Bauarbeiten,,,,,,,0.0,0.0
8353338401030915198-2609100727-3,7510,2609100733,2609100734,2,,S,S5,Stuttgart Hbf|Stuttgart Nordbahnhof,8005770,Stuttgart-Feuerbach,Baden-Württemberg,Feuerbach,70469,9.169186287,48.81363554,3,2609100734,,2609100735,,,,,,,,,,,1.0,1.0
-5856161558368495320-2609100737-7,7513,2609100756,2609100756,1,,S,S5,Bietigheim-Bissingen|Tamm(Württ)|Asperg|Ludwigsburg|Kornwestheim Pbf|Stuttgart-Zuffenhausen,8005770,Stuttgart-Feuerbach,Baden-Württemberg,Feuerbach,70469,9.169186287,48.81363554,3,2609100812,,2609100813,,,,,,,,,,,16.0,17.0
1174251127419777403-2609100703-12,7411,2609100746,2609100747,1,,S,S4,Backnang|Burgstall(Murr)|Kirchberg(Murr)|Erdmannhausen|Marbach(Neckar)|Benningen(Neckar)|Freiberg(Neckar)|Favoritepark|Ludwigsburg|Kornwestheim Pbf|Stuttgart-Zuffenhausen,8005770,Stuttgart-Feuerbach,Baden-Württemberg,Feuerbach,70469,9.169186287,48.81363554,3,2609100749,,2609100750,,,,,,,,,,,3.0,3.0
8759418788528928451-2609100655-5,7108,2609100707,2609100707,6,,S,S1,Stuttgart Hbf|Stuttgart-Bad Cannstatt|Stuttgart Neckarpark|Stuttgart-Untertürkheim,8005772,Stuttgart-Obertürkheim,Baden-Württemberg,Stuttgart,70329,9.268167932,48.76175015,4,2609100707,,2609100707,,,,,,,,,,,0.0,0.0
-6655970972115007016-2609100650-11,7111,2609100722,2609100722,5,,S,S1,Kirchheim(Teck)|Kirchheim(Teck)-Ötlingen|Wendlingen(Neckar)|Wernau(Neckar)|Plochingen|Altbach|Esslingen-Zell|Oberesslingen|Esslingen(Neckar)|Esslingen-Mettingen,8005772,Stuttgart-Obertürkheim,Baden-Württemberg,Stuttgart,70329,9.268167932,48.76175015,4,2609100723,,2609100724,,,,,,,,,,,1.0,2.0
-7709757529463307534-2609100720-11,7113,2609100752,2609100752,5,,S,S1,Kirchheim(Teck)|Kirchheim(Teck)-Ötlingen|Wendlingen(Neckar)|Wernau(Neckar)|Plochingen|Altbach|Esslingen-Zell|Oberesslingen|Esslingen(Neckar)|Esslingen-Mettingen,8005772,Stuttgart-Obertürkheim,Baden-Württemberg,Stuttgart,70329,9.268167932,48.76175015,4,2609100754,,2609100755,,,,,,,,,,,2.0,3.0
2394736871359748075-2609100725-5,7110,2609100737,2609100737,6,,S,S1,Stuttgart Hbf|Stuttgart-Bad Cannstatt|Stuttgart Neckarpark|Stuttgart-Untertürkheim,8005772,Stuttgart-Obertürkheim,Baden-Württemberg,Stuttgart,70329,9.268167932,48.76175015,4,2609100737,,2609100737,,,,,,,,,,,0.0,0.0
-6419417749381061705-2609100716-2,7709,2609100717,2609100723,2,,S,S1,Stuttgart-Vaihingen,8005773,Stuttgart-Rohr,Baden-Württemberg,Stuttgart,70565,9.108158025,48.71799427,4,2609100718,,2609100723,,,,,,,,,,,1.0,0.0
-6501547905667268041-2609100703-6,7908,2609100718,2609100719,3,,S,S2,Filderstadt|Stuttgart Flughafen/Messe|Echterdingen|Leinfelden|Oberaichen,8005773,Stuttgart-Rohr,Baden-Württemberg,Stuttgart,70565,9.108158025,48.71799427,4,2609100721,,2609100722,,,,,,,,,,,3.0,3.0
925944172323548863-2609100733-6,7910,2609100748,2609100749,3,,S,S2,Filderstadt|Stuttgart Flughafen/Messe|Echterdingen|Leinfelden|Oberaichen,8005773,Stuttgart-Rohr,Baden-Württemberg,Stuttgart,70565,9.108158025,48.71799427,4,2609100748,,2609100749,,,,,,,,,,,0.0,0.0
3303772125527124508-2609100746-2,7711,2609100747,2609100753,2,,S,S1,Stuttgart-Vaihingen,8005773,Stuttgart-Rohr,Baden-Württemberg,Stuttgart,70565,9.108158025,48.71799427,4,2609100747,,2609100753,,,,,,,,,,,0.0,0.0
-2823205682233144346-2609100646-8,7710,2609100707,2609100708,3,,S,S1,Herrenberg|Nufringen|Gärtringen|Ehningen(b Böblingen)|Hulb|Böblingen|Goldberg(Württ),8005773,Stuttgart-Rohr,Baden-Württemberg,Stuttgart,70565,9.108158025,48.71799427,4,2609100709,,2609100709,,,,,,,,,,,2.0,1.0
-250858146386556166-2609100716-8,7712,2609100737,2609100738,3,,S,S1,Herrenberg|Nufringen|Gärtringen|Ehningen(b Böblingen)|Hulb|Böblingen|Goldberg(Württ),8005773,Stuttgart-Rohr,Baden-Württemberg,Stuttgart,70565,9.108158025,48.71799427,4,2609100742,,2609100743,,,,,,,,,,,5.0,5.0
3101834224134177917-2609100735-2,7911,2609100736,2609100742,2,,S,S2,Stuttgart-Vaihingen,8005773,Stuttgart-Rohr,Baden-Württemberg,Stuttgart,70565,9.108158025,48.71799427,4,2609100737,,2609100743,,,,,,,,,,,1.0,1.0
-6719809372287513512-2609100705-2,7909,2609100706,2609100712,2,,S,S2,Stuttgart-Vaihingen,8005773,Stuttgart-Rohr,Baden-Württemberg,Stuttgart,70565,9.108158025,48.71799427,4,2609100707,,2609100712,,,,,,,,,,,1.0,0.0
-7676551856859768075-2609100633-12,7209,2609100700,2609100700,1,,S,S2,Schorndorf|Weiler(Rems)|Winterbach(b Schorndorf)|Geradstetten|Grunbach|Beutelsbach|Endersbach|Stetten-Beinstein|Rommelshausen|Waiblingen|Fellbach,8005774,Stuttgart-Sommerrain,Baden-Württemberg,Stuttgart,70374,9.248369749,48.81521824,5,2609100700,,2609100701,,h,2,Bauarbeiten,,,,,,,0.0,1.0
-2915141727268180381-2609100711-9,7311,2609100735,2609100735,1,,S,S3,Backnang|Maubach|Nellmersbach|Winnenden|Schwaikheim|Neustadt-Hohenacker|Waiblingen|Fellbach,8005774,Stuttgart-Sommerrain,Baden-Württemberg,Stuttgart,70374,9.248369749,48.81521824,5,2609100736,,2609100737,,,,,,,,,,,1.0,2.0
-5260417069663625653-2609100720-4,7208,2609100729,2609100729,4,,S,S2,Stuttgart Hbf|Stuttgart-Bad Cannstatt|Stuttgart Nürnberger Str.,8005774,Stuttgart-Sommerrain,Baden-Württemberg,Stuttgart,70374,9.248369749,48.81521824,5,2609100730,,2609100731,,h,2,Bauarbeiten,,,,,,,1.0,2.0
-6595517868678510983-2609100703-12,7211,2609100730,2609100730,1,,S,S2,Schorndorf|Weiler(Rems)|Winterbach(b Schorndorf)|Geradstetten|Grunbach|Beutelsbach|Endersbach|Stetten-Beinstein|Rommelshausen|Waiblingen|Fellbach,8005774,Stuttgart-Sommerrain,Baden-Württemberg,Stuttgart,70374,9.248369749,48.81521824,5,2609100730,,2609100730,,h,2,Bauarbeiten,,,,,,,0.0,0.0
-6187813548789768480-2609100750-4,7210,2609100759,2609100759,4,,S,S2,Stuttgart Hbf|Stuttgart-Bad Cannstatt|Stuttgart Nürnberger Str.,8005774,Stuttgart-Sommerrain,Baden-Württemberg,Stuttgart,70374,9.248369749,48.81521824,5,2609100759,,2609100800,,h,2,Bauarbeiten,,,,,,,0.0,1.0
3577709664347333137-2609100712-4,7308,2609100724,2609100724,4,,S,S3,Stuttgart Hbf|Stuttgart-Bad Cannstatt|Stuttgart Nürnberger Str.,8005774,Stuttgart-Sommerrain,Baden-Württemberg,Stuttgart,70374,9.248369749,48.81521824,5,2609100724,,2609100725,,,,,,,,,,,0.0,1.0
-8714228285082007604-2609100742-4,7310,2609100754,2609100754,4,,S,S3,Stuttgart Hbf|Stuttgart-Bad Cannstatt|Stuttgart Nürnberger Str.,8005774,Stuttgart-Sommerrain,Baden-Württemberg,Stuttgart,70374,9.248369749,48.81521824,5,2609100755,,2609100756,,,,,,,,,,,1.0,2.0
5784758985011942046-2609100641-9,7309,2609100705,2609100705,1,,S,S3,Backnang|Maubach|Nellmersbach|Winnenden|Schwaikheim|Neustadt-Hohenacker|Waiblingen|Fellbach,8005774,Stuttgart-Sommerrain,Baden-Württemberg,Stuttgart,70374,9.248369749,48.81521824,5,2609100705,,2609100706,,,,,,,,,,,0.0,1.0
8759418788528928451-2609100655-4,7108,2609100704,2609100704,6,,S,S1,Stuttgart Hbf|Stuttgart-Bad Cannstatt|Stuttgart Neckarpark,8005775,Stuttgart-Untertürkheim Pbf,Baden-Württemberg,Stuttgart,70327,9.250467074,48.77984679,3,2609100704,,2609100704,,,,,,,,,,,0.0,0.0
-6655970972115007016-2609100650-12,7111,2609100725,2609100725,5,,S,S1,Kirchheim(Teck)|Kirchheim(Teck)-Ötlingen|Wendlingen(Neckar)|Wernau(Neckar)|Plochingen|Altbach|Esslingen-Zell|Oberesslingen|Esslingen(Neckar)|Esslingen-Mettingen|Stuttgart-Obertürkheim,8005775,Stuttgart-Untertürkheim Pbf,Baden-Württemberg,Stuttgart,70327,9.250467074,48.77984679,3,2609100726,,2609100727,,,,,,,,,,,1.0,2.0
-7709757529463307534-2609100720-12,7113,2609100755,2609100755,5,,S,S1,Kirchheim(Teck)|Kirchheim(Teck)-Ötlingen|Wendlingen(Neckar)|Wernau(Neckar)|Plochingen|Altbach|Esslingen-Zell|Oberesslingen|Esslingen(Neckar)|Esslingen-Mettingen|Stuttgart-Obertürkheim,8005775,Stuttgart-Untertürkheim Pbf,Baden-Württemberg,Stuttgart,70327,9.250467074,48.77984679,3,2609100757,,2609100758,,,,,,,,,,,2.0,3.0
2394736871359748075-2609100725-4,7110,2609100734,2609100734,6,,S,S1,Stuttgart Hbf|Stuttgart-Bad Cannstatt|Stuttgart Neckarpark,8005775,Stuttgart-Untertürkheim Pbf,Baden-Württemberg,Stuttgart,70327,9.250467074,48.77984679,3,2609100734,,2609100734,,,,,,,,,,,0.0,0.0
-6419417749381061705-2609100716-1,7709,,2609100716,,,S,S1,,8005776,Stuttgart-Vaihingen,Baden-Württemberg,Stuttgart,70563,9.113913368,48.72698116,3,,,2609100716,,,,,,,,,,,0.0,0.0
-6501547905667268041-2609100703-7,7908,2609100720,,2,,S,,Filderstadt|Stuttgart Flughafen/Messe|Echterdingen|Leinfelden|Oberaichen|Stuttgart-Rohr,8005776,Stuttgart-Vaihingen,Baden-Württemberg,Stuttgart,70563,9.113913368,48.72698116,3,2609100723,,,,,,,,,,,,,3.0,0.0
-1423004611531480380-2609100611-16,17622,2609100727,2609100728,4,,RE,RE14b,Freudenstadt Hbf|Grüntal-Wittlensweiler|Dornstetten-Aach|Dornstetten|Schopfloch(b Freudenstadt)|Bittelbronn|Horb-Heiligenfeld|Hochdorf(b Horb)|Eutingen Nord|Eutingen im Gäu|Ergenzingen|Bondorf(b Herrenberg)|Gäufelden|Herrenberg|Böblingen,8005776,Stuttgart-Vaihingen,Baden-Württemberg,Stuttgart,70563,9.113913368,48.72698116,3,2609100731,,2609100732,,,,,,,,,,,4.0,4.0
925944172323548863-2609100733-7,7910,2609100750,,2,,S,,Filderstadt|Stuttgart Flughafen/Messe|Echterdingen|Leinfelden|Oberaichen|Stuttgart-Rohr,8005776,Stuttgart-Vaihingen,Baden-Württemberg,Stuttgart,70563,9.113913368,48.72698116,3,2609100750,,,,,,,,,,,,,0.0,0.0
-7470739865433470471-2609100733-2,28470,2609100741,2609100741,4,,RE,RESB,Böblingen,8005776,Stuttgart-Vaihingen,Baden-Württemberg,Stuttgart,70563,9.113913368,48.72698116,3,2609100755,,2609100756,,,,,,,,,,,14.0,15.0
5907647912001809871-2609100604-11,17618,2609100727,2609100728,4,,RE,RE14a,Rottweil|Oberndorf(Neckar)|Sulz(Neckar)|Horb|Eutingen im Gäu|Ergenzingen|Bondorf(b Herrenberg)|Gäufelden|Herrenberg|Böblingen,8005776,Stuttgart-Vaihingen,Baden-Württemberg,Stuttgart,70563,9.113913368,48.72698116,3,2609100731,,2609100732,,,,,,,,,,,4.0,4.0
3303772125527124508-2609100746-1,7711,,2609100746,,,S,S1,,8005776,Stuttgart-Vaihingen,Baden-Württemberg,Stuttgart,70563,9.113913368,48.72698116,3,,,2609100746,,,,,,,,,,,0.0,0.0
-2823205682233144346-2609100646-9,7710,2609100710,,3,,S,,Herrenberg|Nufringen|Gärtringen|Ehningen(b Böblingen)|Hulb|Böblingen|Goldberg(Württ)|Stuttgart-Rohr,8005776,Stuttgart-Vaihingen,Baden-Württemberg,Stuttgart,70563,9.113913368,48.72698116,3,2609100711,,,,,,,,,,,,,1.0,0.0
-250858146386556166-2609100716-9,7712,2609100740,,3,,S,,Herrenberg|Nufringen|Gärtringen|Ehningen(b Böblingen)|Hulb|Böblingen|Goldberg(Württ)|Stuttgart-Rohr,8005776,Stuttgart-Vaihingen,Baden-Württemberg,Stuttgart,70563,9.113913368,48.72698116,3,2609100744,,,,,,,,,,,,,4.0,0.0
-4846270582383547234-2609100703-2,28471,2609100718,2609100718,4,,RE,RESB,Stuttgart Hbf,8005776,Stuttgart-Vaihingen,Baden-Württemberg,Stuttgart,70563,9.113913368,48.72698116,3,2609100722,,2609100723,,,,,,,,,,,4.0,5.0
704671570927090549-2609100648-2,17615,2609100701,2609100701,1,,RE,RB14a,Stuttgart Hbf,8005776,Stuttgart-Vaihingen,Baden-Württemberg,Stuttgart,70563,9.113913368,48.72698116,3,2609100727,,2609100728,,,,,,,,,,,26.0,27.0
3101834224134177917-2609100735-1,7911,,2609100735,,,S,S2,,8005776,Stuttgart-Vaihingen,Baden-Württemberg,Stuttgart,70563,9.113913368,48.72698116,3,,,2609100736,,,,,,,,,,,0.0,1.0
1552305657484636498-2609100732-5,17628,2609100757,2609100758,4,,RE,RE14a,Bondorf(b Herrenberg)|Gäufelden|Herrenberg|Böblingen,8005776,Stuttgart-Vaihingen,Baden-Württemberg,Stuttgart,70563,9.113913368,48.72698116,3,2609100758,,2609100759,,,,,,,,,,,1.0,1.0
-6719809372287513512-2609100705-1,7909,,2609100705,,,S,S2,,8005776,Stuttgart-Vaihingen,Baden-Württemberg,Stuttgart,70563,9.113913368,48.72698116,3,,,2609100705,,,,,,,,,,,0.0,0.0
-775244220373788191-2609100530-11,1184,2609100745,2609100747,4,,IC,,Schaffhausen|Singen(Hohentwiel)|Engen|Tuttlingen|Spaichingen|Rottweil|Oberndorf(Neckar)|Sulz(Neckar)|Horb|Herrenberg,8005776,Stuttgart-Vaihingen,Baden-Württemberg,Stuttgart,70563,9.113913368,48.72698116,3,2609100823,,2609100823,,h,2,Information,,,Schaffhausen|Singen(Hohentwiel)|Engen|Tuttlingen|Spaichingen|Rottweil|Oberndorf(Neckar)|Sulz(Neckar)|Horb|Herrenberg,Stuttgart Hbf,p,p,38.0,36.0
6787092299889453682-2609100550-10,51184,2609100745,2609100747,4,,RE,IC87,Singen(Hohentwiel)|Engen|Tuttlingen|Spaichingen|Rottweil|Oberndorf(Neckar)|Sulz(Neckar)|Horb|Herrenberg,8005776,Stuttgart-Vaihingen,Baden-Württemberg,Stuttgart,70563,9.113913368,48.72698116,3,2609100823,,2609100824,,h,2,Information,,,Singen(Hohentwiel)|Engen|Tuttlingen|Spaichingen|Rottweil|Oberndorf(Neckar)|Sulz(Neckar)|Horb|Herrenberg,Stuttgart Hbf,p,p,38.0,37.0
4812840936901474420-2609100754-2,7613,2609100756,2609100756,2,,S,S6,Ditzingen,8006268,Stuttgart-Weilimdorf,Baden-Württemberg,Stuttgart,70499,9.094370086,48.82208429,5,2609100756,,2609100756,,h,1,Bauarbeiten,,,,,,,0.0,0.0
-4466015209665819118-2609100647-7,7606,2609100703,2609100704,1,,S,S6,Stuttgart Hbf|Stuttgart Nordbahnhof|Stuttgart-Feuerbach|Stuttgart-Zuffenhausen|Neuwirtshaus(Porscheplatz)|Korntal,8006268,Stuttgart-Weilimdorf,Baden-Württemberg,Stuttgart,70499,9.094370086,48.82208429,5,2609100704,,2609100705,,h,1,Bauarbeiten,,,,,,,1.0,1.0
4871684490979924868-2609100717-7,7608,2609100733,2609100734,1,,S,S6,Stuttgart Hbf|Stuttgart Nordbahnhof|Stuttgart-Feuerbach|Stuttgart-Zuffenhausen|Neuwirtshaus(Porscheplatz)|Korntal,8006268,Stuttgart-Weilimdorf,Baden-Württemberg,Stuttgart,70499,9.094370086,48.82208429,5,2609100734,,2609100735,,h,1,Bauarbeiten,,,,,,,1.0,1.0
-4492985109316444691-2609100724-2,7611,2609100726,2609100726,2,,S,S6,Ditzingen,8006268,Stuttgart-Weilimdorf,Baden-Württemberg,Stuttgart,70499,9.094370086,48.82208429,5,2609100726,,2609100727,,h,1,Bauarbeiten,,,,,,,0.0,1.0
-7338711269232336111-2609100633-11,7409,2609100713,2609100714,2,,S,S4,Backnang|Burgstall(Murr)|Kirchberg(Murr)|Erdmannhausen|Marbach(Neckar)|Benningen(Neckar)|Freiberg(Neckar)|Favoritepark|Ludwigsburg|Kornwestheim Pbf,8005778,Stuttgart-Zuffenhausen,Baden-Württemberg,Stuttgart,70435,9.167156375,48.82960884,3,2609100719,,2609100720,,,,,,,,,,,6.0,6.0
4871684490979924868-2609100717-4,7608,2609100726,2609100727,11,,S,S6,Stuttgart Hbf|Stuttgart Nordbahnhof|Stuttgart-Feuerbach,8005778,Stuttgart-Zuffenhausen,Baden-Württemberg,Stuttgart,70435,9.167156375,48.82960884,3,2609100726,,2609100728,,h,1,Bauarbeiten,,,,,,,0.0,1.0
6922079602389085921-2609100747-4,7610,2609100756,2609100757,11,,S,S6,Stuttgart Hbf|Stuttgart Nordbahnhof|Stuttgart-Feuerbach,8005778,Stuttgart-Zuffenhausen,Baden-Württemberg,Stuttgart,70435,9.167156375,48.82960884,3,2609100756,,2609100757,,h,1,Bauarbeiten,,,,,,,0.0,0.0
7977434207262340946-2609100707-4,7406,2609100716,2609100717,4,,S,S4,Stuttgart Hbf|Stuttgart Nordbahnhof|Stuttgart-Feuerbach,8005778,Stuttgart-Zuffenhausen,Baden-Württemberg,Stuttgart,70435,9.167156375,48.82960884,3,2609100717,,2609100718,,,,,,,,,,,1.0,1.0
5109580939104143056-2609100657-4,7508,2609100706,2609100707,4,,S,S5,Stuttgart Hbf|Stuttgart Nordbahnhof|Stuttgart-Feuerbach,8005778,Stuttgart-Zuffenhausen,Baden-Württemberg,Stuttgart,70435,9.167156375,48.82960884,3,2609100708,,2609100715,,,,,,,,,,,2.0,8.0
4239966119888045037-2609100737-4,7408,2609100746,2609100747,4,,S,S4,Stuttgart Hbf|Stuttgart Nordbahnhof|Stuttgart-Feuerbach,8005778,Stuttgart-Zuffenhausen,Baden-Württemberg,Stuttgart,70435,9.167156375,48.82960884,3,2609100746,,2609100748,,,,,,,,,,,0.0,1.0
4690487155138622402-2609100654-5,7609,2609100703,2609100704,12,,S,S6,Ditzingen|Weilimdorf|Korntal|Neuwirtshaus(Porscheplatz),8005778,Stuttgart-Zuffenhausen,Baden-Württemberg,Stuttgart,70435,9.167156375,48.82960884,3,2609100703,,2609100704,,h,1,Bauarbeiten,,,,,,,0.0,0.0
7155033421118958991-2609100707-6,7511,2609100723,2609100724,2,,S,S5,Bietigheim-Bissingen|Tamm(Württ)|Asperg|Ludwigsburg|Kornwestheim Pbf,8005778,Stuttgart-Zuffenhausen,Baden-Württemberg,Stuttgart,70435,9.167156375,48.82960884,3,2609100727,,2609100727,,,,,,,,,,,4.0,3.0
-4492985109316444691-2609100724-5,7611,2609100733,2609100734,12,,S,S6,Ditzingen|Weilimdorf|Korntal|Neuwirtshaus(Porscheplatz),8005778,Stuttgart-Zuffenhausen,Baden-Württemberg,Stuttgart,70435,9.167156375,48.82960884,3,2609100733,,2609100734,,h,1,Bauarbeiten,,,,,,,0.0,0.0
8353338401030915198-2609100727-4,7510,2609100736,2609100737,4,,S,S5,Stuttgart Hbf|Stuttgart Nordbahnhof|Stuttgart-Feuerbach,8005778,Stuttgart-Zuffenhausen,Baden-Württemberg,Stuttgart,70435,9.167156375,48.82960884,3,2609100737,,2609100738,,,,,,,,,,,1.0,1.0
-5856161558368495320-2609100737-6,7513,2609100753,2609100754,2,,S,S5,Bietigheim-Bissingen|Tamm(Württ)|Asperg|Ludwigsburg|Kornwestheim Pbf,8005778,Stuttgart-Zuffenhausen,Baden-Württemberg,Stuttgart,70435,9.167156375,48.82960884,3,2609100810,,2609100811,,,,,,,,,,,17.0,17.0
1174251127419777403-2609100703-11,7411,2609100743,2609100744,2,,S,S4,Backnang|Burgstall(Murr)|Kirchberg(Murr)|Erdmannhausen|Marbach(Neckar)|Benningen(Neckar)|Freiberg(Neckar)|Favoritepark|Ludwigsburg|Kornwestheim Pbf,8005778,Stuttgart-Zuffenhausen,Baden-Württemberg,Stuttgart,70435,9.167156375,48.82960884,3,2609100746,,2609100747,,,,,,,,,,,3.0,3.0
5109580939104143056-2609100657-8,7508,2609100720,2609100720,3,,S,S5,Stuttgart Hbf|Stuttgart Nordbahnhof|Stuttgart-Feuerbach|Stuttgart-Zuffenhausen|Kornwestheim Pbf|Ludwigsburg|Asperg,8005820,Tamm (Württ),Baden-Württemberg,Tamm,71732,9.125288012,48.92187736,4,2609100728,,2609100728,,,,,,,,,,,8.0,8.0
7155033421118958991-2609100707-2,7511,2609100710,2609100710,2,,S,S5,Bietigheim-Bissingen,8005820,Tamm (Württ),Baden-Württemberg,Tamm,71732,9.125288012,48.92187736,4,2609100710,,2609100710,,,,,,,,,,,0.0,0.0
8353338401030915198-2609100727-8,7510,2609100750,2609100750,3,,S,S5,Stuttgart Hbf|Stuttgart Nordbahnhof|Stuttgart-Feuerbach|Stuttgart-Zuffenhausen|Kornwestheim Pbf|Ludwigsburg|Asperg,8005820,Tamm (Württ),Baden-Württemberg,Tamm,71732,9.125288012,48.92187736,4,2609100750,,2609100751,,,,,,,,,,,0.0,1.0
-5856161558368495320-2609100737-2,7513,2609100740,2609100740,2,,S,S5,Bietigheim-Bissingen,8005820,Tamm (Württ),Baden-Württemberg,Tamm,71732,9.125288012,48.92187736,4,2609100747,,2609100748,,,,,,,,,,,7.0,8.0
-6211003010298504877-2609100642-6,7306,2609100659,2609100700,3,,S,S3,Stuttgart Hbf|Stuttgart-Bad Cannstatt|Stuttgart Nürnberger Str.|Stuttgart-Sommerrain|Fellbach,8000180,Waiblingen,Baden-Württemberg,Waiblingen,71332,9.300476874,48.8262444,3,2609100659,,2609100700,,,,,,,,,,,0.0,0.0
3965518062033575210-2609100650-6,7206,2609100704,2609100705,7,,S,S2,Stuttgart Hbf|Stuttgart-Bad Cannstatt|Stuttgart Nürnberger Str.|Stuttgart-Sommerrain|Fellbach,8000180,Waiblingen,Baden-Württemberg,Waiblingen,71332,9.300476874,48.8262444,3,2609100705,,2609100706,,h,2,Bauarbeiten,,,,,,,1.0,1.0
3888224273021493436-2609100733-10,7213,2609100754,2609100755,5,,S,S2,Schorndorf|Weiler(Rems)|Winterbach(b Schorndorf)|Geradstetten|Grunbach|Beutelsbach|Endersbach|Stetten-Beinstein|Rommelshausen,8000180,Waiblingen,Baden-Württemberg,Waiblingen,71332,9.300476874,48.8262444,3,2609100758,,2609100759,,h,2,Bauarbeiten,,,,,,,4.0,4.0
-2915141727268180381-2609100711-7,7311,2609100729,2609100730,1,,S,S3,Backnang|Maubach|Nellmersbach|Winnenden|Schwaikheim|Neustadt-Hohenacker,8000180,Waiblingen,Baden-Württemberg,Waiblingen,71332,9.300476874,48.8262444,3,2609100731,,2609100732,,,,,,,,,,,2.0,2.0
8037374960848513675-2609100648-3,19405,2609100702,2609100702,6,,ARV,MEX13,Stuttgart Hbf|Stuttgart-Bad Cannstatt,8000180,Waiblingen,Baden-Württemberg,Waiblingen,71332,9.300476874,48.8262444,3,2609100702,,2609100703,,h,2,Information,,,,,,,0.0,1.0
-5260417069663625653-2609100720-6,7208,2609100734,2609100735,7,,S,S2,Stuttgart Hbf|Stuttgart-Bad Cannstatt|Stuttgart Nürnberger Str.|Stuttgart-Sommerrain|Fellbach,8000180,Waiblingen,Baden-Württemberg,Waiblingen,71332,9.300476874,48.8262444,3,2609100736,,2609100737,,h,2,Bauarbeiten,,,,,,,2.0,2.0
-7300822635158528158-2609100635-12,89684,2609100752,2609100752,1,,ARV,RE90,Crailsheim|Eckartshausen-Ilshofen|Schwäbisch Hall-Hessental|Gaildorf West|Fichtenberg|Fornsbach|Murrhardt|Sulzbach(Murr)|Oppenweiler(Württ)|Backnang|Winnenden,8000180,Waiblingen,Baden-Württemberg,Waiblingen,71332,9.300476874,48.8262444,3,2609100803,,2609100804,,h,2,Information,,,,,,,11.0,12.0
-6595517868678510983-2609100703-10,7211,2609100724,2609100725,5,,S,S2,Schorndorf|Weiler(Rems)|Winterbach(b Schorndorf)|Geradstetten|Grunbach|Beutelsbach|Endersbach|Stetten-Beinstein|Rommelshausen,8000180,Waiblingen,Baden-Württemberg,Waiblingen,71332,9.300476874,48.8262444,3,2609100724,,2609100725,,h,2,Bauarbeiten,,,,,,,0.0,0.0
-4136739553637756736-2609100720-3,19457,2609100732,2609100732,6,,ARV,MEX13,Stuttgart Hbf|Stuttgart-Bad Cannstatt,8000180,Waiblingen,Baden-Württemberg,Waiblingen,71332,9.300476874,48.8262444,3,2609100733,7,2609100733,7,h,2,Information,,,,,,,1.0,1.0
-5465477625088129487-2609100636-16,19452,2609100758,2609100758,6,,ARV,MEX13,Ellwangen|Schrezheim|Schwabsberg|Goldshöfe|Hofen(b Aalen)|Wasseralfingen|Aalen Hbf|Mögglingen(Gmünd)|Böbingen(Rems)|Schwäbisch Gmünd|Lorch(Württ)|Waldhausen(b Schorndorf)|Plüderhausen|Urbach(b Schorndorf)|Schorndorf,8000180,Waiblingen,Baden-Württemberg,Waiblingen,71332,9.300476874,48.8262444,3,2609100809,,2609100809,,h,2,Information,,,,,,,11.0,11.0
-4004163488000567729-2609100605-12,17510,2609100720,2609100721,1,,RB,MEX90,Crailsheim|Eckartshausen-Ilshofen|Schwäbisch Hall-Hessental|Gaildorf West|Fichtenberg|Fornsbach|Murrhardt|Sulzbach(Murr)|Oppenweiler(Württ)|Backnang|Winnenden,8000180,Waiblingen,Baden-Württemberg,Waiblingen,71332,9.300476874,48.8262444,3,2609100720,,2609100721,,h,2,Störung,,,,,,,0.0,0.0
3577709664347333137-2609100712-6,7308,2609100729,2609100730,3,,S,S3,Stuttgart Hbf|Stuttgart-Bad Cannstatt|Stuttgart Nürnberger Str.|Stuttgart-Sommerrain|Fellbach,8000180,Waiblingen,Baden-Württemberg,Waiblingen,71332,9.300476874,48.8262444,3,2609100730,,2609100731,,,,,,,,,,,1.0,1.0
8151800894683998336-2609100726-3,17509,2609100737,2609100738,3,,RB,MEX19,Stuttgart Hbf|Stuttgart-Bad Cannstatt,8000180,Waiblingen,Baden-Württemberg,Waiblingen,71332,9.300476874,48.8262444,3,2609100737,,2609100738,,,,,,,,,,,0.0,0.0
-8714228285082007604-2609100742-6,7310,2609100759,2609100800,3,,S,S3,Stuttgart Hbf|Stuttgart-Bad Cannstatt|Stuttgart Nürnberger Str.|Stuttgart-Sommerrain|Fellbach,8000180,Waiblingen,Baden-Württemberg,Waiblingen,71332,9.300476874,48.8262444,3,2609100800,,2609100802,,,,,,,,,,,1.0,2.0
1183603668671718907-2609100741-7,7313,2609100759,2609100800,1,,S,S3,Backnang|Maubach|Nellmersbach|Winnenden|Schwaikheim|Neustadt-Hohenacker,8000180,Waiblingen,Baden-Württemberg,Waiblingen,71332,9.300476874,48.8262444,3,2609100759,,2609100800,,,,,,,,,,,0.0,0.0
5784758985011942046-2609100641-7,7309,2609100659,2609100700,1,,S,S3,Backnang|Maubach|Nellmersbach|Winnenden|Schwaikheim|Neustadt-Hohenacker,8000180,Waiblingen,Baden-Württemberg,Waiblingen,71332,9.300476874,48.8262444,3,2609100700,,2609100701,,,,,,,,,,,1.0,1.0
-4918736573732270498-2609100635-10,19410,2609100728,2609100728,6,,ARV,MEX13,Aalen Hbf|Mögglingen(Gmünd)|Böbingen(Rems)|Schwäbisch Gmünd|Lorch(Württ)|Waldhausen(b Schorndorf)|Plüderhausen|Urbach(b Schorndorf)|Schorndorf,8000180,Waiblingen,Baden-Württemberg,Waiblingen,71332,9.300476874,48.8262444,3,2609100729,,2609100729,,h,2,Information,,,,,,,1.0,1.0
7902696573559661293-2609100733-1,33861,,2609100733,,,S,S6,,8006271,Weil der Stadt,Baden-Württemberg,Weil der Stadt,71263,8.873189074,48.7557357,4,,,2609100733,2,,,,,,,,,,0.0,0.0
7833477321738378564-2609100713-5,33856,2609100727,,,,S,,Leonberg|Rutesheim|Renningen|Malmsheim,8006271,Weil der Stadt,Baden-Württemberg,Weil der Stadt,71263,8.873189074,48.7557357,4,2609100728,2,,,,,,,,,,,,1.0,0.0
-4136157841439230125-2609100740-5,26133,2609100758,,141,,SWE,,Calw|Calw-Heumaden|Althengstett|Ostelsheim,8006271,Weil der Stadt,Baden-Württemberg,Weil der Stadt,71263,8.873189074,48.7557357,4,2609100759,,,,,,,,,,,,,1.0,0.0
769857179872068324-2609100717-1,26130,,2609100717,,,SWE,RB76,,8006271,Weil der Stadt,Baden-Württemberg,Weil der Stadt,71263,8.873189074,48.7557357,4,,,2609100717,,,,,,,,,,,0.0,0.0
-5823901558938223341-2609100742-2,26132,2609100745,2609100747,141,,SWE,RB76,Renningen,8006271,Weil der Stadt,Baden-Württemberg,Weil der Stadt,71263,8.873189074,48.7557357,4,2609100748,,2609100748,,,,,,,,,,,3.0,1.0
4912576580386250148-2609100743-5,33858,2609100757,,,,S,,Leonberg|Rutesheim|Renningen|Malmsheim,8006271,Weil der Stadt,Baden-Württemberg,Weil der Stadt,71263,8.873189074,48.7557357,4,2609100758,2,,,,,,,,,,,,1.0,0.0
2236282585249039413-2609100703-1,33859,,2609100703,,,S,S6,,8006271,Weil der Stadt,Baden-Württemberg,Weil der Stadt,71263,8.873189074,48.7557357,4,,,2609100703,2,,,,,,,,,,0.0,0.0
7234702021475349629-2609100710-5,26131,2609100728,2609100728,141,,SWE,RB76,Calw|Calw-Heumaden|Althengstett|Ostelsheim,8006271,Weil der Stadt,Baden-Württemberg,Weil der Stadt,71263,8.873189074,48.7557357,4,2609100728,,2609100728,,,,,,,,,,,0.0,0.0
3965518062033575210-2609100650-14,7206,2609100722,2609100722,1,,S,S2,Stuttgart Hbf|Stuttgart-Bad Cannstatt|Stuttgart Nürnberger Str.|Stuttgart-Sommerrain|Fellbach|Waiblingen|Rommelshausen|Stetten-Beinstein|Endersbach|Beutelsbach|Grunbach|Geradstetten|Winterbach(b Schorndorf),8006277,Weiler (Rems),Baden-Württemberg,Schorndorf,76314,9.501891172,48.80034585,5,2609100723,,2609100724,,h,2,Bauarbeiten,,,,,,,1.0,2.0
3888224273021493436-2609100733-2,7213,2609100736,2609100736,2,,S,S2,Schorndorf,8006277,Weiler (Rems),Baden-Württemberg,Schorndorf,76314,9.501891172,48.80034585,5,2609100739,,2609100740,,h,2,Bauarbeiten,,,,,,,3.0,4.0
-5260417069663625653-2609100720-14,7208,2609100752,2609100752,1,,S,S2,Stuttgart Hbf|Stuttgart-Bad Cannstatt|Stuttgart Nürnberger Str.|Stuttgart-Sommerrain|Fellbach|Waiblingen|Rommelshausen|Stetten-Beinstein|Endersbach|Beutelsbach|Grunbach|Geradstetten|Winterbach(b Schorndorf),8006277,Weiler (Rems),Baden-Württemberg,Schorndorf,76314,9.501891172,48.80034585,5,2609100753,,2609100754,,h,2,Bauarbeiten,,,,,,,1.0,2.0
-6595517868678510983-2609100703-2,7211,2609100706,2609100706,2,,S,S2,Schorndorf,8006277,Weiler (Rems),Baden-Württemberg,Schorndorf,76314,9.501891172,48.80034585,5,2609100706,,2609100706,,h,2,Bauarbeiten,,,,,,,0.0,0.0
-3543935101138175461-2609100729-3,16046,2609100759,,3,,RE,,Ulm Hbf|Merklingen - Schwäbische Alb,8006331,Wendlingen (Neckar),Baden-Württemberg,Wendlingen am Neckar,73240,9.373662098,48.67368917,3,2609100758,,,,h,2,Störung,,,,,,,-1.0,0.0
8759418788528928451-2609100655-13,7108,2609100732,2609100733,11,,S,S1,Stuttgart Hbf|Stuttgart-Bad Cannstatt|Stuttgart Neckarpark|Stuttgart-Untertürkheim|Stuttgart-Obertürkheim|Esslingen-Mettingen|Esslingen(Neckar)|Oberesslingen|Esslingen-Zell|Altbach|Plochingen|Wernau(Neckar),8006331,Wendlingen (Neckar),Baden-Württemberg,Wendlingen am Neckar,73240,9.373662098,48.67368917,3,2609100734,,2609100735,,,,,,,,,,,2.0,2.0
-7908498233924216314-2609100750-3,7115,2609100757,2609100758,12,,S,S1,Kirchheim(Teck)|Kirchheim(Teck)-Ötlingen,8006331,Wendlingen (Neckar),Baden-Württemberg,Wendlingen am Neckar,73240,9.373662098,48.67368917,3,2609100757,,2609100802,,,,,,,,,,,0.0,4.0
-7709757529463307534-2609100720-3,7113,2609100727,2609100728,12,,S,S1,Kirchheim(Teck)|Kirchheim(Teck)-Ötlingen,8006331,Wendlingen (Neckar),Baden-Württemberg,Wendlingen am Neckar,73240,9.373662098,48.67368917,3,2609100727,,2609100728,,,,,,,,,,,0.0,0.0
5752082848521759462-2609100717-6,19220,2609100741,2609100741,1,,RE,MEX12,Reutlingen Hbf|Metzingen(Württ)|Bempflingen|Nürtingen|Oberboihingen,8006331,Wendlingen (Neckar),Baden-Württemberg,Wendlingen am Neckar,73240,9.373662098,48.67368917,3,2609100742,,2609100743,,h,2,Störung,,,,,,,1.0,2.0
6953740057931963946-2609100629-3,16044,2609100700,,3,,RE,,Ulm Hbf|Merklingen - Schwäbische Alb,8006331,Wendlingen (Neckar),Baden-Württemberg,Wendlingen am Neckar,73240,9.373662098,48.67368917,3,2609100701,,,,h,2,Störung,,,,,,,1.0,0.0
-5963168999968799515-2609100625-13,7106,2609100702,2609100703,11,,S,S1,Stuttgart Hbf|Stuttgart-Bad Cannstatt|Stuttgart Neckarpark|Stuttgart-Untertürkheim|Stuttgart-Obertürkheim|Esslingen-Mettingen|Esslingen(Neckar)|Oberesslingen|Esslingen-Zell|Altbach|Plochingen|Wernau(Neckar),8006331,Wendlingen (Neckar),Baden-Württemberg,Wendlingen am Neckar,73240,9.373662098,48.67368917,3,2609100702,,2609100703,,,,,,,,,,,0.0,0.0
4277366403163715273-2609100557-13,19301,2609100719,2609100720,2,,RE,MEX18,Heilbronn Hbf|Nordheim(Württ)|Lauffen(Neckar)|Kirchheim(Neckar)|Walheim(Württ)|Besigheim|Bietigheim-Bissingen|Ludwigsburg|Stuttgart Hbf|Stuttgart-Bad Cannstatt|Esslingen(Neckar)|Plochingen,8006331,Wendlingen (Neckar),Baden-Württemberg,Wendlingen am Neckar,73240,9.373662098,48.67368917,3,2609100727,,2609100728,,h,2,Störung,,,,,,,8.0,8.0
2311060815632169594-2609100724-1,16045,,2609100724,,,RE,RE200,,8006331,Wendlingen (Neckar),Baden-Württemberg,Wendlingen am Neckar,73240,9.373662098,48.67368917,3,,,2609100724,,h,2,Störung,,,,,,,0.0,0.0
8759418788528928451-2609100655-12,7108,2609100728,2609100729,2,,S,S1,Stuttgart Hbf|Stuttgart-Bad Cannstatt|Stuttgart Neckarpark|Stuttgart-Untertürkheim|Stuttgart-Obertürkheim|Esslingen-Mettingen|Esslingen(Neckar)|Oberesslingen|Esslingen-Zell|Altbach|Plochingen,8006346,Wernau (Neckar),Baden-Württemberg,Wernau (Neckar),73249,9.413654423,48.69417221,4,2609100731,,2609100731,,,,,,,,,,,3.0,2.0
-6655970972115007016-2609100650-4,7111,2609100701,2609100701,1,,S,S1,Kirchheim(Teck)|Kirchheim(Teck)-Ötlingen|Wendlingen(Neckar),8006346,Wernau (Neckar),Baden-Württemberg,Wernau (Neckar),73249,9.413654423,48.69417221,4,2609100701,,2609100701,,,,,,,,,,,0.0,0.0
-7709757529463307534-2609100720-4,7113,2609100731,2609100731,1,,S,S1,Kirchheim(Teck)|Kirchheim(Teck)-Ötlingen|Wendlingen(Neckar),8006346,Wernau (Neckar),Baden-Württemberg,Wernau (Neckar),73249,9.413654423,48.69417221,4,2609100731,,2609100731,,,,,,,,,,,0.0,0.0
2394736871359748075-2609100725-12,7110,2609100758,2609100759,2,,S,S1,Stuttgart Hbf|Stuttgart-Bad Cannstatt|Stuttgart Neckarpark|Stuttgart-Untertürkheim|Stuttgart-Obertürkheim|Esslingen-Mettingen|Esslingen(Neckar)|Oberesslingen|Esslingen-Zell|Altbach|Plochingen,8006346,Wernau (Neckar),Baden-Württemberg,Wernau (Neckar),73249,9.413654423,48.69417221,4,2609100758,,2609100759,,,,,,,,,,,0.0,0.0
-6211003010298504877-2609100642-9,7306,2609100709,2609100709,2,,S,S3,Stuttgart Hbf|Stuttgart-Bad Cannstatt|Stuttgart Nürnberger Str.|Stuttgart-Sommerrain|Fellbach|Waiblingen|Neustadt-Hohenacker|Schwaikheim,8006479,Winnenden,Baden-Württemberg,Winnenden,71364,9.392155928,48.8795625,3,2609100709,,2609100709,,,,,,,,,,,0.0,0.0
-6972089608067190623-2609100644-4,88613,2609100700,2609100701,2,,ARV,RE90,Stuttgart Hbf|Stuttgart-Bad Cannstatt|Waiblingen,8006479,Winnenden,Baden-Württemberg,Winnenden,71364,9.392155928,48.8795625,3,2609100701,,2609100702,,,,,,,,,,,1.0,1.0
-2915141727268180381-2609100711-4,7311,2609100719,2609100720,3,,S,S3,Backnang|Maubach|Nellmersbach,8006479,Winnenden,Baden-Württemberg,Winnenden,71364,9.392155928,48.8795625,3,2609100721,,2609100722,,,,,,,,,,,2.0,2.0
-7300822635158528158-2609100635-11,89684,2609100744,2609100745,3,,ARV,RE90,Crailsheim|Eckartshausen-Ilshofen|Schwäbisch Hall-Hessental|Gaildorf West|Fichtenberg|Fornsbach|Murrhardt|Sulzbach(Murr)|Oppenweiler(Württ)|Backnang,8006479,Winnenden,Baden-Württemberg,Winnenden,71364,9.392155928,48.8795625,3,2609100752,,2609100753,,h,2,Information,,,,,,,8.0,8.0
-4004163488000567729-2609100605-11,17510,2609100712,2609100713,3,,RB,MEX90,Crailsheim|Eckartshausen-Ilshofen|Schwäbisch Hall-Hessental|Gaildorf West|Fichtenberg|Fornsbach|Murrhardt|Sulzbach(Murr)|Oppenweiler(Württ)|Backnang,8006479,Winnenden,Baden-Württemberg,Winnenden,71364,9.392155928,48.8795625,3,2609100712,,2609100713,,h,2,Störung,,,,,,,0.0,0.0
3577709664347333137-2609100712-9,7308,2609100739,2609100739,2,,S,S3,Stuttgart Hbf|Stuttgart-Bad Cannstatt|Stuttgart Nürnberger Str.|Stuttgart-Sommerrain|Fellbach|Waiblingen|Neustadt-Hohenacker|Schwaikheim,8006479,Winnenden,Baden-Württemberg,Winnenden,71364,9.392155928,48.8795625,3,2609100739,,2609100740,,,,,,,,,,,0.0,1.0
8151800894683998336-2609100726-4,17509,2609100744,2609100745,2,,RB,MEX19,Stuttgart Hbf|Stuttgart-Bad Cannstatt|Waiblingen,8006479,Winnenden,Baden-Württemberg,Winnenden,71364,9.392155928,48.8795625,3,2609100744,,2609100745,,,,,,,,,,,0.0,0.0
1183603668671718907-2609100741-4,7313,2609100749,2609100750,3,,S,S3,Backnang|Maubach|Nellmersbach,8006479,Winnenden,Baden-Württemberg,Winnenden,71364,9.392155928,48.8795625,3,2609100749,,2609100750,,,,,,,,,,,0.0,0.0
3965518062033575210-2609100650-13,7206,2609100720,2609100720,2,,S,S2,Stuttgart Hbf|Stuttgart-Bad Cannstatt|Stuttgart Nürnberger Str.|Stuttgart-Sommerrain|Fellbach|Waiblingen|Rommelshausen|Stetten-Beinstein|Endersbach|Beutelsbach|Grunbach|Geradstetten,8006485,Winterbach (b Schorndorf),Baden-Württemberg,Winterbach,73650,9.481549751,48.79842743,4,2609100721,,2609100721,,h,2,Bauarbeiten,,,,,,,1.0,1.0
3888224273021493436-2609100733-3,7213,2609100738,2609100738,1,,S,S2,Schorndorf|Weiler(Rems),8006485,Winterbach (b Schorndorf),Baden-Württemberg,Winterbach,73650,9.481549751,48.79842743,4,2609100741,,2609100742,,h,2,Bauarbeiten,,,,,,,3.0,4.0
-5260417069663625653-2609100720-13,7208,2609100750,2609100750,2,,S,S2,Stuttgart Hbf|Stuttgart-Bad Cannstatt|Stuttgart Nürnberger Str.|Stuttgart-Sommerrain|Fellbach|Waiblingen|Rommelshausen|Stetten-Beinstein|Endersbach|Beutelsbach|Grunbach|Geradstetten,8006485,Winterbach (b Schorndorf),Baden-Württemberg,Winterbach,73650,9.481549751,48.79842743,4,2609100751,,2609100752,,h,2,Bauarbeiten,,,,,,,1.0,2.0
-6595517868678510983-2609100703-3,7211,2609100708,2609100708,1,,S,S2,Schorndorf|Weiler(Rems),8006485,Winterbach (b Schorndorf),Baden-Württemberg,Winterbach,73650,9.481549751,48.79842743,4,2609100708,,2609100708,,h,2,Bauarbeiten,,,,,,,0.0,0.0
2842835760258306804-2609100658-5,7010,2609100715,2609100715,2,,S,S60,Leonberg|Rutesheim|Renningen|Renningen Süd,8003807,Magstadt,Baden-Württemberg,Magstadt,71106,8.965315746,48.73616033,6,2609100716,,2609100717,,h,1,Bauarbeiten,,,,,,,1.0,2.0
8714567639514254110-2609100704-5,7009,2609100713,2609100714,1,,S,S60,Böblingen|Sindelfingen|Maichingen|Maichingen Nord,8003807,Magstadt,Baden-Württemberg,Magstadt,71106,8.965315746,48.73616033,6,2609100715,,2609100716,,h,1,Bauarbeiten,,,,,,,2.0,2.0
4072775096959489473-2609100728-5,7012,2609100745,2609100745,2,,S,S60,Leonberg|Rutesheim|Renningen|Renningen Süd,8003807,Magstadt,Baden-Württemberg,Magstadt,71106,8.965315746,48.73616033,6,2609100746,,2609100746,,h,1,Bauarbeiten,,,,,,,1.0,1.0
3592955462745051107-2609100734-5,7011,2609100743,2609100744,1,,S,S60,Böblingen|Sindelfingen|Maichingen|Maichingen Nord,8003807,Magstadt,Baden-Württemberg,Magstadt,71106,8.965315746,48.73616033,6,2609100744,,2609100745,,h,1,Bauarbeiten,,,,,,,1.0,1.0
2842835760258306804-2609100658-6,7010,2609100717,2609100717,2,,S,S60,Leonberg|Rutesheim|Renningen|Renningen Süd|Magstadt,8003834,Maichingen Nord,Baden-Württemberg,Sindelfingen,71069,8.979416996,48.72750392,5,2609100718,,2609100719,,h,1,Bauarbeiten,,,,,,,1.0,2.0
8714567639514254110-2609100704-4,7009,2609100711,2609100711,1,,S,S60,Böblingen|Sindelfingen|Maichingen,8003834,Maichingen Nord,Baden-Württemberg,Sindelfingen,71069,8.979416996,48.72750392,5,2609100712,,2609100713,,h,1,Bauarbeiten,,,,,,,1.0,2.0
4072775096959489473-2609100728-6,7012,2609100747,2609100747,2,,S,S60,Leonberg|Rutesheim|Renningen|Renningen Süd|Magstadt,8003834,Maichingen Nord,Baden-Württemberg,Sindelfingen,71069,8.979416996,48.72750392,5,2609100748,,2609100748,,h,1,Bauarbeiten,,,,,,,1.0,1.0
3592955462745051107-2609100734-4,7011,2609100741,2609100741,1,,S,S60,Böblingen|Sindelfingen|Maichingen,8003834,Maichingen Nord,Baden-Württemberg,Sindelfingen,71069,8.979416996,48.72750392,5,2609100742,,2609100743,,h,1,Bauarbeiten,,,,,,,1.0,2.0
2842835760258306804-2609100658-7,7010,2609100719,2609100719,1,,S,S60,Leonberg|Rutesheim|Renningen|Renningen Süd|Magstadt|Maichingen Nord,8003808,Maichingen,Baden-Württemberg,Sindelfingen,71069,8.969606704,48.72162074,6,2609100720,,2609100721,,h,1,Bauarbeiten,,,,,,,1.0,2.0
8714567639514254110-2609100704-3,7009,2609100709,2609100710,1,,S,S60,Böblingen|Sindelfingen,8003808,Maichingen,Baden-Württemberg,Sindelfingen,71069,8.969606704,48.72162074,6,2609100710,,2609100711,,h,1,Bauarbeiten,,,,,,,1.0,1.0
4072775096959489473-2609100728-7,7012,2609100749,2609100749,1,,S,S60,Leonberg|Rutesheim|Renningen|Renningen Süd|Magstadt|Maichingen Nord,8003808,Maichingen,Baden-Württemberg,Sindelfingen,71069,8.969606704,48.72162074,6,2609100750,,2609100750,,h,1,Bauarbeiten,,,,,,,1.0,1.0
3592955462745051107-2609100734-3,7011,2609100739,2609100740,1,,S,S60,Böblingen|Sindelfingen,8003808,Maichingen,Baden-Württemberg,Sindelfingen,71069,8.969606704,48.72162074,6,2609100740,,2609100741,,h,1,Bauarbeiten,,,,,,,1.0,1.0
2842835760258306804-2609100658-4,7010,2609100711,2609100711,2,,S,S60,Leonberg|Rutesheim|Renningen,8005001,Renningen Süd,Baden-Württemberg,Renningen,71272,8.932068278,48.76261937,6,2609100712,,2609100713,,h,1,Bauarbeiten,,,,,,,1.0,2.0
8714567639514254110-2609100704-6,7009,2609100717,2609100718,1,,S,S60,Böblingen|Sindelfingen|Maichingen|Maichingen Nord|Magstadt,8005001,Renningen Süd,Baden-Württemberg,Renningen,71272,8.932068278,48.76261937,6,2609100719,,2609100720,,h,1,Bauarbeiten,,,,,,,2.0,2.0
4072775096959489473-2609100728-4,7012,2609100741,2609100741,2,,S,S60,Leonberg|Rutesheim|Renningen,8005001,Renningen Süd,Baden-Württemberg,Renningen,71272,8.932068278,48.76261937,6,2609100742,,2609100743,,h,1,Bauarbeiten,,,,,,,1.0,2.0
3592955462745051107-2609100734-6,7011,2609100747,2609100748,1,,S,S60,Böblingen|Sindelfingen|Maichingen|Maichingen Nord|Magstadt,8005001,Renningen Süd,Baden-Württemberg,Renningen,71272,8.932068278,48.76261937,6,2609100748,,2609100749,,h,1,Bauarbeiten,,,,,,,1.0,1.0
