ID,train_number,planned_arrival,planned_departure,planned_platform,planned_status,category_train,train,path,eva_nr,station_name,station_state,station_city,station_zipcode,station_long,station_lat,station_category,changed_arrival,changed_platform_arrival,changed_departure,changed_platform_departure,message_status,priority,info,arrival_hidden,departure_hidden,arrival_path,departure_path,arrival_status,departure_status,arrival_delay_m,departure_delay_m
2394736871359748075-2608170725-10,7110,2608170750.0,2608170750.0,4,,S,S1,Stuttgart Hbf|Stuttgart-Bad Cannstatt|Stuttgart Neckarpark|Stuttgart-Untertürkheim|Stuttgart-Obertürkheim|Esslingen-Mettingen|Esslingen(Neckar)|Oberesslingen|Esslingen-Zell,8000508,Altbach,Baden-Württemberg,Altbach,73776,9.382434033,48.72031354,3,2608170750.0,,2608170751.0,,,,,,,,,,,0.0,1.0
-6655970972115007016-2608170650-6,7111,2608170709.0,2608170710.0,3,,S,S1,Kirchheim(Teck)|Kirchheim(Teck)-Ötlingen|Wendlingen(Neckar)|Wernau(Neckar)|Plochingen,8000508,Altbach,Baden-Württemberg,Altbach,73776,9.382434033,48.72031354,3,2608170710.0,,2608170710.0,,,,,,,,,,,1.0,0.0
8759418788528928451-2608170655-10,7108,2608170720.0,2608170720.0,4,,S,S1,Stuttgart Hbf|Stuttgart-Bad Cannstatt|Stuttgart Neckarpark|Stuttgart-Untertürkheim|Stuttgart-Obertürkheim|Esslingen-Mettingen|Esslingen(Neckar)|Oberesslingen|Esslingen-Zell,8000508,Altbach,Baden-Württemberg,Altbach,73776,9.382434033,48.72031354,3,2608170722.0,,2608170722.0,,,,,,,,,,,2.0,2.0
-7709757529463307534-2608170720-6,7113,2608170739.0,2608170740.0,3,,S,S1,Kirchheim(Teck)|Kirchheim(Teck)-Ötlingen|Wendlingen(Neckar)|Wernau(Neckar)|Plochingen,8000508,Altbach,Baden-Württemberg,Altbach,73776,9.382434033,48.72031354,3,2608170739.0,,2608170740.0,,,,,,,,,,,0.0,0.0
7155033421118958991-2608170707-3,7511,2608170712.0,2608170713.0,3,,S,S5,Bietigheim-Bissingen|Tamm(Württ),8000630,Asperg,Baden-Württemberg,Asperg,71679,9.147977466,48.90725609,4,2608170712.0,,2608170713.0,,,,,,,,,,,0.0,0.0
5109580939104143056-2608170657-6,7508,2608170717.0,2608170717.0,4,,S,S5,Stuttgart Hbf|Stuttgart Nordbahnhof|Stuttgart-Zuffenhausen|Kornwestheim Pbf|Ludwigsburg,8000630,Asperg,Baden-Württemberg,Asperg,71679,9.147977466,48.90725609,4,2608170717.0,,2608170717.0,,,,,,,,,,,0.0,0.0
-5856161558368495320-2608170737-3,7513,2608170742.0,2608170743.0,3,,S,S5,Bietigheim-Bissingen|Tamm(Württ),8000630,Asperg,Baden-Württemberg,Asperg,71679,9.147977466,48.90725609,4,2608170743.0,,2608170743.0,,,,,,,,,,,1.0,0.0
8353338401030915198-2608170727-6,7510,2608170747.0,2608170747.0,4,,S,S5,Stuttgart Hbf|Stuttgart Nordbahnhof|Stuttgart-Zuffenhausen|Kornwestheim Pbf|Ludwigsburg,8000630,Asperg,Baden-Württemberg,Asperg,71679,9.147977466,48.90725609,4,2608170747.0,,2608170748.0,,,,,,,,,,,0.0,1.0
8151800894683998336-2608170726-5,17509,2608170751.0,2608170752.0,4,,RB,MEX19,Stuttgart Hbf|Stuttgart-Bad Cannstatt|Waiblingen|Winnenden,8000016,Backnang,Baden-Württemberg,Backnang,71522,9.425986107,48.94264844,3,2608170751.0,,2608170752.0,,,,,,,,,,,0.0,0.0
3577709664347333137-2608170712-12,7308,2608170748.0,,5,,S,,Stuttgart Hbf|Stuttgart-Bad Cannstatt|Stuttgart Nürnberger Str.|Stuttgart-Sommerrain|Fellbach|Waiblingen|Neustadt-Hohenacker|Schwaikheim|Winnenden|Nellmersbach|Maubach,8000016,Backnang,Baden-Württemberg,Backnang,71522,9.425986107,48.94264844,3,2608170748.0,,,,,,,,,,,,,0.0,0.0
-7387272772966151444-2608170632-7,17510,2608170704.0,2608170706.0,3,,RB,MEX90,Gaildorf West|Fichtenberg|Fornsbach|Murrhardt|Sulzbach(Murr)|Oppenweiler(Württ),8000016,Backnang,Baden-Württemberg,Backnang,71522,9.425986107,48.94264844,3,2608170704.0,,2608170706.0,,,,,,,,,,,0.0,0.0
8970610329466681156-2608170733-1,7413,,2608170733.0,,,S,S4,,8000016,Backnang,Baden-Württemberg,Backnang,71522,9.425986107,48.94264844,3,,,2608170734.0,,h,1.0,Bauarbeiten,,,,,,,0.0,1.0
1174251127419777403-2608170703-1,7411,,2608170703.0,,,S,S4,,8000016,Backnang,Baden-Württemberg,Backnang,71522,9.425986107,48.94264844,3,,,2608170703.0,,h,1.0,Bauarbeiten,,,,,,,0.0,0.0
1183603668671718907-2608170741-1,7313,,2608170741.0,,,S,S3,,8000016,Backnang,Baden-Württemberg,Backnang,71522,9.425986107,48.94264844,3,,,2608170744.0,,,,,,,,,,,0.0,3.0
-8255187816541177533-2608170637-13,7404,2608170722.0,,1,,S,,Stuttgart Hbf|Stuttgart Nordbahnhof|Stuttgart-Zuffenhausen|Kornwestheim Pbf|Ludwigsburg|Favoritepark|Freiberg(Neckar)|Benningen(Neckar)|Marbach(Neckar)|Erdmannhausen|Kirchberg(Murr)|Burgstall(Murr),8000016,Backnang,Baden-Württemberg,Backnang,71522,9.425986107,48.94264844,3,2608170722.0,,,,,,,,,,,,,0.0,0.0
8994706327786199832-2608170644-5,98229,2608170706.0,2608170707.0,,,ARV,90,Stuttgart Hbf|Stuttgart-Bad Cannstatt|Waiblingen|Winnenden,8000016,Backnang,Baden-Württemberg,Backnang,71522,9.425986107,48.94264844,3,2608170710.0,4.0,2608170711.0,4.0,,,,,,,,,,4.0,4.0
-6211003010298504877-2608170642-12,7306,2608170718.0,,5,,S,,Stuttgart Hbf|Stuttgart-Bad Cannstatt|Stuttgart Nürnberger Str.|Stuttgart-Sommerrain|Fellbach|Waiblingen|Neustadt-Hohenacker|Schwaikheim|Winnenden|Nellmersbach|Maubach,8000016,Backnang,Baden-Württemberg,Backnang,71522,9.425986107,48.94264844,3,2608170720.0,,,,,,,,,,,,,2.0,0.0
7977434207262340946-2608170707-13,7406,2608170752.0,,1,,S,,Stuttgart Hbf|Stuttgart Nordbahnhof|Stuttgart-Zuffenhausen|Kornwestheim Pbf|Ludwigsburg|Favoritepark|Freiberg(Neckar)|Benningen(Neckar)|Marbach(Neckar)|Erdmannhausen|Kirchberg(Murr)|Burgstall(Murr),8000016,Backnang,Baden-Württemberg,Backnang,71522,9.425986107,48.94264844,3,2608170754.0,,,,,,,,,,,,,2.0,0.0
-2915141727268180381-2608170711-1,7311,,2608170711.0,,,S,S3,,8000016,Backnang,Baden-Württemberg,Backnang,71522,9.425986107,48.94264844,3,,,2608170711.0,,,,,,,,,,,0.0,0.0
1954405663998481577-2608170706-7,89684,2608170736.0,2608170737.0,4,,ARV,90,Gaildorf West|Fichtenberg|Fornsbach|Murrhardt|Sulzbach(Murr)|Oppenweiler(Württ),8000016,Backnang,Baden-Württemberg,Backnang,71522,9.425986107,48.94264844,3,2608170740.0,,2608170742.0,,,,,,,,,,,4.0,5.0
8970610329466681156-2608170733-6,7413,2608170757.0,2608170757.0,2,,S,S4,Backnang|Burgstall(Murr)|Kirchberg(Murr)|Erdmannhausen|Marbach(Neckar),8000873,Benningen (Neckar),Baden-Württemberg,Benningen am Neckar,71726,9.244299075,48.94379773,5,2608170757.0,,2608170758.0,,h,1.0,Bauarbeiten,,,,,,,0.0,1.0
1174251127419777403-2608170703-6,7411,2608170727.0,2608170727.0,2,,S,S4,Backnang|Burgstall(Murr)|Kirchberg(Murr)|Erdmannhausen|Marbach(Neckar),8000873,Benningen (Neckar),Baden-Württemberg,Benningen am Neckar,71726,9.244299075,48.94379773,5,2608170728.0,,2608170728.0,,h,1.0,Bauarbeiten,,,,,,,1.0,1.0
-8255187816541177533-2608170637-8,7404,2608170702.0,2608170703.0,1,,S,S4,Stuttgart Hbf|Stuttgart Nordbahnhof|Stuttgart-Zuffenhausen|Kornwestheim Pbf|Ludwigsburg|Favoritepark|Freiberg(Neckar),8000873,Benningen (Neckar),Baden-Württemberg,Benningen am Neckar,71726,9.244299075,48.94379773,5,2608170703.0,,2608170703.0,,,,,,,,,,,1.0,0.0
7977434207262340946-2608170707-8,7406,2608170732.0,2608170733.0,1,,S,S4,Stuttgart Hbf|Stuttgart Nordbahnhof|Stuttgart-Zuffenhausen|Kornwestheim Pbf|Ludwigsburg|Favoritepark|Freiberg(Neckar),8000873,Benningen (Neckar),Baden-Württemberg,Benningen am Neckar,71726,9.244299075,48.94379773,5,2608170735.0,,2608170736.0,,,,,,,,,,,3.0,3.0
3965518062033575210-2608170650-10,7206,2608170713.0,2608170713.0,1,,S,S2,Stuttgart Hbf|Stuttgart-Bad Cannstatt|Stuttgart Nürnberger Str.|Stuttgart-Sommerrain|Fellbach|Waiblingen|Rommelshausen|Stetten-Beinstein|Endersbach,8000934,Beutelsbach,Baden-Württemberg,Weinstadt,71384,9.38551589,48.81038925,5,2608170717.0,,2608170717.0,,h,1.0,Bauarbeiten,,,,,,,4.0,4.0
-6595517868678510983-2608170703-6,7211,2608170715.0,2608170715.0,2,,S,S2,Schorndorf|Weiler(Rems)|Winterbach(b Schorndorf)|Geradstetten|Grunbach,8000934,Beutelsbach,Baden-Württemberg,Weinstadt,71384,9.38551589,48.81038925,5,2608170715.0,,2608170716.0,,h,1.0,Bauarbeiten,,,,,,,0.0,1.0
-5260417069663625653-2608170720-10,7208,2608170743.0,2608170743.0,1,,S,S2,Stuttgart Hbf|Stuttgart-Bad Cannstatt|Stuttgart Nürnberger Str.|Stuttgart-Sommerrain|Fellbach|Waiblingen|Rommelshausen|Stetten-Beinstein|Endersbach,8000934,Beutelsbach,Baden-Württemberg,Weinstadt,71384,9.38551589,48.81038925,5,2608170745.0,,2608170746.0,,h,1.0,Bauarbeiten,,,,,,,2.0,3.0
3888224273021493436-2608170733-6,7213,2608170745.0,2608170745.0,2,,S,S2,Schorndorf|Weiler(Rems)|Winterbach(b Schorndorf)|Geradstetten|Grunbach,8000934,Beutelsbach,Baden-Württemberg,Weinstadt,71384,9.38551589,48.81038925,5,2608170745.0,,2608170745.0,,h,1.0,Bauarbeiten,,,,,,,0.0,0.0
7155033421118958991-2608170707-1,7511,,2608170707.0,,,S,S5,,8000038,Bietigheim-Bissingen,Baden-Württemberg,Bietigheim-Bissingen,74321,9.137217396,48.94794988,2,,,2608170707.0,6.0,,,,,,,,,,0.0,0.0
2579008039338121777-2608170637-7,19093,2608170702.0,,8,,ARV,,Heilbronn Hbf|Nordheim(Württ)|Lauffen(Neckar)|Kirchheim(Neckar)|Walheim(Württ)|Besigheim,8000038,Bietigheim-Bissingen,Baden-Württemberg,Bietigheim-Bissingen,74321,9.137217396,48.94794988,2,2608170719.0,,,,,,,,,,,c,,17.0,0.0
5109580939104143056-2608170657-8,7508,2608170724.0,,5,,S,,Stuttgart Hbf|Stuttgart Nordbahnhof|Stuttgart-Zuffenhausen|Kornwestheim Pbf|Ludwigsburg|Asperg|Tamm(Württ),8000038,Bietigheim-Bissingen,Baden-Württemberg,Bietigheim-Bissingen,74321,9.137217396,48.94794988,2,2608170724.0,6.0,,,,,,,,,,,,0.0,0.0
-6771064447560872824-2608170719-1,74474,,2608170719.0,,,ARV,8,,8000038,Bietigheim-Bissingen,Baden-Württemberg,Bietigheim-Bissingen,74321,9.137217396,48.94794988,2,,,2608170719.0,10.0,,,,,,,,,c,0.0,0.0
6270094812981966772-2608170714-12,19507,2608170750.0,,,,RE,,Pforzheim Hbf|Eutingen(Baden)|Niefern|Enzberg|Mühlacker|Mühlacker Rößlesweg|Illingen(Württ)|Vaihingen(Enz)|Sersheim|Sachsenheim|Ellental,8000038,Bietigheim-Bissingen,Baden-Württemberg,Bietigheim-Bissingen,74321,9.137217396,48.94794988,2,2608170752.0,7.0,,,h,2.0,Information,,,,,,,2.0,0.0
-7033534910208096562-2608170720-2,19055,2608170738.0,,8,,ARV,,Heilbronn Hbf,8000038,Bietigheim-Bissingen,Baden-Württemberg,Bietigheim-Bissingen,74321,9.137217396,48.94794988,2,2608170741.0,9.0,,,,,,,,,,,,3.0,0.0
-9202880448991991601-2608170732-1,19550,,2608170732.0,,,RE,MEX17,,8000038,Bietigheim-Bissingen,Baden-Württemberg,Bietigheim-Bissingen,74321,9.137217396,48.94794988,2,,,2608170733.0,9.0,h,2.0,Information,,,,,,,0.0,1.0
-8322430049446577692-2608170619-16,19605,2608170721.0,2608170722.0,4,,RE,MEX17,Bruchsal|Bretten|Bretten Rechberg|Bretten-Ruit|Knittlingen-Kleinvillars|Ölbronn-Dürrn|Maulbronn West|Ötisheim|Mühlacker|Mühlacker Rößlesweg|Illingen(Württ)|Vaihingen(Enz)|Sersheim|Sachsenheim|Ellental,8000038,Bietigheim-Bissingen,Baden-Württemberg,Bietigheim-Bissingen,74321,9.137217396,48.94794988,2,2608170721.0,,2608170722.0,,h,2.0,Information,,,,,c,c,0.0,0.0
-5856161558368495320-2608170737-1,7513,,2608170737.0,,,S,S5,,8000038,Bietigheim-Bissingen,Baden-Württemberg,Bietigheim-Bissingen,74321,9.137217396,48.94794988,2,,,2608170737.0,6.0,,,,,,,,,,0.0,0.0
8353338401030915198-2608170727-8,7510,2608170754.0,,,,S,,Stuttgart Hbf|Stuttgart Nordbahnhof|Stuttgart-Zuffenhausen|Kornwestheim Pbf|Ludwigsburg|Asperg|Tamm(Württ),8000038,Bietigheim-Bissingen,Baden-Württemberg,Bietigheim-Bissingen,74321,9.137217396,48.94794988,2,2608170754.0,6.0,,,,,,,,,,,,0.0,0.0
-1137199443107740453-2608170704-1,19502,,2608170704.0,,,RE,MEX17,,8000038,Bietigheim-Bissingen,Baden-Württemberg,Bietigheim-Bissingen,74321,9.137217396,48.94794988,2,,,2608170704.0,,h,2.0,Information,,,,,,,0.0,0.0
-3045461427841764391-2608170632-12,19353,2608170755.0,2608170757.0,8,,RE,MEX18,Öhringen-Cappel|Öhringen Hbf|Bretzfeld|Willsbach|Weinsberg|Heilbronn Hbf|Nordheim(Württ)|Lauffen(Neckar)|Kirchheim(Neckar)|Walheim(Württ)|Besigheim,8000038,Bietigheim-Bissingen,Baden-Württemberg,Bietigheim-Bissingen,74321,9.137217396,48.94794988,2,2608170757.0,,2608170758.0,,h,2.0,Information,,,,,,,2.0,1.0
2357672878991631045-2608170616-5,19304,2608170700.0,2608170700.0,10,,RE,MEX18,Plochingen|Esslingen(Neckar)|Kornwestheim Pbf|Ludwigsburg,8000038,Bietigheim-Bissingen,Baden-Württemberg,Bietigheim-Bissingen,74321,9.137217396,48.94794988,2,2608170700.0,,2608170701.0,,h,2.0,Information,,,,,,,0.0,1.0
7502879632717750314-2608170614-12,19216,2608170735.0,2608170736.0,10,,RE,MEX12,Reutlingen Hbf|Metzingen(Württ)|Bempflingen|Nürtingen|Oberboihingen|Wendlingen(Neckar)|Plochingen|Esslingen(Neckar)|Stuttgart-Bad Cannstatt|Stuttgart Hbf|Ludwigsburg,8000038,Bietigheim-Bissingen,Baden-Württemberg,Bietigheim-Bissingen,74321,9.137217396,48.94794988,2,2608170736.0,,2608170737.0,,h,2.0,Bauarbeiten,,,,,,,1.0,1.0
5468407054639694482-2608170653-7,19351,2608170718.0,2608170719.0,8,,RE,MEX12,Heilbronn Hbf|Nordheim(Württ)|Lauffen(Neckar)|Kirchheim(Neckar)|Walheim(Württ)|Besigheim,8000038,Bietigheim-Bissingen,Baden-Württemberg,Bietigheim-Bissingen,74321,9.137217396,48.94794988,2,2608170732.0,,2608170734.0,,h,2.0,Bauarbeiten,,,,,,,14.0,15.0
-6982870468334487879-2608170640-12,19505,2608170721.0,2608170722.0,4,,RE,MEX17,Pforzheim Hbf|Eutingen(Baden)|Niefern|Enzberg|Mühlacker|Mühlacker Rößlesweg|Illingen(Württ)|Vaihingen(Enz)|Sersheim|Sachsenheim|Ellental,8000038,Bietigheim-Bissingen,Baden-Württemberg,Bietigheim-Bissingen,74321,9.137217396,48.94794988,2,2608170721.0,,2608170722.0,,h,2.0,Information,,,,,c,c,0.0,0.0
8714567639514254110-2608170704-1,7009,,2608170704.0,,,S,S60,,8001055,Böblingen,Baden-Württemberg,Böblingen,71034,9.004531864,48.68784871,3,,,2608170704.0,,h,1.0,Bauarbeiten,,,,,,,0.0,0.0
1552305657484636498-2608170732-4,17628,2608170750.0,2608170751.0,2,,RE,RE14a,Bondorf(b Herrenberg)|Gäufelden|Herrenberg,8001055,Böblingen,Baden-Württemberg,Böblingen,71034,9.004531864,48.68784871,3,2608170753.0,,2608170754.0,,h,2.0,Bauarbeiten,,,,,,,3.0,3.0
-2314480797793343036-2608170641-15,7010,2608170726.0,,5,,S,,Stuttgart-Zuffenhausen|Neuwirtshaus(Porscheplatz)|Korntal|Weilimdorf|Ditzingen|Höfingen|Leonberg|Rutesheim|Renningen|Renningen Süd|Magstadt|Maichingen Nord|Maichingen|Sindelfingen,8001055,Böblingen,Baden-Württemberg,Böblingen,71034,9.004531864,48.68784871,3,2608170727.0,,,,h,1.0,Bauarbeiten,,,,,,,1.0,0.0
704671570927090549-2608170648-3,17615,2608170708.0,2608170709.0,5,,RE,RB14a,Stuttgart Hbf|Stuttgart-Vaihingen,8001055,Böblingen,Baden-Württemberg,Böblingen,71034,9.004531864,48.68784871,3,2608170715.0,,2608170717.0,,,,,,,,,,,7.0,8.0
-7972085796287842295-2608170702-12,8057,2608170725.0,,1,,WEG,,Dettenhausen|Weil im Schönbuch Untere Halde|Weil im Schönbuch Röte|Weil im Schönbuch Troppel|Holzgerlingen Buch|Holzgerlingen Bf|Holzgerlingen Hülben|Böblingen Zimmerschlag|Böblingen Heusteigstr|Böblingen Südbf|Böblingen Danziger Str,8001055,Böblingen,Baden-Württemberg,Böblingen,71034,9.004531864,48.68784871,3,2608170728.0,,,,,,,,,,,,,3.0,0.0
-4846270582383547234-2608170703-3,28471,2608170726.0,,2,,RE,,Stuttgart Hbf|Stuttgart-Vaihingen,8001055,Böblingen,Baden-Württemberg,Böblingen,71034,9.004531864,48.68784871,3,2608170738.0,,,,,,,,,,,,,12.0,0.0
3592955462745051107-2608170734-1,7011,,2608170734.0,,,S,S60,,8001055,Böblingen,Baden-Württemberg,Böblingen,71034,9.004531864,48.68784871,3,,,2608170734.0,,h,1.0,Bauarbeiten,,,,,,,0.0,0.0
-1337095994397901486-2608170705-1,8056,,2608170705.0,,,WEG,RB46,,8001055,Böblingen,Baden-Württemberg,Böblingen,71034,9.004531864,48.68784871,3,,,2608170705.0,,,,,,,,,,,0.0,0.0
-8712334694418825968-2608170735-1,8060,,2608170735.0,,,WEG,RB46,,8001055,Böblingen,Baden-Württemberg,Böblingen,71034,9.004531864,48.68784871,3,,,2608170737.0,,,,,,,,,,,0.0,2.0
-1423004611531480380-2608170611-15,17622,2608170720.0,2608170721.0,2,,RE,RE14b,Freudenstadt Hbf|Grüntal-Wittlensweiler|Dornstetten-Aach|Dornstetten|Schopfloch(b Freudenstadt)|Bittelbronn|Horb-Heiligenfeld|Hochdorf(b Horb)|Eutingen Nord|Eutingen im Gäu|Ergenzingen|Bondorf(b Herrenberg)|Gäufelden|Herrenberg,8001055,Böblingen,Baden-Württemberg,Böblingen,71034,9.004531864,48.68784871,3,2608170720.0,,2608170721.0,,,,,,,,,,,0.0,0.0
3947374469134470993-2608170711-15,7012,2608170756.0,,5,,S,,Stuttgart-Zuffenhausen|Neuwirtshaus(Porscheplatz)|Korntal|Weilimdorf|Ditzingen|Höfingen|Leonberg|Rutesheim|Renningen|Renningen Süd|Magstadt|Maichingen Nord|Maichingen|Sindelfingen,8001055,Böblingen,Baden-Württemberg,Böblingen,71034,9.004531864,48.68784871,3,2608170756.0,,,,h,1.0,Bauarbeiten,,,,,,,0.0,0.0
-9135645456789564620-2608170646-4,7707,2608170700.0,2608170700.0,4,,S,S1,Stuttgart-Vaihingen|Stuttgart-Rohr|Goldberg(Württ),8001055,Böblingen,Baden-Württemberg,Böblingen,71034,9.004531864,48.68784871,3,2608170700.0,,2608170701.0,,,,,,,,,,,0.0,1.0
-6419417749381061705-2608170716-4,7709,2608170730.0,2608170730.0,4,,S,S1,Stuttgart-Vaihingen|Stuttgart-Rohr|Goldberg(Württ),8001055,Böblingen,Baden-Württemberg,Böblingen,71034,9.004531864,48.68784871,3,2608170730.0,,2608170731.0,,,,,,,,,,,0.0,1.0
-2823205682233144346-2608170646-6,7710,2608170700.0,2608170700.0,3,,S,S1,Herrenberg|Nufringen|Gärtringen|Ehningen(b Böblingen)|Hulb,8001055,Böblingen,Baden-Württemberg,Böblingen,71034,9.004531864,48.68784871,3,2608170700.0,,2608170701.0,,,,,,,,,,,0.0,1.0
-250858146386556166-2608170716-6,7712,2608170730.0,2608170730.0,3,,S,S1,Herrenberg|Nufringen|Gärtringen|Ehningen(b Böblingen)|Hulb,8001055,Böblingen,Baden-Württemberg,Böblingen,71034,9.004531864,48.68784871,3,2608170730.0,,2608170731.0,,,,,,,,,,,0.0,1.0
8661045071589680025-2608170732-12,8061,2608170755.0,,1,,WEG,,Dettenhausen|Weil im Schönbuch Untere Halde|Weil im Schönbuch Röte|Weil im Schönbuch Troppel|Holzgerlingen Buch|Holzgerlingen Bf|Holzgerlingen Hülben|Böblingen Zimmerschlag|Böblingen Heusteigstr|Böblingen Südbf|Böblingen Danziger Str,8001055,Böblingen,Baden-Württemberg,Böblingen,71034,9.004531864,48.68784871,3,2608170756.0,,,,,,,,,,,,,1.0,0.0
-7470739865433470471-2608170733-1,28470,,2608170733.0,,,RE,RESB,,8001055,Böblingen,Baden-Württemberg,Böblingen,71034,9.004531864,48.68784871,3,,,2608170743.0,,,,,,,,,,,0.0,10.0
5907647912001809871-2608170604-10,17618,2608170720.0,2608170721.0,2,,RE,RE14a,Rottweil|Oberndorf(Neckar)|Sulz(Neckar)|Horb|Eutingen im Gäu|Ergenzingen|Bondorf(b Herrenberg)|Gäufelden|Herrenberg,8001055,Böblingen,Baden-Württemberg,Böblingen,71034,9.004531864,48.68784871,3,2608170720.0,,2608170721.0,,h,2.0,Bauarbeiten,,,,,,,0.0,0.0
8970610329466681156-2608170733-2,7413,2608170737.0,2608170738.0,1,,S,S4,Backnang,8001296,Burgstall (Murr),Baden-Württemberg,Burgstetten,71576,9.36973562,48.92851826,6,2608170738.0,,2608170738.0,,h,1.0,Bauarbeiten,,,,,,,1.0,0.0
1174251127419777403-2608170703-2,7411,2608170707.0,2608170708.0,1,,S,S4,Backnang,8001296,Burgstall (Murr),Baden-Württemberg,Burgstetten,71576,9.36973562,48.92851826,6,2608170707.0,,2608170708.0,,h,1.0,Bauarbeiten,,,,,,,0.0,0.0
-8255187816541177533-2608170637-12,7404,2608170717.0,2608170717.0,1,,S,S4,Stuttgart Hbf|Stuttgart Nordbahnhof|Stuttgart-Zuffenhausen|Kornwestheim Pbf|Ludwigsburg|Favoritepark|Freiberg(Neckar)|Benningen(Neckar)|Marbach(Neckar)|Erdmannhausen|Kirchberg(Murr),8001296,Burgstall (Murr),Baden-Württemberg,Burgstetten,71576,9.36973562,48.92851826,6,2608170717.0,,2608170718.0,,,,,,,,,,,0.0,1.0
7977434207262340946-2608170707-12,7406,2608170747.0,2608170747.0,1,,S,S4,Stuttgart Hbf|Stuttgart Nordbahnhof|Stuttgart-Zuffenhausen|Kornwestheim Pbf|Ludwigsburg|Favoritepark|Freiberg(Neckar)|Benningen(Neckar)|Marbach(Neckar)|Erdmannhausen|Kirchberg(Murr),8001296,Burgstall (Murr),Baden-Württemberg,Burgstetten,71576,9.36973562,48.92851826,6,2608170749.0,,2608170750.0,,,,,,,,,,,2.0,3.0
8714567639514254110-2608170704-11,7009,2608170739.0,2608170739.0,3,,S,S60,Böblingen|Sindelfingen|Maichingen|Maichingen Nord|Magstadt|Renningen Süd|Renningen|Rutesheim|Leonberg|Höfingen,8001476,Ditzingen,Baden-Württemberg,Ditzingen,71254,9.067095186,48.82358726,4,2608170739.0,,2608170740.0,,h,1.0,Bauarbeiten,,,,,,,0.0,1.0
-1347709455583751185-2608170733-7,7613,2608170754.0,2608170754.0,3,,S,S6,Weil der Stadt|Malmsheim|Renningen|Rutesheim|Leonberg|Höfingen,8001476,Ditzingen,Baden-Württemberg,Ditzingen,71254,9.067095186,48.82358726,4,2608170754.0,,2608170755.0,,h,1.0,Bauarbeiten,,,,,,,0.0,1.0
4433222154122274025-2608170703-7,7611,2608170724.0,2608170724.0,3,,S,S6,Weil der Stadt|Malmsheim|Renningen|Rutesheim|Leonberg|Höfingen,8001476,Ditzingen,Baden-Württemberg,Ditzingen,71254,9.067095186,48.82358726,4,2608170724.0,,2608170724.0,,h,1.0,Bauarbeiten,,,,,,,0.0,0.0
1602954825218529829-2608170634-11,7007,2608170709.0,2608170709.0,3,,S,S60,Böblingen|Sindelfingen|Maichingen|Maichingen Nord|Magstadt|Renningen Süd|Renningen|Rutesheim|Leonberg|Höfingen,8001476,Ditzingen,Baden-Württemberg,Ditzingen,71254,9.067095186,48.82358726,4,2608170710.0,,2608170710.0,,h,1.0,Bauarbeiten,,,,,,,1.0,1.0
5835800097238099022-2608170741-5,7014,2608170751.0,2608170751.0,2,,S,S60,Stuttgart-Zuffenhausen|Neuwirtshaus(Porscheplatz)|Korntal|Weilimdorf,8001476,Ditzingen,Baden-Württemberg,Ditzingen,71254,9.067095186,48.82358726,4,2608170751.0,,2608170752.0,,h,1.0,Bauarbeiten,,,,,,,0.0,1.0
5872067968392634034-2608170655-6,7606,2608170706.0,2608170706.0,2,,S,S6,Stuttgart-Feuerbach|Stuttgart-Zuffenhausen|Neuwirtshaus(Porscheplatz)|Korntal|Weilimdorf,8001476,Ditzingen,Baden-Württemberg,Ditzingen,71254,9.067095186,48.82358726,4,2608170706.0,,2608170707.0,,h,1.0,Bauarbeiten,,,,,,,0.0,1.0
3947374469134470993-2608170711-5,7012,2608170721.0,2608170721.0,2,,S,S60,Stuttgart-Zuffenhausen|Neuwirtshaus(Porscheplatz)|Korntal|Weilimdorf,8001476,Ditzingen,Baden-Württemberg,Ditzingen,71254,9.067095186,48.82358726,4,2608170721.0,,2608170721.0,,h,1.0,Bauarbeiten,,,,,,,0.0,0.0
-4074307891664969363-2608170725-6,7608,2608170736.0,2608170736.0,2,,S,S6,Stuttgart-Feuerbach|Stuttgart-Zuffenhausen|Neuwirtshaus(Porscheplatz)|Korntal|Weilimdorf,8001476,Ditzingen,Baden-Württemberg,Ditzingen,71254,9.067095186,48.82358726,4,2608170737.0,,2608170737.0,,h,1.0,Bauarbeiten,,,,,,,1.0,1.0
3101834224134177917-2608170735-5,7911,2608170749.0,2608170750.0,1,,S,S2,Stuttgart-Vaihingen|Stuttgart-Rohr|Oberaichen|Leinfelden,8001650,Echterdingen,Baden-Württemberg,Echterdingen,70771,9.169307175,48.69214787,4,2608170749.0,,2608170750.0,,,,,,,,,,,0.0,0.0
-6719809372287513512-2608170705-5,7909,2608170719.0,2608170720.0,1,,S,S2,Stuttgart-Vaihingen|Stuttgart-Rohr|Oberaichen|Leinfelden,8001650,Echterdingen,Baden-Württemberg,Echterdingen,70771,9.169307175,48.69214787,4,2608170719.0,,2608170720.0,,,,,,,,,,,0.0,0.0
925944172323548863-2608170733-3,7910,2608170740.0,2608170740.0,2,,S,S2,Filderstadt|Stuttgart Flughafen/Messe,8001650,Echterdingen,Baden-Württemberg,Echterdingen,70771,9.169307175,48.69214787,4,2608170740.0,,2608170740.0,,,,,,,,,,,0.0,0.0
-6501547905667268041-2608170703-3,7908,2608170710.0,2608170710.0,2,,S,S2,Filderstadt|Stuttgart Flughafen/Messe,8001650,Echterdingen,Baden-Württemberg,Echterdingen,70771,9.169307175,48.69214787,4,2608170710.0,,2608170710.0,,,,,,,,,,,0.0,0.0
-9135645456789564620-2608170646-6,7707,2608170705.0,2608170705.0,2,,S,S1,Stuttgart-Vaihingen|Stuttgart-Rohr|Goldberg(Württ)|Böblingen|Hulb,8001689,Ehningen (b Böblingen),Baden-Württemberg,Ehningen,71139,8.944310368,48.66275549,4,2608170705.0,,2608170706.0,,,,,,,,,,,0.0,1.0
-6419417749381061705-2608170716-6,7709,2608170735.0,2608170735.0,2,,S,S1,Stuttgart-Vaihingen|Stuttgart-Rohr|Goldberg(Württ)|Böblingen|Hulb,8001689,Ehningen (b Böblingen),Baden-Württemberg,Ehningen,71139,8.944310368,48.66275549,4,2608170735.0,,2608170736.0,,,,,,,,,,,0.0,1.0
7703218303646440626-2608170746-4,7714,2608170755.0,2608170755.0,1,,S,S1,Herrenberg|Nufringen|Gärtringen,8001689,Ehningen (b Böblingen),Baden-Württemberg,Ehningen,71139,8.944310368,48.66275549,4,2608170756.0,,2608170757.0,,,,,,,,,,,1.0,2.0
-250858146386556166-2608170716-4,7712,2608170725.0,2608170725.0,1,,S,S1,Herrenberg|Nufringen|Gärtringen,8001689,Ehningen (b Böblingen),Baden-Württemberg,Ehningen,71139,8.944310368,48.66275549,4,2608170725.0,,2608170725.0,,,,,,,,,,,0.0,0.0
3965518062033575210-2608170650-9,7206,2608170711.0,2608170711.0,2,,S,S2,Stuttgart Hbf|Stuttgart-Bad Cannstatt|Stuttgart Nürnberger Str.|Stuttgart-Sommerrain|Fellbach|Waiblingen|Rommelshausen|Stetten-Beinstein,8001785,Endersbach,Baden-Württemberg,Weinstadt,71384,9.370192421,48.81317323,4,2608170715.0,,2608170716.0,,h,1.0,Bauarbeiten,,,,,,,4.0,5.0
-6595517868678510983-2608170703-7,7211,2608170717.0,2608170717.0,3,,S,S2,Schorndorf|Weiler(Rems)|Winterbach(b Schorndorf)|Geradstetten|Grunbach|Beutelsbach,8001785,Endersbach,Baden-Württemberg,Weinstadt,71384,9.370192421,48.81317323,4,2608170717.0,,2608170718.0,,h,1.0,Bauarbeiten,,,,,,,0.0,1.0
-5260417069663625653-2608170720-9,7208,2608170741.0,2608170741.0,2,,S,S2,Stuttgart Hbf|Stuttgart-Bad Cannstatt|Stuttgart Nürnberger Str.|Stuttgart-Sommerrain|Fellbach|Waiblingen|Rommelshausen|Stetten-Beinstein,8001785,Endersbach,Baden-Württemberg,Weinstadt,71384,9.370192421,48.81317323,4,2608170743.0,,2608170744.0,,h,1.0,Bauarbeiten,,,,,,,2.0,3.0
3888224273021493436-2608170733-7,7213,2608170747.0,2608170747.0,3,,S,S2,Schorndorf|Weiler(Rems)|Winterbach(b Schorndorf)|Geradstetten|Grunbach|Beutelsbach,8001785,Endersbach,Baden-Württemberg,Weinstadt,71384,9.370192421,48.81317323,4,2608170747.0,,2608170747.0,,h,1.0,Bauarbeiten,,,,,,,0.0,0.0
8970610329466681156-2608170733-4,7413,2608170747.0,2608170748.0,1,,S,S4,Backnang|Burgstall(Murr)|Kirchberg(Murr),8001827,Erdmannhausen,Baden-Württemberg,Erdmannhausen,71729,9.298930848,48.9483447,6,2608170749.0,,2608170749.0,,h,1.0,Bauarbeiten,,,,,,,2.0,1.0
1174251127419777403-2608170703-4,7411,2608170717.0,2608170718.0,1,,S,S4,Backnang|Burgstall(Murr)|Kirchberg(Murr),8001827,Erdmannhausen,Baden-Württemberg,Erdmannhausen,71729,9.298930848,48.9483447,6,2608170717.0,,2608170718.0,,h,1.0,Bauarbeiten,,,,,,,0.0,0.0
-8255187816541177533-2608170637-10,7404,2608170710.0,2608170710.0,1,,S,S4,Stuttgart Hbf|Stuttgart Nordbahnhof|Stuttgart-Zuffenhausen|Kornwestheim Pbf|Ludwigsburg|Favoritepark|Freiberg(Neckar)|Benningen(Neckar)|Marbach(Neckar),8001827,Erdmannhausen,Baden-Württemberg,Erdmannhausen,71729,9.298930848,48.9483447,6,2608170710.0,,2608170711.0,,,,,,,,,,,0.0,1.0
7977434207262340946-2608170707-10,7406,2608170740.0,2608170740.0,1,,S,S4,Stuttgart Hbf|Stuttgart Nordbahnhof|Stuttgart-Zuffenhausen|Kornwestheim Pbf|Ludwigsburg|Favoritepark|Freiberg(Neckar)|Benningen(Neckar)|Marbach(Neckar),8001827,Erdmannhausen,Baden-Württemberg,Erdmannhausen,71729,9.298930848,48.9483447,6,2608170741.0,,2608170743.0,,,,,,,,,,,1.0,3.0
-4503411906264484817-2608170449-22,4202,2608170709.0,2608170710.0,3,,RE,RE5,Friedrichshafen Stadt|Meckenbeuren|Ravensburg|Aulendorf|Bad Schussenried|Biberach(Riß) Süd|Biberach(Riß)|Laupheim West|Ulm Hbf|Beimerstetten|Westerstetten|Amstetten(Württ)|Geislingen(Steige)|Kuchen|Gingen(Fils)|Süßen|Göppingen|Uhingen|Ebersbach(Fils)|Reichenbach(Fils)|Plochingen,8001920,Esslingen (Neckar),Baden-Württemberg,Esslingen am Neckar,73728,9.300578149,48.73854148,3,2608170711.0,2.0,2608170714.0,2.0,h,2.0,Störung,,,,,,,2.0,4.0
2880538247563287432-2608170715-2,19306,2608170722.0,2608170723.0,3,,RE,MEX18,Plochingen,8001920,Esslingen (Neckar),Baden-Württemberg,Esslingen am Neckar,73728,9.300578149,48.73854148,3,2608170722.0,,2608170723.0,,h,2.0,Information,,,,,,,0.0,0.0
-3459736231936845373-2608170630-10,19303,2608170734.0,2608170735.0,6,,RE,MEX18,Heilbronn Hbf|Nordheim(Württ)|Lauffen(Neckar)|Kirchheim(Neckar)|Walheim(Württ)|Besigheim|Bietigheim-Bissingen|Ludwigsburg|Kornwestheim Pbf,8001920,Esslingen (Neckar),Baden-Württemberg,Esslingen am Neckar,73728,9.300578149,48.73854148,3,2608170823.0,,2608170824.0,,h,2.0,Information,,,Heilbronn Hbf|Nordheim(Württ)|Lauffen(Neckar)|Kirchheim(Neckar)|Walheim(Württ)|Besigheim|Bietigheim-Bissingen|Ludwigsburg|Kornwestheim Pbf,Plochingen,c,c,49.0,49.0
3914164515653575626-2608170700-3,19119,2608170714.0,2608170720.0,5,,ARV,16,Stuttgart Hbf|Stuttgart-Bad Cannstatt,8001920,Esslingen (Neckar),Baden-Württemberg,Esslingen am Neckar,73728,9.300578149,48.73854148,3,2608170740.0,,2608170741.0,,,,,,,,,,,26.0,21.0
2034711048828426076-2608170536-8,1091,2608170758.0,2608170800.0,5,,ICE,,Saarbrücken Hbf|Homburg(Saar)Hbf|Landstuhl|Kaiserslautern Hbf|Neustadt(Weinstr)Hbf|Ludwigshafen(Rh)Hbf|Mannheim Hbf,8001920,Esslingen (Neckar),Baden-Württemberg,Esslingen am Neckar,73728,9.300578149,48.73854148,3,,,,,,,,,,,,c,c,0.0,0.0
7541002194531759853-2608170546-20,19116,2608170704.0,2608170705.0,3,,ARV,16,Ulm Hbf|Beimerstetten|Westerstetten|Lonsee|Urspring|Amstetten(Württ)|Geislingen(Steige)|Geislingen(Steige)West|Kuchen|Gingen(Fils)|Süßen|Salach|Eislingen(Fils)|Göppingen|Faurndau|Uhingen|Ebersbach(Fils)|Reichenbach(Fils)|Plochingen,8001920,Esslingen (Neckar),Baden-Württemberg,Esslingen am Neckar,73728,9.300578149,48.73854148,3,2608170707.0,6.0,2608170708.0,6.0,,,,,,,,,,3.0,3.0
2394736871359748075-2608170725-7,7110,2608170742.0,2608170743.0,8,,S,S1,Stuttgart Hbf|Stuttgart-Bad Cannstatt|Stuttgart Neckarpark|Stuttgart-Untertürkheim|Stuttgart-Obertürkheim|Esslingen-Mettingen,8001920,Esslingen (Neckar),Baden-Württemberg,Esslingen am Neckar,73728,9.300578149,48.73854148,3,2608170742.0,,2608170743.0,,,,,,,,,,,0.0,0.0
-6655970972115007016-2608170650-9,7111,2608170717.0,2608170717.0,7,,S,S1,Kirchheim(Teck)|Kirchheim(Teck)-Ötlingen|Wendlingen(Neckar)|Wernau(Neckar)|Plochingen|Altbach|Esslingen-Zell|Oberesslingen,8001920,Esslingen (Neckar),Baden-Württemberg,Esslingen am Neckar,73728,9.300578149,48.73854148,3,2608170717.0,,2608170718.0,,,,,,,,,,,0.0,1.0
-397321280238564306-2608170525-5,911,2608170748.0,2608170752.0,6,,ICE,,Köln Hbf|Frankfurt(M) Flughafen Fernbf|Mannheim Hbf|Vaihingen(Enz),8001920,Esslingen (Neckar),Baden-Württemberg,Esslingen am Neckar,73728,9.300578149,48.73854148,3,2608170747.0,,2608170753.0,,,,,,,,,,,-1.0,1.0
-6693394302779421754-2608170631-4,56715,2608170703.0,2608170707.0,5,,RE,MEX18,Ludwigsburg|Stuttgart Hbf|Stuttgart-Bad Cannstatt,8001920,Esslingen (Neckar),Baden-Württemberg,Esslingen am Neckar,73728,9.300578149,48.73854148,3,2608170707.0,8.0,2608170707.0,8.0,c,,,,,,,,,4.0,0.0
1633376945512703812-2608170736-2,4207,2608170745.0,2608170745.0,5,,RE,RE5,Stuttgart Hbf,8001920,Esslingen (Neckar),Baden-Württemberg,Esslingen am Neckar,73728,9.300578149,48.73854148,3,2608170746.0,,2608170747.0,,h,2.0,Störung,,,,,c,c,1.0,2.0
8759418788528928451-2608170655-7,7108,2608170712.0,2608170713.0,8,,S,S1,Stuttgart Hbf|Stuttgart-Bad Cannstatt|Stuttgart Neckarpark|Stuttgart-Untertürkheim|Stuttgart-Obertürkheim|Esslingen-Mettingen,8001920,Esslingen (Neckar),Baden-Württemberg,Esslingen am Neckar,73728,9.300578149,48.73854148,3,2608170714.0,,2608170715.0,,,,,,,,,,,2.0,2.0
4974521703574606086-2608170648-14,19118,2608170740.0,2608170740.0,3,,ARV,16,Geislingen(Steige)|Geislingen(Steige)West|Kuchen|Gingen(Fils)|Süßen|Salach|Eislingen(Fils)|Göppingen|Faurndau|Uhingen|Ebersbach(Fils)|Reichenbach(Fils)|Plochingen,8001920,Esslingen (Neckar),Baden-Württemberg,Esslingen am Neckar,73728,9.300578149,48.73854148,3,2608170740.0,,2608170741.0,,,,,,,,,,,0.0,1.0
-4713683651810842390-2608170649-4,2363,2608170747.0,2608170757.0,,,IC,,Karlsruhe Hbf|Karlsruhe-Durlach|Bruchsal,8001920,Esslingen (Neckar),Baden-Württemberg,Esslingen am Neckar,73728,9.300578149,48.73854148,3,,,,,h,1.0,Bauarbeiten,,,,,c,c,0.0,0.0
7265904803286392428-2608170543-6,1096,2608170751.0,2608170759.0,2,,ICE,,München Hbf|München-Pasing|Augsburg Hbf|Günzburg|Ulm Hbf,8001920,Esslingen (Neckar),Baden-Württemberg,Esslingen am Neckar,73728,9.300578149,48.73854148,3,2608170751.0,3.0,2608170759.0,3.0,h,2.0,Information,,,,,,,0.0,0.0
-5962810489381537859-2608170739-3,19121,2608170750.0,2608170751.0,5,,ARV,16,Stuttgart Hbf|Stuttgart-Bad Cannstatt,8001920,Esslingen (Neckar),Baden-Württemberg,Esslingen am Neckar,73728,9.300578149,48.73854148,3,2608170751.0,,2608170752.0,,,,,,,,,,,1.0,1.0
5752082848521759462-2608170717-8,19220,2608170755.0,2608170756.0,3,,RE,MEX12,Reutlingen Hbf|Metzingen(Württ)|Bempflingen|Nürtingen|Oberboihingen|Wendlingen(Neckar)|Plochingen,8001920,Esslingen (Neckar),Baden-Württemberg,Esslingen am Neckar,73728,9.300578149,48.73854148,3,2608170756.0,7.0,2608170758.0,7.0,h,2.0,Bauarbeiten,,,,,,,1.0,2.0
-7709757529463307534-2608170720-9,7113,2608170747.0,2608170747.0,7,,S,S1,Kirchheim(Teck)|Kirchheim(Teck)-Ötlingen|Wendlingen(Neckar)|Wernau(Neckar)|Plochingen|Altbach|Esslingen-Zell|Oberesslingen,8001920,Esslingen (Neckar),Baden-Württemberg,Esslingen am Neckar,73728,9.300578149,48.73854148,3,2608170747.0,,2608170747.0,,,,,,,,,,,0.0,0.0
2394736871359748075-2608170725-6,7110,2608170739.0,2608170739.0,4,,S,S1,Stuttgart Hbf|Stuttgart-Bad Cannstatt|Stuttgart Neckarpark|Stuttgart-Untertürkheim|Stuttgart-Obertürkheim,8001921,Esslingen-Mettingen,Baden-Württemberg,Esslingen am Neckar,73733,9.275799007,48.74696655,3,2608170739.0,,2608170739.0,,,,,,,,,,,0.0,0.0
-6655970972115007016-2608170650-10,7111,2608170719.0,2608170720.0,3,,S,S1,Kirchheim(Teck)|Kirchheim(Teck)-Ötlingen|Wendlingen(Neckar)|Wernau(Neckar)|Plochingen|Altbach|Esslingen-Zell|Oberesslingen|Esslingen(Neckar),8001921,Esslingen-Mettingen,Baden-Württemberg,Esslingen am Neckar,73733,9.275799007,48.74696655,3,2608170720.0,,2608170721.0,,,,,,,,,,,1.0,1.0
8759418788528928451-2608170655-6,7108,2608170709.0,2608170709.0,4,,S,S1,Stuttgart Hbf|Stuttgart-Bad Cannstatt|Stuttgart Neckarpark|Stuttgart-Untertürkheim|Stuttgart-Obertürkheim,8001921,Esslingen-Mettingen,Baden-Württemberg,Esslingen am Neckar,73733,9.275799007,48.74696655,3,2608170710.0,,2608170712.0,,,,,,,,,,,1.0,3.0
-7709757529463307534-2608170720-10,7113,2608170749.0,2608170750.0,3,,S,S1,Kirchheim(Teck)|Kirchheim(Teck)-Ötlingen|Wendlingen(Neckar)|Wernau(Neckar)|Plochingen|Altbach|Esslingen-Zell|Oberesslingen|Esslingen(Neckar),8001921,Esslingen-Mettingen,Baden-Württemberg,Esslingen am Neckar,73733,9.275799007,48.74696655,3,2608170749.0,,2608170751.0,,,,,,,,,,,0.0,1.0
2394736871359748075-2608170725-9,7110,2608170747.0,2608170748.0,4,,S,S1,Stuttgart Hbf|Stuttgart-Bad Cannstatt|Stuttgart Neckarpark|Stuttgart-Untertürkheim|Stuttgart-Obertürkheim|Esslingen-Mettingen|Esslingen(Neckar)|Oberesslingen,8006642,Esslingen-Zell,Baden-Württemberg,Esslingen am Neckar,73730,9.359739507,48.72436142,3,2608170748.0,,2608170749.0,,,,,,,,,,,1.0,1.0
-6655970972115007016-2608170650-7,7111,2608170712.0,2608170712.0,3,,S,S1,Kirchheim(Teck)|Kirchheim(Teck)-Ötlingen|Wendlingen(Neckar)|Wernau(Neckar)|Plochingen|Altbach,8006642,Esslingen-Zell,Baden-Württemberg,Esslingen am Neckar,73730,9.359739507,48.72436142,3,2608170712.0,,2608170712.0,,,,,,,,,,,0.0,0.0
8759418788528928451-2608170655-9,7108,2608170717.0,2608170718.0,4,,S,S1,Stuttgart Hbf|Stuttgart-Bad Cannstatt|Stuttgart Neckarpark|Stuttgart-Untertürkheim|Stuttgart-Obertürkheim|Esslingen-Mettingen|Esslingen(Neckar)|Oberesslingen,8006642,Esslingen-Zell,Baden-Württemberg,Esslingen am Neckar,73730,9.359739507,48.72436142,3,2608170720.0,,2608170721.0,,,,,,,,,,,3.0,3.0
-7709757529463307534-2608170720-7,7113,2608170742.0,2608170742.0,3,,S,S1,Kirchheim(Teck)|Kirchheim(Teck)-Ötlingen|Wendlingen(Neckar)|Wernau(Neckar)|Plochingen|Altbach,8006642,Esslingen-Zell,Baden-Württemberg,Esslingen am Neckar,73730,9.359739507,48.72436142,3,2608170742.0,,2608170742.0,,,,,,,,,,,0.0,0.0
4239966119888045037-2608170737-6,7408,2608170756.0,2608170756.0,1,,S,S4,Stuttgart Hbf|Stuttgart Nordbahnhof|Stuttgart-Zuffenhausen|Kornwestheim Pbf|Ludwigsburg,8001967,Favoritepark,Baden-Württemberg,Ludwigsburg,71634,9.180574277,48.90948451,5,2608170757.0,,2608170757.0,,,,,,,,,,,1.0,1.0
1174251127419777403-2608170703-8,7411,2608170733.0,2608170734.0,2,,S,S4,Backnang|Burgstall(Murr)|Kirchberg(Murr)|Erdmannhausen|Marbach(Neckar)|Benningen(Neckar)|Freiberg(Neckar),8001967,Favoritepark,Baden-Württemberg,Ludwigsburg,71634,9.180574277,48.90948451,5,2608170735.0,,2608170735.0,,h,1.0,Bauarbeiten,,,,,,,2.0,1.0
-7338711269232336111-2608170633-8,7409,2608170703.0,2608170704.0,2,,S,S4,Backnang|Burgstall(Murr)|Kirchberg(Murr)|Erdmannhausen|Marbach(Neckar)|Benningen(Neckar)|Freiberg(Neckar),8001967,Favoritepark,Baden-Württemberg,Ludwigsburg,71634,9.180574277,48.90948451,5,2608170705.0,,2608170706.0,,h,1.0,Bauarbeiten,,,,,,,2.0,2.0
7977434207262340946-2608170707-6,7406,2608170726.0,2608170726.0,1,,S,S4,Stuttgart Hbf|Stuttgart Nordbahnhof|Stuttgart-Zuffenhausen|Kornwestheim Pbf|Ludwigsburg,8001967,Favoritepark,Baden-Württemberg,Ludwigsburg,71634,9.180574277,48.90948451,5,2608170729.0,,2608170729.0,,,,,,,,,,,3.0,3.0
3577709664347333137-2608170712-5,7308,2608170726.0,2608170727.0,1,,S,S3,Stuttgart Hbf|Stuttgart-Bad Cannstatt|Stuttgart Nürnberger Str.|Stuttgart-Sommerrain,8001974,Fellbach,Baden-Württemberg,Fellbach,70736,9.270645988,48.8202936,3,2608170726.0,,2608170727.0,,,,,,,,,,,0.0,0.0
5784758985011942046-2608170641-8,7309,2608170702.0,2608170703.0,4,,S,S3,Backnang|Maubach|Nellmersbach|Winnenden|Schwaikheim|Neustadt-Hohenacker|Waiblingen,8001974,Fellbach,Baden-Württemberg,Fellbach,70736,9.270645988,48.8202936,3,2608170703.0,,2608170703.0,,,,,,,,,,,1.0,0.0
-8714228285082007604-2608170742-5,7310,2608170756.0,2608170757.0,1,,S,S3,Stuttgart Hbf|Stuttgart-Bad Cannstatt|Stuttgart Nürnberger Str.|Stuttgart-Sommerrain,8001974,Fellbach,Baden-Württemberg,Fellbach,70736,9.270645988,48.8202936,3,2608170756.0,,2608170757.0,,,,,,,,,,,0.0,0.0
3965518062033575210-2608170650-5,7206,2608170701.0,2608170702.0,1,,S,S2,Stuttgart Hbf|Stuttgart-Bad Cannstatt|Stuttgart Nürnberger Str.|Stuttgart-Sommerrain,8001974,Fellbach,Baden-Württemberg,Fellbach,70736,9.270645988,48.8202936,3,2608170701.0,,2608170702.0,,h,1.0,Bauarbeiten,,,,,,,0.0,0.0
-6595517868678510983-2608170703-11,7211,2608170727.0,2608170728.0,4,,S,S2,Schorndorf|Weiler(Rems)|Winterbach(b Schorndorf)|Geradstetten|Grunbach|Beutelsbach|Endersbach|Stetten-Beinstein|Rommelshausen|Waiblingen,8001974,Fellbach,Baden-Württemberg,Fellbach,70736,9.270645988,48.8202936,3,2608170727.0,,2608170728.0,,h,1.0,Bauarbeiten,,,,,,,0.0,0.0
-2915141727268180381-2608170711-8,7311,2608170732.0,2608170733.0,4,,S,S3,Backnang|Maubach|Nellmersbach|Winnenden|Schwaikheim|Neustadt-Hohenacker|Waiblingen,8001974,Fellbach,Baden-Württemberg,Fellbach,70736,9.270645988,48.8202936,3,2608170732.0,,2608170733.0,,,,,,,,,,,0.0,0.0
-5260417069663625653-2608170720-5,7208,2608170731.0,2608170732.0,1,,S,S2,Stuttgart Hbf|Stuttgart-Bad Cannstatt|Stuttgart Nürnberger Str.|Stuttgart-Sommerrain,8001974,Fellbach,Baden-Württemberg,Fellbach,70736,9.270645988,48.8202936,3,2608170733.0,,2608170733.0,,h,1.0,Bauarbeiten,,,,,,,2.0,1.0
3888224273021493436-2608170733-11,7213,2608170757.0,2608170758.0,4,,S,S2,Schorndorf|Weiler(Rems)|Winterbach(b Schorndorf)|Geradstetten|Grunbach|Beutelsbach|Endersbach|Stetten-Beinstein|Rommelshausen|Waiblingen,8001974,Fellbach,Baden-Württemberg,Fellbach,70736,9.270645988,48.8202936,3,2608170757.0,,2608170758.0,,h,1.0,Bauarbeiten,,,,,,,0.0,0.0
3101834224134177917-2608170735-6,7911,2608170752.0,2608170753.0,1,,S,S2,Stuttgart-Vaihingen|Stuttgart-Rohr|Oberaichen|Leinfelden|Echterdingen,8005768,Stuttgart Flughafen/Messe,Baden-Württemberg,Leinfelden-Echterdingen,70629,9.193411574,48.69075193,4,2608170752.0,,2608170753.0,,,,,,,,,,,0.0,0.0
-6719809372287513512-2608170705-6,7909,2608170722.0,2608170723.0,1,,S,S2,Stuttgart-Vaihingen|Stuttgart-Rohr|Oberaichen|Leinfelden|Echterdingen,8005768,Stuttgart Flughafen/Messe,Baden-Württemberg,Leinfelden-Echterdingen,70629,9.193411574,48.69075193,4,2608170722.0,,2608170723.0,,,,,,,,,,,0.0,0.0
925944172323548863-2608170733-2,7910,2608170737.0,2608170738.0,2,,S,S2,Filderstadt,8005768,Stuttgart Flughafen/Messe,Baden-Württemberg,Leinfelden-Echterdingen,70629,9.193411574,48.69075193,4,2608170737.0,,2608170738.0,,,,,,,,,,,0.0,0.0
-6501547905667268041-2608170703-2,7908,2608170707.0,2608170708.0,2,,S,S2,Filderstadt,8005768,Stuttgart Flughafen/Messe,Baden-Württemberg,Leinfelden-Echterdingen,70629,9.193411574,48.69075193,4,2608170707.0,,2608170708.0,,,,,,,,,,,0.0,0.0
4239966119888045037-2608170737-7,7408,2608170759.0,2608170759.0,3,,S,S4,Stuttgart Hbf|Stuttgart Nordbahnhof|Stuttgart-Zuffenhausen|Kornwestheim Pbf|Ludwigsburg|Favoritepark,8002065,Freiberg (Neckar),Baden-Württemberg,Freiberg am Neckar,71691,9.197530085,48.92994974,5,2608170759.0,,2608170800.0,,,,,,,,,,,0.0,1.0
1174251127419777403-2608170703-7,7411,2608170730.0,2608170731.0,2,,S,S4,Backnang|Burgstall(Murr)|Kirchberg(Murr)|Erdmannhausen|Marbach(Neckar)|Benningen(Neckar),8002065,Freiberg (Neckar),Baden-Württemberg,Freiberg am Neckar,71691,9.197530085,48.92994974,5,2608170731.0,,2608170732.0,,h,1.0,Bauarbeiten,,,,,,,1.0,1.0
-7338711269232336111-2608170633-7,7409,2608170700.0,2608170701.0,2,,S,S4,Backnang|Burgstall(Murr)|Kirchberg(Murr)|Erdmannhausen|Marbach(Neckar)|Benningen(Neckar),8002065,Freiberg (Neckar),Baden-Württemberg,Freiberg am Neckar,71691,9.197530085,48.92994974,5,2608170703.0,,2608170703.0,,h,1.0,Bauarbeiten,,,,,,,3.0,2.0
7977434207262340946-2608170707-7,7406,2608170729.0,2608170729.0,3,,S,S4,Stuttgart Hbf|Stuttgart Nordbahnhof|Stuttgart-Zuffenhausen|Kornwestheim Pbf|Ludwigsburg|Favoritepark,8002065,Freiberg (Neckar),Baden-Württemberg,Freiberg am Neckar,71691,9.197530085,48.92994974,5,2608170731.0,,2608170732.0,,,,,,,,,,,2.0,3.0
-9135645456789564620-2608170646-7,7707,2608170708.0,2608170708.0,1,,S,S1,Stuttgart-Vaihingen|Stuttgart-Rohr|Goldberg(Württ)|Böblingen|Hulb|Ehningen(b Böblingen),8002165,Gärtringen,Baden-Württemberg,Gärtringen,71116,8.908864487,48.64080021,5,2608170709.0,,2608170710.0,,,,,,,,,,,1.0,2.0
-6419417749381061705-2608170716-7,7709,2608170738.0,2608170738.0,1,,S,S1,Stuttgart-Vaihingen|Stuttgart-Rohr|Goldberg(Württ)|Böblingen|Hulb|Ehningen(b Böblingen),8002165,Gärtringen,Baden-Württemberg,Gärtringen,71116,8.908864487,48.64080021,5,2608170739.0,,2608170740.0,,,,,,,,,,,1.0,2.0
7703218303646440626-2608170746-3,7714,2608170752.0,2608170752.0,2,,S,S1,Herrenberg|Nufringen,8002165,Gärtringen,Baden-Württemberg,Gärtringen,71116,8.908864487,48.64080021,5,2608170753.0,,2608170753.0,,,,,,,,,,,1.0,1.0
-250858146386556166-2608170716-3,7712,2608170722.0,2608170722.0,2,,S,S1,Herrenberg|Nufringen,8002165,Gärtringen,Baden-Württemberg,Gärtringen,71116,8.908864487,48.64080021,5,2608170722.0,,2608170722.0,,,,,,,,,,,0.0,0.0
3965518062033575210-2608170650-12,7206,2608170717.0,2608170717.0,2,,S,S2,Stuttgart Hbf|Stuttgart-Bad Cannstatt|Stuttgart Nürnberger Str.|Stuttgart-Sommerrain|Fellbach|Waiblingen|Rommelshausen|Stetten-Beinstein|Endersbach|Beutelsbach|Grunbach,8002240,Geradstetten,Baden-Württemberg,Remshalden,73630,9.439522346,48.80527689,5,2608170721.0,,2608170722.0,,h,1.0,Bauarbeiten,,,,,,,4.0,5.0
-6595517868678510983-2608170703-4,7211,2608170710.0,2608170711.0,1,,S,S2,Schorndorf|Weiler(Rems)|Winterbach(b Schorndorf),8002240,Geradstetten,Baden-Württemberg,Remshalden,73630,9.439522346,48.80527689,5,2608170711.0,,2608170711.0,,h,1.0,Bauarbeiten,,,,,,,1.0,0.0
-5260417069663625653-2608170720-12,7208,2608170747.0,2608170747.0,2,,S,S2,Stuttgart Hbf|Stuttgart-Bad Cannstatt|Stuttgart Nürnberger Str.|Stuttgart-Sommerrain|Fellbach|Waiblingen|Rommelshausen|Stetten-Beinstein|Endersbach|Beutelsbach|Grunbach,8002240,Geradstetten,Baden-Württemberg,Remshalden,73630,9.439522346,48.80527689,5,2608170750.0,,2608170750.0,,h,1.0,Bauarbeiten,,,,,,,3.0,3.0
3888224273021493436-2608170733-4,7213,2608170740.0,2608170741.0,1,,S,S2,Schorndorf|Weiler(Rems)|Winterbach(b Schorndorf),8002240,Geradstetten,Baden-Württemberg,Remshalden,73630,9.439522346,48.80527689,5,2608170740.0,,2608170741.0,,h,1.0,Bauarbeiten,,,,,,,0.0,0.0
-6419417749381061705-2608170716-3,7709,2608170728.0,2608170728.0,1,,S,S1,Stuttgart-Vaihingen|Stuttgart-Rohr,8005201,Goldberg,Baden-Württemberg,Böblingen,71032,9.019733387,48.69651581,5,2608170728.0,,2608170729.0,,,,,,,,,,,0.0,1.0
-2823205682233144346-2608170646-7,7710,2608170702.0,2608170702.0,2,,S,S1,Herrenberg|Nufringen|Gärtringen|Ehningen(b Böblingen)|Hulb|Böblingen,8005201,Goldberg,Baden-Württemberg,Böblingen,71032,9.019733387,48.69651581,5,2608170702.0,,2608170702.0,,,,,,,,,,,0.0,0.0
-250858146386556166-2608170716-7,7712,2608170732.0,2608170732.0,2,,S,S1,Herrenberg|Nufringen|Gärtringen|Ehningen(b Böblingen)|Hulb|Böblingen,8005201,Goldberg,Baden-Württemberg,Böblingen,71032,9.019733387,48.69651581,5,2608170732.0,,2608170733.0,,,,,,,,,,,0.0,1.0
3303772125527124508-2608170746-3,7711,2608170758.0,2608170758.0,1,,S,S1,Stuttgart-Vaihingen|Stuttgart-Rohr,8005201,Goldberg,Baden-Württemberg,Böblingen,71032,9.019733387,48.69651581,5,2608170758.0,,2608170758.0,,,,,,,,,,,0.0,0.0
3965518062033575210-2608170650-11,7206,2608170715.0,2608170715.0,3,,S,S2,Stuttgart Hbf|Stuttgart-Bad Cannstatt|Stuttgart Nürnberger Str.|Stuttgart-Sommerrain|Fellbach|Waiblingen|Rommelshausen|Stetten-Beinstein|Endersbach|Beutelsbach,8002448,Grunbach,Baden-Württemberg,Remshalden,73630,9.419580601,48.810414,4,2608170719.0,,2608170720.0,,h,1.0,Bauarbeiten,,,,,,,4.0,5.0
-6595517868678510983-2608170703-5,7211,2608170712.0,2608170713.0,2,,S,S2,Schorndorf|Weiler(Rems)|Winterbach(b Schorndorf)|Geradstetten,8002448,Grunbach,Baden-Württemberg,Remshalden,73630,9.419580601,48.810414,4,2608170713.0,,2608170713.0,,h,1.0,Bauarbeiten,,,,,,,1.0,0.0
-5260417069663625653-2608170720-11,7208,2608170745.0,2608170745.0,3,,S,S2,Stuttgart Hbf|Stuttgart-Bad Cannstatt|Stuttgart Nürnberger Str.|Stuttgart-Sommerrain|Fellbach|Waiblingen|Rommelshausen|Stetten-Beinstein|Endersbach|Beutelsbach,8002448,Grunbach,Baden-Württemberg,Remshalden,73630,9.419580601,48.810414,4,2608170748.0,,2608170748.0,,h,1.0,Bauarbeiten,,,,,,,3.0,3.0
3888224273021493436-2608170733-5,7213,2608170742.0,2608170743.0,2,,S,S2,Schorndorf|Weiler(Rems)|Winterbach(b Schorndorf)|Geradstetten,8002448,Grunbach,Baden-Württemberg,Remshalden,73630,9.419580601,48.810414,4,2608170742.0,,2608170743.0,,h,1.0,Bauarbeiten,,,,,,,0.0,0.0
1552305657484636498-2608170732-3,17628,2608170740.0,2608170741.0,1,,RE,RE14a,Bondorf(b Herrenberg)|Gäufelden,8002785,Herrenberg,Baden-Württemberg,Herrenberg,71083,8.862625253,48.59395697,3,2608170744.0,,2608170744.0,,h,2.0,Bauarbeiten,,,,,,,4.0,3.0
704671570927090549-2608170648-4,17615,2608170718.0,2608170719.0,4,,RE,RB14a,Stuttgart Hbf|Stuttgart-Vaihingen|Böblingen,8002785,Herrenberg,Baden-Württemberg,Herrenberg,71083,8.862625253,48.59395697,3,2608170725.0,,2608170726.0,,,,,,,,,,,7.0,7.0
-7509958474437704940-2608170719-1,22726,,2608170719.0,,,RB,RB63,,8002785,Herrenberg,Baden-Württemberg,Herrenberg,71083,8.862625253,48.59395697,3,,,2608170720.0,,,,,,,,,,,0.0,1.0
-7843030134753153395-2608170641-10,22727,2608170711.0,,102,,RB,,Tübingen Hbf|Tübingen West|Unterjesingen Sandäcker|Unterjesingen Mitte|Pfäffingen|Entringen|Altingen(Württ)|Gültstein|Herrenberg Zwerchweg,8002785,Herrenberg,Baden-Württemberg,Herrenberg,71083,8.862625253,48.59395697,3,2608170711.0,,,,,,,,,,,,,0.0,0.0
-775244220373788191-2608170530-10,1184,2608170726.0,2608170727.0,1,,IC,,Schaffhausen|Singen(Hohentwiel)|Engen|Tuttlingen|Spaichingen|Rottweil|Oberndorf(Neckar)|Sulz(Neckar)|Horb,8002785,Herrenberg,Baden-Württemberg,Herrenberg,71083,8.862625253,48.59395697,3,2608170726.0,,2608170727.0,,h,3.0,Information,,,,,,,0.0,0.0
6787092299889453682-2608170550-9,51184,2608170726.0,2608170727.0,1,,RE,IC87,Singen(Hohentwiel)|Engen|Tuttlingen|Spaichingen|Rottweil|Oberndorf(Neckar)|Sulz(Neckar)|Horb,8002785,Herrenberg,Baden-Württemberg,Herrenberg,71083,8.862625253,48.59395697,3,2608170726.0,,2608170727.0,,h,2.0,Information,,,,,,,0.0,0.0
-1056024338179503751-2608170748-3,17630,2608170756.0,,101,,RB,,Bondorf(b Herrenberg)|Gäufelden,8002785,Herrenberg,Baden-Württemberg,Herrenberg,71083,8.862625253,48.59395697,3,2608170756.0,,,,,,,,,,,,,0.0,0.0
5369190051876993421-2608170712-2,51981,2608170746.0,2608170747.0,4,,RE,IC87,Stuttgart Hbf,8002785,Herrenberg,Baden-Württemberg,Herrenberg,71083,8.862625253,48.59395697,3,2608170749.0,,2608170750.0,,h,2.0,Information,,,,,,,3.0,3.0
-1423004611531480380-2608170611-14,17622,2608170710.0,2608170711.0,1,,RE,RE14b,Freudenstadt Hbf|Grüntal-Wittlensweiler|Dornstetten-Aach|Dornstetten|Schopfloch(b Freudenstadt)|Bittelbronn|Horb-Heiligenfeld|Hochdorf(b Horb)|Eutingen Nord|Eutingen im Gäu|Ergenzingen|Bondorf(b Herrenberg)|Gäufelden,8002785,Herrenberg,Baden-Württemberg,Herrenberg,71083,8.862625253,48.59395697,3,2608170710.0,,2608170711.0,,,,,,,,,,,0.0,0.0
-9135645456789564620-2608170646-9,7707,2608170715.0,,3,,S,,Stuttgart-Vaihingen|Stuttgart-Rohr|Goldberg(Württ)|Böblingen|Hulb|Ehningen(b Böblingen)|Gärtringen|Nufringen,8002785,Herrenberg,Baden-Württemberg,Herrenberg,71083,8.862625253,48.59395697,3,2608170716.0,,,,,,,,,,,,,1.0,0.0
-1026156903770485442-2608170711-10,22731,2608170741.0,,102,,RB,,Tübingen Hbf|Tübingen West|Unterjesingen Sandäcker|Unterjesingen Mitte|Pfäffingen|Entringen|Altingen(Württ)|Gültstein|Herrenberg Zwerchweg,8002785,Herrenberg,Baden-Württemberg,Herrenberg,71083,8.862625253,48.59395697,3,2608170744.0,,,,,,,,,,,,,3.0,0.0
-6419417749381061705-2608170716-9,7709,2608170745.0,,3,,S,,Stuttgart-Vaihingen|Stuttgart-Rohr|Goldberg(Württ)|Böblingen|Hulb|Ehningen(b Böblingen)|Gärtringen|Nufringen,8002785,Herrenberg,Baden-Württemberg,Herrenberg,71083,8.862625253,48.59395697,3,2608170746.0,,,,,,,,,,,,,1.0,0.0
7703218303646440626-2608170746-1,7714,,2608170746.0,,,S,S1,,8002785,Herrenberg,Baden-Württemberg,Herrenberg,71083,8.862625253,48.59395697,3,,,2608170747.0,,,,,,,,,,,0.0,1.0
-8753790222526184093-2608170712-2,1981,2608170746.0,2608170747.0,4,,IC,,Stuttgart Hbf,8002785,Herrenberg,Baden-Württemberg,Herrenberg,71083,8.862625253,48.59395697,3,2608170749.0,,2608170750.0,,h,2.0,Information,,,,,,,3.0,3.0
1831275382770537237-2608170734-1,17617,,2608170734.0,,,RB,RB14a,,8002785,Herrenberg,Baden-Württemberg,Herrenberg,71083,8.862625253,48.59395697,3,,,2608170734.0,,,,,,,,,,,0.0,0.0
-250858146386556166-2608170716-1,7712,,2608170716.0,,,S,S1,,8002785,Herrenberg,Baden-Württemberg,Herrenberg,71083,8.862625253,48.59395697,3,,,2608170716.0,,,,,,,,,,,0.0,0.0
5907647912001809871-2608170604-9,17618,2608170710.0,2608170711.0,1,,RE,RE14a,Rottweil|Oberndorf(Neckar)|Sulz(Neckar)|Horb|Eutingen im Gäu|Ergenzingen|Bondorf(b Herrenberg)|Gäufelden,8002785,Herrenberg,Baden-Württemberg,Herrenberg,71083,8.862625253,48.59395697,3,2608170710.0,,2608170711.0,,h,2.0,Bauarbeiten,,,,,,,0.0,0.0
-8442083646470748654-2608170713-3,17626,2608170720.0,,101,,RB,,Bondorf(b Herrenberg)|Gäufelden,8002785,Herrenberg,Baden-Württemberg,Herrenberg,71083,8.862625253,48.59395697,3,2608170720.0,,,,,,,,,,,,,0.0,0.0
-5741127551909413701-2608170749-1,22732,,2608170749.0,,,RB,RB63,,8002785,Herrenberg,Baden-Württemberg,Herrenberg,71083,8.862625253,48.59395697,3,,,2608170750.0,,,,,,,,,,,0.0,1.0
8714567639514254110-2608170704-10,7009,2608170735.0,2608170736.0,1,,S,S60,Böblingen|Sindelfingen|Maichingen|Maichingen Nord|Magstadt|Renningen Süd|Renningen|Rutesheim|Leonberg,8002892,Höfingen,Baden-Württemberg,Leonberg,71229,9.026180834,48.81503436,5,2608170736.0,,2608170737.0,,h,1.0,Bauarbeiten,,,,,,,1.0,1.0
-1347709455583751185-2608170733-6,7613,2608170750.0,2608170751.0,1,,S,S6,Weil der Stadt|Malmsheim|Renningen|Rutesheim|Leonberg,8002892,Höfingen,Baden-Württemberg,Leonberg,71229,9.026180834,48.81503436,5,2608170751.0,,2608170752.0,,h,1.0,Bauarbeiten,,,,,,,1.0,1.0
4433222154122274025-2608170703-6,7611,2608170720.0,2608170721.0,1,,S,S6,Weil der Stadt|Malmsheim|Renningen|Rutesheim|Leonberg,8002892,Höfingen,Baden-Württemberg,Leonberg,71229,9.026180834,48.81503436,5,2608170720.0,,2608170721.0,,h,1.0,Bauarbeiten,,,,,,,0.0,0.0
1602954825218529829-2608170634-10,7007,2608170705.0,2608170706.0,1,,S,S60,Böblingen|Sindelfingen|Maichingen|Maichingen Nord|Magstadt|Renningen Süd|Renningen|Rutesheim|Leonberg,8002892,Höfingen,Baden-Württemberg,Leonberg,71229,9.026180834,48.81503436,5,2608170707.0,,2608170707.0,,h,1.0,Bauarbeiten,,,,,,,2.0,1.0
5835800097238099022-2608170741-6,7014,2608170754.0,2608170754.0,2,,S,S60,Stuttgart-Zuffenhausen|Neuwirtshaus(Porscheplatz)|Korntal|Weilimdorf|Ditzingen,8002892,Höfingen,Baden-Württemberg,Leonberg,71229,9.026180834,48.81503436,5,2608170754.0,,2608170755.0,,h,1.0,Bauarbeiten,,,,,,,0.0,1.0
5872067968392634034-2608170655-7,7606,2608170709.0,2608170709.0,2,,S,S6,Stuttgart-Feuerbach|Stuttgart-Zuffenhausen|Neuwirtshaus(Porscheplatz)|Korntal|Weilimdorf|Ditzingen,8002892,Höfingen,Baden-Württemberg,Leonberg,71229,9.026180834,48.81503436,5,2608170709.0,,2608170710.0,,h,1.0,Bauarbeiten,,,,,,,0.0,1.0
3947374469134470993-2608170711-6,7012,2608170724.0,2608170724.0,2,,S,S60,Stuttgart-Zuffenhausen|Neuwirtshaus(Porscheplatz)|Korntal|Weilimdorf|Ditzingen,8002892,Höfingen,Baden-Württemberg,Leonberg,71229,9.026180834,48.81503436,5,2608170724.0,,2608170724.0,,h,1.0,Bauarbeiten,,,,,,,0.0,0.0
-4074307891664969363-2608170725-7,7608,2608170739.0,2608170739.0,2,,S,S6,Stuttgart-Feuerbach|Stuttgart-Zuffenhausen|Neuwirtshaus(Porscheplatz)|Korntal|Weilimdorf|Ditzingen,8002892,Höfingen,Baden-Württemberg,Leonberg,71229,9.026180834,48.81503436,5,2608170740.0,,2608170740.0,,h,1.0,Bauarbeiten,,,,,,,1.0,1.0
-9135645456789564620-2608170646-5,7707,2608170702.0,2608170702.0,1,,S,S1,Stuttgart-Vaihingen|Stuttgart-Rohr|Goldberg(Württ)|Böblingen,8003022,Hulb,Baden-Württemberg,Böblingen-Hulb,71032,8.982396429,48.67924173,5,2608170703.0,,2608170704.0,,,,,,,,,,,1.0,2.0
-6419417749381061705-2608170716-5,7709,2608170732.0,2608170732.0,1,,S,S1,Stuttgart-Vaihingen|Stuttgart-Rohr|Goldberg(Württ)|Böblingen,8003022,Hulb,Baden-Württemberg,Böblingen-Hulb,71032,8.982396429,48.67924173,5,2608170733.0,,2608170733.0,,,,,,,,,,,1.0,1.0
7703218303646440626-2608170746-5,7714,2608170758.0,2608170758.0,2,,S,S1,Herrenberg|Nufringen|Gärtringen|Ehningen(b Böblingen),8003022,Hulb,Baden-Württemberg,Böblingen-Hulb,71032,8.982396429,48.67924173,5,2608170759.0,,2608170800.0,,,,,,,,,,,1.0,2.0
-250858146386556166-2608170716-5,7712,2608170728.0,2608170728.0,2,,S,S1,Herrenberg|Nufringen|Gärtringen|Ehningen(b Böblingen),8003022,Hulb,Baden-Württemberg,Böblingen-Hulb,71032,8.982396429,48.67924173,5,2608170728.0,,2608170728.0,,,,,,,,,,,0.0,0.0
3101834224134177917-2608170735-7,7911,2608170757.0,,1,,S,,Stuttgart-Vaihingen|Stuttgart-Rohr|Oberaichen|Leinfelden|Echterdingen|Stuttgart Flughafen/Messe,8001984,Filderstadt,Baden-Württemberg,Filderstadt,70794,9.217581315,48.67649151,5,2608170757.0,,,,,,,,,,,,,0.0,0.0
-6719809372287513512-2608170705-7,7909,2608170727.0,,1,,S,,Stuttgart-Vaihingen|Stuttgart-Rohr|Oberaichen|Leinfelden|Echterdingen|Stuttgart Flughafen/Messe,8001984,Filderstadt,Baden-Württemberg,Filderstadt,70794,9.217581315,48.67649151,5,2608170727.0,,,,,,,,,,,,,0.0,0.0
925944172323548863-2608170733-1,7910,,2608170733.0,,,S,S2,,8001984,Filderstadt,Baden-Württemberg,Filderstadt,70794,9.217581315,48.67649151,5,,,2608170733.0,,,,,,,,,,,0.0,0.0
-6501547905667268041-2608170703-1,7908,,2608170703.0,,,S,S2,,8001984,Filderstadt,Baden-Württemberg,Filderstadt,70794,9.217581315,48.67649151,5,,,2608170703.0,,,,,,,,,,,0.0,0.0
8970610329466681156-2608170733-3,7413,2608170742.0,2608170745.0,1,,S,S4,Backnang|Burgstall(Murr),8003266,Kirchberg (Murr),Baden-Württemberg,Kirchberg an der Murr,71737,9.328210283,48.93928182,6,2608170742.0,,2608170746.0,,h,1.0,Bauarbeiten,,,,,,,0.0,1.0
1174251127419777403-2608170703-3,7411,2608170712.0,2608170715.0,1,,S,S4,Backnang|Burgstall(Murr),8003266,Kirchberg (Murr),Baden-Württemberg,Kirchberg an der Murr,71737,9.328210283,48.93928182,6,2608170712.0,,2608170715.0,,h,1.0,Bauarbeiten,,,,,,,0.0,0.0
-8255187816541177533-2608170637-11,7404,2608170713.0,2608170713.0,2,,S,S4,Stuttgart Hbf|Stuttgart Nordbahnhof|Stuttgart-Zuffenhausen|Kornwestheim Pbf|Ludwigsburg|Favoritepark|Freiberg(Neckar)|Benningen(Neckar)|Marbach(Neckar)|Erdmannhausen,8003266,Kirchberg (Murr),Baden-Württemberg,Kirchberg an der Murr,71737,9.328210283,48.93928182,6,2608170713.0,,2608170714.0,,,,,,,,,,,0.0,1.0
7977434207262340946-2608170707-11,7406,2608170743.0,2608170743.0,2,,S,S4,Stuttgart Hbf|Stuttgart Nordbahnhof|Stuttgart-Zuffenhausen|Kornwestheim Pbf|Ludwigsburg|Favoritepark|Freiberg(Neckar)|Benningen(Neckar)|Marbach(Neckar)|Erdmannhausen,8003266,Kirchberg (Murr),Baden-Württemberg,Kirchberg an der Murr,71737,9.328210283,48.93928182,6,2608170745.0,,2608170745.0,,,,,,,,,,,2.0,2.0
-5963168999968799515-2608170625-15,7106,2608170709.0,,2,,S,,Stuttgart Hbf|Stuttgart-Bad Cannstatt|Stuttgart Neckarpark|Stuttgart-Untertürkheim|Stuttgart-Obertürkheim|Esslingen-Mettingen|Esslingen(Neckar)|Oberesslingen|Esslingen-Zell|Altbach|Plochingen|Wernau(Neckar)|Wendlingen(Neckar)|Kirchheim(Teck)-Ötlingen,8003280,Kirchheim (Teck),Baden-Württemberg,Kirchheim unter Teck,73230,9.443872422,48.64415981,4,2608170711.0,,,,,,,,,,,,,2.0,0.0
-7908498233924216314-2608170750-1,7115,,2608170750.0,,,S,S1,,8003280,Kirchheim (Teck),Baden-Württemberg,Kirchheim unter Teck,73230,9.443872422,48.64415981,4,,,2608170750.0,,,,,,,,,,,0.0,0.0
8759418788528928451-2608170655-15,7108,2608170739.0,,2,,S,,Stuttgart Hbf|Stuttgart-Bad Cannstatt|Stuttgart Neckarpark|Stuttgart-Untertürkheim|Stuttgart-Obertürkheim|Esslingen-Mettingen|Esslingen(Neckar)|Oberesslingen|Esslingen-Zell|Altbach|Plochingen|Wernau(Neckar)|Wendlingen(Neckar)|Kirchheim(Teck)-Ötlingen,8003280,Kirchheim (Teck),Baden-Württemberg,Kirchheim unter Teck,73230,9.443872422,48.64415981,4,2608170741.0,,,,,,,,,,,,,2.0,0.0
6968408884034373651-2608170717-1,37955,,2608170717.0,,,RB,RB64,,8003280,Kirchheim (Teck),Baden-Württemberg,Kirchheim unter Teck,73230,9.443872422,48.64415981,4,,,2608170717.0,,,,,,,,,,,0.0,0.0
-224045747184015573-2608170653-7,37954,2608170712.0,,1,,RB,,Oberlenningen|Unterlenningen|Brucken|Owen(Teck)|Dettingen(Teck)|Kirchheim(Teck)Süd,8003280,Kirchheim (Teck),Baden-Württemberg,Kirchheim unter Teck,73230,9.443872422,48.64415981,4,2608170712.0,,,,,,,,,,,,,0.0,0.0
-7709757529463307534-2608170720-1,7113,,2608170720.0,,,S,S1,,8003280,Kirchheim (Teck),Baden-Württemberg,Kirchheim unter Teck,73230,9.443872422,48.64415981,4,,,2608170721.0,,,,,,,,,,,0.0,1.0
-5963168999968799515-2608170625-14,7106,2608170706.0,2608170707.0,1,,S,S1,Stuttgart Hbf|Stuttgart-Bad Cannstatt|Stuttgart Neckarpark|Stuttgart-Untertürkheim|Stuttgart-Obertürkheim|Esslingen-Mettingen|Esslingen(Neckar)|Oberesslingen|Esslingen-Zell|Altbach|Plochingen|Wernau(Neckar)|Wendlingen(Neckar),8003282,Kirchheim (Teck)-Ötlingen,Baden-Württemberg,Kirchheim unter Teck,73230,9.416261302,48.65782388,5,2608170708.0,,2608170709.0,,,,,,,,,,,2.0,2.0
-7908498233924216314-2608170750-2,7115,2608170753.0,2608170753.0,1,,S,S1,Kirchheim(Teck),8003282,Kirchheim (Teck)-Ötlingen,Baden-Württemberg,Kirchheim unter Teck,73230,9.416261302,48.65782388,5,2608170753.0,,2608170755.0,,,,,,,,,,,0.0,2.0
8759418788528928451-2608170655-14,7108,2608170736.0,2608170737.0,1,,S,S1,Stuttgart Hbf|Stuttgart-Bad Cannstatt|Stuttgart Neckarpark|Stuttgart-Untertürkheim|Stuttgart-Obertürkheim|Esslingen-Mettingen|Esslingen(Neckar)|Oberesslingen|Esslingen-Zell|Altbach|Plochingen|Wernau(Neckar)|Wendlingen(Neckar),8003282,Kirchheim (Teck)-Ötlingen,Baden-Württemberg,Kirchheim unter Teck,73230,9.416261302,48.65782388,5,2608170738.0,,2608170739.0,,,,,,,,,,,2.0,2.0
-7709757529463307534-2608170720-2,7113,2608170723.0,2608170723.0,1,,S,S1,Kirchheim(Teck),8003282,Kirchheim (Teck)-Ötlingen,Baden-Württemberg,Kirchheim unter Teck,73230,9.416261302,48.65782388,5,2608170724.0,,2608170724.0,,,,,,,,,,,1.0,1.0
6650938090751927613-2608170731-7,1091,2608170754.0,,7,,WEG,,Heimerdingen|Hemmingen|Schwieberdingen|Münchingen|Münchingen Rührberg|Korntal Gymnasium,8003409,Korntal,Baden-Württemberg,Korntal,70825,9.121099128,48.82640246,4,2608170830.0,,,,,,,,,Heimerdingen|Hemmingen|Schwieberdingen|Münchingen|Münchingen Rührberg|Korntal Gymnasium,,,,36.0,0.0
-8296829545654343094-2608170701-7,74215,2608170724.0,,7,,WEG,,Heimerdingen|Hemmingen|Schwieberdingen|Münchingen|Münchingen Rührberg|Korntal Gymnasium,8003409,Korntal,Baden-Württemberg,Korntal,70825,9.121099128,48.82640246,4,2608170725.0,,,,,,,,,,,,,1.0,0.0
8714567639514254110-2608170704-13,7009,2608170743.0,2608170744.0,3,,S,S60,Böblingen|Sindelfingen|Maichingen|Maichingen Nord|Magstadt|Renningen Süd|Renningen|Rutesheim|Leonberg|Höfingen|Ditzingen|Weilimdorf,8003409,Korntal,Baden-Württemberg,Korntal,70825,9.121099128,48.82640246,4,2608170744.0,,2608170745.0,,h,1.0,Bauarbeiten,,,,,,,1.0,1.0
-2260655768859987107-2608170705-1,1084,,2608170705.0,,,WEG,RB47,,8003409,Korntal,Baden-Württemberg,Korntal,70825,9.121099128,48.82640246,4,,,2608170750.0,,,,,,,,Korntal Gymnasium|Münchingen Rührberg|Münchingen|Schwieberdingen|Hemmingen|Heimerdingen,,,0.0,45.0
-1347709455583751185-2608170733-9,7613,2608170758.0,2608170759.0,3,,S,S6,Weil der Stadt|Malmsheim|Renningen|Rutesheim|Leonberg|Höfingen|Ditzingen|Weilimdorf,8003409,Korntal,Baden-Württemberg,Korntal,70825,9.121099128,48.82640246,4,2608170758.0,,2608170759.0,,h,1.0,Bauarbeiten,,,,,,,0.0,0.0
4433222154122274025-2608170703-9,7611,2608170728.0,2608170729.0,3,,S,S6,Weil der Stadt|Malmsheim|Renningen|Rutesheim|Leonberg|Höfingen|Ditzingen|Weilimdorf,8003409,Korntal,Baden-Württemberg,Korntal,70825,9.121099128,48.82640246,4,2608170728.0,,2608170729.0,,h,1.0,Bauarbeiten,,,,,,,0.0,0.0
-1128267231714188296-2608170735-1,1090,,2608170735.0,,,WEG,RB47,,8003409,Korntal,Baden-Württemberg,Korntal,70825,9.121099128,48.82640246,4,,,2608170736.0,,,,,,,,,,,0.0,1.0
1602954825218529829-2608170634-13,7007,2608170713.0,2608170714.0,3,,S,S60,Böblingen|Sindelfingen|Maichingen|Maichingen Nord|Magstadt|Renningen Süd|Renningen|Rutesheim|Leonberg|Höfingen|Ditzingen|Weilimdorf,8003409,Korntal,Baden-Württemberg,Korntal,70825,9.121099128,48.82640246,4,2608170714.0,,2608170715.0,,h,1.0,Bauarbeiten,,,,,,,1.0,1.0
5835800097238099022-2608170741-3,7014,2608170746.0,2608170746.0,1,,S,S60,Stuttgart-Zuffenhausen|Neuwirtshaus(Porscheplatz),8003409,Korntal,Baden-Württemberg,Korntal,70825,9.121099128,48.82640246,4,2608170746.0,,2608170746.0,,h,1.0,Bauarbeiten,,,,,,,0.0,0.0
5872067968392634034-2608170655-4,7606,2608170701.0,2608170701.0,1,,S,S6,Stuttgart-Feuerbach|Stuttgart-Zuffenhausen|Neuwirtshaus(Porscheplatz),8003409,Korntal,Baden-Württemberg,Korntal,70825,9.121099128,48.82640246,4,2608170702.0,,2608170702.0,,h,1.0,Bauarbeiten,,,,,,,1.0,1.0
3947374469134470993-2608170711-3,7012,2608170716.0,2608170716.0,1,,S,S60,Stuttgart-Zuffenhausen|Neuwirtshaus(Porscheplatz),8003409,Korntal,Baden-Württemberg,Korntal,70825,9.121099128,48.82640246,4,2608170716.0,,2608170716.0,,h,1.0,Bauarbeiten,,,,,,,0.0,0.0
-4074307891664969363-2608170725-4,7608,2608170731.0,2608170731.0,1,,S,S6,Stuttgart-Feuerbach|Stuttgart-Zuffenhausen|Neuwirtshaus(Porscheplatz),8003409,Korntal,Baden-Württemberg,Korntal,70825,9.121099128,48.82640246,4,2608170732.0,,2608170733.0,,h,1.0,Bauarbeiten,,,,,,,1.0,2.0
7155033421118958991-2608170707-5,7511,2608170719.0,2608170720.0,3,,S,S5,Bietigheim-Bissingen|Tamm(Württ)|Asperg|Ludwigsburg,8003411,Kornwestheim Pbf,Baden-Württemberg,Kornwestheim,70806,9.179967278,48.86215948,3,2608170720.0,,2608170720.0,,,,,,,,,,,1.0,0.0
2880538247563287432-2608170715-3,19306,2608170742.0,2608170746.0,6,,RE,MEX18,Plochingen|Esslingen(Neckar),8003411,Kornwestheim Pbf,Baden-Württemberg,Kornwestheim,70806,9.179967278,48.86215948,3,2608170743.0,5.0,2608170746.0,5.0,h,2.0,Information,,,,,,,1.0,0.0
-3459736231936845373-2608170630-9,19303,2608170711.0,2608170720.0,7,,RE,MEX18,Heilbronn Hbf|Nordheim(Württ)|Lauffen(Neckar)|Kirchheim(Neckar)|Walheim(Württ)|Besigheim|Bietigheim-Bissingen|Ludwigsburg,8003411,Kornwestheim Pbf,Baden-Württemberg,Kornwestheim,70806,9.179967278,48.86215948,3,2608170807.0,,2608170807.0,,h,2.0,Information,,,Heilbronn Hbf|Nordheim(Württ)|Lauffen(Neckar)|Kirchheim(Neckar)|Walheim(Württ)|Besigheim|Bietigheim-Bissingen|Ludwigsburg,Esslingen(Neckar)|Plochingen,c,c,56.0,47.0
5109580939104143056-2608170657-4,7508,2608170710.0,2608170710.0,4,,S,S5,Stuttgart Hbf|Stuttgart Nordbahnhof|Stuttgart-Zuffenhausen,8003411,Kornwestheim Pbf,Baden-Württemberg,Kornwestheim,70806,9.179967278,48.86215948,3,2608170710.0,,2608170710.0,,,,,,,,,,,0.0,0.0
4239966119888045037-2608170737-4,7408,2608170750.0,2608170750.0,4,,S,S4,Stuttgart Hbf|Stuttgart Nordbahnhof|Stuttgart-Zuffenhausen,8003411,Kornwestheim Pbf,Baden-Württemberg,Kornwestheim,70806,9.179967278,48.86215948,3,2608170750.0,,2608170750.0,,,,,,,,,,,0.0,0.0
1174251127419777403-2608170703-10,7411,2608170740.0,2608170740.0,3,,S,S4,Backnang|Burgstall(Murr)|Kirchberg(Murr)|Erdmannhausen|Marbach(Neckar)|Benningen(Neckar)|Freiberg(Neckar)|Favoritepark|Ludwigsburg,8003411,Kornwestheim Pbf,Baden-Württemberg,Kornwestheim,70806,9.179967278,48.86215948,3,2608170741.0,,2608170742.0,,h,1.0,Bauarbeiten,,,,,,,1.0,2.0
-5856161558368495320-2608170737-5,7513,2608170749.0,2608170750.0,3,,S,S5,Bietigheim-Bissingen|Tamm(Württ)|Asperg|Ludwigsburg,8003411,Kornwestheim Pbf,Baden-Württemberg,Kornwestheim,70806,9.179967278,48.86215948,3,2608170749.0,,2608170750.0,,,,,,,,,,,0.0,0.0
8353338401030915198-2608170727-4,7510,2608170740.0,2608170740.0,4,,S,S5,Stuttgart Hbf|Stuttgart Nordbahnhof|Stuttgart-Zuffenhausen,8003411,Kornwestheim Pbf,Baden-Württemberg,Kornwestheim,70806,9.179967278,48.86215948,3,2608170740.0,,2608170741.0,,,,,,,,,,,0.0,1.0
-7338711269232336111-2608170633-10,7409,2608170710.0,2608170710.0,3,,S,S4,Backnang|Burgstall(Murr)|Kirchberg(Murr)|Erdmannhausen|Marbach(Neckar)|Benningen(Neckar)|Freiberg(Neckar)|Favoritepark|Ludwigsburg,8003411,Kornwestheim Pbf,Baden-Württemberg,Kornwestheim,70806,9.179967278,48.86215948,3,2608170711.0,,2608170712.0,,h,1.0,Bauarbeiten,,,,,,,1.0,2.0
7977434207262340946-2608170707-4,7406,2608170720.0,2608170720.0,4,,S,S4,Stuttgart Hbf|Stuttgart Nordbahnhof|Stuttgart-Zuffenhausen,8003411,Kornwestheim Pbf,Baden-Württemberg,Kornwestheim,70806,9.179967278,48.86215948,3,2608170722.0,,2608170723.0,,,,,,,,,,,2.0,3.0
3101834224134177917-2608170735-4,7911,2608170746.0,2608170747.0,1,,S,S2,Stuttgart-Vaihingen|Stuttgart-Rohr|Oberaichen,8003622,Leinfelden,Baden-Württemberg,Leinfelden-Echterdingen,70771,9.142859698,48.6964193,4,2608170746.0,,2608170747.0,,,,,,,,,,,0.0,0.0
-6719809372287513512-2608170705-4,7909,2608170716.0,2608170717.0,1,,S,S2,Stuttgart-Vaihingen|Stuttgart-Rohr|Oberaichen,8003622,Leinfelden,Baden-Württemberg,Leinfelden-Echterdingen,70771,9.142859698,48.6964193,4,2608170716.0,,2608170717.0,,,,,,,,,,,0.0,0.0
925944172323548863-2608170733-4,7910,2608170742.0,2608170743.0,2,,S,S2,Filderstadt|Stuttgart Flughafen/Messe|Echterdingen,8003622,Leinfelden,Baden-Württemberg,Leinfelden-Echterdingen,70771,9.142859698,48.6964193,4,2608170742.0,,2608170743.0,,,,,,,,,,,0.0,0.0
-6501547905667268041-2608170703-4,7908,2608170712.0,2608170713.0,2,,S,S2,Filderstadt|Stuttgart Flughafen/Messe|Echterdingen,8003622,Leinfelden,Baden-Württemberg,Leinfelden-Echterdingen,70771,9.142859698,48.6964193,4,2608170712.0,,2608170713.0,,,,,,,,,,,0.0,0.0
8714567639514254110-2608170704-9,7009,2608170732.0,2608170732.0,1,,S,S60,Böblingen|Sindelfingen|Maichingen|Maichingen Nord|Magstadt|Renningen Süd|Renningen|Rutesheim,8003652,Leonberg,Baden-Württemberg,Leonberg,71229,9.004025993,48.79970547,3,2608170732.0,,2608170733.0,,h,1.0,Bauarbeiten,,,,,,,0.0,1.0
-1347709455583751185-2608170733-5,7613,2608170747.0,2608170747.0,1,,S,S6,Weil der Stadt|Malmsheim|Renningen|Rutesheim,8003652,Leonberg,Baden-Württemberg,Leonberg,71229,9.004025993,48.79970547,3,2608170747.0,,2608170748.0,,h,1.0,Bauarbeiten,,,,,,,0.0,1.0
4433222154122274025-2608170703-5,7611,2608170717.0,2608170717.0,1,,S,S6,Weil der Stadt|Malmsheim|Renningen|Rutesheim,8003652,Leonberg,Baden-Württemberg,Leonberg,71229,9.004025993,48.79970547,3,2608170717.0,,2608170717.0,,h,1.0,Bauarbeiten,,,,,,,0.0,0.0
1602954825218529829-2608170634-9,7007,2608170702.0,2608170702.0,1,,S,S60,Böblingen|Sindelfingen|Maichingen|Maichingen Nord|Magstadt|Renningen Süd|Renningen|Rutesheim,8003652,Leonberg,Baden-Württemberg,Leonberg,71229,9.004025993,48.79970547,3,2608170703.0,,2608170703.0,,h,1.0,Bauarbeiten,,,,,,,1.0,1.0
5835800097238099022-2608170741-7,7014,2608170758.0,2608170758.0,2,,S,S60,Stuttgart-Zuffenhausen|Neuwirtshaus(Porscheplatz)|Korntal|Weilimdorf|Ditzingen|Höfingen,8003652,Leonberg,Baden-Württemberg,Leonberg,71229,9.004025993,48.79970547,3,2608170758.0,,2608170759.0,,h,1.0,Bauarbeiten,,,,,,,0.0,1.0
5872067968392634034-2608170655-8,7606,2608170713.0,2608170713.0,2,,S,S6,Stuttgart-Feuerbach|Stuttgart-Zuffenhausen|Neuwirtshaus(Porscheplatz)|Korntal|Weilimdorf|Ditzingen|Höfingen,8003652,Leonberg,Baden-Württemberg,Leonberg,71229,9.004025993,48.79970547,3,2608170713.0,,2608170714.0,,h,1.0,Bauarbeiten,,,,,,,0.0,1.0
3947374469134470993-2608170711-7,7012,2608170728.0,2608170728.0,2,,S,S60,Stuttgart-Zuffenhausen|Neuwirtshaus(Porscheplatz)|Korntal|Weilimdorf|Ditzingen|Höfingen,8003652,Leonberg,Baden-Württemberg,Leonberg,71229,9.004025993,48.79970547,3,2608170728.0,,2608170728.0,,h,1.0,Bauarbeiten,,,,,,,0.0,0.0
-4074307891664969363-2608170725-8,7608,2608170743.0,2608170743.0,2,,S,S6,Stuttgart-Feuerbach|Stuttgart-Zuffenhausen|Neuwirtshaus(Porscheplatz)|Korntal|Weilimdorf|Ditzingen|Höfingen,8003652,Leonberg,Baden-Württemberg,Leonberg,71229,9.004025993,48.79970547,3,2608170743.0,,2608170744.0,,h,1.0,Bauarbeiten,,,,,,,0.0,1.0
7155033421118958991-2608170707-4,7511,2608170716.0,2608170716.0,3,,S,S5,Bietigheim-Bissingen|Tamm(Württ)|Asperg,8000235,Ludwigsburg,Baden-Württemberg,Ludwigsburg,71638,9.185229823,48.89208622,3,2608170716.0,,2608170717.0,,,,,,,,,,,0.0,1.0
2880538247563287432-2608170715-4,19306,2608170753.0,2608170753.0,1,,RE,MEX18,Plochingen|Esslingen(Neckar)|Kornwestheim Pbf,8000235,Ludwigsburg,Baden-Württemberg,Ludwigsburg,71638,9.185229823,48.89208622,3,2608170750.0,,2608170753.0,,h,2.0,Information,,,,,,,-3.0,0.0
-3459736231936845373-2608170630-8,19303,2608170704.0,2608170707.0,4,,RE,MEX18,Heilbronn Hbf|Nordheim(Württ)|Lauffen(Neckar)|Kirchheim(Neckar)|Walheim(Württ)|Besigheim|Bietigheim-Bissingen,8000235,Ludwigsburg,Baden-Württemberg,Ludwigsburg,71638,9.185229823,48.89208622,3,2608170802.0,5.0,2608170801.0,,h,2.0,Information,,,Heilbronn Hbf|Nordheim(Württ)|Lauffen(Neckar)|Kirchheim(Neckar)|Walheim(Württ)|Besigheim|Bietigheim-Bissingen,Kornwestheim Pbf|Esslingen(Neckar)|Plochingen,,c,58.0,54.0
5109580939104143056-2608170657-5,7508,2608170713.0,2608170714.0,2,,S,S5,Stuttgart Hbf|Stuttgart Nordbahnhof|Stuttgart-Zuffenhausen|Kornwestheim Pbf,8000235,Ludwigsburg,Baden-Württemberg,Ludwigsburg,71638,9.185229823,48.89208622,3,2608170713.0,,2608170714.0,,,,,,,,,,,0.0,0.0
4239966119888045037-2608170737-5,7408,2608170753.0,2608170754.0,2,,S,S4,Stuttgart Hbf|Stuttgart Nordbahnhof|Stuttgart-Zuffenhausen|Kornwestheim Pbf,8000235,Ludwigsburg,Baden-Württemberg,Ludwigsburg,71638,9.185229823,48.89208622,3,2608170753.0,,2608170754.0,,,,,,,,,,,0.0,0.0
-8322430049446577692-2608170619-17,19605,2608170730.0,2608170731.0,4,,RE,MEX17,Bruchsal|Bretten|Bretten Rechberg|Bretten-Ruit|Knittlingen-Kleinvillars|Ölbronn-Dürrn|Maulbronn West|Ötisheim|Mühlacker|Mühlacker Rößlesweg|Illingen(Württ)|Vaihingen(Enz)|Sersheim|Sachsenheim|Ellental|Bietigheim-Bissingen,8000235,Ludwigsburg,Baden-Württemberg,Ludwigsburg,71638,9.185229823,48.89208622,3,2608170730.0,,2608170731.0,,h,2.0,Information,,,,,c,c,0.0,0.0
1174251127419777403-2608170703-9,7411,2608170736.0,2608170737.0,3,,S,S4,Backnang|Burgstall(Murr)|Kirchberg(Murr)|Erdmannhausen|Marbach(Neckar)|Benningen(Neckar)|Freiberg(Neckar)|Favoritepark,8000235,Ludwigsburg,Baden-Württemberg,Ludwigsburg,71638,9.185229823,48.89208622,3,2608170737.0,,2608170738.0,,h,1.0,Bauarbeiten,,,,,,,1.0,1.0
-5856161558368495320-2608170737-4,7513,2608170746.0,2608170746.0,3,,S,S5,Bietigheim-Bissingen|Tamm(Württ)|Asperg,8000235,Ludwigsburg,Baden-Württemberg,Ludwigsburg,71638,9.185229823,48.89208622,3,2608170746.0,,2608170747.0,,,,,,,,,,,0.0,1.0
8353338401030915198-2608170727-5,7510,2608170743.0,2608170744.0,2,,S,S5,Stuttgart Hbf|Stuttgart Nordbahnhof|Stuttgart-Zuffenhausen|Kornwestheim Pbf,8000235,Ludwigsburg,Baden-Württemberg,Ludwigsburg,71638,9.185229823,48.89208622,3,2608170744.0,,2608170744.0,,,,,,,,,,,1.0,0.0
-7338711269232336111-2608170633-9,7409,2608170706.0,2608170707.0,3,,S,S4,Backnang|Burgstall(Murr)|Kirchberg(Murr)|Erdmannhausen|Marbach(Neckar)|Benningen(Neckar)|Freiberg(Neckar)|Favoritepark,8000235,Ludwigsburg,Baden-Württemberg,Ludwigsburg,71638,9.185229823,48.89208622,3,2608170708.0,,2608170709.0,,h,1.0,Bauarbeiten,,,,,,,2.0,2.0
7502879632717750314-2608170614-11,19216,2608170728.0,2608170729.0,1,,RE,MEX12,Reutlingen Hbf|Metzingen(Württ)|Bempflingen|Nürtingen|Oberboihingen|Wendlingen(Neckar)|Plochingen|Esslingen(Neckar)|Stuttgart-Bad Cannstatt|Stuttgart Hbf,8000235,Ludwigsburg,Baden-Württemberg,Ludwigsburg,71638,9.185229823,48.89208622,3,2608170729.0,,2608170730.0,,h,2.0,Bauarbeiten,,,,,,,1.0,1.0
7977434207262340946-2608170707-5,7406,2608170723.0,2608170724.0,2,,S,S4,Stuttgart Hbf|Stuttgart Nordbahnhof|Stuttgart-Zuffenhausen|Kornwestheim Pbf,8000235,Ludwigsburg,Baden-Württemberg,Ludwigsburg,71638,9.185229823,48.89208622,3,2608170726.0,,2608170726.0,,,,,,,,,,,3.0,2.0
5468407054639694482-2608170653-8,19351,2608170726.0,2608170727.0,4,,RE,MEX12,Heilbronn Hbf|Nordheim(Württ)|Lauffen(Neckar)|Kirchheim(Neckar)|Walheim(Württ)|Besigheim|Bietigheim-Bissingen,8000235,Ludwigsburg,Baden-Württemberg,Ludwigsburg,71638,9.185229823,48.89208622,3,2608170740.0,,2608170742.0,,h,2.0,Bauarbeiten,,,,,,,14.0,15.0
-6982870468334487879-2608170640-13,19505,2608170730.0,2608170731.0,4,,RE,MEX17,Pforzheim Hbf|Eutingen(Baden)|Niefern|Enzberg|Mühlacker|Mühlacker Rößlesweg|Illingen(Württ)|Vaihingen(Enz)|Sersheim|Sachsenheim|Ellental|Bietigheim-Bissingen,8000235,Ludwigsburg,Baden-Württemberg,Ludwigsburg,71638,9.185229823,48.89208622,3,2608170730.0,,2608170731.0,,h,2.0,Information,,,,,c,c,0.0,0.0
-1347709455583751185-2608170733-2,7613,2608170735.0,2608170735.0,2,,S,S6,Weil der Stadt,8003831,Malmsheim,Baden-Württemberg,Renningen,71272,8.905105557,48.77183564,5,2608170736.0,,2608170736.0,,h,1.0,Bauarbeiten,,,,,,,1.0,1.0
4433222154122274025-2608170703-2,7611,2608170705.0,2608170705.0,2,,S,S6,Weil der Stadt,8003831,Malmsheim,Baden-Württemberg,Renningen,71272,8.905105557,48.77183564,5,2608170706.0,,2608170707.0,,h,1.0,Bauarbeiten,,,,,,,1.0,2.0
5872067968392634034-2608170655-11,7606,2608170724.0,2608170724.0,1,,S,S6,Stuttgart-Feuerbach|Stuttgart-Zuffenhausen|Neuwirtshaus(Porscheplatz)|Korntal|Weilimdorf|Ditzingen|Höfingen|Leonberg|Rutesheim|Renningen,8003831,Malmsheim,Baden-Württemberg,Renningen,71272,8.905105557,48.77183564,5,2608170724.0,,2608170725.0,,h,1.0,Bauarbeiten,,,,,,,0.0,1.0
-4074307891664969363-2608170725-11,7608,2608170754.0,2608170754.0,1,,S,S6,Stuttgart-Feuerbach|Stuttgart-Zuffenhausen|Neuwirtshaus(Porscheplatz)|Korntal|Weilimdorf|Ditzingen|Höfingen|Leonberg|Rutesheim|Renningen,8003831,Malmsheim,Baden-Württemberg,Renningen,71272,8.905105557,48.77183564,5,2608170754.0,,2608170754.0,,h,1.0,Bauarbeiten,,,,,,,0.0,0.0
8970610329466681156-2608170733-5,7413,2608170751.0,2608170755.0,2,,S,S4,Backnang|Burgstall(Murr)|Kirchberg(Murr)|Erdmannhausen,8003853,Marbach (Neckar),Baden-Württemberg,Marbach am Neckar,71672,9.264611825,48.9437708,3,2608170752.0,1.0,2608170756.0,1.0,h,1.0,Bauarbeiten,,,,,,,1.0,1.0
1174251127419777403-2608170703-5,7411,2608170721.0,2608170725.0,,,S,S4,Backnang|Burgstall(Murr)|Kirchberg(Murr)|Erdmannhausen,8003853,Marbach (Neckar),Baden-Württemberg,Marbach am Neckar,71672,9.264611825,48.9437708,3,2608170721.0,1.0,2608170726.0,1.0,h,1.0,Bauarbeiten,,,,,,,0.0,1.0
-8255187816541177533-2608170637-9,7404,2608170705.0,2608170708.0,1,,S,S4,Stuttgart Hbf|Stuttgart Nordbahnhof|Stuttgart-Zuffenhausen|Kornwestheim Pbf|Ludwigsburg|Favoritepark|Freiberg(Neckar)|Benningen(Neckar),8003853,Marbach (Neckar),Baden-Württemberg,Marbach am Neckar,71672,9.264611825,48.9437708,3,2608170705.0,,2608170708.0,,,,,,,,,,,0.0,0.0
7977434207262340946-2608170707-9,7406,2608170735.0,2608170738.0,1,,S,S4,Stuttgart Hbf|Stuttgart Nordbahnhof|Stuttgart-Zuffenhausen|Kornwestheim Pbf|Ludwigsburg|Favoritepark|Freiberg(Neckar)|Benningen(Neckar),8003853,Marbach (Neckar),Baden-Württemberg,Marbach am Neckar,71672,9.264611825,48.9437708,3,2608170737.0,,2608170739.0,,,,,,,,,,,2.0,1.0
3577709664347333137-2608170712-11,7308,2608170744.0,2608170745.0,2,,S,S3,Stuttgart Hbf|Stuttgart-Bad Cannstatt|Stuttgart Nürnberger Str.|Stuttgart-Sommerrain|Fellbach|Waiblingen|Neustadt-Hohenacker|Schwaikheim|Winnenden|Nellmersbach,8003913,Maubach,Baden-Württemberg,Backnang,71522,9.419487062,48.92623463,4,2608170744.0,,2608170746.0,,,,,,,,,,,0.0,1.0
1183603668671718907-2608170741-2,7313,2608170743.0,2608170744.0,1,,S,S3,Backnang,8003913,Maubach,Baden-Württemberg,Backnang,71522,9.419487062,48.92623463,4,2608170747.0,,2608170749.0,,,,,,,,,,,4.0,5.0
-6211003010298504877-2608170642-11,7306,2608170714.0,2608170715.0,2,,S,S3,Stuttgart Hbf|Stuttgart-Bad Cannstatt|Stuttgart Nürnberger Str.|Stuttgart-Sommerrain|Fellbach|Waiblingen|Neustadt-Hohenacker|Schwaikheim|Winnenden|Nellmersbach,8003913,Maubach,Baden-Württemberg,Backnang,71522,9.419487062,48.92623463,4,2608170717.0,,2608170717.0,,,,,,,,,,,3.0,2.0
-2915141727268180381-2608170711-2,7311,2608170713.0,2608170714.0,1,,S,S3,Backnang,8003913,Maubach,Baden-Württemberg,Backnang,71522,9.419487062,48.92623463,4,2608170714.0,,2608170714.0,,,,,,,,,,,1.0,0.0
3577709664347333137-2608170712-10,7308,2608170741.0,2608170742.0,2,,S,S3,Stuttgart Hbf|Stuttgart-Bad Cannstatt|Stuttgart Nürnberger Str.|Stuttgart-Sommerrain|Fellbach|Waiblingen|Neustadt-Hohenacker|Schwaikheim|Winnenden,8004233,Nellmersbach,Baden-Württemberg,Leutenbach,71397,9.415421538,48.90336425,5,2608170741.0,,2608170742.0,,,,,,,,,,,0.0,0.0
1183603668671718907-2608170741-3,7313,2608170746.0,2608170746.0,1,,S,S3,Backnang|Maubach,8004233,Nellmersbach,Baden-Württemberg,Leutenbach,71397,9.415421538,48.90336425,5,2608170750.0,,2608170751.0,,,,,,,,,,,4.0,5.0
-6211003010298504877-2608170642-10,7306,2608170711.0,2608170712.0,2,,S,S3,Stuttgart Hbf|Stuttgart-Bad Cannstatt|Stuttgart Nürnberger Str.|Stuttgart-Sommerrain|Fellbach|Waiblingen|Neustadt-Hohenacker|Schwaikheim|Winnenden,8004233,Nellmersbach,Baden-Württemberg,Leutenbach,71397,9.415421538,48.90336425,5,2608170714.0,,2608170715.0,,,,,,,,,,,3.0,3.0
-2915141727268180381-2608170711-3,7311,2608170716.0,2608170716.0,1,,S,S3,Backnang|Maubach,8004233,Nellmersbach,Baden-Württemberg,Leutenbach,71397,9.415421538,48.90336425,5,2608170716.0,,2608170718.0,,,,,,,,,,,0.0,2.0
3577709664347333137-2608170712-7,7308,2608170733.0,2608170733.0,1,,S,S3,Stuttgart Hbf|Stuttgart-Bad Cannstatt|Stuttgart Nürnberger Str.|Stuttgart-Sommerrain|Fellbach|Waiblingen,8004333,Neustadt-Hohenacker,Baden-Württemberg,Waiblingen,71336,9.32455106,48.85921668,5,2608170733.0,,2608170733.0,,,,,,,,,,,0.0,0.0
1183603668671718907-2608170741-6,7313,2608170755.0,2608170755.0,2,,S,S3,Backnang|Maubach|Nellmersbach|Winnenden|Schwaikheim,8004333,Neustadt-Hohenacker,Baden-Württemberg,Waiblingen,71336,9.32455106,48.85921668,5,2608170800.0,,2608170800.0,,,,,,,,,,,5.0,5.0
-6211003010298504877-2608170642-7,7306,2608170703.0,2608170703.0,1,,S,S3,Stuttgart Hbf|Stuttgart-Bad Cannstatt|Stuttgart Nürnberger Str.|Stuttgart-Sommerrain|Fellbach|Waiblingen,8004333,Neustadt-Hohenacker,Baden-Württemberg,Waiblingen,71336,9.32455106,48.85921668,5,2608170705.0,,2608170706.0,,,,,,,,,,,2.0,3.0
-2915141727268180381-2608170711-6,7311,2608170725.0,2608170725.0,2,,S,S3,Backnang|Maubach|Nellmersbach|Winnenden|Schwaikheim,8004333,Neustadt-Hohenacker,Baden-Württemberg,Waiblingen,71336,9.32455106,48.85921668,5,2608170725.0,,2608170726.0,,,,,,,,,,,0.0,1.0
8714567639514254110-2608170704-14,7009,2608170746.0,2608170746.0,2,,S,S60,Böblingen|Sindelfingen|Maichingen|Maichingen Nord|Magstadt|Renningen Süd|Renningen|Rutesheim|Leonberg|Höfingen|Ditzingen|Weilimdorf|Korntal,8004338,Neuwirtshaus (Porscheplatz),Baden-Württemberg,Stuttgart,70435,9.151955614,48.83384734,4,2608170747.0,,2608170748.0,,h,1.0,Bauarbeiten,,,,,,,1.0,2.0
7483286607335299715-2608170633-10,7609,2608170701.0,2608170701.0,2,,S,S6,Weil der Stadt|Malmsheim|Renningen|Rutesheim|Leonberg|Höfingen|Ditzingen|Weilimdorf|Korntal,8004338,Neuwirtshaus (Porscheplatz),Baden-Württemberg,Stuttgart,70435,9.151955614,48.83384734,4,2608170701.0,,2608170702.0,,h,1.0,Bauarbeiten,,,,,,,0.0,1.0
4433222154122274025-2608170703-10,7611,2608170731.0,2608170731.0,2,,S,S6,Weil der Stadt|Malmsheim|Renningen|Rutesheim|Leonberg|Höfingen|Ditzingen|Weilimdorf|Korntal,8004338,Neuwirtshaus (Porscheplatz),Baden-Württemberg,Stuttgart,70435,9.151955614,48.83384734,4,2608170731.0,,2608170732.0,,h,1.0,Bauarbeiten,,,,,,,0.0,1.0
1602954825218529829-2608170634-14,7007,2608170716.0,2608170716.0,2,,S,S60,Böblingen|Sindelfingen|Maichingen|Maichingen Nord|Magstadt|Renningen Süd|Renningen|Rutesheim|Leonberg|Höfingen|Ditzingen|Weilimdorf|Korntal,8004338,Neuwirtshaus (Porscheplatz),Baden-Württemberg,Stuttgart,70435,9.151955614,48.83384734,4,2608170717.0,,2608170718.0,,h,1.0,Bauarbeiten,,,,,,,1.0,2.0
5835800097238099022-2608170741-2,7014,2608170743.0,2608170743.0,1,,S,S60,Stuttgart-Zuffenhausen,8004338,Neuwirtshaus (Porscheplatz),Baden-Württemberg,Stuttgart,70435,9.151955614,48.83384734,4,2608170743.0,,2608170743.0,,h,1.0,Bauarbeiten,,,,,,,0.0,0.0
3947374469134470993-2608170711-2,7012,2608170713.0,2608170713.0,1,,S,S60,Stuttgart-Zuffenhausen,8004338,Neuwirtshaus (Porscheplatz),Baden-Württemberg,Stuttgart,70435,9.151955614,48.83384734,4,2608170713.0,,2608170714.0,,h,1.0,Bauarbeiten,,,,,,,0.0,1.0
-3096109639432053865-2608170755-3,7610,2608170758.0,2608170759.0,1,,S,S6,Stuttgart-Feuerbach|Stuttgart-Zuffenhausen,8004338,Neuwirtshaus (Porscheplatz),Baden-Württemberg,Stuttgart,70435,9.151955614,48.83384734,4,2608170800.0,,2608170801.0,,h,1.0,Bauarbeiten,,,,,,,2.0,2.0
-4074307891664969363-2608170725-3,7608,2608170728.0,2608170729.0,1,,S,S6,Stuttgart-Feuerbach|Stuttgart-Zuffenhausen,8004338,Neuwirtshaus (Porscheplatz),Baden-Württemberg,Stuttgart,70435,9.151955614,48.83384734,4,2608170730.0,,2608170730.0,,h,1.0,Bauarbeiten,,,,,,,2.0,1.0
-9135645456789564620-2608170646-8,7707,2608170711.0,2608170711.0,1,,S,S1,Stuttgart-Vaihingen|Stuttgart-Rohr|Goldberg(Württ)|Böblingen|Hulb|Ehningen(b Böblingen)|Gärtringen,8004490,Nufringen,Baden-Württemberg,Nufringen,71154,8.889817485,48.62010967,5,2608170712.0,,2608170712.0,,,,,,,,,,,1.0,1.0
-6419417749381061705-2608170716-8,7709,2608170741.0,2608170741.0,1,,S,S1,Stuttgart-Vaihingen|Stuttgart-Rohr|Goldberg(Württ)|Böblingen|Hulb|Ehningen(b Böblingen)|Gärtringen,8004490,Nufringen,Baden-Württemberg,Nufringen,71154,8.889817485,48.62010967,5,2608170742.0,,2608170742.0,,,,,,,,,,,1.0,1.0
7703218303646440626-2608170746-2,7714,2608170749.0,2608170749.0,2,,S,S1,Herrenberg,8004490,Nufringen,Baden-Württemberg,Nufringen,71154,8.889817485,48.62010967,5,2608170750.0,,2608170751.0,,,,,,,,,,,1.0,2.0
-250858146386556166-2608170716-2,7712,2608170719.0,2608170719.0,2,,S,S1,Herrenberg,8004490,Nufringen,Baden-Württemberg,Nufringen,71154,8.889817485,48.62010967,5,2608170719.0,,2608170720.0,,,,,,,,,,,0.0,1.0
3101834224134177917-2608170735-3,7911,2608170744.0,2608170744.0,1,,S,S2,Stuttgart-Vaihingen|Stuttgart-Rohr,8004496,Oberaichen,Baden-Württemberg,Leinfelden-Echterdingen,70771,9.12743664,48.70512422,5,2608170744.0,,2608170745.0,,,,,,,,,,,0.0,1.0
-6719809372287513512-2608170705-3,7909,2608170714.0,2608170714.0,1,,S,S2,Stuttgart-Vaihingen|Stuttgart-Rohr,8004496,Oberaichen,Baden-Württemberg,Leinfelden-Echterdingen,70771,9.12743664,48.70512422,5,2608170714.0,,2608170715.0,,,,,,,,,,,0.0,1.0
925944172323548863-2608170733-5,7910,2608170745.0,2608170745.0,2,,S,S2,Filderstadt|Stuttgart Flughafen/Messe|Echterdingen|Leinfelden,8004496,Oberaichen,Baden-Württemberg,Leinfelden-Echterdingen,70771,9.12743664,48.70512422,5,2608170745.0,,2608170745.0,,,,,,,,,,,0.0,0.0
-6501547905667268041-2608170703-5,7908,2608170715.0,2608170715.0,2,,S,S2,Filderstadt|Stuttgart Flughafen/Messe|Echterdingen|Leinfelden,8004496,Oberaichen,Baden-Württemberg,Leinfelden-Echterdingen,70771,9.12743664,48.70512422,5,2608170715.0,,2608170716.0,,,,,,,,,,,0.0,1.0
2394736871359748075-2608170725-8,7110,2608170745.0,2608170745.0,4,,S,S1,Stuttgart Hbf|Stuttgart-Bad Cannstatt|Stuttgart Neckarpark|Stuttgart-Untertürkheim|Stuttgart-Obertürkheim|Esslingen-Mettingen|Esslingen(Neckar),8004528,Oberesslingen,Baden-Württemberg,Esslingen am Neckar,73730,9.327277435,48.72983585,3,2608170745.0,,2608170745.0,,,,,,,,,,,0.0,0.0
-6655970972115007016-2608170650-8,7111,2608170714.0,2608170715.0,3,,S,S1,Kirchheim(Teck)|Kirchheim(Teck)-Ötlingen|Wendlingen(Neckar)|Wernau(Neckar)|Plochingen|Altbach|Esslingen-Zell,8004528,Oberesslingen,Baden-Württemberg,Esslingen am Neckar,73730,9.327277435,48.72983585,3,2608170714.0,,2608170715.0,,,,,,,,,,,0.0,0.0
8759418788528928451-2608170655-8,7108,2608170715.0,2608170715.0,4,,S,S1,Stuttgart Hbf|Stuttgart-Bad Cannstatt|Stuttgart Neckarpark|Stuttgart-Untertürkheim|Stuttgart-Obertürkheim|Esslingen-Mettingen|Esslingen(Neckar),8004528,Oberesslingen,Baden-Württemberg,Esslingen am Neckar,73730,9.327277435,48.72983585,3,2608170717.0,,2608170718.0,,,,,,,,,,,2.0,3.0
-7709757529463307534-2608170720-8,7113,2608170744.0,2608170745.0,3,,S,S1,Kirchheim(Teck)|Kirchheim(Teck)-Ötlingen|Wendlingen(Neckar)|Wernau(Neckar)|Plochingen|Altbach|Esslingen-Zell,8004528,Oberesslingen,Baden-Württemberg,Esslingen am Neckar,73730,9.327277435,48.72983585,3,2608170744.0,,2608170745.0,,,,,,,,,,,0.0,0.0
-4503411906264484817-2608170449-21,4202,2608170703.0,2608170703.0,1,,RE,RE5,Friedrichshafen Stadt|Meckenbeuren|Ravensburg|Aulendorf|Bad Schussenried|Biberach(Riß) Süd|Biberach(Riß)|Laupheim West|Ulm Hbf|Beimerstetten|Westerstetten|Amstetten(Württ)|Geislingen(Steige)|Kuchen|Gingen(Fils)|Süßen|Göppingen|Uhingen|Ebersbach(Fils)|Reichenbach(Fils),8000302,Plochingen,Baden-Württemberg,Plochingen,73207,9.411294578,48.71293906,2,2608170703.0,3.0,2608170704.0,3.0,h,2.0,Störung,,,,,,,0.0,1.0
2880538247563287432-2608170715-1,19306,,2608170715.0,,,RE,MEX18,,8000302,Plochingen,Baden-Württemberg,Plochingen,73207,9.411294578,48.71293906,2,,,2608170715.0,7.0,h,2.0,Information,,,,,,,0.0,0.0
-3459736231936845373-2608170630-11,19303,2608170742.0,,9,,RE,,Heilbronn Hbf|Nordheim(Württ)|Lauffen(Neckar)|Kirchheim(Neckar)|Walheim(Württ)|Besigheim|Bietigheim-Bissingen|Ludwigsburg|Kornwestheim Pbf|Esslingen(Neckar),8000302,Plochingen,Baden-Württemberg,Plochingen,73207,9.411294578,48.71293906,2,2608170830.0,,,,h,2.0,Information,,,Heilbronn Hbf|Nordheim(Württ)|Lauffen(Neckar)|Kirchheim(Neckar)|Walheim(Württ)|Besigheim|Bietigheim-Bissingen|Ludwigsburg|Kornwestheim Pbf|Esslingen(Neckar),,c,,48.0,0.0
3914164515653575626-2608170700-4,19119,2608170726.0,2608170730.0,3,,ARV,16,Stuttgart Hbf|Stuttgart-Bad Cannstatt|Esslingen(Neckar),8000302,Plochingen,Baden-Württemberg,Plochingen,73207,9.411294578,48.71293906,2,2608170747.0,4.0,2608170748.0,4.0,c,,,,,,,,,21.0,18.0
7364365756035854020-2608170636-19,19120,2608170755.0,2608170755.0,1,,ARV,16,Ulm Hbf|Beimerstetten|Westerstetten|Lonsee|Urspring|Amstetten(Württ)|Geislingen(Steige)|Geislingen(Steige)West|Kuchen|Gingen(Fils)|Süßen|Salach|Eislingen(Fils)|Göppingen|Faurndau|Uhingen|Ebersbach(Fils)|Reichenbach(Fils),8000302,Plochingen,Baden-Württemberg,Plochingen,73207,9.411294578,48.71293906,2,2608170755.0,,2608170756.0,,,,,,,,,,,0.0,1.0
2394736871359748075-2608170725-11,7110,2608170753.0,2608170755.0,9,,S,S1,Stuttgart Hbf|Stuttgart-Bad Cannstatt|Stuttgart Neckarpark|Stuttgart-Untertürkheim|Stuttgart-Obertürkheim|Esslingen-Mettingen|Esslingen(Neckar)|Oberesslingen|Esslingen-Zell|Altbach,8000302,Plochingen,Baden-Württemberg,Plochingen,73207,9.411294578,48.71293906,2,2608170753.0,,2608170755.0,,,,,,,,,,,0.0,0.0
-6655970972115007016-2608170650-5,7111,2608170705.0,2608170707.0,9,,S,S1,Kirchheim(Teck)|Kirchheim(Teck)-Ötlingen|Wendlingen(Neckar)|Wernau(Neckar),8000302,Plochingen,Baden-Württemberg,Plochingen,73207,9.411294578,48.71293906,2,2608170706.0,,2608170708.0,,,,,,,,,,,1.0,1.0
-6693394302779421754-2608170631-5,56715,2608170713.0,2608170714.0,9,,RE,MEX18,Ludwigsburg|Stuttgart Hbf|Stuttgart-Bad Cannstatt|Esslingen(Neckar),8000302,Plochingen,Baden-Württemberg,Plochingen,73207,9.411294578,48.71293906,2,2608170714.0,,2608170715.0,,,,,,,,,,,1.0,1.0
1633376945512703812-2608170736-3,4207,2608170751.0,2608170755.0,4,,RE,RE5,Stuttgart Hbf|Esslingen(Neckar),8000302,Plochingen,Baden-Württemberg,Plochingen,73207,9.411294578,48.71293906,2,2608170753.0,,2608170755.0,,h,2.0,Störung,,,,,c,c,2.0,0.0
8759418788528928451-2608170655-11,7108,2608170723.0,2608170725.0,9,,S,S1,Stuttgart Hbf|Stuttgart-Bad Cannstatt|Stuttgart Neckarpark|Stuttgart-Untertürkheim|Stuttgart-Obertürkheim|Esslingen-Mettingen|Esslingen(Neckar)|Oberesslingen|Esslingen-Zell|Altbach,8000302,Plochingen,Baden-Württemberg,Plochingen,73207,9.411294578,48.71293906,2,2608170725.0,,2608170726.0,,,,,,,,,,,2.0,1.0
4974521703574606086-2608170648-13,19118,2608170728.0,2608170734.0,1,,ARV,16,Geislingen(Steige)|Geislingen(Steige)West|Kuchen|Gingen(Fils)|Süßen|Salach|Eislingen(Fils)|Göppingen|Faurndau|Uhingen|Ebersbach(Fils)|Reichenbach(Fils),8000302,Plochingen,Baden-Württemberg,Plochingen,73207,9.411294578,48.71293906,2,2608170728.0,,2608170734.0,,,,,,,,,,,0.0,0.0
-5962810489381537859-2608170739-4,19121,2608170757.0,2608170757.0,6,,ARV,16,Stuttgart Hbf|Stuttgart-Bad Cannstatt|Esslingen(Neckar),8000302,Plochingen,Baden-Württemberg,Plochingen,73207,9.411294578,48.71293906,2,2608170758.0,,2608170801.0,,,,,,,,,,,1.0,4.0
5752082848521759462-2608170717-7,19220,2608170748.0,2608170750.0,3,,RE,MEX12,Reutlingen Hbf|Metzingen(Württ)|Bempflingen|Nürtingen|Oberboihingen|Wendlingen(Neckar),8000302,Plochingen,Baden-Württemberg,Plochingen,73207,9.411294578,48.71293906,2,2608170748.0,,2608170750.0,,h,2.0,Bauarbeiten,,,,,,,0.0,0.0
-7709757529463307534-2608170720-5,7113,2608170735.0,2608170737.0,9,,S,S1,Kirchheim(Teck)|Kirchheim(Teck)-Ötlingen|Wendlingen(Neckar)|Wernau(Neckar),8000302,Plochingen,Baden-Württemberg,Plochingen,73207,9.411294578,48.71293906,2,2608170736.0,,2608170737.0,,,,,,,,,,,1.0,0.0
8714567639514254110-2608170704-7,7009,2608170720.0,2608170726.0,2,,S,S60,Böblingen|Sindelfingen|Maichingen|Maichingen Nord|Magstadt|Renningen Süd,8000313,Renningen,Baden-Württemberg,Renningen,71272,8.932650148,48.77515509,3,2608170721.0,,2608170726.0,,h,1.0,Bauarbeiten,,,,,,,1.0,0.0
7234702021475349629-2608170710-6,26131,2608170732.0,,,,SWE,,Calw|Calw-Heumaden|Althengstett|Ostelsheim|Weil der Stadt,8000313,Renningen,Baden-Württemberg,Renningen,71272,8.932650148,48.77515509,3,,4.0,,,,,,,,,,,,0.0,0.0
-2314480797793343036-2608170641-9,7010,2608170704.0,2608170709.0,3,,S,S60,Stuttgart-Zuffenhausen|Neuwirtshaus(Porscheplatz)|Korntal|Weilimdorf|Ditzingen|Höfingen|Leonberg|Rutesheim,8000313,Renningen,Baden-Württemberg,Renningen,71272,8.932650148,48.77515509,3,2608170704.0,,2608170711.0,,h,1.0,Bauarbeiten,,,,,,,0.0,2.0
-1347709455583751185-2608170733-3,7613,2608170737.0,2608170741.0,2,,S,S6,Weil der Stadt|Malmsheim,8000313,Renningen,Baden-Württemberg,Renningen,71272,8.932650148,48.77515509,3,2608170738.0,,2608170741.0,,h,1.0,Bauarbeiten,,,,,,,1.0,0.0
-5823901558938223341-2608170742-1,26132,,2608170742.0,,,SWE,RB76,,8000313,Renningen,Baden-Württemberg,Renningen,71272,8.932650148,48.77515509,3,,,,4.0,,,,,,,,,,0.0,0.0
4433222154122274025-2608170703-3,7611,2608170707.0,2608170711.0,2,,S,S6,Weil der Stadt|Malmsheim,8000313,Renningen,Baden-Württemberg,Renningen,71272,8.932650148,48.77515509,3,2608170710.0,,2608170711.0,,h,1.0,Bauarbeiten,,,,,,,3.0,0.0
3592955462745051107-2608170734-7,7011,2608170750.0,2608170756.0,2,,S,S60,Böblingen|Sindelfingen|Maichingen|Maichingen Nord|Magstadt|Renningen Süd,8000313,Renningen,Baden-Württemberg,Renningen,71272,8.932650148,48.77515509,3,2608170751.0,,2608170756.0,,h,1.0,Bauarbeiten,,,,,,,1.0,0.0
5872067968392634034-2608170655-10,7606,2608170719.0,2608170722.0,3,,S,S6,Stuttgart-Feuerbach|Stuttgart-Zuffenhausen|Neuwirtshaus(Porscheplatz)|Korntal|Weilimdorf|Ditzingen|Höfingen|Leonberg|Rutesheim,8000313,Renningen,Baden-Württemberg,Renningen,71272,8.932650148,48.77515509,3,2608170719.0,,2608170722.0,,h,1.0,Bauarbeiten,,,,,,,0.0,0.0
3947374469134470993-2608170711-9,7012,2608170734.0,2608170739.0,3,,S,S60,Stuttgart-Zuffenhausen|Neuwirtshaus(Porscheplatz)|Korntal|Weilimdorf|Ditzingen|Höfingen|Leonberg|Rutesheim,8000313,Renningen,Baden-Württemberg,Renningen,71272,8.932650148,48.77515509,3,2608170734.0,,2608170739.0,,h,1.0,Bauarbeiten,,,,,,,0.0,0.0
-4074307891664969363-2608170725-10,7608,2608170749.0,2608170752.0,3,,S,S6,Stuttgart-Feuerbach|Stuttgart-Zuffenhausen|Neuwirtshaus(Porscheplatz)|Korntal|Weilimdorf|Ditzingen|Höfingen|Leonberg|Rutesheim,8000313,Renningen,Baden-Württemberg,Renningen,71272,8.932650148,48.77515509,3,2608170750.0,,2608170752.0,,h,1.0,Bauarbeiten,,,,,,,1.0,0.0
3965518062033575210-2608170650-7,7206,2608170707.0,2608170707.0,1,,S,S2,Stuttgart Hbf|Stuttgart-Bad Cannstatt|Stuttgart Nürnberger Str.|Stuttgart-Sommerrain|Fellbach|Waiblingen,8005157,Rommelshausen,Baden-Württemberg,Kernen,71394,9.319175885,48.81552017,4,2608170711.0,,2608170712.0,,h,1.0,Bauarbeiten,,,,,,,4.0,5.0
-6595517868678510983-2608170703-9,7211,2608170721.0,2608170722.0,2,,S,S2,Schorndorf|Weiler(Rems)|Winterbach(b Schorndorf)|Geradstetten|Grunbach|Beutelsbach|Endersbach|Stetten-Beinstein,8005157,Rommelshausen,Baden-Württemberg,Kernen,71394,9.319175885,48.81552017,4,2608170721.0,,2608170722.0,,h,1.0,Bauarbeiten,,,,,,,0.0,0.0
-5260417069663625653-2608170720-7,7208,2608170737.0,2608170737.0,1,,S,S2,Stuttgart Hbf|Stuttgart-Bad Cannstatt|Stuttgart Nürnberger Str.|Stuttgart-Sommerrain|Fellbach|Waiblingen,8005157,Rommelshausen,Baden-Württemberg,Kernen,71394,9.319175885,48.81552017,4,2608170739.0,,2608170740.0,,h,1.0,Bauarbeiten,,,,,,,2.0,3.0
3888224273021493436-2608170733-9,7213,2608170751.0,2608170752.0,2,,S,S2,Schorndorf|Weiler(Rems)|Winterbach(b Schorndorf)|Geradstetten|Grunbach|Beutelsbach|Endersbach|Stetten-Beinstein,8005157,Rommelshausen,Baden-Württemberg,Kernen,71394,9.319175885,48.81552017,4,2608170751.0,,2608170752.0,,h,1.0,Bauarbeiten,,,,,,,0.0,0.0
8714567639514254110-2608170704-8,7009,2608170728.0,2608170729.0,1,,S,S60,Böblingen|Sindelfingen|Maichingen|Maichingen Nord|Magstadt|Renningen Süd|Renningen,8005236,Rutesheim,Baden-Württemberg,Leonberg,71229,8.960325242,48.79031093,5,2608170729.0,,2608170730.0,,h,1.0,Bauarbeiten,,,,,,,1.0,1.0
-2314480797793343036-2608170641-8,7010,2608170701.0,2608170701.0,2,,S,S60,Stuttgart-Zuffenhausen|Neuwirtshaus(Porscheplatz)|Korntal|Weilimdorf|Ditzingen|Höfingen|Leonberg,8005236,Rutesheim,Baden-Württemberg,Leonberg,71229,8.960325242,48.79031093,5,2608170701.0,,2608170702.0,,h,1.0,Bauarbeiten,,,,,,,0.0,1.0
-1347709455583751185-2608170733-4,7613,2608170743.0,2608170744.0,1,,S,S6,Weil der Stadt|Malmsheim|Renningen,8005236,Rutesheim,Baden-Württemberg,Leonberg,71229,8.960325242,48.79031093,5,2608170744.0,,2608170745.0,,h,1.0,Bauarbeiten,,,,,,,1.0,1.0
4433222154122274025-2608170703-4,7611,2608170713.0,2608170714.0,1,,S,S6,Weil der Stadt|Malmsheim|Renningen,8005236,Rutesheim,Baden-Württemberg,Leonberg,71229,8.960325242,48.79031093,5,2608170714.0,,2608170714.0,,h,1.0,Bauarbeiten,,,,,,,1.0,0.0
3592955462745051107-2608170734-8,7011,2608170758.0,2608170759.0,1,,S,S60,Böblingen|Sindelfingen|Maichingen|Maichingen Nord|Magstadt|Renningen Süd|Renningen,8005236,Rutesheim,Baden-Württemberg,Leonberg,71229,8.960325242,48.79031093,5,2608170759.0,,2608170759.0,,h,1.0,Bauarbeiten,,,,,,,1.0,0.0
5872067968392634034-2608170655-9,7606,2608170716.0,2608170716.0,2,,S,S6,Stuttgart-Feuerbach|Stuttgart-Zuffenhausen|Neuwirtshaus(Porscheplatz)|Korntal|Weilimdorf|Ditzingen|Höfingen|Leonberg,8005236,Rutesheim,Baden-Württemberg,Leonberg,71229,8.960325242,48.79031093,5,2608170717.0,,2608170717.0,,h,1.0,Bauarbeiten,,,,,,,1.0,1.0
3947374469134470993-2608170711-8,7012,2608170731.0,2608170731.0,2,,S,S60,Stuttgart-Zuffenhausen|Neuwirtshaus(Porscheplatz)|Korntal|Weilimdorf|Ditzingen|Höfingen|Leonberg,8005236,Rutesheim,Baden-Württemberg,Leonberg,71229,8.960325242,48.79031093,5,2608170731.0,,2608170732.0,,h,1.0,Bauarbeiten,,,,,,,0.0,1.0
-4074307891664969363-2608170725-9,7608,2608170746.0,2608170746.0,2,,S,S6,Stuttgart-Feuerbach|Stuttgart-Zuffenhausen|Neuwirtshaus(Porscheplatz)|Korntal|Weilimdorf|Ditzingen|Höfingen|Leonberg,8005236,Rutesheim,Baden-Württemberg,Leonberg,71229,8.960325242,48.79031093,5,2608170747.0,,2608170747.0,,h,1.0,Bauarbeiten,,,,,,,1.0,1.0
-5465477625088129487-2608170636-15,19452,2608170743.0,2608170744.0,3,,ARV,13,Ellwangen|Schrezheim|Schwabsberg|Goldshöfe|Hofen(b Aalen)|Wasseralfingen|Aalen Hbf|Mögglingen(Gmünd)|Böbingen(Rems)|Schwäbisch Gmünd|Lorch(Württ)|Waldhausen(b Schorndorf)|Plüderhausen|Urbach(b Schorndorf),8005424,Schorndorf,Baden-Württemberg,Schorndorf,73614,9.525686251,48.80693898,3,2608170745.0,,2608170745.0,,h,2.0,Information,,,,,,,2.0,1.0
-4918736573732270498-2608170635-9,19410,2608170713.0,2608170714.0,3,,ARV,13,Aalen Hbf|Mögglingen(Gmünd)|Böbingen(Rems)|Schwäbisch Gmünd|Lorch(Württ)|Waldhausen(b Schorndorf)|Plüderhausen|Urbach(b Schorndorf),8005424,Schorndorf,Baden-Württemberg,Schorndorf,73614,9.525686251,48.80693898,3,2608170716.0,,2608170716.0,,h,2.0,Information,,,,,,,3.0,2.0
-2178811898340293620-2608170709-2,19671,2608170728.0,2608170729.0,2,,ARV,1,Stuttgart Hbf,8005424,Schorndorf,Baden-Württemberg,Schorndorf,73614,9.525686251,48.80693898,3,2608170729.0,3.0,2608170730.0,3.0,h,2.0,Information,,,,,,,1.0,1.0
3965518062033575210-2608170650-15,7206,2608170725.0,,14,,S,,Stuttgart Hbf|Stuttgart-Bad Cannstatt|Stuttgart Nürnberger Str.|Stuttgart-Sommerrain|Fellbach|Waiblingen|Rommelshausen|Stetten-Beinstein|Endersbach|Beutelsbach|Grunbach|Geradstetten|Winterbach(b Schorndorf)|Weiler(Rems),8005424,Schorndorf,Baden-Württemberg,Schorndorf,73614,9.525686251,48.80693898,3,2608170729.0,1.0,,,h,1.0,Bauarbeiten,,,,,,,4.0,0.0
-4136739553637756736-2608170720-4,19457,2608170743.0,2608170744.0,2,,ARV,13,Stuttgart Hbf|Stuttgart-Bad Cannstatt|Waiblingen,8005424,Schorndorf,Baden-Württemberg,Schorndorf,73614,9.525686251,48.80693898,3,2608170743.0,,2608170744.0,,h,2.0,Information,,,,,,,0.0,0.0
-6595517868678510983-2608170703-1,7211,,2608170703.0,,,S,S2,,8005424,Schorndorf,Baden-Württemberg,Schorndorf,73614,9.525686251,48.80693898,3,,,2608170703.0,1.0,h,1.0,Bauarbeiten,,,,,,,0.0,0.0
8037374960848513675-2608170648-4,19405,2608170713.0,2608170714.0,2,,ARV,13,Stuttgart Hbf|Stuttgart-Bad Cannstatt|Waiblingen,8005424,Schorndorf,Baden-Württemberg,Schorndorf,73614,9.525686251,48.80693898,3,2608170717.0,,2608170719.0,,h,2.0,Information,,,,,,,4.0,5.0
-5260417069663625653-2608170720-15,7208,2608170755.0,,1,,S,,Stuttgart Hbf|Stuttgart-Bad Cannstatt|Stuttgart Nürnberger Str.|Stuttgart-Sommerrain|Fellbach|Waiblingen|Rommelshausen|Stetten-Beinstein|Endersbach|Beutelsbach|Grunbach|Geradstetten|Winterbach(b Schorndorf)|Weiler(Rems),8005424,Schorndorf,Baden-Württemberg,Schorndorf,73614,9.525686251,48.80693898,3,2608170756.0,14.0,,,h,1.0,Bauarbeiten,,,,,,,1.0,0.0
3888224273021493436-2608170733-1,7213,,2608170733.0,,,S,S2,,8005424,Schorndorf,Baden-Württemberg,Schorndorf,73614,9.525686251,48.80693898,3,,,2608170733.0,14.0,h,1.0,Bauarbeiten,,,,,,,0.0,0.0
3577709664347333137-2608170712-8,7308,2608170736.0,2608170736.0,2,,S,S3,Stuttgart Hbf|Stuttgart-Bad Cannstatt|Stuttgart Nürnberger Str.|Stuttgart-Sommerrain|Fellbach|Waiblingen|Neustadt-Hohenacker,8005454,Schwaikheim,Baden-Württemberg,Schwaikheim,71409,9.354747358,48.86832665,4,2608170736.0,,2608170737.0,,,,,,,,,,,0.0,1.0
1183603668671718907-2608170741-5,7313,2608170752.0,2608170753.0,1,,S,S3,Backnang|Maubach|Nellmersbach|Winnenden,8005454,Schwaikheim,Baden-Württemberg,Schwaikheim,71409,9.354747358,48.86832665,4,2608170757.0,,2608170758.0,,,,,,,,,,,5.0,5.0
-6211003010298504877-2608170642-8,7306,2608170706.0,2608170706.0,2,,S,S3,Stuttgart Hbf|Stuttgart-Bad Cannstatt|Stuttgart Nürnberger Str.|Stuttgart-Sommerrain|Fellbach|Waiblingen|Neustadt-Hohenacker,8005454,Schwaikheim,Baden-Württemberg,Schwaikheim,71409,9.354747358,48.86832665,4,2608170708.0,,2608170709.0,,,,,,,,,,,2.0,3.0
-2915141727268180381-2608170711-5,7311,2608170722.0,2608170723.0,1,,S,S3,Backnang|Maubach|Nellmersbach|Winnenden,8005454,Schwaikheim,Baden-Württemberg,Schwaikheim,71409,9.354747358,48.86832665,4,2608170722.0,,2608170723.0,,,,,,,,,,,0.0,0.0
8714567639514254110-2608170704-2,7009,2608170706.0,2608170707.0,1,,S,S60,Böblingen,8005574,Sindelfingen,Baden-Württemberg,Sindelfingen,71063,8.999262079,48.70387346,6,2608170707.0,,2608170707.0,,h,1.0,Bauarbeiten,,,,,,,1.0,0.0
-2314480797793343036-2608170641-14,7010,2608170722.0,2608170723.0,1,,S,S60,Stuttgart-Zuffenhausen|Neuwirtshaus(Porscheplatz)|Korntal|Weilimdorf|Ditzingen|Höfingen|Leonberg|Rutesheim|Renningen|Renningen Süd|Magstadt|Maichingen Nord|Maichingen,8005574,Sindelfingen,Baden-Württemberg,Sindelfingen,71063,8.999262079,48.70387346,6,2608170724.0,,2608170724.0,,h,1.0,Bauarbeiten,,,,,,,2.0,1.0
3592955462745051107-2608170734-2,7011,2608170736.0,2608170737.0,1,,S,S60,Böblingen,8005574,Sindelfingen,Baden-Württemberg,Sindelfingen,71063,8.999262079,48.70387346,6,2608170737.0,,2608170737.0,,h,1.0,Bauarbeiten,,,,,,,1.0,0.0
3947374469134470993-2608170711-14,7012,2608170752.0,2608170753.0,1,,S,S60,Stuttgart-Zuffenhausen|Neuwirtshaus(Porscheplatz)|Korntal|Weilimdorf|Ditzingen|Höfingen|Leonberg|Rutesheim|Renningen|Renningen Süd|Magstadt|Maichingen Nord|Maichingen,8005574,Sindelfingen,Baden-Württemberg,Sindelfingen,71063,8.999262079,48.70387346,6,2608170753.0,,2608170753.0,,h,1.0,Bauarbeiten,,,,,,,1.0,0.0
3965518062033575210-2608170650-8,7206,2608170709.0,2608170709.0,1,,S,S2,Stuttgart Hbf|Stuttgart-Bad Cannstatt|Stuttgart Nürnberger Str.|Stuttgart-Sommerrain|Fellbach|Waiblingen|Rommelshausen,8005726,Stetten-Beinstein,Baden-Württemberg,Weinstadt,71384,9.352769725,48.81199601,5,2608170714.0,,2608170714.0,,h,1.0,Bauarbeiten,,,,,,,5.0,5.0
-6595517868678510983-2608170703-8,7211,2608170719.0,2608170719.0,2,,S,S2,Schorndorf|Weiler(Rems)|Winterbach(b Schorndorf)|Geradstetten|Grunbach|Beutelsbach|Endersbach,8005726,Stetten-Beinstein,Baden-Württemberg,Weinstadt,71384,9.352769725,48.81199601,5,2608170719.0,,2608170719.0,,h,1.0,Bauarbeiten,,,,,,,0.0,0.0
-5260417069663625653-2608170720-8,7208,2608170739.0,2608170739.0,1,,S,S2,Stuttgart Hbf|Stuttgart-Bad Cannstatt|Stuttgart Nürnberger Str.|Stuttgart-Sommerrain|Fellbach|Waiblingen|Rommelshausen,8005726,Stetten-Beinstein,Baden-Württemberg,Weinstadt,71384,9.352769725,48.81199601,5,2608170742.0,,2608170742.0,,h,1.0,Bauarbeiten,,,,,,,3.0,3.0
3888224273021493436-2608170733-8,7213,2608170749.0,2608170749.0,2,,S,S2,Schorndorf|Weiler(Rems)|Winterbach(b Schorndorf)|Geradstetten|Grunbach|Beutelsbach|Endersbach,8005726,Stetten-Beinstein,Baden-Württemberg,Weinstadt,71384,9.352769725,48.81199601,5,2608170749.0,,2608170749.0,,h,1.0,Bauarbeiten,,,,,,,0.0,0.0
-4503411906264484817-2608170449-23,4202,2608170719.0,,11,,RE,,Friedrichshafen Stadt|Meckenbeuren|Ravensburg|Aulendorf|Bad Schussenried|Biberach(Riß) Süd|Biberach(Riß)|Laupheim West|Ulm Hbf|Beimerstetten|Westerstetten|Amstetten(Württ)|Geislingen(Steige)|Kuchen|Gingen(Fils)|Süßen|Göppingen|Uhingen|Ebersbach(Fils)|Reichenbach(Fils)|Plochingen|Esslingen(Neckar),8000096,Stuttgart Hbf,Baden-Württemberg,Stuttgart,70173,9.183172973,48.78473069,1,2608170728.0,,,,h,2.0,Störung,,,,,,,9.0,0.0
-7991620981716441940-2608170637-8,7509,2608170705.0,,2,,S,,Bietigheim-Bissingen|Tamm(Württ)|Asperg|Ludwigsburg|Kornwestheim Pbf|Stuttgart-Zuffenhausen|Stuttgart Nordbahnhof,8000096,Stuttgart Hbf,Baden-Württemberg,Stuttgart,70173,9.183172973,48.78473069,1,2608170705.0,,,,,,,,,,,,,0.0,0.0
9133098357832980471-2608170620-15,7109,2608170705.0,,4,,S,,Kirchheim(Teck)|Kirchheim(Teck)-Ötlingen|Wendlingen(Neckar)|Wernau(Neckar)|Plochingen|Altbach|Esslingen-Zell|Oberesslingen|Esslingen(Neckar)|Esslingen-Mettingen|Stuttgart-Obertürkheim|Stuttgart-Untertürkheim|Stuttgart Neckarpark|Stuttgart-Bad Cannstatt,8000096,Stuttgart Hbf,Baden-Württemberg,Stuttgart,70173,9.183172973,48.78473069,1,2608170705.0,,,,,,,,,,,,,0.0,0.0
8151800894683998336-2608170726-1,17509,,2608170726.0,,,RB,MEX19,,8000096,Stuttgart Hbf,Baden-Württemberg,Stuttgart,70173,9.183172973,48.78473069,1,,,2608170726.0,,,,,,,,,,,0.0,0.0
-6187813548789768480-2608170750-1,7210,,2608170750.0,,,S,S2,,8000096,Stuttgart Hbf,Baden-Württemberg,Stuttgart,70173,9.183172973,48.78473069,1,,,2608170750.0,,h,1.0,Bauarbeiten,,,,,,,0.0,0.0
-3891350474479919933-2608170519-7,1699,2608170702.0,,7,,ICE,,Frankfurt(Main)Hbf|Darmstadt Hbf|Bensheim|Weinheim(Bergstr)Hbf|Heidelberg Hbf|Wiesloch-Walldorf,8000096,Stuttgart Hbf,Baden-Württemberg,Stuttgart,70173,9.183172973,48.78473069,1,2608170658.0,,,,,,,,,,,,,-4.0,0.0
7155033421118958991-2608170707-8,7511,2608170735.0,,2,,S,,Bietigheim-Bissingen|Tamm(Württ)|Asperg|Ludwigsburg|Kornwestheim Pbf|Stuttgart-Zuffenhausen|Stuttgart Nordbahnhof,8000096,Stuttgart Hbf,Baden-Württemberg,Stuttgart,70173,9.183172973,48.78473069,1,2608170734.0,,,,,,,,,,,,,-1.0,0.0
-4928326504801899421-2608170757-1,7512,,2608170757.0,,,S,S5,,8000096,Stuttgart Hbf,Baden-Württemberg,Stuttgart,70173,9.183172973,48.78473069,1,,,2608170757.0,,,,,,,,,,,0.0,0.0
-7333231527529019300-2608170509-20,19450,2608170712.0,,13,,ARV,,Crailsheim|Jagstzell|Ellwangen|Schrezheim|Schwabsberg|Goldshöfe|Hofen(b Aalen)|Wasseralfingen|Aalen Hbf|Mögglingen(Gmünd)|Böbingen(Rems)|Schwäbisch Gmünd|Lorch(Württ)|Waldhausen(b Schorndorf)|Plüderhausen|Urbach(b Schorndorf)|Schorndorf|Waiblingen|Stuttgart-Bad Cannstatt,8000096,Stuttgart Hbf,Baden-Württemberg,Stuttgart,70173,9.183172973,48.78473069,1,2608170712.0,,,,h,2.0,Information,,,,,,,0.0,0.0
3577709664347333137-2608170712-1,7308,,2608170712.0,,,S,S3,,8000096,Stuttgart Hbf,Baden-Württemberg,Stuttgart,70173,9.183172973,48.78473069,1,,,2608170712.0,,,,,,,,,,,0.0,0.0
-7387272772966151444-2608170632-11,17510,2608170732.0,,12,,RB,,Gaildorf West|Fichtenberg|Fornsbach|Murrhardt|Sulzbach(Murr)|Oppenweiler(Württ)|Backnang|Winnenden|Waiblingen|Stuttgart-Bad Cannstatt,8000096,Stuttgart Hbf,Baden-Württemberg,Stuttgart,70173,9.183172973,48.78473069,1,2608170732.0,,,,,,,,,,,,,0.0,0.0
3914164515653575626-2608170700-1,19119,,2608170700.0,,,ARV,16,,8000096,Stuttgart Hbf,Baden-Württemberg,Stuttgart,70173,9.183172973,48.78473069,1,,,2608170729.0,,,,,,,,,,,0.0,29.0
-6563980521276274745-2608170747-1,19407,,2608170747.0,,,ARV,13,,8000096,Stuttgart Hbf,Baden-Württemberg,Stuttgart,70173,9.183172973,48.78473069,1,,,2608170748.0,,h,2.0,Information,,,,,,,0.0,1.0
4239966119888045037-2608170737-1,7408,,2608170737.0,,,S,S4,,8000096,Stuttgart Hbf,Baden-Württemberg,Stuttgart,70173,9.183172973,48.78473069,1,,,2608170738.0,,,,,,,,,,,0.0,1.0
-4846270582383547234-2608170703-1,28471,,2608170703.0,,,RE,RESB,,8000096,Stuttgart Hbf,Baden-Württemberg,Stuttgart,70173,9.183172973,48.78473069,1,,,2608170712.0,,,,,,,,,,,0.0,9.0
7541002194531759853-2608170546-22,19116,2608170716.0,,14,,ARV,,Ulm Hbf|Beimerstetten|Westerstetten|Lonsee|Urspring|Amstetten(Württ)|Geislingen(Steige)|Geislingen(Steige)West|Kuchen|Gingen(Fils)|Süßen|Salach|Eislingen(Fils)|Göppingen|Faurndau|Uhingen|Ebersbach(Fils)|Reichenbach(Fils)|Plochingen|Esslingen(Neckar)|Stuttgart-Bad Cannstatt,8000096,Stuttgart Hbf,Baden-Württemberg,Stuttgart,70173,9.183172973,48.78473069,1,2608170720.0,,,,,,,,,,,,,4.0,0.0
2394736871359748075-2608170725-1,7110,,2608170725.0,,,S,S1,,8000096,Stuttgart Hbf,Baden-Württemberg,Stuttgart,70173,9.183172973,48.78473069,1,,,2608170725.0,,,,,,,,,,,0.0,0.0
5784758985011942046-2608170641-12,7309,2608170717.0,,4,,S,,Backnang|Maubach|Nellmersbach|Winnenden|Schwaikheim|Neustadt-Hohenacker|Waiblingen|Fellbach|Stuttgart-Sommerrain|Stuttgart Nürnberger Str.|Stuttgart-Bad Cannstatt,8000096,Stuttgart Hbf,Baden-Württemberg,Stuttgart,70173,9.183172973,48.78473069,1,2608170716.0,,,,,,,,,,,,,-1.0,0.0
-4918736573732270498-2608170635-12,19410,2608170739.0,,13,,ARV,,Aalen Hbf|Mögglingen(Gmünd)|Böbingen(Rems)|Schwäbisch Gmünd|Lorch(Württ)|Waldhausen(b Schorndorf)|Plüderhausen|Urbach(b Schorndorf)|Schorndorf|Waiblingen|Stuttgart-Bad Cannstatt,8000096,Stuttgart Hbf,Baden-Württemberg,Stuttgart,70173,9.183172973,48.78473069,1,2608170739.0,,,,h,2.0,Information,,,,,,,0.0,0.0
-8322430049446577692-2608170619-18,19605,2608170741.0,,6,,RE,,Bruchsal|Bretten|Bretten Rechberg|Bretten-Ruit|Knittlingen-Kleinvillars|Ölbronn-Dürrn|Maulbronn West|Ötisheim|Mühlacker|Mühlacker Rößlesweg|Illingen(Württ)|Vaihingen(Enz)|Sersheim|Sachsenheim|Ellental|Bietigheim-Bissingen|Ludwigsburg,8000096,Stuttgart Hbf,Baden-Württemberg,Stuttgart,70173,9.183172973,48.78473069,1,2608170741.0,,,,h,2.0,Information,,,,,c,,0.0,0.0
-2178811898340293620-2608170709-1,19671,,2608170709.0,,,ARV,1,,8000096,Stuttgart Hbf,Baden-Württemberg,Stuttgart,70173,9.183172973,48.78473069,1,,,2608170709.0,,h,2.0,Information,,,,,,,0.0,0.0
1174251127419777403-2608170703-14,7411,2608170755.0,,1,,S,,Backnang|Burgstall(Murr)|Kirchberg(Murr)|Erdmannhausen|Marbach(Neckar)|Benningen(Neckar)|Freiberg(Neckar)|Favoritepark|Ludwigsburg|Kornwestheim Pbf|Stuttgart-Zuffenhausen|Stuttgart-Feuerbach|Stuttgart Nordbahnhof,8000096,Stuttgart Hbf,Baden-Württemberg,Stuttgart,70173,9.183172973,48.78473069,1,2608170756.0,,,,h,1.0,Bauarbeiten,,,,,,,1.0,0.0
-2805970497593705485-2608170703-1,1162,,2608170703.0,,,ICE,,,8000096,Stuttgart Hbf,Baden-Württemberg,Stuttgart,70173,9.183172973,48.78473069,1,,,2608170703.0,,,,,,,,,,,0.0,0.0
67517114520381301-2608170533-5,614,2608170743.0,2608170749.0,9,,ICE,,München Hbf|München-Pasing|Augsburg Hbf|Ulm Hbf,8000096,Stuttgart Hbf,Baden-Württemberg,Stuttgart,70173,9.183172973,48.78473069,1,2608170744.0,10.0,2608170751.0,10.0,h,3.0,Information,,,,,,,1.0,2.0
5369190051876993421-2608170712-1,51981,,2608170712.0,,,RE,IC87,,8000096,Stuttgart Hbf,Baden-Württemberg,Stuttgart,70173,9.183172973,48.78473069,1,,,2608170714.0,,h,2.0,Information,,,,,,,0.0,2.0
8353338401030915198-2608170727-1,7510,,2608170727.0,,,S,S5,,8000096,Stuttgart Hbf,Baden-Württemberg,Stuttgart,70173,9.183172973,48.78473069,1,,,2608170728.0,,,,,,,,,,,0.0,1.0
-8714228285082007604-2608170742-1,7310,,2608170742.0,,,S,S3,,8000096,Stuttgart Hbf,Baden-Württemberg,Stuttgart,70173,9.183172973,48.78473069,1,,,2608170742.0,,,,,,,,,,,0.0,0.0
-1423004611531480380-2608170611-17,17622,2608170741.0,,5,,RE,,Freudenstadt Hbf|Grüntal-Wittlensweiler|Dornstetten-Aach|Dornstetten|Schopfloch(b Freudenstadt)|Bittelbronn|Horb-Heiligenfeld|Hochdorf(b Horb)|Eutingen Nord|Eutingen im Gäu|Ergenzingen|Bondorf(b Herrenberg)|Gäufelden|Herrenberg|Böblingen|Stuttgart-Vaihingen,8000096,Stuttgart Hbf,Baden-Württemberg,Stuttgart,70173,9.183172973,48.78473069,1,2608170743.0,,,,,,,,,,,,,2.0,0.0
1080395120727352298-2608170754-1,17511,,2608170754.0,,,RB,MEX90,,8000096,Stuttgart Hbf,Baden-Württemberg,Stuttgart,70173,9.183172973,48.78473069,1,,,2608170754.0,,,,,,,,,,,0.0,0.0
-6655970972115007016-2608170650-15,7111,2608170735.0,,4,,S,,Kirchheim(Teck)|Kirchheim(Teck)-Ötlingen|Wendlingen(Neckar)|Wernau(Neckar)|Plochingen|Altbach|Esslingen-Zell|Oberesslingen|Esslingen(Neckar)|Esslingen-Mettingen|Stuttgart-Obertürkheim|Stuttgart-Untertürkheim|Stuttgart Neckarpark|Stuttgart-Bad Cannstatt,8000096,Stuttgart Hbf,Baden-Württemberg,Stuttgart,70173,9.183172973,48.78473069,1,2608170735.0,,,,,,,,,,,,,0.0,0.0
-2357478064466570443-2608170730-1,19004,,2608170730.0,,,ARV,1,,8000096,Stuttgart Hbf,Baden-Württemberg,Stuttgart,70173,9.183172973,48.78473069,1,,,2608170730.0,,,,,,,,,,,0.0,0.0
4178793572863103484-2608170526-5,991,2608170710.0,2608170716.0,15,,ICE,,Wiesbaden Hbf|Mainz Hbf|Worms Hbf|Mannheim Hbf,8000096,Stuttgart Hbf,Baden-Württemberg,Stuttgart,70173,9.183172973,48.78473069,1,2608170710.0,,2608170716.0,,,,,,,,,,,0.0,0.0
1329500524380842300-2608170536-10,52388,2608170711.0,,6,,RE,,Rottweil|Oberndorf(Neckar)|Sulz(Neckar)|Horb|Eutingen im Gäu|Ergenzingen|Bondorf(b Herrenberg)|Gäufelden|Herrenberg,8000096,Stuttgart Hbf,Baden-Württemberg,Stuttgart,70173,9.183172973,48.78473069,1,2608170710.0,5.0,,,h,2.0,Information,,,,,,,-1.0,0.0
-7338711269232336111-2608170633-14,7409,2608170725.0,,1,,S,,Backnang|Burgstall(Murr)|Kirchberg(Murr)|Erdmannhausen|Marbach(Neckar)|Benningen(Neckar)|Freiberg(Neckar)|Favoritepark|Ludwigsburg|Kornwestheim Pbf|Stuttgart-Zuffenhausen|Stuttgart-Feuerbach|Stuttgart Nordbahnhof,8000096,Stuttgart Hbf,Baden-Württemberg,Stuttgart,70173,9.183172973,48.78473069,1,2608170725.0,,,,h,1.0,Bauarbeiten,,,,,,,0.0,0.0
1633376945512703812-2608170736-1,4207,,2608170736.0,,,RE,RE5,,8000096,Stuttgart Hbf,Baden-Württemberg,Stuttgart,70173,9.183172973,48.78473069,1,,,2608170736.0,,h,2.0,Störung,,,,,,c,0.0,0.0
-7676551856859768075-2608170633-15,7209,2608170710.0,,3,,S,,Schorndorf|Weiler(Rems)|Winterbach(b Schorndorf)|Geradstetten|Grunbach|Beutelsbach|Endersbach|Stetten-Beinstein|Rommelshausen|Waiblingen|Fellbach|Stuttgart-Sommerrain|Stuttgart Nürnberger Str.|Stuttgart-Bad Cannstatt,8000096,Stuttgart Hbf,Baden-Württemberg,Stuttgart,70173,9.183172973,48.78473069,1,2608170710.0,,,,h,1.0,Bauarbeiten,,,,,,,0.0,0.0
-6415383980544531437-2608170632-7,19003,2608170741.0,,8,,ARV,,Karlsruhe Hbf|Karlsruhe-Durlach|Wilferdingen-Singen|Pforzheim Hbf|Mühlacker|Vaihingen(Enz),8000096,Stuttgart Hbf,Baden-Württemberg,Stuttgart,70173,9.183172973,48.78473069,1,2608170740.0,,,,,,,,,,,,,-1.0,0.0
2706977692346491748-2608170535-4,2168,2608170753.0,2608170759.0,11,,IC,,Nürnberg Hbf|Ansbach|Aalen Hbf,8000096,Stuttgart Hbf,Baden-Württemberg,Stuttgart,70173,9.183172973,48.78473069,1,,,,,,,,,,,,c,c,0.0,0.0
-6750459440429737938-2608170755-1,7112,,2608170755.0,,,S,S1,,8000096,Stuttgart Hbf,Baden-Württemberg,Stuttgart,70173,9.183172973,48.78473069,1,,,2608170755.0,,,,,,,,,,,0.0,0.0
4974521703574606086-2608170648-16,19118,2608170750.0,,12,,ARV,,Geislingen(Steige)|Geislingen(Steige)West|Kuchen|Gingen(Fils)|Süßen|Salach|Eislingen(Fils)|Göppingen|Faurndau|Uhingen|Ebersbach(Fils)|Reichenbach(Fils)|Plochingen|Esslingen(Neckar)|Stuttgart-Bad Cannstatt,8000096,Stuttgart Hbf,Baden-Württemberg,Stuttgart,70173,9.183172973,48.78473069,1,2608170752.0,,,,,,,,,,,,,2.0,0.0
7502879632717750314-2608170614-10,19216,2608170706.0,2608170719.0,10,,RE,MEX12,Reutlingen Hbf|Metzingen(Württ)|Bempflingen|Nürtingen|Oberboihingen|Wendlingen(Neckar)|Plochingen|Esslingen(Neckar)|Stuttgart-Bad Cannstatt,8000096,Stuttgart Hbf,Baden-Württemberg,Stuttgart,70173,9.183172973,48.78473069,1,2608170707.0,,2608170719.0,,h,2.0,Bauarbeiten,,,,,,,1.0,0.0
-8753790222526184093-2608170712-1,1981,,2608170712.0,,,IC,,,8000096,Stuttgart Hbf,Baden-Württemberg,Stuttgart,70173,9.183172973,48.78473069,1,,,2608170714.0,,h,2.0,Information,,,,,,,0.0,2.0
428699380039786739-2608170722-1,774,,2608170722.0,,,ICE,,,8000096,Stuttgart Hbf,Baden-Württemberg,Stuttgart,70173,9.183172973,48.78473069,1,,,2608170722.0,,h,3.0,Information,,,,,,,0.0,0.0
-5962810489381537859-2608170739-1,19121,,2608170739.0,,,ARV,16,,8000096,Stuttgart Hbf,Baden-Württemberg,Stuttgart,70173,9.183172973,48.78473069,1,,,2608170741.0,,,,,,,,,,,0.0,2.0
7977434207262340946-2608170707-1,7406,,2608170707.0,,,S,S4,,8000096,Stuttgart Hbf,Baden-Württemberg,Stuttgart,70173,9.183172973,48.78473069,1,,,2608170707.0,,,,,,,,,,,0.0,0.0
-4136739553637756736-2608170720-1,19457,,2608170720.0,,,ARV,13,,8000096,Stuttgart Hbf,Baden-Württemberg,Stuttgart,70173,9.183172973,48.78473069,1,,,2608170721.0,,h,2.0,Information,,,,,,,0.0,1.0
5468407054639694482-2608170653-9,19351,2608170739.0,2608170752.0,15,,RE,MEX12,Heilbronn Hbf|Nordheim(Württ)|Lauffen(Neckar)|Kirchheim(Neckar)|Walheim(Württ)|Besigheim|Bietigheim-Bissingen|Ludwigsburg,8000096,Stuttgart Hbf,Baden-Württemberg,Stuttgart,70173,9.183172973,48.78473069,1,2608170756.0,,2608170759.0,,h,2.0,Bauarbeiten,,,,,,,17.0,7.0
-6595517868678510983-2608170703-15,7211,2608170740.0,,3,,S,,Schorndorf|Weiler(Rems)|Winterbach(b Schorndorf)|Geradstetten|Grunbach|Beutelsbach|Endersbach|Stetten-Beinstein|Rommelshausen|Waiblingen|Fellbach|Stuttgart-Sommerrain|Stuttgart Nürnberger Str.|Stuttgart-Bad Cannstatt,8000096,Stuttgart Hbf,Baden-Württemberg,Stuttgart,70173,9.183172973,48.78473069,1,2608170740.0,,,,h,1.0,Bauarbeiten,,,,,,,0.0,0.0
-2915141727268180381-2608170711-12,7311,2608170747.0,,4,,S,,Backnang|Maubach|Nellmersbach|Winnenden|Schwaikheim|Neustadt-Hohenacker|Waiblingen|Fellbach|Stuttgart-Sommerrain|Stuttgart Nürnberger Str.|Stuttgart-Bad Cannstatt,8000096,Stuttgart Hbf,Baden-Württemberg,Stuttgart,70173,9.183172973,48.78473069,1,2608170747.0,,,,,,,,,,,,,0.0,0.0
-7470739865433470471-2608170733-3,28470,2608170755.0,,7,,RE,,Böblingen|Stuttgart-Vaihingen,8000096,Stuttgart Hbf,Baden-Württemberg,Stuttgart,70173,9.183172973,48.78473069,1,2608170807.0,,,,,,,,,,,,,12.0,0.0
6821056948732772113-2608170536-10,2388,2608170711.0,,6,,IC,,Rottweil|Oberndorf(Neckar)|Sulz(Neckar)|Horb|Eutingen im Gäu|Ergenzingen|Bondorf(b Herrenberg)|Gäufelden|Herrenberg,8000096,Stuttgart Hbf,Baden-Württemberg,Stuttgart,70173,9.183172973,48.78473069,1,2608170711.0,5.0,,,h,2.0,Information,,,,,,,0.0,0.0
5907647912001809871-2608170604-12,17618,2608170741.0,,5,,RE,,Rottweil|Oberndorf(Neckar)|Sulz(Neckar)|Horb|Eutingen im Gäu|Ergenzingen|Bondorf(b Herrenberg)|Gäufelden|Herrenberg|Böblingen|Stuttgart-Vaihingen,8000096,Stuttgart Hbf,Baden-Württemberg,Stuttgart,70173,9.183172973,48.78473069,1,2608170743.0,,,,h,2.0,Bauarbeiten,,,,,,,2.0,0.0
-5260417069663625653-2608170720-1,7208,,2608170720.0,,,S,S2,,8000096,Stuttgart Hbf,Baden-Württemberg,Stuttgart,70173,9.183172973,48.78473069,1,,,2608170720.0,,h,1.0,Bauarbeiten,,,,,,,0.0,0.0
-6982870468334487879-2608170640-14,19505,2608170741.0,,6,,RE,,Pforzheim Hbf|Eutingen(Baden)|Niefern|Enzberg|Mühlacker|Mühlacker Rößlesweg|Illingen(Württ)|Vaihingen(Enz)|Sersheim|Sachsenheim|Ellental|Bietigheim-Bissingen|Ludwigsburg,8000096,Stuttgart Hbf,Baden-Württemberg,Stuttgart,70173,9.183172973,48.78473069,1,2608170741.0,,,,h,2.0,Information,,,,,c,,0.0,0.0
7951042695241635765-2608170712-1,963,,2608170712.0,,,WB,,,8000096,Stuttgart Hbf,Baden-Württemberg,Stuttgart,70173,9.183172973,48.78473069,1,,,2608170712.0,,,,,,,,,,,0.0,0.0
2394736871359748075-2608170725-3,7110,2608170732.0,2608170732.0,2,,S,S1,Stuttgart Hbf|Stuttgart-Bad Cannstatt,8006743,Stuttgart Neckarpark,Baden-Württemberg,Stuttgart,70372,9.24106855,48.79194362,4,2608170732.0,,2608170732.0,,,,,,,,,,,0.0,0.0
-6655970972115007016-2608170650-13,7111,2608170727.0,2608170727.0,1,,S,S1,Kirchheim(Teck)|Kirchheim(Teck)-Ötlingen|Wendlingen(Neckar)|Wernau(Neckar)|Plochingen|Altbach|Esslingen-Zell|Oberesslingen|Esslingen(Neckar)|Esslingen-Mettingen|Stuttgart-Obertürkheim|Stuttgart-Untertürkheim,8006743,Stuttgart Neckarpark,Baden-Württemberg,Stuttgart,70372,9.24106855,48.79194362,4,2608170727.0,,2608170727.0,,,,,,,,,,,0.0,0.0
8759418788528928451-2608170655-3,7108,2608170702.0,2608170702.0,2,,S,S1,Stuttgart Hbf|Stuttgart-Bad Cannstatt,8006743,Stuttgart Neckarpark,Baden-Württemberg,Stuttgart,70372,9.24106855,48.79194362,4,2608170704.0,,2608170704.0,,,,,,,,,,,2.0,2.0
-7709757529463307534-2608170720-13,7113,2608170757.0,2608170757.0,1,,S,S1,Kirchheim(Teck)|Kirchheim(Teck)-Ötlingen|Wendlingen(Neckar)|Wernau(Neckar)|Plochingen|Altbach|Esslingen-Zell|Oberesslingen|Esslingen(Neckar)|Esslingen-Mettingen|Stuttgart-Obertürkheim|Stuttgart-Untertürkheim,8006743,Stuttgart Neckarpark,Baden-Württemberg,Stuttgart,70372,9.24106855,48.79194362,4,2608170757.0,,2608170757.0,,,,,,,,,,,0.0,0.0
-7991620981716441940-2608170637-7,7509,2608170659.0,2608170701.0,4,,S,S5,Bietigheim-Bissingen|Tamm(Württ)|Asperg|Ludwigsburg|Kornwestheim Pbf|Stuttgart-Zuffenhausen,8005767,Stuttgart Nord,Baden-Württemberg,Stuttgard-Nord,70174,9.188061449,48.80374161,5,2608170659.0,,2608170701.0,,,,,,,,,,,0.0,0.0
7155033421118958991-2608170707-7,7511,2608170729.0,2608170731.0,4,,S,S5,Bietigheim-Bissingen|Tamm(Württ)|Asperg|Ludwigsburg|Kornwestheim Pbf|Stuttgart-Zuffenhausen,8005767,Stuttgart Nord,Baden-Württemberg,Stuttgard-Nord,70174,9.188061449,48.80374161,5,2608170729.0,,2608170731.0,,,,,,,,,,,0.0,0.0
5109580939104143056-2608170657-2,7508,2608170700.0,2608170701.0,3,,S,S5,Stuttgart Hbf,8005767,Stuttgart Nord,Baden-Württemberg,Stuttgard-Nord,70174,9.188061449,48.80374161,5,2608170701.0,,2608170702.0,,,,,,,,,,,1.0,1.0
4239966119888045037-2608170737-2,7408,2608170740.0,2608170741.0,3,,S,S4,Stuttgart Hbf,8005767,Stuttgart Nord,Baden-Württemberg,Stuttgard-Nord,70174,9.188061449,48.80374161,5,2608170741.0,,2608170742.0,,,,,,,,,,,1.0,1.0
1174251127419777403-2608170703-13,7411,2608170749.0,2608170751.0,4,,S,S4,Backnang|Burgstall(Murr)|Kirchberg(Murr)|Erdmannhausen|Marbach(Neckar)|Benningen(Neckar)|Freiberg(Neckar)|Favoritepark|Ludwigsburg|Kornwestheim Pbf|Stuttgart-Zuffenhausen|Stuttgart-Feuerbach,8005767,Stuttgart Nord,Baden-Württemberg,Stuttgard-Nord,70174,9.188061449,48.80374161,5,2608170751.0,,2608170751.0,,h,1.0,Bauarbeiten,,,,,,,2.0,0.0
-5856161558368495320-2608170737-7,7513,2608170759.0,2608170801.0,4,,S,S5,Bietigheim-Bissingen|Tamm(Württ)|Asperg|Ludwigsburg|Kornwestheim Pbf|Stuttgart-Zuffenhausen,8005767,Stuttgart Nord,Baden-Württemberg,Stuttgard-Nord,70174,9.188061449,48.80374161,5,2608170759.0,,2608170801.0,,,,,,,,,,,0.0,0.0
8353338401030915198-2608170727-2,7510,2608170730.0,2608170731.0,3,,S,S5,Stuttgart Hbf,8005767,Stuttgart Nord,Baden-Württemberg,Stuttgard-Nord,70174,9.188061449,48.80374161,5,2608170732.0,,2608170733.0,,,,,,,,,,,2.0,2.0
-7338711269232336111-2608170633-13,7409,2608170719.0,2608170721.0,4,,S,S4,Backnang|Burgstall(Murr)|Kirchberg(Murr)|Erdmannhausen|Marbach(Neckar)|Benningen(Neckar)|Freiberg(Neckar)|Favoritepark|Ludwigsburg|Kornwestheim Pbf|Stuttgart-Zuffenhausen|Stuttgart-Feuerbach,8005767,Stuttgart Nord,Baden-Württemberg,Stuttgard-Nord,70174,9.188061449,48.80374161,5,2608170720.0,,2608170721.0,,h,1.0,Bauarbeiten,,,,,,,1.0,0.0
7977434207262340946-2608170707-2,7406,2608170710.0,2608170711.0,3,,S,S4,Stuttgart Hbf,8005767,Stuttgart Nord,Baden-Württemberg,Stuttgard-Nord,70174,9.188061449,48.80374161,5,2608170712.0,,2608170713.0,,,,,,,,,,,2.0,2.0
-6187813548789768480-2608170750-3,7210,2608170757.0,2608170757.0,4,,S,S2,Stuttgart Hbf|Stuttgart-Bad Cannstatt,8004357,Stuttgart Nürnberger Straße,Baden-Württemberg,Stuttgart,70374,9.234576905,48.80656062,5,2608170757.0,,2608170757.0,,h,1.0,Bauarbeiten,,,,,,,0.0,0.0
3577709664347333137-2608170712-3,7308,2608170722.0,2608170722.0,4,,S,S3,Stuttgart Hbf|Stuttgart-Bad Cannstatt,8004357,Stuttgart Nürnberger Straße,Baden-Württemberg,Stuttgart,70374,9.234576905,48.80656062,5,2608170722.0,,2608170723.0,,,,,,,,,,,0.0,1.0
5784758985011942046-2608170641-10,7309,2608170707.0,2608170708.0,1,,S,S3,Backnang|Maubach|Nellmersbach|Winnenden|Schwaikheim|Neustadt-Hohenacker|Waiblingen|Fellbach|Stuttgart-Sommerrain,8004357,Stuttgart Nürnberger Straße,Baden-Württemberg,Stuttgart,70374,9.234576905,48.80656062,5,2608170707.0,,2608170708.0,,,,,,,,,,,0.0,0.0
-8714228285082007604-2608170742-3,7310,2608170752.0,2608170752.0,4,,S,S3,Stuttgart Hbf|Stuttgart-Bad Cannstatt,8004357,Stuttgart Nürnberger Straße,Baden-Württemberg,Stuttgart,70374,9.234576905,48.80656062,5,2608170752.0,,2608170753.0,,,,,,,,,,,0.0,1.0
-7676551856859768075-2608170633-13,7209,2608170702.0,2608170703.0,1,,S,S2,Schorndorf|Weiler(Rems)|Winterbach(b Schorndorf)|Geradstetten|Grunbach|Beutelsbach|Endersbach|Stetten-Beinstein|Rommelshausen|Waiblingen|Fellbach|Stuttgart-Sommerrain,8004357,Stuttgart Nürnberger Straße,Baden-Württemberg,Stuttgart,70374,9.234576905,48.80656062,5,2608170703.0,,2608170704.0,,h,1.0,Bauarbeiten,,,,,,,1.0,1.0
-6595517868678510983-2608170703-13,7211,2608170732.0,2608170733.0,1,,S,S2,Schorndorf|Weiler(Rems)|Winterbach(b Schorndorf)|Geradstetten|Grunbach|Beutelsbach|Endersbach|Stetten-Beinstein|Rommelshausen|Waiblingen|Fellbach|Stuttgart-Sommerrain,8004357,Stuttgart Nürnberger Straße,Baden-Württemberg,Stuttgart,70374,9.234576905,48.80656062,5,2608170732.0,,2608170733.0,,h,1.0,Bauarbeiten,,,,,,,0.0,0.0
-2915141727268180381-2608170711-10,7311,2608170737.0,2608170738.0,1,,S,S3,Backnang|Maubach|Nellmersbach|Winnenden|Schwaikheim|Neustadt-Hohenacker|Waiblingen|Fellbach|Stuttgart-Sommerrain,8004357,Stuttgart Nürnberger Straße,Baden-Württemberg,Stuttgart,70374,9.234576905,48.80656062,5,2608170737.0,,2608170738.0,,,,,,,,,,,0.0,0.0
-5260417069663625653-2608170720-3,7208,2608170727.0,2608170727.0,4,,S,S2,Stuttgart Hbf|Stuttgart-Bad Cannstatt,8004357,Stuttgart Nürnberger Straße,Baden-Württemberg,Stuttgart,70374,9.234576905,48.80656062,5,2608170727.0,,2608170729.0,,h,1.0,Bauarbeiten,,,,,,,0.0,2.0
9133098357832980471-2608170620-14,7109,2608170700.0,2608170701.0,2,,S,S1,Kirchheim(Teck)|Kirchheim(Teck)-Ötlingen|Wendlingen(Neckar)|Wernau(Neckar)|Plochingen|Altbach|Esslingen-Zell|Oberesslingen|Esslingen(Neckar)|Esslingen-Mettingen|Stuttgart-Obertürkheim|Stuttgart-Untertürkheim|Stuttgart Neckarpark,8005769,Stuttgart-Bad Cannstatt,Baden-Württemberg,Stuttgart,70372,9.217468636,48.80127978,3,2608170700.0,,2608170702.0,,,,,,,,,,,0.0,1.0
8151800894683998336-2608170726-2,17509,2608170730.0,2608170730.0,7,,RB,MEX19,Stuttgart Hbf,8005769,Stuttgart-Bad Cannstatt,Baden-Württemberg,Stuttgart,70372,9.217468636,48.80127978,3,2608170730.0,,2608170730.0,,,,,,,,,,,0.0,0.0
-6187813548789768480-2608170750-2,7210,2608170754.0,2608170754.0,3,,S,S2,Stuttgart Hbf,8005769,Stuttgart-Bad Cannstatt,Baden-Württemberg,Stuttgart,70372,9.217468636,48.80127978,3,2608170754.0,,2608170754.0,,h,1.0,Bauarbeiten,,,,,,,0.0,0.0
-7333231527529019300-2608170509-19,19450,2608170706.0,2608170709.0,6,,ARV,13,Crailsheim|Jagstzell|Ellwangen|Schrezheim|Schwabsberg|Goldshöfe|Hofen(b Aalen)|Wasseralfingen|Aalen Hbf|Mögglingen(Gmünd)|Böbingen(Rems)|Schwäbisch Gmünd|Lorch(Württ)|Waldhausen(b Schorndorf)|Plüderhausen|Urbach(b Schorndorf)|Schorndorf|Waiblingen,8005769,Stuttgart-Bad Cannstatt,Baden-Württemberg,Stuttgart,70372,9.217468636,48.80127978,3,2608170706.0,,2608170708.0,,h,2.0,Information,,,,,,,0.0,-1.0
3577709664347333137-2608170712-2,7308,2608170716.0,2608170719.0,3,,S,S3,Stuttgart Hbf,8005769,Stuttgart-Bad Cannstatt,Baden-Württemberg,Stuttgart,70372,9.217468636,48.80127978,3,2608170716.0,,2608170719.0,,,,,,,,,,,0.0,0.0
-7387272772966151444-2608170632-10,17510,2608170728.0,2608170728.0,6,,RB,MEX90,Gaildorf West|Fichtenberg|Fornsbach|Murrhardt|Sulzbach(Murr)|Oppenweiler(Württ)|Backnang|Winnenden|Waiblingen,8005769,Stuttgart-Bad Cannstatt,Baden-Württemberg,Stuttgart,70372,9.217468636,48.80127978,3,2608170728.0,,2608170728.0,,,,,,,,,,,0.0,0.0
3914164515653575626-2608170700-2,19119,2608170703.0,2608170706.0,8,,ARV,16,Stuttgart Hbf,8005769,Stuttgart-Bad Cannstatt,Baden-Württemberg,Stuttgart,70372,9.217468636,48.80127978,3,2608170732.0,,2608170733.0,,,,,,,,,,,29.0,27.0
-6563980521276274745-2608170747-2,19407,2608170751.0,2608170752.0,7,,ARV,13,Stuttgart Hbf,8005769,Stuttgart-Bad Cannstatt,Baden-Württemberg,Stuttgart,70372,9.217468636,48.80127978,3,2608170751.0,,2608170752.0,,h,2.0,Information,,,,,,,0.0,0.0
7541002194531759853-2608170546-21,19116,2608170712.0,2608170712.0,5,,ARV,16,Ulm Hbf|Beimerstetten|Westerstetten|Lonsee|Urspring|Amstetten(Württ)|Geislingen(Steige)|Geislingen(Steige)West|Kuchen|Gingen(Fils)|Süßen|Salach|Eislingen(Fils)|Göppingen|Faurndau|Uhingen|Ebersbach(Fils)|Reichenbach(Fils)|Plochingen|Esslingen(Neckar),8005769,Stuttgart-Bad Cannstatt,Baden-Württemberg,Stuttgart,70372,9.217468636,48.80127978,3,2608170715.0,,2608170716.0,,,,,,,,,,,3.0,4.0
2394736871359748075-2608170725-2,7110,2608170728.0,2608170729.0,3,,S,S1,Stuttgart Hbf,8005769,Stuttgart-Bad Cannstatt,Baden-Württemberg,Stuttgart,70372,9.217468636,48.80127978,3,2608170729.0,,2608170729.0,,,,,,,,,,,1.0,0.0
5784758985011942046-2608170641-11,7309,2608170711.0,2608170713.0,2,,S,S3,Backnang|Maubach|Nellmersbach|Winnenden|Schwaikheim|Neustadt-Hohenacker|Waiblingen|Fellbach|Stuttgart-Sommerrain|Stuttgart Nürnberger Str.,8005769,Stuttgart-Bad Cannstatt,Baden-Württemberg,Stuttgart,70372,9.217468636,48.80127978,3,2608170711.0,,2608170713.0,,,,,,,,,,,0.0,0.0
-4918736573732270498-2608170635-11,19410,2608170734.0,2608170735.0,6,,ARV,13,Aalen Hbf|Mögglingen(Gmünd)|Böbingen(Rems)|Schwäbisch Gmünd|Lorch(Württ)|Waldhausen(b Schorndorf)|Plüderhausen|Urbach(b Schorndorf)|Schorndorf|Waiblingen,8005769,Stuttgart-Bad Cannstatt,Baden-Württemberg,Stuttgart,70372,9.217468636,48.80127978,3,2608170734.0,,2608170735.0,,h,2.0,Information,,,,,,,0.0,0.0
-8714228285082007604-2608170742-2,7310,2608170746.0,2608170749.0,3,,S,S3,Stuttgart Hbf,8005769,Stuttgart-Bad Cannstatt,Baden-Württemberg,Stuttgart,70372,9.217468636,48.80127978,3,2608170746.0,,2608170749.0,,,,,,,,,,,0.0,0.0
1080395120727352298-2608170754-2,17511,2608170757.0,2608170758.0,7,,RB,MEX90,Stuttgart Hbf,8005769,Stuttgart-Bad Cannstatt,Baden-Württemberg,Stuttgart,70372,9.217468636,48.80127978,3,2608170757.0,,2608170758.0,,,,,,,,,,,0.0,0.0
-6655970972115007016-2608170650-14,7111,2608170730.0,2608170731.0,2,,S,S1,Kirchheim(Teck)|Kirchheim(Teck)-Ötlingen|Wendlingen(Neckar)|Wernau(Neckar)|Plochingen|Altbach|Esslingen-Zell|Oberesslingen|Esslingen(Neckar)|Esslingen-Mettingen|Stuttgart-Obertürkheim|Stuttgart-Untertürkheim|Stuttgart Neckarpark,8005769,Stuttgart-Bad Cannstatt,Baden-Württemberg,Stuttgart,70372,9.217468636,48.80127978,3,2608170730.0,,2608170731.0,,,,,,,,,,,0.0,0.0
-7676551856859768075-2608170633-14,7209,2608170705.0,2608170706.0,2,,S,S2,Schorndorf|Weiler(Rems)|Winterbach(b Schorndorf)|Geradstetten|Grunbach|Beutelsbach|Endersbach|Stetten-Beinstein|Rommelshausen|Waiblingen|Fellbach|Stuttgart-Sommerrain|Stuttgart Nürnberger Str.,8005769,Stuttgart-Bad Cannstatt,Baden-Württemberg,Stuttgart,70372,9.217468636,48.80127978,3,2608170706.0,,2608170707.0,,h,1.0,Bauarbeiten,,,,,,,1.0,1.0
-6750459440429737938-2608170755-2,7112,2608170758.0,2608170759.0,3,,S,S1,Stuttgart Hbf,8005769,Stuttgart-Bad Cannstatt,Baden-Württemberg,Stuttgart,70372,9.217468636,48.80127978,3,2608170758.0,,2608170759.0,,,,,,,,,,,0.0,0.0
4974521703574606086-2608170648-15,19118,2608170746.0,2608170747.0,5,,ARV,16,Geislingen(Steige)|Geislingen(Steige)West|Kuchen|Gingen(Fils)|Süßen|Salach|Eislingen(Fils)|Göppingen|Faurndau|Uhingen|Ebersbach(Fils)|Reichenbach(Fils)|Plochingen|Esslingen(Neckar),8005769,Stuttgart-Bad Cannstatt,Baden-Württemberg,Stuttgart,70372,9.217468636,48.80127978,3,2608170747.0,,2608170748.0,,,,,,,,,,,1.0,1.0
7502879632717750314-2608170614-9,19216,2608170701.0,2608170702.0,5,,RE,MEX12,Reutlingen Hbf|Metzingen(Württ)|Bempflingen|Nürtingen|Oberboihingen|Wendlingen(Neckar)|Plochingen|Esslingen(Neckar),8005769,Stuttgart-Bad Cannstatt,Baden-Württemberg,Stuttgart,70372,9.217468636,48.80127978,3,2608170702.0,1.0,2608170704.0,1.0,h,2.0,Bauarbeiten,,,,,,,1.0,2.0
-5962810489381537859-2608170739-2,19121,2608170742.0,2608170743.0,8,,ARV,16,Stuttgart Hbf,8005769,Stuttgart-Bad Cannstatt,Baden-Württemberg,Stuttgart,70372,9.217468636,48.80127978,3,2608170744.0,,2608170745.0,,,,,,,,,,,2.0,2.0
-4136739553637756736-2608170720-2,19457,2608170724.0,2608170725.0,7,,ARV,13,Stuttgart Hbf,8005769,Stuttgart-Bad Cannstatt,Baden-Württemberg,Stuttgart,70372,9.217468636,48.80127978,3,2608170724.0,,2608170725.0,,h,2.0,Information,,,,,,,0.0,0.0
5468407054639694482-2608170653-10,19351,2608170755.0,2608170755.0,8,,RE,MEX12,Heilbronn Hbf|Nordheim(Württ)|Lauffen(Neckar)|Kirchheim(Neckar)|Walheim(Württ)|Besigheim|Bietigheim-Bissingen|Ludwigsburg|Stuttgart Hbf,8005769,Stuttgart-Bad Cannstatt,Baden-Württemberg,Stuttgart,70372,9.217468636,48.80127978,3,2608170803.0,,2608170804.0,,h,2.0,Bauarbeiten,,,,,,,8.0,9.0
-6595517868678510983-2608170703-14,7211,2608170735.0,2608170736.0,2,,S,S2,Schorndorf|Weiler(Rems)|Winterbach(b Schorndorf)|Geradstetten|Grunbach|Beutelsbach|Endersbach|Stetten-Beinstein|Rommelshausen|Waiblingen|Fellbach|Stuttgart-Sommerrain|Stuttgart Nürnberger Str.,8005769,Stuttgart-Bad Cannstatt,Baden-Württemberg,Stuttgart,70372,9.217468636,48.80127978,3,2608170735.0,,2608170736.0,,h,1.0,Bauarbeiten,,,,,,,0.0,0.0
-2915141727268180381-2608170711-11,7311,2608170741.0,2608170743.0,2,,S,S3,Backnang|Maubach|Nellmersbach|Winnenden|Schwaikheim|Neustadt-Hohenacker|Waiblingen|Fellbach|Stuttgart-Sommerrain|Stuttgart Nürnberger Str.,8005769,Stuttgart-Bad Cannstatt,Baden-Württemberg,Stuttgart,70372,9.217468636,48.80127978,3,2608170741.0,,2608170743.0,,,,,,,,,,,0.0,0.0
-5260417069663625653-2608170720-2,7208,2608170724.0,2608170724.0,3,,S,S2,Stuttgart Hbf,8005769,Stuttgart-Bad Cannstatt,Baden-Württemberg,Stuttgart,70372,9.217468636,48.80127978,3,2608170724.0,,2608170724.0,,h,1.0,Bauarbeiten,,,,,,,0.0,0.0
1954405663998481577-2608170706-10,89684,2608170759.0,2608170800.0,6,,ARV,90,Gaildorf West|Fichtenberg|Fornsbach|Murrhardt|Sulzbach(Murr)|Oppenweiler(Württ)|Backnang|Winnenden|Waiblingen,8005769,Stuttgart-Bad Cannstatt,Baden-Württemberg,Stuttgart,70372,9.217468636,48.80127978,3,2608170802.0,,2608170803.0,,,,,,,,,,,3.0,3.0
7483286607335299715-2608170633-12,7609,2608170705.0,,1a,,S,,Weil der Stadt|Malmsheim|Renningen|Rutesheim|Leonberg|Höfingen|Ditzingen|Weilimdorf|Korntal|Neuwirtshaus(Porscheplatz)|Stuttgart-Zuffenhausen,8005770,Stuttgart-Feuerbach,Baden-Württemberg,Feuerbach,70469,9.169186287,48.81363554,3,2608170707.0,,,,h,1.0,Bauarbeiten,,,,,,,2.0,0.0
4433222154122274025-2608170703-12,7611,2608170735.0,,1a,,S,,Weil der Stadt|Malmsheim|Renningen|Rutesheim|Leonberg|Höfingen|Ditzingen|Weilimdorf|Korntal|Neuwirtshaus(Porscheplatz)|Stuttgart-Zuffenhausen,8005770,Stuttgart-Feuerbach,Baden-Württemberg,Feuerbach,70469,9.169186287,48.81363554,3,2608170736.0,,,,h,1.0,Bauarbeiten,,,,,,,1.0,0.0
1174251127419777403-2608170703-12,7411,2608170746.0,2608170746.0,1,,S,S4,Backnang|Burgstall(Murr)|Kirchberg(Murr)|Erdmannhausen|Marbach(Neckar)|Benningen(Neckar)|Freiberg(Neckar)|Favoritepark|Ludwigsburg|Kornwestheim Pbf|Stuttgart-Zuffenhausen,8005770,Stuttgart-Feuerbach,Baden-Württemberg,Feuerbach,70469,9.169186287,48.81363554,3,,,,,h,1.0,Bauarbeiten,,,,,c,c,0.0,0.0
-7338711269232336111-2608170633-12,7409,2608170716.0,2608170716.0,1,,S,S4,Backnang|Burgstall(Murr)|Kirchberg(Murr)|Erdmannhausen|Marbach(Neckar)|Benningen(Neckar)|Freiberg(Neckar)|Favoritepark|Ludwigsburg|Kornwestheim Pbf|Stuttgart-Zuffenhausen,8005770,Stuttgart-Feuerbach,Baden-Württemberg,Feuerbach,70469,9.169186287,48.81363554,3,,,,,h,1.0,Bauarbeiten,,,,,c,c,0.0,0.0
-3096109639432053865-2608170755-1,7610,,2608170755.0,,,S,S6,,8005770,Stuttgart-Feuerbach,Baden-Württemberg,Feuerbach,70469,9.169186287,48.81363554,3,,,2608170755.0,,h,1.0,Bauarbeiten,,,,,,,0.0,0.0
-4074307891664969363-2608170725-1,7608,,2608170725.0,,,S,S6,,8005770,Stuttgart-Feuerbach,Baden-Württemberg,Feuerbach,70469,9.169186287,48.81363554,3,,,2608170725.0,,h,1.0,Bauarbeiten,,,,,,,0.0,0.0
2394736871359748075-2608170725-5,7110,2608170737.0,2608170737.0,6,,S,S1,Stuttgart Hbf|Stuttgart-Bad Cannstatt|Stuttgart Neckarpark|Stuttgart-Untertürkheim,8005772,Stuttgart-Obertürkheim,Baden-Württemberg,Stuttgart,70329,9.268167932,48.76175015,4,2608170737.0,,2608170737.0,,,,,,,,,,,0.0,0.0
-6655970972115007016-2608170650-11,7111,2608170722.0,2608170722.0,5,,S,S1,Kirchheim(Teck)|Kirchheim(Teck)-Ötlingen|Wendlingen(Neckar)|Wernau(Neckar)|Plochingen|Altbach|Esslingen-Zell|Oberesslingen|Esslingen(Neckar)|Esslingen-Mettingen,8005772,Stuttgart-Obertürkheim,Baden-Württemberg,Stuttgart,70329,9.268167932,48.76175015,4,2608170722.0,,2608170722.0,,,,,,,,,,,0.0,0.0
8759418788528928451-2608170655-5,7108,2608170707.0,2608170707.0,6,,S,S1,Stuttgart Hbf|Stuttgart-Bad Cannstatt|Stuttgart Neckarpark|Stuttgart-Untertürkheim,8005772,Stuttgart-Obertürkheim,Baden-Württemberg,Stuttgart,70329,9.268167932,48.76175015,4,2608170708.0,,2608170709.0,,,,,,,,,,,1.0,2.0
-7709757529463307534-2608170720-11,7113,2608170752.0,2608170752.0,5,,S,S1,Kirchheim(Teck)|Kirchheim(Teck)-Ötlingen|Wendlingen(Neckar)|Wernau(Neckar)|Plochingen|Altbach|Esslingen-Zell|Oberesslingen|Esslingen(Neckar)|Esslingen-Mettingen,8005772,Stuttgart-Obertürkheim,Baden-Württemberg,Stuttgart,70329,9.268167932,48.76175015,4,2608170752.0,,2608170752.0,,,,,,,,,,,0.0,0.0
3101834224134177917-2608170735-2,7911,2608170736.0,2608170742.0,2,,S,S2,Stuttgart-Vaihingen,8005773,Stuttgart-Rohr,Baden-Württemberg,Stuttgart,70565,9.108158025,48.71799427,4,2608170736.0,,2608170742.0,,,,,,,,,,,0.0,0.0
-6719809372287513512-2608170705-2,7909,2608170706.0,2608170712.0,2,,S,S2,Stuttgart-Vaihingen,8005773,Stuttgart-Rohr,Baden-Württemberg,Stuttgart,70565,9.108158025,48.71799427,4,2608170706.0,,2608170712.0,,,,,,,,,,,0.0,0.0
925944172323548863-2608170733-6,7910,2608170748.0,2608170749.0,3,,S,S2,Filderstadt|Stuttgart Flughafen/Messe|Echterdingen|Leinfelden|Oberaichen,8005773,Stuttgart-Rohr,Baden-Württemberg,Stuttgart,70565,9.108158025,48.71799427,4,2608170748.0,,2608170749.0,,,,,,,,,,,0.0,0.0
-6419417749381061705-2608170716-2,7709,2608170717.0,2608170723.0,2,,S,S1,Stuttgart-Vaihingen,8005773,Stuttgart-Rohr,Baden-Württemberg,Stuttgart,70565,9.108158025,48.71799427,4,2608170718.0,,2608170723.0,,,,,,,,,,,1.0,0.0
-6501547905667268041-2608170703-6,7908,2608170718.0,2608170719.0,3,,S,S2,Filderstadt|Stuttgart Flughafen/Messe|Echterdingen|Leinfelden|Oberaichen,8005773,Stuttgart-Rohr,Baden-Württemberg,Stuttgart,70565,9.108158025,48.71799427,4,2608170718.0,,2608170719.0,,,,,,,,,,,0.0,0.0
-2823205682233144346-2608170646-8,7710,2608170707.0,2608170708.0,3,,S,S1,Herrenberg|Nufringen|Gärtringen|Ehningen(b Böblingen)|Hulb|Böblingen|Goldberg(Württ),8005773,Stuttgart-Rohr,Baden-Württemberg,Stuttgart,70565,9.108158025,48.71799427,4,2608170708.0,,2608170709.0,,,,,,,,,,,1.0,1.0
-250858146386556166-2608170716-8,7712,2608170737.0,2608170738.0,3,,S,S1,Herrenberg|Nufringen|Gärtringen|Ehningen(b Böblingen)|Hulb|Böblingen|Goldberg(Württ),8005773,Stuttgart-Rohr,Baden-Württemberg,Stuttgart,70565,9.108158025,48.71799427,4,2608170738.0,,2608170739.0,,,,,,,,,,,1.0,1.0
3303772125527124508-2608170746-2,7711,2608170747.0,2608170753.0,2,,S,S1,Stuttgart-Vaihingen,8005773,Stuttgart-Rohr,Baden-Württemberg,Stuttgart,70565,9.108158025,48.71799427,4,2608170747.0,,2608170753.0,,,,,,,,,,,0.0,0.0
-6187813548789768480-2608170750-4,7210,2608170759.0,2608170759.0,4,,S,S2,Stuttgart Hbf|Stuttgart-Bad Cannstatt|Stuttgart Nürnberger Str.,8005774,Stuttgart-Sommerrain,Baden-Württemberg,Stuttgart,70374,9.248369749,48.81521824,5,2608170759.0,,2608170759.0,,h,1.0,Bauarbeiten,,,,,,,0.0,0.0
3577709664347333137-2608170712-4,7308,2608170724.0,2608170724.0,4,,S,S3,Stuttgart Hbf|Stuttgart-Bad Cannstatt|Stuttgart Nürnberger Str.,8005774,Stuttgart-Sommerrain,Baden-Württemberg,Stuttgart,70374,9.248369749,48.81521824,5,2608170724.0,,2608170725.0,,,,,,,,,,,0.0,1.0
5784758985011942046-2608170641-9,7309,2608170705.0,2608170705.0,1,,S,S3,Backnang|Maubach|Nellmersbach|Winnenden|Schwaikheim|Neustadt-Hohenacker|Waiblingen|Fellbach,8005774,Stuttgart-Sommerrain,Baden-Württemberg,Stuttgart,70374,9.248369749,48.81521824,5,2608170705.0,,2608170705.0,,,,,,,,,,,0.0,0.0
-8714228285082007604-2608170742-4,7310,2608170754.0,2608170754.0,4,,S,S3,Stuttgart Hbf|Stuttgart-Bad Cannstatt|Stuttgart Nürnberger Str.,8005774,Stuttgart-Sommerrain,Baden-Württemberg,Stuttgart,70374,9.248369749,48.81521824,5,2608170754.0,,2608170755.0,,,,,,,,,,,0.0,1.0
-7676551856859768075-2608170633-12,7209,2608170700.0,2608170700.0,1,,S,S2,Schorndorf|Weiler(Rems)|Winterbach(b Schorndorf)|Geradstetten|Grunbach|Beutelsbach|Endersbach|Stetten-Beinstein|Rommelshausen|Waiblingen|Fellbach,8005774,Stuttgart-Sommerrain,Baden-Württemberg,Stuttgart,70374,9.248369749,48.81521824,5,2608170700.0,,2608170701.0,,h,1.0,Bauarbeiten,,,,,,,0.0,1.0
-6595517868678510983-2608170703-12,7211,2608170730.0,2608170730.0,1,,S,S2,Schorndorf|Weiler(Rems)|Winterbach(b Schorndorf)|Geradstetten|Grunbach|Beutelsbach|Endersbach|Stetten-Beinstein|Rommelshausen|Waiblingen|Fellbach,8005774,Stuttgart-Sommerrain,Baden-Württemberg,Stuttgart,70374,9.248369749,48.81521824,5,2608170730.0,,2608170730.0,,h,1.0,Bauarbeiten,,,,,,,0.0,0.0
-2915141727268180381-2608170711-9,7311,2608170735.0,2608170735.0,1,,S,S3,Backnang|Maubach|Nellmersbach|Winnenden|Schwaikheim|Neustadt-Hohenacker|Waiblingen|Fellbach,8005774,Stuttgart-Sommerrain,Baden-Württemberg,Stuttgart,70374,9.248369749,48.81521824,5,2608170735.0,,2608170735.0,,,,,,,,,,,0.0,0.0
-5260417069663625653-2608170720-4,7208,2608170729.0,2608170729.0,4,,S,S2,Stuttgart Hbf|Stuttgart-Bad Cannstatt|Stuttgart Nürnberger Str.,8005774,Stuttgart-Sommerrain,Baden-Württemberg,Stuttgart,70374,9.248369749,48.81521824,5,2608170731.0,,2608170731.0,,h,1.0,Bauarbeiten,,,,,,,2.0,2.0
2394736871359748075-2608170725-4,7110,2608170734.0,2608170734.0,6,,S,S1,Stuttgart Hbf|Stuttgart-Bad Cannstatt|Stuttgart Neckarpark,8005775,Stuttgart-Untertürkheim Pbf,Baden-Württemberg,Stuttgart,70327,9.250467074,48.77984679,3,2608170734.0,,2608170734.0,,,,,,,,,,,0.0,0.0
-6655970972115007016-2608170650-12,7111,2608170725.0,2608170725.0,5,,S,S1,Kirchheim(Teck)|Kirchheim(Teck)-Ötlingen|Wendlingen(Neckar)|Wernau(Neckar)|Plochingen|Altbach|Esslingen-Zell|Oberesslingen|Esslingen(Neckar)|Esslingen-Mettingen|Stuttgart-Obertürkheim,8005775,Stuttgart-Untertürkheim Pbf,Baden-Württemberg,Stuttgart,70327,9.250467074,48.77984679,3,2608170725.0,,2608170725.0,,,,,,,,,,,0.0,0.0
8759418788528928451-2608170655-4,7108,2608170704.0,2608170704.0,6,,S,S1,Stuttgart Hbf|Stuttgart-Bad Cannstatt|Stuttgart Neckarpark,8005775,Stuttgart-Untertürkheim Pbf,Baden-Württemberg,Stuttgart,70327,9.250467074,48.77984679,3,2608170705.0,,2608170706.0,,,,,,,,,,,1.0,2.0
-7709757529463307534-2608170720-12,7113,2608170755.0,2608170755.0,5,,S,S1,Kirchheim(Teck)|Kirchheim(Teck)-Ötlingen|Wendlingen(Neckar)|Wernau(Neckar)|Plochingen|Altbach|Esslingen-Zell|Oberesslingen|Esslingen(Neckar)|Esslingen-Mettingen|Stuttgart-Obertürkheim,8005775,Stuttgart-Untertürkheim Pbf,Baden-Württemberg,Stuttgart,70327,9.250467074,48.77984679,3,2608170755.0,,2608170755.0,,,,,,,,,,,0.0,0.0
1552305657484636498-2608170732-5,17628,2608170757.0,2608170758.0,4,,RE,RE14a,Bondorf(b Herrenberg)|Gäufelden|Herrenberg|Böblingen,8005776,Stuttgart-Vaihingen,Baden-Württemberg,Stuttgart,70563,9.113913368,48.72698116,3,2608170801.0,,2608170802.0,,h,2.0,Bauarbeiten,,,,,,,4.0,4.0
3101834224134177917-2608170735-1,7911,,2608170735.0,,,S,S2,,8005776,Stuttgart-Vaihingen,Baden-Württemberg,Stuttgart,70563,9.113913368,48.72698116,3,,,2608170735.0,,,,,,,,,,,0.0,0.0
704671570927090549-2608170648-2,17615,2608170701.0,2608170701.0,1,,RE,RB14a,Stuttgart Hbf,8005776,Stuttgart-Vaihingen,Baden-Württemberg,Stuttgart,70563,9.113913368,48.72698116,3,2608170708.0,,2608170709.0,,,,,,,,,,,7.0,8.0
-4846270582383547234-2608170703-2,28471,2608170718.0,2608170718.0,4,,RE,RESB,Stuttgart Hbf,8005776,Stuttgart-Vaihingen,Baden-Württemberg,Stuttgart,70563,9.113913368,48.72698116,3,2608170728.0,,2608170729.0,,,,,,,,,,,10.0,11.0
-775244220373788191-2608170530-11,1184,2608170745.0,2608170747.0,4,,IC,,Schaffhausen|Singen(Hohentwiel)|Engen|Tuttlingen|Spaichingen|Rottweil|Oberndorf(Neckar)|Sulz(Neckar)|Horb|Herrenberg,8005776,Stuttgart-Vaihingen,Baden-Württemberg,Stuttgart,70563,9.113913368,48.72698116,3,2608170745.0,,2608170747.0,,h,3.0,Information,,,,,,,0.0,0.0
6787092299889453682-2608170550-10,51184,2608170745.0,2608170747.0,4,,RE,IC87,Singen(Hohentwiel)|Engen|Tuttlingen|Spaichingen|Rottweil|Oberndorf(Neckar)|Sulz(Neckar)|Horb|Herrenberg,8005776,Stuttgart-Vaihingen,Baden-Württemberg,Stuttgart,70563,9.113913368,48.72698116,3,2608170745.0,,2608170747.0,,h,2.0,Information,,,,,,,0.0,0.0
-6719809372287513512-2608170705-1,7909,,2608170705.0,,,S,S2,,8005776,Stuttgart-Vaihingen,Baden-Württemberg,Stuttgart,70563,9.113913368,48.72698116,3,,,2608170705.0,,,,,,,,,,,0.0,0.0
-1423004611531480380-2608170611-16,17622,2608170727.0,2608170728.0,4,,RE,RE14b,Freudenstadt Hbf|Grüntal-Wittlensweiler|Dornstetten-Aach|Dornstetten|Schopfloch(b Freudenstadt)|Bittelbronn|Horb-Heiligenfeld|Hochdorf(b Horb)|Eutingen Nord|Eutingen im Gäu|Ergenzingen|Bondorf(b Herrenberg)|Gäufelden|Herrenberg|Böblingen,8005776,Stuttgart-Vaihingen,Baden-Württemberg,Stuttgart,70563,9.113913368,48.72698116,3,2608170729.0,6.0,2608170730.0,6.0,,,,,,,,,,2.0,2.0
925944172323548863-2608170733-7,7910,2608170750.0,,2,,S,,Filderstadt|Stuttgart Flughafen/Messe|Echterdingen|Leinfelden|Oberaichen|Stuttgart-Rohr,8005776,Stuttgart-Vaihingen,Baden-Württemberg,Stuttgart,70563,9.113913368,48.72698116,3,2608170750.0,,,,,,,,,,,,,0.0,0.0
-6419417749381061705-2608170716-1,7709,,2608170716.0,,,S,S1,,8005776,Stuttgart-Vaihingen,Baden-Württemberg,Stuttgart,70563,9.113913368,48.72698116,3,,,2608170716.0,,,,,,,,,,,0.0,0.0
-6501547905667268041-2608170703-7,7908,2608170720.0,,2,,S,,Filderstadt|Stuttgart Flughafen/Messe|Echterdingen|Leinfelden|Oberaichen|Stuttgart-Rohr,8005776,Stuttgart-Vaihingen,Baden-Württemberg,Stuttgart,70563,9.113913368,48.72698116,3,2608170721.0,,,,,,,,,,,,,1.0,0.0
-2823205682233144346-2608170646-9,7710,2608170710.0,,3,,S,,Herrenberg|Nufringen|Gärtringen|Ehningen(b Böblingen)|Hulb|Böblingen|Goldberg(Württ)|Stuttgart-Rohr,8005776,Stuttgart-Vaihingen,Baden-Württemberg,Stuttgart,70563,9.113913368,48.72698116,3,2608170711.0,,,,,,,,,,,,,1.0,0.0
-250858146386556166-2608170716-9,7712,2608170740.0,,3,,S,,Herrenberg|Nufringen|Gärtringen|Ehningen(b Böblingen)|Hulb|Böblingen|Goldberg(Württ)|Stuttgart-Rohr,8005776,Stuttgart-Vaihingen,Baden-Württemberg,Stuttgart,70563,9.113913368,48.72698116,3,2608170740.0,,,,,,,,,,,,,0.0,0.0
3303772125527124508-2608170746-1,7711,,2608170746.0,,,S,S1,,8005776,Stuttgart-Vaihingen,Baden-Württemberg,Stuttgart,70563,9.113913368,48.72698116,3,,,2608170746.0,,,,,,,,,,,0.0,0.0
-7470739865433470471-2608170733-2,28470,2608170741.0,2608170741.0,4,,RE,RESB,Böblingen,8005776,Stuttgart-Vaihingen,Baden-Württemberg,Stuttgart,70563,9.113913368,48.72698116,3,2608170750.0,,2608170751.0,,,,,,,,,,,9.0,10.0
5907647912001809871-2608170604-11,17618,2608170727.0,2608170728.0,4,,RE,RE14a,Rottweil|Oberndorf(Neckar)|Sulz(Neckar)|Horb|Eutingen im Gäu|Ergenzingen|Bondorf(b Herrenberg)|Gäufelden|Herrenberg|Böblingen,8005776,Stuttgart-Vaihingen,Baden-Württemberg,Stuttgart,70563,9.113913368,48.72698116,3,2608170729.0,6.0,2608170730.0,6.0,h,2.0,Bauarbeiten,,,,,,,2.0,2.0
8714567639514254110-2608170704-12,7009,2608170741.0,2608170741.0,2,,S,S60,Böblingen|Sindelfingen|Maichingen|Maichingen Nord|Magstadt|Renningen Süd|Renningen|Rutesheim|Leonberg|Höfingen|Ditzingen,8006268,Stuttgart-Weilimdorf,Baden-Württemberg,Stuttgart,70499,9.094370086,48.82208429,5,2608170742.0,,2608170743.0,,h,1.0,Bauarbeiten,,,,,,,1.0,2.0
-1347709455583751185-2608170733-8,7613,2608170756.0,2608170756.0,2,,S,S6,Weil der Stadt|Malmsheim|Renningen|Rutesheim|Leonberg|Höfingen|Ditzingen,8006268,Stuttgart-Weilimdorf,Baden-Württemberg,Stuttgart,70499,9.094370086,48.82208429,5,2608170756.0,,2608170757.0,,h,1.0,Bauarbeiten,,,,,,,0.0,1.0
4433222154122274025-2608170703-8,7611,2608170726.0,2608170726.0,2,,S,S6,Weil der Stadt|Malmsheim|Renningen|Rutesheim|Leonberg|Höfingen|Ditzingen,8006268,Stuttgart-Weilimdorf,Baden-Württemberg,Stuttgart,70499,9.094370086,48.82208429,5,2608170726.0,,2608170727.0,,h,1.0,Bauarbeiten,,,,,,,0.0,1.0
1602954825218529829-2608170634-12,7007,2608170711.0,2608170711.0,2,,S,S60,Böblingen|Sindelfingen|Maichingen|Maichingen Nord|Magstadt|Renningen Süd|Renningen|Rutesheim|Leonberg|Höfingen|Ditzingen,8006268,Stuttgart-Weilimdorf,Baden-Württemberg,Stuttgart,70499,9.094370086,48.82208429,5,2608170712.0,,2608170713.0,,h,1.0,Bauarbeiten,,,,,,,1.0,2.0
5835800097238099022-2608170741-4,7014,2608170748.0,2608170748.0,1,,S,S60,Stuttgart-Zuffenhausen|Neuwirtshaus(Porscheplatz)|Korntal,8006268,Stuttgart-Weilimdorf,Baden-Württemberg,Stuttgart,70499,9.094370086,48.82208429,5,2608170748.0,,2608170749.0,,h,1.0,Bauarbeiten,,,,,,,0.0,1.0
5872067968392634034-2608170655-5,7606,2608170703.0,2608170704.0,1,,S,S6,Stuttgart-Feuerbach|Stuttgart-Zuffenhausen|Neuwirtshaus(Porscheplatz)|Korntal,8006268,Stuttgart-Weilimdorf,Baden-Württemberg,Stuttgart,70499,9.094370086,48.82208429,5,2608170704.0,,2608170705.0,,h,1.0,Bauarbeiten,,,,,,,1.0,1.0
3947374469134470993-2608170711-4,7012,2608170718.0,2608170718.0,1,,S,S60,Stuttgart-Zuffenhausen|Neuwirtshaus(Porscheplatz)|Korntal,8006268,Stuttgart-Weilimdorf,Baden-Württemberg,Stuttgart,70499,9.094370086,48.82208429,5,2608170718.0,,2608170718.0,,h,1.0,Bauarbeiten,,,,,,,0.0,0.0
-4074307891664969363-2608170725-5,7608,2608170733.0,2608170734.0,1,,S,S6,Stuttgart-Feuerbach|Stuttgart-Zuffenhausen|Neuwirtshaus(Porscheplatz)|Korntal,8006268,Stuttgart-Weilimdorf,Baden-Württemberg,Stuttgart,70499,9.094370086,48.82208429,5,2608170734.0,,2608170735.0,,h,1.0,Bauarbeiten,,,,,,,1.0,1.0
8714567639514254110-2608170704-15,7009,2608170748.0,,11,,S,,Böblingen|Sindelfingen|Maichingen|Maichingen Nord|Magstadt|Renningen Süd|Renningen|Rutesheim|Leonberg|Höfingen|Ditzingen|Weilimdorf|Korntal|Neuwirtshaus(Porscheplatz),8005778,Stuttgart-Zuffenhausen,Baden-Württemberg,Stuttgart,70435,9.167156375,48.82960884,3,2608170750.0,,,,h,1.0,Bauarbeiten,,,,,,,2.0,0.0
7155033421118958991-2608170707-6,7511,2608170723.0,2608170724.0,5,,S,S5,Bietigheim-Bissingen|Tamm(Württ)|Asperg|Ludwigsburg|Kornwestheim Pbf,8005778,Stuttgart-Zuffenhausen,Baden-Württemberg,Stuttgart,70435,9.167156375,48.82960884,3,2608170723.0,,2608170724.0,,,,,,,,,,,0.0,0.0
7483286607335299715-2608170633-11,7609,2608170703.0,2608170704.0,12,,S,S6,Weil der Stadt|Malmsheim|Renningen|Rutesheim|Leonberg|Höfingen|Ditzingen|Weilimdorf|Korntal|Neuwirtshaus(Porscheplatz),8005778,Stuttgart-Zuffenhausen,Baden-Württemberg,Stuttgart,70435,9.167156375,48.82960884,3,2608170703.0,,2608170704.0,,h,1.0,Bauarbeiten,,,,,,,0.0,0.0
4433222154122274025-2608170703-11,7611,2608170733.0,2608170734.0,12,,S,S6,Weil der Stadt|Malmsheim|Renningen|Rutesheim|Leonberg|Höfingen|Ditzingen|Weilimdorf|Korntal|Neuwirtshaus(Porscheplatz),8005778,Stuttgart-Zuffenhausen,Baden-Württemberg,Stuttgart,70435,9.167156375,48.82960884,3,2608170733.0,,2608170734.0,,h,1.0,Bauarbeiten,,,,,,,0.0,0.0
5109580939104143056-2608170657-3,7508,2608170706.0,2608170707.0,4,,S,S5,Stuttgart Hbf|Stuttgart Nordbahnhof,8005778,Stuttgart-Zuffenhausen,Baden-Württemberg,Stuttgart,70435,9.167156375,48.82960884,3,2608170706.0,,2608170707.0,,,,,,,,,,,0.0,0.0
4239966119888045037-2608170737-3,7408,2608170746.0,2608170747.0,4,,S,S4,Stuttgart Hbf|Stuttgart Nordbahnhof,8005778,Stuttgart-Zuffenhausen,Baden-Württemberg,Stuttgart,70435,9.167156375,48.82960884,3,2608170746.0,,2608170747.0,,,,,,,,,,,0.0,0.0
1602954825218529829-2608170634-15,7007,2608170718.0,,11,,S,,Böblingen|Sindelfingen|Maichingen|Maichingen Nord|Magstadt|Renningen Süd|Renningen|Rutesheim|Leonberg|Höfingen|Ditzingen|Weilimdorf|Korntal|Neuwirtshaus(Porscheplatz),8005778,Stuttgart-Zuffenhausen,Baden-Württemberg,Stuttgart,70435,9.167156375,48.82960884,3,2608170719.0,,,,h,1.0,Bauarbeiten,,,,,,,1.0,0.0
5835800097238099022-2608170741-1,7014,,2608170741.0,,,S,S60,,8005778,Stuttgart-Zuffenhausen,Baden-Württemberg,Stuttgart,70435,9.167156375,48.82960884,3,,,2608170741.0,,h,1.0,Bauarbeiten,,,,,,,0.0,0.0
1174251127419777403-2608170703-11,7411,2608170743.0,2608170744.0,5,,S,S4,Backnang|Burgstall(Murr)|Kirchberg(Murr)|Erdmannhausen|Marbach(Neckar)|Benningen(Neckar)|Freiberg(Neckar)|Favoritepark|Ludwigsburg|Kornwestheim Pbf,8005778,Stuttgart-Zuffenhausen,Baden-Württemberg,Stuttgart,70435,9.167156375,48.82960884,3,2608170745.0,,2608170746.0,,h,1.0,Bauarbeiten,,,,,,,2.0,2.0
-5856161558368495320-2608170737-6,7513,2608170753.0,2608170754.0,5,,S,S5,Bietigheim-Bissingen|Tamm(Württ)|Asperg|Ludwigsburg|Kornwestheim Pbf,8005778,Stuttgart-Zuffenhausen,Baden-Württemberg,Stuttgart,70435,9.167156375,48.82960884,3,2608170753.0,,2608170754.0,,,,,,,,,,,0.0,0.0
8353338401030915198-2608170727-3,7510,2608170736.0,2608170737.0,4,,S,S5,Stuttgart Hbf|Stuttgart Nordbahnhof,8005778,Stuttgart-Zuffenhausen,Baden-Württemberg,Stuttgart,70435,9.167156375,48.82960884,3,2608170737.0,,2608170737.0,,,,,,,,,,,1.0,0.0
3947374469134470993-2608170711-1,7012,,2608170711.0,,,S,S60,,8005778,Stuttgart-Zuffenhausen,Baden-Württemberg,Stuttgart,70435,9.167156375,48.82960884,3,,,2608170712.0,,h,1.0,Bauarbeiten,,,,,,,0.0,1.0
-7338711269232336111-2608170633-11,7409,2608170713.0,2608170714.0,5,,S,S4,Backnang|Burgstall(Murr)|Kirchberg(Murr)|Erdmannhausen|Marbach(Neckar)|Benningen(Neckar)|Freiberg(Neckar)|Favoritepark|Ludwigsburg|Kornwestheim Pbf,8005778,Stuttgart-Zuffenhausen,Baden-Württemberg,Stuttgart,70435,9.167156375,48.82960884,3,2608170715.0,,2608170716.0,,h,1.0,Bauarbeiten,,,,,,,2.0,2.0
-3096109639432053865-2608170755-2,7610,2608170756.0,2608170757.0,12,,S,S6,Stuttgart-Feuerbach,8005778,Stuttgart-Zuffenhausen,Baden-Württemberg,Stuttgart,70435,9.167156375,48.82960884,3,2608170757.0,,2608170757.0,,h,1.0,Bauarbeiten,,,,,,,1.0,0.0
7977434207262340946-2608170707-3,7406,2608170716.0,2608170717.0,4,,S,S4,Stuttgart Hbf|Stuttgart Nordbahnhof,8005778,Stuttgart-Zuffenhausen,Baden-Württemberg,Stuttgart,70435,9.167156375,48.82960884,3,2608170719.0,,2608170720.0,,,,,,,,,,,3.0,3.0
-4074307891664969363-2608170725-2,7608,2608170726.0,2608170727.0,12,,S,S6,Stuttgart-Feuerbach,8005778,Stuttgart-Zuffenhausen,Baden-Württemberg,Stuttgart,70435,9.167156375,48.82960884,3,2608170727.0,,2608170727.0,,h,1.0,Bauarbeiten,,,,,,,1.0,0.0
7155033421118958991-2608170707-2,7511,2608170710.0,2608170710.0,2,,S,S5,Bietigheim-Bissingen,8005820,Tamm (Württ),Baden-Württemberg,Tamm,71732,9.125288012,48.92187736,4,2608170710.0,,2608170710.0,,,,,,,,,,,0.0,0.0
5109580939104143056-2608170657-7,7508,2608170720.0,2608170720.0,3,,S,S5,Stuttgart Hbf|Stuttgart Nordbahnhof|Stuttgart-Zuffenhausen|Kornwestheim Pbf|Ludwigsburg|Asperg,8005820,Tamm (Württ),Baden-Württemberg,Tamm,71732,9.125288012,48.92187736,4,2608170720.0,,2608170720.0,,,,,,,,,,,0.0,0.0
-5856161558368495320-2608170737-2,7513,2608170740.0,2608170740.0,2,,S,S5,Bietigheim-Bissingen,8005820,Tamm (Württ),Baden-Württemberg,Tamm,71732,9.125288012,48.92187736,4,2608170740.0,,2608170740.0,,,,,,,,,,,0.0,0.0
8353338401030915198-2608170727-7,7510,2608170750.0,2608170750.0,3,,S,S5,Stuttgart Hbf|Stuttgart Nordbahnhof|Stuttgart-Zuffenhausen|Kornwestheim Pbf|Ludwigsburg|Asperg,8005820,Tamm (Württ),Baden-Württemberg,Tamm,71732,9.125288012,48.92187736,4,2608170750.0,,2608170750.0,,,,,,,,,,,0.0,0.0
8151800894683998336-2608170726-3,17509,2608170737.0,2608170738.0,3,,RB,MEX19,Stuttgart Hbf|Stuttgart-Bad Cannstatt,8000180,Waiblingen,Baden-Württemberg,Waiblingen,71332,9.300476874,48.8262444,3,2608170737.0,,2608170738.0,,,,,,,,,,,0.0,0.0
3577709664347333137-2608170712-6,7308,2608170729.0,2608170730.0,3,,S,S3,Stuttgart Hbf|Stuttgart-Bad Cannstatt|Stuttgart Nürnberger Str.|Stuttgart-Sommerrain|Fellbach,8000180,Waiblingen,Baden-Württemberg,Waiblingen,71332,9.300476874,48.8262444,3,2608170729.0,,2608170730.0,,,,,,,,,,,0.0,0.0
-7387272772966151444-2608170632-9,17510,2608170720.0,2608170721.0,1,,RB,MEX90,Gaildorf West|Fichtenberg|Fornsbach|Murrhardt|Sulzbach(Murr)|Oppenweiler(Württ)|Backnang|Winnenden,8000180,Waiblingen,Baden-Württemberg,Waiblingen,71332,9.300476874,48.8262444,3,2608170720.0,,2608170721.0,,,,,,,,,,,0.0,0.0
-5465477625088129487-2608170636-16,19452,2608170758.0,2608170758.0,6,,ARV,13,Ellwangen|Schrezheim|Schwabsberg|Goldshöfe|Hofen(b Aalen)|Wasseralfingen|Aalen Hbf|Mögglingen(Gmünd)|Böbingen(Rems)|Schwäbisch Gmünd|Lorch(Württ)|Waldhausen(b Schorndorf)|Plüderhausen|Urbach(b Schorndorf)|Schorndorf,8000180,Waiblingen,Baden-Württemberg,Waiblingen,71332,9.300476874,48.8262444,3,2608170758.0,,2608170759.0,,h,2.0,Information,,,,,,,0.0,1.0
5784758985011942046-2608170641-7,7309,2608170659.0,2608170700.0,1,,S,S3,Backnang|Maubach|Nellmersbach|Winnenden|Schwaikheim|Neustadt-Hohenacker,8000180,Waiblingen,Baden-Württemberg,Waiblingen,71332,9.300476874,48.8262444,3,2608170659.0,,2608170700.0,,,,,,,,,,,0.0,0.0
-4918736573732270498-2608170635-10,19410,2608170728.0,2608170728.0,6,,ARV,13,Aalen Hbf|Mögglingen(Gmünd)|Böbingen(Rems)|Schwäbisch Gmünd|Lorch(Württ)|Waldhausen(b Schorndorf)|Plüderhausen|Urbach(b Schorndorf)|Schorndorf,8000180,Waiblingen,Baden-Württemberg,Waiblingen,71332,9.300476874,48.8262444,3,2608170728.0,,2608170728.0,,h,2.0,Information,,,,,,,0.0,0.0
1183603668671718907-2608170741-7,7313,2608170759.0,2608170800.0,1,,S,S3,Backnang|Maubach|Nellmersbach|Winnenden|Schwaikheim|Neustadt-Hohenacker,8000180,Waiblingen,Baden-Württemberg,Waiblingen,71332,9.300476874,48.8262444,3,2608170804.0,,2608170805.0,,,,,,,,,,,5.0,5.0
-8714228285082007604-2608170742-6,7310,2608170759.0,2608170800.0,3,,S,S3,Stuttgart Hbf|Stuttgart-Bad Cannstatt|Stuttgart Nürnberger Str.|Stuttgart-Sommerrain|Fellbach,8000180,Waiblingen,Baden-Württemberg,Waiblingen,71332,9.300476874,48.8262444,3,2608170759.0,,2608170800.0,,,,,,,,,,,0.0,0.0
3965518062033575210-2608170650-6,7206,2608170704.0,2608170705.0,7,,S,S2,Stuttgart Hbf|Stuttgart-Bad Cannstatt|Stuttgart Nürnberger Str.|Stuttgart-Sommerrain|Fellbach,8000180,Waiblingen,Baden-Württemberg,Waiblingen,71332,9.300476874,48.8262444,3,2608170705.0,,2608170710.0,,h,1.0,Bauarbeiten,,,,,,,1.0,5.0
-6211003010298504877-2608170642-6,7306,2608170659.0,2608170700.0,3,,S,S3,Stuttgart Hbf|Stuttgart-Bad Cannstatt|Stuttgart Nürnberger Str.|Stuttgart-Sommerrain|Fellbach,8000180,Waiblingen,Baden-Württemberg,Waiblingen,71332,9.300476874,48.8262444,3,2608170701.0,,2608170702.0,,,,,,,,,,,2.0,2.0
-4136739553637756736-2608170720-3,19457,2608170732.0,2608170732.0,6,,ARV,13,Stuttgart Hbf|Stuttgart-Bad Cannstatt,8000180,Waiblingen,Baden-Württemberg,Waiblingen,71332,9.300476874,48.8262444,3,2608170732.0,,2608170732.0,,h,2.0,Information,,,,,,,0.0,0.0
-6595517868678510983-2608170703-10,7211,2608170724.0,2608170725.0,5,,S,S2,Schorndorf|Weiler(Rems)|Winterbach(b Schorndorf)|Geradstetten|Grunbach|Beutelsbach|Endersbach|Stetten-Beinstein|Rommelshausen,8000180,Waiblingen,Baden-Württemberg,Waiblingen,71332,9.300476874,48.8262444,3,2608170724.0,,2608170725.0,,h,1.0,Bauarbeiten,,,,,,,0.0,0.0
-2915141727268180381-2608170711-7,7311,2608170729.0,2608170730.0,1,,S,S3,Backnang|Maubach|Nellmersbach|Winnenden|Schwaikheim|Neustadt-Hohenacker,8000180,Waiblingen,Baden-Württemberg,Waiblingen,71332,9.300476874,48.8262444,3,2608170729.0,,2608170730.0,,,,,,,,,,,0.0,0.0
8037374960848513675-2608170648-3,19405,2608170702.0,2608170702.0,6,,ARV,13,Stuttgart Hbf|Stuttgart-Bad Cannstatt,8000180,Waiblingen,Baden-Württemberg,Waiblingen,71332,9.300476874,48.8262444,3,2608170707.0,,2608170708.0,,h,2.0,Information,,,,,,,5.0,6.0
-5260417069663625653-2608170720-6,7208,2608170734.0,2608170735.0,7,,S,S2,Stuttgart Hbf|Stuttgart-Bad Cannstatt|Stuttgart Nürnberger Str.|Stuttgart-Sommerrain|Fellbach,8000180,Waiblingen,Baden-Württemberg,Waiblingen,71332,9.300476874,48.8262444,3,2608170736.0,,2608170738.0,,h,1.0,Bauarbeiten,,,,,,,2.0,3.0
1954405663998481577-2608170706-9,89684,2608170752.0,2608170752.0,1,,ARV,90,Gaildorf West|Fichtenberg|Fornsbach|Murrhardt|Sulzbach(Murr)|Oppenweiler(Württ)|Backnang|Winnenden,8000180,Waiblingen,Baden-Württemberg,Waiblingen,71332,9.300476874,48.8262444,3,2608170755.0,,2608170756.0,,,,,,,,,,,3.0,4.0
3888224273021493436-2608170733-10,7213,2608170754.0,2608170755.0,5,,S,S2,Schorndorf|Weiler(Rems)|Winterbach(b Schorndorf)|Geradstetten|Grunbach|Beutelsbach|Endersbach|Stetten-Beinstein|Rommelshausen,8000180,Waiblingen,Baden-Württemberg,Waiblingen,71332,9.300476874,48.8262444,3,2608170754.0,,2608170755.0,,h,1.0,Bauarbeiten,,,,,,,0.0,0.0
7234702021475349629-2608170710-5,26131,2608170728.0,2608170728.0,141,,SWE,RB76,Calw|Calw-Heumaden|Althengstett|Ostelsheim,8006271,Weil der Stadt,Baden-Württemberg,Weil der Stadt,71263,8.873189074,48.7557357,4,2608170728.0,,,,,,,,,,,,,0.0,0.0
-1347709455583751185-2608170733-1,7613,,2608170733.0,,,S,S6,,8006271,Weil der Stadt,Baden-Württemberg,Weil der Stadt,71263,8.873189074,48.7557357,4,,,2608170733.0,,h,1.0,Bauarbeiten,,,,,,,0.0,0.0
-5823901558938223341-2608170742-2,26132,2608170745.0,2608170747.0,141,,SWE,RB76,Renningen,8006271,Weil der Stadt,Baden-Württemberg,Weil der Stadt,71263,8.873189074,48.7557357,4,,,2608170747.0,,,,,,,,,,,0.0,0.0
4433222154122274025-2608170703-1,7611,,2608170703.0,,,S,S6,,8006271,Weil der Stadt,Baden-Württemberg,Weil der Stadt,71263,8.873189074,48.7557357,4,,,2608170704.0,,h,1.0,Bauarbeiten,,,,,,,0.0,1.0
-4136157841439230125-2608170740-5,26133,2608170758.0,,141,,SWE,,Calw|Calw-Heumaden|Althengstett|Ostelsheim,8006271,Weil der Stadt,Baden-Württemberg,Weil der Stadt,71263,8.873189074,48.7557357,4,2608170758.0,,,,,,,,,,,,,0.0,0.0
769857179872068324-2608170717-1,26130,,2608170717.0,,,SWE,RB76,,8006271,Weil der Stadt,Baden-Württemberg,Weil der Stadt,71263,8.873189074,48.7557357,4,,,2608170717.0,,,,,,,,,,,0.0,0.0
5872067968392634034-2608170655-12,7606,2608170727.0,,2,,S,,Stuttgart-Feuerbach|Stuttgart-Zuffenhausen|Neuwirtshaus(Porscheplatz)|Korntal|Weilimdorf|Ditzingen|Höfingen|Leonberg|Rutesheim|Renningen|Malmsheim,8006271,Weil der Stadt,Baden-Württemberg,Weil der Stadt,71263,8.873189074,48.7557357,4,2608170728.0,,,,h,1.0,Bauarbeiten,,,,,,,1.0,0.0
-4074307891664969363-2608170725-12,7608,2608170757.0,,2,,S,,Stuttgart-Feuerbach|Stuttgart-Zuffenhausen|Neuwirtshaus(Porscheplatz)|Korntal|Weilimdorf|Ditzingen|Höfingen|Leonberg|Rutesheim|Renningen|Malmsheim,8006271,Weil der Stadt,Baden-Württemberg,Weil der Stadt,71263,8.873189074,48.7557357,4,2608170757.0,,,,h,1.0,Bauarbeiten,,,,,,,0.0,0.0
3965518062033575210-2608170650-14,7206,2608170722.0,2608170722.0,1,,S,S2,Stuttgart Hbf|Stuttgart-Bad Cannstatt|Stuttgart Nürnberger Str.|Stuttgart-Sommerrain|Fellbach|Waiblingen|Rommelshausen|Stetten-Beinstein|Endersbach|Beutelsbach|Grunbach|Geradstetten|Winterbach(b Schorndorf),8006277,Weiler (Rems),Baden-Württemberg,Schorndorf,76314,9.501891172,48.80034585,5,2608170726.0,,2608170726.0,,h,1.0,Bauarbeiten,,,,,,,4.0,4.0
-6595517868678510983-2608170703-2,7211,2608170706.0,2608170706.0,2,,S,S2,Schorndorf,8006277,Weiler (Rems),Baden-Württemberg,Schorndorf,76314,9.501891172,48.80034585,5,2608170706.0,,2608170707.0,,h,1.0,Bauarbeiten,,,,,,,0.0,1.0
-5260417069663625653-2608170720-14,7208,2608170752.0,2608170752.0,1,,S,S2,Stuttgart Hbf|Stuttgart-Bad Cannstatt|Stuttgart Nürnberger Str.|Stuttgart-Sommerrain|Fellbach|Waiblingen|Rommelshausen|Stetten-Beinstein|Endersbach|Beutelsbach|Grunbach|Geradstetten|Winterbach(b Schorndorf),8006277,Weiler (Rems),Baden-Württemberg,Schorndorf,76314,9.501891172,48.80034585,5,2608170754.0,,2608170755.0,,h,1.0,Bauarbeiten,,,,,,,2.0,3.0
3888224273021493436-2608170733-2,7213,2608170736.0,2608170736.0,2,,S,S2,Schorndorf,8006277,Weiler (Rems),Baden-Württemberg,Schorndorf,76314,9.501891172,48.80034585,5,2608170736.0,,2608170736.0,,h,1.0,Bauarbeiten,,,,,,,0.0,0.0
-5963168999968799515-2608170625-13,7106,2608170702.0,2608170703.0,11,,S,S1,Stuttgart Hbf|Stuttgart-Bad Cannstatt|Stuttgart Neckarpark|Stuttgart-Untertürkheim|Stuttgart-Obertürkheim|Esslingen-Mettingen|Esslingen(Neckar)|Oberesslingen|Esslingen-Zell|Altbach|Plochingen|Wernau(Neckar),8006331,Wendlingen (Neckar),Baden-Württemberg,Wendlingen am Neckar,73240,9.373662098,48.67368917,3,2608170702.0,,2608170705.0,,,,,,,,,,,0.0,2.0
2311060815632169594-2608170724-1,16045,,2608170724.0,,,RE,RE200,,8006331,Wendlingen (Neckar),Baden-Württemberg,Wendlingen am Neckar,73240,9.373662098,48.67368917,3,,,2608170724.0,,h,2.0,Störung,,,,,,,0.0,0.0
-7908498233924216314-2608170750-3,7115,2608170757.0,2608170758.0,12,,S,S1,Kirchheim(Teck)|Kirchheim(Teck)-Ötlingen,8006331,Wendlingen (Neckar),Baden-Württemberg,Wendlingen am Neckar,73240,9.373662098,48.67368917,3,2608170759.0,,2608170800.0,,,,,,,,,,,2.0,2.0
-6693394302779421754-2608170631-6,56715,2608170719.0,2608170720.0,2,,RE,MEX18,Ludwigsburg|Stuttgart Hbf|Stuttgart-Bad Cannstatt|Esslingen(Neckar)|Plochingen,8006331,Wendlingen (Neckar),Baden-Württemberg,Wendlingen am Neckar,73240,9.373662098,48.67368917,3,2608170719.0,,2608170721.0,,,,,,,,,,,0.0,1.0
-3543935101138175461-2608170729-3,16046,2608170759.0,,3,,RE,,Ulm Hbf|Merklingen - Schwäbische Alb,8006331,Wendlingen (Neckar),Baden-Württemberg,Wendlingen am Neckar,73240,9.373662098,48.67368917,3,2608170759.0,,,,h,2.0,Störung,,,,,,,0.0,0.0
8759418788528928451-2608170655-13,7108,2608170732.0,2608170733.0,11,,S,S1,Stuttgart Hbf|Stuttgart-Bad Cannstatt|Stuttgart Neckarpark|Stuttgart-Untertürkheim|Stuttgart-Obertürkheim|Esslingen-Mettingen|Esslingen(Neckar)|Oberesslingen|Esslingen-Zell|Altbach|Plochingen|Wernau(Neckar),8006331,Wendlingen (Neckar),Baden-Württemberg,Wendlingen am Neckar,73240,9.373662098,48.67368917,3,2608170732.0,,2608170735.0,,,,,,,,,,,0.0,2.0
6953740057931963946-2608170629-3,16044,2608170700.0,,3,,RE,,Ulm Hbf|Merklingen - Schwäbische Alb,8006331,Wendlingen (Neckar),Baden-Württemberg,Wendlingen am Neckar,73240,9.373662098,48.67368917,3,2608170657.0,,,,h,2.0,Störung,,,,,,,-3.0,0.0
5752082848521759462-2608170717-6,19220,2608170741.0,2608170741.0,1,,RE,MEX12,Reutlingen Hbf|Metzingen(Württ)|Bempflingen|Nürtingen|Oberboihingen,8006331,Wendlingen (Neckar),Baden-Württemberg,Wendlingen am Neckar,73240,9.373662098,48.67368917,3,2608170741.0,,2608170741.0,,h,2.0,Bauarbeiten,,,,,,,0.0,0.0
-7709757529463307534-2608170720-3,7113,2608170727.0,2608170728.0,12,,S,S1,Kirchheim(Teck)|Kirchheim(Teck)-Ötlingen,8006331,Wendlingen (Neckar),Baden-Württemberg,Wendlingen am Neckar,73240,9.373662098,48.67368917,3,2608170727.0,,2608170729.0,,,,,,,,,,,0.0,1.0
2394736871359748075-2608170725-12,7110,2608170758.0,2608170759.0,2,,S,S1,Stuttgart Hbf|Stuttgart-Bad Cannstatt|Stuttgart Neckarpark|Stuttgart-Untertürkheim|Stuttgart-Obertürkheim|Esslingen-Mettingen|Esslingen(Neckar)|Oberesslingen|Esslingen-Zell|Altbach|Plochingen,8006346,Wernau (Neckar),Baden-Württemberg,Wernau (Neckar),73249,9.413654423,48.69417221,4,2608170758.0,,2608170759.0,,,,,,,,,,,0.0,0.0
-6655970972115007016-2608170650-4,7111,2608170701.0,2608170701.0,1,,S,S1,Kirchheim(Teck)|Kirchheim(Teck)-Ötlingen|Wendlingen(Neckar),8006346,Wernau (Neckar),Baden-Württemberg,Wernau (Neckar),73249,9.413654423,48.69417221,4,2608170702.0,,2608170702.0,,,,,,,,,,,1.0,1.0
8759418788528928451-2608170655-12,7108,2608170728.0,2608170729.0,2,,S,S1,Stuttgart Hbf|Stuttgart-Bad Cannstatt|Stuttgart Neckarpark|Stuttgart-Untertürkheim|Stuttgart-Obertürkheim|Esslingen-Mettingen|Esslingen(Neckar)|Oberesslingen|Esslingen-Zell|Altbach|Plochingen,8006346,Wernau (Neckar),Baden-Württemberg,Wernau (Neckar),73249,9.413654423,48.69417221,4,2608170729.0,,2608170729.0,,,,,,,,,,,1.0,0.0
-7709757529463307534-2608170720-4,7113,2608170731.0,2608170731.0,1,,S,S1,Kirchheim(Teck)|Kirchheim(Teck)-Ötlingen|Wendlingen(Neckar),8006346,Wernau (Neckar),Baden-Württemberg,Wernau (Neckar),73249,9.413654423,48.69417221,4,2608170732.0,,2608170732.0,,,,,,,,,,,1.0,1.0
8151800894683998336-2608170726-4,17509,2608170744.0,2608170745.0,2,,RB,MEX19,Stuttgart Hbf|Stuttgart-Bad Cannstatt|Waiblingen,8006479,Winnenden,Baden-Württemberg,Winnenden,71364,9.392155928,48.8795625,3,2608170744.0,,2608170745.0,,,,,,,,,,,0.0,0.0
3577709664347333137-2608170712-9,7308,2608170739.0,2608170739.0,2,,S,S3,Stuttgart Hbf|Stuttgart-Bad Cannstatt|Stuttgart Nürnberger Str.|Stuttgart-Sommerrain|Fellbach|Waiblingen|Neustadt-Hohenacker|Schwaikheim,8006479,Winnenden,Baden-Württemberg,Winnenden,71364,9.392155928,48.8795625,3,2608170739.0,,2608170739.0,,,,,,,,,,,0.0,0.0
-7387272772966151444-2608170632-8,17510,2608170712.0,2608170713.0,3,,RB,MEX90,Gaildorf West|Fichtenberg|Fornsbach|Murrhardt|Sulzbach(Murr)|Oppenweiler(Württ)|Backnang,8006479,Winnenden,Baden-Württemberg,Winnenden,71364,9.392155928,48.8795625,3,2608170712.0,,2608170713.0,,,,,,,,,,,0.0,0.0
1183603668671718907-2608170741-4,7313,2608170749.0,2608170750.0,3,,S,S3,Backnang|Maubach|Nellmersbach,8006479,Winnenden,Baden-Württemberg,Winnenden,71364,9.392155928,48.8795625,3,2608170753.0,,2608170755.0,,,,,,,,,,,4.0,5.0
8994706327786199832-2608170644-4,98229,2608170700.0,2608170701.0,,,ARV,90,Stuttgart Hbf|Stuttgart-Bad Cannstatt|Waiblingen,8006479,Winnenden,Baden-Württemberg,Winnenden,71364,9.392155928,48.8795625,3,2608170704.0,2.0,2608170705.0,2.0,,,,,,,,,,4.0,4.0
-6211003010298504877-2608170642-9,7306,2608170709.0,2608170709.0,2,,S,S3,Stuttgart Hbf|Stuttgart-Bad Cannstatt|Stuttgart Nürnberger Str.|Stuttgart-Sommerrain|Fellbach|Waiblingen|Neustadt-Hohenacker|Schwaikheim,8006479,Winnenden,Baden-Württemberg,Winnenden,71364,9.392155928,48.8795625,3,2608170711.0,,2608170712.0,,,,,,,,,,,2.0,3.0
-2915141727268180381-2608170711-4,7311,2608170719.0,2608170720.0,3,,S,S3,Backnang|Maubach|Nellmersbach,8006479,Winnenden,Baden-Württemberg,Winnenden,71364,9.392155928,48.8795625,3,2608170719.0,,2608170720.0,,,,,,,,,,,0.0,0.0
1954405663998481577-2608170706-8,89684,2608170744.0,2608170745.0,3,,ARV,90,Gaildorf West|Fichtenberg|Fornsbach|Murrhardt|Sulzbach(Murr)|Oppenweiler(Württ)|Backnang,8006479,Winnenden,Baden-Württemberg,Winnenden,71364,9.392155928,48.8795625,3,2608170747.0,,2608170749.0,,,,,,,,,,,3.0,4.0
3965518062033575210-2608170650-13,7206,2608170720.0,2608170720.0,2,,S,S2,Stuttgart Hbf|Stuttgart-Bad Cannstatt|Stuttgart Nürnberger Str.|Stuttgart-Sommerrain|Fellbach|Waiblingen|Rommelshausen|Stetten-Beinstein|Endersbach|Beutelsbach|Grunbach|Geradstetten,8006485,Winterbach (b Schorndorf),Baden-Württemberg,Winterbach,73650,9.481549751,48.79842743,4,2608170724.0,,2608170724.0,,h,1.0,Bauarbeiten,,,,,,,4.0,4.0
-6595517868678510983-2608170703-3,7211,2608170708.0,2608170708.0,1,,S,S2,Schorndorf|Weiler(Rems),8006485,Winterbach (b Schorndorf),Baden-Württemberg,Winterbach,73650,9.481549751,48.79842743,4,2608170708.0,,2608170709.0,,h,1.0,Bauarbeiten,,,,,,,0.0,1.0
-5260417069663625653-2608170720-13,7208,2608170750.0,2608170750.0,2,,S,S2,Stuttgart Hbf|Stuttgart-Bad Cannstatt|Stuttgart Nürnberger Str.|Stuttgart-Sommerrain|Fellbach|Waiblingen|Rommelshausen|Stetten-Beinstein|Endersbach|Beutelsbach|Grunbach|Geradstetten,8006485,Winterbach (b Schorndorf),Baden-Württemberg,Winterbach,73650,9.481549751,48.79842743,4,2608170752.0,,2608170753.0,,h,1.0,Bauarbeiten,,,,,,,2.0,3.0
3888224273021493436-2608170733-3,7213,2608170738.0,2608170738.0,1,,S,S2,Schorndorf|Weiler(Rems),8006485,Winterbach (b Schorndorf),Baden-Württemberg,Winterbach,73650,9.481549751,48.79842743,4,2608170738.0,,2608170738.0,,h,1.0,Bauarbeiten,,,,,,,0.0,0.0
8714567639514254110-2608170704-5,7009,2608170713.0,2608170714.0,1,,S,S60,Böblingen|Sindelfingen|Maichingen|Maichingen Nord,8003807,Magstadt,Baden-Württemberg,Magstadt,71106,8.965315746,48.73616033,6,2608170714.0,,2608170715.0,,h,1.0,Bauarbeiten,,,,,,,1.0,1.0
-2314480797793343036-2608170641-11,7010,2608170715.0,2608170715.0,2,,S,S60,Stuttgart-Zuffenhausen|Neuwirtshaus(Porscheplatz)|Korntal|Weilimdorf|Ditzingen|Höfingen|Leonberg|Rutesheim|Renningen|Renningen Süd,8003807,Magstadt,Baden-Württemberg,Magstadt,71106,8.965315746,48.73616033,6,2608170717.0,,2608170718.0,,h,1.0,Bauarbeiten,,,,,,,2.0,3.0
3592955462745051107-2608170734-5,7011,2608170743.0,2608170744.0,1,,S,S60,Böblingen|Sindelfingen|Maichingen|Maichingen Nord,8003807,Magstadt,Baden-Württemberg,Magstadt,71106,8.965315746,48.73616033,6,2608170744.0,,2608170745.0,,h,1.0,Bauarbeiten,,,,,,,1.0,1.0
3947374469134470993-2608170711-11,7012,2608170745.0,2608170745.0,2,,S,S60,Stuttgart-Zuffenhausen|Neuwirtshaus(Porscheplatz)|Korntal|Weilimdorf|Ditzingen|Höfingen|Leonberg|Rutesheim|Renningen|Renningen Süd,8003807,Magstadt,Baden-Württemberg,Magstadt,71106,8.965315746,48.73616033,6,2608170746.0,,2608170746.0,,h,1.0,Bauarbeiten,,,,,,,1.0,1.0
8714567639514254110-2608170704-4,7009,2608170711.0,2608170711.0,1,,S,S60,Böblingen|Sindelfingen|Maichingen,8003834,Maichingen Nord,Baden-Württemberg,Sindelfingen,71069,8.979416996,48.72750392,5,2608170712.0,,2608170712.0,,h,1.0,Bauarbeiten,,,,,,,1.0,1.0
-2314480797793343036-2608170641-12,7010,2608170717.0,2608170717.0,2,,S,S60,Stuttgart-Zuffenhausen|Neuwirtshaus(Porscheplatz)|Korntal|Weilimdorf|Ditzingen|Höfingen|Leonberg|Rutesheim|Renningen|Renningen Süd|Magstadt,8003834,Maichingen Nord,Baden-Württemberg,Sindelfingen,71069,8.979416996,48.72750392,5,2608170719.0,,2608170720.0,,h,1.0,Bauarbeiten,,,,,,,2.0,3.0
3592955462745051107-2608170734-4,7011,2608170741.0,2608170741.0,1,,S,S60,Böblingen|Sindelfingen|Maichingen,8003834,Maichingen Nord,Baden-Württemberg,Sindelfingen,71069,8.979416996,48.72750392,5,2608170742.0,,2608170742.0,,h,1.0,Bauarbeiten,,,,,,,1.0,1.0
3947374469134470993-2608170711-12,7012,2608170747.0,2608170747.0,2,,S,S60,Stuttgart-Zuffenhausen|Neuwirtshaus(Porscheplatz)|Korntal|Weilimdorf|Ditzingen|Höfingen|Leonberg|Rutesheim|Renningen|Renningen Süd|Magstadt,8003834,Maichingen Nord,Baden-Württemberg,Sindelfingen,71069,8.979416996,48.72750392,5,2608170748.0,,2608170748.0,,h,1.0,Bauarbeiten,,,,,,,1.0,1.0
8714567639514254110-2608170704-3,7009,2608170709.0,2608170710.0,1,,S,S60,Böblingen|Sindelfingen,8003808,Maichingen,Baden-Württemberg,Sindelfingen,71069,8.969606704,48.72162074,6,2608170710.0,,2608170711.0,,h,1.0,Bauarbeiten,,,,,,,1.0,1.0
-2314480797793343036-2608170641-13,7010,2608170719.0,2608170719.0,1,,S,S60,Stuttgart-Zuffenhausen|Neuwirtshaus(Porscheplatz)|Korntal|Weilimdorf|Ditzingen|Höfingen|Leonberg|Rutesheim|Renningen|Renningen Süd|Magstadt|Maichingen Nord,8003808,Maichingen,Baden-Württemberg,Sindelfingen,71069,8.969606704,48.72162074,6,2608170721.0,,2608170722.0,,h,1.0,Bauarbeiten,,,,,,,2.0,3.0
3592955462745051107-2608170734-3,7011,2608170739.0,2608170740.0,1,,S,S60,Böblingen|Sindelfingen,8003808,Maichingen,Baden-Württemberg,Sindelfingen,71069,8.969606704,48.72162074,6,2608170740.0,,2608170741.0,,h,1.0,Bauarbeiten,,,,,,,1.0,1.0
3947374469134470993-2608170711-13,7012,2608170749.0,2608170749.0,1,,S,S60,Stuttgart-Zuffenhausen|Neuwirtshaus(Porscheplatz)|Korntal|Weilimdorf|Ditzingen|Höfingen|Leonberg|Rutesheim|Renningen|Renningen Süd|Magstadt|Maichingen Nord,8003808,Maichingen,Baden-Württemberg,Sindelfingen,71069,8.969606704,48.72162074,6,2608170750.0,,2608170750.0,,h,1.0,Bauarbeiten,,,,,,,1.0,1.0
8714567639514254110-2608170704-6,7009,2608170717.0,2608170718.0,1,,S,S60,Böblingen|Sindelfingen|Maichingen|Maichingen Nord|Magstadt,8005001,Renningen Süd,Baden-Württemberg,Renningen,71272,8.932068278,48.76261937,6,2608170718.0,,2608170719.0,,h,1.0,Bauarbeiten,,,,,,,1.0,1.0
-2314480797793343036-2608170641-10,7010,2608170711.0,2608170711.0,2,,S,S60,Stuttgart-Zuffenhausen|Neuwirtshaus(Porscheplatz)|Korntal|Weilimdorf|Ditzingen|Höfingen|Leonberg|Rutesheim|Renningen,8005001,Renningen Süd,Baden-Württemberg,Renningen,71272,8.932068278,48.76261937,6,2608170713.0,,2608170713.0,,h,1.0,Bauarbeiten,,,,,,,2.0,2.0
3592955462745051107-2608170734-6,7011,2608170747.0,2608170748.0,1,,S,S60,Böblingen|Sindelfingen|Maichingen|Maichingen Nord|Magstadt,8005001,Renningen Süd,Baden-Württemberg,Renningen,71272,8.932068278,48.76261937,6,2608170748.0,,2608170748.0,,h,1.0,Bauarbeiten,,,,,,,1.0,0.0
3947374469134470993-2608170711-10,7012,2608170741.0,2608170741.0,2,,S,S60,Stuttgart-Zuffenhausen|Neuwirtshaus(Porscheplatz)|Korntal|Weilimdorf|Ditzingen|Höfingen|Leonberg|Rutesheim|Renningen,8005001,Renningen Süd,Baden-Württemberg,Renningen,71272,8.932068278,48.76261937,6,2608170742.0,,2608170742.0,,h,1.0,Bauarbeiten,,,,,,,1.0,1.0
-4550115281200084116-2608170450-6,7103,2608170509.0,2608170510.0,3,,S,S1,Kirchheim(Teck)|Kirchheim(Teck)-Ötlingen|Wendlingen(Neckar)|Wernau(Neckar)|Plochingen,8000508,Altbach,Baden-Württemberg,Altbach,73776,9.382434033,48.72031354,3,2608170512.0,,2608170513.0,,,,,,,,,,,3.0,3.0
9164848740577760883-2608170525-10,7102,2608170550.0,2608170550.0,4,,S,S1,Stuttgart Hbf|Stuttgart-Bad Cannstatt|Stuttgart Neckarpark|Stuttgart-Untertürkheim|Stuttgart-Obertürkheim|Esslingen-Mettingen|Esslingen(Neckar)|Oberesslingen|Esslingen-Zell,8000508,Altbach,Baden-Württemberg,Altbach,73776,9.382434033,48.72031354,3,2608170550.0,,2608170550.0,,,,,,,,,,,0.0,0.0
8431153246129764034-2608170520-6,7105,2608170539.0,2608170540.0,3,,S,S1,Kirchheim(Teck)|Kirchheim(Teck)-Ötlingen|Wendlingen(Neckar)|Wernau(Neckar)|Plochingen,8000508,Altbach,Baden-Württemberg,Altbach,73776,9.382434033,48.72031354,3,2608170540.0,,2608170541.0,,,,,,,,,,,1.0,1.0
-8964161720775084233-2608170507-3,7503,2608170512.0,2608170513.0,3,,S,S5,Bietigheim-Bissingen|Tamm(Württ),8000630,Asperg,Baden-Württemberg,Asperg,71679,9.147977466,48.90725609,4,2608170512.0,,2608170513.0,,,,,,,,,,,0.0,0.0
7314216531638087218-2608170457-6,7500,2608170517.0,2608170517.0,4,,S,S5,Stuttgart Hbf|Stuttgart Nordbahnhof|Stuttgart-Zuffenhausen|Kornwestheim Pbf|Ludwigsburg,8000630,Asperg,Baden-Württemberg,Asperg,71679,9.147977466,48.90725609,4,2608170520.0,,2608170520.0,,,,,,,,,,,3.0,3.0
5019299385590866360-2608170537-3,7505,2608170542.0,2608170543.0,3,,S,S5,Bietigheim-Bissingen|Tamm(Württ),8000630,Asperg,Baden-Württemberg,Asperg,71679,9.147977466,48.90725609,4,2608170543.0,,2608170543.0,,,,,,,,,,,1.0,0.0
7415141918952771212-2608170527-6,7502,2608170547.0,2608170547.0,4,,S,S5,Stuttgart Hbf|Stuttgart Nordbahnhof|Stuttgart-Zuffenhausen|Kornwestheim Pbf|Ludwigsburg,8000630,Asperg,Baden-Württemberg,Asperg,71679,9.147977466,48.90725609,4,2608170547.0,,2608170547.0,,,,,,,,,,,0.0,0.0
9202194719412611846-2608170511-1,7303,,2608170511.0,,,S,S3,,8000016,Backnang,Baden-Württemberg,Backnang,71522,9.425986107,48.94264844,3,,,2608170511.0,,,,,,,,,,,0.0,0.0
4883033308940108541-2608170541-1,7305,,2608170541.0,,,S,S3,,8000016,Backnang,Baden-Württemberg,Backnang,71522,9.425986107,48.94264844,3,,,2608170542.0,,,,,,,,,,,0.0,1.0
-154362536894141261-2608170439-5,89689,2608170505.0,2608170506.0,4,,ARV,90,Stuttgart Hbf|Stuttgart-Bad Cannstatt|Waiblingen|Winnenden,8000016,Backnang,Baden-Württemberg,Backnang,71522,9.425986107,48.94264844,3,2608170505.0,,2608170506.0,,,,,,,,,,,0.0,0.0
-5152190475701295737-2608170533-1,7405,,2608170533.0,,,S,S4,,8000016,Backnang,Baden-Württemberg,Backnang,71522,9.425986107,48.94264844,3,,,2608170534.0,,h,1.0,Bauarbeiten,,,,,,,0.0,1.0
8513134191022821080-2608170504-7,17504,2608170533.0,2608170534.0,3,,RB,MEX90,Gaildorf West|Fichtenberg|Fornsbach|Murrhardt|Sulzbach(Murr)|Oppenweiler(Württ),8000016,Backnang,Baden-Württemberg,Backnang,71522,9.425986107,48.94264844,3,2608170536.0,,2608170537.0,,,,,,,,,,,3.0,3.0
5937887872805384969-2608170512-12,7300,2608170548.0,,5,,S,,Stuttgart Hbf|Stuttgart-Bad Cannstatt|Stuttgart Nürnberger Str.|Stuttgart-Sommerrain|Fellbach|Waiblingen|Neustadt-Hohenacker|Schwaikheim|Winnenden|Nellmersbach|Maubach,8000016,Backnang,Baden-Württemberg,Backnang,71522,9.425986107,48.94264844,3,2608170549.0,,,,,,,,,,,,,1.0,0.0
3594080663429713452-2608170503-1,7403,,2608170503.0,,,S,S4,,8000016,Backnang,Baden-Württemberg,Backnang,71522,9.425986107,48.94264844,3,,,2608170503.0,,h,1.0,Bauarbeiten,,,,,,,0.0,0.0
-5152190475701295737-2608170533-6,7405,2608170557.0,2608170557.0,2,,S,S4,Backnang|Burgstall(Murr)|Kirchberg(Murr)|Erdmannhausen|Marbach(Neckar),8000873,Benningen (Neckar),Baden-Württemberg,Benningen am Neckar,71726,9.244299075,48.94379773,5,2608170557.0,,2608170558.0,,h,1.0,Bauarbeiten,,,,,,,0.0,1.0
3594080663429713452-2608170503-6,7403,2608170527.0,2608170527.0,2,,S,S4,Backnang|Burgstall(Murr)|Kirchberg(Murr)|Erdmannhausen|Marbach(Neckar),8000873,Benningen (Neckar),Baden-Württemberg,Benningen am Neckar,71726,9.244299075,48.94379773,5,2608170527.0,,2608170528.0,,h,1.0,Bauarbeiten,,,,,,,0.0,1.0
-4339967412658663229-2608170533-6,7205,2608170545.0,2608170545.0,2,,S,S2,Schorndorf|Weiler(Rems)|Winterbach(b Schorndorf)|Geradstetten|Grunbach,8000934,Beutelsbach,Baden-Württemberg,Weinstadt,71384,9.38551589,48.81038925,5,2608170545.0,,2608170545.0,,h,1.0,Bauarbeiten,,,,,,,0.0,0.0
5958072436106014503-2608170520-10,7200,2608170543.0,2608170543.0,1,,S,S2,Stuttgart Hbf|Stuttgart-Bad Cannstatt|Stuttgart Nürnberger Str.|Stuttgart-Sommerrain|Fellbach|Waiblingen|Rommelshausen|Stetten-Beinstein|Endersbach,8000934,Beutelsbach,Baden-Württemberg,Weinstadt,71384,9.38551589,48.81038925,5,2608170545.0,,2608170546.0,,h,1.0,Bauarbeiten,,,,,,,2.0,3.0
7239447269276523252-2608170503-6,7203,2608170515.0,2608170515.0,2,,S,S2,Schorndorf|Weiler(Rems)|Winterbach(b Schorndorf)|Geradstetten|Grunbach,8000934,Beutelsbach,Baden-Württemberg,Weinstadt,71384,9.38551589,48.81038925,5,2608170515.0,,2608170515.0,,h,1.0,Bauarbeiten,,,,,,,0.0,0.0
-7724090838243756522-2608170438-12,19543,2608170514.0,,3,,RE,,Pforzheim Hbf|Eutingen(Baden)|Niefern|Enzberg|Mühlacker|Mühlacker Rößlesweg|Illingen(Württ)|Vaihingen(Enz)|Sersheim|Sachsenheim|Ellental,8000038,Bietigheim-Bissingen,Baden-Württemberg,Bietigheim-Bissingen,74321,9.137217396,48.94794988,2,,,,,h,2.0,Information,,,,,c,,0.0,0.0
-8964161720775084233-2608170507-1,7503,,2608170507.0,,,S,S5,,8000038,Bietigheim-Bissingen,Baden-Württemberg,Bietigheim-Bissingen,74321,9.137217396,48.94794988,2,,,2608170507.0,6.0,,,,,,,,,,0.0,0.0
9073812697963658212-2608170504-1,19540,,2608170504.0,,,RE,MEX17,,8000038,Bietigheim-Bissingen,Baden-Württemberg,Bietigheim-Bissingen,74321,9.137217396,48.94794988,2,,,2608170504.0,7.0,h,2.0,Information,,,,,,,0.0,0.0
7314216531638087218-2608170457-8,7500,2608170524.0,,5,,S,,Stuttgart Hbf|Stuttgart Nordbahnhof|Stuttgart-Zuffenhausen|Kornwestheim Pbf|Ludwigsburg|Asperg|Tamm(Württ),8000038,Bietigheim-Bissingen,Baden-Württemberg,Bietigheim-Bissingen,74321,9.137217396,48.94794988,2,2608170527.0,6.0,,,,,,,,,,,,3.0,0.0
5019299385590866360-2608170537-1,7505,,2608170537.0,,,S,S5,,8000038,Bietigheim-Bissingen,Baden-Württemberg,Bietigheim-Bissingen,74321,9.137217396,48.94794988,2,,,2608170537.0,6.0,,,,,,,,,,0.0,0.0
7415141918952771212-2608170527-8,7502,2608170554.0,,6,,S,,Stuttgart Hbf|Stuttgart Nordbahnhof|Stuttgart-Zuffenhausen|Kornwestheim Pbf|Ludwigsburg|Asperg|Tamm(Württ),8000038,Bietigheim-Bissingen,Baden-Württemberg,Bietigheim-Bissingen,74321,9.137217396,48.94794988,2,2608170554.0,,,,,,,,,,,,,0.0,0.0
4364995762712112167-2608170510-12,19501,2608170550.0,,,,RE,,Pforzheim Hbf|Eutingen(Baden)|Niefern|Enzberg|Mühlacker|Mühlacker Rößlesweg|Illingen(Württ)|Vaihingen(Enz)|Sersheim|Sachsenheim|Ellental,8000038,Bietigheim-Bissingen,Baden-Württemberg,Bietigheim-Bissingen,74321,9.137217396,48.94794988,2,2608170551.0,9.0,,,h,2.0,Information,,,,,,,1.0,0.0
5257769799311921186-2608170514-3,19542,2608170531.0,2608170532.0,7,,RE,MEX17,Stuttgart Hbf|Ludwigsburg,8000038,Bietigheim-Bissingen,Baden-Württemberg,Bietigheim-Bissingen,74321,9.137217396,48.94794988,2,,,,,h,2.0,Information,,,,,c,c,0.0,0.0
3363962381041340479-2608170534-1,7003,,2608170534.0,,,S,S60,,8001055,Böblingen,Baden-Württemberg,Böblingen,71034,9.004531864,48.68784871,3,,,2608170534.0,,h,1.0,Bauarbeiten,,,,,,,0.0,0.0
-2302755521633165327-2608170511-15,7004,2608170556.0,,5,,S,,Stuttgart-Zuffenhausen|Neuwirtshaus(Porscheplatz)|Korntal|Weilimdorf|Ditzingen|Höfingen|Leonberg|Rutesheim|Renningen|Renningen Süd|Magstadt|Maichingen Nord|Maichingen|Sindelfingen,8001055,Böblingen,Baden-Württemberg,Böblingen,71034,9.004531864,48.68784871,3,2608170556.0,,,,h,1.0,Bauarbeiten,,,,,,,0.0,0.0
-4311433345129805175-2608170533-1,28466,,2608170533.0,,,RE,RESB,,8001055,Böblingen,Baden-Württemberg,Böblingen,71034,9.004531864,48.68784871,3,,,2608170535.0,,,,,,,,,,,0.0,2.0
-1097970535552752096-2608170446-6,7702,2608170500.0,2608170500.0,3,,S,S1,Herrenberg|Nufringen|Gärtringen|Ehningen(b Böblingen)|Hulb,8001055,Böblingen,Baden-Württemberg,Böblingen,71034,9.004531864,48.68784871,3,2608170500.0,,2608170501.0,,,,,,,,,,,0.0,1.0
-4514707991232065186-2608170516-4,7701,2608170530.0,2608170530.0,4,,S,S1,Stuttgart-Vaihingen|Stuttgart-Rohr|Goldberg(Württ),8001055,Böblingen,Baden-Württemberg,Böblingen,71034,9.004531864,48.68784871,3,2608170532.0,,2608170533.0,,,,,,,,,,,2.0,3.0
1266346627314198574-2608170447-7,17604,2608170520.0,2608170521.0,2,,RE,RE14a,Horb|Eutingen im Gäu|Ergenzingen|Bondorf(b Herrenberg)|Gäufelden|Herrenberg,8001055,Böblingen,Baden-Württemberg,Böblingen,71034,9.004531864,48.68784871,3,2608170520.0,,2608170521.0,,h,2.0,Bauarbeiten,,,,,,,0.0,0.0
2884405162672083910-2608170441-15,7002,2608170526.0,,5,,S,,Stuttgart-Zuffenhausen|Neuwirtshaus(Porscheplatz)|Korntal|Weilimdorf|Ditzingen|Höfingen|Leonberg|Rutesheim|Renningen|Renningen Süd|Magstadt|Maichingen Nord|Maichingen|Sindelfingen,8001055,Böblingen,Baden-Württemberg,Böblingen,71034,9.004531864,48.68784871,3,2608170527.0,,,,h,1.0,Bauarbeiten,,,,,,,1.0,0.0
-7178872726415890131-2608170458-3,17611,2608170521.0,2608170522.0,5,,RE,RE14a,Stuttgart Hbf|Stuttgart-Vaihingen,8001055,Böblingen,Baden-Württemberg,Böblingen,71034,9.004531864,48.68784871,3,2608170523.0,,2608170525.0,,h,2.0,Bauarbeiten,,,,,,,2.0,3.0
319624839717573990-2608170504-1,7001,,2608170504.0,,,S,S60,,8001055,Böblingen,Baden-Württemberg,Böblingen,71034,9.004531864,48.68784871,3,,,2608170504.0,,h,1.0,Bauarbeiten,,,,,,,0.0,0.0
-8466401007223727536-2608170535-1,8044,,2608170535.0,,,WEG,RB46,,8001055,Böblingen,Baden-Württemberg,Böblingen,71034,9.004531864,48.68784871,3,,,2608170535.0,,,,,,,,,,,0.0,0.0
2111521280070226627-2608170532-12,8045,2608170555.0,,1,,WEG,,Dettenhausen|Weil im Schönbuch Untere Halde|Weil im Schönbuch Röte|Weil im Schönbuch Troppel|Holzgerlingen Buch|Holzgerlingen Bf|Holzgerlingen Hülben|Böblingen Zimmerschlag|Böblingen Heusteigstr|Böblingen Südbf|Böblingen Danziger Str,8001055,Böblingen,Baden-Württemberg,Böblingen,71034,9.004531864,48.68784871,3,2608170557.0,,,,,,,,,,,,,2.0,0.0
1386728019500631224-2608170502-12,8041,2608170525.0,,1,,WEG,,Dettenhausen|Weil im Schönbuch Untere Halde|Weil im Schönbuch Röte|Weil im Schönbuch Troppel|Holzgerlingen Buch|Holzgerlingen Bf|Holzgerlingen Hülben|Böblingen Zimmerschlag|Böblingen Heusteigstr|Böblingen Südbf|Böblingen Danziger Str,8001055,Böblingen,Baden-Württemberg,Böblingen,71034,9.004531864,48.68784871,3,2608170527.0,,,,,,,,,,,,,2.0,0.0
-3523097606434012968-2608170503-3,28467,2608170526.0,,2,,RE,,Stuttgart Hbf|Stuttgart-Vaihingen,8001055,Böblingen,Baden-Württemberg,Böblingen,71034,9.004531864,48.68784871,3,2608170529.0,,,,,,,,,,,,,3.0,0.0
-2405166093230194339-2608170516-6,7704,2608170530.0,2608170530.0,3,,S,S1,Herrenberg|Nufringen|Gärtringen|Ehningen(b Böblingen)|Hulb,8001055,Böblingen,Baden-Württemberg,Böblingen,71034,9.004531864,48.68784871,3,2608170531.0,,2608170532.0,,,,,,,,,,,1.0,2.0
-5152190475701295737-2608170533-2,7405,2608170537.0,2608170538.0,1,,S,S4,Backnang,8001296,Burgstall (Murr),Baden-Württemberg,Burgstetten,71576,9.36973562,48.92851826,6,2608170538.0,,2608170538.0,,h,1.0,Bauarbeiten,,,,,,,1.0,0.0
3594080663429713452-2608170503-2,7403,2608170507.0,2608170508.0,1,,S,S4,Backnang,8001296,Burgstall (Murr),Baden-Württemberg,Burgstetten,71576,9.36973562,48.92851826,6,2608170507.0,,2608170508.0,,h,1.0,Bauarbeiten,,,,,,,0.0,0.0
8966049452247091565-2608170541-5,7006,2608170551.0,2608170551.0,2,,S,S60,Stuttgart-Zuffenhausen|Neuwirtshaus(Porscheplatz)|Korntal|Weilimdorf,8001476,Ditzingen,Baden-Württemberg,Ditzingen,71254,9.067095186,48.82358726,4,2608170551.0,,2608170551.0,,h,1.0,Bauarbeiten,,,,,,,0.0,0.0
-4340175269954214957-2608170525-6,7600,2608170536.0,2608170536.0,2,,S,S6,Stuttgart-Feuerbach|Stuttgart-Zuffenhausen|Neuwirtshaus(Porscheplatz)|Korntal|Weilimdorf,8001476,Ditzingen,Baden-Württemberg,Ditzingen,71254,9.067095186,48.82358726,4,2608170536.0,,2608170536.0,,h,1.0,Bauarbeiten,,,,,,,0.0,0.0
-2302755521633165327-2608170511-5,7004,2608170521.0,2608170521.0,2,,S,S60,Stuttgart-Zuffenhausen|Neuwirtshaus(Porscheplatz)|Korntal|Weilimdorf,8001476,Ditzingen,Baden-Württemberg,Ditzingen,71254,9.067095186,48.82358726,4,2608170521.0,,2608170521.0,,h,1.0,Bauarbeiten,,,,,,,0.0,0.0
-6199987628200262080-2608170533-7,7605,2608170554.0,2608170554.0,3,,S,S6,Weil der Stadt|Malmsheim|Renningen|Rutesheim|Leonberg|Höfingen,8001476,Ditzingen,Baden-Württemberg,Ditzingen,71254,9.067095186,48.82358726,4,2608170554.0,,2608170554.0,,h,1.0,Bauarbeiten,,,,,,,0.0,0.0
-6907385007682035819-2608170503-7,7603,2608170524.0,2608170524.0,3,,S,S6,Weil der Stadt|Malmsheim|Renningen|Rutesheim|Leonberg|Höfingen,8001476,Ditzingen,Baden-Württemberg,Ditzingen,71254,9.067095186,48.82358726,4,2608170524.0,,2608170524.0,,h,1.0,Bauarbeiten,,,,,,,0.0,0.0
319624839717573990-2608170504-11,7001,2608170539.0,2608170539.0,3,,S,S60,Böblingen|Sindelfingen|Maichingen|Maichingen Nord|Magstadt|Renningen Süd|Renningen|Rutesheim|Leonberg|Höfingen,8001476,Ditzingen,Baden-Württemberg,Ditzingen,71254,9.067095186,48.82358726,4,2608170539.0,,2608170539.0,,h,1.0,Bauarbeiten,,,,,,,0.0,0.0
7386663596761635454-2608170533-3,7902,2608170540.0,2608170540.0,2,,S,S2,Filderstadt|Stuttgart Flughafen/Messe,8001650,Echterdingen,Baden-Württemberg,Echterdingen,70771,9.169307175,48.69214787,4,2608170540.0,,2608170540.0,,,,,,,,,,,0.0,0.0
3518429446344899643-2608170505-5,7901,2608170519.0,2608170520.0,1,,S,S2,Stuttgart-Vaihingen|Stuttgart-Rohr|Oberaichen|Leinfelden,8001650,Echterdingen,Baden-Württemberg,Echterdingen,70771,9.169307175,48.69214787,4,2608170519.0,,2608170520.0,,,,,,,,,,,0.0,0.0
8721469626637288760-2608170503-3,7900,2608170510.0,2608170510.0,2,,S,S2,Filderstadt|Stuttgart Flughafen/Messe,8001650,Echterdingen,Baden-Württemberg,Echterdingen,70771,9.169307175,48.69214787,4,2608170510.0,,2608170510.0,,,,,,,,,,,0.0,0.0
-6993381527625991996-2608170535-5,7903,2608170549.0,2608170550.0,1,,S,S2,Stuttgart-Vaihingen|Stuttgart-Rohr|Oberaichen|Leinfelden,8001650,Echterdingen,Baden-Württemberg,Echterdingen,70771,9.169307175,48.69214787,4,2608170549.0,,2608170551.0,,,,,,,,,,,0.0,1.0
-4514707991232065186-2608170516-6,7701,2608170535.0,2608170535.0,2,,S,S1,Stuttgart-Vaihingen|Stuttgart-Rohr|Goldberg(Württ)|Böblingen|Hulb,8001689,Ehningen (b Böblingen),Baden-Württemberg,Ehningen,71139,8.944310368,48.66275549,4,2608170537.0,,2608170538.0,,,,,,,,,,,2.0,3.0
-2405166093230194339-2608170516-4,7704,2608170525.0,2608170525.0,1,,S,S1,Herrenberg|Nufringen|Gärtringen,8001689,Ehningen (b Böblingen),Baden-Württemberg,Ehningen,71139,8.944310368,48.66275549,4,2608170525.0,,2608170526.0,,,,,,,,,,,0.0,1.0
239390452411476308-2608170546-4,7706,2608170555.0,2608170555.0,1,,S,S1,Herrenberg|Nufringen|Gärtringen,8001689,Ehningen (b Böblingen),Baden-Württemberg,Ehningen,71139,8.944310368,48.66275549,4,2608170555.0,,2608170556.0,,,,,,,,,,,0.0,1.0
-4339967412658663229-2608170533-7,7205,2608170547.0,2608170547.0,3,,S,S2,Schorndorf|Weiler(Rems)|Winterbach(b Schorndorf)|Geradstetten|Grunbach|Beutelsbach,8001785,Endersbach,Baden-Württemberg,Weinstadt,71384,9.370192421,48.81317323,4,2608170547.0,,2608170547.0,,h,1.0,Bauarbeiten,,,,,,,0.0,0.0
5958072436106014503-2608170520-9,7200,2608170541.0,2608170541.0,2,,S,S2,Stuttgart Hbf|Stuttgart-Bad Cannstatt|Stuttgart Nürnberger Str.|Stuttgart-Sommerrain|Fellbach|Waiblingen|Rommelshausen|Stetten-Beinstein,8001785,Endersbach,Baden-Württemberg,Weinstadt,71384,9.370192421,48.81317323,4,2608170543.0,,2608170544.0,,h,1.0,Bauarbeiten,,,,,,,2.0,3.0
7239447269276523252-2608170503-7,7203,2608170517.0,2608170517.0,3,,S,S2,Schorndorf|Weiler(Rems)|Winterbach(b Schorndorf)|Geradstetten|Grunbach|Beutelsbach,8001785,Endersbach,Baden-Württemberg,Weinstadt,71384,9.370192421,48.81317323,4,2608170517.0,,2608170517.0,,h,1.0,Bauarbeiten,,,,,,,0.0,0.0
-5152190475701295737-2608170533-4,7405,2608170547.0,2608170548.0,1,,S,S4,Backnang|Burgstall(Murr)|Kirchberg(Murr),8001827,Erdmannhausen,Baden-Württemberg,Erdmannhausen,71729,9.298930848,48.9483447,6,2608170547.0,,2608170548.0,,h,1.0,Bauarbeiten,,,,,,,0.0,0.0
3594080663429713452-2608170503-4,7403,2608170517.0,2608170518.0,1,,S,S4,Backnang|Burgstall(Murr)|Kirchberg(Murr),8001827,Erdmannhausen,Baden-Württemberg,Erdmannhausen,71729,9.298930848,48.9483447,6,2608170518.0,,2608170518.0,,h,1.0,Bauarbeiten,,,,,,,1.0,0.0
2614533843794914291-2608170448-14,19110,2608170540.0,2608170540.0,3,,ARV,16,Geislingen(Steige)|Geislingen(Steige)West|Kuchen|Gingen(Fils)|Süßen|Salach|Eislingen(Fils)|Göppingen|Faurndau|Uhingen|Ebersbach(Fils)|Reichenbach(Fils)|Plochingen,8001920,Esslingen (Neckar),Baden-Württemberg,Esslingen am Neckar,73728,9.300578149,48.73854148,3,2608170540.0,,2608170540.0,,,,,,,,,,,0.0,0.0
-4047300976278874353-2608170426-8,19206,2608170507.0,2608170508.0,3,,RE,MEX12,Reutlingen Hbf|Metzingen(Württ)|Bempflingen|Nürtingen|Oberboihingen|Wendlingen(Neckar)|Plochingen,8001920,Esslingen (Neckar),Baden-Württemberg,Esslingen am Neckar,73728,9.300578149,48.73854148,3,2608170507.0,,2608170509.0,,h,2.0,Bauarbeiten,,,,,,,0.0,1.0
2163748464943291214-2608170544-3,19261,2608170557.0,2608170558.0,5,,RE,MEX12,Stuttgart Hbf|Stuttgart-Bad Cannstatt,8001920,Esslingen (Neckar),Baden-Württemberg,Esslingen am Neckar,73728,9.300578149,48.73854148,3,2608170558.0,8.0,2608170559.0,8.0,h,2.0,Bauarbeiten,,,,,,,1.0,1.0
-4550115281200084116-2608170450-9,7103,2608170517.0,2608170517.0,7,,S,S1,Kirchheim(Teck)|Kirchheim(Teck)-Ötlingen|Wendlingen(Neckar)|Wernau(Neckar)|Plochingen|Altbach|Esslingen-Zell|Oberesslingen,8001920,Esslingen (Neckar),Baden-Württemberg,Esslingen am Neckar,73728,9.300578149,48.73854148,3,2608170519.0,,2608170520.0,,,,,,,,,,,2.0,3.0
6010727060851194349-2608170504-4,56710,2608170534.0,2608170535.0,6,,RE,MEX18,Ludwigsburg|Stuttgart Hbf|Stuttgart-Bad Cannstatt,8001920,Esslingen (Neckar),Baden-Württemberg,Esslingen am Neckar,73728,9.300578149,48.73854148,3,2608170541.0,5.0,2608170542.0,5.0,c,,,,,,,,,7.0,7.0
-8461394189732940268-2608170539-2,4243,2608170548.0,2608170548.0,5,,RE,RE5,Stuttgart Hbf,8001920,Esslingen (Neckar),Baden-Württemberg,Esslingen am Neckar,73728,9.300578149,48.73854148,3,2608170550.0,,2608170551.0,,h,2.0,Störung,,,,,,,2.0,3.0
9164848740577760883-2608170525-7,7102,2608170542.0,2608170543.0,8,,S,S1,Stuttgart Hbf|Stuttgart-Bad Cannstatt|Stuttgart Neckarpark|Stuttgart-Untertürkheim|Stuttgart-Obertürkheim|Esslingen-Mettingen,8001920,Esslingen (Neckar),Baden-Württemberg,Esslingen am Neckar,73728,9.300578149,48.73854148,3,2608170542.0,,2608170543.0,,,,,,,,,,,0.0,0.0
2346637743610993471-2608170504-3,19111,2608170514.0,2608170515.0,5,,ARV,16,Stuttgart Hbf|Stuttgart-Bad Cannstatt,8001920,Esslingen (Neckar),Baden-Württemberg,Esslingen am Neckar,73728,9.300578149,48.73854148,3,2608170515.0,,2608170516.0,,,,,,,,,,,1.0,1.0
8431153246129764034-2608170520-9,7105,2608170547.0,2608170547.0,7,,S,S1,Kirchheim(Teck)|Kirchheim(Teck)-Ötlingen|Wendlingen(Neckar)|Wernau(Neckar)|Plochingen|Altbach|Esslingen-Zell|Oberesslingen,8001920,Esslingen (Neckar),Baden-Württemberg,Esslingen am Neckar,73728,9.300578149,48.73854148,3,2608170548.0,,2608170548.0,,,,,,,,,,,1.0,1.0
-8069886172973832084-2608170516-8,19208,2608170554.0,2608170554.0,3,,RE,MEX12,Reutlingen Hbf|Metzingen(Württ)|Bempflingen|Nürtingen|Oberboihingen|Wendlingen(Neckar)|Plochingen,8001920,Esslingen (Neckar),Baden-Württemberg,Esslingen am Neckar,73728,9.300578149,48.73854148,3,2608170555.0,,2608170556.0,,h,2.0,Bauarbeiten,,,,,,,1.0,2.0
654435539764386713-2608170536-3,19113,2608170546.0,2608170554.0,2,,ARV,16,Stuttgart Hbf|Stuttgart-Bad Cannstatt,8001920,Esslingen (Neckar),Baden-Württemberg,Esslingen am Neckar,73728,9.300578149,48.73854148,3,2608170548.0,6.0,2608170555.0,6.0,,,,,,,,,,2.0,1.0
-2447356391623694549-2608170414-14,19108,2608170503.0,2608170504.0,3,,ARV,16,Geislingen(Steige)|Geislingen(Steige)West|Kuchen|Gingen(Fils)|Süßen|Salach|Eislingen(Fils)|Göppingen|Faurndau|Uhingen|Ebersbach(Fils)|Reichenbach(Fils)|Plochingen,8001920,Esslingen (Neckar),Baden-Württemberg,Esslingen am Neckar,73728,9.300578149,48.73854148,3,2608170512.0,,2608170513.0,,,,,,,,,c,c,9.0,9.0
-4550115281200084116-2608170450-10,7103,2608170519.0,2608170520.0,3,,S,S1,Kirchheim(Teck)|Kirchheim(Teck)-Ötlingen|Wendlingen(Neckar)|Wernau(Neckar)|Plochingen|Altbach|Esslingen-Zell|Oberesslingen|Esslingen(Neckar),8001921,Esslingen-Mettingen,Baden-Württemberg,Esslingen am Neckar,73733,9.275799007,48.74696655,3,2608170521.0,,2608170522.0,,,,,,,,,,,2.0,2.0
9164848740577760883-2608170525-6,7102,2608170539.0,2608170539.0,4,,S,S1,Stuttgart Hbf|Stuttgart-Bad Cannstatt|Stuttgart Neckarpark|Stuttgart-Untertürkheim|Stuttgart-Obertürkheim,8001921,Esslingen-Mettingen,Baden-Württemberg,Esslingen am Neckar,73733,9.275799007,48.74696655,3,2608170540.0,,2608170541.0,,,,,,,,,,,1.0,2.0
8431153246129764034-2608170520-10,7105,2608170549.0,2608170550.0,3,,S,S1,Kirchheim(Teck)|Kirchheim(Teck)-Ötlingen|Wendlingen(Neckar)|Wernau(Neckar)|Plochingen|Altbach|Esslingen-Zell|Oberesslingen|Esslingen(Neckar),8001921,Esslingen-Mettingen,Baden-Württemberg,Esslingen am Neckar,73733,9.275799007,48.74696655,3,2608170550.0,,2608170551.0,,,,,,,,,,,1.0,1.0
-4550115281200084116-2608170450-7,7103,2608170512.0,2608170512.0,3,,S,S1,Kirchheim(Teck)|Kirchheim(Teck)-Ötlingen|Wendlingen(Neckar)|Wernau(Neckar)|Plochingen|Altbach,8006642,Esslingen-Zell,Baden-Württemberg,Esslingen am Neckar,73730,9.359739507,48.72436142,3,2608170514.0,,2608170515.0,,,,,,,,,,,2.0,3.0
9164848740577760883-2608170525-9,7102,2608170547.0,2608170548.0,4,,S,S1,Stuttgart Hbf|Stuttgart-Bad Cannstatt|Stuttgart Neckarpark|Stuttgart-Untertürkheim|Stuttgart-Obertürkheim|Esslingen-Mettingen|Esslingen(Neckar)|Oberesslingen,8006642,Esslingen-Zell,Baden-Württemberg,Esslingen am Neckar,73730,9.359739507,48.72436142,3,2608170547.0,,2608170548.0,,,,,,,,,,,0.0,0.0
8431153246129764034-2608170520-7,7105,2608170542.0,2608170542.0,3,,S,S1,Kirchheim(Teck)|Kirchheim(Teck)-Ötlingen|Wendlingen(Neckar)|Wernau(Neckar)|Plochingen|Altbach,8006642,Esslingen-Zell,Baden-Württemberg,Esslingen am Neckar,73730,9.359739507,48.72436142,3,2608170542.0,,2608170543.0,,,,,,,,,,,0.0,1.0
877764178362168784-2608170537-6,7400,2608170556.0,2608170556.0,1,,S,S4,Stuttgart Hbf|Stuttgart Nordbahnhof|Stuttgart-Zuffenhausen|Kornwestheim Pbf|Ludwigsburg,8001967,Favoritepark,Baden-Württemberg,Ludwigsburg,71634,9.180574277,48.90948451,5,2608170556.0,,2608170557.0,,,,,,,,,,,0.0,1.0
4059477772738430465-2608170455-4,7401,2608170503.0,2608170504.0,2,,S,S4,Marbach(Neckar)|Benningen(Neckar)|Freiberg(Neckar),8001967,Favoritepark,Baden-Württemberg,Ludwigsburg,71634,9.180574277,48.90948451,5,2608170503.0,,2608170504.0,,,,,,,,,,,0.0,0.0
3594080663429713452-2608170503-8,7403,2608170533.0,2608170534.0,2,,S,S4,Backnang|Burgstall(Murr)|Kirchberg(Murr)|Erdmannhausen|Marbach(Neckar)|Benningen(Neckar)|Freiberg(Neckar),8001967,Favoritepark,Baden-Württemberg,Ludwigsburg,71634,9.180574277,48.90948451,5,2608170533.0,,2608170535.0,,h,1.0,Bauarbeiten,,,,,,,0.0,1.0
9202194719412611846-2608170511-8,7303,2608170532.0,2608170533.0,4,,S,S3,Backnang|Maubach|Nellmersbach|Winnenden|Schwaikheim|Neustadt-Hohenacker|Waiblingen,8001974,Fellbach,Baden-Württemberg,Fellbach,70736,9.270645988,48.8202936,3,2608170532.0,,2608170533.0,,,,,,,,,,,0.0,0.0
-4339967412658663229-2608170533-11,7205,2608170557.0,2608170558.0,4,,S,S2,Schorndorf|Weiler(Rems)|Winterbach(b Schorndorf)|Geradstetten|Grunbach|Beutelsbach|Endersbach|Stetten-Beinstein|Rommelshausen|Waiblingen,8001974,Fellbach,Baden-Württemberg,Fellbach,70736,9.270645988,48.8202936,3,2608170557.0,,2608170558.0,,h,1.0,Bauarbeiten,,,,,,,0.0,0.0
8242933012542256606-2608170441-8,7301,2608170502.0,2608170503.0,4,,S,S3,Backnang|Maubach|Nellmersbach|Winnenden|Schwaikheim|Neustadt-Hohenacker|Waiblingen,8001974,Fellbach,Baden-Württemberg,Fellbach,70736,9.270645988,48.8202936,3,2608170502.0,,2608170503.0,,,,,,,,,,,0.0,0.0
5958072436106014503-2608170520-5,7200,2608170531.0,2608170532.0,1,,S,S2,Stuttgart Hbf|Stuttgart-Bad Cannstatt|Stuttgart Nürnberger Str.|Stuttgart-Sommerrain,8001974,Fellbach,Baden-Württemberg,Fellbach,70736,9.270645988,48.8202936,3,2608170533.0,,2608170534.0,,h,1.0,Bauarbeiten,,,,,,,2.0,2.0
5937887872805384969-2608170512-5,7300,2608170526.0,2608170527.0,1,,S,S3,Stuttgart Hbf|Stuttgart-Bad Cannstatt|Stuttgart Nürnberger Str.|Stuttgart-Sommerrain,8001974,Fellbach,Baden-Württemberg,Fellbach,70736,9.270645988,48.8202936,3,2608170527.0,,2608170528.0,,,,,,,,,,,1.0,1.0
-2119284905102487164-2608170542-5,7302,2608170556.0,2608170557.0,1,,S,S3,Stuttgart Hbf|Stuttgart-Bad Cannstatt|Stuttgart Nürnberger Str.|Stuttgart-Sommerrain,8001974,Fellbach,Baden-Württemberg,Fellbach,70736,9.270645988,48.8202936,3,2608170556.0,,2608170557.0,,,,,,,,,,,0.0,0.0
7239447269276523252-2608170503-11,7203,2608170527.0,2608170528.0,4,,S,S2,Schorndorf|Weiler(Rems)|Winterbach(b Schorndorf)|Geradstetten|Grunbach|Beutelsbach|Endersbach|Stetten-Beinstein|Rommelshausen|Waiblingen,8001974,Fellbach,Baden-Württemberg,Fellbach,70736,9.270645988,48.8202936,3,2608170527.0,,2608170528.0,,h,1.0,Bauarbeiten,,,,,,,0.0,0.0
7386663596761635454-2608170533-2,7902,2608170537.0,2608170538.0,2,,S,S2,Filderstadt,8005768,Stuttgart Flughafen/Messe,Baden-Württemberg,Leinfelden-Echterdingen,70629,9.193411574,48.69075193,4,2608170537.0,,2608170538.0,,,,,,,,,,,0.0,0.0
3518429446344899643-2608170505-6,7901,2608170522.0,2608170523.0,1,,S,S2,Stuttgart-Vaihingen|Stuttgart-Rohr|Oberaichen|Leinfelden|Echterdingen,8005768,Stuttgart Flughafen/Messe,Baden-Württemberg,Leinfelden-Echterdingen,70629,9.193411574,48.69075193,4,2608170522.0,,2608170523.0,,,,,,,,,,,0.0,0.0
8721469626637288760-2608170503-2,7900,2608170507.0,2608170508.0,2,,S,S2,Filderstadt,8005768,Stuttgart Flughafen/Messe,Baden-Württemberg,Leinfelden-Echterdingen,70629,9.193411574,48.69075193,4,2608170507.0,,2608170508.0,,,,,,,,,,,0.0,0.0
-6993381527625991996-2608170535-6,7903,2608170552.0,2608170553.0,1,,S,S2,Stuttgart-Vaihingen|Stuttgart-Rohr|Oberaichen|Leinfelden|Echterdingen,8005768,Stuttgart Flughafen/Messe,Baden-Württemberg,Leinfelden-Echterdingen,70629,9.193411574,48.69075193,4,2608170552.0,,2608170553.0,,,,,,,,,,,0.0,0.0
5345137375289338986-2608170449-6,28371,2608170501.0,,1,,S,,Stuttgart-Vaihingen|Stuttgart-Rohr|Oberaichen|Leinfelden|Echterdingen,8005768,Stuttgart Flughafen/Messe,Baden-Württemberg,Leinfelden-Echterdingen,70629,9.193411574,48.69075193,4,2608170501.0,,,,,,,,,,,,,0.0,0.0
877764178362168784-2608170537-7,7400,2608170559.0,2608170559.0,3,,S,S4,Stuttgart Hbf|Stuttgart Nordbahnhof|Stuttgart-Zuffenhausen|Kornwestheim Pbf|Ludwigsburg|Favoritepark,8002065,Freiberg (Neckar),Baden-Württemberg,Freiberg am Neckar,71691,9.197530085,48.92994974,5,2608170559.0,,2608170600.0,,,,,,,,,,,0.0,1.0
4059477772738430465-2608170455-3,7401,2608170500.0,2608170501.0,2,,S,S4,Marbach(Neckar)|Benningen(Neckar),8002065,Freiberg (Neckar),Baden-Württemberg,Freiberg am Neckar,71691,9.197530085,48.92994974,5,2608170500.0,,2608170501.0,,,,,,,,,,,0.0,0.0
3594080663429713452-2608170503-7,7403,2608170530.0,2608170531.0,2,,S,S4,Backnang|Burgstall(Murr)|Kirchberg(Murr)|Erdmannhausen|Marbach(Neckar)|Benningen(Neckar),8002065,Freiberg (Neckar),Baden-Württemberg,Freiberg am Neckar,71691,9.197530085,48.92994974,5,2608170531.0,,2608170531.0,,h,1.0,Bauarbeiten,,,,,,,1.0,0.0
-4514707991232065186-2608170516-7,7701,2608170538.0,2608170538.0,1,,S,S1,Stuttgart-Vaihingen|Stuttgart-Rohr|Goldberg(Württ)|Böblingen|Hulb|Ehningen(b Böblingen),8002165,Gärtringen,Baden-Württemberg,Gärtringen,71116,8.908864487,48.64080021,5,2608170541.0,,2608170541.0,,,,,,,,,,,3.0,3.0
-7178872726415890131-2608170458-4,17611,2608170527.0,2608170528.0,1,,RE,RE14a,Stuttgart Hbf|Stuttgart-Vaihingen|Böblingen,8002165,Gärtringen,Baden-Württemberg,Gärtringen,71116,8.908864487,48.64080021,5,2608170530.0,,2608170531.0,,h,2.0,Bauarbeiten,,,,,,,3.0,3.0
-2405166093230194339-2608170516-3,7704,2608170522.0,2608170522.0,2,,S,S1,Herrenberg|Nufringen,8002165,Gärtringen,Baden-Württemberg,Gärtringen,71116,8.908864487,48.64080021,5,2608170522.0,,2608170523.0,,,,,,,,,,,0.0,1.0
239390452411476308-2608170546-3,7706,2608170552.0,2608170552.0,2,,S,S1,Herrenberg|Nufringen,8002165,Gärtringen,Baden-Württemberg,Gärtringen,71116,8.908864487,48.64080021,5,2608170552.0,,2608170553.0,,,,,,,,,,,0.0,1.0
-4339967412658663229-2608170533-4,7205,2608170540.0,2608170541.0,1,,S,S2,Schorndorf|Weiler(Rems)|Winterbach(b Schorndorf),8002240,Geradstetten,Baden-Württemberg,Remshalden,73630,9.439522346,48.80527689,5,2608170540.0,,2608170541.0,,h,1.0,Bauarbeiten,,,,,,,0.0,0.0
5958072436106014503-2608170520-12,7200,2608170547.0,2608170547.0,2,,S,S2,Stuttgart Hbf|Stuttgart-Bad Cannstatt|Stuttgart Nürnberger Str.|Stuttgart-Sommerrain|Fellbach|Waiblingen|Rommelshausen|Stetten-Beinstein|Endersbach|Beutelsbach|Grunbach,8002240,Geradstetten,Baden-Württemberg,Remshalden,73630,9.439522346,48.80527689,5,2608170550.0,,2608170551.0,,h,1.0,Bauarbeiten,,,,,,,3.0,4.0
7239447269276523252-2608170503-4,7203,2608170510.0,2608170511.0,1,,S,S2,Schorndorf|Weiler(Rems)|Winterbach(b Schorndorf),8002240,Geradstetten,Baden-Württemberg,Remshalden,73630,9.439522346,48.80527689,5,2608170510.0,,2608170511.0,,h,1.0,Bauarbeiten,,,,,,,0.0,0.0
2671206728817285836-2608170546-3,7703,2608170558.0,2608170558.0,1,,S,S1,Stuttgart-Vaihingen|Stuttgart-Rohr,8005201,Goldberg,Baden-Württemberg,Böblingen,71032,9.019733387,48.69651581,5,2608170558.0,,2608170558.0,,,,,,,,,,,0.0,0.0
-1097970535552752096-2608170446-7,7702,2608170502.0,2608170502.0,2,,S,S1,Herrenberg|Nufringen|Gärtringen|Ehningen(b Böblingen)|Hulb|Böblingen,8005201,Goldberg,Baden-Württemberg,Böblingen,71032,9.019733387,48.69651581,5,2608170503.0,,2608170503.0,,,,,,,,,,,1.0,1.0
-4514707991232065186-2608170516-3,7701,2608170528.0,2608170528.0,1,,S,S1,Stuttgart-Vaihingen|Stuttgart-Rohr,8005201,Goldberg,Baden-Württemberg,Böblingen,71032,9.019733387,48.69651581,5,2608170530.0,,2608170531.0,,,,,,,,,,,2.0,3.0
-2405166093230194339-2608170516-7,7704,2608170532.0,2608170532.0,2,,S,S1,Herrenberg|Nufringen|Gärtringen|Ehningen(b Böblingen)|Hulb|Böblingen,8005201,Goldberg,Baden-Württemberg,Böblingen,71032,9.019733387,48.69651581,5,2608170533.0,,2608170534.0,,,,,,,,,,,1.0,2.0
-4339967412658663229-2608170533-5,7205,2608170542.0,2608170543.0,2,,S,S2,Schorndorf|Weiler(Rems)|Winterbach(b Schorndorf)|Geradstetten,8002448,Grunbach,Baden-Württemberg,Remshalden,73630,9.419580601,48.810414,4,2608170542.0,,2608170543.0,,h,1.0,Bauarbeiten,,,,,,,0.0,0.0
5958072436106014503-2608170520-11,7200,2608170545.0,2608170545.0,3,,S,S2,Stuttgart Hbf|Stuttgart-Bad Cannstatt|Stuttgart Nürnberger Str.|Stuttgart-Sommerrain|Fellbach|Waiblingen|Rommelshausen|Stetten-Beinstein|Endersbach|Beutelsbach,8002448,Grunbach,Baden-Württemberg,Remshalden,73630,9.419580601,48.810414,4,2608170548.0,,2608170549.0,,h,1.0,Bauarbeiten,,,,,,,3.0,4.0
7239447269276523252-2608170503-5,7203,2608170512.0,2608170513.0,2,,S,S2,Schorndorf|Weiler(Rems)|Winterbach(b Schorndorf)|Geradstetten,8002448,Grunbach,Baden-Württemberg,Remshalden,73630,9.419580601,48.810414,4,2608170512.0,,2608170513.0,,h,1.0,Bauarbeiten,,,,,,,0.0,0.0
5592363954817092251-2608170511-10,22711,2608170541.0,,102,,RB,,Tübingen Hbf|Tübingen West|Unterjesingen Sandäcker|Unterjesingen Mitte|Pfäffingen|Entringen|Altingen(Württ)|Gültstein|Herrenberg Zwerchweg,8002785,Herrenberg,Baden-Württemberg,Herrenberg,71083,8.862625253,48.59395697,3,2608170541.0,,,,,,,,,,,,,0.0,0.0
-4514707991232065186-2608170516-9,7701,2608170545.0,,3,,S,,Stuttgart-Vaihingen|Stuttgart-Rohr|Goldberg(Württ)|Böblingen|Hulb|Ehningen(b Böblingen)|Gärtringen|Nufringen,8002785,Herrenberg,Baden-Württemberg,Herrenberg,71083,8.862625253,48.59395697,3,2608170548.0,,,,,,,,,,,,,3.0,0.0
1266346627314198574-2608170447-6,17604,2608170510.0,2608170511.0,1,,RE,RE14a,Horb|Eutingen im Gäu|Ergenzingen|Bondorf(b Herrenberg)|Gäufelden,8002785,Herrenberg,Baden-Württemberg,Herrenberg,71083,8.862625253,48.59395697,3,2608170510.0,,2608170511.0,,h,2.0,Bauarbeiten,,,,,,,0.0,0.0
-7178872726415890131-2608170458-5,17611,2608170533.0,2608170535.0,4,,RE,RE14a,Stuttgart Hbf|Stuttgart-Vaihingen|Böblingen|Gärtringen,8002785,Herrenberg,Baden-Württemberg,Herrenberg,71083,8.862625253,48.59395697,3,2608170535.0,,2608170536.0,,h,2.0,Bauarbeiten,,,,,,,2.0,1.0
1420481820375018781-2608170549-1,17607,,2608170549.0,,,RB,RB14a,,8002785,Herrenberg,Baden-Württemberg,Herrenberg,71083,8.862625253,48.59395697,3,,,2608170555.0,,,,,,,,,,,0.0,6.0
-2405166093230194339-2608170516-1,7704,,2608170516.0,,,S,S1,,8002785,Herrenberg,Baden-Württemberg,Herrenberg,71083,8.862625253,48.59395697,3,,,2608170516.0,,,,,,,,,,,0.0,0.0
239390452411476308-2608170546-1,7706,,2608170546.0,,,S,S1,,8002785,Herrenberg,Baden-Württemberg,Herrenberg,71083,8.862625253,48.59395697,3,,,2608170546.0,,,,,,,,,,,0.0,0.0
6952680132495222525-2608170517-6,17606,2608170540.0,,101,,RB,,Horb|Eutingen im Gäu|Ergenzingen|Bondorf(b Herrenberg)|Gäufelden,8002785,Herrenberg,Baden-Württemberg,Herrenberg,71083,8.862625253,48.59395697,3,2608170542.0,,,,,,,,,,,,,2.0,0.0
4402092562189746466-2608170549-1,22710,,2608170549.0,,,RB,RB63,,8002785,Herrenberg,Baden-Württemberg,Herrenberg,71083,8.862625253,48.59395697,3,,,2608170549.0,,,,,,,,,,,0.0,0.0
8966049452247091565-2608170541-6,7006,2608170554.0,2608170554.0,2,,S,S60,Stuttgart-Zuffenhausen|Neuwirtshaus(Porscheplatz)|Korntal|Weilimdorf|Ditzingen,8002892,Höfingen,Baden-Württemberg,Leonberg,71229,9.026180834,48.81503436,5,2608170554.0,,2608170555.0,,h,1.0,Bauarbeiten,,,,,,,0.0,1.0
-4340175269954214957-2608170525-7,7600,2608170539.0,2608170539.0,2,,S,S6,Stuttgart-Feuerbach|Stuttgart-Zuffenhausen|Neuwirtshaus(Porscheplatz)|Korntal|Weilimdorf|Ditzingen,8002892,Höfingen,Baden-Württemberg,Leonberg,71229,9.026180834,48.81503436,5,2608170539.0,,2608170539.0,,h,1.0,Bauarbeiten,,,,,,,0.0,0.0
-2302755521633165327-2608170511-6,7004,2608170524.0,2608170524.0,2,,S,S60,Stuttgart-Zuffenhausen|Neuwirtshaus(Porscheplatz)|Korntal|Weilimdorf|Ditzingen,8002892,Höfingen,Baden-Württemberg,Leonberg,71229,9.026180834,48.81503436,5,2608170524.0,,2608170524.0,,h,1.0,Bauarbeiten,,,,,,,0.0,0.0
-6199987628200262080-2608170533-6,7605,2608170550.0,2608170551.0,1,,S,S6,Weil der Stadt|Malmsheim|Renningen|Rutesheim|Leonberg,8002892,Höfingen,Baden-Württemberg,Leonberg,71229,9.026180834,48.81503436,5,2608170550.0,,2608170551.0,,h,1.0,Bauarbeiten,,,,,,,0.0,0.0
-6907385007682035819-2608170503-6,7603,2608170520.0,2608170521.0,1,,S,S6,Weil der Stadt|Malmsheim|Renningen|Rutesheim|Leonberg,8002892,Höfingen,Baden-Württemberg,Leonberg,71229,9.026180834,48.81503436,5,2608170520.0,,2608170521.0,,h,1.0,Bauarbeiten,,,,,,,0.0,0.0
319624839717573990-2608170504-10,7001,2608170535.0,2608170536.0,1,,S,S60,Böblingen|Sindelfingen|Maichingen|Maichingen Nord|Magstadt|Renningen Süd|Renningen|Rutesheim|Leonberg,8002892,Höfingen,Baden-Württemberg,Leonberg,71229,9.026180834,48.81503436,5,2608170536.0,,2608170537.0,,h,1.0,Bauarbeiten,,,,,,,1.0,1.0
-4514707991232065186-2608170516-5,7701,2608170532.0,2608170532.0,1,,S,S1,Stuttgart-Vaihingen|Stuttgart-Rohr|Goldberg(Württ)|Böblingen,8003022,Hulb,Baden-Württemberg,Böblingen-Hulb,71032,8.982396429,48.67924173,5,2608170535.0,,2608170535.0,,,,,,,,,,,3.0,3.0
-2405166093230194339-2608170516-5,7704,2608170528.0,2608170528.0,2,,S,S1,Herrenberg|Nufringen|Gärtringen|Ehningen(b Böblingen),8003022,Hulb,Baden-Württemberg,Böblingen-Hulb,71032,8.982396429,48.67924173,5,2608170528.0,,2608170529.0,,,,,,,,,,,0.0,1.0
239390452411476308-2608170546-5,7706,2608170558.0,2608170558.0,2,,S,S1,Herrenberg|Nufringen|Gärtringen|Ehningen(b Böblingen),8003022,Hulb,Baden-Württemberg,Böblingen-Hulb,71032,8.982396429,48.67924173,5,2608170558.0,,2608170559.0,,,,,,,,,,,0.0,1.0
7386663596761635454-2608170533-1,7902,,2608170533.0,,,S,S2,,8001984,Filderstadt,Baden-Württemberg,Filderstadt,70794,9.217581315,48.67649151,5,,,2608170533.0,,,,,,,,,,,0.0,0.0
3518429446344899643-2608170505-7,7901,2608170527.0,,1,,S,,Stuttgart-Vaihingen|Stuttgart-Rohr|Oberaichen|Leinfelden|Echterdingen|Stuttgart Flughafen/Messe,8001984,Filderstadt,Baden-Württemberg,Filderstadt,70794,9.217581315,48.67649151,5,2608170527.0,,,,,,,,,,,,,0.0,0.0
8721469626637288760-2608170503-1,7900,,2608170503.0,,,S,S2,,8001984,Filderstadt,Baden-Württemberg,Filderstadt,70794,9.217581315,48.67649151,5,,,2608170503.0,,,,,,,,,,,0.0,0.0
-6993381527625991996-2608170535-7,7903,2608170557.0,,1,,S,,Stuttgart-Vaihingen|Stuttgart-Rohr|Oberaichen|Leinfelden|Echterdingen|Stuttgart Flughafen/Messe,8001984,Filderstadt,Baden-Württemberg,Filderstadt,70794,9.217581315,48.67649151,5,2608170557.0,,,,,,,,,,,,,0.0,0.0
-5152190475701295737-2608170533-3,7405,2608170542.0,2608170545.0,1,,S,S4,Backnang|Burgstall(Murr),8003266,Kirchberg (Murr),Baden-Württemberg,Kirchberg an der Murr,71737,9.328210283,48.93928182,6,2608170542.0,,2608170545.0,,h,1.0,Bauarbeiten,,,,,,,0.0,0.0
3594080663429713452-2608170503-3,7403,2608170512.0,2608170515.0,1,,S,S4,Backnang|Burgstall(Murr),8003266,Kirchberg (Murr),Baden-Württemberg,Kirchberg an der Murr,71737,9.328210283,48.93928182,6,2608170512.0,,2608170515.0,,h,1.0,Bauarbeiten,,,,,,,0.0,0.0
-4068093335973799729-2608170517-1,37951,,2608170517.0,,,RB,RB64,,8003280,Kirchheim (Teck),Baden-Württemberg,Kirchheim unter Teck,73230,9.443872422,48.64415981,4,,,2608170517.0,,,,,,,,,,,0.0,0.0
3121292710624229087-2608170550-1,7107,,2608170550.0,,,S,S1,,8003280,Kirchheim (Teck),Baden-Württemberg,Kirchheim unter Teck,73230,9.443872422,48.64415981,4,,,2608170556.0,,,,,,,,,,,0.0,6.0
8431153246129764034-2608170520-1,7105,,2608170520.0,,,S,S1,,8003280,Kirchheim (Teck),Baden-Württemberg,Kirchheim unter Teck,73230,9.443872422,48.64415981,4,,,2608170521.0,,,,,,,,,,,0.0,1.0
-2834112441422689654-2608170525-5,7100,2608170539.0,,2,,S,,Plochingen|Wernau(Neckar)|Wendlingen(Neckar)|Kirchheim(Teck)-Ötlingen,8003280,Kirchheim (Teck),Baden-Württemberg,Kirchheim unter Teck,73230,9.443872422,48.64415981,4,2608170547.0,,,,,,,,,,,,,8.0,0.0
3121292710624229087-2608170550-2,7107,2608170553.0,2608170553.0,1,,S,S1,Kirchheim(Teck),8003282,Kirchheim (Teck)-Ötlingen,Baden-Württemberg,Kirchheim unter Teck,73230,9.416261302,48.65782388,5,2608170558.0,,2608170600.0,,,,,,,,,,,5.0,7.0
8431153246129764034-2608170520-2,7105,2608170523.0,2608170523.0,1,,S,S1,Kirchheim(Teck),8003282,Kirchheim (Teck)-Ötlingen,Baden-Württemberg,Kirchheim unter Teck,73230,9.416261302,48.65782388,5,2608170523.0,,2608170525.0,,,,,,,,,,,0.0,2.0
-2834112441422689654-2608170525-4,7100,2608170536.0,2608170537.0,1,,S,S1,Plochingen|Wernau(Neckar)|Wendlingen(Neckar),8003282,Kirchheim (Teck)-Ötlingen,Baden-Württemberg,Kirchheim unter Teck,73230,9.416261302,48.65782388,5,2608170544.0,,2608170545.0,,,,,,,,,,,8.0,8.0
-8321897933620529790-2608170535-1,1066,,2608170535.0,,,WEG,RB47,,8003409,Korntal,Baden-Württemberg,Korntal,70825,9.121099128,48.82640246,4,,,2608170535.0,,,,,,,,,,,0.0,0.0
7783094792634306185-2608170531-7,1067,2608170554.0,,7,,WEG,,Heimerdingen|Hemmingen|Schwieberdingen|Münchingen|Münchingen Rührberg|Korntal Gymnasium,8003409,Korntal,Baden-Württemberg,Korntal,70825,9.121099128,48.82640246,4,2608170554.0,,,,,,,,,,,,,0.0,0.0
8966049452247091565-2608170541-3,7006,2608170546.0,2608170546.0,1,,S,S60,Stuttgart-Zuffenhausen|Neuwirtshaus(Porscheplatz),8003409,Korntal,Baden-Württemberg,Korntal,70825,9.121099128,48.82640246,4,2608170546.0,,2608170546.0,,h,1.0,Bauarbeiten,,,,,,,0.0,0.0
-4340175269954214957-2608170525-4,7600,2608170531.0,2608170531.0,1,,S,S6,Stuttgart-Feuerbach|Stuttgart-Zuffenhausen|Neuwirtshaus(Porscheplatz),8003409,Korntal,Baden-Württemberg,Korntal,70825,9.121099128,48.82640246,4,2608170532.0,,2608170532.0,,h,1.0,Bauarbeiten,,,,,,,1.0,1.0
-2302755521633165327-2608170511-3,7004,2608170516.0,2608170516.0,1,,S,S60,Stuttgart-Zuffenhausen|Neuwirtshaus(Porscheplatz),8003409,Korntal,Baden-Württemberg,Korntal,70825,9.121099128,48.82640246,4,2608170516.0,,2608170516.0,,h,1.0,Bauarbeiten,,,,,,,0.0,0.0
-6199987628200262080-2608170533-9,7605,2608170558.0,2608170559.0,3,,S,S6,Weil der Stadt|Malmsheim|Renningen|Rutesheim|Leonberg|Höfingen|Ditzingen|Weilimdorf,8003409,Korntal,Baden-Württemberg,Korntal,70825,9.121099128,48.82640246,4,2608170558.0,,2608170559.0,,h,1.0,Bauarbeiten,,,,,,,0.0,0.0
-6907385007682035819-2608170503-9,7603,2608170528.0,2608170529.0,3,,S,S6,Weil der Stadt|Malmsheim|Renningen|Rutesheim|Leonberg|Höfingen|Ditzingen|Weilimdorf,8003409,Korntal,Baden-Württemberg,Korntal,70825,9.121099128,48.82640246,4,2608170528.0,,2608170529.0,,h,1.0,Bauarbeiten,,,,,,,0.0,0.0
319624839717573990-2608170504-13,7001,2608170543.0,2608170544.0,3,,S,S60,Böblingen|Sindelfingen|Maichingen|Maichingen Nord|Magstadt|Renningen Süd|Renningen|Rutesheim|Leonberg|Höfingen|Ditzingen|Weilimdorf,8003409,Korntal,Baden-Württemberg,Korntal,70825,9.121099128,48.82640246,4,2608170544.0,,2608170544.0,,h,1.0,Bauarbeiten,,,,,,,1.0,0.0
1689445663391527810-2608170505-1,74210,,2608170505.0,,,WEG,RB47,,8003409,Korntal,Baden-Württemberg,Korntal,70825,9.121099128,48.82640246,4,,,2608170506.0,,,,,,,,,,,0.0,1.0
877764178362168784-2608170537-4,7400,2608170550.0,2608170550.0,4,,S,S4,Stuttgart Hbf|Stuttgart Nordbahnhof|Stuttgart-Zuffenhausen,8003411,Kornwestheim Pbf,Baden-Württemberg,Kornwestheim,70806,9.179967278,48.86215948,3,2608170550.0,,2608170550.0,,,,,,,,,,,0.0,0.0
4059477772738430465-2608170455-6,7401,2608170510.0,2608170510.0,3,,S,S4,Marbach(Neckar)|Benningen(Neckar)|Freiberg(Neckar)|Favoritepark|Ludwigsburg,8003411,Kornwestheim Pbf,Baden-Württemberg,Kornwestheim,70806,9.179967278,48.86215948,3,2608170510.0,,2608170510.0,,,,,,,,,,,0.0,0.0
-8964161720775084233-2608170507-5,7503,2608170519.0,2608170520.0,3,,S,S5,Bietigheim-Bissingen|Tamm(Württ)|Asperg|Ludwigsburg,8003411,Kornwestheim Pbf,Baden-Württemberg,Kornwestheim,70806,9.179967278,48.86215948,3,2608170520.0,,2608170521.0,,,,,,,,,,,1.0,1.0
7314216531638087218-2608170457-4,7500,2608170510.0,2608170510.0,4,,S,S5,Stuttgart Hbf|Stuttgart Nordbahnhof|Stuttgart-Zuffenhausen,8003411,Kornwestheim Pbf,Baden-Württemberg,Kornwestheim,70806,9.179967278,48.86215948,3,2608170510.0,,2608170510.0,,,,,,,,,,,0.0,0.0
5019299385590866360-2608170537-5,7505,2608170549.0,2608170550.0,3,,S,S5,Bietigheim-Bissingen|Tamm(Württ)|Asperg|Ludwigsburg,8003411,Kornwestheim Pbf,Baden-Württemberg,Kornwestheim,70806,9.179967278,48.86215948,3,2608170550.0,,2608170551.0,,,,,,,,,,,1.0,1.0
7415141918952771212-2608170527-4,7502,2608170540.0,2608170540.0,4,,S,S5,Stuttgart Hbf|Stuttgart Nordbahnhof|Stuttgart-Zuffenhausen,8003411,Kornwestheim Pbf,Baden-Württemberg,Kornwestheim,70806,9.179967278,48.86215948,3,2608170540.0,,2608170540.0,,,,,,,,,,,0.0,0.0
3594080663429713452-2608170503-10,7403,2608170540.0,2608170540.0,3,,S,S4,Backnang|Burgstall(Murr)|Kirchberg(Murr)|Erdmannhausen|Marbach(Neckar)|Benningen(Neckar)|Freiberg(Neckar)|Favoritepark|Ludwigsburg,8003411,Kornwestheim Pbf,Baden-Württemberg,Kornwestheim,70806,9.179967278,48.86215948,3,2608170541.0,,2608170542.0,,h,1.0,Bauarbeiten,,,,,,,1.0,2.0
7386663596761635454-2608170533-4,7902,2608170542.0,2608170543.0,2,,S,S2,Filderstadt|Stuttgart Flughafen/Messe|Echterdingen,8003622,Leinfelden,Baden-Württemberg,Leinfelden-Echterdingen,70771,9.142859698,48.6964193,4,2608170542.0,,2608170543.0,,,,,,,,,,,0.0,0.0
3518429446344899643-2608170505-4,7901,2608170516.0,2608170517.0,1,,S,S2,Stuttgart-Vaihingen|Stuttgart-Rohr|Oberaichen,8003622,Leinfelden,Baden-Württemberg,Leinfelden-Echterdingen,70771,9.142859698,48.6964193,4,2608170516.0,,2608170517.0,,,,,,,,,,,0.0,0.0
8721469626637288760-2608170503-4,7900,2608170512.0,2608170513.0,2,,S,S2,Filderstadt|Stuttgart Flughafen/Messe|Echterdingen,8003622,Leinfelden,Baden-Württemberg,Leinfelden-Echterdingen,70771,9.142859698,48.6964193,4,2608170512.0,,2608170514.0,,,,,,,,,,,0.0,1.0
-6993381527625991996-2608170535-4,7903,2608170546.0,2608170547.0,1,,S,S2,Stuttgart-Vaihingen|Stuttgart-Rohr|Oberaichen,8003622,Leinfelden,Baden-Württemberg,Leinfelden-Echterdingen,70771,9.142859698,48.6964193,4,2608170546.0,,2608170547.0,,,,,,,,,,,0.0,0.0
8966049452247091565-2608170541-7,7006,2608170558.0,2608170558.0,2,,S,S60,Stuttgart-Zuffenhausen|Neuwirtshaus(Porscheplatz)|Korntal|Weilimdorf|Ditzingen|Höfingen,8003652,Leonberg,Baden-Württemberg,Leonberg,71229,9.004025993,48.79970547,3,2608170558.0,,2608170558.0,,h,1.0,Bauarbeiten,,,,,,,0.0,0.0
-4340175269954214957-2608170525-8,7600,2608170543.0,2608170543.0,2,,S,S6,Stuttgart-Feuerbach|Stuttgart-Zuffenhausen|Neuwirtshaus(Porscheplatz)|Korntal|Weilimdorf|Ditzingen|Höfingen,8003652,Leonberg,Baden-Württemberg,Leonberg,71229,9.004025993,48.79970547,3,2608170543.0,,2608170543.0,,h,1.0,Bauarbeiten,,,,,,,0.0,0.0
-2302755521633165327-2608170511-7,7004,2608170528.0,2608170528.0,2,,S,S60,Stuttgart-Zuffenhausen|Neuwirtshaus(Porscheplatz)|Korntal|Weilimdorf|Ditzingen|Höfingen,8003652,Leonberg,Baden-Württemberg,Leonberg,71229,9.004025993,48.79970547,3,2608170528.0,,2608170529.0,,h,1.0,Bauarbeiten,,,,,,,0.0,1.0
-6199987628200262080-2608170533-5,7605,2608170547.0,2608170547.0,1,,S,S6,Weil der Stadt|Malmsheim|Renningen|Rutesheim,8003652,Leonberg,Baden-Württemberg,Leonberg,71229,9.004025993,48.79970547,3,2608170547.0,,2608170547.0,,h,1.0,Bauarbeiten,,,,,,,0.0,0.0
-6907385007682035819-2608170503-5,7603,2608170517.0,2608170517.0,1,,S,S6,Weil der Stadt|Malmsheim|Renningen|Rutesheim,8003652,Leonberg,Baden-Württemberg,Leonberg,71229,9.004025993,48.79970547,3,2608170517.0,,2608170517.0,,h,1.0,Bauarbeiten,,,,,,,0.0,0.0
319624839717573990-2608170504-9,7001,2608170532.0,2608170532.0,1,,S,S60,Böblingen|Sindelfingen|Maichingen|Maichingen Nord|Magstadt|Renningen Süd|Renningen|Rutesheim,8003652,Leonberg,Baden-Württemberg,Leonberg,71229,9.004025993,48.79970547,3,2608170532.0,,2608170532.0,,h,1.0,Bauarbeiten,,,,,,,0.0,0.0
877764178362168784-2608170537-5,7400,2608170553.0,2608170554.0,2,,S,S4,Stuttgart Hbf|Stuttgart Nordbahnhof|Stuttgart-Zuffenhausen|Kornwestheim Pbf,8000235,Ludwigsburg,Baden-Württemberg,Ludwigsburg,71638,9.185229823,48.89208622,3,2608170553.0,,2608170554.0,,,,,,,,,,,0.0,0.0
6010727060851194349-2608170504-1,56710,,2608170504.0,,,RE,MEX18,,8000235,Ludwigsburg,Baden-Württemberg,Ludwigsburg,71638,9.185229823,48.89208622,3,,,2608170513.0,2.0,,,,,,,,,,0.0,9.0
4059477772738430465-2608170455-5,7401,2608170506.0,2608170507.0,3,,S,S4,Marbach(Neckar)|Benningen(Neckar)|Freiberg(Neckar)|Favoritepark,8000235,Ludwigsburg,Baden-Württemberg,Ludwigsburg,71638,9.185229823,48.89208622,3,2608170506.0,,2608170507.0,,,,,,,,,,,0.0,0.0
-8964161720775084233-2608170507-4,7503,2608170516.0,2608170516.0,3,,S,S5,Bietigheim-Bissingen|Tamm(Württ)|Asperg,8000235,Ludwigsburg,Baden-Württemberg,Ludwigsburg,71638,9.185229823,48.89208622,3,2608170517.0,,2608170518.0,,,,,,,,,,,1.0,2.0
7314216531638087218-2608170457-5,7500,2608170513.0,2608170514.0,2,,S,S5,Stuttgart Hbf|Stuttgart Nordbahnhof|Stuttgart-Zuffenhausen|Kornwestheim Pbf,8000235,Ludwigsburg,Baden-Württemberg,Ludwigsburg,71638,9.185229823,48.89208622,3,2608170515.0,,2608170515.0,,,,,,,,,,,2.0,1.0
5019299385590866360-2608170537-4,7505,2608170546.0,2608170546.0,3,,S,S5,Bietigheim-Bissingen|Tamm(Württ)|Asperg,8000235,Ludwigsburg,Baden-Württemberg,Ludwigsburg,71638,9.185229823,48.89208622,3,2608170546.0,,2608170547.0,,,,,,,,,,,0.0,1.0
7415141918952771212-2608170527-5,7502,2608170543.0,2608170544.0,2,,S,S5,Stuttgart Hbf|Stuttgart Nordbahnhof|Stuttgart-Zuffenhausen|Kornwestheim Pbf,8000235,Ludwigsburg,Baden-Württemberg,Ludwigsburg,71638,9.185229823,48.89208622,3,2608170543.0,,2608170544.0,,,,,,,,,,,0.0,0.0
5257769799311921186-2608170514-2,19542,2608170524.0,2608170525.0,1,,RE,MEX17,Stuttgart Hbf,8000235,Ludwigsburg,Baden-Württemberg,Ludwigsburg,71638,9.185229823,48.89208622,3,,,,,h,2.0,Information,,,,,c,c,0.0,0.0
7427228833251001015-2608170510-2,19212,2608170519.0,,1,,RE,,Stuttgart Hbf,8000235,Ludwigsburg,Baden-Württemberg,Ludwigsburg,71638,9.185229823,48.89208622,3,2608170523.0,2.0,,,,,,,,,,,,4.0,0.0
3594080663429713452-2608170503-9,7403,2608170536.0,2608170537.0,3,,S,S4,Backnang|Burgstall(Murr)|Kirchberg(Murr)|Erdmannhausen|Marbach(Neckar)|Benningen(Neckar)|Freiberg(Neckar)|Favoritepark,8000235,Ludwigsburg,Baden-Württemberg,Ludwigsburg,71638,9.185229823,48.89208622,3,2608170537.0,,2608170538.0,,h,1.0,Bauarbeiten,,,,,,,1.0,1.0
-4340175269954214957-2608170525-11,7600,2608170554.0,2608170554.0,1,,S,S6,Stuttgart-Feuerbach|Stuttgart-Zuffenhausen|Neuwirtshaus(Porscheplatz)|Korntal|Weilimdorf|Ditzingen|Höfingen|Leonberg|Rutesheim|Renningen,8003831,Malmsheim,Baden-Württemberg,Renningen,71272,8.905105557,48.77183564,5,2608170554.0,,2608170554.0,,h,1.0,Bauarbeiten,,,,,,,0.0,0.0
-6199987628200262080-2608170533-2,7605,2608170535.0,2608170535.0,2,,S,S6,Weil der Stadt,8003831,Malmsheim,Baden-Württemberg,Renningen,71272,8.905105557,48.77183564,5,2608170535.0,,2608170536.0,,h,1.0,Bauarbeiten,,,,,,,0.0,1.0
-6907385007682035819-2608170503-2,7603,2608170505.0,2608170505.0,2,,S,S6,Weil der Stadt,8003831,Malmsheim,Baden-Württemberg,Renningen,71272,8.905105557,48.77183564,5,2608170505.0,,2608170506.0,,h,1.0,Bauarbeiten,,,,,,,0.0,1.0
-5152190475701295737-2608170533-5,7405,2608170551.0,2608170555.0,,,S,S4,Backnang|Burgstall(Murr)|Kirchberg(Murr)|Erdmannhausen,8003853,Marbach (Neckar),Baden-Württemberg,Marbach am Neckar,71672,9.264611825,48.9437708,3,2608170551.0,1.0,2608170555.0,1.0,h,1.0,Bauarbeiten,,,,,,,0.0,0.0
3594080663429713452-2608170503-5,7403,2608170521.0,2608170525.0,,,S,S4,Backnang|Burgstall(Murr)|Kirchberg(Murr)|Erdmannhausen,8003853,Marbach (Neckar),Baden-Württemberg,Marbach am Neckar,71672,9.264611825,48.9437708,3,2608170521.0,1.0,2608170525.0,1.0,h,1.0,Bauarbeiten,,,,,,,0.0,0.0
9202194719412611846-2608170511-2,7303,2608170513.0,2608170514.0,1,,S,S3,Backnang,8003913,Maubach,Baden-Württemberg,Backnang,71522,9.419487062,48.92623463,4,2608170514.0,,2608170515.0,,,,,,,,,,,1.0,1.0
4883033308940108541-2608170541-2,7305,2608170543.0,2608170544.0,1,,S,S3,Backnang,8003913,Maubach,Baden-Württemberg,Backnang,71522,9.419487062,48.92623463,4,2608170544.0,,2608170545.0,,,,,,,,,,,1.0,1.0
5937887872805384969-2608170512-11,7300,2608170544.0,2608170545.0,2,,S,S3,Stuttgart Hbf|Stuttgart-Bad Cannstatt|Stuttgart Nürnberger Str.|Stuttgart-Sommerrain|Fellbach|Waiblingen|Neustadt-Hohenacker|Schwaikheim|Winnenden|Nellmersbach,8003913,Maubach,Baden-Württemberg,Backnang,71522,9.419487062,48.92623463,4,2608170546.0,,2608170547.0,,,,,,,,,,,2.0,2.0
9202194719412611846-2608170511-3,7303,2608170516.0,2608170516.0,1,,S,S3,Backnang|Maubach,8004233,Nellmersbach,Baden-Württemberg,Leutenbach,71397,9.415421538,48.90336425,5,2608170516.0,,2608170517.0,,,,,,,,,,,0.0,1.0
4883033308940108541-2608170541-3,7305,2608170546.0,2608170546.0,1,,S,S3,Backnang|Maubach,8004233,Nellmersbach,Baden-Württemberg,Leutenbach,71397,9.415421538,48.90336425,5,2608170547.0,,2608170548.0,,,,,,,,,,,1.0,2.0
5937887872805384969-2608170512-10,7300,2608170541.0,2608170542.0,2,,S,S3,Stuttgart Hbf|Stuttgart-Bad Cannstatt|Stuttgart Nürnberger Str.|Stuttgart-Sommerrain|Fellbach|Waiblingen|Neustadt-Hohenacker|Schwaikheim|Winnenden,8004233,Nellmersbach,Baden-Württemberg,Leutenbach,71397,9.415421538,48.90336425,5,2608170543.0,,2608170543.0,,,,,,,,,,,2.0,1.0
9202194719412611846-2608170511-6,7303,2608170525.0,2608170525.0,2,,S,S3,Backnang|Maubach|Nellmersbach|Winnenden|Schwaikheim,8004333,Neustadt-Hohenacker,Baden-Württemberg,Waiblingen,71336,9.32455106,48.85921668,5,2608170525.0,,2608170526.0,,,,,,,,,,,0.0,1.0
4883033308940108541-2608170541-6,7305,2608170555.0,2608170555.0,2,,S,S3,Backnang|Maubach|Nellmersbach|Winnenden|Schwaikheim,8004333,Neustadt-Hohenacker,Baden-Württemberg,Waiblingen,71336,9.32455106,48.85921668,5,2608170556.0,,2608170557.0,,,,,,,,,,,1.0,2.0
5937887872805384969-2608170512-7,7300,2608170533.0,2608170533.0,1,,S,S3,Stuttgart Hbf|Stuttgart-Bad Cannstatt|Stuttgart Nürnberger Str.|Stuttgart-Sommerrain|Fellbach|Waiblingen,8004333,Neustadt-Hohenacker,Baden-Württemberg,Waiblingen,71336,9.32455106,48.85921668,5,2608170534.0,,2608170535.0,,,,,,,,,,,1.0,2.0
8966049452247091565-2608170541-2,7006,2608170543.0,2608170543.0,1,,S,S60,Stuttgart-Zuffenhausen,8004338,Neuwirtshaus (Porscheplatz),Baden-Württemberg,Stuttgart,70435,9.151955614,48.83384734,4,2608170543.0,,2608170543.0,,h,1.0,Bauarbeiten,,,,,,,0.0,0.0
-4340175269954214957-2608170525-3,7600,2608170528.0,2608170529.0,1,,S,S6,Stuttgart-Feuerbach|Stuttgart-Zuffenhausen,8004338,Neuwirtshaus (Porscheplatz),Baden-Württemberg,Stuttgart,70435,9.151955614,48.83384734,4,2608170529.0,,2608170530.0,,h,1.0,Bauarbeiten,,,,,,,1.0,1.0
-2302755521633165327-2608170511-2,7004,2608170513.0,2608170513.0,1,,S,S60,Stuttgart-Zuffenhausen,8004338,Neuwirtshaus (Porscheplatz),Baden-Württemberg,Stuttgart,70435,9.151955614,48.83384734,4,2608170513.0,,2608170513.0,,h,1.0,Bauarbeiten,,,,,,,0.0,0.0
-1663230384092736702-2608170555-3,7602,2608170558.0,2608170559.0,1,,S,S6,Stuttgart-Feuerbach|Stuttgart-Zuffenhausen,8004338,Neuwirtshaus (Porscheplatz),Baden-Württemberg,Stuttgart,70435,9.151955614,48.83384734,4,2608170601.0,,2608170602.0,,h,1.0,Bauarbeiten,,,,,,,3.0,3.0
5411763714021984948-2608170433-10,7601,2608170501.0,2608170501.0,2,,S,S6,Weil der Stadt|Malmsheim|Renningen|Rutesheim|Leonberg|Höfingen|Ditzingen|Weilimdorf|Korntal,8004338,Neuwirtshaus (Porscheplatz),Baden-Württemberg,Stuttgart,70435,9.151955614,48.83384734,4,2608170501.0,,2608170502.0,,h,1.0,Bauarbeiten,,,,,,,0.0,1.0
-6907385007682035819-2608170503-10,7603,2608170531.0,2608170531.0,2,,S,S6,Weil der Stadt|Malmsheim|Renningen|Rutesheim|Leonberg|Höfingen|Ditzingen|Weilimdorf|Korntal,8004338,Neuwirtshaus (Porscheplatz),Baden-Württemberg,Stuttgart,70435,9.151955614,48.83384734,4,2608170532.0,,2608170533.0,,h,1.0,Bauarbeiten,,,,,,,1.0,2.0
319624839717573990-2608170504-14,7001,2608170546.0,2608170546.0,2,,S,S60,Böblingen|Sindelfingen|Maichingen|Maichingen Nord|Magstadt|Renningen Süd|Renningen|Rutesheim|Leonberg|Höfingen|Ditzingen|Weilimdorf|Korntal,8004338,Neuwirtshaus (Porscheplatz),Baden-Württemberg,Stuttgart,70435,9.151955614,48.83384734,4,2608170547.0,,2608170548.0,,h,1.0,Bauarbeiten,,,,,,,1.0,2.0
-4514707991232065186-2608170516-8,7701,2608170541.0,2608170541.0,1,,S,S1,Stuttgart-Vaihingen|Stuttgart-Rohr|Goldberg(Württ)|Böblingen|Hulb|Ehningen(b Böblingen)|Gärtringen,8004490,Nufringen,Baden-Württemberg,Nufringen,71154,8.889817485,48.62010967,5,2608170543.0,,2608170544.0,,,,,,,,,,,2.0,3.0
-2405166093230194339-2608170516-2,7704,2608170519.0,2608170519.0,2,,S,S1,Herrenberg,8004490,Nufringen,Baden-Württemberg,Nufringen,71154,8.889817485,48.62010967,5,2608170519.0,,2608170520.0,,,,,,,,,,,0.0,1.0
239390452411476308-2608170546-2,7706,2608170549.0,2608170549.0,2,,S,S1,Herrenberg,8004490,Nufringen,Baden-Württemberg,Nufringen,71154,8.889817485,48.62010967,5,2608170549.0,,2608170550.0,,,,,,,,,,,0.0,1.0
7386663596761635454-2608170533-5,7902,2608170545.0,2608170545.0,2,,S,S2,Filderstadt|Stuttgart Flughafen/Messe|Echterdingen|Leinfelden,8004496,Oberaichen,Baden-Württemberg,Leinfelden-Echterdingen,70771,9.12743664,48.70512422,5,2608170545.0,,2608170546.0,,,,,,,,,,,0.0,1.0
3518429446344899643-2608170505-3,7901,2608170514.0,2608170514.0,1,,S,S2,Stuttgart-Vaihingen|Stuttgart-Rohr,8004496,Oberaichen,Baden-Württemberg,Leinfelden-Echterdingen,70771,9.12743664,48.70512422,5,2608170514.0,,2608170514.0,,,,,,,,,,,0.0,0.0
8721469626637288760-2608170503-5,7900,2608170515.0,2608170515.0,2,,S,S2,Filderstadt|Stuttgart Flughafen/Messe|Echterdingen|Leinfelden,8004496,Oberaichen,Baden-Württemberg,Leinfelden-Echterdingen,70771,9.12743664,48.70512422,5,2608170515.0,,2608170516.0,,,,,,,,,,,0.0,1.0
-6993381527625991996-2608170535-3,7903,2608170544.0,2608170544.0,1,,S,S2,Stuttgart-Vaihingen|Stuttgart-Rohr,8004496,Oberaichen,Baden-Württemberg,Leinfelden-Echterdingen,70771,9.12743664,48.70512422,5,2608170544.0,,2608170544.0,,,,,,,,,,,0.0,0.0
-4550115281200084116-2608170450-8,7103,2608170514.0,2608170515.0,3,,S,S1,Kirchheim(Teck)|Kirchheim(Teck)-Ötlingen|Wendlingen(Neckar)|Wernau(Neckar)|Plochingen|Altbach|Esslingen-Zell,8004528,Oberesslingen,Baden-Württemberg,Esslingen am Neckar,73730,9.327277435,48.72983585,3,2608170517.0,,2608170517.0,,,,,,,,,,,3.0,2.0
9164848740577760883-2608170525-8,7102,2608170545.0,2608170545.0,4,,S,S1,Stuttgart Hbf|Stuttgart-Bad Cannstatt|Stuttgart Neckarpark|Stuttgart-Untertürkheim|Stuttgart-Obertürkheim|Esslingen-Mettingen|Esslingen(Neckar),8004528,Oberesslingen,Baden-Württemberg,Esslingen am Neckar,73730,9.327277435,48.72983585,3,2608170545.0,,2608170545.0,,,,,,,,,,,0.0,0.0
8431153246129764034-2608170520-8,7105,2608170544.0,2608170545.0,3,,S,S1,Kirchheim(Teck)|Kirchheim(Teck)-Ötlingen|Wendlingen(Neckar)|Wernau(Neckar)|Plochingen|Altbach|Esslingen-Zell,8004528,Oberesslingen,Baden-Württemberg,Esslingen am Neckar,73730,9.327277435,48.72983585,3,2608170545.0,,2608170546.0,,,,,,,,,,,1.0,1.0
2614533843794914291-2608170448-13,19110,2608170528.0,2608170534.0,1,,ARV,16,Geislingen(Steige)|Geislingen(Steige)West|Kuchen|Gingen(Fils)|Süßen|Salach|Eislingen(Fils)|Göppingen|Faurndau|Uhingen|Ebersbach(Fils)|Reichenbach(Fils),8000302,Plochingen,Baden-Württemberg,Plochingen,73207,9.411294578,48.71293906,2,2608170528.0,,2608170534.0,,,,,,,,,,,0.0,0.0
-4047300976278874353-2608170426-7,19206,2608170459.0,2608170501.0,6,,RE,MEX12,Reutlingen Hbf|Metzingen(Württ)|Bempflingen|Nürtingen|Oberboihingen|Wendlingen(Neckar),8000302,Plochingen,Baden-Württemberg,Plochingen,73207,9.411294578,48.71293906,2,2608170500.0,,2608170501.0,,h,2.0,Bauarbeiten,,,,,,,1.0,0.0
-4550115281200084116-2608170450-5,7103,2608170505.0,2608170507.0,9,,S,S1,Kirchheim(Teck)|Kirchheim(Teck)-Ötlingen|Wendlingen(Neckar)|Wernau(Neckar),8000302,Plochingen,Baden-Württemberg,Plochingen,73207,9.411294578,48.71293906,2,2608170505.0,,2608170507.0,,,,,,,,,,,0.0,0.0
6010727060851194349-2608170504-5,56710,2608170543.0,,9,,RE,,Ludwigsburg|Stuttgart Hbf|Stuttgart-Bad Cannstatt|Esslingen(Neckar),8000302,Plochingen,Baden-Württemberg,Plochingen,73207,9.411294578,48.71293906,2,2608170548.0,7.0,,,c,,,,,,,,,5.0,0.0
3776401462555749439-2608170432-19,19112,2608170555.0,2608170555.0,3,,ARV,16,Ulm Hbf|Beimerstetten|Westerstetten|Lonsee|Urspring|Amstetten(Württ)|Geislingen(Steige)|Geislingen(Steige)West|Kuchen|Gingen(Fils)|Süßen|Salach|Eislingen(Fils)|Göppingen|Faurndau|Uhingen|Ebersbach(Fils)|Reichenbach(Fils),8000302,Plochingen,Baden-Württemberg,Plochingen,73207,9.411294578,48.71293906,2,2608170555.0,,2608170556.0,,,,,,,,,,,0.0,1.0
-8461394189732940268-2608170539-3,4243,2608170554.0,2608170555.0,4,,RE,RE5,Stuttgart Hbf|Esslingen(Neckar),8000302,Plochingen,Baden-Württemberg,Plochingen,73207,9.411294578,48.71293906,2,2608170556.0,,2608170557.0,,h,2.0,Störung,,,,,,,2.0,2.0
9164848740577760883-2608170525-11,7102,2608170553.0,2608170555.0,9,,S,S1,Stuttgart Hbf|Stuttgart-Bad Cannstatt|Stuttgart Neckarpark|Stuttgart-Untertürkheim|Stuttgart-Obertürkheim|Esslingen-Mettingen|Esslingen(Neckar)|Oberesslingen|Esslingen-Zell|Altbach,8000302,Plochingen,Baden-Württemberg,Plochingen,73207,9.411294578,48.71293906,2,2608170553.0,,2608170555.0,,,,,,,,,,,0.0,0.0
2346637743610993471-2608170504-4,19111,2608170521.0,2608170527.0,4,,ARV,16,Stuttgart Hbf|Stuttgart-Bad Cannstatt|Esslingen(Neckar),8000302,Plochingen,Baden-Württemberg,Plochingen,73207,9.411294578,48.71293906,2,2608170521.0,,2608170527.0,,,,,,,,,,,0.0,0.0
8431153246129764034-2608170520-5,7105,2608170535.0,2608170537.0,9,,S,S1,Kirchheim(Teck)|Kirchheim(Teck)-Ötlingen|Wendlingen(Neckar)|Wernau(Neckar),8000302,Plochingen,Baden-Württemberg,Plochingen,73207,9.411294578,48.71293906,2,2608170537.0,,2608170538.0,,,,,,,,,,,2.0,1.0
-8069886172973832084-2608170516-7,19208,2608170547.0,2608170548.0,3,,RE,MEX12,Reutlingen Hbf|Metzingen(Württ)|Bempflingen|Nürtingen|Oberboihingen|Wendlingen(Neckar),8000302,Plochingen,Baden-Württemberg,Plochingen,73207,9.411294578,48.71293906,2,2608170550.0,,2608170550.0,,h,2.0,Bauarbeiten,,,,,,,3.0,2.0
-2834112441422689654-2608170525-1,7100,,2608170525.0,,,S,S1,,8000302,Plochingen,Baden-Württemberg,Plochingen,73207,9.411294578,48.71293906,2,,,2608170530.0,,,,,,,,,,,0.0,5.0
-2605312677894761496-2608170442-4,19109,2608170500.0,2608170500.0,4,,ARV,16,Stuttgart Hbf|Stuttgart-Bad Cannstatt|Esslingen(Neckar),8000302,Plochingen,Baden-Württemberg,Plochingen,73207,9.411294578,48.71293906,2,2608170500.0,,2608170501.0,,,,,,,,,,,0.0,1.0
3363962381041340479-2608170534-7,7003,2608170550.0,2608170556.0,2,,S,S60,Böblingen|Sindelfingen|Maichingen|Maichingen Nord|Magstadt|Renningen Süd,8000313,Renningen,Baden-Württemberg,Renningen,71272,8.932650148,48.77515509,3,2608170551.0,,2608170556.0,,h,1.0,Bauarbeiten,,,,,,,1.0,0.0
-6813988232434882274-2608170510-6,26123,2608170532.0,,4,,SWE,,Calw|Calw-Heumaden|Althengstett|Ostelsheim|Weil der Stadt,8000313,Renningen,Baden-Württemberg,Renningen,71272,8.932650148,48.77515509,3,2608170533.0,,,,,,,,,,,,,1.0,0.0
929414988724824252-2608170542-1,26124,,2608170542.0,,,SWE,RB76,,8000313,Renningen,Baden-Württemberg,Renningen,71272,8.932650148,48.77515509,3,,,2608170544.0,,,,,,,,,,,0.0,2.0
-4340175269954214957-2608170525-10,7600,2608170549.0,2608170552.0,3,,S,S6,Stuttgart-Feuerbach|Stuttgart-Zuffenhausen|Neuwirtshaus(Porscheplatz)|Korntal|Weilimdorf|Ditzingen|Höfingen|Leonberg|Rutesheim,8000313,Renningen,Baden-Württemberg,Renningen,71272,8.932650148,48.77515509,3,2608170549.0,,2608170552.0,,h,1.0,Bauarbeiten,,,,,,,0.0,0.0
-2302755521633165327-2608170511-9,7004,2608170534.0,2608170539.0,3,,S,S60,Stuttgart-Zuffenhausen|Neuwirtshaus(Porscheplatz)|Korntal|Weilimdorf|Ditzingen|Höfingen|Leonberg|Rutesheim,8000313,Renningen,Baden-Württemberg,Renningen,71272,8.932650148,48.77515509,3,2608170536.0,,2608170539.0,,h,1.0,Bauarbeiten,,,,,,,2.0,0.0
-6199987628200262080-2608170533-3,7605,2608170537.0,2608170541.0,2,,S,S6,Weil der Stadt|Malmsheim,8000313,Renningen,Baden-Württemberg,Renningen,71272,8.932650148,48.77515509,3,2608170538.0,,2608170541.0,,h,1.0,Bauarbeiten,,,,,,,1.0,0.0
-7884937051037523694-2608170512-1,26122,,2608170512.0,,,SWE,RB76,,8000313,Renningen,Baden-Württemberg,Renningen,71272,8.932650148,48.77515509,3,,,,,,,,,,,,,,0.0,0.0
2884405162672083910-2608170441-9,7002,2608170504.0,2608170509.0,3,,S,S60,Stuttgart-Zuffenhausen|Neuwirtshaus(Porscheplatz)|Korntal|Weilimdorf|Ditzingen|Höfingen|Leonberg|Rutesheim,8000313,Renningen,Baden-Württemberg,Renningen,71272,8.932650148,48.77515509,3,2608170505.0,,2608170510.0,,h,1.0,Bauarbeiten,,,,,,,1.0,1.0
-6907385007682035819-2608170503-3,7603,2608170507.0,2608170511.0,2,,S,S6,Weil der Stadt|Malmsheim,8000313,Renningen,Baden-Württemberg,Renningen,71272,8.932650148,48.77515509,3,2608170508.0,,2608170511.0,,h,1.0,Bauarbeiten,,,,,,,1.0,0.0
319624839717573990-2608170504-7,7001,2608170520.0,2608170526.0,2,,S,S60,Böblingen|Sindelfingen|Maichingen|Maichingen Nord|Magstadt|Renningen Süd,8000313,Renningen,Baden-Württemberg,Renningen,71272,8.932650148,48.77515509,3,2608170521.0,,2608170526.0,,h,1.0,Bauarbeiten,,,,,,,1.0,0.0
-4339967412658663229-2608170533-9,7205,2608170551.0,2608170552.0,2,,S,S2,Schorndorf|Weiler(Rems)|Winterbach(b Schorndorf)|Geradstetten|Grunbach|Beutelsbach|Endersbach|Stetten-Beinstein,8005157,Rommelshausen,Baden-Württemberg,Kernen,71394,9.319175885,48.81552017,4,2608170551.0,,2608170552.0,,h,1.0,Bauarbeiten,,,,,,,0.0,0.0
5958072436106014503-2608170520-7,7200,2608170537.0,2608170537.0,1,,S,S2,Stuttgart Hbf|Stuttgart-Bad Cannstatt|Stuttgart Nürnberger Str.|Stuttgart-Sommerrain|Fellbach|Waiblingen,8005157,Rommelshausen,Baden-Württemberg,Kernen,71394,9.319175885,48.81552017,4,2608170539.0,,2608170540.0,,h,1.0,Bauarbeiten,,,,,,,2.0,3.0
7239447269276523252-2608170503-9,7203,2608170521.0,2608170522.0,2,,S,S2,Schorndorf|Weiler(Rems)|Winterbach(b Schorndorf)|Geradstetten|Grunbach|Beutelsbach|Endersbach|Stetten-Beinstein,8005157,Rommelshausen,Baden-Württemberg,Kernen,71394,9.319175885,48.81552017,4,2608170521.0,,2608170522.0,,h,1.0,Bauarbeiten,,,,,,,0.0,0.0
3363962381041340479-2608170534-8,7003,2608170558.0,2608170559.0,1,,S,S60,Böblingen|Sindelfingen|Maichingen|Maichingen Nord|Magstadt|Renningen Süd|Renningen,8005236,Rutesheim,Baden-Württemberg,Leonberg,71229,8.960325242,48.79031093,5,2608170558.0,,2608170559.0,,h,1.0,Bauarbeiten,,,,,,,0.0,0.0
-4340175269954214957-2608170525-9,7600,2608170546.0,2608170546.0,2,,S,S6,Stuttgart-Feuerbach|Stuttgart-Zuffenhausen|Neuwirtshaus(Porscheplatz)|Korntal|Weilimdorf|Ditzingen|Höfingen|Leonberg,8005236,Rutesheim,Baden-Württemberg,Leonberg,71229,8.960325242,48.79031093,5,2608170546.0,,2608170546.0,,h,1.0,Bauarbeiten,,,,,,,0.0,0.0
-2302755521633165327-2608170511-8,7004,2608170531.0,2608170531.0,2,,S,S60,Stuttgart-Zuffenhausen|Neuwirtshaus(Porscheplatz)|Korntal|Weilimdorf|Ditzingen|Höfingen|Leonberg,8005236,Rutesheim,Baden-Württemberg,Leonberg,71229,8.960325242,48.79031093,5,2608170532.0,,2608170533.0,,h,1.0,Bauarbeiten,,,,,,,1.0,2.0
-6199987628200262080-2608170533-4,7605,2608170543.0,2608170544.0,1,,S,S6,Weil der Stadt|Malmsheim|Renningen,8005236,Rutesheim,Baden-Württemberg,Leonberg,71229,8.960325242,48.79031093,5,2608170543.0,,2608170544.0,,h,1.0,Bauarbeiten,,,,,,,0.0,0.0
2884405162672083910-2608170441-8,7002,2608170501.0,2608170501.0,2,,S,S60,Stuttgart-Zuffenhausen|Neuwirtshaus(Porscheplatz)|Korntal|Weilimdorf|Ditzingen|Höfingen|Leonberg,8005236,Rutesheim,Baden-Württemberg,Leonberg,71229,8.960325242,48.79031093,5,2608170501.0,,2608170502.0,,h,1.0,Bauarbeiten,,,,,,,0.0,1.0
-6907385007682035819-2608170503-4,7603,2608170513.0,2608170514.0,1,,S,S6,Weil der Stadt|Malmsheim|Renningen,8005236,Rutesheim,Baden-Württemberg,Leonberg,71229,8.960325242,48.79031093,5,2608170514.0,,2608170514.0,,h,1.0,Bauarbeiten,,,,,,,1.0,0.0
319624839717573990-2608170504-8,7001,2608170528.0,2608170529.0,1,,S,S60,Böblingen|Sindelfingen|Maichingen|Maichingen Nord|Magstadt|Renningen Süd|Renningen,8005236,Rutesheim,Baden-Württemberg,Leonberg,71229,8.960325242,48.79031093,5,2608170529.0,,2608170529.0,,h,1.0,Bauarbeiten,,,,,,,1.0,0.0
4640565745735051733-2608170519-4,19433,2608170543.0,2608170544.0,2,,ARV,13,Stuttgart Hbf|Stuttgart-Bad Cannstatt|Waiblingen,8005424,Schorndorf,Baden-Württemberg,Schorndorf,73614,9.525686251,48.80693898,3,2608170543.0,,2608170545.0,,h,2.0,Information,,,,,,,0.0,1.0
-4339967412658663229-2608170533-1,7205,,2608170533.0,,,S,S2,,8005424,Schorndorf,Baden-Württemberg,Schorndorf,73614,9.525686251,48.80693898,3,,,2608170533.0,14.0,h,1.0,Bauarbeiten,,,,,,,0.0,0.0
6779514588305592946-2608170447-4,19451,2608170513.0,2608170514.0,2,,ARV,13,Stuttgart Hbf|Stuttgart-Bad Cannstatt|Waiblingen,8005424,Schorndorf,Baden-Württemberg,Schorndorf,73614,9.525686251,48.80693898,3,2608170513.0,,2608170514.0,,h,2.0,Information,,,,,,,0.0,0.0
7774880271960715907-2608170454-6,19404,2608170513.0,2608170514.0,3,,ARV,13,Schwäbisch Gmünd|Lorch(Württ)|Waldhausen(b Schorndorf)|Plüderhausen|Urbach(b Schorndorf),8005424,Schorndorf,Baden-Württemberg,Schorndorf,73614,9.525686251,48.80693898,3,2608170514.0,,2608170515.0,,h,2.0,Information,,,,,,,1.0,1.0
-5168348136770693824-2608170505-9,19406,2608170543.0,2608170544.0,3,,ARV,13,Aalen Hbf|Mögglingen(Gmünd)|Böbingen(Rems)|Schwäbisch Gmünd|Lorch(Württ)|Waldhausen(b Schorndorf)|Plüderhausen|Urbach(b Schorndorf),8005424,Schorndorf,Baden-Württemberg,Schorndorf,73614,9.525686251,48.80693898,3,2608170612.0,,2608170612.0,,h,2.0,Information,,,,,,,29.0,28.0
5958072436106014503-2608170520-15,7200,2608170555.0,,1,,S,,Stuttgart Hbf|Stuttgart-Bad Cannstatt|Stuttgart Nürnberger Str.|Stuttgart-Sommerrain|Fellbach|Waiblingen|Rommelshausen|Stetten-Beinstein|Endersbach|Beutelsbach|Grunbach|Geradstetten|Winterbach(b Schorndorf)|Weiler(Rems),8005424,Schorndorf,Baden-Württemberg,Schorndorf,73614,9.525686251,48.80693898,3,2608170557.0,14.0,,,h,1.0,Bauarbeiten,,,,,,,2.0,0.0
7239447269276523252-2608170503-1,7203,,2608170503.0,,,S,S2,,8005424,Schorndorf,Baden-Württemberg,Schorndorf,73614,9.525686251,48.80693898,3,,,2608170503.0,14.0,h,1.0,Bauarbeiten,,,,,,,0.0,0.0
9202194719412611846-2608170511-5,7303,2608170522.0,2608170523.0,1,,S,S3,Backnang|Maubach|Nellmersbach|Winnenden,8005454,Schwaikheim,Baden-Württemberg,Schwaikheim,71409,9.354747358,48.86832665,4,2608170523.0,,2608170524.0,,,,,,,,,,,1.0,1.0
4883033308940108541-2608170541-5,7305,2608170552.0,2608170553.0,1,,S,S3,Backnang|Maubach|Nellmersbach|Winnenden,8005454,Schwaikheim,Baden-Württemberg,Schwaikheim,71409,9.354747358,48.86832665,4,2608170554.0,,2608170555.0,,,,,,,,,,,2.0,2.0
5937887872805384969-2608170512-8,7300,2608170536.0,2608170536.0,2,,S,S3,Stuttgart Hbf|Stuttgart-Bad Cannstatt|Stuttgart Nürnberger Str.|Stuttgart-Sommerrain|Fellbach|Waiblingen|Neustadt-Hohenacker,8005454,Schwaikheim,Baden-Württemberg,Schwaikheim,71409,9.354747358,48.86832665,4,2608170537.0,,2608170538.0,,,,,,,,,,,1.0,2.0
3363962381041340479-2608170534-2,7003,2608170536.0,2608170537.0,1,,S,S60,Böblingen,8005574,Sindelfingen,Baden-Württemberg,Sindelfingen,71063,8.999262079,48.70387346,6,2608170537.0,,2608170537.0,,h,1.0,Bauarbeiten,,,,,,,1.0,0.0
-2302755521633165327-2608170511-14,7004,2608170552.0,2608170553.0,1,,S,S60,Stuttgart-Zuffenhausen|Neuwirtshaus(Porscheplatz)|Korntal|Weilimdorf|Ditzingen|Höfingen|Leonberg|Rutesheim|Renningen|Renningen Süd|Magstadt|Maichingen Nord|Maichingen,8005574,Sindelfingen,Baden-Württemberg,Sindelfingen,71063,8.999262079,48.70387346,6,2608170553.0,,2608170554.0,,h,1.0,Bauarbeiten,,,,,,,1.0,1.0
2884405162672083910-2608170441-14,7002,2608170522.0,2608170523.0,1,,S,S60,Stuttgart-Zuffenhausen|Neuwirtshaus(Porscheplatz)|Korntal|Weilimdorf|Ditzingen|Höfingen|Leonberg|Rutesheim|Renningen|Renningen Süd|Magstadt|Maichingen Nord|Maichingen,8005574,Sindelfingen,Baden-Württemberg,Sindelfingen,71063,8.999262079,48.70387346,6,2608170523.0,,2608170524.0,,h,1.0,Bauarbeiten,,,,,,,1.0,1.0
319624839717573990-2608170504-2,7001,2608170506.0,2608170507.0,1,,S,S60,Böblingen,8005574,Sindelfingen,Baden-Württemberg,Sindelfingen,71063,8.999262079,48.70387346,6,2608170507.0,,2608170508.0,,h,1.0,Bauarbeiten,,,,,,,1.0,1.0
-4339967412658663229-2608170533-8,7205,2608170549.0,2608170549.0,2,,S,S2,Schorndorf|Weiler(Rems)|Winterbach(b Schorndorf)|Geradstetten|Grunbach|Beutelsbach|Endersbach,8005726,Stetten-Beinstein,Baden-Württemberg,Weinstadt,71384,9.352769725,48.81199601,5,2608170549.0,,2608170549.0,,h,1.0,Bauarbeiten,,,,,,,0.0,0.0
5958072436106014503-2608170520-8,7200,2608170539.0,2608170539.0,1,,S,S2,Stuttgart Hbf|Stuttgart-Bad Cannstatt|Stuttgart Nürnberger Str.|Stuttgart-Sommerrain|Fellbach|Waiblingen|Rommelshausen,8005726,Stetten-Beinstein,Baden-Württemberg,Weinstadt,71384,9.352769725,48.81199601,5,2608170542.0,,2608170542.0,,h,1.0,Bauarbeiten,,,,,,,3.0,3.0
7239447269276523252-2608170503-8,7203,2608170519.0,2608170519.0,2,,S,S2,Schorndorf|Weiler(Rems)|Winterbach(b Schorndorf)|Geradstetten|Grunbach|Beutelsbach|Endersbach,8005726,Stetten-Beinstein,Baden-Württemberg,Weinstadt,71384,9.352769725,48.81199601,5,2608170519.0,,2608170519.0,,h,1.0,Bauarbeiten,,,,,,,0.0,0.0
9202194719412611846-2608170511-12,7303,2608170547.0,,4,,S,,Backnang|Maubach|Nellmersbach|Winnenden|Schwaikheim|Neustadt-Hohenacker|Waiblingen|Fellbach|Stuttgart-Sommerrain|Stuttgart Nürnberger Str.|Stuttgart-Bad Cannstatt,8000096,Stuttgart Hbf,Baden-Württemberg,Stuttgart,70173,9.183172973,48.78473069,1,2608170547.0,,,,,,,,,,,,,0.0,0.0
4640565745735051733-2608170519-1,19433,,2608170519.0,,,ARV,13,,8000096,Stuttgart Hbf,Baden-Württemberg,Stuttgart,70173,9.183172973,48.78473069,1,,,2608170519.0,,h,2.0,Information,,,,,,,0.0,0.0
877764178362168784-2608170537-1,7400,,2608170537.0,,,S,S4,,8000096,Stuttgart Hbf,Baden-Württemberg,Stuttgart,70173,9.183172973,48.78473069,1,,,2608170538.0,,,,,,,,,,,0.0,1.0
2614533843794914291-2608170448-16,19110,2608170550.0,,12,,ARV,,Geislingen(Steige)|Geislingen(Steige)West|Kuchen|Gingen(Fils)|Süßen|Salach|Eislingen(Fils)|Göppingen|Faurndau|Uhingen|Ebersbach(Fils)|Reichenbach(Fils)|Plochingen|Esslingen(Neckar)|Stuttgart-Bad Cannstatt,8000096,Stuttgart Hbf,Baden-Württemberg,Stuttgart,70173,9.183172973,48.78473069,1,2608170552.0,,,,,,,,,,,,,2.0,0.0
-4047300976278874353-2608170426-11,19206,2608170519.0,,11,,RE,,Reutlingen Hbf|Metzingen(Württ)|Bempflingen|Nürtingen|Oberboihingen|Wendlingen(Neckar)|Plochingen|Esslingen(Neckar)|Stuttgart-Untertürkheim|Stuttgart-Bad Cannstatt,8000096,Stuttgart Hbf,Baden-Württemberg,Stuttgart,70173,9.183172973,48.78473069,1,2608170522.0,12.0,,,h,2.0,Bauarbeiten,,,,,,,3.0,0.0
-7363861252398759561-2608162118-13,699,2608170453.0,2608170512.0,16,,ICE,,Berlin Gesundbrunnen|Berlin Hbf|Berlin Südkreuz|Lutherstadt Wittenberg Hbf|Bitterfeld|Leipzig Hbf|Erfurt Hbf|Eisenach Hbf|Frankfurt(Main)Hbf|Frankfurt(M) Flughafen Fernbf|Mannheim Hbf|Heidelberg Hbf,8000096,Stuttgart Hbf,Baden-Württemberg,Stuttgart,70173,9.183172973,48.78473069,1,2608170504.0,15.0,2608170512.0,15.0,h,2.0,Information,,,,,,,11.0,0.0
2163748464943291214-2608170544-1,19261,,2608170544.0,,,RE,MEX12,,8000096,Stuttgart Hbf,Baden-Württemberg,Stuttgart,70173,9.183172973,48.78473069,1,,,2608170544.0,12.0,h,2.0,Bauarbeiten,,,,,,,0.0,0.0
546102445726443994-2608170502-1,776,,2608170502.0,,,ICE,,,8000096,Stuttgart Hbf,Baden-Württemberg,Stuttgart,70173,9.183172973,48.78473069,1,,,2608170502.0,,h,3.0,Information,,,,,,,0.0,0.0
-4311433345129805175-2608170533-3,28466,2608170555.0,,6,,RE,,Böblingen|Stuttgart-Vaihingen,8000096,Stuttgart Hbf,Baden-Württemberg,Stuttgart,70173,9.183172973,48.78473069,1,2608170557.0,5.0,,,,,,,,,,,,2.0,0.0
937531600424895578-2608170549-1,616,,2608170549.0,,,ICE,,,8000096,Stuttgart Hbf,Baden-Württemberg,Stuttgart,70173,9.183172973,48.78473069,1,,,2608170550.0,,h,3.0,Information,,,,,,,0.0,1.0
-4550115281200084116-2608170450-15,7103,2608170535.0,,4,,S,,Kirchheim(Teck)|Kirchheim(Teck)-Ötlingen|Wendlingen(Neckar)|Wernau(Neckar)|Plochingen|Altbach|Esslingen-Zell|Oberesslingen|Esslingen(Neckar)|Esslingen-Mettingen|Stuttgart-Obertürkheim|Stuttgart-Untertürkheim|Stuttgart Neckarpark|Stuttgart-Bad Cannstatt,8000096,Stuttgart Hbf,Baden-Württemberg,Stuttgart,70173,9.183172973,48.78473069,1,2608170535.0,,,,,,,,,,,,,0.0,0.0
6010727060851194349-2608170504-2,56710,2608170514.0,2608170524.0,13,,RE,MEX18,Ludwigsburg,8000096,Stuttgart Hbf,Baden-Württemberg,Stuttgart,70173,9.183172973,48.78473069,1,2608170524.0,15.0,2608170529.0,15.0,,,,,,,,,,10.0,5.0
1266346627314198574-2608170447-9,17604,2608170544.0,,5,,RE,,Horb|Eutingen im Gäu|Ergenzingen|Bondorf(b Herrenberg)|Gäufelden|Herrenberg|Böblingen|Stuttgart-Vaihingen,8000096,Stuttgart Hbf,Baden-Württemberg,Stuttgart,70173,9.183172973,48.78473069,1,2608170544.0,7.0,,,h,2.0,Bauarbeiten,,,,,,,0.0,0.0
3234031874214959676-2608170530-1,19000,,2608170530.0,,,ARV,1,,8000096,Stuttgart Hbf,Baden-Württemberg,Stuttgart,70173,9.183172973,48.78473069,1,,,2608170536.0,,,,,,,,,,p,0.0,6.0
4059477772738430465-2608170455-9,7401,2608170525.0,,1,,S,,Marbach(Neckar)|Benningen(Neckar)|Freiberg(Neckar)|Favoritepark|Ludwigsburg|Kornwestheim Pbf|Stuttgart-Zuffenhausen|Stuttgart Nordbahnhof,8000096,Stuttgart Hbf,Baden-Württemberg,Stuttgart,70173,9.183172973,48.78473069,1,2608170525.0,,,,,,,,,,,,,0.0,0.0
-8964161720775084233-2608170507-8,7503,2608170535.0,,2,,S,,Bietigheim-Bissingen|Tamm(Württ)|Asperg|Ludwigsburg|Kornwestheim Pbf|Stuttgart-Zuffenhausen|Stuttgart Nordbahnhof,8000096,Stuttgart Hbf,Baden-Württemberg,Stuttgart,70173,9.183172973,48.78473069,1,2608170535.0,,,,,,,,,,,,,0.0,0.0
-8461394189732940268-2608170539-1,4243,,2608170539.0,,,RE,RE5,,8000096,Stuttgart Hbf,Baden-Württemberg,Stuttgart,70173,9.183172973,48.78473069,1,,,2608170539.0,,h,2.0,Störung,,,,,,,0.0,0.0
8242933012542256606-2608170441-12,7301,2608170517.0,,4,,S,,Backnang|Maubach|Nellmersbach|Winnenden|Schwaikheim|Neustadt-Hohenacker|Waiblingen|Fellbach|Stuttgart-Sommerrain|Stuttgart Nürnberger Str.|Stuttgart-Bad Cannstatt,8000096,Stuttgart Hbf,Baden-Württemberg,Stuttgart,70173,9.183172973,48.78473069,1,2608170517.0,,,,,,,,,,,,,0.0,0.0
9164848740577760883-2608170525-1,7102,,2608170525.0,,,S,S1,,8000096,Stuttgart Hbf,Baden-Württemberg,Stuttgart,70173,9.183172973,48.78473069,1,,,2608170525.0,,,,,,,,,,,0.0,0.0
-3684860674332666920-2608170557-1,994,,2608170557.0,,,ICE,,,8000096,Stuttgart Hbf,Baden-Württemberg,Stuttgart,70173,9.183172973,48.78473069,1,,,2608170557.0,6.0,,,,,,,,,,0.0,0.0
7415141918952771212-2608170527-1,7502,,2608170527.0,,,S,S5,,8000096,Stuttgart Hbf,Baden-Württemberg,Stuttgart,70173,9.183172973,48.78473069,1,,,2608170527.0,,,,,,,,,,,0.0,0.0
-7541480709171040331-2608170433-15,7201,2608170510.0,,3,,S,,Schorndorf|Weiler(Rems)|Winterbach(b Schorndorf)|Geradstetten|Grunbach|Beutelsbach|Endersbach|Stetten-Beinstein|Rommelshausen|Waiblingen|Fellbach|Stuttgart-Sommerrain|Stuttgart Nürnberger Str.|Stuttgart-Bad Cannstatt,8000096,Stuttgart Hbf,Baden-Württemberg,Stuttgart,70173,9.183172973,48.78473069,1,2608170513.0,,,,h,1.0,Bauarbeiten,,,,,,,3.0,0.0
7774880271960715907-2608170454-9,19404,2608170540.0,,14,,ARV,,Schwäbisch Gmünd|Lorch(Württ)|Waldhausen(b Schorndorf)|Plüderhausen|Urbach(b Schorndorf)|Schorndorf|Waiblingen|Stuttgart-Bad Cannstatt,8000096,Stuttgart Hbf,Baden-Württemberg,Stuttgart,70173,9.183172973,48.78473069,1,2608170540.0,,,,h,2.0,Information,,,,,,,0.0,0.0
2346637743610993471-2608170504-1,19111,,2608170504.0,,,ARV,16,,8000096,Stuttgart Hbf,Baden-Württemberg,Stuttgart,70173,9.183172973,48.78473069,1,,,2608170504.0,,,,,,,,,,,0.0,0.0
-3170854094601281231-2608170550-1,7202,,2608170550.0,,,S,S2,,8000096,Stuttgart Hbf,Baden-Württemberg,Stuttgart,70173,9.183172973,48.78473069,1,,,2608170550.0,,h,1.0,Bauarbeiten,,,,,,,0.0,0.0
-9020622847777394381-2608170437-8,7501,2608170505.0,,2,,S,,Bietigheim-Bissingen|Tamm(Württ)|Asperg|Ludwigsburg|Kornwestheim Pbf|Stuttgart-Zuffenhausen|Stuttgart Nordbahnhof,8000096,Stuttgart Hbf,Baden-Württemberg,Stuttgart,70173,9.183172973,48.78473069,1,2608170505.0,,,,,,,,,,,,,0.0,0.0
7442213844394111459-2608170555-1,7104,,2608170555.0,,,S,S1,,8000096,Stuttgart Hbf,Baden-Württemberg,Stuttgart,70173,9.183172973,48.78473069,1,,,2608170555.0,,,,,,,,,,,0.0,0.0
5958072436106014503-2608170520-1,7200,,2608170520.0,,,S,S2,,8000096,Stuttgart Hbf,Baden-Württemberg,Stuttgart,70173,9.183172973,48.78473069,1,,,2608170521.0,,h,1.0,Bauarbeiten,,,,,,,0.0,1.0
-3523097606434012968-2608170503-1,28467,,2608170503.0,,,RE,RESB,,8000096,Stuttgart Hbf,Baden-Württemberg,Stuttgart,70173,9.183172973,48.78473069,1,,,2608170503.0,,,,,,,,,,,0.0,0.0
5257769799311921186-2608170514-1,19542,,2608170514.0,,,RE,MEX17,,8000096,Stuttgart Hbf,Baden-Württemberg,Stuttgart,70173,9.183172973,48.78473069,1,,,,,h,2.0,Information,,,,,,c,0.0,0.0
7427228833251001015-2608170510-1,19212,,2608170510.0,,,RE,MEX12,,8000096,Stuttgart Hbf,Baden-Württemberg,Stuttgart,70173,9.183172973,48.78473069,1,,,2608170511.0,,,,,,,,,,,0.0,1.0
5937887872805384969-2608170512-1,7300,,2608170512.0,,,S,S3,,8000096,Stuttgart Hbf,Baden-Württemberg,Stuttgart,70173,9.183172973,48.78473069,1,,,2608170516.0,,,,,,,,,,,0.0,4.0
-2119284905102487164-2608170542-1,7302,,2608170542.0,,,S,S3,,8000096,Stuttgart Hbf,Baden-Württemberg,Stuttgart,70173,9.183172973,48.78473069,1,,,2608170542.0,,,,,,,,,,,0.0,0.0
1781534358873638088-2608170437-11,7101,2608170505.0,,4,,S,,Plochingen|Altbach|Esslingen-Zell|Oberesslingen|Esslingen(Neckar)|Esslingen-Mettingen|Stuttgart-Obertürkheim|Stuttgart-Untertürkheim|Stuttgart Neckarpark|Stuttgart-Bad Cannstatt,8000096,Stuttgart Hbf,Baden-Württemberg,Stuttgart,70173,9.183172973,48.78473069,1,2608170508.0,,,,,,,,,,,,,3.0,0.0
-7982574342285083158-2608170557-1,7504,,2608170557.0,,,S,S5,,8000096,Stuttgart Hbf,Baden-Württemberg,Stuttgart,70173,9.183172973,48.78473069,1,,,2608170557.0,,,,,,,,,,,0.0,0.0
-1230331331805101438-2608170549-1,19453,,2608170549.0,,,ARV,13,,8000096,Stuttgart Hbf,Baden-Württemberg,Stuttgart,70173,9.183172973,48.78473069,1,,,2608170549.0,,h,2.0,Information,,,,,,,0.0,0.0
3594080663429713452-2608170503-14,7403,2608170555.0,,1,,S,,Backnang|Burgstall(Murr)|Kirchberg(Murr)|Erdmannhausen|Marbach(Neckar)|Benningen(Neckar)|Freiberg(Neckar)|Favoritepark|Ludwigsburg|Kornwestheim Pbf|Stuttgart-Zuffenhausen|Stuttgart-Feuerbach|Stuttgart Nordbahnhof,8000096,Stuttgart Hbf,Baden-Württemberg,Stuttgart,70173,9.183172973,48.78473069,1,2608170555.0,,,,h,1.0,Bauarbeiten,,,,,,,0.0,0.0
7239447269276523252-2608170503-15,7203,2608170540.0,,3,,S,,Schorndorf|Weiler(Rems)|Winterbach(b Schorndorf)|Geradstetten|Grunbach|Beutelsbach|Endersbach|Stetten-Beinstein|Rommelshausen|Waiblingen|Fellbach|Stuttgart-Sommerrain|Stuttgart Nürnberger Str.|Stuttgart-Bad Cannstatt,8000096,Stuttgart Hbf,Baden-Württemberg,Stuttgart,70173,9.183172973,48.78473069,1,2608170540.0,,,,h,1.0,Bauarbeiten,,,,,,,0.0,0.0
654435539764386713-2608170536-1,19113,,2608170536.0,,,ARV,16,,8000096,Stuttgart Hbf,Baden-Württemberg,Stuttgart,70173,9.183172973,48.78473069,1,,,2608170536.0,13.0,,,,,,,,,,0.0,0.0
-2447356391623694549-2608170414-16,19108,2608170516.0,,12,,ARV,,Geislingen(Steige)|Geislingen(Steige)West|Kuchen|Gingen(Fils)|Süßen|Salach|Eislingen(Fils)|Göppingen|Faurndau|Uhingen|Ebersbach(Fils)|Reichenbach(Fils)|Plochingen|Esslingen(Neckar)|Stuttgart-Bad Cannstatt,8000096,Stuttgart Hbf,Baden-Württemberg,Stuttgart,70173,9.183172973,48.78473069,1,2608170523.0,,,,,,,,,,,c,,7.0,0.0
-4550115281200084116-2608170450-13,7103,2608170527.0,2608170527.0,1,,S,S1,Kirchheim(Teck)|Kirchheim(Teck)-Ötlingen|Wendlingen(Neckar)|Wernau(Neckar)|Plochingen|Altbach|Esslingen-Zell|Oberesslingen|Esslingen(Neckar)|Esslingen-Mettingen|Stuttgart-Obertürkheim|Stuttgart-Untertürkheim,8006743,Stuttgart Neckarpark,Baden-Württemberg,Stuttgart,70372,9.24106855,48.79194362,4,2608170528.0,,2608170528.0,,,,,,,,,,,1.0,1.0
9164848740577760883-2608170525-3,7102,2608170532.0,2608170532.0,2,,S,S1,Stuttgart Hbf|Stuttgart-Bad Cannstatt,8006743,Stuttgart Neckarpark,Baden-Württemberg,Stuttgart,70372,9.24106855,48.79194362,4,2608170533.0,,2608170533.0,,,,,,,,,,,1.0,1.0
8431153246129764034-2608170520-13,7105,2608170557.0,2608170557.0,1,,S,S1,Kirchheim(Teck)|Kirchheim(Teck)-Ötlingen|Wendlingen(Neckar)|Wernau(Neckar)|Plochingen|Altbach|Esslingen-Zell|Oberesslingen|Esslingen(Neckar)|Esslingen-Mettingen|Stuttgart-Obertürkheim|Stuttgart-Untertürkheim,8006743,Stuttgart Neckarpark,Baden-Württemberg,Stuttgart,70372,9.24106855,48.79194362,4,2608170557.0,,2608170557.0,,,,,,,,,,,0.0,0.0
877764178362168784-2608170537-2,7400,2608170540.0,2608170541.0,3,,S,S4,Stuttgart Hbf,8005767,Stuttgart Nord,Baden-Württemberg,Stuttgard-Nord,70174,9.188061449,48.80374161,5,2608170541.0,,2608170542.0,,,,,,,,,,,1.0,1.0
4059477772738430465-2608170455-8,7401,2608170519.0,2608170521.0,4,,S,S4,Marbach(Neckar)|Benningen(Neckar)|Freiberg(Neckar)|Favoritepark|Ludwigsburg|Kornwestheim Pbf|Stuttgart-Zuffenhausen,8005767,Stuttgart Nord,Baden-Württemberg,Stuttgard-Nord,70174,9.188061449,48.80374161,5,2608170519.0,,2608170521.0,,,,,,,,,,,0.0,0.0
-8964161720775084233-2608170507-7,7503,2608170529.0,2608170531.0,4,,S,S5,Bietigheim-Bissingen|Tamm(Württ)|Asperg|Ludwigsburg|Kornwestheim Pbf|Stuttgart-Zuffenhausen,8005767,Stuttgart Nord,Baden-Württemberg,Stuttgard-Nord,70174,9.188061449,48.80374161,5,2608170530.0,,2608170531.0,,,,,,,,,,,1.0,0.0
7314216531638087218-2608170457-2,7500,2608170500.0,2608170501.0,3,,S,S5,Stuttgart Hbf,8005767,Stuttgart Nord,Baden-Württemberg,Stuttgard-Nord,70174,9.188061449,48.80374161,5,2608170501.0,,2608170502.0,,,,,,,,,,,1.0,1.0
5019299385590866360-2608170537-7,7505,2608170559.0,2608170601.0,4,,S,S5,Bietigheim-Bissingen|Tamm(Württ)|Asperg|Ludwigsburg|Kornwestheim Pbf|Stuttgart-Zuffenhausen,8005767,Stuttgart Nord,Baden-Württemberg,Stuttgard-Nord,70174,9.188061449,48.80374161,5,2608170559.0,,2608170601.0,,,,,,,,,,,0.0,0.0
7415141918952771212-2608170527-2,7502,2608170530.0,2608170531.0,3,,S,S5,Stuttgart Hbf,8005767,Stuttgart Nord,Baden-Württemberg,Stuttgard-Nord,70174,9.188061449,48.80374161,5,2608170530.0,,2608170532.0,,,,,,,,,,,0.0,1.0
-9020622847777394381-2608170437-7,7501,2608170459.0,2608170501.0,4,,S,S5,Bietigheim-Bissingen|Tamm(Württ)|Asperg|Ludwigsburg|Kornwestheim Pbf|Stuttgart-Zuffenhausen,8005767,Stuttgart Nord,Baden-Württemberg,Stuttgard-Nord,70174,9.188061449,48.80374161,5,2608170459.0,,2608170501.0,,,,,,,,,,,0.0,0.0
3594080663429713452-2608170503-13,7403,2608170549.0,2608170551.0,4,,S,S4,Backnang|Burgstall(Murr)|Kirchberg(Murr)|Erdmannhausen|Marbach(Neckar)|Benningen(Neckar)|Freiberg(Neckar)|Favoritepark|Ludwigsburg|Kornwestheim Pbf|Stuttgart-Zuffenhausen|Stuttgart-Feuerbach,8005767,Stuttgart Nord,Baden-Württemberg,Stuttgard-Nord,70174,9.188061449,48.80374161,5,2608170551.0,,2608170552.0,,h,1.0,Bauarbeiten,,,,,,,2.0,1.0
9202194719412611846-2608170511-10,7303,2608170537.0,2608170538.0,1,,S,S3,Backnang|Maubach|Nellmersbach|Winnenden|Schwaikheim|Neustadt-Hohenacker|Waiblingen|Fellbach|Stuttgart-Sommerrain,8004357,Stuttgart Nürnberger Straße,Baden-Württemberg,Stuttgart,70374,9.234576905,48.80656062,5,2608170537.0,,2608170538.0,,,,,,,,,,,0.0,0.0
8242933012542256606-2608170441-10,7301,2608170507.0,2608170508.0,1,,S,S3,Backnang|Maubach|Nellmersbach|Winnenden|Schwaikheim|Neustadt-Hohenacker|Waiblingen|Fellbach|Stuttgart-Sommerrain,8004357,Stuttgart Nürnberger Straße,Baden-Württemberg,Stuttgart,70374,9.234576905,48.80656062,5,2608170507.0,,2608170508.0,,,,,,,,,,,0.0,0.0
-7541480709171040331-2608170433-13,7201,2608170502.0,2608170503.0,1,,S,S2,Schorndorf|Weiler(Rems)|Winterbach(b Schorndorf)|Geradstetten|Grunbach|Beutelsbach|Endersbach|Stetten-Beinstein|Rommelshausen|Waiblingen|Fellbach|Stuttgart-Sommerrain,8004357,Stuttgart Nürnberger Straße,Baden-Württemberg,Stuttgart,70374,9.234576905,48.80656062,5,2608170502.0,,2608170503.0,,h,1.0,Bauarbeiten,,,,,,,0.0,0.0
-3170854094601281231-2608170550-3,7202,2608170557.0,2608170557.0,4,,S,S2,Stuttgart Hbf|Stuttgart-Bad Cannstatt,8004357,Stuttgart Nürnberger Straße,Baden-Württemberg,Stuttgart,70374,9.234576905,48.80656062,5,2608170557.0,,2608170557.0,,h,1.0,Bauarbeiten,,,,,,,0.0,0.0
5958072436106014503-2608170520-3,7200,2608170527.0,2608170527.0,4,,S,S2,Stuttgart Hbf|Stuttgart-Bad Cannstatt,8004357,Stuttgart Nürnberger Straße,Baden-Württemberg,Stuttgart,70374,9.234576905,48.80656062,5,2608170529.0,,2608170529.0,,h,1.0,Bauarbeiten,,,,,,,2.0,2.0
5937887872805384969-2608170512-3,7300,2608170522.0,2608170522.0,4,,S,S3,Stuttgart Hbf|Stuttgart-Bad Cannstatt,8004357,Stuttgart Nürnberger Straße,Baden-Württemberg,Stuttgart,70374,9.234576905,48.80656062,5,2608170523.0,,2608170524.0,,,,,,,,,,,1.0,2.0
-2119284905102487164-2608170542-3,7302,2608170552.0,2608170552.0,4,,S,S3,Stuttgart Hbf|Stuttgart-Bad Cannstatt,8004357,Stuttgart Nürnberger Straße,Baden-Württemberg,Stuttgart,70374,9.234576905,48.80656062,5,2608170552.0,,2608170552.0,,,,,,,,,,,0.0,0.0
7239447269276523252-2608170503-13,7203,2608170532.0,2608170533.0,1,,S,S2,Schorndorf|Weiler(Rems)|Winterbach(b Schorndorf)|Geradstetten|Grunbach|Beutelsbach|Endersbach|Stetten-Beinstein|Rommelshausen|Waiblingen|Fellbach|Stuttgart-Sommerrain,8004357,Stuttgart Nürnberger Straße,Baden-Württemberg,Stuttgart,70374,9.234576905,48.80656062,5,2608170532.0,,2608170533.0,,h,1.0,Bauarbeiten,,,,,,,0.0,0.0
9202194719412611846-2608170511-11,7303,2608170541.0,2608170543.0,2,,S,S3,Backnang|Maubach|Nellmersbach|Winnenden|Schwaikheim|Neustadt-Hohenacker|Waiblingen|Fellbach|Stuttgart-Sommerrain|Stuttgart Nürnberger Str.,8005769,Stuttgart-Bad Cannstatt,Baden-Württemberg,Stuttgart,70372,9.217468636,48.80127978,3,2608170541.0,,2608170543.0,,,,,,,,,,,0.0,0.0
4640565745735051733-2608170519-2,19433,2608170523.0,2608170525.0,7,,ARV,13,Stuttgart Hbf,8005769,Stuttgart-Bad Cannstatt,Baden-Württemberg,Stuttgart,70372,9.217468636,48.80127978,3,2608170523.0,,2608170525.0,,h,2.0,Information,,,,,,,0.0,0.0
2614533843794914291-2608170448-15,19110,2608170546.0,2608170547.0,5,,ARV,16,Geislingen(Steige)|Geislingen(Steige)West|Kuchen|Gingen(Fils)|Süßen|Salach|Eislingen(Fils)|Göppingen|Faurndau|Uhingen|Ebersbach(Fils)|Reichenbach(Fils)|Plochingen|Esslingen(Neckar),8005769,Stuttgart-Bad Cannstatt,Baden-Württemberg,Stuttgart,70372,9.217468636,48.80127978,3,2608170547.0,,2608170549.0,,,,,,,,,,,1.0,2.0
-4047300976278874353-2608170426-10,19206,2608170515.0,2608170516.0,5,,RE,MEX12,Reutlingen Hbf|Metzingen(Württ)|Bempflingen|Nürtingen|Oberboihingen|Wendlingen(Neckar)|Plochingen|Esslingen(Neckar)|Stuttgart-Untertürkheim,8005769,Stuttgart-Bad Cannstatt,Baden-Württemberg,Stuttgart,70372,9.217468636,48.80127978,3,2608170517.0,,2608170518.0,,h,2.0,Bauarbeiten,,,,,,,2.0,2.0
2163748464943291214-2608170544-2,19261,2608170547.0,2608170550.0,8,,RE,MEX12,Stuttgart Hbf,8005769,Stuttgart-Bad Cannstatt,Baden-Württemberg,Stuttgart,70372,9.217468636,48.80127978,3,2608170550.0,4.0,2608170550.0,4.0,h,2.0,Bauarbeiten,,,,,,,3.0,0.0
-4550115281200084116-2608170450-14,7103,2608170530.0,2608170531.0,2,,S,S1,Kirchheim(Teck)|Kirchheim(Teck)-Ötlingen|Wendlingen(Neckar)|Wernau(Neckar)|Plochingen|Altbach|Esslingen-Zell|Oberesslingen|Esslingen(Neckar)|Esslingen-Mettingen|Stuttgart-Obertürkheim|Stuttgart-Untertürkheim|Stuttgart Neckarpark,8005769,Stuttgart-Bad Cannstatt,Baden-Württemberg,Stuttgart,70372,9.217468636,48.80127978,3,2608170531.0,,2608170531.0,,,,,,,,,,,1.0,0.0
6010727060851194349-2608170504-3,56710,2608170527.0,2608170527.0,8,,RE,MEX18,Ludwigsburg|Stuttgart Hbf,8005769,Stuttgart-Bad Cannstatt,Baden-Württemberg,Stuttgart,70372,9.217468636,48.80127978,3,2608170533.0,,2608170534.0,,,,,,,,,,,6.0,7.0
8242933012542256606-2608170441-11,7301,2608170511.0,2608170513.0,2,,S,S3,Backnang|Maubach|Nellmersbach|Winnenden|Schwaikheim|Neustadt-Hohenacker|Waiblingen|Fellbach|Stuttgart-Sommerrain|Stuttgart Nürnberger Str.,8005769,Stuttgart-Bad Cannstatt,Baden-Württemberg,Stuttgart,70372,9.217468636,48.80127978,3,2608170512.0,,2608170513.0,,,,,,,,,,,1.0,0.0
9164848740577760883-2608170525-2,7102,2608170528.0,2608170529.0,3,,S,S1,Stuttgart Hbf,8005769,Stuttgart-Bad Cannstatt,Baden-Württemberg,Stuttgart,70372,9.217468636,48.80127978,3,2608170529.0,,2608170530.0,,,,,,,,,,,1.0,1.0
-7541480709171040331-2608170433-14,7201,2608170505.0,2608170506.0,2,,S,S2,Schorndorf|Weiler(Rems)|Winterbach(b Schorndorf)|Geradstetten|Grunbach|Beutelsbach|Endersbach|Stetten-Beinstein|Rommelshausen|Waiblingen|Fellbach|Stuttgart-Sommerrain|Stuttgart Nürnberger Str.,8005769,Stuttgart-Bad Cannstatt,Baden-Württemberg,Stuttgart,70372,9.217468636,48.80127978,3,2608170508.0,,2608170509.0,,h,1.0,Bauarbeiten,,,,,,,3.0,3.0
7774880271960715907-2608170454-8,19404,2608170535.0,2608170536.0,6,,ARV,13,Schwäbisch Gmünd|Lorch(Württ)|Waldhausen(b Schorndorf)|Plüderhausen|Urbach(b Schorndorf)|Schorndorf|Waiblingen,8005769,Stuttgart-Bad Cannstatt,Baden-Württemberg,Stuttgart,70372,9.217468636,48.80127978,3,2608170535.0,,2608170536.0,,h,2.0,Information,,,,,,,0.0,0.0
2346637743610993471-2608170504-2,19111,2608170507.0,2608170508.0,8,,ARV,16,Stuttgart Hbf,8005769,Stuttgart-Bad Cannstatt,Baden-Württemberg,Stuttgart,70372,9.217468636,48.80127978,3,2608170507.0,,2608170508.0,,,,,,,,,,,0.0,0.0
-3170854094601281231-2608170550-2,7202,2608170554.0,2608170554.0,3,,S,S2,Stuttgart Hbf,8005769,Stuttgart-Bad Cannstatt,Baden-Württemberg,Stuttgart,70372,9.217468636,48.80127978,3,2608170554.0,,2608170554.0,,h,1.0,Bauarbeiten,,,,,,,0.0,0.0
8513134191022821080-2608170504-10,17504,2608170557.0,2608170558.0,6,,RB,MEX90,Gaildorf West|Fichtenberg|Fornsbach|Murrhardt|Sulzbach(Murr)|Oppenweiler(Württ)|Backnang|Winnenden|Waiblingen,8005769,Stuttgart-Bad Cannstatt,Baden-Württemberg,Stuttgart,70372,9.217468636,48.80127978,3,2608170558.0,,2608170558.0,,,,,,,,,,,1.0,0.0
7442213844394111459-2608170555-2,7104,2608170558.0,2608170559.0,3,,S,S1,Stuttgart Hbf,8005769,Stuttgart-Bad Cannstatt,Baden-Württemberg,Stuttgart,70372,9.217468636,48.80127978,3,2608170558.0,,2608170559.0,,,,,,,,,,,0.0,0.0
5958072436106014503-2608170520-2,7200,2608170524.0,2608170524.0,3,,S,S2,Stuttgart Hbf,8005769,Stuttgart-Bad Cannstatt,Baden-Württemberg,Stuttgart,70372,9.217468636,48.80127978,3,2608170525.0,,2608170526.0,,h,1.0,Bauarbeiten,,,,,,,1.0,2.0
5937887872805384969-2608170512-2,7300,2608170516.0,2608170519.0,3,,S,S3,Stuttgart Hbf,8005769,Stuttgart-Bad Cannstatt,Baden-Württemberg,Stuttgart,70372,9.217468636,48.80127978,3,2608170519.0,,2608170520.0,,,,,,,,,,,3.0,1.0
-2119284905102487164-2608170542-2,7302,2608170546.0,2608170549.0,3,,S,S3,Stuttgart Hbf,8005769,Stuttgart-Bad Cannstatt,Baden-Württemberg,Stuttgart,70372,9.217468636,48.80127978,3,2608170546.0,,2608170549.0,,,,,,,,,,,0.0,0.0
1781534358873638088-2608170437-10,7101,2608170500.0,2608170501.0,2,,S,S1,Plochingen|Altbach|Esslingen-Zell|Oberesslingen|Esslingen(Neckar)|Esslingen-Mettingen|Stuttgart-Obertürkheim|Stuttgart-Untertürkheim|Stuttgart Neckarpark,8005769,Stuttgart-Bad Cannstatt,Baden-Württemberg,Stuttgart,70372,9.217468636,48.80127978,3,2608170505.0,,2608170505.0,,,,,,,,,,,5.0,4.0
-1230331331805101438-2608170549-2,19453,2608170552.0,2608170552.0,7,,ARV,13,Stuttgart Hbf,8005769,Stuttgart-Bad Cannstatt,Baden-Württemberg,Stuttgart,70372,9.217468636,48.80127978,3,2608170553.0,,2608170554.0,,h,2.0,Information,,,,,,,1.0,2.0
7239447269276523252-2608170503-14,7203,2608170535.0,2608170536.0,2,,S,S2,Schorndorf|Weiler(Rems)|Winterbach(b Schorndorf)|Geradstetten|Grunbach|Beutelsbach|Endersbach|Stetten-Beinstein|Rommelshausen|Waiblingen|Fellbach|Stuttgart-Sommerrain|Stuttgart Nürnberger Str.,8005769,Stuttgart-Bad Cannstatt,Baden-Württemberg,Stuttgart,70372,9.217468636,48.80127978,3,2608170535.0,,2608170536.0,,h,1.0,Bauarbeiten,,,,,,,0.0,0.0
654435539764386713-2608170536-2,19113,2608170539.0,2608170539.0,8,,ARV,16,Stuttgart Hbf,8005769,Stuttgart-Bad Cannstatt,Baden-Württemberg,Stuttgart,70372,9.217468636,48.80127978,3,2608170540.0,7.0,2608170541.0,7.0,,,,,,,,,,1.0,2.0
-2447356391623694549-2608170414-15,19108,2608170512.0,2608170512.0,5,,ARV,16,Geislingen(Steige)|Geislingen(Steige)West|Kuchen|Gingen(Fils)|Süßen|Salach|Eislingen(Fils)|Göppingen|Faurndau|Uhingen|Ebersbach(Fils)|Reichenbach(Fils)|Plochingen|Esslingen(Neckar),8005769,Stuttgart-Bad Cannstatt,Baden-Württemberg,Stuttgart,70372,9.217468636,48.80127978,3,2608170520.0,,2608170520.0,,,,,,,,,c,c,8.0,8.0
-4340175269954214957-2608170525-1,7600,,2608170525.0,,,S,S6,,8005770,Stuttgart-Feuerbach,Baden-Württemberg,Feuerbach,70469,9.169186287,48.81363554,3,,,2608170525.0,,h,1.0,Bauarbeiten,,,,,,,0.0,0.0
-1663230384092736702-2608170555-1,7602,,2608170555.0,,,S,S6,,8005770,Stuttgart-Feuerbach,Baden-Württemberg,Feuerbach,70469,9.169186287,48.81363554,3,,,2608170557.0,,h,1.0,Bauarbeiten,,,,,,,0.0,2.0
5411763714021984948-2608170433-12,7601,2608170505.0,,1a,,S,,Weil der Stadt|Malmsheim|Renningen|Rutesheim|Leonberg|Höfingen|Ditzingen|Weilimdorf|Korntal|Neuwirtshaus(Porscheplatz)|Stuttgart-Zuffenhausen,8005770,Stuttgart-Feuerbach,Baden-Württemberg,Feuerbach,70469,9.169186287,48.81363554,3,2608170506.0,,,,h,1.0,Bauarbeiten,,,,,,,1.0,0.0
-6907385007682035819-2608170503-12,7603,2608170535.0,,1a,,S,,Weil der Stadt|Malmsheim|Renningen|Rutesheim|Leonberg|Höfingen|Ditzingen|Weilimdorf|Korntal|Neuwirtshaus(Porscheplatz)|Stuttgart-Zuffenhausen,8005770,Stuttgart-Feuerbach,Baden-Württemberg,Feuerbach,70469,9.169186287,48.81363554,3,2608170537.0,,,,h,1.0,Bauarbeiten,,,,,,,2.0,0.0
3594080663429713452-2608170503-12,7403,2608170546.0,2608170546.0,1,,S,S4,Backnang|Burgstall(Murr)|Kirchberg(Murr)|Erdmannhausen|Marbach(Neckar)|Benningen(Neckar)|Freiberg(Neckar)|Favoritepark|Ludwigsburg|Kornwestheim Pbf|Stuttgart-Zuffenhausen,8005770,Stuttgart-Feuerbach,Baden-Württemberg,Feuerbach,70469,9.169186287,48.81363554,3,,,,,h,1.0,Bauarbeiten,,,,,c,c,0.0,0.0
-4550115281200084116-2608170450-11,7103,2608170522.0,2608170522.0,5,,S,S1,Kirchheim(Teck)|Kirchheim(Teck)-Ötlingen|Wendlingen(Neckar)|Wernau(Neckar)|Plochingen|Altbach|Esslingen-Zell|Oberesslingen|Esslingen(Neckar)|Esslingen-Mettingen,8005772,Stuttgart-Obertürkheim,Baden-Württemberg,Stuttgart,70329,9.268167932,48.76175015,4,2608170523.0,,2608170524.0,,,,,,,,,,,1.0,2.0
9164848740577760883-2608170525-5,7102,2608170537.0,2608170537.0,6,,S,S1,Stuttgart Hbf|Stuttgart-Bad Cannstatt|Stuttgart Neckarpark|Stuttgart-Untertürkheim,8005772,Stuttgart-Obertürkheim,Baden-Württemberg,Stuttgart,70329,9.268167932,48.76175015,4,2608170537.0,,2608170538.0,,,,,,,,,,,0.0,1.0
8431153246129764034-2608170520-11,7105,2608170552.0,2608170552.0,5,,S,S1,Kirchheim(Teck)|Kirchheim(Teck)-Ötlingen|Wendlingen(Neckar)|Wernau(Neckar)|Plochingen|Altbach|Esslingen-Zell|Oberesslingen|Esslingen(Neckar)|Esslingen-Mettingen,8005772,Stuttgart-Obertürkheim,Baden-Württemberg,Stuttgart,70329,9.268167932,48.76175015,4,2608170552.0,,2608170553.0,,,,,,,,,,,0.0,1.0
7386663596761635454-2608170533-6,7902,2608170548.0,2608170549.0,3,,S,S2,Filderstadt|Stuttgart Flughafen/Messe|Echterdingen|Leinfelden|Oberaichen,8005773,Stuttgart-Rohr,Baden-Württemberg,Stuttgart,70565,9.108158025,48.71799427,4,2608170548.0,,2608170549.0,,,,,,,,,,,0.0,0.0
2671206728817285836-2608170546-2,7703,2608170547.0,2608170553.0,2,,S,S1,Stuttgart-Vaihingen,8005773,Stuttgart-Rohr,Baden-Württemberg,Stuttgart,70565,9.108158025,48.71799427,4,2608170547.0,,2608170553.0,,,,,,,,,,,0.0,0.0
3518429446344899643-2608170505-2,7901,2608170506.0,2608170512.0,2,,S,S2,Stuttgart-Vaihingen,8005773,Stuttgart-Rohr,Baden-Württemberg,Stuttgart,70565,9.108158025,48.71799427,4,2608170506.0,,2608170512.0,,,,,,,,,,,0.0,0.0
-1097970535552752096-2608170446-8,7702,2608170507.0,2608170508.0,3,,S,S1,Herrenberg|Nufringen|Gärtringen|Ehningen(b Böblingen)|Hulb|Böblingen|Goldberg(Württ),8005773,Stuttgart-Rohr,Baden-Württemberg,Stuttgart,70565,9.108158025,48.71799427,4,2608170509.0,,2608170509.0,,,,,,,,,,,2.0,1.0
-4514707991232065186-2608170516-2,7701,2608170517.0,2608170523.0,2,,S,S1,Stuttgart-Vaihingen,8005773,Stuttgart-Rohr,Baden-Württemberg,Stuttgart,70565,9.108158025,48.71799427,4,2608170518.0,,2608170524.0,,,,,,,,,,,1.0,1.0
8721469626637288760-2608170503-6,7900,2608170518.0,2608170519.0,3,,S,S2,Filderstadt|Stuttgart Flughafen/Messe|Echterdingen|Leinfelden|Oberaichen,8005773,Stuttgart-Rohr,Baden-Württemberg,Stuttgart,70565,9.108158025,48.71799427,4,2608170519.0,,2608170520.0,,,,,,,,,,,1.0,1.0
-2405166093230194339-2608170516-8,7704,2608170537.0,2608170538.0,3,,S,S1,Herrenberg|Nufringen|Gärtringen|Ehningen(b Böblingen)|Hulb|Böblingen|Goldberg(Württ),8005773,Stuttgart-Rohr,Baden-Württemberg,Stuttgart,70565,9.108158025,48.71799427,4,2608170539.0,,2608170540.0,,,,,,,,,,,2.0,2.0
-6993381527625991996-2608170535-2,7903,2608170536.0,2608170542.0,2,,S,S2,Stuttgart-Vaihingen,8005773,Stuttgart-Rohr,Baden-Württemberg,Stuttgart,70565,9.108158025,48.71799427,4,2608170536.0,,2608170542.0,,,,,,,,,,,0.0,0.0
9202194719412611846-2608170511-9,7303,2608170535.0,2608170535.0,1,,S,S3,Backnang|Maubach|Nellmersbach|Winnenden|Schwaikheim|Neustadt-Hohenacker|Waiblingen|Fellbach,8005774,Stuttgart-Sommerrain,Baden-Württemberg,Stuttgart,70374,9.248369749,48.81521824,5,2608170535.0,,2608170535.0,,,,,,,,,,,0.0,0.0
8242933012542256606-2608170441-9,7301,2608170505.0,2608170505.0,1,,S,S3,Backnang|Maubach|Nellmersbach|Winnenden|Schwaikheim|Neustadt-Hohenacker|Waiblingen|Fellbach,8005774,Stuttgart-Sommerrain,Baden-Württemberg,Stuttgart,70374,9.248369749,48.81521824,5,2608170505.0,,2608170505.0,,,,,,,,,,,0.0,0.0
-7541480709171040331-2608170433-12,7201,2608170500.0,2608170500.0,1,,S,S2,Schorndorf|Weiler(Rems)|Winterbach(b Schorndorf)|Geradstetten|Grunbach|Beutelsbach|Endersbach|Stetten-Beinstein|Rommelshausen|Waiblingen|Fellbach,8005774,Stuttgart-Sommerrain,Baden-Württemberg,Stuttgart,70374,9.248369749,48.81521824,5,2608170500.0,,2608170501.0,,h,1.0,Bauarbeiten,,,,,,,0.0,1.0
-3170854094601281231-2608170550-4,7202,2608170559.0,2608170559.0,4,,S,S2,Stuttgart Hbf|Stuttgart-Bad Cannstatt|Stuttgart Nürnberger Str.,8005774,Stuttgart-Sommerrain,Baden-Württemberg,Stuttgart,70374,9.248369749,48.81521824,5,2608170559.0,,2608170559.0,,h,1.0,Bauarbeiten,,,,,,,0.0,0.0
5958072436106014503-2608170520-4,7200,2608170529.0,2608170529.0,4,,S,S2,Stuttgart Hbf|Stuttgart-Bad Cannstatt|Stuttgart Nürnberger Str.,8005774,Stuttgart-Sommerrain,Baden-Württemberg,Stuttgart,70374,9.248369749,48.81521824,5,2608170531.0,,2608170531.0,,h,1.0,Bauarbeiten,,,,,,,2.0,2.0
5937887872805384969-2608170512-4,7300,2608170524.0,2608170524.0,4,,S,S3,Stuttgart Hbf|Stuttgart-Bad Cannstatt|Stuttgart Nürnberger Str.,8005774,Stuttgart-Sommerrain,Baden-Württemberg,Stuttgart,70374,9.248369749,48.81521824,5,2608170525.0,,2608170526.0,,,,,,,,,,,1.0,2.0
-2119284905102487164-2608170542-4,7302,2608170554.0,2608170554.0,4,,S,S3,Stuttgart Hbf|Stuttgart-Bad Cannstatt|Stuttgart Nürnberger Str.,8005774,Stuttgart-Sommerrain,Baden-Württemberg,Stuttgart,70374,9.248369749,48.81521824,5,2608170554.0,,2608170554.0,,,,,,,,,,,0.0,0.0
7239447269276523252-2608170503-12,7203,2608170530.0,2608170530.0,1,,S,S2,Schorndorf|Weiler(Rems)|Winterbach(b Schorndorf)|Geradstetten|Grunbach|Beutelsbach|Endersbach|Stetten-Beinstein|Rommelshausen|Waiblingen|Fellbach,8005774,Stuttgart-Sommerrain,Baden-Württemberg,Stuttgart,70374,9.248369749,48.81521824,5,2608170530.0,,2608170530.0,,h,1.0,Bauarbeiten,,,,,,,0.0,0.0
-4047300976278874353-2608170426-9,19206,2608170512.0,2608170512.0,3,,RE,MEX12,Reutlingen Hbf|Metzingen(Württ)|Bempflingen|Nürtingen|Oberboihingen|Wendlingen(Neckar)|Plochingen|Esslingen(Neckar),8005775,Stuttgart-Untertürkheim Pbf,Baden-Württemberg,Stuttgart,70327,9.250467074,48.77984679,3,2608170513.0,,2608170514.0,,h,2.0,Bauarbeiten,,,,,,,1.0,2.0
-4550115281200084116-2608170450-12,7103,2608170525.0,2608170525.0,5,,S,S1,Kirchheim(Teck)|Kirchheim(Teck)-Ötlingen|Wendlingen(Neckar)|Wernau(Neckar)|Plochingen|Altbach|Esslingen-Zell|Oberesslingen|Esslingen(Neckar)|Esslingen-Mettingen|Stuttgart-Obertürkheim,8005775,Stuttgart-Untertürkheim Pbf,Baden-Württemberg,Stuttgart,70327,9.250467074,48.77984679,3,2608170526.0,,2608170526.0,,,,,,,,,,,1.0,1.0
9164848740577760883-2608170525-4,7102,2608170534.0,2608170534.0,6,,S,S1,Stuttgart Hbf|Stuttgart-Bad Cannstatt|Stuttgart Neckarpark,8005775,Stuttgart-Untertürkheim Pbf,Baden-Württemberg,Stuttgart,70327,9.250467074,48.77984679,3,2608170534.0,,2608170535.0,,,,,,,,,,,0.0,1.0
8431153246129764034-2608170520-12,7105,2608170555.0,2608170555.0,5,,S,S1,Kirchheim(Teck)|Kirchheim(Teck)-Ötlingen|Wendlingen(Neckar)|Wernau(Neckar)|Plochingen|Altbach|Esslingen-Zell|Oberesslingen|Esslingen(Neckar)|Esslingen-Mettingen|Stuttgart-Obertürkheim,8005775,Stuttgart-Untertürkheim Pbf,Baden-Württemberg,Stuttgart,70327,9.250467074,48.77984679,3,2608170555.0,,2608170556.0,,,,,,,,,,,0.0,1.0
7386663596761635454-2608170533-7,7902,2608170550.0,,2,,S,,Filderstadt|Stuttgart Flughafen/Messe|Echterdingen|Leinfelden|Oberaichen|Stuttgart-Rohr,8005776,Stuttgart-Vaihingen,Baden-Württemberg,Stuttgart,70563,9.113913368,48.72698116,3,2608170550.0,,,,,,,,,,,,,0.0,0.0
2671206728817285836-2608170546-1,7703,,2608170546.0,,,S,S1,,8005776,Stuttgart-Vaihingen,Baden-Württemberg,Stuttgart,70563,9.113913368,48.72698116,3,,,2608170546.0,,,,,,,,,,,0.0,0.0
3518429446344899643-2608170505-1,7901,,2608170505.0,,,S,S2,,8005776,Stuttgart-Vaihingen,Baden-Württemberg,Stuttgart,70563,9.113913368,48.72698116,3,,,2608170505.0,,,,,,,,,,,0.0,0.0
-4311433345129805175-2608170533-2,28466,2608170541.0,2608170541.0,4,,RE,RESB,Böblingen,8005776,Stuttgart-Vaihingen,Baden-Württemberg,Stuttgart,70563,9.113913368,48.72698116,3,2608170542.0,,2608170543.0,,,,,,,,,,,1.0,2.0
-1097970535552752096-2608170446-9,7702,2608170510.0,,2,,S,,Herrenberg|Nufringen|Gärtringen|Ehningen(b Böblingen)|Hulb|Böblingen|Goldberg(Württ)|Stuttgart-Rohr,8005776,Stuttgart-Vaihingen,Baden-Württemberg,Stuttgart,70563,9.113913368,48.72698116,3,2608170511.0,,,,,,,,,,,,,1.0,0.0
-4514707991232065186-2608170516-1,7701,,2608170516.0,,,S,S1,,8005776,Stuttgart-Vaihingen,Baden-Württemberg,Stuttgart,70563,9.113913368,48.72698116,3,,,2608170516.0,,,,,,,,,,,0.0,0.0
1266346627314198574-2608170447-8,17604,2608170528.0,2608170529.0,4,,RE,RE14a,Horb|Eutingen im Gäu|Ergenzingen|Bondorf(b Herrenberg)|Gäufelden|Herrenberg|Böblingen,8005776,Stuttgart-Vaihingen,Baden-Württemberg,Stuttgart,70563,9.113913368,48.72698116,3,2608170528.0,,2608170529.0,,h,2.0,Bauarbeiten,,,,,,,0.0,0.0
-7178872726415890131-2608170458-2,17611,2608170513.0,2608170514.0,1,,RE,RE14a,Stuttgart Hbf,8005776,Stuttgart-Vaihingen,Baden-Württemberg,Stuttgart,70563,9.113913368,48.72698116,3,2608170515.0,,2608170516.0,,h,2.0,Bauarbeiten,,,,,,,2.0,2.0
8721469626637288760-2608170503-7,7900,2608170520.0,,3,,S,,Filderstadt|Stuttgart Flughafen/Messe|Echterdingen|Leinfelden|Oberaichen|Stuttgart-Rohr,8005776,Stuttgart-Vaihingen,Baden-Württemberg,Stuttgart,70563,9.113913368,48.72698116,3,2608170521.0,,,,,,,,,,,,,1.0,0.0
-3523097606434012968-2608170503-2,28467,2608170518.0,2608170519.0,4,,RE,RESB,Stuttgart Hbf,8005776,Stuttgart-Vaihingen,Baden-Württemberg,Stuttgart,70563,9.113913368,48.72698116,3,2608170521.0,,2608170521.0,,,,,,,,,,,3.0,2.0
-2405166093230194339-2608170516-9,7704,2608170540.0,,3,,S,,Herrenberg|Nufringen|Gärtringen|Ehningen(b Böblingen)|Hulb|Böblingen|Goldberg(Württ)|Stuttgart-Rohr,8005776,Stuttgart-Vaihingen,Baden-Württemberg,Stuttgart,70563,9.113913368,48.72698116,3,2608170541.0,,,,,,,,,,,,,1.0,0.0
-6993381527625991996-2608170535-1,7903,,2608170535.0,,,S,S2,,8005776,Stuttgart-Vaihingen,Baden-Württemberg,Stuttgart,70563,9.113913368,48.72698116,3,,,2608170535.0,,,,,,,,,,,0.0,0.0
8966049452247091565-2608170541-4,7006,2608170548.0,2608170548.0,1,,S,S60,Stuttgart-Zuffenhausen|Neuwirtshaus(Porscheplatz)|Korntal,8006268,Stuttgart-Weilimdorf,Baden-Württemberg,Stuttgart,70499,9.094370086,48.82208429,5,2608170548.0,,2608170548.0,,h,1.0,Bauarbeiten,,,,,,,0.0,0.0
-4340175269954214957-2608170525-5,7600,2608170533.0,2608170534.0,1,,S,S6,Stuttgart-Feuerbach|Stuttgart-Zuffenhausen|Neuwirtshaus(Porscheplatz)|Korntal,8006268,Stuttgart-Weilimdorf,Baden-Württemberg,Stuttgart,70499,9.094370086,48.82208429,5,2608170534.0,,2608170534.0,,h,1.0,Bauarbeiten,,,,,,,1.0,0.0
-2302755521633165327-2608170511-4,7004,2608170518.0,2608170518.0,1,,S,S60,Stuttgart-Zuffenhausen|Neuwirtshaus(Porscheplatz)|Korntal,8006268,Stuttgart-Weilimdorf,Baden-Württemberg,Stuttgart,70499,9.094370086,48.82208429,5,2608170518.0,,2608170519.0,,h,1.0,Bauarbeiten,,,,,,,0.0,1.0
-6199987628200262080-2608170533-8,7605,2608170556.0,2608170556.0,2,,S,S6,Weil der Stadt|Malmsheim|Renningen|Rutesheim|Leonberg|Höfingen|Ditzingen,8006268,Stuttgart-Weilimdorf,Baden-Württemberg,Stuttgart,70499,9.094370086,48.82208429,5,2608170556.0,,2608170557.0,,h,1.0,Bauarbeiten,,,,,,,0.0,1.0
-6907385007682035819-2608170503-8,7603,2608170526.0,2608170526.0,2,,S,S6,Weil der Stadt|Malmsheim|Renningen|Rutesheim|Leonberg|Höfingen|Ditzingen,8006268,Stuttgart-Weilimdorf,Baden-Württemberg,Stuttgart,70499,9.094370086,48.82208429,5,2608170526.0,,2608170526.0,,h,1.0,Bauarbeiten,,,,,,,0.0,0.0
319624839717573990-2608170504-12,7001,2608170541.0,2608170541.0,2,,S,S60,Böblingen|Sindelfingen|Maichingen|Maichingen Nord|Magstadt|Renningen Süd|Renningen|Rutesheim|Leonberg|Höfingen|Ditzingen,8006268,Stuttgart-Weilimdorf,Baden-Württemberg,Stuttgart,70499,9.094370086,48.82208429,5,2608170541.0,,2608170542.0,,h,1.0,Bauarbeiten,,,,,,,0.0,1.0
877764178362168784-2608170537-3,7400,2608170546.0,2608170547.0,4,,S,S4,Stuttgart Hbf|Stuttgart Nordbahnhof,8005778,Stuttgart-Zuffenhausen,Baden-Württemberg,Stuttgart,70435,9.167156375,48.82960884,3,2608170546.0,,2608170547.0,,,,,,,,,,,0.0,0.0
8966049452247091565-2608170541-1,7006,,2608170541.0,,,S,S60,,8005778,Stuttgart-Zuffenhausen,Baden-Württemberg,Stuttgart,70435,9.167156375,48.82960884,3,,,2608170541.0,,h,1.0,Bauarbeiten,,,,,,,0.0,0.0
-4340175269954214957-2608170525-2,7600,2608170526.0,2608170527.0,12,,S,S6,Stuttgart-Feuerbach,8005778,Stuttgart-Zuffenhausen,Baden-Württemberg,Stuttgart,70435,9.167156375,48.82960884,3,2608170527.0,,2608170527.0,,h,1.0,Bauarbeiten,,,,,,,1.0,0.0
-2302755521633165327-2608170511-1,7004,,2608170511.0,,,S,S60,,8005778,Stuttgart-Zuffenhausen,Baden-Württemberg,Stuttgart,70435,9.167156375,48.82960884,3,,,2608170511.0,,h,1.0,Bauarbeiten,,,,,,,0.0,0.0
-1663230384092736702-2608170555-2,7602,2608170556.0,2608170557.0,12,,S,S6,Stuttgart-Feuerbach,8005778,Stuttgart-Zuffenhausen,Baden-Württemberg,Stuttgart,70435,9.167156375,48.82960884,3,2608170559.0,,2608170558.0,,h,1.0,Bauarbeiten,,,,,,,3.0,1.0
5411763714021984948-2608170433-11,7601,2608170503.0,2608170504.0,12,,S,S6,Weil der Stadt|Malmsheim|Renningen|Rutesheim|Leonberg|Höfingen|Ditzingen|Weilimdorf|Korntal|Neuwirtshaus(Porscheplatz),8005778,Stuttgart-Zuffenhausen,Baden-Württemberg,Stuttgart,70435,9.167156375,48.82960884,3,2608170503.0,,2608170504.0,,h,1.0,Bauarbeiten,,,,,,,0.0,0.0
4059477772738430465-2608170455-7,7401,2608170513.0,2608170514.0,5,,S,S4,Marbach(Neckar)|Benningen(Neckar)|Freiberg(Neckar)|Favoritepark|Ludwigsburg|Kornwestheim Pbf,8005778,Stuttgart-Zuffenhausen,Baden-Württemberg,Stuttgart,70435,9.167156375,48.82960884,3,2608170513.0,,2608170514.0,,,,,,,,,,,0.0,0.0
-8964161720775084233-2608170507-6,7503,2608170523.0,2608170524.0,5,,S,S5,Bietigheim-Bissingen|Tamm(Württ)|Asperg|Ludwigsburg|Kornwestheim Pbf,8005778,Stuttgart-Zuffenhausen,Baden-Württemberg,Stuttgart,70435,9.167156375,48.82960884,3,2608170525.0,,2608170526.0,,,,,,,,,,,2.0,2.0
-6907385007682035819-2608170503-11,7603,2608170533.0,2608170534.0,12,,S,S6,Weil der Stadt|Malmsheim|Renningen|Rutesheim|Leonberg|Höfingen|Ditzingen|Weilimdorf|Korntal|Neuwirtshaus(Porscheplatz),8005778,Stuttgart-Zuffenhausen,Baden-Württemberg,Stuttgart,70435,9.167156375,48.82960884,3,2608170534.0,,2608170535.0,,h,1.0,Bauarbeiten,,,,,,,1.0,1.0
7314216531638087218-2608170457-3,7500,2608170506.0,2608170507.0,4,,S,S5,Stuttgart Hbf|Stuttgart Nordbahnhof,8005778,Stuttgart-Zuffenhausen,Baden-Württemberg,Stuttgart,70435,9.167156375,48.82960884,3,2608170506.0,,2608170507.0,,,,,,,,,,,0.0,0.0
5019299385590866360-2608170537-6,7505,2608170553.0,2608170554.0,5,,S,S5,Bietigheim-Bissingen|Tamm(Württ)|Asperg|Ludwigsburg|Kornwestheim Pbf,8005778,Stuttgart-Zuffenhausen,Baden-Württemberg,Stuttgart,70435,9.167156375,48.82960884,3,2608170554.0,,2608170555.0,,,,,,,,,,,1.0,1.0
7415141918952771212-2608170527-3,7502,2608170536.0,2608170537.0,4,,S,S5,Stuttgart Hbf|Stuttgart Nordbahnhof,8005778,Stuttgart-Zuffenhausen,Baden-Württemberg,Stuttgart,70435,9.167156375,48.82960884,3,2608170536.0,,2608170537.0,,,,,,,,,,,0.0,0.0
319624839717573990-2608170504-15,7001,2608170548.0,,11,,S,,Böblingen|Sindelfingen|Maichingen|Maichingen Nord|Magstadt|Renningen Süd|Renningen|Rutesheim|Leonberg|Höfingen|Ditzingen|Weilimdorf|Korntal|Neuwirtshaus(Porscheplatz),8005778,Stuttgart-Zuffenhausen,Baden-Württemberg,Stuttgart,70435,9.167156375,48.82960884,3,2608170549.0,,,,h,1.0,Bauarbeiten,,,,,,,1.0,0.0
3594080663429713452-2608170503-11,7403,2608170543.0,2608170544.0,5,,S,S4,Backnang|Burgstall(Murr)|Kirchberg(Murr)|Erdmannhausen|Marbach(Neckar)|Benningen(Neckar)|Freiberg(Neckar)|Favoritepark|Ludwigsburg|Kornwestheim Pbf,8005778,Stuttgart-Zuffenhausen,Baden-Württemberg,Stuttgart,70435,9.167156375,48.82960884,3,2608170545.0,,2608170547.0,,h,1.0,Bauarbeiten,,,,,,,2.0,3.0
-8964161720775084233-2608170507-2,7503,2608170510.0,2608170510.0,2,,S,S5,Bietigheim-Bissingen,8005820,Tamm (Württ),Baden-Württemberg,Tamm,71732,9.125288012,48.92187736,4,2608170510.0,,2608170510.0,,,,,,,,,,,0.0,0.0
7314216531638087218-2608170457-7,7500,2608170520.0,2608170520.0,3,,S,S5,Stuttgart Hbf|Stuttgart Nordbahnhof|Stuttgart-Zuffenhausen|Kornwestheim Pbf|Ludwigsburg|Asperg,8005820,Tamm (Württ),Baden-Württemberg,Tamm,71732,9.125288012,48.92187736,4,2608170522.0,,2608170523.0,,,,,,,,,,,2.0,3.0
5019299385590866360-2608170537-2,7505,2608170540.0,2608170540.0,2,,S,S5,Bietigheim-Bissingen,8005820,Tamm (Württ),Baden-Württemberg,Tamm,71732,9.125288012,48.92187736,4,2608170540.0,,2608170541.0,,,,,,,,,,,0.0,1.0
7415141918952771212-2608170527-7,7502,2608170550.0,2608170550.0,3,,S,S5,Stuttgart Hbf|Stuttgart Nordbahnhof|Stuttgart-Zuffenhausen|Kornwestheim Pbf|Ludwigsburg|Asperg,8005820,Tamm (Württ),Baden-Württemberg,Tamm,71732,9.125288012,48.92187736,4,2608170550.0,,2608170550.0,,,,,,,,,,,0.0,0.0
9202194719412611846-2608170511-7,7303,2608170529.0,2608170530.0,1,,S,S3,Backnang|Maubach|Nellmersbach|Winnenden|Schwaikheim|Neustadt-Hohenacker,8000180,Waiblingen,Baden-Württemberg,Waiblingen,71332,9.300476874,48.8262444,3,2608170529.0,,2608170530.0,,,,,,,,,,,0.0,0.0
4640565745735051733-2608170519-3,19433,2608170532.0,2608170532.0,6,,ARV,13,Stuttgart Hbf|Stuttgart-Bad Cannstatt,8000180,Waiblingen,Baden-Württemberg,Waiblingen,71332,9.300476874,48.8262444,3,2608170533.0,7.0,2608170533.0,7.0,h,2.0,Information,,,,,,,1.0,1.0
-4339967412658663229-2608170533-10,7205,2608170554.0,2608170555.0,5,,S,S2,Schorndorf|Weiler(Rems)|Winterbach(b Schorndorf)|Geradstetten|Grunbach|Beutelsbach|Endersbach|Stetten-Beinstein|Rommelshausen,8000180,Waiblingen,Baden-Württemberg,Waiblingen,71332,9.300476874,48.8262444,3,2608170554.0,,2608170555.0,,h,1.0,Bauarbeiten,,,,,,,0.0,0.0
4883033308940108541-2608170541-7,7305,2608170559.0,2608170600.0,1,,S,S3,Backnang|Maubach|Nellmersbach|Winnenden|Schwaikheim|Neustadt-Hohenacker,8000180,Waiblingen,Baden-Württemberg,Waiblingen,71332,9.300476874,48.8262444,3,2608170601.0,,2608170601.0,,,,,,,,,,,2.0,1.0
8242933012542256606-2608170441-7,7301,2608170459.0,2608170500.0,1,,S,S3,Backnang|Maubach|Nellmersbach|Winnenden|Schwaikheim|Neustadt-Hohenacker,8000180,Waiblingen,Baden-Württemberg,Waiblingen,71332,9.300476874,48.8262444,3,2608170459.0,,2608170500.0,,,,,,,,,,,0.0,0.0
6779514588305592946-2608170447-3,19451,2608170502.0,2608170502.0,6,,ARV,13,Stuttgart Hbf|Stuttgart-Bad Cannstatt,8000180,Waiblingen,Baden-Württemberg,Waiblingen,71332,9.300476874,48.8262444,3,2608170459.0,,2608170502.0,,h,2.0,Information,,,,,,,-3.0,0.0
7774880271960715907-2608170454-7,19404,2608170528.0,2608170528.0,6,,ARV,13,Schwäbisch Gmünd|Lorch(Württ)|Waldhausen(b Schorndorf)|Plüderhausen|Urbach(b Schorndorf)|Schorndorf,8000180,Waiblingen,Baden-Württemberg,Waiblingen,71332,9.300476874,48.8262444,3,2608170528.0,,2608170528.0,,h,2.0,Information,,,,,,,0.0,0.0
-5168348136770693824-2608170505-10,19406,2608170558.0,2608170558.0,6,,ARV,13,Aalen Hbf|Mögglingen(Gmünd)|Böbingen(Rems)|Schwäbisch Gmünd|Lorch(Württ)|Waldhausen(b Schorndorf)|Plüderhausen|Urbach(b Schorndorf)|Schorndorf,8000180,Waiblingen,Baden-Württemberg,Waiblingen,71332,9.300476874,48.8262444,3,2608170626.0,,2608170628.0,,h,2.0,Information,,,Aalen Hbf|Mögglingen(Gmünd)|Böbingen(Rems)|Schwäbisch Gmünd|Lorch(Württ)|Waldhausen(b Schorndorf)|Plüderhausen|Urbach(b Schorndorf)|Schorndorf,Stuttgart-Bad Cannstatt|Stuttgart Hbf,,,28.0,30.0
8513134191022821080-2608170504-9,17504,2608170549.0,2608170550.0,1,,RB,MEX90,Gaildorf West|Fichtenberg|Fornsbach|Murrhardt|Sulzbach(Murr)|Oppenweiler(Württ)|Backnang|Winnenden,8000180,Waiblingen,Baden-Württemberg,Waiblingen,71332,9.300476874,48.8262444,3,2608170551.0,,2608170551.0,,,,,,,,,,,2.0,1.0
5958072436106014503-2608170520-6,7200,2608170534.0,2608170535.0,7,,S,S2,Stuttgart Hbf|Stuttgart-Bad Cannstatt|Stuttgart Nürnberger Str.|Stuttgart-Sommerrain|Fellbach,8000180,Waiblingen,Baden-Württemberg,Waiblingen,71332,9.300476874,48.8262444,3,2608170537.0,,2608170537.0,,h,1.0,Bauarbeiten,,,,,,,3.0,2.0
5937887872805384969-2608170512-6,7300,2608170529.0,2608170530.0,3,,S,S3,Stuttgart Hbf|Stuttgart-Bad Cannstatt|Stuttgart Nürnberger Str.|Stuttgart-Sommerrain|Fellbach,8000180,Waiblingen,Baden-Württemberg,Waiblingen,71332,9.300476874,48.8262444,3,2608170530.0,,2608170531.0,,,,,,,,,,,1.0,1.0
-2119284905102487164-2608170542-6,7302,2608170559.0,2608170600.0,3,,S,S3,Stuttgart Hbf|Stuttgart-Bad Cannstatt|Stuttgart Nürnberger Str.|Stuttgart-Sommerrain|Fellbach,8000180,Waiblingen,Baden-Württemberg,Waiblingen,71332,9.300476874,48.8262444,3,2608170559.0,,2608170600.0,,,,,,,,,,,0.0,0.0
7239447269276523252-2608170503-10,7203,2608170524.0,2608170525.0,5,,S,S2,Schorndorf|Weiler(Rems)|Winterbach(b Schorndorf)|Geradstetten|Grunbach|Beutelsbach|Endersbach|Stetten-Beinstein|Rommelshausen,8000180,Waiblingen,Baden-Württemberg,Waiblingen,71332,9.300476874,48.8262444,3,2608170524.0,,2608170525.0,,h,1.0,Bauarbeiten,,,,,,,0.0,0.0
-3061481911666685676-2608170540-5,26125,2608170558.0,,141,,SWE,,Calw|Calw-Heumaden|Althengstett|Ostelsheim,8006271,Weil der Stadt,Baden-Württemberg,Weil der Stadt,71263,8.873189074,48.7557357,4,2608170558.0,,,,,,,,,,,,,0.0,0.0
-6813988232434882274-2608170510-5,26123,2608170528.0,2608170528.0,141,,SWE,RB76,Calw|Calw-Heumaden|Althengstett|Ostelsheim,8006271,Weil der Stadt,Baden-Württemberg,Weil der Stadt,71263,8.873189074,48.7557357,4,2608170528.0,,2608170528.0,,,,,,,,,,,0.0,0.0
929414988724824252-2608170542-2,26124,2608170545.0,2608170547.0,141,,SWE,RB76,Renningen,8006271,Weil der Stadt,Baden-Württemberg,Weil der Stadt,71263,8.873189074,48.7557357,4,2608170548.0,,2608170548.0,,,,,,,,,,,3.0,1.0
-4340175269954214957-2608170525-12,7600,2608170557.0,,2,,S,,Stuttgart-Feuerbach|Stuttgart-Zuffenhausen|Neuwirtshaus(Porscheplatz)|Korntal|Weilimdorf|Ditzingen|Höfingen|Leonberg|Rutesheim|Renningen|Malmsheim,8006271,Weil der Stadt,Baden-Württemberg,Weil der Stadt,71263,8.873189074,48.7557357,4,2608170557.0,,,,h,1.0,Bauarbeiten,,,,,,,0.0,0.0
-6199987628200262080-2608170533-1,7605,,2608170533.0,,,S,S6,,8006271,Weil der Stadt,Baden-Württemberg,Weil der Stadt,71263,8.873189074,48.7557357,4,,,2608170533.0,,h,1.0,Bauarbeiten,,,,,,,0.0,0.0
-7884937051037523694-2608170512-2,26122,2608170515.0,2608170517.0,141,,SWE,RB76,Renningen,8006271,Weil der Stadt,Baden-Württemberg,Weil der Stadt,71263,8.873189074,48.7557357,4,,,2608170518.0,,,,,,,,,,,0.0,1.0
-6907385007682035819-2608170503-1,7603,,2608170503.0,,,S,S6,,8006271,Weil der Stadt,Baden-Württemberg,Weil der Stadt,71263,8.873189074,48.7557357,4,,,2608170503.0,,h,1.0,Bauarbeiten,,,,,,,0.0,0.0
-4339967412658663229-2608170533-2,7205,2608170536.0,2608170536.0,2,,S,S2,Schorndorf,8006277,Weiler (Rems),Baden-Württemberg,Schorndorf,76314,9.501891172,48.80034585,5,2608170536.0,,2608170536.0,,h,1.0,Bauarbeiten,,,,,,,0.0,0.0
5958072436106014503-2608170520-14,7200,2608170552.0,2608170552.0,1,,S,S2,Stuttgart Hbf|Stuttgart-Bad Cannstatt|Stuttgart Nürnberger Str.|Stuttgart-Sommerrain|Fellbach|Waiblingen|Rommelshausen|Stetten-Beinstein|Endersbach|Beutelsbach|Grunbach|Geradstetten|Winterbach(b Schorndorf),8006277,Weiler (Rems),Baden-Württemberg,Schorndorf,76314,9.501891172,48.80034585,5,2608170555.0,,2608170556.0,,h,1.0,Bauarbeiten,,,,,,,3.0,4.0
7239447269276523252-2608170503-2,7203,2608170506.0,2608170506.0,2,,S,S2,Schorndorf,8006277,Weiler (Rems),Baden-Württemberg,Schorndorf,76314,9.501891172,48.80034585,5,2608170506.0,,2608170506.0,,h,1.0,Bauarbeiten,,,,,,,0.0,0.0
3121292710624229087-2608170550-3,7107,2608170557.0,2608170558.0,12,,S,S1,Kirchheim(Teck)|Kirchheim(Teck)-Ötlingen,8006331,Wendlingen (Neckar),Baden-Württemberg,Wendlingen am Neckar,73240,9.373662098,48.67368917,3,2608170605.0,,2608170605.0,,,,,,,,,,,8.0,7.0
8431153246129764034-2608170520-3,7105,2608170527.0,2608170528.0,12,,S,S1,Kirchheim(Teck)|Kirchheim(Teck)-Ötlingen,8006331,Wendlingen (Neckar),Baden-Württemberg,Wendlingen am Neckar,73240,9.373662098,48.67368917,3,2608170529.0,,2608170530.0,,,,,,,,,,,2.0,2.0
-8069886172973832084-2608170516-6,19208,2608170539.0,2608170540.0,1,,RE,MEX12,Reutlingen Hbf|Metzingen(Württ)|Bempflingen|Nürtingen|Oberboihingen,8006331,Wendlingen (Neckar),Baden-Württemberg,Wendlingen am Neckar,73240,9.373662098,48.67368917,3,2608170540.0,,2608170541.0,,h,2.0,Bauarbeiten,,,,,,,1.0,1.0
1967598132802759954-2608170529-3,16042,2608170559.0,,3,,RE,,Ulm Hbf|Merklingen - Schwäbische Alb,8006331,Wendlingen (Neckar),Baden-Württemberg,Wendlingen am Neckar,73240,9.373662098,48.67368917,3,2608170559.0,,,,h,2.0,Störung,,,,,,,0.0,0.0
-2834112441422689654-2608170525-3,7100,2608170532.0,2608170533.0,11,,S,S1,Plochingen|Wernau(Neckar),8006331,Wendlingen (Neckar),Baden-Württemberg,Wendlingen am Neckar,73240,9.373662098,48.67368917,3,2608170536.0,,2608170537.0,,,,,,,,,,,4.0,4.0
-4550115281200084116-2608170450-4,7103,2608170501.0,2608170501.0,1,,S,S1,Kirchheim(Teck)|Kirchheim(Teck)-Ötlingen|Wendlingen(Neckar),8006346,Wernau (Neckar),Baden-Württemberg,Wernau (Neckar),73249,9.413654423,48.69417221,4,2608170501.0,,2608170501.0,,,,,,,,,,,0.0,0.0
9164848740577760883-2608170525-12,7102,2608170558.0,2608170559.0,2,,S,S1,Stuttgart Hbf|Stuttgart-Bad Cannstatt|Stuttgart Neckarpark|Stuttgart-Untertürkheim|Stuttgart-Obertürkheim|Esslingen-Mettingen|Esslingen(Neckar)|Oberesslingen|Esslingen-Zell|Altbach|Plochingen,8006346,Wernau (Neckar),Baden-Württemberg,Wernau (Neckar),73249,9.413654423,48.69417221,4,2608170558.0,,2608170559.0,,,,,,,,,,,0.0,0.0
8431153246129764034-2608170520-4,7105,2608170531.0,2608170531.0,1,,S,S1,Kirchheim(Teck)|Kirchheim(Teck)-Ötlingen|Wendlingen(Neckar),8006346,Wernau (Neckar),Baden-Württemberg,Wernau (Neckar),73249,9.413654423,48.69417221,4,2608170532.0,,2608170533.0,,,,,,,,,,,1.0,2.0
-2834112441422689654-2608170525-2,7100,2608170528.0,2608170529.0,2,,S,S1,Plochingen,8006346,Wernau (Neckar),Baden-Württemberg,Wernau (Neckar),73249,9.413654423,48.69417221,4,2608170532.0,,2608170532.0,,,,,,,,,,,4.0,3.0
9202194719412611846-2608170511-4,7303,2608170519.0,2608170520.0,3,,S,S3,Backnang|Maubach|Nellmersbach,8006479,Winnenden,Baden-Württemberg,Winnenden,71364,9.392155928,48.8795625,3,2608170519.0,,2608170520.0,,,,,,,,,,,0.0,0.0
4883033308940108541-2608170541-4,7305,2608170549.0,2608170550.0,3,,S,S3,Backnang|Maubach|Nellmersbach,8006479,Winnenden,Baden-Württemberg,Winnenden,71364,9.392155928,48.8795625,3,2608170550.0,,2608170551.0,,,,,,,,,,,1.0,1.0
8513134191022821080-2608170504-8,17504,2608170540.0,2608170541.0,3,,RB,MEX90,Gaildorf West|Fichtenberg|Fornsbach|Murrhardt|Sulzbach(Murr)|Oppenweiler(Württ)|Backnang,8006479,Winnenden,Baden-Württemberg,Winnenden,71364,9.392155928,48.8795625,3,2608170543.0,,2608170544.0,,,,,,,,,,,3.0,3.0
5937887872805384969-2608170512-9,7300,2608170539.0,2608170539.0,2,,S,S3,Stuttgart Hbf|Stuttgart-Bad Cannstatt|Stuttgart Nürnberger Str.|Stuttgart-Sommerrain|Fellbach|Waiblingen|Neustadt-Hohenacker|Schwaikheim,8006479,Winnenden,Baden-Württemberg,Winnenden,71364,9.392155928,48.8795625,3,2608170540.0,,2608170541.0,,,,,,,,,,,1.0,2.0
-4339967412658663229-2608170533-3,7205,2608170538.0,2608170538.0,1,,S,S2,Schorndorf|Weiler(Rems),8006485,Winterbach (b Schorndorf),Baden-Württemberg,Winterbach,73650,9.481549751,48.79842743,4,2608170538.0,,2608170538.0,,h,1.0,Bauarbeiten,,,,,,,0.0,0.0
5958072436106014503-2608170520-13,7200,2608170550.0,2608170550.0,2,,S,S2,Stuttgart Hbf|Stuttgart-Bad Cannstatt|Stuttgart Nürnberger Str.|Stuttgart-Sommerrain|Fellbach|Waiblingen|Rommelshausen|Stetten-Beinstein|Endersbach|Beutelsbach|Grunbach|Geradstetten,8006485,Winterbach (b Schorndorf),Baden-Württemberg,Winterbach,73650,9.481549751,48.79842743,4,2608170553.0,,2608170554.0,,h,1.0,Bauarbeiten,,,,,,,3.0,4.0
7239447269276523252-2608170503-3,7203,2608170508.0,2608170508.0,1,,S,S2,Schorndorf|Weiler(Rems),8006485,Winterbach (b Schorndorf),Baden-Württemberg,Winterbach,73650,9.481549751,48.79842743,4,2608170508.0,,2608170509.0,,h,1.0,Bauarbeiten,,,,,,,0.0,1.0
3363962381041340479-2608170534-5,7003,2608170543.0,2608170544.0,1,,S,S60,Böblingen|Sindelfingen|Maichingen|Maichingen Nord,8003807,Magstadt,Baden-Württemberg,Magstadt,71106,8.965315746,48.73616033,6,2608170544.0,,2608170545.0,,h,1.0,Bauarbeiten,,,,,,,1.0,1.0
-2302755521633165327-2608170511-11,7004,2608170545.0,2608170545.0,2,,S,S60,Stuttgart-Zuffenhausen|Neuwirtshaus(Porscheplatz)|Korntal|Weilimdorf|Ditzingen|Höfingen|Leonberg|Rutesheim|Renningen|Renningen Süd,8003807,Magstadt,Baden-Württemberg,Magstadt,71106,8.965315746,48.73616033,6,2608170546.0,,2608170546.0,,h,1.0,Bauarbeiten,,,,,,,1.0,1.0
2884405162672083910-2608170441-11,7002,2608170515.0,2608170515.0,2,,S,S60,Stuttgart-Zuffenhausen|Neuwirtshaus(Porscheplatz)|Korntal|Weilimdorf|Ditzingen|Höfingen|Leonberg|Rutesheim|Renningen|Renningen Süd,8003807,Magstadt,Baden-Württemberg,Magstadt,71106,8.965315746,48.73616033,6,2608170516.0,,2608170517.0,,h,1.0,Bauarbeiten,,,,,,,1.0,2.0
319624839717573990-2608170504-5,7001,2608170513.0,2608170514.0,1,,S,S60,Böblingen|Sindelfingen|Maichingen|Maichingen Nord,8003807,Magstadt,Baden-Württemberg,Magstadt,71106,8.965315746,48.73616033,6,2608170514.0,,2608170515.0,,h,1.0,Bauarbeiten,,,,,,,1.0,1.0
3363962381041340479-2608170534-4,7003,2608170541.0,2608170541.0,1,,S,S60,Böblingen|Sindelfingen|Maichingen,8003834,Maichingen Nord,Baden-Württemberg,Sindelfingen,71069,8.979416996,48.72750392,5,2608170542.0,,2608170543.0,,h,1.0,Bauarbeiten,,,,,,,1.0,2.0
-2302755521633165327-2608170511-12,7004,2608170547.0,2608170547.0,2,,S,S60,Stuttgart-Zuffenhausen|Neuwirtshaus(Porscheplatz)|Korntal|Weilimdorf|Ditzingen|Höfingen|Leonberg|Rutesheim|Renningen|Renningen Süd|Magstadt,8003834,Maichingen Nord,Baden-Württemberg,Sindelfingen,71069,8.979416996,48.72750392,5,2608170548.0,,2608170548.0,,h,1.0,Bauarbeiten,,,,,,,1.0,1.0
2884405162672083910-2608170441-12,7002,2608170517.0,2608170517.0,2,,S,S60,Stuttgart-Zuffenhausen|Neuwirtshaus(Porscheplatz)|Korntal|Weilimdorf|Ditzingen|Höfingen|Leonberg|Rutesheim|Renningen|Renningen Süd|Magstadt,8003834,Maichingen Nord,Baden-Württemberg,Sindelfingen,71069,8.979416996,48.72750392,5,2608170518.0,,2608170519.0,,h,1.0,Bauarbeiten,,,,,,,1.0,2.0
319624839717573990-2608170504-4,7001,2608170511.0,2608170511.0,1,,S,S60,Böblingen|Sindelfingen|Maichingen,8003834,Maichingen Nord,Baden-Württemberg,Sindelfingen,71069,8.979416996,48.72750392,5,2608170512.0,,2608170513.0,,h,1.0,Bauarbeiten,,,,,,,1.0,2.0
3363962381041340479-2608170534-3,7003,2608170539.0,2608170540.0,1,,S,S60,Böblingen|Sindelfingen,8003808,Maichingen,Baden-Württemberg,Sindelfingen,71069,8.969606704,48.72162074,6,2608170540.0,,2608170541.0,,h,1.0,Bauarbeiten,,,,,,,1.0,1.0
-2302755521633165327-2608170511-13,7004,2608170549.0,2608170549.0,1,,S,S60,Stuttgart-Zuffenhausen|Neuwirtshaus(Porscheplatz)|Korntal|Weilimdorf|Ditzingen|Höfingen|Leonberg|Rutesheim|Renningen|Renningen Süd|Magstadt|Maichingen Nord,8003808,Maichingen,Baden-Württemberg,Sindelfingen,71069,8.969606704,48.72162074,6,2608170550.0,,2608170550.0,,h,1.0,Bauarbeiten,,,,,,,1.0,1.0
2884405162672083910-2608170441-13,7002,2608170519.0,2608170519.0,1,,S,S60,Stuttgart-Zuffenhausen|Neuwirtshaus(Porscheplatz)|Korntal|Weilimdorf|Ditzingen|Höfingen|Leonberg|Rutesheim|Renningen|Renningen Süd|Magstadt|Maichingen Nord,8003808,Maichingen,Baden-Württemberg,Sindelfingen,71069,8.969606704,48.72162074,6,2608170520.0,,2608170521.0,,h,1.0,Bauarbeiten,,,,,,,1.0,2.0
319624839717573990-2608170504-3,7001,2608170509.0,2608170510.0,1,,S,S60,Böblingen|Sindelfingen,8003808,Maichingen,Baden-Württemberg,Sindelfingen,71069,8.969606704,48.72162074,6,2608170510.0,,2608170511.0,,h,1.0,Bauarbeiten,,,,,,,1.0,1.0
3363962381041340479-2608170534-6,7003,2608170547.0,2608170548.0,1,,S,S60,Böblingen|Sindelfingen|Maichingen|Maichingen Nord|Magstadt,8005001,Renningen Süd,Baden-Württemberg,Renningen,71272,8.932068278,48.76261937,6,2608170548.0,,2608170549.0,,h,1.0,Bauarbeiten,,,,,,,1.0,1.0
-2302755521633165327-2608170511-10,7004,2608170541.0,2608170541.0,2,,S,S60,Stuttgart-Zuffenhausen|Neuwirtshaus(Porscheplatz)|Korntal|Weilimdorf|Ditzingen|Höfingen|Leonberg|Rutesheim|Renningen,8005001,Renningen Süd,Baden-Württemberg,Renningen,71272,8.932068278,48.76261937,6,2608170541.0,,2608170542.0,,h,1.0,Bauarbeiten,,,,,,,0.0,1.0
2884405162672083910-2608170441-10,7002,2608170511.0,2608170511.0,2,,S,S60,Stuttgart-Zuffenhausen|Neuwirtshaus(Porscheplatz)|Korntal|Weilimdorf|Ditzingen|Höfingen|Leonberg|Rutesheim|Renningen,8005001,Renningen Süd,Baden-Württemberg,Renningen,71272,8.932068278,48.76261937,6,2608170512.0,,2608170513.0,,h,1.0,Bauarbeiten,,,,,,,1.0,2.0
319624839717573990-2608170504-6,7001,2608170517.0,2608170518.0,1,,S,S60,Böblingen|Sindelfingen|Maichingen|Maichingen Nord|Magstadt,8005001,Renningen Süd,Baden-Württemberg,Renningen,71272,8.932068278,48.76261937,6,2608170518.0,,2608170519.0,,h,1.0,Bauarbeiten,,,,,,,1.0,1.0
-3366414490112859120-2608170055-10,7180,2608170120.0,2608170120.0,4.0,,S,S1,Stuttgart Hbf|Stuttgart-Bad Cannstatt|Stuttgart Neckarpark|Stuttgart-Untertürkheim|Stuttgart-Obertürkheim|Esslingen-Mettingen|Esslingen(Neckar)|Oberesslingen|Esslingen-Zell,8000508,Altbach,Baden-Württemberg,Altbach,73776,9.382434033,48.72031354,3,2608170120.0,,2608170121.0,,,,,,,,,,,0.0,1.0
-4825921784207905950-2608170057-6,7580,2608170117.0,2608170117.0,4.0,,S,S5,Stuttgart Hbf|Stuttgart Nordbahnhof|Stuttgart-Zuffenhausen|Kornwestheim Pbf|Ludwigsburg,8000630,Asperg,Baden-Württemberg,Asperg,71679,9.147977466,48.90725609,4,2608170117.0,,2608170117.0,,,,,,,,,,,0.0,0.0
8924619333411272467-2608170042-12,7378,2608170118.0,,4.0,,S,,Stuttgart Hbf|Stuttgart-Bad Cannstatt|Stuttgart Nürnberger Str.|Stuttgart-Sommerrain|Fellbach|Waiblingen|Neustadt-Hohenacker|Schwaikheim|Winnenden|Nellmersbach|Maubach,8000016,Backnang,Baden-Württemberg,Backnang,71522,9.425986107,48.94264844,3,2608170118.0,5.0,,,,,,,,,,,,0.0,0.0
-192053693813180582-2608170112-12,7380,2608170148.0,,4.0,,S,,Stuttgart Hbf|Stuttgart-Bad Cannstatt|Stuttgart Nürnberger Str.|Stuttgart-Sommerrain|Fellbach|Waiblingen|Neustadt-Hohenacker|Schwaikheim|Winnenden|Nellmersbach|Maubach,8000016,Backnang,Baden-Württemberg,Backnang,71522,9.425986107,48.94264844,3,2608170148.0,5.0,,,,,,,,,,,,0.0,0.0
7525780460691541142-2608170107-8,7478,2608170132.0,2608170133.0,1.0,,S,S4,Stuttgart Hbf|Stuttgart Nordbahnhof|Stuttgart-Zuffenhausen|Kornwestheim Pbf|Ludwigsburg|Favoritepark|Freiberg(Neckar),8000873,Benningen (Neckar),Baden-Württemberg,Benningen am Neckar,71726,9.244299075,48.94379773,5,2608170132.0,,2608170133.0,,h,1.0,Bauarbeiten,,,,,,,0.0,0.0
7846954886947346104-2608170037-8,7476,2608170102.0,2608170103.0,1.0,,S,S4,Stuttgart Hbf|Stuttgart Nordbahnhof|Stuttgart-Zuffenhausen|Kornwestheim Pbf|Ludwigsburg|Favoritepark|Freiberg(Neckar),8000873,Benningen (Neckar),Baden-Württemberg,Benningen am Neckar,71726,9.244299075,48.94379773,5,2608170103.0,,2608170103.0,,h,1.0,Bauarbeiten,,,,,,,1.0,0.0
7313231446534335906-2608170050-10,7278,2608170113.0,2608170113.0,1.0,,S,S2,Stuttgart Hbf|Stuttgart-Bad Cannstatt|Stuttgart Nürnberger Str.|Stuttgart-Sommerrain|Fellbach|Waiblingen|Rommelshausen|Stetten-Beinstein|Endersbach,8000934,Beutelsbach,Baden-Württemberg,Weinstadt,71384,9.38551589,48.81038925,5,2608170113.0,,2608170114.0,,h,1.0,Bauarbeiten,,,,,,,0.0,1.0
-1441515051530061043-2608170120-10,7280,2608170143.0,2608170143.0,1.0,,S,S2,Stuttgart Hbf|Stuttgart-Bad Cannstatt|Stuttgart Nürnberger Str.|Stuttgart-Sommerrain|Fellbach|Waiblingen|Rommelshausen|Stetten-Beinstein|Endersbach,8000934,Beutelsbach,Baden-Württemberg,Weinstadt,71384,9.38551589,48.81038925,5,2608170143.0,,2608170143.0,,h,1.0,Bauarbeiten,,,,,,,0.0,0.0
-4825921784207905950-2608170057-8,7580,2608170124.0,,5.0,,S,,Stuttgart Hbf|Stuttgart Nordbahnhof|Stuttgart-Zuffenhausen|Kornwestheim Pbf|Ludwigsburg|Asperg|Tamm(Württ),8000038,Bietigheim-Bissingen,Baden-Württemberg,Bietigheim-Bissingen,74321,9.137217396,48.94794988,2,2608170124.0,6.0,,,,,,,,,,,,0.0,0.0
-4784954416824888572-2608170116-4,7781,2608170130.0,2608170130.0,4.0,,S,S1,Stuttgart-Vaihingen|Stuttgart-Rohr|Goldberg(Württ),8001055,Böblingen,Baden-Württemberg,Böblingen,71034,9.004531864,48.68784871,3,2608170130.0,,2608170131.0,,,,,,,,,,,0.0,1.0
-3828888404650944113-2608170046-4,7779,2608170100.0,2608170100.0,4.0,,S,S1,Stuttgart-Vaihingen|Stuttgart-Rohr|Goldberg(Württ),8001055,Böblingen,Baden-Württemberg,Böblingen,71034,9.004531864,48.68784871,3,2608170100.0,,2608170100.0,,,,,,,,,,,0.0,0.0
1358039104999839256-2608170102-12,8009,2608170125.0,,1.0,,WEG,,Dettenhausen|Weil im Schönbuch Untere Halde|Weil im Schönbuch Röte|Weil im Schönbuch Troppel|Holzgerlingen Buch|Holzgerlingen Bf|Holzgerlingen Hülben|Böblingen Zimmerschlag|Böblingen Heusteigstr|Böblingen Südbf|Böblingen Danziger Str,8001055,Böblingen,Baden-Württemberg,Böblingen,71034,9.004531864,48.68784871,3,2608170125.0,,,,,,,,,,,,,0.0,0.0
-4290766941278586427-2608170055-6,7678,2608170106.0,2608170106.0,2.0,,S,S6,Stuttgart-Feuerbach|Stuttgart-Zuffenhausen|Neuwirtshaus(Porscheplatz)|Korntal|Weilimdorf,8001476,Ditzingen,Baden-Württemberg,Ditzingen,71254,9.067095186,48.82358726,4,2608170106.0,,2608170106.0,,h,1.0,Bauarbeiten,,,,,,,0.0,0.0
-446483415299011653-2608170105-5,7981,2608170119.0,2608170120.0,1.0,,S,S2,Stuttgart-Vaihingen|Stuttgart-Rohr|Oberaichen|Leinfelden,8001650,Echterdingen,Baden-Württemberg,Echterdingen,70771,9.169307175,48.69214787,4,2608170119.0,,2608170120.0,,,,,,,,,,,0.0,0.0
-4784954416824888572-2608170116-6,7781,2608170135.0,2608170135.0,2.0,,S,S1,Stuttgart-Vaihingen|Stuttgart-Rohr|Goldberg(Württ)|Böblingen|Hulb,8001689,Ehningen (b Böblingen),Baden-Württemberg,Ehningen,71139,8.944310368,48.66275549,4,2608170135.0,,2608170135.0,,,,,,,,,,,0.0,0.0
-3828888404650944113-2608170046-6,7779,2608170105.0,2608170105.0,2.0,,S,S1,Stuttgart-Vaihingen|Stuttgart-Rohr|Goldberg(Württ)|Böblingen|Hulb,8001689,Ehningen (b Böblingen),Baden-Württemberg,Ehningen,71139,8.944310368,48.66275549,4,2608170105.0,,2608170105.0,,,,,,,,,,,0.0,0.0
7313231446534335906-2608170050-9,7278,2608170111.0,2608170111.0,2.0,,S,S2,Stuttgart Hbf|Stuttgart-Bad Cannstatt|Stuttgart Nürnberger Str.|Stuttgart-Sommerrain|Fellbach|Waiblingen|Rommelshausen|Stetten-Beinstein,8001785,Endersbach,Baden-Württemberg,Weinstadt,71384,9.370192421,48.81317323,4,2608170112.0,,2608170112.0,,h,1.0,Bauarbeiten,,,,,,,1.0,1.0
-1441515051530061043-2608170120-9,7280,2608170141.0,2608170141.0,2.0,,S,S2,Stuttgart Hbf|Stuttgart-Bad Cannstatt|Stuttgart Nürnberger Str.|Stuttgart-Sommerrain|Fellbach|Waiblingen|Rommelshausen|Stetten-Beinstein,8001785,Endersbach,Baden-Württemberg,Weinstadt,71384,9.370192421,48.81317323,4,2608170141.0,,2608170141.0,,h,1.0,Bauarbeiten,,,,,,,0.0,0.0
6538495934741560204-2608162346-20,19188,2608170104.0,2608170105.0,3.0,,ARV,16,Ulm Hbf|Beimerstetten|Westerstetten|Lonsee|Urspring|Amstetten(Württ)|Geislingen(Steige)|Geislingen(Steige)West|Kuchen|Gingen(Fils)|Süßen|Salach|Eislingen(Fils)|Göppingen|Faurndau|Uhingen|Ebersbach(Fils)|Reichenbach(Fils)|Plochingen,8001920,Esslingen (Neckar),Baden-Württemberg,Esslingen am Neckar,73728,9.300578149,48.73854148,3,2608170104.0,,2608170105.0,,,,,,,,,,,0.0,0.0
-6491793160727462036-2608170047-3,19343,2608170059.0,2608170100.0,5.0,,RE,MEX12,Stuttgart Hbf|Stuttgart-Bad Cannstatt,8001920,Esslingen (Neckar),Baden-Württemberg,Esslingen am Neckar,73728,9.300578149,48.73854148,3,2608170059.0,,2608170100.0,,h,2.0,Bauarbeiten,,,,,,,0.0,0.0
-3366414490112859120-2608170055-7,7180,2608170112.0,2608170113.0,8.0,,S,S1,Stuttgart Hbf|Stuttgart-Bad Cannstatt|Stuttgart Neckarpark|Stuttgart-Untertürkheim|Stuttgart-Obertürkheim|Esslingen-Mettingen,8001920,Esslingen (Neckar),Baden-Württemberg,Esslingen am Neckar,73728,9.300578149,48.73854148,3,2608170112.0,,2608170113.0,,,,,,,,,,,0.0,0.0
-3366414490112859120-2608170055-6,7180,2608170109.0,2608170109.0,4.0,,S,S1,Stuttgart Hbf|Stuttgart-Bad Cannstatt|Stuttgart Neckarpark|Stuttgart-Untertürkheim|Stuttgart-Obertürkheim,8001921,Esslingen-Mettingen,Baden-Württemberg,Esslingen am Neckar,73733,9.275799007,48.74696655,3,2608170109.0,,2608170110.0,,,,,,,,,,,0.0,1.0
-3366414490112859120-2608170055-9,7180,2608170117.0,2608170118.0,4.0,,S,S1,Stuttgart Hbf|Stuttgart-Bad Cannstatt|Stuttgart Neckarpark|Stuttgart-Untertürkheim|Stuttgart-Obertürkheim|Esslingen-Mettingen|Esslingen(Neckar)|Oberesslingen,8006642,Esslingen-Zell,Baden-Württemberg,Esslingen am Neckar,73730,9.359739507,48.72436142,3,2608170118.0,,2608170118.0,,,,,,,,,,,1.0,0.0
7525780460691541142-2608170107-6,7478,2608170126.0,2608170126.0,1.0,,S,S4,Stuttgart Hbf|Stuttgart Nordbahnhof|Stuttgart-Zuffenhausen|Kornwestheim Pbf|Ludwigsburg,8001967,Favoritepark,Baden-Württemberg,Ludwigsburg,71634,9.180574277,48.90948451,5,2608170126.0,,2608170126.0,,h,1.0,Bauarbeiten,,,,,,,0.0,0.0
7313231446534335906-2608170050-5,7278,2608170101.0,2608170102.0,1.0,,S,S2,Stuttgart Hbf|Stuttgart-Bad Cannstatt|Stuttgart Nürnberger Str.|Stuttgart-Sommerrain,8001974,Fellbach,Baden-Württemberg,Fellbach,70736,9.270645988,48.8202936,3,2608170102.0,,2608170102.0,,h,1.0,Bauarbeiten,,,,,,,1.0,0.0
-1441515051530061043-2608170120-5,7280,2608170131.0,2608170132.0,1.0,,S,S2,Stuttgart Hbf|Stuttgart-Bad Cannstatt|Stuttgart Nürnberger Str.|Stuttgart-Sommerrain,8001974,Fellbach,Baden-Württemberg,Fellbach,70736,9.270645988,48.8202936,3,2608170131.0,,2608170132.0,,h,1.0,Bauarbeiten,,,,,,,0.0,0.0
-192053693813180582-2608170112-5,7380,2608170126.0,2608170127.0,1.0,,S,S3,Stuttgart Hbf|Stuttgart-Bad Cannstatt|Stuttgart Nürnberger Str.|Stuttgart-Sommerrain,8001974,Fellbach,Baden-Württemberg,Fellbach,70736,9.270645988,48.8202936,3,2608170126.0,,2608170127.0,,,,,,,,,,,0.0,0.0
-446483415299011653-2608170105-6,7981,2608170122.0,2608170123.0,1.0,,S,S2,Stuttgart-Vaihingen|Stuttgart-Rohr|Oberaichen|Leinfelden|Echterdingen,8005768,Stuttgart Flughafen/Messe,Baden-Württemberg,Leinfelden-Echterdingen,70629,9.193411574,48.69075193,4,2608170122.0,,2608170123.0,,,,,,,,,,,0.0,0.0
7525780460691541142-2608170107-7,7478,2608170129.0,2608170129.0,3.0,,S,S4,Stuttgart Hbf|Stuttgart Nordbahnhof|Stuttgart-Zuffenhausen|Kornwestheim Pbf|Ludwigsburg|Favoritepark,8002065,Freiberg (Neckar),Baden-Württemberg,Freiberg am Neckar,71691,9.197530085,48.92994974,5,2608170129.0,,2608170129.0,,h,1.0,Bauarbeiten,,,,,,,0.0,0.0
-4784954416824888572-2608170116-7,7781,2608170138.0,2608170138.0,1.0,,S,S1,Stuttgart-Vaihingen|Stuttgart-Rohr|Goldberg(Württ)|Böblingen|Hulb|Ehningen(b Böblingen),8002165,Gärtringen,Baden-Württemberg,Gärtringen,71116,8.908864487,48.64080021,5,2608170138.0,,2608170139.0,,,,,,,,,,,0.0,1.0
-3828888404650944113-2608170046-7,7779,2608170108.0,2608170108.0,1.0,,S,S1,Stuttgart-Vaihingen|Stuttgart-Rohr|Goldberg(Württ)|Böblingen|Hulb|Ehningen(b Böblingen),8002165,Gärtringen,Baden-Württemberg,Gärtringen,71116,8.908864487,48.64080021,5,2608170108.0,,2608170108.0,,,,,,,,,,,0.0,0.0
7313231446534335906-2608170050-12,7278,2608170117.0,2608170117.0,2.0,,S,S2,Stuttgart Hbf|Stuttgart-Bad Cannstatt|Stuttgart Nürnberger Str.|Stuttgart-Sommerrain|Fellbach|Waiblingen|Rommelshausen|Stetten-Beinstein|Endersbach|Beutelsbach|Grunbach,8002240,Geradstetten,Baden-Württemberg,Remshalden,73630,9.439522346,48.80527689,5,2608170118.0,,2608170119.0,,h,1.0,Bauarbeiten,,,,,,,1.0,2.0
-1441515051530061043-2608170120-12,7280,2608170147.0,2608170147.0,2.0,,S,S2,Stuttgart Hbf|Stuttgart-Bad Cannstatt|Stuttgart Nürnberger Str.|Stuttgart-Sommerrain|Fellbach|Waiblingen|Rommelshausen|Stetten-Beinstein|Endersbach|Beutelsbach|Grunbach,8002240,Geradstetten,Baden-Württemberg,Remshalden,73630,9.439522346,48.80527689,5,2608170148.0,,2608170148.0,,h,1.0,Bauarbeiten,,,,,,,1.0,1.0
-4784954416824888572-2608170116-3,7781,2608170128.0,2608170128.0,1.0,,S,S1,Stuttgart-Vaihingen|Stuttgart-Rohr,8005201,Goldberg,Baden-Württemberg,Böblingen,71032,9.019733387,48.69651581,5,2608170128.0,,2608170129.0,,,,,,,,,,,0.0,1.0
7313231446534335906-2608170050-11,7278,2608170115.0,2608170115.0,3.0,,S,S2,Stuttgart Hbf|Stuttgart-Bad Cannstatt|Stuttgart Nürnberger Str.|Stuttgart-Sommerrain|Fellbach|Waiblingen|Rommelshausen|Stetten-Beinstein|Endersbach|Beutelsbach,8002448,Grunbach,Baden-Württemberg,Remshalden,73630,9.419580601,48.810414,4,2608170116.0,,2608170117.0,,h,1.0,Bauarbeiten,,,,,,,1.0,2.0
-1441515051530061043-2608170120-11,7280,2608170145.0,2608170145.0,3.0,,S,S2,Stuttgart Hbf|Stuttgart-Bad Cannstatt|Stuttgart Nürnberger Str.|Stuttgart-Sommerrain|Fellbach|Waiblingen|Rommelshausen|Stetten-Beinstein|Endersbach|Beutelsbach,8002448,Grunbach,Baden-Württemberg,Remshalden,73630,9.419580601,48.810414,4,2608170145.0,,2608170146.0,,h,1.0,Bauarbeiten,,,,,,,0.0,1.0
-4784954416824888572-2608170116-9,7781,2608170145.0,,3.0,,S,,Stuttgart-Vaihingen|Stuttgart-Rohr|Goldberg(Württ)|Böblingen|Hulb|Ehningen(b Böblingen)|Gärtringen|Nufringen,8002785,Herrenberg,Baden-Württemberg,Herrenberg,71083,8.862625253,48.59395697,3,2608170145.0,,,,,,,,,,,,,0.0,0.0
-3828888404650944113-2608170046-9,7779,2608170115.0,,3.0,,S,,Stuttgart-Vaihingen|Stuttgart-Rohr|Goldberg(Württ)|Böblingen|Hulb|Ehningen(b Böblingen)|Gärtringen|Nufringen,8002785,Herrenberg,Baden-Württemberg,Herrenberg,71083,8.862625253,48.59395697,3,2608170115.0,,,,,,,,,,,,,0.0,0.0
-4290766941278586427-2608170055-7,7678,2608170109.0,2608170109.0,2.0,,S,S6,Stuttgart-Feuerbach|Stuttgart-Zuffenhausen|Neuwirtshaus(Porscheplatz)|Korntal|Weilimdorf|Ditzingen,8002892,Höfingen,Baden-Württemberg,Leonberg,71229,9.026180834,48.81503436,5,2608170109.0,,2608170109.0,,h,1.0,Bauarbeiten,,,,,,,0.0,0.0
-4784954416824888572-2608170116-5,7781,2608170132.0,2608170132.0,1.0,,S,S1,Stuttgart-Vaihingen|Stuttgart-Rohr|Goldberg(Württ)|Böblingen,8003022,Hulb,Baden-Württemberg,Böblingen-Hulb,71032,8.982396429,48.67924173,5,2608170132.0,,2608170133.0,,,,,,,,,,,0.0,1.0
-3828888404650944113-2608170046-5,7779,2608170102.0,2608170102.0,1.0,,S,S1,Stuttgart-Vaihingen|Stuttgart-Rohr|Goldberg(Württ)|Böblingen,8003022,Hulb,Baden-Württemberg,Böblingen-Hulb,71032,8.982396429,48.67924173,5,2608170102.0,,2608170102.0,,,,,,,,,,,0.0,0.0
-446483415299011653-2608170105-7,7981,2608170127.0,,1.0,,S,,Stuttgart-Vaihingen|Stuttgart-Rohr|Oberaichen|Leinfelden|Echterdingen|Stuttgart Flughafen/Messe,8001984,Filderstadt,Baden-Württemberg,Filderstadt,70794,9.217581315,48.67649151,5,2608170127.0,,,,,,,,,,,,,0.0,0.0
2298525024658281877-2608170025-15,7178,2608170109.0,,2.0,,S,,Stuttgart Hbf|Stuttgart-Bad Cannstatt|Stuttgart Neckarpark|Stuttgart-Untertürkheim|Stuttgart-Obertürkheim|Esslingen-Mettingen|Esslingen(Neckar)|Oberesslingen|Esslingen-Zell|Altbach|Plochingen|Wernau(Neckar)|Wendlingen(Neckar)|Kirchheim(Teck)-Ötlingen,8003280,Kirchheim (Teck),Baden-Württemberg,Kirchheim unter Teck,73230,9.443872422,48.64415981,4,2608170113.0,,,,,,,,,,,,,4.0,0.0
-3366414490112859120-2608170055-15,7180,2608170139.0,,2.0,,S,,Stuttgart Hbf|Stuttgart-Bad Cannstatt|Stuttgart Neckarpark|Stuttgart-Untertürkheim|Stuttgart-Obertürkheim|Esslingen-Mettingen|Esslingen(Neckar)|Oberesslingen|Esslingen-Zell|Altbach|Plochingen|Wernau(Neckar)|Wendlingen(Neckar)|Kirchheim(Teck)-Ötlingen,8003280,Kirchheim (Teck),Baden-Württemberg,Kirchheim unter Teck,73230,9.443872422,48.64415981,4,2608170141.0,,,,,,,,,,,,,2.0,0.0
2298525024658281877-2608170025-14,7178,2608170106.0,2608170107.0,1.0,,S,S1,Stuttgart Hbf|Stuttgart-Bad Cannstatt|Stuttgart Neckarpark|Stuttgart-Untertürkheim|Stuttgart-Obertürkheim|Esslingen-Mettingen|Esslingen(Neckar)|Oberesslingen|Esslingen-Zell|Altbach|Plochingen|Wernau(Neckar)|Wendlingen(Neckar),8003282,Kirchheim (Teck)-Ötlingen,Baden-Württemberg,Kirchheim unter Teck,73230,9.416261302,48.65782388,5,2608170110.0,,2608170111.0,,,,,,,,,,,4.0,4.0
-3366414490112859120-2608170055-14,7180,2608170136.0,2608170137.0,1.0,,S,S1,Stuttgart Hbf|Stuttgart-Bad Cannstatt|Stuttgart Neckarpark|Stuttgart-Untertürkheim|Stuttgart-Obertürkheim|Esslingen-Mettingen|Esslingen(Neckar)|Oberesslingen|Esslingen-Zell|Altbach|Plochingen|Wernau(Neckar)|Wendlingen(Neckar),8003282,Kirchheim (Teck)-Ötlingen,Baden-Württemberg,Kirchheim unter Teck,73230,9.416261302,48.65782388,5,2608170137.0,,2608170138.0,,,,,,,,,,,1.0,1.0
-4290766941278586427-2608170055-4,7678,2608170101.0,2608170101.0,1.0,,S,S6,Stuttgart-Feuerbach|Stuttgart-Zuffenhausen|Neuwirtshaus(Porscheplatz),8003409,Korntal,Baden-Württemberg,Korntal,70825,9.121099128,48.82640246,4,2608170101.0,,2608170102.0,,h,1.0,Bauarbeiten,,,,,,,0.0,1.0
7525780460691541142-2608170107-4,7478,2608170120.0,2608170120.0,4.0,,S,S4,Stuttgart Hbf|Stuttgart Nordbahnhof|Stuttgart-Zuffenhausen,8003411,Kornwestheim Pbf,Baden-Württemberg,Kornwestheim,70806,9.179967278,48.86215948,3,2608170120.0,,2608170120.0,,h,1.0,Bauarbeiten,,,,,,,0.0,0.0
-4825921784207905950-2608170057-4,7580,2608170110.0,2608170110.0,4.0,,S,S5,Stuttgart Hbf|Stuttgart Nordbahnhof|Stuttgart-Zuffenhausen,8003411,Kornwestheim Pbf,Baden-Württemberg,Kornwestheim,70806,9.179967278,48.86215948,3,2608170110.0,,2608170110.0,,,,,,,,,,,0.0,0.0
-446483415299011653-2608170105-4,7981,2608170116.0,2608170117.0,1.0,,S,S2,Stuttgart-Vaihingen|Stuttgart-Rohr|Oberaichen,8003622,Leinfelden,Baden-Württemberg,Leinfelden-Echterdingen,70771,9.142859698,48.6964193,4,2608170117.0,,2608170117.0,,,,,,,,,,,1.0,0.0
-4290766941278586427-2608170055-8,7678,2608170113.0,2608170113.0,2.0,,S,S6,Stuttgart-Feuerbach|Stuttgart-Zuffenhausen|Neuwirtshaus(Porscheplatz)|Korntal|Weilimdorf|Ditzingen|Höfingen,8003652,Leonberg,Baden-Württemberg,Leonberg,71229,9.004025993,48.79970547,3,2608170113.0,,2608170113.0,,h,1.0,Bauarbeiten,,,,,,,0.0,0.0
7525780460691541142-2608170107-5,7478,2608170123.0,2608170124.0,2.0,,S,S4,Stuttgart Hbf|Stuttgart Nordbahnhof|Stuttgart-Zuffenhausen|Kornwestheim Pbf,8000235,Ludwigsburg,Baden-Württemberg,Ludwigsburg,71638,9.185229823,48.89208622,3,2608170123.0,,2608170124.0,,h,1.0,Bauarbeiten,,,,,,,0.0,0.0
-4825921784207905950-2608170057-5,7580,2608170113.0,2608170114.0,2.0,,S,S5,Stuttgart Hbf|Stuttgart Nordbahnhof|Stuttgart-Zuffenhausen|Kornwestheim Pbf,8000235,Ludwigsburg,Baden-Württemberg,Ludwigsburg,71638,9.185229823,48.89208622,3,2608170113.0,,2608170114.0,,,,,,,,,,,0.0,0.0
-4290766941278586427-2608170055-11,7678,2608170124.0,2608170124.0,1.0,,S,S6,Stuttgart-Feuerbach|Stuttgart-Zuffenhausen|Neuwirtshaus(Porscheplatz)|Korntal|Weilimdorf|Ditzingen|Höfingen|Leonberg|Rutesheim|Renningen,8003831,Malmsheim,Baden-Württemberg,Renningen,71272,8.905105557,48.77183564,5,2608170124.0,,2608170124.0,,h,1.0,Bauarbeiten,,,,,,,0.0,0.0
7525780460691541142-2608170107-9,7478,2608170135.0,,1.0,,S,,Stuttgart Hbf|Stuttgart Nordbahnhof|Stuttgart-Zuffenhausen|Kornwestheim Pbf|Ludwigsburg|Favoritepark|Freiberg(Neckar)|Benningen(Neckar),8003853,Marbach (Neckar),Baden-Württemberg,Marbach am Neckar,71672,9.264611825,48.9437708,3,2608170135.0,2.0,,,h,1.0,Bauarbeiten,,,,,,,0.0,0.0
7846954886947346104-2608170037-9,7476,2608170105.0,,1.0,,S,,Stuttgart Hbf|Stuttgart Nordbahnhof|Stuttgart-Zuffenhausen|Kornwestheim Pbf|Ludwigsburg|Favoritepark|Freiberg(Neckar)|Benningen(Neckar),8003853,Marbach (Neckar),Baden-Württemberg,Marbach am Neckar,71672,9.264611825,48.9437708,3,2608170105.0,,,,h,1.0,Bauarbeiten,,,,,,,0.0,0.0
8924619333411272467-2608170042-11,7378,2608170114.0,2608170115.0,2.0,,S,S3,Stuttgart Hbf|Stuttgart-Bad Cannstatt|Stuttgart Nürnberger Str.|Stuttgart-Sommerrain|Fellbach|Waiblingen|Neustadt-Hohenacker|Schwaikheim|Winnenden|Nellmersbach,8003913,Maubach,Baden-Württemberg,Backnang,71522,9.419487062,48.92623463,4,2608170114.0,,2608170116.0,,,,,,,,,,,0.0,1.0
-192053693813180582-2608170112-11,7380,2608170144.0,2608170145.0,2.0,,S,S3,Stuttgart Hbf|Stuttgart-Bad Cannstatt|Stuttgart Nürnberger Str.|Stuttgart-Sommerrain|Fellbach|Waiblingen|Neustadt-Hohenacker|Schwaikheim|Winnenden|Nellmersbach,8003913,Maubach,Baden-Württemberg,Backnang,71522,9.419487062,48.92623463,4,2608170145.0,,2608170145.0,,,,,,,,,,,1.0,0.0
8924619333411272467-2608170042-10,7378,2608170111.0,2608170112.0,2.0,,S,S3,Stuttgart Hbf|Stuttgart-Bad Cannstatt|Stuttgart Nürnberger Str.|Stuttgart-Sommerrain|Fellbach|Waiblingen|Neustadt-Hohenacker|Schwaikheim|Winnenden,8004233,Nellmersbach,Baden-Württemberg,Leutenbach,71397,9.415421538,48.90336425,5,2608170112.0,,2608170112.0,,,,,,,,,,,1.0,0.0
-192053693813180582-2608170112-10,7380,2608170141.0,2608170142.0,2.0,,S,S3,Stuttgart Hbf|Stuttgart-Bad Cannstatt|Stuttgart Nürnberger Str.|Stuttgart-Sommerrain|Fellbach|Waiblingen|Neustadt-Hohenacker|Schwaikheim|Winnenden,8004233,Nellmersbach,Baden-Württemberg,Leutenbach,71397,9.415421538,48.90336425,5,2608170142.0,,2608170142.0,,,,,,,,,,,1.0,0.0
8924619333411272467-2608170042-7,7378,2608170103.0,2608170103.0,1.0,,S,S3,Stuttgart Hbf|Stuttgart-Bad Cannstatt|Stuttgart Nürnberger Str.|Stuttgart-Sommerrain|Fellbach|Waiblingen,8004333,Neustadt-Hohenacker,Baden-Württemberg,Waiblingen,71336,9.32455106,48.85921668,5,2608170103.0,,2608170103.0,,,,,,,,,,,0.0,0.0
-192053693813180582-2608170112-7,7380,2608170133.0,2608170133.0,1.0,,S,S3,Stuttgart Hbf|Stuttgart-Bad Cannstatt|Stuttgart Nürnberger Str.|Stuttgart-Sommerrain|Fellbach|Waiblingen,8004333,Neustadt-Hohenacker,Baden-Württemberg,Waiblingen,71336,9.32455106,48.85921668,5,2608170134.0,,2608170134.0,,,,,,,,,,,1.0,1.0
-4784954416824888572-2608170116-8,7781,2608170141.0,2608170141.0,1.0,,S,S1,Stuttgart-Vaihingen|Stuttgart-Rohr|Goldberg(Württ)|Böblingen|Hulb|Ehningen(b Böblingen)|Gärtringen,8004490,Nufringen,Baden-Württemberg,Nufringen,71154,8.889817485,48.62010967,5,2608170141.0,,2608170141.0,,,,,,,,,,,0.0,0.0
-3828888404650944113-2608170046-8,7779,2608170111.0,2608170111.0,1.0,,S,S1,Stuttgart-Vaihingen|Stuttgart-Rohr|Goldberg(Württ)|Böblingen|Hulb|Ehningen(b Böblingen)|Gärtringen,8004490,Nufringen,Baden-Württemberg,Nufringen,71154,8.889817485,48.62010967,5,2608170111.0,,2608170111.0,,,,,,,,,,,0.0,0.0
-446483415299011653-2608170105-3,7981,2608170114.0,2608170114.0,1.0,,S,S2,Stuttgart-Vaihingen|Stuttgart-Rohr,8004496,Oberaichen,Baden-Württemberg,Leinfelden-Echterdingen,70771,9.12743664,48.70512422,5,2608170114.0,,2608170115.0,,,,,,,,,,,0.0,1.0
-3366414490112859120-2608170055-8,7180,2608170115.0,2608170115.0,4.0,,S,S1,Stuttgart Hbf|Stuttgart-Bad Cannstatt|Stuttgart Neckarpark|Stuttgart-Untertürkheim|Stuttgart-Obertürkheim|Esslingen-Mettingen|Esslingen(Neckar),8004528,Oberesslingen,Baden-Württemberg,Esslingen am Neckar,73730,9.327277435,48.72983585,3,2608170115.0,,2608170116.0,,,,,,,,,,,0.0,1.0
-7037256455781419756-2608170042-4,19189,2608170100.0,2608170100.0,4.0,,ARV,16,Stuttgart Hbf|Stuttgart-Bad Cannstatt|Esslingen(Neckar),8000302,Plochingen,Baden-Württemberg,Plochingen,73207,9.411294578,48.71293906,2,2608170100.0,,2608170100.0,,,,,,,,,,,0.0,0.0
-6491793160727462036-2608170047-4,19343,2608170106.0,2608170107.0,7.0,,RE,MEX12,Stuttgart Hbf|Stuttgart-Bad Cannstatt|Esslingen(Neckar),8000302,Plochingen,Baden-Württemberg,Plochingen,73207,9.411294578,48.71293906,2,2608170106.0,,2608170107.0,,h,2.0,Bauarbeiten,,,,,,,0.0,0.0
-3366414490112859120-2608170055-11,7180,2608170123.0,2608170125.0,10.0,,S,S1,Stuttgart Hbf|Stuttgart-Bad Cannstatt|Stuttgart Neckarpark|Stuttgart-Untertürkheim|Stuttgart-Obertürkheim|Esslingen-Mettingen|Esslingen(Neckar)|Oberesslingen|Esslingen-Zell|Altbach,8000302,Plochingen,Baden-Württemberg,Plochingen,73207,9.411294578,48.71293906,2,2608170123.0,,2608170125.0,,,,,,,,,,,0.0,0.0
-4290766941278586427-2608170055-10,7678,2608170119.0,2608170122.0,3.0,,S,S6,Stuttgart-Feuerbach|Stuttgart-Zuffenhausen|Neuwirtshaus(Porscheplatz)|Korntal|Weilimdorf|Ditzingen|Höfingen|Leonberg|Rutesheim,8000313,Renningen,Baden-Württemberg,Renningen,71272,8.932650148,48.77515509,3,2608170119.0,,2608170122.0,,h,1.0,Bauarbeiten,,,,,,,0.0,0.0
7313231446534335906-2608170050-7,7278,2608170107.0,2608170107.0,1.0,,S,S2,Stuttgart Hbf|Stuttgart-Bad Cannstatt|Stuttgart Nürnberger Str.|Stuttgart-Sommerrain|Fellbach|Waiblingen,8005157,Rommelshausen,Baden-Württemberg,Kernen,71394,9.319175885,48.81552017,4,2608170107.0,,2608170108.0,,h,1.0,Bauarbeiten,,,,,,,0.0,1.0
-1441515051530061043-2608170120-7,7280,2608170137.0,2608170137.0,1.0,,S,S2,Stuttgart Hbf|Stuttgart-Bad Cannstatt|Stuttgart Nürnberger Str.|Stuttgart-Sommerrain|Fellbach|Waiblingen,8005157,Rommelshausen,Baden-Württemberg,Kernen,71394,9.319175885,48.81552017,4,2608170137.0,,2608170137.0,,h,1.0,Bauarbeiten,,,,,,,0.0,0.0
-4290766941278586427-2608170055-9,7678,2608170116.0,2608170116.0,2.0,,S,S6,Stuttgart-Feuerbach|Stuttgart-Zuffenhausen|Neuwirtshaus(Porscheplatz)|Korntal|Weilimdorf|Ditzingen|Höfingen|Leonberg,8005236,Rutesheim,Baden-Württemberg,Leonberg,71229,8.960325242,48.79031093,5,2608170116.0,,2608170116.0,,h,1.0,Bauarbeiten,,,,,,,0.0,0.0
2481312206822664361-2608170056-6,19446,2608170113.0,2608170114.0,3.0,,ARV,13,Schwäbisch Gmünd|Lorch(Württ)|Waldhausen(b Schorndorf)|Plüderhausen|Urbach(b Schorndorf),8005424,Schorndorf,Baden-Württemberg,Schorndorf,73614,9.525686251,48.80693898,3,2608170116.0,,2608170117.0,,h,2.0,Information,,,,,,,3.0,3.0
7313231446534335906-2608170050-15,7278,2608170125.0,,1.0,,S,,Stuttgart Hbf|Stuttgart-Bad Cannstatt|Stuttgart Nürnberger Str.|Stuttgart-Sommerrain|Fellbach|Waiblingen|Rommelshausen|Stetten-Beinstein|Endersbach|Beutelsbach|Grunbach|Geradstetten|Winterbach(b Schorndorf)|Weiler(Rems),8005424,Schorndorf,Baden-Württemberg,Schorndorf,73614,9.525686251,48.80693898,3,2608170125.0,,,,h,1.0,Bauarbeiten,,,,,,,0.0,0.0
-1441515051530061043-2608170120-15,7280,2608170155.0,,14.0,,S,,Stuttgart Hbf|Stuttgart-Bad Cannstatt|Stuttgart Nürnberger Str.|Stuttgart-Sommerrain|Fellbach|Waiblingen|Rommelshausen|Stetten-Beinstein|Endersbach|Beutelsbach|Grunbach|Geradstetten|Winterbach(b Schorndorf)|Weiler(Rems),8005424,Schorndorf,Baden-Württemberg,Schorndorf,73614,9.525686251,48.80693898,3,2608170155.0,,,,h,1.0,Bauarbeiten,,,,,,,0.0,0.0
8924619333411272467-2608170042-8,7378,2608170106.0,2608170106.0,2.0,,S,S3,Stuttgart Hbf|Stuttgart-Bad Cannstatt|Stuttgart Nürnberger Str.|Stuttgart-Sommerrain|Fellbach|Waiblingen|Neustadt-Hohenacker,8005454,Schwaikheim,Baden-Württemberg,Schwaikheim,71409,9.354747358,48.86832665,4,2608170106.0,,2608170107.0,,,,,,,,,,,0.0,1.0
-192053693813180582-2608170112-8,7380,2608170136.0,2608170136.0,2.0,,S,S3,Stuttgart Hbf|Stuttgart-Bad Cannstatt|Stuttgart Nürnberger Str.|Stuttgart-Sommerrain|Fellbach|Waiblingen|Neustadt-Hohenacker,8005454,Schwaikheim,Baden-Württemberg,Schwaikheim,71409,9.354747358,48.86832665,4,2608170136.0,,2608170137.0,,,,,,,,,,,0.0,1.0
7313231446534335906-2608170050-8,7278,2608170109.0,2608170109.0,1.0,,S,S2,Stuttgart Hbf|Stuttgart-Bad Cannstatt|Stuttgart Nürnberger Str.|Stuttgart-Sommerrain|Fellbach|Waiblingen|Rommelshausen,8005726,Stetten-Beinstein,Baden-Württemberg,Weinstadt,71384,9.352769725,48.81199601,5,2608170110.0,,2608170110.0,,h,1.0,Bauarbeiten,,,,,,,1.0,1.0
-1441515051530061043-2608170120-8,7280,2608170139.0,2608170139.0,1.0,,S,S2,Stuttgart Hbf|Stuttgart-Bad Cannstatt|Stuttgart Nürnberger Str.|Stuttgart-Sommerrain|Fellbach|Waiblingen|Rommelshausen,8005726,Stetten-Beinstein,Baden-Württemberg,Weinstadt,71384,9.352769725,48.81199601,5,2608170139.0,,2608170139.0,,h,1.0,Bauarbeiten,,,,,,,0.0,0.0
-8097229136581884814-2608170033-15,7281,2608170110.0,,3.0,,S,,Schorndorf|Weiler(Rems)|Winterbach(b Schorndorf)|Geradstetten|Grunbach|Beutelsbach|Endersbach|Stetten-Beinstein|Rommelshausen|Waiblingen|Fellbach|Stuttgart-Sommerrain|Stuttgart Nürnberger Str.|Stuttgart-Bad Cannstatt,8000096,Stuttgart Hbf,Baden-Württemberg,Stuttgart,70173,9.183172973,48.78473069,1,2608170110.0,,,,h,1.0,Bauarbeiten,,,,,,,0.0,0.0
-2072654561674994799-2608170016-10,99025,2608170107.0,,7.0,,RE,,Reutlingen Hbf|Metzingen(Württ)|Bempflingen|Nürtingen|Oberboihingen|Wendlingen(Neckar)|Plochingen|Esslingen(Neckar)|Stuttgart-Bad Cannstatt,8000096,Stuttgart Hbf,Baden-Württemberg,Stuttgart,70173,9.183172973,48.78473069,1,2608170107.0,,,,h,2.0,Bauarbeiten,,,,,c,,0.0,0.0
6538495934741560204-2608162346-22,19188,2608170116.0,,12.0,,ARV,,Ulm Hbf|Beimerstetten|Westerstetten|Lonsee|Urspring|Amstetten(Württ)|Geislingen(Steige)|Geislingen(Steige)West|Kuchen|Gingen(Fils)|Süßen|Salach|Eislingen(Fils)|Göppingen|Faurndau|Uhingen|Ebersbach(Fils)|Reichenbach(Fils)|Plochingen|Esslingen(Neckar)|Stuttgart-Bad Cannstatt,8000096,Stuttgart Hbf,Baden-Württemberg,Stuttgart,70173,9.183172973,48.78473069,1,2608170116.0,,,,,,,,,,,,,0.0,0.0
2481312206822664361-2608170056-9,19446,2608170139.0,,13.0,,ARV,,Schwäbisch Gmünd|Lorch(Württ)|Waldhausen(b Schorndorf)|Plüderhausen|Urbach(b Schorndorf)|Schorndorf|Waiblingen|Stuttgart-Bad Cannstatt,8000096,Stuttgart Hbf,Baden-Württemberg,Stuttgart,70173,9.183172973,48.78473069,1,2608170145.0,,,,h,2.0,Information,,,,,,,6.0,0.0
-8775031481172421761-2608170020-15,7181,2608170105.0,,4.0,,S,,Kirchheim(Teck)|Kirchheim(Teck)-Ötlingen|Wendlingen(Neckar)|Wernau(Neckar)|Plochingen|Altbach|Esslingen-Zell|Oberesslingen|Esslingen(Neckar)|Esslingen-Mettingen|Stuttgart-Obertürkheim|Stuttgart-Untertürkheim|Stuttgart Neckarpark|Stuttgart-Bad Cannstatt,8000096,Stuttgart Hbf,Baden-Württemberg,Stuttgart,70173,9.183172973,48.78473069,1,2608170105.0,,,,,,,,,,,,,0.0,0.0
-1441515051530061043-2608170120-1,7280,,2608170120.0,,,S,S2,,8000096,Stuttgart Hbf,Baden-Württemberg,Stuttgart,70173,9.183172973,48.78473069,1,,,2608170120.0,,h,1.0,Bauarbeiten,,,,,,,0.0,0.0
-192053693813180582-2608170112-1,7380,,2608170112.0,,,S,S3,,8000096,Stuttgart Hbf,Baden-Württemberg,Stuttgart,70173,9.183172973,48.78473069,1,,,2608170112.0,,,,,,,,,,,0.0,0.0
7525780460691541142-2608170107-1,7478,,2608170107.0,,,S,S4,,8000096,Stuttgart Hbf,Baden-Württemberg,Stuttgart,70173,9.183172973,48.78473069,1,,,2608170107.0,5.0,h,1.0,Bauarbeiten,,,,,,,0.0,0.0
-3366414490112859120-2608170055-3,7180,2608170102.0,2608170102.0,2.0,,S,S1,Stuttgart Hbf|Stuttgart-Bad Cannstatt,8006743,Stuttgart Neckarpark,Baden-Württemberg,Stuttgart,70372,9.24106855,48.79194362,4,2608170102.0,,2608170102.0,,,,,,,,,,,0.0,0.0
7525780460691541142-2608170107-2,7478,2608170110.0,2608170111.0,3.0,,S,S4,Stuttgart Hbf,8005767,Stuttgart Nord,Baden-Württemberg,Stuttgard-Nord,70174,9.188061449,48.80374161,5,2608170111.0,,2608170112.0,,h,1.0,Bauarbeiten,,,,,,,1.0,1.0
-4825921784207905950-2608170057-2,7580,2608170100.0,2608170101.0,3.0,,S,S5,Stuttgart Hbf,8005767,Stuttgart Nord,Baden-Württemberg,Stuttgard-Nord,70174,9.188061449,48.80374161,5,2608170102.0,,2608170103.0,,,,,,,,,,,2.0,2.0
-8097229136581884814-2608170033-13,7281,2608170102.0,2608170103.0,1.0,,S,S2,Schorndorf|Weiler(Rems)|Winterbach(b Schorndorf)|Geradstetten|Grunbach|Beutelsbach|Endersbach|Stetten-Beinstein|Rommelshausen|Waiblingen|Fellbach|Stuttgart-Sommerrain,8004357,Stuttgart Nürnberger Straße,Baden-Württemberg,Stuttgart,70374,9.234576905,48.80656062,5,2608170102.0,,2608170103.0,,h,1.0,Bauarbeiten,,,,,,,0.0,0.0
-1441515051530061043-2608170120-3,7280,2608170127.0,2608170127.0,4.0,,S,S2,Stuttgart Hbf|Stuttgart-Bad Cannstatt,8004357,Stuttgart Nürnberger Straße,Baden-Württemberg,Stuttgart,70374,9.234576905,48.80656062,5,2608170127.0,,2608170127.0,,h,1.0,Bauarbeiten,,,,,,,0.0,0.0
-192053693813180582-2608170112-3,7380,2608170122.0,2608170122.0,4.0,,S,S3,Stuttgart Hbf|Stuttgart-Bad Cannstatt,8004357,Stuttgart Nürnberger Straße,Baden-Württemberg,Stuttgart,70374,9.234576905,48.80656062,5,2608170122.0,,2608170122.0,,,,,,,,,,,0.0,0.0
-8097229136581884814-2608170033-14,7281,2608170105.0,2608170106.0,2.0,,S,S2,Schorndorf|Weiler(Rems)|Winterbach(b Schorndorf)|Geradstetten|Grunbach|Beutelsbach|Endersbach|Stetten-Beinstein|Rommelshausen|Waiblingen|Fellbach|Stuttgart-Sommerrain|Stuttgart Nürnberger Str.,8005769,Stuttgart-Bad Cannstatt,Baden-Württemberg,Stuttgart,70372,9.217468636,48.80127978,3,2608170106.0,,2608170107.0,,h,1.0,Bauarbeiten,,,,,,,1.0,1.0
-2072654561674994799-2608170016-9,99025,2608170102.0,2608170103.0,,,RE,MEX12,Reutlingen Hbf|Metzingen(Württ)|Bempflingen|Nürtingen|Oberboihingen|Wendlingen(Neckar)|Plochingen|Esslingen(Neckar),8005769,Stuttgart-Bad Cannstatt,Baden-Württemberg,Stuttgart,70372,9.217468636,48.80127978,3,2608170102.0,4.0,2608170103.0,4.0,h,2.0,Bauarbeiten,,,,,c,c,0.0,0.0
6538495934741560204-2608162346-21,19188,2608170112.0,2608170112.0,5.0,,ARV,16,Ulm Hbf|Beimerstetten|Westerstetten|Lonsee|Urspring|Amstetten(Württ)|Geislingen(Steige)|Geislingen(Steige)West|Kuchen|Gingen(Fils)|Süßen|Salach|Eislingen(Fils)|Göppingen|Faurndau|Uhingen|Ebersbach(Fils)|Reichenbach(Fils)|Plochingen|Esslingen(Neckar),8005769,Stuttgart-Bad Cannstatt,Baden-Württemberg,Stuttgart,70372,9.217468636,48.80127978,3,2608170112.0,,2608170112.0,,,,,,,,,,,0.0,0.0
2481312206822664361-2608170056-8,19446,2608170135.0,2608170135.0,6.0,,ARV,13,Schwäbisch Gmünd|Lorch(Württ)|Waldhausen(b Schorndorf)|Plüderhausen|Urbach(b Schorndorf)|Schorndorf|Waiblingen,8005769,Stuttgart-Bad Cannstatt,Baden-Württemberg,Stuttgart,70372,9.217468636,48.80127978,3,2608170139.0,,2608170140.0,,h,2.0,Information,,,,,,,4.0,5.0
-8775031481172421761-2608170020-14,7181,2608170100.0,2608170101.0,2.0,,S,S1,Kirchheim(Teck)|Kirchheim(Teck)-Ötlingen|Wendlingen(Neckar)|Wernau(Neckar)|Plochingen|Altbach|Esslingen-Zell|Oberesslingen|Esslingen(Neckar)|Esslingen-Mettingen|Stuttgart-Obertürkheim|Stuttgart-Untertürkheim|Stuttgart Neckarpark,8005769,Stuttgart-Bad Cannstatt,Baden-Württemberg,Stuttgart,70372,9.217468636,48.80127978,3,2608170100.0,,2608170101.0,,,,,,,,,,,0.0,0.0
-1441515051530061043-2608170120-2,7280,2608170124.0,2608170124.0,3.0,,S,S2,Stuttgart Hbf,8005769,Stuttgart-Bad Cannstatt,Baden-Württemberg,Stuttgart,70372,9.217468636,48.80127978,3,2608170124.0,,2608170125.0,,h,1.0,Bauarbeiten,,,,,,,0.0,1.0
-192053693813180582-2608170112-2,7380,2608170116.0,2608170119.0,3.0,,S,S3,Stuttgart Hbf,8005769,Stuttgart-Bad Cannstatt,Baden-Württemberg,Stuttgart,70372,9.217468636,48.80127978,3,2608170116.0,,2608170119.0,,,,,,,,,,,0.0,0.0
-3366414490112859120-2608170055-5,7180,2608170107.0,2608170107.0,6.0,,S,S1,Stuttgart Hbf|Stuttgart-Bad Cannstatt|Stuttgart Neckarpark|Stuttgart-Untertürkheim,8005772,Stuttgart-Obertürkheim,Baden-Württemberg,Stuttgart,70329,9.268167932,48.76175015,4,2608170107.0,,2608170107.0,,,,,,,,,,,0.0,0.0
-446483415299011653-2608170105-2,7981,2608170106.0,2608170112.0,2.0,,S,S2,Stuttgart-Vaihingen,8005773,Stuttgart-Rohr,Baden-Württemberg,Stuttgart,70565,9.108158025,48.71799427,4,2608170106.0,2.0,2608170112.0,2.0,,,,,,,,,,0.0,0.0
-4784954416824888572-2608170116-2,7781,2608170117.0,2608170123.0,2.0,,S,S1,Stuttgart-Vaihingen,8005773,Stuttgart-Rohr,Baden-Württemberg,Stuttgart,70565,9.108158025,48.71799427,4,2608170118.0,3.0,2608170123.0,3.0,,,,,,,,,,1.0,0.0
-8097229136581884814-2608170033-12,7281,2608170100.0,2608170100.0,1.0,,S,S2,Schorndorf|Weiler(Rems)|Winterbach(b Schorndorf)|Geradstetten|Grunbach|Beutelsbach|Endersbach|Stetten-Beinstein|Rommelshausen|Waiblingen|Fellbach,8005774,Stuttgart-Sommerrain,Baden-Württemberg,Stuttgart,70374,9.248369749,48.81521824,5,2608170100.0,,2608170100.0,,h,1.0,Bauarbeiten,,,,,,,0.0,0.0
-1441515051530061043-2608170120-4,7280,2608170129.0,2608170129.0,4.0,,S,S2,Stuttgart Hbf|Stuttgart-Bad Cannstatt|Stuttgart Nürnberger Str.,8005774,Stuttgart-Sommerrain,Baden-Württemberg,Stuttgart,70374,9.248369749,48.81521824,5,2608170129.0,,2608170130.0,,h,1.0,Bauarbeiten,,,,,,,0.0,1.0
-192053693813180582-2608170112-4,7380,2608170124.0,2608170124.0,4.0,,S,S3,Stuttgart Hbf|Stuttgart-Bad Cannstatt|Stuttgart Nürnberger Str.,8005774,Stuttgart-Sommerrain,Baden-Württemberg,Stuttgart,70374,9.248369749,48.81521824,5,2608170124.0,,2608170124.0,,,,,,,,,,,0.0,0.0
-3366414490112859120-2608170055-4,7180,2608170104.0,2608170104.0,6.0,,S,S1,Stuttgart Hbf|Stuttgart-Bad Cannstatt|Stuttgart Neckarpark,8005775,Stuttgart-Untertürkheim Pbf,Baden-Württemberg,Stuttgart,70327,9.250467074,48.77984679,3,2608170104.0,,2608170104.0,,,,,,,,,,,0.0,0.0
-446483415299011653-2608170105-1,7981,,2608170105.0,,,S,S2,,8005776,Stuttgart-Vaihingen,Baden-Württemberg,Stuttgart,70563,9.113913368,48.72698116,3,,,2608170105.0,,,,,,,,,,,0.0,0.0
-4784954416824888572-2608170116-1,7781,,2608170116.0,,,S,S1,,8005776,Stuttgart-Vaihingen,Baden-Württemberg,Stuttgart,70563,9.113913368,48.72698116,3,,,2608170116.0,6.0,,,,,,,,,,0.0,0.0
-4290766941278586427-2608170055-5,7678,2608170103.0,2608170104.0,1.0,,S,S6,Stuttgart-Feuerbach|Stuttgart-Zuffenhausen|Neuwirtshaus(Porscheplatz)|Korntal,8006268,Stuttgart-Weilimdorf,Baden-Württemberg,Stuttgart,70499,9.094370086,48.82208429,5,2608170103.0,,2608170104.0,,h,1.0,Bauarbeiten,,,,,,,0.0,0.0
7525780460691541142-2608170107-3,7478,2608170116.0,2608170117.0,4.0,,S,S4,Stuttgart Hbf|Stuttgart Nordbahnhof,8005778,Stuttgart-Zuffenhausen,Baden-Württemberg,Stuttgart,70435,9.167156375,48.82960884,3,2608170116.0,,2608170117.0,,h,1.0,Bauarbeiten,,,,,,,0.0,0.0
-4825921784207905950-2608170057-3,7580,2608170106.0,2608170107.0,4.0,,S,S5,Stuttgart Hbf|Stuttgart Nordbahnhof,8005778,Stuttgart-Zuffenhausen,Baden-Württemberg,Stuttgart,70435,9.167156375,48.82960884,3,2608170106.0,,2608170107.0,,,,,,,,,,,0.0,0.0
-4825921784207905950-2608170057-7,7580,2608170120.0,2608170120.0,3.0,,S,S5,Stuttgart Hbf|Stuttgart Nordbahnhof|Stuttgart-Zuffenhausen|Kornwestheim Pbf|Ludwigsburg|Asperg,8005820,Tamm (Württ),Baden-Württemberg,Tamm,71732,9.125288012,48.92187736,4,2608170120.0,,2608170120.0,,,,,,,,,,,0.0,0.0
2481312206822664361-2608170056-7,19446,2608170128.0,2608170128.0,6.0,,ARV,13,Schwäbisch Gmünd|Lorch(Württ)|Waldhausen(b Schorndorf)|Plüderhausen|Urbach(b Schorndorf)|Schorndorf,8000180,Waiblingen,Baden-Württemberg,Waiblingen,71332,9.300476874,48.8262444,3,2608170131.0,,2608170131.0,,h,2.0,Information,,,,,,,3.0,3.0
7313231446534335906-2608170050-6,7278,2608170104.0,2608170105.0,7.0,,S,S2,Stuttgart Hbf|Stuttgart-Bad Cannstatt|Stuttgart Nürnberger Str.|Stuttgart-Sommerrain|Fellbach,8000180,Waiblingen,Baden-Württemberg,Waiblingen,71332,9.300476874,48.8262444,3,2608170105.0,,2608170106.0,,h,1.0,Bauarbeiten,,,,,,,1.0,1.0
8924619333411272467-2608170042-6,7378,2608170059.0,2608170100.0,3.0,,S,S3,Stuttgart Hbf|Stuttgart-Bad Cannstatt|Stuttgart Nürnberger Str.|Stuttgart-Sommerrain|Fellbach,8000180,Waiblingen,Baden-Württemberg,Waiblingen,71332,9.300476874,48.8262444,3,2608170059.0,,2608170100.0,,,,,,,,,,,0.0,0.0
-1441515051530061043-2608170120-6,7280,2608170134.0,2608170135.0,7.0,,S,S2,Stuttgart Hbf|Stuttgart-Bad Cannstatt|Stuttgart Nürnberger Str.|Stuttgart-Sommerrain|Fellbach,8000180,Waiblingen,Baden-Württemberg,Waiblingen,71332,9.300476874,48.8262444,3,2608170135.0,,2608170135.0,,h,1.0,Bauarbeiten,,,,,,,1.0,0.0
-192053693813180582-2608170112-6,7380,2608170129.0,2608170130.0,3.0,,S,S3,Stuttgart Hbf|Stuttgart-Bad Cannstatt|Stuttgart Nürnberger Str.|Stuttgart-Sommerrain|Fellbach,8000180,Waiblingen,Baden-Württemberg,Waiblingen,71332,9.300476874,48.8262444,3,2608170129.0,,2608170130.0,,,,,,,,,,,0.0,0.0
-4290766941278586427-2608170055-12,7678,2608170127.0,,2.0,,S,,Stuttgart-Feuerbach|Stuttgart-Zuffenhausen|Neuwirtshaus(Porscheplatz)|Korntal|Weilimdorf|Ditzingen|Höfingen|Leonberg|Rutesheim|Renningen|Malmsheim,8006271,Weil der Stadt,Baden-Württemberg,Weil der Stadt,71263,8.873189074,48.7557357,4,2608170127.0,,,,h,1.0,Bauarbeiten,,,,,,,0.0,0.0
7313231446534335906-2608170050-14,7278,2608170122.0,2608170122.0,1.0,,S,S2,Stuttgart Hbf|Stuttgart-Bad Cannstatt|Stuttgart Nürnberger Str.|Stuttgart-Sommerrain|Fellbach|Waiblingen|Rommelshausen|Stetten-Beinstein|Endersbach|Beutelsbach|Grunbach|Geradstetten|Winterbach(b Schorndorf),8006277,Weiler (Rems),Baden-Württemberg,Schorndorf,76314,9.501891172,48.80034585,5,2608170124.0,,2608170125.0,,h,1.0,Bauarbeiten,,,,,,,2.0,3.0
-1441515051530061043-2608170120-14,7280,2608170152.0,2608170152.0,1.0,,S,S2,Stuttgart Hbf|Stuttgart-Bad Cannstatt|Stuttgart Nürnberger Str.|Stuttgart-Sommerrain|Fellbach|Waiblingen|Rommelshausen|Stetten-Beinstein|Endersbach|Beutelsbach|Grunbach|Geradstetten|Winterbach(b Schorndorf),8006277,Weiler (Rems),Baden-Württemberg,Schorndorf,76314,9.501891172,48.80034585,5,2608170152.0,,2608170153.0,,h,1.0,Bauarbeiten,,,,,,,0.0,1.0
2298525024658281877-2608170025-13,7178,2608170102.0,2608170103.0,11.0,,S,S1,Stuttgart Hbf|Stuttgart-Bad Cannstatt|Stuttgart Neckarpark|Stuttgart-Untertürkheim|Stuttgart-Obertürkheim|Esslingen-Mettingen|Esslingen(Neckar)|Oberesslingen|Esslingen-Zell|Altbach|Plochingen|Wernau(Neckar),8006331,Wendlingen (Neckar),Baden-Württemberg,Wendlingen am Neckar,73240,9.373662098,48.67368917,3,2608170103.0,,2608170104.0,,,,,,,,,,,1.0,1.0
-6491793160727462036-2608170047-6,19343,2608170114.0,2608170115.0,2.0,,RE,MEX12,Stuttgart Hbf|Stuttgart-Bad Cannstatt|Esslingen(Neckar)|Plochingen|Wernau(Neckar),8006331,Wendlingen (Neckar),Baden-Württemberg,Wendlingen am Neckar,73240,9.373662098,48.67368917,3,2608170115.0,3.0,2608170115.0,3.0,h,2.0,Bauarbeiten,,,,,,,1.0,0.0
-3366414490112859120-2608170055-13,7180,2608170132.0,2608170133.0,11.0,,S,S1,Stuttgart Hbf|Stuttgart-Bad Cannstatt|Stuttgart Neckarpark|Stuttgart-Untertürkheim|Stuttgart-Obertürkheim|Esslingen-Mettingen|Esslingen(Neckar)|Oberesslingen|Esslingen-Zell|Altbach|Plochingen|Wernau(Neckar),8006331,Wendlingen (Neckar),Baden-Württemberg,Wendlingen am Neckar,73240,9.373662098,48.67368917,3,2608170133.0,,2608170134.0,,,,,,,,,,,1.0,1.0
-6491793160727462036-2608170047-5,19343,2608170110.0,2608170111.0,2.0,,RE,MEX12,Stuttgart Hbf|Stuttgart-Bad Cannstatt|Esslingen(Neckar)|Plochingen,8006346,Wernau (Neckar),Baden-Württemberg,Wernau (Neckar),73249,9.413654423,48.69417221,4,2608170110.0,,2608170111.0,,h,2.0,Bauarbeiten,,,,,,,0.0,0.0
-3366414490112859120-2608170055-12,7180,2608170128.0,2608170129.0,2.0,,S,S1,Stuttgart Hbf|Stuttgart-Bad Cannstatt|Stuttgart Neckarpark|Stuttgart-Untertürkheim|Stuttgart-Obertürkheim|Esslingen-Mettingen|Esslingen(Neckar)|Oberesslingen|Esslingen-Zell|Altbach|Plochingen,8006346,Wernau (Neckar),Baden-Württemberg,Wernau (Neckar),73249,9.413654423,48.69417221,4,2608170128.0,,2608170129.0,,,,,,,,,,,0.0,0.0
8924619333411272467-2608170042-9,7378,2608170109.0,2608170109.0,2.0,,S,S3,Stuttgart Hbf|Stuttgart-Bad Cannstatt|Stuttgart Nürnberger Str.|Stuttgart-Sommerrain|Fellbach|Waiblingen|Neustadt-Hohenacker|Schwaikheim,8006479,Winnenden,Baden-Württemberg,Winnenden,71364,9.392155928,48.8795625,3,2608170109.0,,2608170109.0,,,,,,,,,,,0.0,0.0
-192053693813180582-2608170112-9,7380,2608170139.0,2608170139.0,2.0,,S,S3,Stuttgart Hbf|Stuttgart-Bad Cannstatt|Stuttgart Nürnberger Str.|Stuttgart-Sommerrain|Fellbach|Waiblingen|Neustadt-Hohenacker|Schwaikheim,8006479,Winnenden,Baden-Württemberg,Winnenden,71364,9.392155928,48.8795625,3,2608170139.0,,2608170139.0,,,,,,,,,,,0.0,0.0
7313231446534335906-2608170050-13,7278,2608170120.0,2608170120.0,2.0,,S,S2,Stuttgart Hbf|Stuttgart-Bad Cannstatt|Stuttgart Nürnberger Str.|Stuttgart-Sommerrain|Fellbach|Waiblingen|Rommelshausen|Stetten-Beinstein|Endersbach|Beutelsbach|Grunbach|Geradstetten,8006485,Winterbach (b Schorndorf),Baden-Württemberg,Winterbach,73650,9.481549751,48.79842743,4,2608170121.0,,2608170122.0,,h,1.0,Bauarbeiten,,,,,,,1.0,2.0
-1441515051530061043-2608170120-13,7280,2608170150.0,2608170150.0,2.0,,S,S2,Stuttgart Hbf|Stuttgart-Bad Cannstatt|Stuttgart Nürnberger Str.|Stuttgart-Sommerrain|Fellbach|Waiblingen|Rommelshausen|Stetten-Beinstein|Endersbach|Beutelsbach|Grunbach|Geradstetten,8006485,Winterbach (b Schorndorf),Baden-Württemberg,Winterbach,73650,9.481549751,48.79842743,4,2608170150.0,,2608170151.0,,h,1.0,Bauarbeiten,,,,,,,0.0,1.0
4693049160569863660-2608170350-2,28359,2608170352.0,2608170352.0,3.0,,S,S1,Plochingen,8000508,Altbach,Baden-Württemberg,Altbach,73776,9.382434033,48.72031354,3,2608170352.0,,2608170352.0,,,,,,,,,,,0.0,0.0
1348020220601344513-2608170352-3,28367,2608170357.0,2608170358.0,3.0,,S,S5,Bietigheim-Bissingen|Tamm(Württ),8000630,Asperg,Baden-Württemberg,Asperg,71679,9.147977466,48.90725609,4,2608170357.0,,2608170358.0,,,,,,,,,,,0.0,0.0
-3405121308737868986-2608170346-1,28363,,2608170346.0,,,S,S3,,8000016,Backnang,Baden-Württemberg,Backnang,71522,9.425986107,48.94264844,3,,,2608170346.0,,,,,,,,,,,0.0,0.0
-2528850404755729-2608170355-2,28365,2608170357.0,2608170357.0,2.0,,S,S4,Marbach(Neckar),8000873,Benningen (Neckar),Baden-Württemberg,Benningen am Neckar,71726,9.244299075,48.94379773,5,2608170357.0,,2608170357.0,,h,1.0,Bauarbeiten,,,,,,,0.0,0.0
8312618108729256880-2608170333-6,28361,2608170345.0,2608170345.0,2.0,,S,S2,Schorndorf|Weiler(Rems)|Winterbach(b Schorndorf)|Geradstetten|Grunbach,8000934,Beutelsbach,Baden-Württemberg,Weinstadt,71384,9.38551589,48.81038925,5,2608170345.0,,2608170346.0,,h,1.0,Bauarbeiten,,,,,,,0.0,1.0
1348020220601344513-2608170352-1,28367,,2608170352.0,,,S,S5,,8000038,Bietigheim-Bissingen,Baden-Württemberg,Bietigheim-Bissingen,74321,9.137217396,48.94794988,2,,,2608170352.0,6.0,,,,,,,,,,0.0,0.0
8312618108729256880-2608170333-7,28361,2608170347.0,2608170347.0,3.0,,S,S2,Schorndorf|Weiler(Rems)|Winterbach(b Schorndorf)|Geradstetten|Grunbach|Beutelsbach,8001785,Endersbach,Baden-Württemberg,Weinstadt,71384,9.370192421,48.81317323,4,2608170347.0,,2608170347.0,,h,1.0,Bauarbeiten,,,,,,,0.0,0.0
4693049160569863660-2608170350-5,28359,2608170359.0,2608170400.0,7.0,,S,S1,Plochingen|Altbach|Esslingen-Zell|Oberesslingen,8001920,Esslingen (Neckar),Baden-Württemberg,Esslingen am Neckar,73728,9.300578149,48.73854148,3,2608170359.0,,2608170400.0,,,,,,,,,,,0.0,0.0
4693049160569863660-2608170350-3,28359,2608170354.0,2608170354.0,3.0,,S,S1,Plochingen|Altbach,8006642,Esslingen-Zell,Baden-Württemberg,Esslingen am Neckar,73730,9.359739507,48.72436142,3,2608170354.0,,2608170355.0,,,,,,,,,,,0.0,1.0
8312618108729256880-2608170333-11,28361,2608170357.0,2608170358.0,4.0,,S,S2,Schorndorf|Weiler(Rems)|Winterbach(b Schorndorf)|Geradstetten|Grunbach|Beutelsbach|Endersbach|Stetten-Beinstein|Rommelshausen|Waiblingen,8001974,Fellbach,Baden-Württemberg,Fellbach,70736,9.270645988,48.8202936,3,2608170357.0,,2608170358.0,,h,1.0,Bauarbeiten,,,,,,,0.0,0.0
8312618108729256880-2608170333-4,28361,2608170340.0,2608170341.0,1.0,,S,S2,Schorndorf|Weiler(Rems)|Winterbach(b Schorndorf),8002240,Geradstetten,Baden-Württemberg,Remshalden,73630,9.439522346,48.80527689,5,2608170341.0,,2608170341.0,,h,1.0,Bauarbeiten,,,,,,,1.0,0.0
8312618108729256880-2608170333-5,28361,2608170342.0,2608170343.0,2.0,,S,S2,Schorndorf|Weiler(Rems)|Winterbach(b Schorndorf)|Geradstetten,8002448,Grunbach,Baden-Württemberg,Remshalden,73630,9.419580601,48.810414,4,2608170343.0,,2608170343.0,,h,1.0,Bauarbeiten,,,,,,,1.0,0.0
-7074048190611233336-2608170348-2,28369,2608170350.0,2608170350.0,2.0,,S,S6,Weil der Stadt,8003831,Malmsheim,Baden-Württemberg,Renningen,71272,8.905105557,48.77183564,5,2608170350.0,,2608170351.0,,h,1.0,Bauarbeiten,,,,,,,0.0,1.0
-2528850404755729-2608170355-1,28365,,2608170355.0,,,S,S4,,8003853,Marbach (Neckar),Baden-Württemberg,Marbach am Neckar,71672,9.264611825,48.9437708,3,,,2608170355.0,,h,1.0,Bauarbeiten,,,,,,,0.0,0.0
-3405121308737868986-2608170346-2,28363,2608170348.0,2608170349.0,1.0,,S,S3,Backnang,8003913,Maubach,Baden-Württemberg,Backnang,71522,9.419487062,48.92623463,4,2608170349.0,,2608170350.0,,,,,,,,,,,1.0,1.0
-3405121308737868986-2608170346-3,28363,2608170351.0,2608170351.0,1.0,,S,S3,Backnang|Maubach,8004233,Nellmersbach,Baden-Württemberg,Leutenbach,71397,9.415421538,48.90336425,5,2608170352.0,,2608170353.0,,,,,,,,,,,1.0,2.0
4693049160569863660-2608170350-4,28359,2608170357.0,2608170357.0,3.0,,S,S1,Plochingen|Altbach|Esslingen-Zell,8004528,Oberesslingen,Baden-Württemberg,Esslingen am Neckar,73730,9.327277435,48.72983585,3,2608170357.0,,2608170357.0,,,,,,,,,,,0.0,0.0
4693049160569863660-2608170350-1,28359,,2608170350.0,,,S,S1,,8000302,Plochingen,Baden-Württemberg,Plochingen,73207,9.411294578,48.71293906,2,,,2608170350.0,,,,,,,,,,,0.0,0.0
-7074048190611233336-2608170348-3,28369,2608170352.0,2608170356.0,2.0,,S,S6,Weil der Stadt|Malmsheim,8000313,Renningen,Baden-Württemberg,Renningen,71272,8.932650148,48.77515509,3,2608170353.0,,2608170356.0,,h,1.0,Bauarbeiten,,,,,,,1.0,0.0
8312618108729256880-2608170333-9,28361,2608170351.0,2608170352.0,2.0,,S,S2,Schorndorf|Weiler(Rems)|Winterbach(b Schorndorf)|Geradstetten|Grunbach|Beutelsbach|Endersbach|Stetten-Beinstein,8005157,Rommelshausen,Baden-Württemberg,Kernen,71394,9.319175885,48.81552017,4,2608170351.0,,2608170352.0,,h,1.0,Bauarbeiten,,,,,,,0.0,0.0
-7074048190611233336-2608170348-4,28369,2608170358.0,2608170359.0,1.0,,S,S6,Weil der Stadt|Malmsheim|Renningen,8005236,Rutesheim,Baden-Württemberg,Leonberg,71229,8.960325242,48.79031093,5,2608170358.0,,2608170359.0,,h,1.0,Bauarbeiten,,,,,,,0.0,0.0
8312618108729256880-2608170333-1,28361,,2608170333.0,,,S,S2,,8005424,Schorndorf,Baden-Württemberg,Schorndorf,73614,9.525686251,48.80693898,3,,,2608170333.0,,h,1.0,Bauarbeiten,,,,,,,0.0,0.0
-3405121308737868986-2608170346-5,28363,2608170357.0,2608170358.0,1.0,,S,S3,Backnang|Maubach|Nellmersbach|Winnenden,8005454,Schwaikheim,Baden-Württemberg,Schwaikheim,71409,9.354747358,48.86832665,4,2608170358.0,,2608170359.0,,,,,,,,,,,1.0,1.0
8312618108729256880-2608170333-8,28361,2608170349.0,2608170349.0,2.0,,S,S2,Schorndorf|Weiler(Rems)|Winterbach(b Schorndorf)|Geradstetten|Grunbach|Beutelsbach|Endersbach,8005726,Stetten-Beinstein,Baden-Württemberg,Weinstadt,71384,9.352769725,48.81199601,5,2608170349.0,,2608170349.0,,h,1.0,Bauarbeiten,,,,,,,0.0,0.0
-1696482145472978640-2608161945-17,619,2608170354.0,2608170400.0,16.0,,ICE,,Hamburg Hbf|Hamburg-Harburg|Bremen Hbf|Osnabrück Hbf|Münster(Westf)Hbf|Dortmund Hbf|Bochum Hbf|Essen Hbf|Duisburg Hbf|Düsseldorf Hbf|Köln Messe/Deutz Gl.11-12|Siegburg/Bonn|Frankfurt(M) Flughafen Fernbf|Frankfurt(Main)Hbf|Mannheim Hbf|Heidelberg Hbf,8000096,Stuttgart Hbf,Baden-Württemberg,Stuttgart,70173,9.183172973,48.78473069,1,2608170345.0,,2608170401.0,,h,3.0,Information,,,,,,,-9.0,1.0
1348020220601344513-2608170352-2,28367,2608170355.0,2608170355.0,2.0,,S,S5,Bietigheim-Bissingen,8005820,Tamm (Württ),Baden-Württemberg,Tamm,71732,9.125288012,48.92187736,4,2608170355.0,,2608170355.0,,,,,,,,,,,0.0,0.0
8312618108729256880-2608170333-10,28361,2608170354.0,2608170355.0,5.0,,S,S2,Schorndorf|Weiler(Rems)|Winterbach(b Schorndorf)|Geradstetten|Grunbach|Beutelsbach|Endersbach|Stetten-Beinstein|Rommelshausen,8000180,Waiblingen,Baden-Württemberg,Waiblingen,71332,9.300476874,48.8262444,3,2608170354.0,,2608170355.0,,h,1.0,Bauarbeiten,,,,,,,0.0,0.0
-7074048190611233336-2608170348-1,28369,,2608170348.0,,,S,S6,,8006271,Weil der Stadt,Baden-Württemberg,Weil der Stadt,71263,8.873189074,48.7557357,4,,,2608170348.0,,h,1.0,Bauarbeiten,,,,,,,0.0,0.0
8312618108729256880-2608170333-2,28361,2608170336.0,2608170336.0,2.0,,S,S2,Schorndorf,8006277,Weiler (Rems),Baden-Württemberg,Schorndorf,76314,9.501891172,48.80034585,5,2608170337.0,,2608170337.0,,h,1.0,Bauarbeiten,,,,,,,1.0,1.0
-3405121308737868986-2608170346-4,28363,2608170354.0,2608170355.0,3.0,,S,S3,Backnang|Maubach|Nellmersbach,8006479,Winnenden,Baden-Württemberg,Winnenden,71364,9.392155928,48.8795625,3,2608170354.0,,2608170355.0,,,,,,,,,,,0.0,0.0
8312618108729256880-2608170333-3,28361,2608170338.0,2608170338.0,1.0,,S,S2,Schorndorf|Weiler(Rems),8006485,Winterbach (b Schorndorf),Baden-Württemberg,Winterbach,73650,9.481549751,48.79842743,4,2608170339.0,,2608170339.0,,h,1.0,Bauarbeiten,,,,,,,1.0,1.0
1781534358873638088-2608170437-2,7101,2608170439.0,2608170440.0,3,,S,S1,Plochingen,8000508,Altbach,Baden-Württemberg,Altbach,73776,9.382434033,48.72031354,3,2608170445.0,,2608170446.0,,,,,,,,,,,6.0,6.0
-9020622847777394381-2608170437-3,7501,2608170442.0,2608170443.0,3,,S,S5,Bietigheim-Bissingen|Tamm(Württ),8000630,Asperg,Baden-Württemberg,Asperg,71679,9.147977466,48.90725609,4,2608170442.0,,2608170443.0,,,,,,,,,,,0.0,0.0
8242933012542256606-2608170441-1,7301,,2608170441.0,,,S,S3,,8000016,Backnang,Baden-Württemberg,Backnang,71522,9.425986107,48.94264844,3,,,2608170441.0,,,,,,,,,,,0.0,0.0
3736309951731493132-2608170423-5,98236,2608170450.0,2608170451.0,,,ARV,90,Stuttgart Hbf|Stuttgart-Bad Cannstatt|Waiblingen|Winnenden,8000016,Backnang,Baden-Württemberg,Backnang,71522,9.425986107,48.94264844,3,2608170450.0,4.0,2608170451.0,4.0,,,,,,,,,,0.0,0.0
4059477772738430465-2608170455-2,7401,2608170457.0,2608170457.0,2,,S,S4,Marbach(Neckar),8000873,Benningen (Neckar),Baden-Württemberg,Benningen am Neckar,71726,9.244299075,48.94379773,5,2608170457.0,,2608170457.0,,,,,,,,,,,0.0,0.0
-7541480709171040331-2608170433-6,7201,2608170445.0,2608170445.0,2,,S,S2,Schorndorf|Weiler(Rems)|Winterbach(b Schorndorf)|Geradstetten|Grunbach,8000934,Beutelsbach,Baden-Württemberg,Weinstadt,71384,9.38551589,48.81038925,5,2608170445.0,,2608170446.0,,h,1.0,Bauarbeiten,,,,,,,0.0,1.0
-9020622847777394381-2608170437-1,7501,,2608170437.0,,,S,S5,,8000038,Bietigheim-Bissingen,Baden-Württemberg,Bietigheim-Bissingen,74321,9.137217396,48.94794988,2,,,2608170437.0,6.0,,,,,,,,,,0.0,0.0
-1949358468766091644-2608170417-12,19541,2608170453.0,,3,,RE,,Pforzheim Hbf|Eutingen(Baden)|Niefern|Enzberg|Mühlacker|Mühlacker Rößlesweg|Illingen(Württ)|Vaihingen(Enz)|Sersheim|Sachsenheim|Ellental,8000038,Bietigheim-Bissingen,Baden-Württemberg,Bietigheim-Bissingen,74321,9.137217396,48.94794988,2,2608170453.0,7.0,,,h,2.0,Information,,,,,,,0.0,0.0
7941126174300873842-2608170416-6,7700,2608170430.0,2608170430.0,3,,S,S1,Herrenberg|Nufringen|Gärtringen|Ehningen(b Böblingen)|Hulb,8001055,Böblingen,Baden-Württemberg,Böblingen,71034,9.004531864,48.68784871,3,2608170430.0,,2608170430.0,,,,,,,,,,,0.0,0.0
-7074048190611233336-2608170348-7,28369,2608170409.0,2608170409.0,3,,S,S6,Weil der Stadt|Malmsheim|Renningen|Rutesheim|Leonberg|Höfingen,8001476,Ditzingen,Baden-Württemberg,Ditzingen,71254,9.067095186,48.82358726,4,2608170411.0,,2608170411.0,,h,1.0,Bauarbeiten,,,,,,,2.0,2.0
5411763714021984948-2608170433-7,7601,2608170454.0,2608170454.0,3,,S,S6,Weil der Stadt|Malmsheim|Renningen|Rutesheim|Leonberg|Höfingen,8001476,Ditzingen,Baden-Württemberg,Ditzingen,71254,9.067095186,48.82358726,4,2608170454.0,,2608170454.0,,h,1.0,Bauarbeiten,,,,,,,0.0,0.0
2884405162672083910-2608170441-5,7002,2608170451.0,2608170451.0,2,,S,S60,Stuttgart-Zuffenhausen|Neuwirtshaus(Porscheplatz)|Korntal|Weilimdorf,8001476,Ditzingen,Baden-Württemberg,Ditzingen,71254,9.067095186,48.82358726,4,2608170451.0,,2608170451.0,,h,1.0,Bauarbeiten,,,,,,,0.0,0.0
5345137375289338986-2608170449-5,28371,2608170458.0,2608170458.0,1,,S,S2,Stuttgart-Vaihingen|Stuttgart-Rohr|Oberaichen|Leinfelden,8001650,Echterdingen,Baden-Württemberg,Echterdingen,70771,9.169307175,48.69214787,4,2608170458.0,,2608170500.0,,,,,,,,,,,0.0,2.0
7941126174300873842-2608170416-4,7700,2608170425.0,2608170425.0,1,,S,S1,Herrenberg|Nufringen|Gärtringen,8001689,Ehningen (b Böblingen),Baden-Württemberg,Ehningen,71139,8.944310368,48.66275549,4,2608170425.0,,2608170425.0,,,,,,,,,,,0.0,0.0
-1097970535552752096-2608170446-4,7702,2608170455.0,2608170455.0,1,,S,S1,Herrenberg|Nufringen|Gärtringen,8001689,Ehningen (b Böblingen),Baden-Württemberg,Ehningen,71139,8.944310368,48.66275549,4,2608170455.0,,2608170455.0,,,,,,,,,,,0.0,0.0
-7541480709171040331-2608170433-7,7201,2608170447.0,2608170447.0,3,,S,S2,Schorndorf|Weiler(Rems)|Winterbach(b Schorndorf)|Geradstetten|Grunbach|Beutelsbach,8001785,Endersbach,Baden-Württemberg,Weinstadt,71384,9.370192421,48.81317323,4,2608170447.0,,2608170448.0,,h,1.0,Bauarbeiten,,,,,,,0.0,1.0
4693049160569863660-2608170350-5,28359,2608170359.0,2608170400.0,7,,S,S1,Plochingen|Altbach|Esslingen-Zell|Oberesslingen,8001920,Esslingen (Neckar),Baden-Württemberg,Esslingen am Neckar,73728,9.300578149,48.73854148,3,2608170359.0,,2608170400.0,,,,,,,,,,,0.0,0.0
1781534358873638088-2608170437-5,7101,2608170447.0,2608170447.0,7,,S,S1,Plochingen|Altbach|Esslingen-Zell|Oberesslingen,8001920,Esslingen (Neckar),Baden-Württemberg,Esslingen am Neckar,73728,9.300578149,48.73854148,3,2608170452.0,,2608170453.0,,,,,,,,,,,5.0,6.0
1745489924636611447-2608170408-3,99021,2608170419.0,2608170421.0,,,RE,MEX12,Stuttgart Hbf|Stuttgart-Bad Cannstatt,8001920,Esslingen (Neckar),Baden-Württemberg,Esslingen am Neckar,73728,9.300578149,48.73854148,3,2608170422.0,8.0,2608170423.0,8.0,h,2.0,Bauarbeiten,,,,,,,3.0,2.0
-2605312677894761496-2608170442-3,19109,2608170453.0,2608170454.0,5,,ARV,16,Stuttgart Hbf|Stuttgart-Bad Cannstatt,8001920,Esslingen (Neckar),Baden-Württemberg,Esslingen am Neckar,73728,9.300578149,48.73854148,3,2608170453.0,,2608170454.0,,,,,,,,,,,0.0,0.0
4693049160569863660-2608170350-6,28359,2608170402.0,2608170402.0,3,,S,S1,Plochingen|Altbach|Esslingen-Zell|Oberesslingen|Esslingen(Neckar),8001921,Esslingen-Mettingen,Baden-Württemberg,Esslingen am Neckar,73733,9.275799007,48.74696655,3,2608170402.0,,2608170403.0,,,,,,,,,,,0.0,1.0
1781534358873638088-2608170437-6,7101,2608170449.0,2608170450.0,3,,S,S1,Plochingen|Altbach|Esslingen-Zell|Oberesslingen|Esslingen(Neckar),8001921,Esslingen-Mettingen,Baden-Württemberg,Esslingen am Neckar,73733,9.275799007,48.74696655,3,2608170455.0,,2608170455.0,,,,,,,,,,,6.0,5.0
1781534358873638088-2608170437-3,7101,2608170442.0,2608170442.0,3,,S,S1,Plochingen|Altbach,8006642,Esslingen-Zell,Baden-Württemberg,Esslingen am Neckar,73730,9.359739507,48.72436142,3,2608170447.0,,2608170448.0,,,,,,,,,,,5.0,6.0
-2528850404755729-2608170355-4,28365,2608170403.0,2608170403.0,2,,S,S4,Marbach(Neckar)|Benningen(Neckar)|Freiberg(Neckar),8001967,Favoritepark,Baden-Württemberg,Ludwigsburg,71634,9.180574277,48.90948451,5,2608170403.0,,2608170404.0,,h,1.0,Bauarbeiten,,,,,,,0.0,1.0
-7541480709171040331-2608170433-11,7201,2608170457.0,2608170458.0,4,,S,S2,Schorndorf|Weiler(Rems)|Winterbach(b Schorndorf)|Geradstetten|Grunbach|Beutelsbach|Endersbach|Stetten-Beinstein|Rommelshausen|Waiblingen,8001974,Fellbach,Baden-Württemberg,Fellbach,70736,9.270645988,48.8202936,3,2608170457.0,,2608170458.0,,h,1.0,Bauarbeiten,,,,,,,0.0,0.0
-3405121308737868986-2608170346-8,28363,2608170407.0,2608170408.0,4,,S,S3,Backnang|Maubach|Nellmersbach|Winnenden|Schwaikheim|Neustadt-Hohenacker|Waiblingen,8001974,Fellbach,Baden-Württemberg,Fellbach,70736,9.270645988,48.8202936,3,2608170408.0,,2608170408.0,,,,,,,,,,,1.0,0.0
-2528850404755729-2608170355-3,28365,2608170400.0,2608170401.0,2,,S,S4,Marbach(Neckar)|Benningen(Neckar),8002065,Freiberg (Neckar),Baden-Württemberg,Freiberg am Neckar,71691,9.197530085,48.92994974,5,2608170400.0,,2608170401.0,,h,1.0,Bauarbeiten,,,,,,,0.0,0.0
7941126174300873842-2608170416-3,7700,2608170422.0,2608170422.0,2,,S,S1,Herrenberg|Nufringen,8002165,Gärtringen,Baden-Württemberg,Gärtringen,71116,8.908864487,48.64080021,5,2608170422.0,,2608170422.0,,,,,,,,,,,0.0,0.0
-1097970535552752096-2608170446-3,7702,2608170452.0,2608170452.0,2,,S,S1,Herrenberg|Nufringen,8002165,Gärtringen,Baden-Württemberg,Gärtringen,71116,8.908864487,48.64080021,5,2608170452.0,,2608170452.0,,,,,,,,,,,0.0,0.0
-7541480709171040331-2608170433-4,7201,2608170440.0,2608170441.0,1,,S,S2,Schorndorf|Weiler(Rems)|Winterbach(b Schorndorf),8002240,Geradstetten,Baden-Württemberg,Remshalden,73630,9.439522346,48.80527689,5,2608170441.0,,2608170442.0,,h,1.0,Bauarbeiten,,,,,,,1.0,1.0
7941126174300873842-2608170416-7,7700,2608170432.0,2608170432.0,2,,S,S1,Herrenberg|Nufringen|Gärtringen|Ehningen(b Böblingen)|Hulb|Böblingen,8005201,Goldberg,Baden-Württemberg,Böblingen,71032,9.019733387,48.69651581,5,2608170432.0,,2608170432.0,,,,,,,,,,,0.0,0.0
-7541480709171040331-2608170433-5,7201,2608170442.0,2608170443.0,2,,S,S2,Schorndorf|Weiler(Rems)|Winterbach(b Schorndorf)|Geradstetten,8002448,Grunbach,Baden-Württemberg,Remshalden,73630,9.419580601,48.810414,4,2608170443.0,,2608170443.0,,h,1.0,Bauarbeiten,,,,,,,1.0,0.0
-6088404248444350525-2608170427-10,22709,2608170453.0,,102,,RB,,Tübingen Hbf|Tübingen West|Unterjesingen Sandäcker|Unterjesingen Mitte|Pfäffingen|Entringen|Altingen(Württ)|Gültstein|Herrenberg Zwerchweg,8002785,Herrenberg,Baden-Württemberg,Herrenberg,71083,8.862625253,48.59395697,3,2608170453.0,,,,,,,,,,,c,,0.0,0.0
8035212096578354289-2608170459-1,22700,,2608170459.0,,,RB,RB63,,8002785,Herrenberg,Baden-Württemberg,Herrenberg,71083,8.862625253,48.59395697,3,,,,,,,,,,,,,c,0.0,0.0
7941126174300873842-2608170416-1,7700,,2608170416.0,,,S,S1,,8002785,Herrenberg,Baden-Württemberg,Herrenberg,71083,8.862625253,48.59395697,3,,,2608170416.0,,,,,,,,,,,0.0,0.0
-1097970535552752096-2608170446-1,7702,,2608170446.0,,,S,S1,,8002785,Herrenberg,Baden-Württemberg,Herrenberg,71083,8.862625253,48.59395697,3,,,2608170446.0,,,,,,,,,,,0.0,0.0
-7074048190611233336-2608170348-6,28369,2608170405.0,2608170406.0,1,,S,S6,Weil der Stadt|Malmsheim|Renningen|Rutesheim|Leonberg,8002892,Höfingen,Baden-Württemberg,Leonberg,71229,9.026180834,48.81503436,5,2608170408.0,,2608170409.0,,h,1.0,Bauarbeiten,,,,,,,3.0,3.0
5411763714021984948-2608170433-6,7601,2608170450.0,2608170451.0,1,,S,S6,Weil der Stadt|Malmsheim|Renningen|Rutesheim|Leonberg,8002892,Höfingen,Baden-Württemberg,Leonberg,71229,9.026180834,48.81503436,5,2608170451.0,,2608170452.0,,h,1.0,Bauarbeiten,,,,,,,1.0,1.0
2884405162672083910-2608170441-6,7002,2608170454.0,2608170454.0,2,,S,S60,Stuttgart-Zuffenhausen|Neuwirtshaus(Porscheplatz)|Korntal|Weilimdorf|Ditzingen,8002892,Höfingen,Baden-Württemberg,Leonberg,71229,9.026180834,48.81503436,5,2608170454.0,,2608170455.0,,h,1.0,Bauarbeiten,,,,,,,0.0,1.0
7941126174300873842-2608170416-5,7700,2608170428.0,2608170428.0,2,,S,S1,Herrenberg|Nufringen|Gärtringen|Ehningen(b Böblingen),8003022,Hulb,Baden-Württemberg,Böblingen-Hulb,71032,8.982396429,48.67924173,5,2608170428.0,,2608170428.0,,,,,,,,,,,0.0,0.0
-1097970535552752096-2608170446-5,7702,2608170458.0,2608170458.0,2,,S,S1,Herrenberg|Nufringen|Gärtringen|Ehningen(b Böblingen),8003022,Hulb,Baden-Württemberg,Böblingen-Hulb,71032,8.982396429,48.67924173,5,2608170458.0,,2608170459.0,,,,,,,,,,,0.0,1.0
-4550115281200084116-2608170450-1,7103,,2608170450.0,,,S,S1,,8003280,Kirchheim (Teck),Baden-Württemberg,Kirchheim unter Teck,73230,9.443872422,48.64415981,4,,,2608170450.0,,,,,,,,,,,0.0,0.0
-4550115281200084116-2608170450-2,7103,2608170453.0,2608170453.0,1,,S,S1,Kirchheim(Teck),8003282,Kirchheim (Teck)-Ötlingen,Baden-Württemberg,Kirchheim unter Teck,73230,9.416261302,48.65782388,5,2608170453.0,,2608170454.0,,,,,,,,,,,0.0,1.0
-7074048190611233336-2608170348-9,28369,2608170413.0,2608170414.0,3,,S,S6,Weil der Stadt|Malmsheim|Renningen|Rutesheim|Leonberg|Höfingen|Ditzingen|Weilimdorf,8003409,Korntal,Baden-Württemberg,Korntal,70825,9.121099128,48.82640246,4,2608170415.0,,2608170416.0,,h,1.0,Bauarbeiten,,,,,,,2.0,2.0
5411763714021984948-2608170433-9,7601,2608170458.0,2608170459.0,3,,S,S6,Weil der Stadt|Malmsheim|Renningen|Rutesheim|Leonberg|Höfingen|Ditzingen|Weilimdorf,8003409,Korntal,Baden-Württemberg,Korntal,70825,9.121099128,48.82640246,4,2608170458.0,,2608170459.0,,h,1.0,Bauarbeiten,,,,,,,0.0,0.0
2884405162672083910-2608170441-3,7002,2608170446.0,2608170446.0,1,,S,S60,Stuttgart-Zuffenhausen|Neuwirtshaus(Porscheplatz),8003409,Korntal,Baden-Württemberg,Korntal,70825,9.121099128,48.82640246,4,2608170446.0,,2608170446.0,,h,1.0,Bauarbeiten,,,,,,,0.0,0.0
-9020622847777394381-2608170437-5,7501,2608170449.0,2608170450.0,3,,S,S5,Bietigheim-Bissingen|Tamm(Württ)|Asperg|Ludwigsburg,8003411,Kornwestheim Pbf,Baden-Württemberg,Kornwestheim,70806,9.179967278,48.86215948,3,2608170449.0,,2608170450.0,,,,,,,,,,,0.0,0.0
1348020220601344513-2608170352-5,28367,2608170404.0,2608170405.0,3,,S,S5,Bietigheim-Bissingen|Tamm(Württ)|Asperg|Ludwigsburg,8003411,Kornwestheim Pbf,Baden-Württemberg,Kornwestheim,70806,9.179967278,48.86215948,3,2608170404.0,,2608170405.0,,,,,,,,,,,0.0,0.0
-2528850404755729-2608170355-6,28365,2608170409.0,2608170410.0,3,,S,S4,Marbach(Neckar)|Benningen(Neckar)|Freiberg(Neckar)|Favoritepark|Ludwigsburg,8003411,Kornwestheim Pbf,Baden-Württemberg,Kornwestheim,70806,9.179967278,48.86215948,3,2608170409.0,,2608170410.0,,h,1.0,Bauarbeiten,,,,,,,0.0,0.0
5345137375289338986-2608170449-4,28371,2608170455.0,2608170456.0,1,,S,S2,Stuttgart-Vaihingen|Stuttgart-Rohr|Oberaichen,8003622,Leinfelden,Baden-Württemberg,Leinfelden-Echterdingen,70771,9.142859698,48.6964193,4,2608170456.0,,2608170457.0,,,,,,,,,,,1.0,1.0
-7074048190611233336-2608170348-5,28369,2608170402.0,2608170402.0,1,,S,S6,Weil der Stadt|Malmsheim|Renningen|Rutesheim,8003652,Leonberg,Baden-Württemberg,Leonberg,71229,9.004025993,48.79970547,3,2608170404.0,,2608170405.0,,h,1.0,Bauarbeiten,,,,,,,2.0,3.0
5411763714021984948-2608170433-5,7601,2608170447.0,2608170447.0,1,,S,S6,Weil der Stadt|Malmsheim|Renningen|Rutesheim,8003652,Leonberg,Baden-Württemberg,Leonberg,71229,9.004025993,48.79970547,3,2608170447.0,,2608170447.0,,h,1.0,Bauarbeiten,,,,,,,0.0,0.0
2884405162672083910-2608170441-7,7002,2608170458.0,2608170458.0,2,,S,S60,Stuttgart-Zuffenhausen|Neuwirtshaus(Porscheplatz)|Korntal|Weilimdorf|Ditzingen|Höfingen,8003652,Leonberg,Baden-Württemberg,Leonberg,71229,9.004025993,48.79970547,3,2608170458.0,,2608170458.0,,h,1.0,Bauarbeiten,,,,,,,0.0,0.0
-9020622847777394381-2608170437-4,7501,2608170446.0,2608170446.0,3,,S,S5,Bietigheim-Bissingen|Tamm(Württ)|Asperg,8000235,Ludwigsburg,Baden-Württemberg,Ludwigsburg,71638,9.185229823,48.89208622,3,2608170446.0,,2608170446.0,,,,,,,,,,,0.0,0.0
1348020220601344513-2608170352-4,28367,2608170401.0,2608170401.0,3,,S,S5,Bietigheim-Bissingen|Tamm(Württ)|Asperg,8000235,Ludwigsburg,Baden-Württemberg,Ludwigsburg,71638,9.185229823,48.89208622,3,2608170401.0,,2608170402.0,,,,,,,,,,,0.0,1.0
-2528850404755729-2608170355-5,28365,2608170406.0,2608170406.0,3,,S,S4,Marbach(Neckar)|Benningen(Neckar)|Freiberg(Neckar)|Favoritepark,8000235,Ludwigsburg,Baden-Württemberg,Ludwigsburg,71638,9.185229823,48.89208622,3,2608170406.0,,2608170406.0,,h,1.0,Bauarbeiten,,,,,,,0.0,0.0
6839500523111524784-2608170443-2,19210,2608170453.0,,1,,RE,,Stuttgart Hbf,8000235,Ludwigsburg,Baden-Württemberg,Ludwigsburg,71638,9.185229823,48.89208622,3,2608170454.0,,,,,,,,,,,,,1.0,0.0
5411763714021984948-2608170433-2,7601,2608170435.0,2608170435.0,2,,S,S6,Weil der Stadt,8003831,Malmsheim,Baden-Württemberg,Renningen,71272,8.905105557,48.77183564,5,2608170435.0,,2608170436.0,,h,1.0,Bauarbeiten,,,,,,,0.0,1.0
4059477772738430465-2608170455-1,7401,,2608170455.0,,,S,S4,,8003853,Marbach (Neckar),Baden-Württemberg,Marbach am Neckar,71672,9.264611825,48.9437708,3,,,2608170455.0,,,,,,,,,,,0.0,0.0
8242933012542256606-2608170441-2,7301,2608170443.0,2608170444.0,1,,S,S3,Backnang,8003913,Maubach,Baden-Württemberg,Backnang,71522,9.419487062,48.92623463,4,2608170444.0,,2608170445.0,,,,,,,,,,,1.0,1.0
8242933012542256606-2608170441-3,7301,2608170446.0,2608170446.0,1,,S,S3,Backnang|Maubach,8004233,Nellmersbach,Baden-Württemberg,Leutenbach,71397,9.415421538,48.90336425,5,2608170446.0,,2608170447.0,,,,,,,,,,,0.0,1.0
8242933012542256606-2608170441-6,7301,2608170455.0,2608170455.0,2,,S,S3,Backnang|Maubach|Nellmersbach|Winnenden|Schwaikheim,8004333,Neustadt-Hohenacker,Baden-Württemberg,Waiblingen,71336,9.32455106,48.85921668,5,2608170455.0,,2608170455.0,,,,,,,,,,,0.0,0.0
-3405121308737868986-2608170346-6,28363,2608170400.0,2608170400.0,2,,S,S3,Backnang|Maubach|Nellmersbach|Winnenden|Schwaikheim,8004333,Neustadt-Hohenacker,Baden-Württemberg,Waiblingen,71336,9.32455106,48.85921668,5,2608170400.0,,2608170401.0,,,,,,,,,,,0.0,1.0
-7074048190611233336-2608170348-10,28369,2608170416.0,2608170416.0,2,,S,S6,Weil der Stadt|Malmsheim|Renningen|Rutesheim|Leonberg|Höfingen|Ditzingen|Weilimdorf|Korntal,8004338,Neuwirtshaus (Porscheplatz),Baden-Württemberg,Stuttgart,70435,9.151955614,48.83384734,4,2608170418.0,,2608170418.0,,h,1.0,Bauarbeiten,,,,,,,2.0,2.0
2884405162672083910-2608170441-2,7002,2608170443.0,2608170443.0,1,,S,S60,Stuttgart-Zuffenhausen,8004338,Neuwirtshaus (Porscheplatz),Baden-Württemberg,Stuttgart,70435,9.151955614,48.83384734,4,2608170443.0,,2608170444.0,,h,1.0,Bauarbeiten,,,,,,,0.0,1.0
7941126174300873842-2608170416-2,7700,2608170419.0,2608170419.0,2,,S,S1,Herrenberg,8004490,Nufringen,Baden-Württemberg,Nufringen,71154,8.889817485,48.62010967,5,2608170419.0,,2608170419.0,,,,,,,,,,,0.0,0.0
-1097970535552752096-2608170446-2,7702,2608170449.0,2608170449.0,2,,S,S1,Herrenberg,8004490,Nufringen,Baden-Württemberg,Nufringen,71154,8.889817485,48.62010967,5,2608170449.0,,2608170450.0,,,,,,,,,,,0.0,1.0
5345137375289338986-2608170449-3,28371,2608170453.0,2608170453.0,1,,S,S2,Stuttgart-Vaihingen|Stuttgart-Rohr,8004496,Oberaichen,Baden-Württemberg,Leinfelden-Echterdingen,70771,9.12743664,48.70512422,5,2608170453.0,,2608170454.0,,,,,,,,,,,0.0,1.0
1781534358873638088-2608170437-4,7101,2608170444.0,2608170445.0,3,,S,S1,Plochingen|Altbach|Esslingen-Zell,8004528,Oberesslingen,Baden-Württemberg,Esslingen am Neckar,73730,9.327277435,48.72983585,3,2608170450.0,,2608170450.0,,,,,,,,,,,6.0,5.0
-4047300976278874353-2608170426-7,19206,2608170459.0,2608170501.0,6,,RE,MEX12,Reutlingen Hbf|Metzingen(Württ)|Bempflingen|Nürtingen|Oberboihingen|Wendlingen(Neckar),8000302,Plochingen,Baden-Württemberg,Plochingen,73207,9.411294578,48.71293906,2,2608170500.0,,2608170501.0,,h,2.0,Bauarbeiten,,,,,,,1.0,0.0
1781534358873638088-2608170437-1,7101,,2608170437.0,,,S,S1,,8000302,Plochingen,Baden-Württemberg,Plochingen,73207,9.411294578,48.71293906,2,,,2608170438.0,,,,,,,,,,,0.0,1.0
1745489924636611447-2608170408-4,99021,2608170426.0,2608170429.0,,,RE,MEX12,Stuttgart Hbf|Stuttgart-Bad Cannstatt|Esslingen(Neckar),8000302,Plochingen,Baden-Württemberg,Plochingen,73207,9.411294578,48.71293906,2,2608170430.0,9.0,2608170431.0,9.0,h,2.0,Bauarbeiten,,,,,,,4.0,2.0
-2447356391623694549-2608170414-13,19108,2608170456.0,2608170457.0,1,,ARV,16,Geislingen(Steige)|Geislingen(Steige)West|Kuchen|Gingen(Fils)|Süßen|Salach|Eislingen(Fils)|Göppingen|Faurndau|Uhingen|Ebersbach(Fils)|Reichenbach(Fils),8000302,Plochingen,Baden-Württemberg,Plochingen,73207,9.411294578,48.71293906,2,2608170505.0,,2608170506.0,,,,,,,,,c,c,9.0,9.0
5411763714021984948-2608170433-3,7601,2608170437.0,2608170441.0,2,,S,S6,Weil der Stadt|Malmsheim,8000313,Renningen,Baden-Württemberg,Renningen,71272,8.932650148,48.77515509,3,2608170438.0,,2608170441.0,,h,1.0,Bauarbeiten,,,,,,,1.0,0.0
-7541480709171040331-2608170433-9,7201,2608170451.0,2608170452.0,2,,S,S2,Schorndorf|Weiler(Rems)|Winterbach(b Schorndorf)|Geradstetten|Grunbach|Beutelsbach|Endersbach|Stetten-Beinstein,8005157,Rommelshausen,Baden-Württemberg,Kernen,71394,9.319175885,48.81552017,4,2608170452.0,,2608170453.0,,h,1.0,Bauarbeiten,,,,,,,1.0,1.0
5411763714021984948-2608170433-4,7601,2608170443.0,2608170444.0,1,,S,S6,Weil der Stadt|Malmsheim|Renningen,8005236,Rutesheim,Baden-Württemberg,Leonberg,71229,8.960325242,48.79031093,5,2608170443.0,,2608170444.0,,h,1.0,Bauarbeiten,,,,,,,0.0,0.0
-7541480709171040331-2608170433-1,7201,,2608170433.0,,,S,S2,,8005424,Schorndorf,Baden-Württemberg,Schorndorf,73614,9.525686251,48.80693898,3,,,2608170433.0,,h,1.0,Bauarbeiten,,,,,,,0.0,0.0
8242933012542256606-2608170441-5,7301,2608170452.0,2608170453.0,1,,S,S3,Backnang|Maubach|Nellmersbach|Winnenden,8005454,Schwaikheim,Baden-Württemberg,Schwaikheim,71409,9.354747358,48.86832665,4,2608170452.0,,2608170453.0,,,,,,,,,,,0.0,0.0
-7541480709171040331-2608170433-8,7201,2608170449.0,2608170449.0,2,,S,S2,Schorndorf|Weiler(Rems)|Winterbach(b Schorndorf)|Geradstetten|Grunbach|Beutelsbach|Endersbach,8005726,Stetten-Beinstein,Baden-Württemberg,Weinstadt,71384,9.352769725,48.81199601,5,2608170449.0,,2608170450.0,,h,1.0,Bauarbeiten,,,,,,,0.0,1.0
6779514588305592946-2608170447-1,19451,,2608170447.0,,,ARV,13,,8000096,Stuttgart Hbf,Baden-Württemberg,Stuttgart,70173,9.183172973,48.78473069,1,,,2608170447.0,,h,2.0,Information,,,,,,,0.0,0.0
4693049160569863660-2608170350-11,28359,2608170417.0,,3,,S,,Plochingen|Altbach|Esslingen-Zell|Oberesslingen|Esslingen(Neckar)|Esslingen-Mettingen|Stuttgart-Obertürkheim|Stuttgart-Untertürkheim|Stuttgart Neckarpark|Stuttgart-Bad Cannstatt,8000096,Stuttgart Hbf,Baden-Württemberg,Stuttgart,70173,9.183172973,48.78473069,1,2608170416.0,,,,,,,,,,,,,-1.0,0.0
-7178872726415890131-2608170458-1,17611,,2608170458.0,,,RE,RE14a,,8000096,Stuttgart Hbf,Baden-Württemberg,Stuttgart,70173,9.183172973,48.78473069,1,,,2608170458.0,,h,2.0,Bauarbeiten,,,,,,,0.0,0.0
7314216531638087218-2608170457-1,7500,,2608170457.0,,,S,S5,,8000096,Stuttgart Hbf,Baden-Württemberg,Stuttgart,70173,9.183172973,48.78473069,1,,,2608170457.0,,,,,,,,,,,0.0,0.0
1348020220601344513-2608170352-8,28367,2608170417.0,,2,,S,,Bietigheim-Bissingen|Tamm(Württ)|Asperg|Ludwigsburg|Kornwestheim Pbf|Stuttgart-Zuffenhausen|Stuttgart Nordbahnhof,8000096,Stuttgart Hbf,Baden-Württemberg,Stuttgart,70173,9.183172973,48.78473069,1,2608170418.0,,,,,,,,,,,,,1.0,0.0
-7363861252398759561-2608162118-13,699,2608170453.0,2608170512.0,16,,ICE,,Berlin Gesundbrunnen|Berlin Hbf|Berlin Südkreuz|Lutherstadt Wittenberg Hbf|Bitterfeld|Leipzig Hbf|Erfurt Hbf|Eisenach Hbf|Frankfurt(Main)Hbf|Frankfurt(M) Flughafen Fernbf|Mannheim Hbf|Heidelberg Hbf,8000096,Stuttgart Hbf,Baden-Württemberg,Stuttgart,70173,9.183172973,48.78473069,1,2608170504.0,15.0,2608170512.0,15.0,h,2.0,Information,,,,,,,11.0,0.0
3736309951731493132-2608170423-1,98236,,2608170423.0,,,ARV,90,,8000096,Stuttgart Hbf,Baden-Württemberg,Stuttgart,70173,9.183172973,48.78473069,1,,,2608170423.0,14.0,,,,,,,,,,0.0,0.0
8312618108729256880-2608170333-15,28361,2608170410.0,,5,,S,,Schorndorf|Weiler(Rems)|Winterbach(b Schorndorf)|Geradstetten|Grunbach|Beutelsbach|Endersbach|Stetten-Beinstein|Rommelshausen|Waiblingen|Fellbach|Stuttgart-Sommerrain|Stuttgart Nürnberger Str.|Stuttgart-Bad Cannstatt,8000096,Stuttgart Hbf,Baden-Württemberg,Stuttgart,70173,9.183172973,48.78473069,1,2608170410.0,1.0,,,h,1.0,Bauarbeiten,,,,,,,0.0,0.0
-2528850404755729-2608170355-9,28365,2608170423.0,,6,,S,,Marbach(Neckar)|Benningen(Neckar)|Freiberg(Neckar)|Favoritepark|Ludwigsburg|Kornwestheim Pbf|Stuttgart-Zuffenhausen|Stuttgart Nordbahnhof,8000096,Stuttgart Hbf,Baden-Württemberg,Stuttgart,70173,9.183172973,48.78473069,1,2608170423.0,,,,h,1.0,Bauarbeiten,,,,,,,0.0,0.0
-154362536894141261-2608170439-1,89689,,2608170439.0,,,ARV,90,,8000096,Stuttgart Hbf,Baden-Württemberg,Stuttgart,70173,9.183172973,48.78473069,1,,,2608170439.0,,,,,,,,,,,0.0,0.0
6839500523111524784-2608170443-1,19210,,2608170443.0,,,RE,MEX18,,8000096,Stuttgart Hbf,Baden-Württemberg,Stuttgart,70173,9.183172973,48.78473069,1,,,2608170443.0,,,,,,,,,,,0.0,0.0
1745489924636611447-2608170408-1,99021,,2608170408.0,,,RE,MEX12,,8000096,Stuttgart Hbf,Baden-Württemberg,Stuttgart,70173,9.183172973,48.78473069,1,,,2608170410.0,,h,2.0,Bauarbeiten,,,,,,,0.0,2.0
-3405121308737868986-2608170346-12,28363,2608170423.0,,4,,S,,Backnang|Maubach|Nellmersbach|Winnenden|Schwaikheim|Neustadt-Hohenacker|Waiblingen|Fellbach|Stuttgart-Sommerrain|Stuttgart Nürnberger Str.|Stuttgart-Bad Cannstatt,8000096,Stuttgart Hbf,Baden-Württemberg,Stuttgart,70173,9.183172973,48.78473069,1,2608170422.0,1.0,,,,,,,,,,,,-1.0,0.0
-1696482145472978640-2608161945-17,619,2608170354.0,2608170400.0,16,,ICE,,Hamburg Hbf|Hamburg-Harburg|Bremen Hbf|Osnabrück Hbf|Münster(Westf)Hbf|Dortmund Hbf|Bochum Hbf|Essen Hbf|Duisburg Hbf|Düsseldorf Hbf|Köln Messe/Deutz Gl.11-12|Siegburg/Bonn|Frankfurt(M) Flughafen Fernbf|Frankfurt(Main)Hbf|Mannheim Hbf|Heidelberg Hbf,8000096,Stuttgart Hbf,Baden-Württemberg,Stuttgart,70173,9.183172973,48.78473069,1,2608170345.0,,2608170401.0,,h,3.0,Information,,,,,,,-9.0,1.0
-2605312677894761496-2608170442-1,19109,,2608170442.0,,,ARV,16,,8000096,Stuttgart Hbf,Baden-Württemberg,Stuttgart,70173,9.183172973,48.78473069,1,,,2608170442.0,,,,,,,,,,,0.0,0.0
4693049160569863660-2608170350-9,28359,2608170409.0,2608170409.0,1,,S,S1,Plochingen|Altbach|Esslingen-Zell|Oberesslingen|Esslingen(Neckar)|Esslingen-Mettingen|Stuttgart-Obertürkheim|Stuttgart-Untertürkheim,8006743,Stuttgart Neckarpark,Baden-Württemberg,Stuttgart,70372,9.24106855,48.79194362,4,2608170409.0,,2608170409.0,,,,,,,,,,,0.0,0.0
1781534358873638088-2608170437-9,7101,2608170457.0,2608170457.0,1,,S,S1,Plochingen|Altbach|Esslingen-Zell|Oberesslingen|Esslingen(Neckar)|Esslingen-Mettingen|Stuttgart-Obertürkheim|Stuttgart-Untertürkheim,8006743,Stuttgart Neckarpark,Baden-Württemberg,Stuttgart,70372,9.24106855,48.79194362,4,2608170502.0,,2608170502.0,,,,,,,,,,,5.0,5.0
-9020622847777394381-2608170437-7,7501,2608170459.0,2608170501.0,4,,S,S5,Bietigheim-Bissingen|Tamm(Württ)|Asperg|Ludwigsburg|Kornwestheim Pbf|Stuttgart-Zuffenhausen,8005767,Stuttgart Nord,Baden-Württemberg,Stuttgard-Nord,70174,9.188061449,48.80374161,5,2608170459.0,,2608170501.0,,,,,,,,,,,0.0,0.0
1348020220601344513-2608170352-7,28367,2608170413.0,2608170414.0,4,,S,S5,Bietigheim-Bissingen|Tamm(Württ)|Asperg|Ludwigsburg|Kornwestheim Pbf|Stuttgart-Zuffenhausen,8005767,Stuttgart Nord,Baden-Württemberg,Stuttgard-Nord,70174,9.188061449,48.80374161,5,2608170413.0,,2608170414.0,,,,,,,,,,,0.0,0.0
-2528850404755729-2608170355-8,28365,2608170418.0,2608170419.0,4,,S,S4,Marbach(Neckar)|Benningen(Neckar)|Freiberg(Neckar)|Favoritepark|Ludwigsburg|Kornwestheim Pbf|Stuttgart-Zuffenhausen,8005767,Stuttgart Nord,Baden-Württemberg,Stuttgard-Nord,70174,9.188061449,48.80374161,5,2608170418.0,,2608170419.0,,h,1.0,Bauarbeiten,,,,,,,0.0,0.0
8312618108729256880-2608170333-13,28361,2608170402.0,2608170403.0,1,,S,S2,Schorndorf|Weiler(Rems)|Winterbach(b Schorndorf)|Geradstetten|Grunbach|Beutelsbach|Endersbach|Stetten-Beinstein|Rommelshausen|Waiblingen|Fellbach|Stuttgart-Sommerrain,8004357,Stuttgart Nürnberger Straße,Baden-Württemberg,Stuttgart,70374,9.234576905,48.80656062,5,2608170402.0,,2608170403.0,,h,1.0,Bauarbeiten,,,,,,,0.0,0.0
-3405121308737868986-2608170346-10,28363,2608170412.0,2608170413.0,1,,S,S3,Backnang|Maubach|Nellmersbach|Winnenden|Schwaikheim|Neustadt-Hohenacker|Waiblingen|Fellbach|Stuttgart-Sommerrain,8004357,Stuttgart Nürnberger Straße,Baden-Württemberg,Stuttgart,70374,9.234576905,48.80656062,5,2608170412.0,,2608170413.0,,,,,,,,,,,0.0,0.0
6779514588305592946-2608170447-2,19451,2608170450.0,2608170452.0,7,,ARV,13,Stuttgart Hbf,8005769,Stuttgart-Bad Cannstatt,Baden-Württemberg,Stuttgart,70372,9.217468636,48.80127978,3,2608170451.0,,2608170452.0,,h,2.0,Information,,,,,,,1.0,0.0
4693049160569863660-2608170350-10,28359,2608170411.0,2608170412.0,2,,S,S1,Plochingen|Altbach|Esslingen-Zell|Oberesslingen|Esslingen(Neckar)|Esslingen-Mettingen|Stuttgart-Obertürkheim|Stuttgart-Untertürkheim|Stuttgart Neckarpark,8005769,Stuttgart-Bad Cannstatt,Baden-Württemberg,Stuttgart,70372,9.217468636,48.80127978,3,2608170412.0,,2608170412.0,,,,,,,,,,,1.0,0.0
3736309951731493132-2608170423-2,98236,2608170426.0,2608170427.0,,,ARV,90,Stuttgart Hbf,8005769,Stuttgart-Bad Cannstatt,Baden-Württemberg,Stuttgart,70372,9.217468636,48.80127978,3,2608170426.0,7.0,2608170427.0,7.0,,,,,,,,,,0.0,0.0
8312618108729256880-2608170333-14,28361,2608170405.0,2608170406.0,2,,S,S2,Schorndorf|Weiler(Rems)|Winterbach(b Schorndorf)|Geradstetten|Grunbach|Beutelsbach|Endersbach|Stetten-Beinstein|Rommelshausen|Waiblingen|Fellbach|Stuttgart-Sommerrain|Stuttgart Nürnberger Str.,8005769,Stuttgart-Bad Cannstatt,Baden-Württemberg,Stuttgart,70372,9.217468636,48.80127978,3,2608170406.0,,2608170406.0,,h,1.0,Bauarbeiten,,,,,,,1.0,0.0
-154362536894141261-2608170439-2,89689,2608170442.0,2608170445.0,7,,ARV,90,Stuttgart Hbf,8005769,Stuttgart-Bad Cannstatt,Baden-Württemberg,Stuttgart,70372,9.217468636,48.80127978,3,2608170442.0,,2608170445.0,,,,,,,,,,,0.0,0.0
1745489924636611447-2608170408-2,99021,2608170412.0,2608170413.0,,,RE,MEX12,Stuttgart Hbf,8005769,Stuttgart-Bad Cannstatt,Baden-Württemberg,Stuttgart,70372,9.217468636,48.80127978,3,2608170414.0,4.0,2608170415.0,4.0,h,2.0,Bauarbeiten,,,,,,,2.0,2.0
-3405121308737868986-2608170346-11,28363,2608170416.0,2608170418.0,2,,S,S3,Backnang|Maubach|Nellmersbach|Winnenden|Schwaikheim|Neustadt-Hohenacker|Waiblingen|Fellbach|Stuttgart-Sommerrain|Stuttgart Nürnberger Str.,8005769,Stuttgart-Bad Cannstatt,Baden-Württemberg,Stuttgart,70372,9.217468636,48.80127978,3,2608170416.0,,2608170419.0,,,,,,,,,,,0.0,1.0
-2605312677894761496-2608170442-2,19109,2608170445.0,2608170446.0,8,,ARV,16,Stuttgart Hbf,8005769,Stuttgart-Bad Cannstatt,Baden-Württemberg,Stuttgart,70372,9.217468636,48.80127978,3,2608170445.0,,2608170446.0,,,,,,,,,,,0.0,0.0
-7074048190611233336-2608170348-12,28369,2608170420.0,,1a,,S,,Weil der Stadt|Malmsheim|Renningen|Rutesheim|Leonberg|Höfingen|Ditzingen|Weilimdorf|Korntal|Neuwirtshaus(Porscheplatz)|Stuttgart-Zuffenhausen,8005770,Stuttgart-Feuerbach,Baden-Württemberg,Feuerbach,70469,9.169186287,48.81363554,3,2608170422.0,,,,h,1.0,Bauarbeiten,,,,,,,2.0,0.0
4693049160569863660-2608170350-7,28359,2608170404.0,2608170404.0,5,,S,S1,Plochingen|Altbach|Esslingen-Zell|Oberesslingen|Esslingen(Neckar)|Esslingen-Mettingen,8005772,Stuttgart-Obertürkheim,Baden-Württemberg,Stuttgart,70329,9.268167932,48.76175015,4,2608170404.0,,2608170405.0,,,,,,,,,,,0.0,1.0
1781534358873638088-2608170437-7,7101,2608170452.0,2608170452.0,5,,S,S1,Plochingen|Altbach|Esslingen-Zell|Oberesslingen|Esslingen(Neckar)|Esslingen-Mettingen,8005772,Stuttgart-Obertürkheim,Baden-Württemberg,Stuttgart,70329,9.268167932,48.76175015,4,2608170457.0,,2608170457.0,,,,,,,,,,,5.0,5.0
7941126174300873842-2608170416-8,7700,2608170437.0,2608170438.0,3,,S,S1,Herrenberg|Nufringen|Gärtringen|Ehningen(b Böblingen)|Hulb|Böblingen|Goldberg(Württ),8005773,Stuttgart-Rohr,Baden-Württemberg,Stuttgart,70565,9.108158025,48.71799427,4,2608170438.0,,2608170439.0,,,,,,,,,,,1.0,1.0
5345137375289338986-2608170449-2,28371,2608170450.0,2608170451.0,2,,S,S2,Stuttgart-Vaihingen,8005773,Stuttgart-Rohr,Baden-Württemberg,Stuttgart,70565,9.108158025,48.71799427,4,2608170450.0,,2608170451.0,,,,,,,,,,,0.0,0.0
8312618108729256880-2608170333-12,28361,2608170400.0,2608170400.0,1,,S,S2,Schorndorf|Weiler(Rems)|Winterbach(b Schorndorf)|Geradstetten|Grunbach|Beutelsbach|Endersbach|Stetten-Beinstein|Rommelshausen|Waiblingen|Fellbach,8005774,Stuttgart-Sommerrain,Baden-Württemberg,Stuttgart,70374,9.248369749,48.81521824,5,2608170400.0,,2608170400.0,,h,1.0,Bauarbeiten,,,,,,,0.0,0.0
-3405121308737868986-2608170346-9,28363,2608170410.0,2608170410.0,1,,S,S3,Backnang|Maubach|Nellmersbach|Winnenden|Schwaikheim|Neustadt-Hohenacker|Waiblingen|Fellbach,8005774,Stuttgart-Sommerrain,Baden-Württemberg,Stuttgart,70374,9.248369749,48.81521824,5,2608170410.0,,2608170411.0,,,,,,,,,,,0.0,1.0
4693049160569863660-2608170350-8,28359,2608170406.0,2608170407.0,5,,S,S1,Plochingen|Altbach|Esslingen-Zell|Oberesslingen|Esslingen(Neckar)|Esslingen-Mettingen|Stuttgart-Obertürkheim,8005775,Stuttgart-Untertürkheim Pbf,Baden-Württemberg,Stuttgart,70327,9.250467074,48.77984679,3,2608170407.0,,2608170407.0,,,,,,,,,,,1.0,0.0
1781534358873638088-2608170437-8,7101,2608170455.0,2608170455.0,5,,S,S1,Plochingen|Altbach|Esslingen-Zell|Oberesslingen|Esslingen(Neckar)|Esslingen-Mettingen|Stuttgart-Obertürkheim,8005775,Stuttgart-Untertürkheim Pbf,Baden-Württemberg,Stuttgart,70327,9.250467074,48.77984679,3,2608170459.0,,2608170500.0,,,,,,,,,,,4.0,5.0
7941126174300873842-2608170416-9,7700,2608170440.0,,3,,S,,Herrenberg|Nufringen|Gärtringen|Ehningen(b Böblingen)|Hulb|Böblingen|Goldberg(Württ)|Stuttgart-Rohr,8005776,Stuttgart-Vaihingen,Baden-Württemberg,Stuttgart,70563,9.113913368,48.72698116,3,2608170440.0,,,,,,,,,,,,,0.0,0.0
5345137375289338986-2608170449-1,28371,,2608170449.0,,,S,S2,,8005776,Stuttgart-Vaihingen,Baden-Württemberg,Stuttgart,70563,9.113913368,48.72698116,3,,,2608170449.0,,,,,,,,,,,0.0,0.0
-7074048190611233336-2608170348-8,28369,2608170411.0,2608170411.0,2,,S,S6,Weil der Stadt|Malmsheim|Renningen|Rutesheim|Leonberg|Höfingen|Ditzingen,8006268,Stuttgart-Weilimdorf,Baden-Württemberg,Stuttgart,70499,9.094370086,48.82208429,5,2608170413.0,,2608170414.0,,h,1.0,Bauarbeiten,,,,,,,2.0,3.0
5411763714021984948-2608170433-8,7601,2608170456.0,2608170456.0,2,,S,S6,Weil der Stadt|Malmsheim|Renningen|Rutesheim|Leonberg|Höfingen|Ditzingen,8006268,Stuttgart-Weilimdorf,Baden-Württemberg,Stuttgart,70499,9.094370086,48.82208429,5,2608170456.0,,2608170457.0,,h,1.0,Bauarbeiten,,,,,,,0.0,1.0
2884405162672083910-2608170441-4,7002,2608170448.0,2608170448.0,1,,S,S60,Stuttgart-Zuffenhausen|Neuwirtshaus(Porscheplatz)|Korntal,8006268,Stuttgart-Weilimdorf,Baden-Württemberg,Stuttgart,70499,9.094370086,48.82208429,5,2608170448.0,,2608170448.0,,h,1.0,Bauarbeiten,,,,,,,0.0,0.0
-7074048190611233336-2608170348-11,28369,2608170418.0,2608170419.0,12,,S,S6,Weil der Stadt|Malmsheim|Renningen|Rutesheim|Leonberg|Höfingen|Ditzingen|Weilimdorf|Korntal|Neuwirtshaus(Porscheplatz),8005778,Stuttgart-Zuffenhausen,Baden-Württemberg,Stuttgart,70435,9.167156375,48.82960884,3,2608170420.0,,2608170420.0,,h,1.0,Bauarbeiten,,,,,,,2.0,1.0
-9020622847777394381-2608170437-6,7501,2608170453.0,2608170454.0,5,,S,S5,Bietigheim-Bissingen|Tamm(Württ)|Asperg|Ludwigsburg|Kornwestheim Pbf,8005778,Stuttgart-Zuffenhausen,Baden-Württemberg,Stuttgart,70435,9.167156375,48.82960884,3,2608170453.0,,2608170454.0,,,,,,,,,,,0.0,0.0
1348020220601344513-2608170352-6,28367,2608170408.0,2608170409.0,5,,S,S5,Bietigheim-Bissingen|Tamm(Württ)|Asperg|Ludwigsburg|Kornwestheim Pbf,8005778,Stuttgart-Zuffenhausen,Baden-Württemberg,Stuttgart,70435,9.167156375,48.82960884,3,2608170408.0,,2608170409.0,,,,,,,,,,,0.0,0.0
-2528850404755729-2608170355-7,28365,2608170413.0,2608170414.0,5,,S,S4,Marbach(Neckar)|Benningen(Neckar)|Freiberg(Neckar)|Favoritepark|Ludwigsburg|Kornwestheim Pbf,8005778,Stuttgart-Zuffenhausen,Baden-Württemberg,Stuttgart,70435,9.167156375,48.82960884,3,2608170413.0,,2608170414.0,,h,1.0,Bauarbeiten,,,,,,,0.0,0.0
2884405162672083910-2608170441-1,7002,,2608170441.0,,,S,S60,,8005778,Stuttgart-Zuffenhausen,Baden-Württemberg,Stuttgart,70435,9.167156375,48.82960884,3,,,2608170441.0,,h,1.0,Bauarbeiten,,,,,,,0.0,0.0
-9020622847777394381-2608170437-2,7501,2608170440.0,2608170440.0,2,,S,S5,Bietigheim-Bissingen,8005820,Tamm (Württ),Baden-Württemberg,Tamm,71732,9.125288012,48.92187736,4,2608170440.0,,2608170440.0,,,,,,,,,,,0.0,0.0
8242933012542256606-2608170441-7,7301,2608170459.0,2608170500.0,1,,S,S3,Backnang|Maubach|Nellmersbach|Winnenden|Schwaikheim|Neustadt-Hohenacker,8000180,Waiblingen,Baden-Württemberg,Waiblingen,71332,9.300476874,48.8262444,3,2608170459.0,,2608170500.0,,,,,,,,,,,0.0,0.0
-7541480709171040331-2608170433-10,7201,2608170454.0,2608170455.0,5,,S,S2,Schorndorf|Weiler(Rems)|Winterbach(b Schorndorf)|Geradstetten|Grunbach|Beutelsbach|Endersbach|Stetten-Beinstein|Rommelshausen,8000180,Waiblingen,Baden-Württemberg,Waiblingen,71332,9.300476874,48.8262444,3,2608170455.0,,2608170455.0,,h,1.0,Bauarbeiten,,,,,,,1.0,0.0
3736309951731493132-2608170423-3,98236,2608170435.0,2608170435.0,,,ARV,90,Stuttgart Hbf|Stuttgart-Bad Cannstatt,8000180,Waiblingen,Baden-Württemberg,Waiblingen,71332,9.300476874,48.8262444,3,2608170435.0,3.0,2608170435.0,3.0,,,,,,,,,,0.0,0.0
-154362536894141261-2608170439-3,89689,2608170451.0,2608170452.0,3,,ARV,90,Stuttgart Hbf|Stuttgart-Bad Cannstatt,8000180,Waiblingen,Baden-Württemberg,Waiblingen,71332,9.300476874,48.8262444,3,2608170451.0,,2608170452.0,,,,,,,,,,,0.0,0.0
-3405121308737868986-2608170346-7,28363,2608170404.0,2608170405.0,1,,S,S3,Backnang|Maubach|Nellmersbach|Winnenden|Schwaikheim|Neustadt-Hohenacker,8000180,Waiblingen,Baden-Württemberg,Waiblingen,71332,9.300476874,48.8262444,3,2608170404.0,,2608170405.0,,,,,,,,,,,0.0,0.0
-566554920948396737-2608170447-1,26120,,2608170447.0,,,SWE,RB76,,8006271,Weil der Stadt,Baden-Württemberg,Weil der Stadt,71263,8.873189074,48.7557357,4,,,2608170447.0,,,,,,,,,,,0.0,0.0
5411763714021984948-2608170433-1,7601,,2608170433.0,,,S,S6,,8006271,Weil der Stadt,Baden-Württemberg,Weil der Stadt,71263,8.873189074,48.7557357,4,,,2608170433.0,,h,1.0,Bauarbeiten,,,,,,,0.0,0.0
-7541480709171040331-2608170433-2,7201,2608170436.0,2608170436.0,2,,S,S2,Schorndorf,8006277,Weiler (Rems),Baden-Württemberg,Schorndorf,76314,9.501891172,48.80034585,5,2608170436.0,,2608170437.0,,h,1.0,Bauarbeiten,,,,,,,0.0,1.0
-4047300976278874353-2608170426-6,19206,2608170451.0,2608170451.0,1,,RE,MEX12,Reutlingen Hbf|Metzingen(Württ)|Bempflingen|Nürtingen|Oberboihingen,8006331,Wendlingen (Neckar),Baden-Württemberg,Wendlingen am Neckar,73240,9.373662098,48.67368917,3,2608170452.0,,2608170453.0,,h,2.0,Bauarbeiten,,,,,,,1.0,2.0
-4550115281200084116-2608170450-3,7103,2608170457.0,2608170458.0,12,,S,S1,Kirchheim(Teck)|Kirchheim(Teck)-Ötlingen,8006331,Wendlingen (Neckar),Baden-Württemberg,Wendlingen am Neckar,73240,9.373662098,48.67368917,3,2608170458.0,,2608170458.0,,,,,,,,,,,1.0,0.0
1745489924636611447-2608170408-5,99021,2608170435.0,2608170436.0,,,RE,MEX12,Stuttgart Hbf|Stuttgart-Bad Cannstatt|Esslingen(Neckar)|Plochingen,8006331,Wendlingen (Neckar),Baden-Württemberg,Wendlingen am Neckar,73240,9.373662098,48.67368917,3,2608170436.0,2.0,2608170437.0,2.0,h,2.0,Bauarbeiten,,,,,,,1.0,1.0
8242933012542256606-2608170441-4,7301,2608170449.0,2608170450.0,3,,S,S3,Backnang|Maubach|Nellmersbach,8006479,Winnenden,Baden-Württemberg,Winnenden,71364,9.392155928,48.8795625,3,2608170449.0,,2608170450.0,,,,,,,,,,,0.0,0.0
3736309951731493132-2608170423-4,98236,2608170443.0,2608170444.0,,,ARV,90,Stuttgart Hbf|Stuttgart-Bad Cannstatt|Waiblingen,8006479,Winnenden,Baden-Württemberg,Winnenden,71364,9.392155928,48.8795625,3,2608170443.0,2.0,2608170444.0,2.0,,,,,,,,,,0.0,0.0
-154362536894141261-2608170439-4,89689,2608170458.0,2608170459.0,2,,ARV,90,Stuttgart Hbf|Stuttgart-Bad Cannstatt|Waiblingen,8006479,Winnenden,Baden-Württemberg,Winnenden,71364,9.392155928,48.8795625,3,2608170458.0,,2608170459.0,,,,,,,,,,,0.0,0.0
-7541480709171040331-2608170433-3,7201,2608170438.0,2608170438.0,1,,S,S2,Schorndorf|Weiler(Rems),8006485,Winterbach (b Schorndorf),Baden-Württemberg,Winterbach,73650,9.481549751,48.79842743,4,2608170438.0,,2608170439.0,,h,1.0,Bauarbeiten,,,,,,,0.0,1.0
9133098357832980471-2608170620-6,7109,2608170639.0,2608170640.0,3,,S,S1,Kirchheim(Teck)|Kirchheim(Teck)-Ötlingen|Wendlingen(Neckar)|Wernau(Neckar)|Plochingen,8000508,Altbach,Baden-Württemberg,Altbach,73776,9.382434033,48.72031354,3,2608170640.0,,2608170640.0,,,,,,,,,,,1.0,0.0
-5963168999968799515-2608170625-10,7106,2608170650.0,2608170650.0,4,,S,S1,Stuttgart Hbf|Stuttgart-Bad Cannstatt|Stuttgart Neckarpark|Stuttgart-Untertürkheim|Stuttgart-Obertürkheim|Esslingen-Mettingen|Esslingen(Neckar)|Oberesslingen|Esslingen-Zell,8000508,Altbach,Baden-Württemberg,Altbach,73776,9.382434033,48.72031354,3,2608170650.0,,2608170651.0,,,,,,,,,,,0.0,1.0
3121292710624229087-2608170550-6,7107,2608170609.0,2608170610.0,3,,S,S1,Kirchheim(Teck)|Kirchheim(Teck)-Ötlingen|Wendlingen(Neckar)|Wernau(Neckar)|Plochingen,8000508,Altbach,Baden-Württemberg,Altbach,73776,9.382434033,48.72031354,3,2608170615.0,,2608170615.0,,,,,,,,,,,6.0,5.0
7442213844394111459-2608170555-10,7104,2608170620.0,2608170620.0,4,,S,S1,Stuttgart Hbf|Stuttgart-Bad Cannstatt|Stuttgart Neckarpark|Stuttgart-Untertürkheim|Stuttgart-Obertürkheim|Esslingen-Mettingen|Esslingen(Neckar)|Oberesslingen|Esslingen-Zell,8000508,Altbach,Baden-Württemberg,Altbach,73776,9.382434033,48.72031354,3,2608170620.0,,2608170620.0,,,,,,,,,,,0.0,0.0
-2389969051944980072-2608170627-6,7506,2608170647.0,2608170647.0,4,,S,S5,Stuttgart Hbf|Stuttgart Nordbahnhof|Stuttgart-Zuffenhausen|Kornwestheim Pbf|Ludwigsburg,8000630,Asperg,Baden-Württemberg,Asperg,71679,9.147977466,48.90725609,4,2608170647.0,,2608170647.0,,,,,,,,,,,0.0,0.0
-7991620981716441940-2608170637-3,7509,2608170642.0,2608170643.0,3,,S,S5,Bietigheim-Bissingen|Tamm(Württ),8000630,Asperg,Baden-Württemberg,Asperg,71679,9.147977466,48.90725609,4,2608170642.0,,2608170643.0,,,,,,,,,,,0.0,0.0
-7982574342285083158-2608170557-6,7504,2608170617.0,2608170617.0,4,,S,S5,Stuttgart Hbf|Stuttgart Nordbahnhof|Stuttgart-Zuffenhausen|Kornwestheim Pbf|Ludwigsburg,8000630,Asperg,Baden-Württemberg,Asperg,71679,9.147977466,48.90725609,4,2608170617.0,,2608170617.0,,,,,,,,,,,0.0,0.0
1673760967772015930-2608170607-3,7507,2608170612.0,2608170613.0,3,,S,S5,Bietigheim-Bissingen|Tamm(Württ),8000630,Asperg,Baden-Württemberg,Asperg,71679,9.147977466,48.90725609,4,2608170612.0,,2608170613.0,,,,,,,,,,,0.0,0.0
3616244586256157506-2608170603-1,7407,,2608170603.0,,,S,S4,,8000016,Backnang,Baden-Württemberg,Backnang,71522,9.425986107,48.94264844,3,,,2608170603.0,,h,1.0,Bauarbeiten,,,,,,,0.0,0.0
7952941757833702919-2608170612-12,7304,2608170648.0,,5,,S,,Stuttgart Hbf|Stuttgart-Bad Cannstatt|Stuttgart Nürnberger Str.|Stuttgart-Sommerrain|Fellbach|Waiblingen|Neustadt-Hohenacker|Schwaikheim|Winnenden|Nellmersbach|Maubach,8000016,Backnang,Baden-Württemberg,Backnang,71522,9.425986107,48.94264844,3,2608170648.0,,,,,,,,,,,,,0.0,0.0
8928020016835199525-2608170611-1,7307,,2608170611.0,,,S,S3,,8000016,Backnang,Baden-Württemberg,Backnang,71522,9.425986107,48.94264844,3,,,2608170611.0,,,,,,,,,,,0.0,0.0
-520614682527419775-2608170612-5,17507,2608170636.0,2608170637.0,4,,RB,MEX90,Stuttgart Hbf|Stuttgart-Bad Cannstatt|Waiblingen|Winnenden,8000016,Backnang,Baden-Württemberg,Backnang,71522,9.425986107,48.94264844,3,2608170637.0,,2608170638.0,,,,,,,,,,,1.0,1.0
5784758985011942046-2608170641-1,7309,,2608170641.0,,,S,S3,,8000016,Backnang,Baden-Württemberg,Backnang,71522,9.425986107,48.94264844,3,,,2608170641.0,,,,,,,,,,,0.0,0.0
-2119284905102487164-2608170542-12,7302,2608170618.0,,5,,S,,Stuttgart Hbf|Stuttgart-Bad Cannstatt|Stuttgart Nürnberger Str.|Stuttgart-Sommerrain|Fellbach|Waiblingen|Neustadt-Hohenacker|Schwaikheim|Winnenden|Nellmersbach|Maubach,8000016,Backnang,Baden-Württemberg,Backnang,71522,9.425986107,48.94264844,3,2608170618.0,,,,,,,,,,,,,0.0,0.0
7527439288478747532-2608170607-13,7402,2608170652.0,,1,,S,,Stuttgart Hbf|Stuttgart Nordbahnhof|Stuttgart-Zuffenhausen|Kornwestheim Pbf|Ludwigsburg|Favoritepark|Freiberg(Neckar)|Benningen(Neckar)|Marbach(Neckar)|Erdmannhausen|Kirchberg(Murr)|Burgstall(Murr),8000016,Backnang,Baden-Württemberg,Backnang,71522,9.425986107,48.94264844,3,2608170656.0,,,,,,,,,,,,,4.0,0.0
877764178362168784-2608170537-13,7400,2608170622.0,,1,,S,,Stuttgart Hbf|Stuttgart Nordbahnhof|Stuttgart-Zuffenhausen|Kornwestheim Pbf|Ludwigsburg|Favoritepark|Freiberg(Neckar)|Benningen(Neckar)|Marbach(Neckar)|Erdmannhausen|Kirchberg(Murr)|Burgstall(Murr),8000016,Backnang,Baden-Württemberg,Backnang,71522,9.425986107,48.94264844,3,2608170622.0,,,,,,,,,,,,,0.0,0.0
-7338711269232336111-2608170633-1,7409,,2608170633.0,,,S,S4,,8000016,Backnang,Baden-Württemberg,Backnang,71522,9.425986107,48.94264844,3,,,2608170633.0,,h,1.0,Bauarbeiten,,,,,,,0.0,0.0
3516685371387133495-2608170537-7,88630,2608170604.0,2608170605.0,4,,ARV,90,Gaildorf West|Fichtenberg|Fornsbach|Murrhardt|Sulzbach(Murr)|Oppenweiler(Württ),8000016,Backnang,Baden-Württemberg,Backnang,71522,9.425986107,48.94264844,3,2608170608.0,,2608170608.0,,,,,,,,,,,4.0,3.0
3616244586256157506-2608170603-6,7407,2608170627.0,2608170627.0,2,,S,S4,Backnang|Burgstall(Murr)|Kirchberg(Murr)|Erdmannhausen|Marbach(Neckar),8000873,Benningen (Neckar),Baden-Württemberg,Benningen am Neckar,71726,9.244299075,48.94379773,5,2608170629.0,,2608170629.0,,h,1.0,Bauarbeiten,,,,,,,2.0,2.0
7527439288478747532-2608170607-8,7402,2608170632.0,2608170633.0,1,,S,S4,Stuttgart Hbf|Stuttgart Nordbahnhof|Stuttgart-Zuffenhausen|Kornwestheim Pbf|Ludwigsburg|Favoritepark|Freiberg(Neckar),8000873,Benningen (Neckar),Baden-Württemberg,Benningen am Neckar,71726,9.244299075,48.94379773,5,2608170640.0,,2608170640.0,,,,,,,,,,,8.0,7.0
877764178362168784-2608170537-8,7400,2608170602.0,2608170603.0,1,,S,S4,Stuttgart Hbf|Stuttgart Nordbahnhof|Stuttgart-Zuffenhausen|Kornwestheim Pbf|Ludwigsburg|Favoritepark|Freiberg(Neckar),8000873,Benningen (Neckar),Baden-Württemberg,Benningen am Neckar,71726,9.244299075,48.94379773,5,2608170602.0,,2608170603.0,,,,,,,,,,,0.0,0.0
-7338711269232336111-2608170633-6,7409,2608170657.0,2608170657.0,2,,S,S4,Backnang|Burgstall(Murr)|Kirchberg(Murr)|Erdmannhausen|Marbach(Neckar),8000873,Benningen (Neckar),Baden-Württemberg,Benningen am Neckar,71726,9.244299075,48.94379773,5,2608170659.0,,2608170700.0,,h,1.0,Bauarbeiten,,,,,,,2.0,3.0
2386613761040749971-2608170603-6,7207,2608170615.0,2608170615.0,2,,S,S2,Schorndorf|Weiler(Rems)|Winterbach(b Schorndorf)|Geradstetten|Grunbach,8000934,Beutelsbach,Baden-Württemberg,Weinstadt,71384,9.38551589,48.81038925,5,2608170615.0,,2608170615.0,,h,1.0,Bauarbeiten,,,,,,,0.0,0.0
-3170854094601281231-2608170550-10,7202,2608170613.0,2608170613.0,1,,S,S2,Stuttgart Hbf|Stuttgart-Bad Cannstatt|Stuttgart Nürnberger Str.|Stuttgart-Sommerrain|Fellbach|Waiblingen|Rommelshausen|Stetten-Beinstein|Endersbach,8000934,Beutelsbach,Baden-Württemberg,Weinstadt,71384,9.38551589,48.81038925,5,2608170613.0,,2608170613.0,,h,1.0,Bauarbeiten,,,,,,,0.0,0.0
-7676551856859768075-2608170633-6,7209,2608170645.0,2608170645.0,2,,S,S2,Schorndorf|Weiler(Rems)|Winterbach(b Schorndorf)|Geradstetten|Grunbach,8000934,Beutelsbach,Baden-Württemberg,Weinstadt,71384,9.38551589,48.81038925,5,2608170646.0,,2608170646.0,,h,1.0,Bauarbeiten,,,,,,,1.0,1.0
-7596434955654923825-2608170620-10,7204,2608170643.0,2608170643.0,1,,S,S2,Stuttgart Hbf|Stuttgart-Bad Cannstatt|Stuttgart Nürnberger Str.|Stuttgart-Sommerrain|Fellbach|Waiblingen|Rommelshausen|Stetten-Beinstein|Endersbach,8000934,Beutelsbach,Baden-Württemberg,Weinstadt,71384,9.38551589,48.81038925,5,2608170643.0,,2608170643.0,,h,1.0,Bauarbeiten,,,,,,,0.0,0.0
-2389969051944980072-2608170627-8,7506,2608170654.0,,,,S,,Stuttgart Hbf|Stuttgart Nordbahnhof|Stuttgart-Zuffenhausen|Kornwestheim Pbf|Ludwigsburg|Asperg|Tamm(Württ),8000038,Bietigheim-Bissingen,Baden-Württemberg,Bietigheim-Bissingen,74321,9.137217396,48.94794988,2,2608170654.0,6.0,,,,,,,,,,,,0.0,0.0
-7991620981716441940-2608170637-1,7509,,2608170637.0,,,S,S5,,8000038,Bietigheim-Bissingen,Baden-Württemberg,Bietigheim-Bissingen,74321,9.137217396,48.94794988,2,,,2608170637.0,6.0,,,,,,,,,,0.0,0.0
-3459736231936845373-2608170630-7,19303,2608170655.0,2608170657.0,8,,RE,MEX18,Heilbronn Hbf|Nordheim(Württ)|Lauffen(Neckar)|Kirchheim(Neckar)|Walheim(Württ)|Besigheim,8000038,Bietigheim-Bissingen,Baden-Württemberg,Bietigheim-Bissingen,74321,9.137217396,48.94794988,2,2608170752.0,,2608170753.0,,h,2.0,Information,,,Heilbronn Hbf|Nordheim(Württ)|Lauffen(Neckar)|Kirchheim(Neckar)|Walheim(Württ)|Besigheim,Ludwigsburg|Kornwestheim Pbf|Esslingen(Neckar)|Plochingen,,,57.0,56.0
-7982574342285083158-2608170557-8,7504,2608170624.0,,5,,S,,Stuttgart Hbf|Stuttgart Nordbahnhof|Stuttgart-Zuffenhausen|Kornwestheim Pbf|Ludwigsburg|Asperg|Tamm(Württ),8000038,Bietigheim-Bissingen,Baden-Württemberg,Bietigheim-Bissingen,74321,9.137217396,48.94794988,2,2608170624.0,6.0,,,,,,,,,,,,0.0,0.0
6409875906494309360-2608170627-1,19546,,2608170627.0,,,RE,MEX17,,8000038,Bietigheim-Bissingen,Baden-Württemberg,Bietigheim-Bissingen,74321,9.137217396,48.94794988,2,,,2608170627.0,9.0,h,2.0,Information,,,,,,,0.0,0.0
8947636234205348692-2608170604-1,19544,,2608170604.0,,,RE,MEX17,,8000038,Bietigheim-Bissingen,Baden-Württemberg,Bietigheim-Bissingen,74321,9.137217396,48.94794988,2,,,2608170610.0,4.0,h,2.0,Information,,,,,,,0.0,6.0
483701836587837634-2608170512-15,19545,2608170623.0,,3,,RE,,Karlsruhe Hbf|Karlsruhe-Durlach|Wilferdingen-Singen|Pforzheim Hbf|Eutingen(Baden)|Niefern|Enzberg|Mühlacker|Mühlacker Rößlesweg|Illingen(Württ)|Vaihingen(Enz)|Sersheim|Sachsenheim|Ellental,8000038,Bietigheim-Bissingen,Baden-Württemberg,Bietigheim-Bissingen,74321,9.137217396,48.94794988,2,2608170632.0,9.0,,,h,2.0,Information,,,,,,,9.0,0.0
6568513922689588135-2608170611-12,19503,2608170649.0,,,,RE,,Pforzheim Hbf|Eutingen(Baden)|Niefern|Enzberg|Mühlacker|Mühlacker Rößlesweg|Illingen(Württ)|Vaihingen(Enz)|Sersheim|Sachsenheim|Ellental,8000038,Bietigheim-Bissingen,Baden-Württemberg,Bietigheim-Bissingen,74321,9.137217396,48.94794988,2,2608170649.0,3.0,,,h,2.0,Information,,,,,,,0.0,0.0
1673760967772015930-2608170607-1,7507,,2608170607.0,,,S,S5,,8000038,Bietigheim-Bissingen,Baden-Württemberg,Bietigheim-Bissingen,74321,9.137217396,48.94794988,2,,,2608170607.0,6.0,,,,,,,,,,0.0,0.0
2671206728817285836-2608170546-4,7703,2608170600.0,2608170600.0,4,,S,S1,Stuttgart-Vaihingen|Stuttgart-Rohr|Goldberg(Württ),8001055,Böblingen,Baden-Württemberg,Böblingen,71034,9.004531864,48.68784871,3,2608170600.0,,2608170600.0,,,,,,,,,,,0.0,0.0
8966049452247091565-2608170541-15,7006,2608170626.0,,5,,S,,Stuttgart-Zuffenhausen|Neuwirtshaus(Porscheplatz)|Korntal|Weilimdorf|Ditzingen|Höfingen|Leonberg|Rutesheim|Renningen|Renningen Süd|Magstadt|Maichingen Nord|Maichingen|Sindelfingen,8001055,Böblingen,Baden-Württemberg,Böblingen,71034,9.004531864,48.68784871,3,2608170626.0,,,,h,1.0,Bauarbeiten,,,,,,,0.0,0.0
-7688656793784040376-2608170633-1,28468,,2608170633.0,,,RE,RESB,,8001055,Böblingen,Baden-Württemberg,Böblingen,71034,9.004531864,48.68784871,3,,,2608170640.0,,,,,,,,,,,0.0,7.0
7433485546481894888-2608170602-12,8049,2608170625.0,,1,,WEG,,Dettenhausen|Weil im Schönbuch Untere Halde|Weil im Schönbuch Röte|Weil im Schönbuch Troppel|Holzgerlingen Buch|Holzgerlingen Bf|Holzgerlingen Hülben|Böblingen Zimmerschlag|Böblingen Heusteigstr|Böblingen Südbf|Böblingen Danziger Str,8001055,Böblingen,Baden-Württemberg,Böblingen,71034,9.004531864,48.68784871,3,2608170625.0,,,,,,,,,,,,,0.0,0.0
133917740309649745-2608170604-1,7005,,2608170604.0,,,S,S60,,8001055,Böblingen,Baden-Württemberg,Böblingen,71034,9.004531864,48.68784871,3,,,2608170604.0,,h,1.0,Bauarbeiten,,,,,,,0.0,0.0
1602954825218529829-2608170634-1,7007,,2608170634.0,,,S,S60,,8001055,Böblingen,Baden-Württemberg,Böblingen,71034,9.004531864,48.68784871,3,,,2608170634.0,,h,1.0,Bauarbeiten,,,,,,,0.0,0.0
-8529598098306440542-2608170635-1,8052,,2608170635.0,,,WEG,RB46,,8001055,Böblingen,Baden-Württemberg,Böblingen,71034,9.004531864,48.68784871,3,,,2608170635.0,,,,,,,,,,,0.0,0.0
6322021483645396893-2608170611-15,7008,2608170656.0,,5,,S,,Stuttgart-Zuffenhausen|Neuwirtshaus(Porscheplatz)|Korntal|Weilimdorf|Ditzingen|Höfingen|Leonberg|Rutesheim|Renningen|Renningen Süd|Magstadt|Maichingen Nord|Maichingen|Sindelfingen,8001055,Böblingen,Baden-Württemberg,Böblingen,71034,9.004531864,48.68784871,3,2608170656.0,,,,h,1.0,Bauarbeiten,,,,,,,0.0,0.0
3332244621038461590-2608170605-1,8048,,2608170605.0,,,WEG,RB46,,8001055,Böblingen,Baden-Württemberg,Böblingen,71034,9.004531864,48.68784871,3,,,2608170606.0,,,,,,,,,,,0.0,1.0
-6582546900029270784-2608170603-3,28469,2608170626.0,,2,,RE,,Stuttgart Hbf|Stuttgart-Vaihingen,8001055,Böblingen,Baden-Württemberg,Böblingen,71034,9.004531864,48.68784871,3,2608170635.0,,,,,,,,,,,,,9.0,0.0
3986994656187039152-2608170632-12,8053,2608170655.0,,1,,WEG,,Dettenhausen|Weil im Schönbuch Untere Halde|Weil im Schönbuch Röte|Weil im Schönbuch Troppel|Holzgerlingen Buch|Holzgerlingen Bf|Holzgerlingen Hülben|Böblingen Zimmerschlag|Böblingen Heusteigstr|Böblingen Südbf|Böblingen Danziger Str,8001055,Böblingen,Baden-Württemberg,Böblingen,71034,9.004531864,48.68784871,3,2608170655.0,,,,,,,,,,,,,0.0,0.0
5500760249572071640-2608170511-10,17608,2608170620.0,2608170621.0,2,,RE,RE14a,Rottweil|Oberndorf(Neckar)|Sulz(Neckar)|Horb|Eutingen im Gäu|Ergenzingen|Bondorf(b Herrenberg)|Gäufelden|Herrenberg,8001055,Böblingen,Baden-Württemberg,Böblingen,71034,9.004531864,48.68784871,3,2608170620.0,,2608170622.0,,h,2.0,Bauarbeiten,,,,,,,0.0,1.0
-6533465171789901239-2608170616-4,7705,2608170630.0,2608170630.0,4,,S,S1,Stuttgart-Vaihingen|Stuttgart-Rohr|Goldberg(Württ),8001055,Böblingen,Baden-Württemberg,Böblingen,71034,9.004531864,48.68784871,3,2608170630.0,,2608170631.0,,,,,,,,,,,0.0,1.0
7813982294123805143-2608170616-6,7708,2608170630.0,2608170630.0,3,,S,S1,Herrenberg|Nufringen|Gärtringen|Ehningen(b Böblingen)|Hulb,8001055,Böblingen,Baden-Württemberg,Böblingen,71034,9.004531864,48.68784871,3,2608170630.0,,2608170631.0,,,,,,,,,,,0.0,1.0
239390452411476308-2608170546-6,7706,2608170600.0,2608170600.0,3,,S,S1,Herrenberg|Nufringen|Gärtringen|Ehningen(b Böblingen)|Hulb,8001055,Böblingen,Baden-Württemberg,Böblingen,71034,9.004531864,48.68784871,3,2608170600.0,,2608170601.0,,,,,,,,,,,0.0,1.0
3616244586256157506-2608170603-2,7407,2608170607.0,2608170608.0,1,,S,S4,Backnang,8001296,Burgstall (Murr),Baden-Württemberg,Burgstetten,71576,9.36973562,48.92851826,6,2608170608.0,,2608170608.0,,h,1.0,Bauarbeiten,,,,,,,1.0,0.0
7527439288478747532-2608170607-12,7402,2608170647.0,2608170647.0,1,,S,S4,Stuttgart Hbf|Stuttgart Nordbahnhof|Stuttgart-Zuffenhausen|Kornwestheim Pbf|Ludwigsburg|Favoritepark|Freiberg(Neckar)|Benningen(Neckar)|Marbach(Neckar)|Erdmannhausen|Kirchberg(Murr),8001296,Burgstall (Murr),Baden-Württemberg,Burgstetten,71576,9.36973562,48.92851826,6,2608170652.0,,2608170652.0,,,,,,,,,,,5.0,5.0
877764178362168784-2608170537-12,7400,2608170617.0,2608170617.0,1,,S,S4,Stuttgart Hbf|Stuttgart Nordbahnhof|Stuttgart-Zuffenhausen|Kornwestheim Pbf|Ludwigsburg|Favoritepark|Freiberg(Neckar)|Benningen(Neckar)|Marbach(Neckar)|Erdmannhausen|Kirchberg(Murr),8001296,Burgstall (Murr),Baden-Württemberg,Burgstetten,71576,9.36973562,48.92851826,6,2608170617.0,,2608170617.0,,,,,,,,,,,0.0,0.0
-7338711269232336111-2608170633-2,7409,2608170637.0,2608170638.0,1,,S,S4,Backnang,8001296,Burgstall (Murr),Baden-Württemberg,Burgstetten,71576,9.36973562,48.92851826,6,2608170637.0,,2608170638.0,,h,1.0,Bauarbeiten,,,,,,,0.0,0.0
3363962381041340479-2608170534-11,7003,2608170609.0,2608170609.0,3,,S,S60,Böblingen|Sindelfingen|Maichingen|Maichingen Nord|Magstadt|Renningen Süd|Renningen|Rutesheim|Leonberg|Höfingen,8001476,Ditzingen,Baden-Württemberg,Ditzingen,71254,9.067095186,48.82358726,4,2608170609.0,,2608170609.0,,h,1.0,Bauarbeiten,,,,,,,0.0,0.0
-2314480797793343036-2608170641-5,7010,2608170651.0,2608170651.0,2,,S,S60,Stuttgart-Zuffenhausen|Neuwirtshaus(Porscheplatz)|Korntal|Weilimdorf,8001476,Ditzingen,Baden-Württemberg,Ditzingen,71254,9.067095186,48.82358726,4,2608170651.0,,2608170651.0,,h,1.0,Bauarbeiten,,,,,,,0.0,0.0
1562696569465503615-2608170603-7,7607,2608170624.0,2608170624.0,3,,S,S6,Weil der Stadt|Malmsheim|Renningen|Rutesheim|Leonberg|Höfingen,8001476,Ditzingen,Baden-Württemberg,Ditzingen,71254,9.067095186,48.82358726,4,2608170624.0,,2608170624.0,,h,1.0,Bauarbeiten,,,,,,,0.0,0.0
7483286607335299715-2608170633-7,7609,2608170654.0,2608170654.0,3,,S,S6,Weil der Stadt|Malmsheim|Renningen|Rutesheim|Leonberg|Höfingen,8001476,Ditzingen,Baden-Württemberg,Ditzingen,71254,9.067095186,48.82358726,4,2608170654.0,,2608170654.0,,h,1.0,Bauarbeiten,,,,,,,0.0,0.0
133917740309649745-2608170604-11,7005,2608170639.0,2608170639.0,3,,S,S60,Böblingen|Sindelfingen|Maichingen|Maichingen Nord|Magstadt|Renningen Süd|Renningen|Rutesheim|Leonberg|Höfingen,8001476,Ditzingen,Baden-Württemberg,Ditzingen,71254,9.067095186,48.82358726,4,2608170639.0,,2608170640.0,,h,1.0,Bauarbeiten,,,,,,,0.0,1.0
6322021483645396893-2608170611-5,7008,2608170621.0,2608170621.0,2,,S,S60,Stuttgart-Zuffenhausen|Neuwirtshaus(Porscheplatz)|Korntal|Weilimdorf,8001476,Ditzingen,Baden-Württemberg,Ditzingen,71254,9.067095186,48.82358726,4,2608170621.0,,2608170621.0,,h,1.0,Bauarbeiten,,,,,,,0.0,0.0
-1663230384092736702-2608170555-6,7602,2608170606.0,2608170606.0,2,,S,S6,Stuttgart-Feuerbach|Stuttgart-Zuffenhausen|Neuwirtshaus(Porscheplatz)|Korntal|Weilimdorf,8001476,Ditzingen,Baden-Württemberg,Ditzingen,71254,9.067095186,48.82358726,4,2608170608.0,,2608170608.0,,h,1.0,Bauarbeiten,,,,,,,2.0,2.0
-1878590878288579038-2608170625-6,7604,2608170636.0,2608170636.0,2,,S,S6,Stuttgart-Feuerbach|Stuttgart-Zuffenhausen|Neuwirtshaus(Porscheplatz)|Korntal|Weilimdorf,8001476,Ditzingen,Baden-Württemberg,Ditzingen,71254,9.067095186,48.82358726,4,2608170636.0,,2608170637.0,,h,1.0,Bauarbeiten,,,,,,,0.0,1.0
6700417600117952122-2608170633-3,7906,2608170640.0,2608170640.0,2,,S,S2,Filderstadt|Stuttgart Flughafen/Messe,8001650,Echterdingen,Baden-Württemberg,Echterdingen,70771,9.169307175,48.69214787,4,2608170640.0,,2608170641.0,,,,,,,,,,,0.0,1.0
-3236295447716473636-2608170635-5,7907,2608170649.0,2608170650.0,1,,S,S2,Stuttgart-Vaihingen|Stuttgart-Rohr|Oberaichen|Leinfelden,8001650,Echterdingen,Baden-Württemberg,Echterdingen,70771,9.169307175,48.69214787,4,2608170649.0,,2608170650.0,,,,,,,,,,,0.0,0.0
6419718419888715206-2608170603-3,7904,2608170610.0,2608170610.0,2,,S,S2,Filderstadt|Stuttgart Flughafen/Messe,8001650,Echterdingen,Baden-Württemberg,Echterdingen,70771,9.169307175,48.69214787,4,2608170610.0,,2608170611.0,,,,,,,,,,,0.0,1.0
4676022960576610965-2608170605-5,7905,2608170619.0,2608170620.0,1,,S,S2,Stuttgart-Vaihingen|Stuttgart-Rohr|Oberaichen|Leinfelden,8001650,Echterdingen,Baden-Württemberg,Echterdingen,70771,9.169307175,48.69214787,4,2608170619.0,,2608170620.0,,,,,,,,,,,0.0,0.0
2671206728817285836-2608170546-6,7703,2608170605.0,2608170605.0,2,,S,S1,Stuttgart-Vaihingen|Stuttgart-Rohr|Goldberg(Württ)|Böblingen|Hulb,8001689,Ehningen (b Böblingen),Baden-Württemberg,Ehningen,71139,8.944310368,48.66275549,4,2608170605.0,,2608170605.0,,,,,,,,,,,0.0,0.0
-2823205682233144346-2608170646-4,7710,2608170655.0,2608170655.0,1,,S,S1,Herrenberg|Nufringen|Gärtringen,8001689,Ehningen (b Böblingen),Baden-Württemberg,Ehningen,71139,8.944310368,48.66275549,4,2608170655.0,,2608170656.0,,,,,,,,,,,0.0,1.0
-6533465171789901239-2608170616-6,7705,2608170635.0,2608170635.0,2,,S,S1,Stuttgart-Vaihingen|Stuttgart-Rohr|Goldberg(Württ)|Böblingen|Hulb,8001689,Ehningen (b Böblingen),Baden-Württemberg,Ehningen,71139,8.944310368,48.66275549,4,2608170635.0,,2608170636.0,,,,,,,,,,,0.0,1.0
7813982294123805143-2608170616-4,7708,2608170625.0,2608170625.0,1,,S,S1,Herrenberg|Nufringen|Gärtringen,8001689,Ehningen (b Böblingen),Baden-Württemberg,Ehningen,71139,8.944310368,48.66275549,4,2608170625.0,,2608170625.0,,,,,,,,,,,0.0,0.0
2386613761040749971-2608170603-7,7207,2608170617.0,2608170617.0,3,,S,S2,Schorndorf|Weiler(Rems)|Winterbach(b Schorndorf)|Geradstetten|Grunbach|Beutelsbach,8001785,Endersbach,Baden-Württemberg,Weinstadt,71384,9.370192421,48.81317323,4,2608170617.0,,2608170617.0,,h,1.0,Bauarbeiten,,,,,,,0.0,0.0
-3170854094601281231-2608170550-9,7202,2608170611.0,2608170611.0,2,,S,S2,Stuttgart Hbf|Stuttgart-Bad Cannstatt|Stuttgart Nürnberger Str.|Stuttgart-Sommerrain|Fellbach|Waiblingen|Rommelshausen|Stetten-Beinstein,8001785,Endersbach,Baden-Württemberg,Weinstadt,71384,9.370192421,48.81317323,4,2608170611.0,,2608170612.0,,h,1.0,Bauarbeiten,,,,,,,0.0,1.0
-7676551856859768075-2608170633-7,7209,2608170647.0,2608170647.0,3,,S,S2,Schorndorf|Weiler(Rems)|Winterbach(b Schorndorf)|Geradstetten|Grunbach|Beutelsbach,8001785,Endersbach,Baden-Württemberg,Weinstadt,71384,9.370192421,48.81317323,4,2608170648.0,,2608170648.0,,h,1.0,Bauarbeiten,,,,,,,1.0,1.0
-7596434955654923825-2608170620-9,7204,2608170641.0,2608170641.0,2,,S,S2,Stuttgart Hbf|Stuttgart-Bad Cannstatt|Stuttgart Nürnberger Str.|Stuttgart-Sommerrain|Fellbach|Waiblingen|Rommelshausen|Stetten-Beinstein,8001785,Endersbach,Baden-Württemberg,Weinstadt,71384,9.370192421,48.81317323,4,2608170641.0,,2608170641.0,,h,1.0,Bauarbeiten,,,,,,,0.0,0.0
3616244586256157506-2608170603-4,7407,2608170617.0,2608170618.0,1,,S,S4,Backnang|Burgstall(Murr)|Kirchberg(Murr),8001827,Erdmannhausen,Baden-Württemberg,Erdmannhausen,71729,9.298930848,48.9483447,6,2608170618.0,,2608170618.0,,h,1.0,Bauarbeiten,,,,,,,1.0,0.0
7527439288478747532-2608170607-10,7402,2608170640.0,2608170640.0,1,,S,S4,Stuttgart Hbf|Stuttgart Nordbahnhof|Stuttgart-Zuffenhausen|Kornwestheim Pbf|Ludwigsburg|Favoritepark|Freiberg(Neckar)|Benningen(Neckar)|Marbach(Neckar),8001827,Erdmannhausen,Baden-Württemberg,Erdmannhausen,71729,9.298930848,48.9483447,6,2608170645.0,,2608170646.0,,,,,,,,,,,5.0,6.0
877764178362168784-2608170537-10,7400,2608170610.0,2608170610.0,1,,S,S4,Stuttgart Hbf|Stuttgart Nordbahnhof|Stuttgart-Zuffenhausen|Kornwestheim Pbf|Ludwigsburg|Favoritepark|Freiberg(Neckar)|Benningen(Neckar)|Marbach(Neckar),8001827,Erdmannhausen,Baden-Württemberg,Erdmannhausen,71729,9.298930848,48.9483447,6,2608170610.0,,2608170611.0,,,,,,,,,,,0.0,1.0
-7338711269232336111-2608170633-4,7409,2608170647.0,2608170648.0,1,,S,S4,Backnang|Burgstall(Murr)|Kirchberg(Murr),8001827,Erdmannhausen,Baden-Württemberg,Erdmannhausen,71729,9.298930848,48.9483447,6,2608170650.0,,2608170651.0,,h,1.0,Bauarbeiten,,,,,,,3.0,3.0
1847313071699172804-2608170459-5,1068,2608170656.0,2608170658.0,3,,ICE,,München Hbf|München-Pasing|Augsburg Hbf|Ulm Hbf,8001920,Esslingen (Neckar),Baden-Württemberg,Esslingen am Neckar,73728,9.300578149,48.73854148,3,2608170654.0,,2608170658.0,,,,,,,,,,,-2.0,0.0
9133098357832980471-2608170620-9,7109,2608170647.0,2608170647.0,7,,S,S1,Kirchheim(Teck)|Kirchheim(Teck)-Ötlingen|Wendlingen(Neckar)|Wernau(Neckar)|Plochingen|Altbach|Esslingen-Zell|Oberesslingen,8001920,Esslingen (Neckar),Baden-Württemberg,Esslingen am Neckar,73728,9.300578149,48.73854148,3,2608170647.0,,2608170648.0,,,,,,,,,,,0.0,1.0
-869487963763886493-2608170608-2,1063,2608170618.0,2608170632.0,5,,ICE,,Stuttgart Hbf,8001920,Esslingen (Neckar),Baden-Württemberg,Esslingen am Neckar,73728,9.300578149,48.73854148,3,,5.0,,5.0,h,1.0,Information,,,,,c,c,0.0,0.0
-5963168999968799515-2608170625-7,7106,2608170642.0,2608170643.0,8,,S,S1,Stuttgart Hbf|Stuttgart-Bad Cannstatt|Stuttgart Neckarpark|Stuttgart-Untertürkheim|Stuttgart-Obertürkheim|Esslingen-Mettingen,8001920,Esslingen (Neckar),Baden-Württemberg,Esslingen am Neckar,73728,9.300578149,48.73854148,3,2608170643.0,,2608170643.0,,,,,,,,,,,1.0,0.0
3121292710624229087-2608170550-9,7107,2608170617.0,2608170617.0,7,,S,S1,Kirchheim(Teck)|Kirchheim(Teck)-Ötlingen|Wendlingen(Neckar)|Wernau(Neckar)|Plochingen|Altbach|Esslingen-Zell|Oberesslingen,8001920,Esslingen (Neckar),Baden-Württemberg,Esslingen am Neckar,73728,9.300578149,48.73854148,3,2608170622.0,,2608170623.0,,,,,,,,,,,5.0,6.0
-5947456125297650390-2608170420-4,1014,2608170607.0,2608170609.0,3,,ICE,,München Hbf|Augsburg Hbf|Ulm Hbf,8001920,Esslingen (Neckar),Baden-Württemberg,Esslingen am Neckar,73728,9.300578149,48.73854148,3,2608170607.0,,2608170610.0,,,,,,,,,,,0.0,1.0
1860545374330738519-2608170607-4,56712,2608170634.0,2608170635.0,6,,RE,MEX18,Ludwigsburg|Stuttgart Hbf|Stuttgart-Bad Cannstatt,8001920,Esslingen (Neckar),Baden-Württemberg,Esslingen am Neckar,73728,9.300578149,48.73854148,3,2608170638.0,8.0,2608170637.0,8.0,c,,,,,,,,,4.0,2.0
-4670336625976822716-2608170639-2,4205,2608170648.0,2608170649.0,5,,RE,RE5,Stuttgart Hbf,8001920,Esslingen (Neckar),Baden-Württemberg,Esslingen am Neckar,73728,9.300578149,48.73854148,3,2608170649.0,,2608170650.0,,h,2.0,Störung,,,,,,,1.0,1.0
-5321719494305805046-2608170503-12,4200,2608170611.0,2608170612.0,3,,RE,RE5,Ulm Hbf|Beimerstetten|Westerstetten|Lonsee|Urspring|Amstetten(Württ)|Geislingen(Steige)|Süßen|Göppingen|Ebersbach(Fils)|Plochingen,8001920,Esslingen (Neckar),Baden-Württemberg,Esslingen am Neckar,73728,9.300578149,48.73854148,3,2608170704.0,,2608170705.0,,h,1.0,Information,,,Ulm Hbf|Beimerstetten|Westerstetten|Lonsee|Urspring|Amstetten(Württ)|Geislingen(Steige)|Süßen|Göppingen|Ebersbach(Fils)|Plochingen,Stuttgart-Bad Cannstatt|Stuttgart Hbf,,,53.0,53.0
-3684860674332666920-2608170557-2,994,2608170607.0,2608170619.0,,,ICE,,Stuttgart Hbf,8001920,Esslingen (Neckar),Baden-Württemberg,Esslingen am Neckar,73728,9.300578149,48.73854148,3,2608170610.0,6.0,2608170620.0,6.0,,,,,,,,,,3.0,1.0
-9220717259364111466-2608170548-14,19114,2608170641.0,2608170641.0,3,,ARV,16,Geislingen(Steige)|Geislingen(Steige)West|Kuchen|Gingen(Fils)|Süßen|Salach|Eislingen(Fils)|Göppingen|Faurndau|Uhingen|Ebersbach(Fils)|Reichenbach(Fils)|Plochingen,8001920,Esslingen (Neckar),Baden-Württemberg,Esslingen am Neckar,73728,9.300578149,48.73854148,3,2608170706.0,,2608170712.0,,,,,,,Geislingen(Steige)|Geislingen(Steige)West|Kuchen|Gingen(Fils)|Süßen|Salach|Eislingen(Fils)|Göppingen|Faurndau|Uhingen|Ebersbach(Fils)|Reichenbach(Fils)|Plochingen,Stuttgart-Bad Cannstatt|Stuttgart Hbf,,,25.0,31.0
-605877143281749034-2608170600-4,561,2608170657.0,2608170659.0,6,,ICE,,Karlsruhe Hbf|Bruchsal|Vaihingen(Enz),8001920,Esslingen (Neckar),Baden-Württemberg,Esslingen am Neckar,73728,9.300578149,48.73854148,3,,,,,h,1.0,Information,,,,,c,c,0.0,0.0
2357672878991631045-2608170616-2,19304,2608170622.0,2608170623.0,7,,RE,MEX18,Plochingen,8001920,Esslingen (Neckar),Baden-Württemberg,Esslingen am Neckar,73728,9.300578149,48.73854148,3,2608170623.0,3.0,2608170624.0,3.0,h,2.0,Information,,,,,,,1.0,1.0
7502879632717750314-2608170614-8,19216,2608170652.0,2608170653.0,3,,RE,MEX12,Reutlingen Hbf|Metzingen(Württ)|Bempflingen|Nürtingen|Oberboihingen|Wendlingen(Neckar)|Plochingen,8001920,Esslingen (Neckar),Baden-Württemberg,Esslingen am Neckar,73728,9.300578149,48.73854148,3,2608170652.0,7.0,2608170654.0,7.0,h,2.0,Bauarbeiten,,,,,,,0.0,1.0
-4146833973989691595-2608170602-3,19115,2608170612.0,2608170613.0,5,,ARV,16,Stuttgart Hbf|Stuttgart-Bad Cannstatt,8001920,Esslingen (Neckar),Baden-Württemberg,Esslingen am Neckar,73728,9.300578149,48.73854148,3,2608170613.0,,2608170614.0,,,,,,,,,,,1.0,1.0
3776401462555749439-2608170432-20,19112,2608170601.0,2608170602.0,3,,ARV,16,Ulm Hbf|Beimerstetten|Westerstetten|Lonsee|Urspring|Amstetten(Württ)|Geislingen(Steige)|Geislingen(Steige)West|Kuchen|Gingen(Fils)|Süßen|Salach|Eislingen(Fils)|Göppingen|Faurndau|Uhingen|Ebersbach(Fils)|Reichenbach(Fils)|Plochingen,8001920,Esslingen (Neckar),Baden-Württemberg,Esslingen am Neckar,73728,9.300578149,48.73854148,3,2608170601.0,,2608170602.0,,,,,,,,,,,0.0,0.0
-589874384160695327-2608170630-3,19117,2608170640.0,2608170641.0,5,,ARV,16,Stuttgart Hbf|Stuttgart-Bad Cannstatt,8001920,Esslingen (Neckar),Baden-Württemberg,Esslingen am Neckar,73728,9.300578149,48.73854148,3,2608170641.0,,2608170642.0,,,,,,,,,,,1.0,1.0
7442213844394111459-2608170555-7,7104,2608170612.0,2608170613.0,8,,S,S1,Stuttgart Hbf|Stuttgart-Bad Cannstatt|Stuttgart Neckarpark|Stuttgart-Untertürkheim|Stuttgart-Obertürkheim|Esslingen-Mettingen,8001920,Esslingen (Neckar),Baden-Württemberg,Esslingen am Neckar,73728,9.300578149,48.73854148,3,2608170612.0,,2608170613.0,,,,,,,,,,,0.0,0.0
9133098357832980471-2608170620-10,7109,2608170649.0,2608170650.0,3,,S,S1,Kirchheim(Teck)|Kirchheim(Teck)-Ötlingen|Wendlingen(Neckar)|Wernau(Neckar)|Plochingen|Altbach|Esslingen-Zell|Oberesslingen|Esslingen(Neckar),8001921,Esslingen-Mettingen,Baden-Württemberg,Esslingen am Neckar,73733,9.275799007,48.74696655,3,2608170650.0,,2608170650.0,,,,,,,,,,,1.0,0.0
-5963168999968799515-2608170625-6,7106,2608170639.0,2608170639.0,4,,S,S1,Stuttgart Hbf|Stuttgart-Bad Cannstatt|Stuttgart Neckarpark|Stuttgart-Untertürkheim|Stuttgart-Obertürkheim,8001921,Esslingen-Mettingen,Baden-Württemberg,Esslingen am Neckar,73733,9.275799007,48.74696655,3,2608170640.0,,2608170640.0,,,,,,,,,,,1.0,1.0
3121292710624229087-2608170550-10,7107,2608170619.0,2608170620.0,3,,S,S1,Kirchheim(Teck)|Kirchheim(Teck)-Ötlingen|Wendlingen(Neckar)|Wernau(Neckar)|Plochingen|Altbach|Esslingen-Zell|Oberesslingen|Esslingen(Neckar),8001921,Esslingen-Mettingen,Baden-Württemberg,Esslingen am Neckar,73733,9.275799007,48.74696655,3,2608170624.0,,2608170625.0,,,,,,,,,,,5.0,5.0
7442213844394111459-2608170555-6,7104,2608170609.0,2608170609.0,4,,S,S1,Stuttgart Hbf|Stuttgart-Bad Cannstatt|Stuttgart Neckarpark|Stuttgart-Untertürkheim|Stuttgart-Obertürkheim,8001921,Esslingen-Mettingen,Baden-Württemberg,Esslingen am Neckar,73733,9.275799007,48.74696655,3,2608170609.0,,2608170610.0,,,,,,,,,,,0.0,1.0
9133098357832980471-2608170620-7,7109,2608170642.0,2608170642.0,3,,S,S1,Kirchheim(Teck)|Kirchheim(Teck)-Ötlingen|Wendlingen(Neckar)|Wernau(Neckar)|Plochingen|Altbach,8006642,Esslingen-Zell,Baden-Württemberg,Esslingen am Neckar,73730,9.359739507,48.72436142,3,2608170642.0,,2608170643.0,,,,,,,,,,,0.0,1.0
-5963168999968799515-2608170625-9,7106,2608170647.0,2608170648.0,4,,S,S1,Stuttgart Hbf|Stuttgart-Bad Cannstatt|Stuttgart Neckarpark|Stuttgart-Untertürkheim|Stuttgart-Obertürkheim|Esslingen-Mettingen|Esslingen(Neckar)|Oberesslingen,8006642,Esslingen-Zell,Baden-Württemberg,Esslingen am Neckar,73730,9.359739507,48.72436142,3,2608170648.0,,2608170649.0,,,,,,,,,,,1.0,1.0
3121292710624229087-2608170550-7,7107,2608170612.0,2608170612.0,3,,S,S1,Kirchheim(Teck)|Kirchheim(Teck)-Ötlingen|Wendlingen(Neckar)|Wernau(Neckar)|Plochingen|Altbach,8006642,Esslingen-Zell,Baden-Württemberg,Esslingen am Neckar,73730,9.359739507,48.72436142,3,2608170617.0,,2608170617.0,,,,,,,,,,,5.0,5.0
7442213844394111459-2608170555-9,7104,2608170617.0,2608170618.0,4,,S,S1,Stuttgart Hbf|Stuttgart-Bad Cannstatt|Stuttgart Neckarpark|Stuttgart-Untertürkheim|Stuttgart-Obertürkheim|Esslingen-Mettingen|Esslingen(Neckar)|Oberesslingen,8006642,Esslingen-Zell,Baden-Württemberg,Esslingen am Neckar,73730,9.359739507,48.72436142,3,2608170617.0,,2608170618.0,,,,,,,,,,,0.0,0.0
3616244586256157506-2608170603-8,7407,2608170633.0,2608170634.0,2,,S,S4,Backnang|Burgstall(Murr)|Kirchberg(Murr)|Erdmannhausen|Marbach(Neckar)|Benningen(Neckar)|Freiberg(Neckar),8001967,Favoritepark,Baden-Württemberg,Ludwigsburg,71634,9.180574277,48.90948451,5,2608170636.0,,2608170636.0,,h,1.0,Bauarbeiten,,,,,,,3.0,2.0
7527439288478747532-2608170607-6,7402,2608170626.0,2608170626.0,1,,S,S4,Stuttgart Hbf|Stuttgart Nordbahnhof|Stuttgart-Zuffenhausen|Kornwestheim Pbf|Ludwigsburg,8001967,Favoritepark,Baden-Württemberg,Ludwigsburg,71634,9.180574277,48.90948451,5,2608170634.0,,2608170634.0,,,,,,,,,,,8.0,8.0
-8255187816541177533-2608170637-6,7404,2608170656.0,2608170656.0,1,,S,S4,Stuttgart Hbf|Stuttgart Nordbahnhof|Stuttgart-Zuffenhausen|Kornwestheim Pbf|Ludwigsburg,8001967,Favoritepark,Baden-Württemberg,Ludwigsburg,71634,9.180574277,48.90948451,5,2608170656.0,,2608170657.0,,,,,,,,,,,0.0,1.0
-5152190475701295737-2608170533-8,7405,2608170603.0,2608170604.0,2,,S,S4,Backnang|Burgstall(Murr)|Kirchberg(Murr)|Erdmannhausen|Marbach(Neckar)|Benningen(Neckar)|Freiberg(Neckar),8001967,Favoritepark,Baden-Württemberg,Ludwigsburg,71634,9.180574277,48.90948451,5,2608170603.0,,2608170604.0,,h,1.0,Bauarbeiten,,,,,,,0.0,0.0
2386613761040749971-2608170603-11,7207,2608170627.0,2608170628.0,4,,S,S2,Schorndorf|Weiler(Rems)|Winterbach(b Schorndorf)|Geradstetten|Grunbach|Beutelsbach|Endersbach|Stetten-Beinstein|Rommelshausen|Waiblingen,8001974,Fellbach,Baden-Württemberg,Fellbach,70736,9.270645988,48.8202936,3,2608170627.0,,2608170629.0,,h,1.0,Bauarbeiten,,,,,,,0.0,1.0
4883033308940108541-2608170541-8,7305,2608170602.0,2608170603.0,4,,S,S3,Backnang|Maubach|Nellmersbach|Winnenden|Schwaikheim|Neustadt-Hohenacker|Waiblingen,8001974,Fellbach,Baden-Württemberg,Fellbach,70736,9.270645988,48.8202936,3,2608170604.0,,2608170605.0,,,,,,,,,,,2.0,2.0
7952941757833702919-2608170612-5,7304,2608170626.0,2608170627.0,1,,S,S3,Stuttgart Hbf|Stuttgart-Bad Cannstatt|Stuttgart Nürnberger Str.|Stuttgart-Sommerrain,8001974,Fellbach,Baden-Württemberg,Fellbach,70736,9.270645988,48.8202936,3,2608170626.0,,2608170627.0,,,,,,,,,,,0.0,0.0
8928020016835199525-2608170611-8,7307,2608170632.0,2608170633.0,4,,S,S3,Backnang|Maubach|Nellmersbach|Winnenden|Schwaikheim|Neustadt-Hohenacker|Waiblingen,8001974,Fellbach,Baden-Württemberg,Fellbach,70736,9.270645988,48.8202936,3,2608170632.0,,2608170633.0,,,,,,,,,,,0.0,0.0
-3170854094601281231-2608170550-5,7202,2608170601.0,2608170602.0,1,,S,S2,Stuttgart Hbf|Stuttgart-Bad Cannstatt|Stuttgart Nürnberger Str.|Stuttgart-Sommerrain,8001974,Fellbach,Baden-Württemberg,Fellbach,70736,9.270645988,48.8202936,3,2608170601.0,,2608170602.0,,h,1.0,Bauarbeiten,,,,,,,0.0,0.0
-7676551856859768075-2608170633-11,7209,2608170657.0,2608170658.0,4,,S,S2,Schorndorf|Weiler(Rems)|Winterbach(b Schorndorf)|Geradstetten|Grunbach|Beutelsbach|Endersbach|Stetten-Beinstein|Rommelshausen|Waiblingen,8001974,Fellbach,Baden-Württemberg,Fellbach,70736,9.270645988,48.8202936,3,2608170658.0,,2608170659.0,,h,1.0,Bauarbeiten,,,,,,,1.0,1.0
-6211003010298504877-2608170642-5,7306,2608170656.0,2608170657.0,1,,S,S3,Stuttgart Hbf|Stuttgart-Bad Cannstatt|Stuttgart Nürnberger Str.|Stuttgart-Sommerrain,8001974,Fellbach,Baden-Württemberg,Fellbach,70736,9.270645988,48.8202936,3,2608170657.0,,2608170658.0,,,,,,,,,,,1.0,1.0
-7596434955654923825-2608170620-5,7204,2608170631.0,2608170632.0,1,,S,S2,Stuttgart Hbf|Stuttgart-Bad Cannstatt|Stuttgart Nürnberger Str.|Stuttgart-Sommerrain,8001974,Fellbach,Baden-Württemberg,Fellbach,70736,9.270645988,48.8202936,3,2608170631.0,,2608170632.0,,h,1.0,Bauarbeiten,,,,,,,0.0,0.0
6700417600117952122-2608170633-2,7906,2608170637.0,2608170638.0,2,,S,S2,Filderstadt,8005768,Stuttgart Flughafen/Messe,Baden-Württemberg,Leinfelden-Echterdingen,70629,9.193411574,48.69075193,4,2608170637.0,,2608170638.0,,,,,,,,,,,0.0,0.0
-3236295447716473636-2608170635-6,7907,2608170652.0,2608170653.0,1,,S,S2,Stuttgart-Vaihingen|Stuttgart-Rohr|Oberaichen|Leinfelden|Echterdingen,8005768,Stuttgart Flughafen/Messe,Baden-Württemberg,Leinfelden-Echterdingen,70629,9.193411574,48.69075193,4,2608170652.0,,2608170653.0,,,,,,,,,,,0.0,0.0
6419718419888715206-2608170603-2,7904,2608170607.0,2608170608.0,2,,S,S2,Filderstadt,8005768,Stuttgart Flughafen/Messe,Baden-Württemberg,Leinfelden-Echterdingen,70629,9.193411574,48.69075193,4,2608170607.0,,2608170608.0,,,,,,,,,,,0.0,0.0
4676022960576610965-2608170605-6,7905,2608170622.0,2608170623.0,1,,S,S2,Stuttgart-Vaihingen|Stuttgart-Rohr|Oberaichen|Leinfelden|Echterdingen,8005768,Stuttgart Flughafen/Messe,Baden-Württemberg,Leinfelden-Echterdingen,70629,9.193411574,48.69075193,4,2608170622.0,,2608170623.0,,,,,,,,,,,0.0,0.0
3616244586256157506-2608170603-7,7407,2608170630.0,2608170631.0,2,,S,S4,Backnang|Burgstall(Murr)|Kirchberg(Murr)|Erdmannhausen|Marbach(Neckar)|Benningen(Neckar),8002065,Freiberg (Neckar),Baden-Württemberg,Freiberg am Neckar,71691,9.197530085,48.92994974,5,2608170632.0,,2608170633.0,,h,1.0,Bauarbeiten,,,,,,,2.0,2.0
7527439288478747532-2608170607-7,7402,2608170629.0,2608170629.0,3,,S,S4,Stuttgart Hbf|Stuttgart Nordbahnhof|Stuttgart-Zuffenhausen|Kornwestheim Pbf|Ludwigsburg|Favoritepark,8002065,Freiberg (Neckar),Baden-Württemberg,Freiberg am Neckar,71691,9.197530085,48.92994974,5,2608170636.0,,2608170637.0,,,,,,,,,,,7.0,8.0
-8255187816541177533-2608170637-7,7404,2608170659.0,2608170659.0,3,,S,S4,Stuttgart Hbf|Stuttgart Nordbahnhof|Stuttgart-Zuffenhausen|Kornwestheim Pbf|Ludwigsburg|Favoritepark,8002065,Freiberg (Neckar),Baden-Württemberg,Freiberg am Neckar,71691,9.197530085,48.92994974,5,2608170659.0,,2608170700.0,,,,,,,,,,,0.0,1.0
-5152190475701295737-2608170533-7,7405,2608170600.0,2608170601.0,2,,S,S4,Backnang|Burgstall(Murr)|Kirchberg(Murr)|Erdmannhausen|Marbach(Neckar)|Benningen(Neckar),8002065,Freiberg (Neckar),Baden-Württemberg,Freiberg am Neckar,71691,9.197530085,48.92994974,5,2608170600.0,,2608170601.0,,h,1.0,Bauarbeiten,,,,,,,0.0,0.0
2671206728817285836-2608170546-7,7703,2608170608.0,2608170608.0,1,,S,S1,Stuttgart-Vaihingen|Stuttgart-Rohr|Goldberg(Württ)|Böblingen|Hulb|Ehningen(b Böblingen),8002165,Gärtringen,Baden-Württemberg,Gärtringen,71116,8.908864487,48.64080021,5,2608170608.0,,2608170608.0,,,,,,,,,,,0.0,0.0
-2823205682233144346-2608170646-3,7710,2608170652.0,2608170652.0,2,,S,S1,Herrenberg|Nufringen,8002165,Gärtringen,Baden-Württemberg,Gärtringen,71116,8.908864487,48.64080021,5,2608170652.0,,2608170652.0,,,,,,,,,,,0.0,0.0
-6533465171789901239-2608170616-7,7705,2608170638.0,2608170638.0,1,,S,S1,Stuttgart-Vaihingen|Stuttgart-Rohr|Goldberg(Württ)|Böblingen|Hulb|Ehningen(b Böblingen),8002165,Gärtringen,Baden-Württemberg,Gärtringen,71116,8.908864487,48.64080021,5,2608170639.0,,2608170640.0,,,,,,,,,,,1.0,2.0
7813982294123805143-2608170616-3,7708,2608170622.0,2608170622.0,2,,S,S1,Herrenberg|Nufringen,8002165,Gärtringen,Baden-Württemberg,Gärtringen,71116,8.908864487,48.64080021,5,2608170622.0,,2608170622.0,,,,,,,,,,,0.0,0.0
2386613761040749971-2608170603-4,7207,2608170610.0,2608170611.0,1,,S,S2,Schorndorf|Weiler(Rems)|Winterbach(b Schorndorf),8002240,Geradstetten,Baden-Württemberg,Remshalden,73630,9.439522346,48.80527689,5,2608170610.0,,2608170611.0,,h,1.0,Bauarbeiten,,,,,,,0.0,0.0
-3170854094601281231-2608170550-12,7202,2608170617.0,2608170617.0,2,,S,S2,Stuttgart Hbf|Stuttgart-Bad Cannstatt|Stuttgart Nürnberger Str.|Stuttgart-Sommerrain|Fellbach|Waiblingen|Rommelshausen|Stetten-Beinstein|Endersbach|Beutelsbach|Grunbach,8002240,Geradstetten,Baden-Württemberg,Remshalden,73630,9.439522346,48.80527689,5,2608170617.0,,2608170618.0,,h,1.0,Bauarbeiten,,,,,,,0.0,1.0
-7676551856859768075-2608170633-4,7209,2608170640.0,2608170641.0,1,,S,S2,Schorndorf|Weiler(Rems)|Winterbach(b Schorndorf),8002240,Geradstetten,Baden-Württemberg,Remshalden,73630,9.439522346,48.80527689,5,2608170641.0,,2608170642.0,,h,1.0,Bauarbeiten,,,,,,,1.0,1.0
-7596434955654923825-2608170620-12,7204,2608170647.0,2608170647.0,2,,S,S2,Stuttgart Hbf|Stuttgart-Bad Cannstatt|Stuttgart Nürnberger Str.|Stuttgart-Sommerrain|Fellbach|Waiblingen|Rommelshausen|Stetten-Beinstein|Endersbach|Beutelsbach|Grunbach,8002240,Geradstetten,Baden-Württemberg,Remshalden,73630,9.439522346,48.80527689,5,2608170647.0,,2608170648.0,,h,1.0,Bauarbeiten,,,,,,,0.0,1.0
-9135645456789564620-2608170646-3,7707,2608170658.0,2608170658.0,1,,S,S1,Stuttgart-Vaihingen|Stuttgart-Rohr,8005201,Goldberg,Baden-Württemberg,Böblingen,71032,9.019733387,48.69651581,5,2608170658.0,,2608170659.0,,,,,,,,,,,0.0,1.0
-6533465171789901239-2608170616-3,7705,2608170628.0,2608170628.0,1,,S,S1,Stuttgart-Vaihingen|Stuttgart-Rohr,8005201,Goldberg,Baden-Württemberg,Böblingen,71032,9.019733387,48.69651581,5,2608170628.0,,2608170629.0,,,,,,,,,,,0.0,1.0
7813982294123805143-2608170616-7,7708,2608170632.0,2608170632.0,2,,S,S1,Herrenberg|Nufringen|Gärtringen|Ehningen(b Böblingen)|Hulb|Böblingen,8005201,Goldberg,Baden-Württemberg,Böblingen,71032,9.019733387,48.69651581,5,2608170632.0,,2608170632.0,,,,,,,,,,,0.0,0.0
239390452411476308-2608170546-7,7706,2608170602.0,2608170602.0,2,,S,S1,Herrenberg|Nufringen|Gärtringen|Ehningen(b Böblingen)|Hulb|Böblingen,8005201,Goldberg,Baden-Württemberg,Böblingen,71032,9.019733387,48.69651581,5,2608170603.0,,2608170603.0,,,,,,,,,,,1.0,1.0
2386613761040749971-2608170603-5,7207,2608170612.0,2608170613.0,2,,S,S2,Schorndorf|Weiler(Rems)|Winterbach(b Schorndorf)|Geradstetten,8002448,Grunbach,Baden-Württemberg,Remshalden,73630,9.419580601,48.810414,4,2608170612.0,,2608170613.0,,h,1.0,Bauarbeiten,,,,,,,0.0,0.0
-3170854094601281231-2608170550-11,7202,2608170615.0,2608170615.0,3,,S,S2,Stuttgart Hbf|Stuttgart-Bad Cannstatt|Stuttgart Nürnberger Str.|Stuttgart-Sommerrain|Fellbach|Waiblingen|Rommelshausen|Stetten-Beinstein|Endersbach|Beutelsbach,8002448,Grunbach,Baden-Württemberg,Remshalden,73630,9.419580601,48.810414,4,2608170615.0,,2608170616.0,,h,1.0,Bauarbeiten,,,,,,,0.0,1.0
-7676551856859768075-2608170633-5,7209,2608170642.0,2608170643.0,2,,S,S2,Schorndorf|Weiler(Rems)|Winterbach(b Schorndorf)|Geradstetten,8002448,Grunbach,Baden-Württemberg,Remshalden,73630,9.419580601,48.810414,4,2608170643.0,,2608170644.0,,h,1.0,Bauarbeiten,,,,,,,1.0,1.0
-7596434955654923825-2608170620-11,7204,2608170645.0,2608170645.0,3,,S,S2,Stuttgart Hbf|Stuttgart-Bad Cannstatt|Stuttgart Nürnberger Str.|Stuttgart-Sommerrain|Fellbach|Waiblingen|Rommelshausen|Stetten-Beinstein|Endersbach|Beutelsbach,8002448,Grunbach,Baden-Württemberg,Remshalden,73630,9.419580601,48.810414,4,2608170645.0,,2608170646.0,,h,1.0,Bauarbeiten,,,,,,,0.0,1.0
1056500237387477640-2608170649-1,22720,,2608170649.0,,,RB,RB63,,8002785,Herrenberg,Baden-Württemberg,Herrenberg,71083,8.862625253,48.59395697,3,,,2608170650.0,,h,2.0,Information,,,,,,,0.0,1.0
2671206728817285836-2608170546-9,7703,2608170615.0,,3,,S,,Stuttgart-Vaihingen|Stuttgart-Rohr|Goldberg(Württ)|Böblingen|Hulb|Ehningen(b Böblingen)|Gärtringen|Nufringen,8002785,Herrenberg,Baden-Württemberg,Herrenberg,71083,8.862625253,48.59395697,3,2608170615.0,,,,,,,,,,,,,0.0,0.0
-5928090654784067227-2608170611-10,22721,2608170641.0,,102,,RB,,Tübingen Hbf|Tübingen West|Unterjesingen Sandäcker|Unterjesingen Mitte|Pfäffingen|Entringen|Altingen(Württ)|Gültstein|Herrenberg Zwerchweg,8002785,Herrenberg,Baden-Württemberg,Herrenberg,71083,8.862625253,48.59395697,3,2608170641.0,,,,,,,,,,,,,0.0,0.0
6088545712540816693-2608170616-2,181,2608170647.0,2608170647.0,4,,IC,,Stuttgart Hbf,8002785,Herrenberg,Baden-Württemberg,Herrenberg,71083,8.862625253,48.59395697,3,2608170648.0,,2608170650.0,,h,2.0,Information,,,,,,,1.0,3.0
-858799801350993977-2608170642-3,17612,2608170650.0,,101,,RB,,Bondorf(b Herrenberg)|Gäufelden,8002785,Herrenberg,Baden-Württemberg,Herrenberg,71083,8.862625253,48.59395697,3,2608170650.0,,,,,,,,,,,,,0.0,0.0
171689540160752062-2608170620-1,15807,,2608170620.0,,,RE,RE40,,8002785,Herrenberg,Baden-Württemberg,Herrenberg,71083,8.862625253,48.59395697,3,,,2608170620.0,,,,,,,,,,,0.0,0.0
-3995207953791543626-2608170619-1,22716,,2608170619.0,,,RB,RB63,,8002785,Herrenberg,Baden-Württemberg,Herrenberg,71083,8.862625253,48.59395697,3,,,,,,,,,,,,,c,0.0,0.0
1329500524380842300-2608170536-9,52388,2608170637.0,2608170640.0,1,,RE,IC87,Rottweil|Oberndorf(Neckar)|Sulz(Neckar)|Horb|Eutingen im Gäu|Ergenzingen|Bondorf(b Herrenberg)|Gäufelden,8002785,Herrenberg,Baden-Württemberg,Herrenberg,71083,8.862625253,48.59395697,3,2608170637.0,,2608170640.0,,h,2.0,Information,,,,,,,0.0,0.0
-590683846475875502-2608170421-29,15930,2608170604.0,,101,,RB,,Forbach(Schwarzw)|Raumünzach|Kirschbaumwasen|Schönmünzach|Schwarzenberg|Huzenbach|Röt|Heselbach|Klosterreichenbach|Baiersbronn Schule|Baiersbronn Bf|Friedrichstal b Freudenstadt|Freudenstadt Stadt|Freudenstadt Schulzentrum|Freudenstadt Industriegebiet|Freudenstadt Hbf|Grüntal-Wittlensweiler|Dornstetten-Aach|Dornstetten|Schopfloch(b Freudenstadt)|Bittelbronn|Horb-Heiligenfeld|Hochdorf(b Horb)|Eutingen Nord|Eutingen im Gäu|Ergenzingen|Bondorf(b Herrenberg)|Gäufelden,8002785,Herrenberg,Baden-Württemberg,Herrenberg,71083,8.862625253,48.59395697,3,2608170604.0,,,,,,,,,,,,,0.0,0.0
2869928040560448554-2608170616-2,50181,2608170647.0,2608170647.0,4,,RE,IC87,Stuttgart Hbf,8002785,Herrenberg,Baden-Württemberg,Herrenberg,71083,8.862625253,48.59395697,3,2608170648.0,,2608170650.0,,h,2.0,Information,,,,,,,1.0,3.0
-2823205682233144346-2608170646-1,7710,,2608170646.0,,,S,S1,,8002785,Herrenberg,Baden-Württemberg,Herrenberg,71083,8.862625253,48.59395697,3,,,2608170646.0,,,,,,,,,,,0.0,0.0
5500760249572071640-2608170511-9,17608,2608170610.0,2608170611.0,1,,RE,RE14a,Rottweil|Oberndorf(Neckar)|Sulz(Neckar)|Horb|Eutingen im Gäu|Ergenzingen|Bondorf(b Herrenberg)|Gäufelden,8002785,Herrenberg,Baden-Württemberg,Herrenberg,71083,8.862625253,48.59395697,3,2608170610.0,,2608170611.0,,h,2.0,Bauarbeiten,,,,,,,0.0,0.0
-6533465171789901239-2608170616-9,7705,2608170645.0,,3,,S,,Stuttgart-Vaihingen|Stuttgart-Rohr|Goldberg(Württ)|Böblingen|Hulb|Ehningen(b Böblingen)|Gärtringen|Nufringen,8002785,Herrenberg,Baden-Württemberg,Herrenberg,71083,8.862625253,48.59395697,3,2608170645.0,,,,,,,,,,,,,0.0,0.0
7813982294123805143-2608170616-1,7708,,2608170616.0,,,S,S1,,8002785,Herrenberg,Baden-Württemberg,Herrenberg,71083,8.862625253,48.59395697,3,,,2608170616.0,,,,,,,,,,,0.0,0.0
6821056948732772113-2608170536-9,2388,2608170637.0,2608170640.0,1,,IC,,Rottweil|Oberndorf(Neckar)|Sulz(Neckar)|Horb|Eutingen im Gäu|Ergenzingen|Bondorf(b Herrenberg)|Gäufelden,8002785,Herrenberg,Baden-Württemberg,Herrenberg,71083,8.862625253,48.59395697,3,2608170637.0,,2608170640.0,,h,2.0,Information,,,,,,,0.0,0.0
4946201209300493084-2608170541-10,22717,2608170611.0,,102,,RB,,Tübingen Hbf|Tübingen West|Unterjesingen Sandäcker|Unterjesingen Mitte|Pfäffingen|Entringen|Altingen(Württ)|Gültstein|Herrenberg Zwerchweg,8002785,Herrenberg,Baden-Württemberg,Herrenberg,71083,8.862625253,48.59395697,3,,,,,,,,,,,,c,,0.0,0.0
-7026681651261208051-2608170613-5,17616,2608170626.0,,101,,RB,,Eutingen im Gäu|Ergenzingen|Bondorf(b Herrenberg)|Gäufelden,8002785,Herrenberg,Baden-Württemberg,Herrenberg,71083,8.862625253,48.59395697,3,2608170627.0,,,,,,,,,,,,,1.0,0.0
3363962381041340479-2608170534-10,7003,2608170605.0,2608170606.0,1,,S,S60,Böblingen|Sindelfingen|Maichingen|Maichingen Nord|Magstadt|Renningen Süd|Renningen|Rutesheim|Leonberg,8002892,Höfingen,Baden-Württemberg,Leonberg,71229,9.026180834,48.81503436,5,2608170605.0,,2608170606.0,,h,1.0,Bauarbeiten,,,,,,,0.0,0.0
-2314480797793343036-2608170641-6,7010,2608170654.0,2608170654.0,2,,S,S60,Stuttgart-Zuffenhausen|Neuwirtshaus(Porscheplatz)|Korntal|Weilimdorf|Ditzingen,8002892,Höfingen,Baden-Württemberg,Leonberg,71229,9.026180834,48.81503436,5,2608170654.0,,2608170655.0,,h,1.0,Bauarbeiten,,,,,,,0.0,1.0
1562696569465503615-2608170603-6,7607,2608170620.0,2608170621.0,1,,S,S6,Weil der Stadt|Malmsheim|Renningen|Rutesheim|Leonberg,8002892,Höfingen,Baden-Württemberg,Leonberg,71229,9.026180834,48.81503436,5,2608170620.0,,2608170621.0,,h,1.0,Bauarbeiten,,,,,,,0.0,0.0
7483286607335299715-2608170633-6,7609,2608170650.0,2608170651.0,1,,S,S6,Weil der Stadt|Malmsheim|Renningen|Rutesheim|Leonberg,8002892,Höfingen,Baden-Württemberg,Leonberg,71229,9.026180834,48.81503436,5,2608170651.0,,2608170652.0,,h,1.0,Bauarbeiten,,,,,,,1.0,1.0
133917740309649745-2608170604-10,7005,2608170635.0,2608170636.0,1,,S,S60,Böblingen|Sindelfingen|Maichingen|Maichingen Nord|Magstadt|Renningen Süd|Renningen|Rutesheim|Leonberg,8002892,Höfingen,Baden-Württemberg,Leonberg,71229,9.026180834,48.81503436,5,2608170636.0,,2608170637.0,,h,1.0,Bauarbeiten,,,,,,,1.0,1.0
6322021483645396893-2608170611-6,7008,2608170624.0,2608170624.0,2,,S,S60,Stuttgart-Zuffenhausen|Neuwirtshaus(Porscheplatz)|Korntal|Weilimdorf|Ditzingen,8002892,Höfingen,Baden-Württemberg,Leonberg,71229,9.026180834,48.81503436,5,2608170624.0,,2608170624.0,,h,1.0,Bauarbeiten,,,,,,,0.0,0.0
-1663230384092736702-2608170555-7,7602,2608170609.0,2608170609.0,2,,S,S6,Stuttgart-Feuerbach|Stuttgart-Zuffenhausen|Neuwirtshaus(Porscheplatz)|Korntal|Weilimdorf|Ditzingen,8002892,Höfingen,Baden-Württemberg,Leonberg,71229,9.026180834,48.81503436,5,2608170611.0,,2608170611.0,,h,1.0,Bauarbeiten,,,,,,,2.0,2.0
-1878590878288579038-2608170625-7,7604,2608170639.0,2608170639.0,2,,S,S6,Stuttgart-Feuerbach|Stuttgart-Zuffenhausen|Neuwirtshaus(Porscheplatz)|Korntal|Weilimdorf|Ditzingen,8002892,Höfingen,Baden-Württemberg,Leonberg,71229,9.026180834,48.81503436,5,2608170639.0,,2608170640.0,,h,1.0,Bauarbeiten,,,,,,,0.0,1.0
2671206728817285836-2608170546-5,7703,2608170602.0,2608170602.0,1,,S,S1,Stuttgart-Vaihingen|Stuttgart-Rohr|Goldberg(Württ)|Böblingen,8003022,Hulb,Baden-Württemberg,Böblingen-Hulb,71032,8.982396429,48.67924173,5,2608170602.0,,2608170603.0,,,,,,,,,,,0.0,1.0
-2823205682233144346-2608170646-5,7710,2608170658.0,2608170658.0,2,,S,S1,Herrenberg|Nufringen|Gärtringen|Ehningen(b Böblingen),8003022,Hulb,Baden-Württemberg,Böblingen-Hulb,71032,8.982396429,48.67924173,5,2608170658.0,,2608170658.0,,,,,,,,,,,0.0,0.0
-6533465171789901239-2608170616-5,7705,2608170632.0,2608170632.0,1,,S,S1,Stuttgart-Vaihingen|Stuttgart-Rohr|Goldberg(Württ)|Böblingen,8003022,Hulb,Baden-Württemberg,Böblingen-Hulb,71032,8.982396429,48.67924173,5,2608170633.0,,2608170633.0,,,,,,,,,,,1.0,1.0
7813982294123805143-2608170616-5,7708,2608170628.0,2608170628.0,2,,S,S1,Herrenberg|Nufringen|Gärtringen|Ehningen(b Böblingen),8003022,Hulb,Baden-Württemberg,Böblingen-Hulb,71032,8.982396429,48.67924173,5,2608170628.0,,2608170628.0,,,,,,,,,,,0.0,0.0
6700417600117952122-2608170633-1,7906,,2608170633.0,,,S,S2,,8001984,Filderstadt,Baden-Württemberg,Filderstadt,70794,9.217581315,48.67649151,5,,,2608170633.0,,,,,,,,,,,0.0,0.0
-3236295447716473636-2608170635-7,7907,2608170657.0,,1,,S,,Stuttgart-Vaihingen|Stuttgart-Rohr|Oberaichen|Leinfelden|Echterdingen|Stuttgart Flughafen/Messe,8001984,Filderstadt,Baden-Württemberg,Filderstadt,70794,9.217581315,48.67649151,5,2608170657.0,,,,,,,,,,,,,0.0,0.0
6419718419888715206-2608170603-1,7904,,2608170603.0,,,S,S2,,8001984,Filderstadt,Baden-Württemberg,Filderstadt,70794,9.217581315,48.67649151,5,,,2608170603.0,,,,,,,,,,,0.0,0.0
4676022960576610965-2608170605-7,7905,2608170627.0,,1,,S,,Stuttgart-Vaihingen|Stuttgart-Rohr|Oberaichen|Leinfelden|Echterdingen|Stuttgart Flughafen/Messe,8001984,Filderstadt,Baden-Württemberg,Filderstadt,70794,9.217581315,48.67649151,5,2608170627.0,,,,,,,,,,,,,0.0,0.0
3616244586256157506-2608170603-3,7407,2608170612.0,2608170615.0,1,,S,S4,Backnang|Burgstall(Murr),8003266,Kirchberg (Murr),Baden-Württemberg,Kirchberg an der Murr,71737,9.328210283,48.93928182,6,2608170612.0,,2608170615.0,,h,1.0,Bauarbeiten,,,,,,,0.0,0.0
7527439288478747532-2608170607-11,7402,2608170643.0,2608170643.0,2,,S,S4,Stuttgart Hbf|Stuttgart Nordbahnhof|Stuttgart-Zuffenhausen|Kornwestheim Pbf|Ludwigsburg|Favoritepark|Freiberg(Neckar)|Benningen(Neckar)|Marbach(Neckar)|Erdmannhausen,8003266,Kirchberg (Murr),Baden-Württemberg,Kirchberg an der Murr,71737,9.328210283,48.93928182,6,2608170648.0,,2608170648.0,,,,,,,,,,,5.0,5.0
877764178362168784-2608170537-11,7400,2608170613.0,2608170613.0,2,,S,S4,Stuttgart Hbf|Stuttgart Nordbahnhof|Stuttgart-Zuffenhausen|Kornwestheim Pbf|Ludwigsburg|Favoritepark|Freiberg(Neckar)|Benningen(Neckar)|Marbach(Neckar)|Erdmannhausen,8003266,Kirchberg (Murr),Baden-Württemberg,Kirchberg an der Murr,71737,9.328210283,48.93928182,6,2608170613.0,,2608170613.0,,,,,,,,,,,0.0,0.0
-7338711269232336111-2608170633-3,7409,2608170642.0,2608170645.0,1,,S,S4,Backnang|Burgstall(Murr),8003266,Kirchberg (Murr),Baden-Württemberg,Kirchberg an der Murr,71737,9.328210283,48.93928182,6,2608170642.0,,2608170648.0,,h,1.0,Bauarbeiten,,,,,,,0.0,3.0
9133098357832980471-2608170620-1,7109,,2608170620.0,,,S,S1,,8003280,Kirchheim (Teck),Baden-Württemberg,Kirchheim unter Teck,73230,9.443872422,48.64415981,4,,,2608170621.0,,,,,,,,,,,0.0,1.0
1693808056491345987-2608170617-1,37953,,2608170617.0,,,RB,RB64,,8003280,Kirchheim (Teck),Baden-Württemberg,Kirchheim unter Teck,73230,9.443872422,48.64415981,4,,,2608170618.0,,,,,,,,,,,0.0,1.0
9164848740577760883-2608170525-15,7102,2608170609.0,,2,,S,,Stuttgart Hbf|Stuttgart-Bad Cannstatt|Stuttgart Neckarpark|Stuttgart-Untertürkheim|Stuttgart-Obertürkheim|Esslingen-Mettingen|Esslingen(Neckar)|Oberesslingen|Esslingen-Zell|Altbach|Plochingen|Wernau(Neckar)|Wendlingen(Neckar)|Kirchheim(Teck)-Ötlingen,8003280,Kirchheim (Teck),Baden-Württemberg,Kirchheim unter Teck,73230,9.443872422,48.64415981,4,2608170615.0,,,,,,,,,,,,,6.0,0.0
-6655970972115007016-2608170650-1,7111,,2608170650.0,,,S,S1,,8003280,Kirchheim (Teck),Baden-Württemberg,Kirchheim unter Teck,73230,9.443872422,48.64415981,4,,,2608170650.0,,,,,,,,,,,0.0,0.0
3837732199732412542-2608170554-7,37950,2608170612.0,,1,,RB,,Oberlenningen|Unterlenningen|Brucken|Owen(Teck)|Dettingen(Teck)|Kirchheim(Teck)Süd,8003280,Kirchheim (Teck),Baden-Württemberg,Kirchheim unter Teck,73230,9.443872422,48.64415981,4,2608170612.0,,,,,,,,,,,,,0.0,0.0
7442213844394111459-2608170555-15,7104,2608170639.0,,2,,S,,Stuttgart Hbf|Stuttgart-Bad Cannstatt|Stuttgart Neckarpark|Stuttgart-Untertürkheim|Stuttgart-Obertürkheim|Esslingen-Mettingen|Esslingen(Neckar)|Oberesslingen|Esslingen-Zell|Altbach|Plochingen|Wernau(Neckar)|Wendlingen(Neckar)|Kirchheim(Teck)-Ötlingen,8003280,Kirchheim (Teck),Baden-Württemberg,Kirchheim unter Teck,73230,9.443872422,48.64415981,4,2608170640.0,,,,,,,,,,,,,1.0,0.0
9133098357832980471-2608170620-2,7109,2608170623.0,2608170623.0,1,,S,S1,Kirchheim(Teck),8003282,Kirchheim (Teck)-Ötlingen,Baden-Württemberg,Kirchheim unter Teck,73230,9.416261302,48.65782388,5,2608170624.0,,2608170625.0,,,,,,,,,,,1.0,2.0
9164848740577760883-2608170525-14,7102,2608170606.0,2608170607.0,1,,S,S1,Stuttgart Hbf|Stuttgart-Bad Cannstatt|Stuttgart Neckarpark|Stuttgart-Untertürkheim|Stuttgart-Obertürkheim|Esslingen-Mettingen|Esslingen(Neckar)|Oberesslingen|Esslingen-Zell|Altbach|Plochingen|Wernau(Neckar)|Wendlingen(Neckar),8003282,Kirchheim (Teck)-Ötlingen,Baden-Württemberg,Kirchheim unter Teck,73230,9.416261302,48.65782388,5,2608170611.0,,2608170612.0,,,,,,,,,,,5.0,5.0
-6655970972115007016-2608170650-2,7111,2608170653.0,2608170653.0,1,,S,S1,Kirchheim(Teck),8003282,Kirchheim (Teck)-Ötlingen,Baden-Württemberg,Kirchheim unter Teck,73230,9.416261302,48.65782388,5,2608170653.0,,2608170654.0,,,,,,,,,,,0.0,1.0
7442213844394111459-2608170555-14,7104,2608170636.0,2608170637.0,1,,S,S1,Stuttgart Hbf|Stuttgart-Bad Cannstatt|Stuttgart Neckarpark|Stuttgart-Untertürkheim|Stuttgart-Obertürkheim|Esslingen-Mettingen|Esslingen(Neckar)|Oberesslingen|Esslingen-Zell|Altbach|Plochingen|Wernau(Neckar)|Wendlingen(Neckar),8003282,Kirchheim (Teck)-Ötlingen,Baden-Württemberg,Kirchheim unter Teck,73230,9.416261302,48.65782388,5,2608170637.0,,2608170639.0,,,,,,,,,,,1.0,2.0
3363962381041340479-2608170534-13,7003,2608170613.0,2608170614.0,3,,S,S60,Böblingen|Sindelfingen|Maichingen|Maichingen Nord|Magstadt|Renningen Süd|Renningen|Rutesheim|Leonberg|Höfingen|Ditzingen|Weilimdorf,8003409,Korntal,Baden-Württemberg,Korntal,70825,9.121099128,48.82640246,4,2608170613.0,,2608170614.0,,h,1.0,Bauarbeiten,,,,,,,0.0,0.0
-2314480797793343036-2608170641-3,7010,2608170646.0,2608170646.0,1,,S,S60,Stuttgart-Zuffenhausen|Neuwirtshaus(Porscheplatz),8003409,Korntal,Baden-Württemberg,Korntal,70825,9.121099128,48.82640246,4,2608170646.0,,2608170646.0,,h,1.0,Bauarbeiten,,,,,,,0.0,0.0
1562696569465503615-2608170603-9,7607,2608170628.0,2608170629.0,3,,S,S6,Weil der Stadt|Malmsheim|Renningen|Rutesheim|Leonberg|Höfingen|Ditzingen|Weilimdorf,8003409,Korntal,Baden-Württemberg,Korntal,70825,9.121099128,48.82640246,4,2608170628.0,,2608170629.0,,h,1.0,Bauarbeiten,,,,,,,0.0,0.0
7483286607335299715-2608170633-9,7609,2608170658.0,2608170659.0,3,,S,S6,Weil der Stadt|Malmsheim|Renningen|Rutesheim|Leonberg|Höfingen|Ditzingen|Weilimdorf,8003409,Korntal,Baden-Württemberg,Korntal,70825,9.121099128,48.82640246,4,2608170658.0,,2608170659.0,,h,1.0,Bauarbeiten,,,,,,,0.0,0.0
133917740309649745-2608170604-13,7005,2608170643.0,2608170644.0,3,,S,S60,Böblingen|Sindelfingen|Maichingen|Maichingen Nord|Magstadt|Renningen Süd|Renningen|Rutesheim|Leonberg|Höfingen|Ditzingen|Weilimdorf,8003409,Korntal,Baden-Württemberg,Korntal,70825,9.121099128,48.82640246,4,2608170644.0,,2608170645.0,,h,1.0,Bauarbeiten,,,,,,,1.0,1.0
7236642510467286355-2608170635-1,1078,,2608170635.0,,,WEG,RB47,,8003409,Korntal,Baden-Württemberg,Korntal,70825,9.121099128,48.82640246,4,,,2608170635.0,,,,,,,,,,,0.0,0.0
6322021483645396893-2608170611-3,7008,2608170616.0,2608170616.0,1,,S,S60,Stuttgart-Zuffenhausen|Neuwirtshaus(Porscheplatz),8003409,Korntal,Baden-Württemberg,Korntal,70825,9.121099128,48.82640246,4,2608170616.0,,2608170616.0,,h,1.0,Bauarbeiten,,,,,,,0.0,0.0
-4178998988966481504-2608170601-7,1073,2608170624.0,,7,,WEG,,Heimerdingen|Hemmingen|Schwieberdingen|Münchingen|Münchingen Rührberg|Korntal Gymnasium,8003409,Korntal,Baden-Württemberg,Korntal,70825,9.121099128,48.82640246,4,2608170624.0,,,,,,,,,,,,,0.0,0.0
-1663230384092736702-2608170555-4,7602,2608170601.0,2608170601.0,1,,S,S6,Stuttgart-Feuerbach|Stuttgart-Zuffenhausen|Neuwirtshaus(Porscheplatz),8003409,Korntal,Baden-Württemberg,Korntal,70825,9.121099128,48.82640246,4,2608170604.0,,2608170604.0,,h,1.0,Bauarbeiten,,,,,,,3.0,3.0
-1878590878288579038-2608170625-4,7604,2608170631.0,2608170631.0,1,,S,S6,Stuttgart-Feuerbach|Stuttgart-Zuffenhausen|Neuwirtshaus(Porscheplatz),8003409,Korntal,Baden-Württemberg,Korntal,70825,9.121099128,48.82640246,4,2608170632.0,,2608170632.0,,h,1.0,Bauarbeiten,,,,,,,1.0,1.0
-5568518907511069919-2608170605-1,1072,,2608170605.0,,,WEG,RB47,,8003409,Korntal,Baden-Württemberg,Korntal,70825,9.121099128,48.82640246,4,,,2608170605.0,,,,,,,,,,,0.0,0.0
560268330116278615-2608170631-7,1079,2608170654.0,,7,,WEG,,Heimerdingen|Hemmingen|Schwieberdingen|Münchingen|Münchingen Rührberg|Korntal Gymnasium,8003409,Korntal,Baden-Württemberg,Korntal,70825,9.121099128,48.82640246,4,2608170750.0,,,,,,,,,Heimerdingen|Hemmingen|Schwieberdingen|Münchingen|Münchingen Rührberg|Korntal Gymnasium,,,,56.0,0.0
-2389969051944980072-2608170627-4,7506,2608170640.0,2608170640.0,4,,S,S5,Stuttgart Hbf|Stuttgart Nordbahnhof|Stuttgart-Zuffenhausen,8003411,Kornwestheim Pbf,Baden-Württemberg,Kornwestheim,70806,9.179967278,48.86215948,3,2608170640.0,,2608170641.0,,,,,,,,,,,0.0,1.0
-7991620981716441940-2608170637-5,7509,2608170649.0,2608170650.0,3,,S,S5,Bietigheim-Bissingen|Tamm(Württ)|Asperg|Ludwigsburg,8003411,Kornwestheim Pbf,Baden-Württemberg,Kornwestheim,70806,9.179967278,48.86215948,3,2608170649.0,,2608170650.0,,,,,,,,,,,0.0,0.0
3616244586256157506-2608170603-10,7407,2608170640.0,2608170640.0,3,,S,S4,Backnang|Burgstall(Murr)|Kirchberg(Murr)|Erdmannhausen|Marbach(Neckar)|Benningen(Neckar)|Freiberg(Neckar)|Favoritepark|Ludwigsburg,8003411,Kornwestheim Pbf,Baden-Württemberg,Kornwestheim,70806,9.179967278,48.86215948,3,2608170642.0,,2608170643.0,,h,1.0,Bauarbeiten,,,,,,,2.0,3.0
-7982574342285083158-2608170557-4,7504,2608170610.0,2608170610.0,4,,S,S5,Stuttgart Hbf|Stuttgart Nordbahnhof|Stuttgart-Zuffenhausen,8003411,Kornwestheim Pbf,Baden-Württemberg,Kornwestheim,70806,9.179967278,48.86215948,3,2608170610.0,,2608170610.0,,,,,,,,,,,0.0,0.0
7527439288478747532-2608170607-4,7402,2608170620.0,2608170620.0,4,,S,S4,Stuttgart Hbf|Stuttgart Nordbahnhof|Stuttgart-Zuffenhausen,8003411,Kornwestheim Pbf,Baden-Württemberg,Kornwestheim,70806,9.179967278,48.86215948,3,2608170626.0,,2608170627.0,,,,,,,,,,,6.0,7.0
-8255187816541177533-2608170637-4,7404,2608170650.0,2608170650.0,4,,S,S4,Stuttgart Hbf|Stuttgart Nordbahnhof|Stuttgart-Zuffenhausen,8003411,Kornwestheim Pbf,Baden-Württemberg,Kornwestheim,70806,9.179967278,48.86215948,3,2608170650.0,,2608170651.0,,,,,,,,,,,0.0,1.0
2357672878991631045-2608170616-3,19304,2608170642.0,2608170647.0,5,,RE,MEX18,Plochingen|Esslingen(Neckar),8003411,Kornwestheim Pbf,Baden-Württemberg,Kornwestheim,70806,9.179967278,48.86215948,3,2608170642.0,,2608170647.0,,h,2.0,Information,,,,,,,0.0,0.0
-5152190475701295737-2608170533-10,7405,2608170610.0,2608170610.0,3,,S,S4,Backnang|Burgstall(Murr)|Kirchberg(Murr)|Erdmannhausen|Marbach(Neckar)|Benningen(Neckar)|Freiberg(Neckar)|Favoritepark|Ludwigsburg,8003411,Kornwestheim Pbf,Baden-Württemberg,Kornwestheim,70806,9.179967278,48.86215948,3,2608170612.0,,2608170613.0,,h,1.0,Bauarbeiten,,,,,,,2.0,3.0
1673760967772015930-2608170607-5,7507,2608170619.0,2608170620.0,3,,S,S5,Bietigheim-Bissingen|Tamm(Württ)|Asperg|Ludwigsburg,8003411,Kornwestheim Pbf,Baden-Württemberg,Kornwestheim,70806,9.179967278,48.86215948,3,2608170619.0,,2608170620.0,,,,,,,,,,,0.0,0.0
6700417600117952122-2608170633-4,7906,2608170642.0,2608170643.0,2,,S,S2,Filderstadt|Stuttgart Flughafen/Messe|Echterdingen,8003622,Leinfelden,Baden-Württemberg,Leinfelden-Echterdingen,70771,9.142859698,48.6964193,4,2608170642.0,,2608170643.0,,,,,,,,,,,0.0,0.0
-3236295447716473636-2608170635-4,7907,2608170646.0,2608170647.0,1,,S,S2,Stuttgart-Vaihingen|Stuttgart-Rohr|Oberaichen,8003622,Leinfelden,Baden-Württemberg,Leinfelden-Echterdingen,70771,9.142859698,48.6964193,4,2608170646.0,,2608170647.0,,,,,,,,,,,0.0,0.0
6419718419888715206-2608170603-4,7904,2608170612.0,2608170613.0,2,,S,S2,Filderstadt|Stuttgart Flughafen/Messe|Echterdingen,8003622,Leinfelden,Baden-Württemberg,Leinfelden-Echterdingen,70771,9.142859698,48.6964193,4,2608170612.0,,2608170613.0,,,,,,,,,,,0.0,0.0
4676022960576610965-2608170605-4,7905,2608170616.0,2608170617.0,1,,S,S2,Stuttgart-Vaihingen|Stuttgart-Rohr|Oberaichen,8003622,Leinfelden,Baden-Württemberg,Leinfelden-Echterdingen,70771,9.142859698,48.6964193,4,2608170616.0,,2608170617.0,,,,,,,,,,,0.0,0.0
3363962381041340479-2608170534-9,7003,2608170602.0,2608170602.0,1,,S,S60,Böblingen|Sindelfingen|Maichingen|Maichingen Nord|Magstadt|Renningen Süd|Renningen|Rutesheim,8003652,Leonberg,Baden-Württemberg,Leonberg,71229,9.004025993,48.79970547,3,2608170602.0,,2608170602.0,,h,1.0,Bauarbeiten,,,,,,,0.0,0.0
-2314480797793343036-2608170641-7,7010,2608170658.0,2608170658.0,2,,S,S60,Stuttgart-Zuffenhausen|Neuwirtshaus(Porscheplatz)|Korntal|Weilimdorf|Ditzingen|Höfingen,8003652,Leonberg,Baden-Württemberg,Leonberg,71229,9.004025993,48.79970547,3,2608170658.0,,2608170658.0,,h,1.0,Bauarbeiten,,,,,,,0.0,0.0
1562696569465503615-2608170603-5,7607,2608170617.0,2608170617.0,1,,S,S6,Weil der Stadt|Malmsheim|Renningen|Rutesheim,8003652,Leonberg,Baden-Württemberg,Leonberg,71229,9.004025993,48.79970547,3,2608170617.0,,2608170617.0,,h,1.0,Bauarbeiten,,,,,,,0.0,0.0
7483286607335299715-2608170633-5,7609,2608170647.0,2608170647.0,1,,S,S6,Weil der Stadt|Malmsheim|Renningen|Rutesheim,8003652,Leonberg,Baden-Württemberg,Leonberg,71229,9.004025993,48.79970547,3,2608170647.0,,2608170647.0,,h,1.0,Bauarbeiten,,,,,,,0.0,0.0
133917740309649745-2608170604-9,7005,2608170632.0,2608170632.0,1,,S,S60,Böblingen|Sindelfingen|Maichingen|Maichingen Nord|Magstadt|Renningen Süd|Renningen|Rutesheim,8003652,Leonberg,Baden-Württemberg,Leonberg,71229,9.004025993,48.79970547,3,2608170632.0,,2608170633.0,,h,1.0,Bauarbeiten,,,,,,,0.0,1.0
6322021483645396893-2608170611-7,7008,2608170628.0,2608170628.0,2,,S,S60,Stuttgart-Zuffenhausen|Neuwirtshaus(Porscheplatz)|Korntal|Weilimdorf|Ditzingen|Höfingen,8003652,Leonberg,Baden-Württemberg,Leonberg,71229,9.004025993,48.79970547,3,2608170628.0,,2608170628.0,,h,1.0,Bauarbeiten,,,,,,,0.0,0.0
-1663230384092736702-2608170555-8,7602,2608170613.0,2608170613.0,2,,S,S6,Stuttgart-Feuerbach|Stuttgart-Zuffenhausen|Neuwirtshaus(Porscheplatz)|Korntal|Weilimdorf|Ditzingen|Höfingen,8003652,Leonberg,Baden-Württemberg,Leonberg,71229,9.004025993,48.79970547,3,2608170615.0,,2608170615.0,,h,1.0,Bauarbeiten,,,,,,,2.0,2.0
-1878590878288579038-2608170625-8,7604,2608170643.0,2608170643.0,2,,S,S6,Stuttgart-Feuerbach|Stuttgart-Zuffenhausen|Neuwirtshaus(Porscheplatz)|Korntal|Weilimdorf|Ditzingen|Höfingen,8003652,Leonberg,Baden-Württemberg,Leonberg,71229,9.004025993,48.79970547,3,2608170643.0,,2608170643.0,,h,1.0,Bauarbeiten,,,,,,,0.0,0.0
-2389969051944980072-2608170627-5,7506,2608170643.0,2608170644.0,2,,S,S5,Stuttgart Hbf|Stuttgart Nordbahnhof|Stuttgart-Zuffenhausen|Kornwestheim Pbf,8000235,Ludwigsburg,Baden-Württemberg,Ludwigsburg,71638,9.185229823,48.89208622,3,2608170644.0,,2608170644.0,,,,,,,,,,,1.0,0.0
-7991620981716441940-2608170637-4,7509,2608170646.0,2608170646.0,3,,S,S5,Bietigheim-Bissingen|Tamm(Württ)|Asperg,8000235,Ludwigsburg,Baden-Württemberg,Ludwigsburg,71638,9.185229823,48.89208622,3,2608170646.0,,2608170647.0,,,,,,,,,,,0.0,1.0
3616244586256157506-2608170603-9,7407,2608170636.0,2608170637.0,3,,S,S4,Backnang|Burgstall(Murr)|Kirchberg(Murr)|Erdmannhausen|Marbach(Neckar)|Benningen(Neckar)|Freiberg(Neckar)|Favoritepark,8000235,Ludwigsburg,Baden-Württemberg,Ludwigsburg,71638,9.185229823,48.89208622,3,2608170638.0,,2608170639.0,,h,1.0,Bauarbeiten,,,,,,,2.0,2.0
1860545374330738519-2608170607-1,56712,,2608170607.0,,,RE,MEX18,,8000235,Ludwigsburg,Baden-Württemberg,Ludwigsburg,71638,9.185229823,48.89208622,3,,,2608170608.0,3.0,,,,,,,,,,0.0,1.0
-7982574342285083158-2608170557-5,7504,2608170613.0,2608170614.0,2,,S,S5,Stuttgart Hbf|Stuttgart Nordbahnhof|Stuttgart-Zuffenhausen|Kornwestheim Pbf,8000235,Ludwigsburg,Baden-Württemberg,Ludwigsburg,71638,9.185229823,48.89208622,3,2608170613.0,,2608170614.0,,,,,,,,,,,0.0,0.0
7527439288478747532-2608170607-5,7402,2608170623.0,2608170624.0,2,,S,S4,Stuttgart Hbf|Stuttgart Nordbahnhof|Stuttgart-Zuffenhausen|Kornwestheim Pbf,8000235,Ludwigsburg,Baden-Württemberg,Ludwigsburg,71638,9.185229823,48.89208622,3,2608170631.0,3.0,2608170631.0,3.0,,,,,,,,,,8.0,7.0
-6693394302779421754-2608170631-1,56715,,2608170631.0,,,RE,MEX18,,8000235,Ludwigsburg,Baden-Württemberg,Ludwigsburg,71638,9.185229823,48.89208622,3,,,2608170633.0,2.0,,,,,,,,,,0.0,2.0
-8255187816541177533-2608170637-5,7404,2608170653.0,2608170654.0,2,,S,S4,Stuttgart Hbf|Stuttgart Nordbahnhof|Stuttgart-Zuffenhausen|Kornwestheim Pbf,8000235,Ludwigsburg,Baden-Württemberg,Ludwigsburg,71638,9.185229823,48.89208622,3,2608170653.0,,2608170654.0,,,,,,,,,,,0.0,0.0
2357672878991631045-2608170616-4,19304,2608170650.0,2608170653.0,1,,RE,MEX18,Plochingen|Esslingen(Neckar)|Kornwestheim Pbf,8000235,Ludwigsburg,Baden-Württemberg,Ludwigsburg,71638,9.185229823,48.89208622,3,2608170650.0,,2608170653.0,,h,2.0,Information,,,,,,,0.0,0.0
-5152190475701295737-2608170533-9,7405,2608170606.0,2608170607.0,3,,S,S4,Backnang|Burgstall(Murr)|Kirchberg(Murr)|Erdmannhausen|Marbach(Neckar)|Benningen(Neckar)|Freiberg(Neckar)|Favoritepark,8000235,Ludwigsburg,Baden-Württemberg,Ludwigsburg,71638,9.185229823,48.89208622,3,2608170606.0,2.0,2608170610.0,2.0,h,1.0,Bauarbeiten,,,,,,,0.0,3.0
-8069886172973832084-2608170516-11,19208,2608170622.0,,1,,RE,,Reutlingen Hbf|Metzingen(Württ)|Bempflingen|Nürtingen|Oberboihingen|Wendlingen(Neckar)|Plochingen|Esslingen(Neckar)|Stuttgart-Bad Cannstatt|Stuttgart Hbf,8000235,Ludwigsburg,Baden-Württemberg,Ludwigsburg,71638,9.185229823,48.89208622,3,2608170625.0,2.0,,,h,2.0,Bauarbeiten,,,,,,,3.0,0.0
1673760967772015930-2608170607-4,7507,2608170616.0,2608170616.0,3,,S,S5,Bietigheim-Bissingen|Tamm(Württ)|Asperg,8000235,Ludwigsburg,Baden-Württemberg,Ludwigsburg,71638,9.185229823,48.89208622,3,2608170616.0,,2608170616.0,,,,,,,,,,,0.0,0.0
1562696569465503615-2608170603-2,7607,2608170605.0,2608170605.0,2,,S,S6,Weil der Stadt,8003831,Malmsheim,Baden-Württemberg,Renningen,71272,8.905105557,48.77183564,5,2608170605.0,,2608170606.0,,h,1.0,Bauarbeiten,,,,,,,0.0,1.0
7483286607335299715-2608170633-2,7609,2608170635.0,2608170635.0,2,,S,S6,Weil der Stadt,8003831,Malmsheim,Baden-Württemberg,Renningen,71272,8.905105557,48.77183564,5,2608170636.0,,2608170636.0,,h,1.0,Bauarbeiten,,,,,,,1.0,1.0
-1663230384092736702-2608170555-11,7602,2608170624.0,2608170624.0,1,,S,S6,Stuttgart-Feuerbach|Stuttgart-Zuffenhausen|Neuwirtshaus(Porscheplatz)|Korntal|Weilimdorf|Ditzingen|Höfingen|Leonberg|Rutesheim|Renningen,8003831,Malmsheim,Baden-Württemberg,Renningen,71272,8.905105557,48.77183564,5,2608170624.0,,2608170625.0,,h,1.0,Bauarbeiten,,,,,,,0.0,1.0
-1878590878288579038-2608170625-11,7604,2608170654.0,2608170654.0,1,,S,S6,Stuttgart-Feuerbach|Stuttgart-Zuffenhausen|Neuwirtshaus(Porscheplatz)|Korntal|Weilimdorf|Ditzingen|Höfingen|Leonberg|Rutesheim|Renningen,8003831,Malmsheim,Baden-Württemberg,Renningen,71272,8.905105557,48.77183564,5,2608170654.0,,2608170655.0,,h,1.0,Bauarbeiten,,,,,,,0.0,1.0
3616244586256157506-2608170603-5,7407,2608170621.0,2608170625.0,2,,S,S4,Backnang|Burgstall(Murr)|Kirchberg(Murr)|Erdmannhausen,8003853,Marbach (Neckar),Baden-Württemberg,Marbach am Neckar,71672,9.264611825,48.9437708,3,2608170622.0,1.0,2608170627.0,1.0,h,1.0,Bauarbeiten,,,,,,,1.0,2.0
7527439288478747532-2608170607-9,7402,2608170635.0,2608170638.0,1,,S,S4,Stuttgart Hbf|Stuttgart Nordbahnhof|Stuttgart-Zuffenhausen|Kornwestheim Pbf|Ludwigsburg|Favoritepark|Freiberg(Neckar)|Benningen(Neckar),8003853,Marbach (Neckar),Baden-Württemberg,Marbach am Neckar,71672,9.264611825,48.9437708,3,2608170642.0,,2608170643.0,,,,,,,,,,,7.0,5.0
877764178362168784-2608170537-9,7400,2608170605.0,2608170608.0,1,,S,S4,Stuttgart Hbf|Stuttgart Nordbahnhof|Stuttgart-Zuffenhausen|Kornwestheim Pbf|Ludwigsburg|Favoritepark|Freiberg(Neckar)|Benningen(Neckar),8003853,Marbach (Neckar),Baden-Württemberg,Marbach am Neckar,71672,9.264611825,48.9437708,3,2608170605.0,,2608170608.0,,,,,,,,,,,0.0,0.0
-7338711269232336111-2608170633-5,7409,2608170651.0,2608170655.0,,,S,S4,Backnang|Burgstall(Murr)|Kirchberg(Murr)|Erdmannhausen,8003853,Marbach (Neckar),Baden-Württemberg,Marbach am Neckar,71672,9.264611825,48.9437708,3,2608170653.0,1.0,2608170658.0,1.0,h,1.0,Bauarbeiten,,,,,,,2.0,3.0
7952941757833702919-2608170612-11,7304,2608170644.0,2608170645.0,2,,S,S3,Stuttgart Hbf|Stuttgart-Bad Cannstatt|Stuttgart Nürnberger Str.|Stuttgart-Sommerrain|Fellbach|Waiblingen|Neustadt-Hohenacker|Schwaikheim|Winnenden|Nellmersbach,8003913,Maubach,Baden-Württemberg,Backnang,71522,9.419487062,48.92623463,4,2608170644.0,,2608170645.0,,,,,,,,,,,0.0,0.0
8928020016835199525-2608170611-2,7307,2608170613.0,2608170614.0,1,,S,S3,Backnang,8003913,Maubach,Baden-Württemberg,Backnang,71522,9.419487062,48.92623463,4,2608170614.0,,2608170615.0,,,,,,,,,,,1.0,1.0
5784758985011942046-2608170641-2,7309,2608170643.0,2608170644.0,1,,S,S3,Backnang,8003913,Maubach,Baden-Württemberg,Backnang,71522,9.419487062,48.92623463,4,2608170644.0,,2608170645.0,,,,,,,,,,,1.0,1.0
-2119284905102487164-2608170542-11,7302,2608170614.0,2608170615.0,2,,S,S3,Stuttgart Hbf|Stuttgart-Bad Cannstatt|Stuttgart Nürnberger Str.|Stuttgart-Sommerrain|Fellbach|Waiblingen|Neustadt-Hohenacker|Schwaikheim|Winnenden|Nellmersbach,8003913,Maubach,Baden-Württemberg,Backnang,71522,9.419487062,48.92623463,4,2608170614.0,,2608170615.0,,,,,,,,,,,0.0,0.0
7952941757833702919-2608170612-10,7304,2608170641.0,2608170642.0,2,,S,S3,Stuttgart Hbf|Stuttgart-Bad Cannstatt|Stuttgart Nürnberger Str.|Stuttgart-Sommerrain|Fellbach|Waiblingen|Neustadt-Hohenacker|Schwaikheim|Winnenden,8004233,Nellmersbach,Baden-Württemberg,Leutenbach,71397,9.415421538,48.90336425,5,2608170642.0,,2608170642.0,,,,,,,,,,,1.0,0.0
8928020016835199525-2608170611-3,7307,2608170616.0,2608170616.0,1,,S,S3,Backnang|Maubach,8004233,Nellmersbach,Baden-Württemberg,Leutenbach,71397,9.415421538,48.90336425,5,2608170617.0,,2608170618.0,,,,,,,,,,,1.0,2.0
5784758985011942046-2608170641-3,7309,2608170646.0,2608170646.0,1,,S,S3,Backnang|Maubach,8004233,Nellmersbach,Baden-Württemberg,Leutenbach,71397,9.415421538,48.90336425,5,2608170646.0,,2608170647.0,,,,,,,,,,,0.0,1.0
-2119284905102487164-2608170542-10,7302,2608170611.0,2608170612.0,2,,S,S3,Stuttgart Hbf|Stuttgart-Bad Cannstatt|Stuttgart Nürnberger Str.|Stuttgart-Sommerrain|Fellbach|Waiblingen|Neustadt-Hohenacker|Schwaikheim|Winnenden,8004233,Nellmersbach,Baden-Württemberg,Leutenbach,71397,9.415421538,48.90336425,5,2608170611.0,,2608170612.0,,,,,,,,,,,0.0,0.0
7952941757833702919-2608170612-7,7304,2608170633.0,2608170633.0,1,,S,S3,Stuttgart Hbf|Stuttgart-Bad Cannstatt|Stuttgart Nürnberger Str.|Stuttgart-Sommerrain|Fellbach|Waiblingen,8004333,Neustadt-Hohenacker,Baden-Württemberg,Waiblingen,71336,9.32455106,48.85921668,5,2608170633.0,,2608170634.0,,,,,,,,,,,0.0,1.0
8928020016835199525-2608170611-6,7307,2608170625.0,2608170625.0,2,,S,S3,Backnang|Maubach|Nellmersbach|Winnenden|Schwaikheim,8004333,Neustadt-Hohenacker,Baden-Württemberg,Waiblingen,71336,9.32455106,48.85921668,5,2608170626.0,,2608170626.0,,,,,,,,,,,1.0,1.0
5784758985011942046-2608170641-6,7309,2608170655.0,2608170655.0,2,,S,S3,Backnang|Maubach|Nellmersbach|Winnenden|Schwaikheim,8004333,Neustadt-Hohenacker,Baden-Württemberg,Waiblingen,71336,9.32455106,48.85921668,5,2608170655.0,,2608170655.0,,,,,,,,,,,0.0,0.0
-2119284905102487164-2608170542-7,7302,2608170603.0,2608170603.0,1,,S,S3,Stuttgart Hbf|Stuttgart-Bad Cannstatt|Stuttgart Nürnberger Str.|Stuttgart-Sommerrain|Fellbach|Waiblingen,8004333,Neustadt-Hohenacker,Baden-Württemberg,Waiblingen,71336,9.32455106,48.85921668,5,2608170603.0,,2608170604.0,,,,,,,,,,,0.0,1.0
3363962381041340479-2608170534-14,7003,2608170616.0,2608170616.0,2,,S,S60,Böblingen|Sindelfingen|Maichingen|Maichingen Nord|Magstadt|Renningen Süd|Renningen|Rutesheim|Leonberg|Höfingen|Ditzingen|Weilimdorf|Korntal,8004338,Neuwirtshaus (Porscheplatz),Baden-Württemberg,Stuttgart,70435,9.151955614,48.83384734,4,2608170616.0,,2608170617.0,,h,1.0,Bauarbeiten,,,,,,,0.0,1.0
-2314480797793343036-2608170641-2,7010,2608170643.0,2608170643.0,1,,S,S60,Stuttgart-Zuffenhausen,8004338,Neuwirtshaus (Porscheplatz),Baden-Württemberg,Stuttgart,70435,9.151955614,48.83384734,4,2608170643.0,,2608170643.0,,h,1.0,Bauarbeiten,,,,,,,0.0,0.0
1562696569465503615-2608170603-10,7607,2608170631.0,2608170631.0,2,,S,S6,Weil der Stadt|Malmsheim|Renningen|Rutesheim|Leonberg|Höfingen|Ditzingen|Weilimdorf|Korntal,8004338,Neuwirtshaus (Porscheplatz),Baden-Württemberg,Stuttgart,70435,9.151955614,48.83384734,4,2608170631.0,,2608170632.0,,h,1.0,Bauarbeiten,,,,,,,0.0,1.0
133917740309649745-2608170604-14,7005,2608170646.0,2608170646.0,2,,S,S60,Böblingen|Sindelfingen|Maichingen|Maichingen Nord|Magstadt|Renningen Süd|Renningen|Rutesheim|Leonberg|Höfingen|Ditzingen|Weilimdorf|Korntal,8004338,Neuwirtshaus (Porscheplatz),Baden-Württemberg,Stuttgart,70435,9.151955614,48.83384734,4,2608170647.0,,2608170647.0,,h,1.0,Bauarbeiten,,,,,,,1.0,1.0
6322021483645396893-2608170611-2,7008,2608170613.0,2608170613.0,1,,S,S60,Stuttgart-Zuffenhausen,8004338,Neuwirtshaus (Porscheplatz),Baden-Württemberg,Stuttgart,70435,9.151955614,48.83384734,4,2608170613.0,,2608170613.0,,h,1.0,Bauarbeiten,,,,,,,0.0,0.0
5872067968392634034-2608170655-3,7606,2608170658.0,2608170659.0,1,,S,S6,Stuttgart-Feuerbach|Stuttgart-Zuffenhausen,8004338,Neuwirtshaus (Porscheplatz),Baden-Württemberg,Stuttgart,70435,9.151955614,48.83384734,4,2608170700.0,,2608170700.0,,h,1.0,Bauarbeiten,,,,,,,2.0,1.0
-6199987628200262080-2608170533-10,7605,2608170601.0,2608170601.0,2,,S,S6,Weil der Stadt|Malmsheim|Renningen|Rutesheim|Leonberg|Höfingen|Ditzingen|Weilimdorf|Korntal,8004338,Neuwirtshaus (Porscheplatz),Baden-Württemberg,Stuttgart,70435,9.151955614,48.83384734,4,2608170601.0,,2608170602.0,,h,1.0,Bauarbeiten,,,,,,,0.0,1.0
-1878590878288579038-2608170625-3,7604,2608170628.0,2608170629.0,1,,S,S6,Stuttgart-Feuerbach|Stuttgart-Zuffenhausen,8004338,Neuwirtshaus (Porscheplatz),Baden-Württemberg,Stuttgart,70435,9.151955614,48.83384734,4,2608170630.0,,2608170630.0,,h,1.0,Bauarbeiten,,,,,,,2.0,1.0
2671206728817285836-2608170546-8,7703,2608170611.0,2608170611.0,1,,S,S1,Stuttgart-Vaihingen|Stuttgart-Rohr|Goldberg(Württ)|Böblingen|Hulb|Ehningen(b Böblingen)|Gärtringen,8004490,Nufringen,Baden-Württemberg,Nufringen,71154,8.889817485,48.62010967,5,2608170611.0,,2608170611.0,,,,,,,,,,,0.0,0.0
-2823205682233144346-2608170646-2,7710,2608170649.0,2608170649.0,2,,S,S1,Herrenberg,8004490,Nufringen,Baden-Württemberg,Nufringen,71154,8.889817485,48.62010967,5,2608170649.0,,2608170649.0,,,,,,,,,,,0.0,0.0
-6533465171789901239-2608170616-8,7705,2608170641.0,2608170641.0,1,,S,S1,Stuttgart-Vaihingen|Stuttgart-Rohr|Goldberg(Württ)|Böblingen|Hulb|Ehningen(b Böblingen)|Gärtringen,8004490,Nufringen,Baden-Württemberg,Nufringen,71154,8.889817485,48.62010967,5,2608170642.0,,2608170642.0,,,,,,,,,,,1.0,1.0
7813982294123805143-2608170616-2,7708,2608170619.0,2608170619.0,2,,S,S1,Herrenberg,8004490,Nufringen,Baden-Württemberg,Nufringen,71154,8.889817485,48.62010967,5,2608170619.0,,2608170620.0,,,,,,,,,,,0.0,1.0
6700417600117952122-2608170633-5,7906,2608170645.0,2608170645.0,2,,S,S2,Filderstadt|Stuttgart Flughafen/Messe|Echterdingen|Leinfelden,8004496,Oberaichen,Baden-Württemberg,Leinfelden-Echterdingen,70771,9.12743664,48.70512422,5,2608170645.0,,2608170646.0,,,,,,,,,,,0.0,1.0
-3236295447716473636-2608170635-3,7907,2608170644.0,2608170644.0,1,,S,S2,Stuttgart-Vaihingen|Stuttgart-Rohr,8004496,Oberaichen,Baden-Württemberg,Leinfelden-Echterdingen,70771,9.12743664,48.70512422,5,2608170644.0,,2608170645.0,,,,,,,,,,,0.0,1.0
6419718419888715206-2608170603-5,7904,2608170615.0,2608170615.0,2,,S,S2,Filderstadt|Stuttgart Flughafen/Messe|Echterdingen|Leinfelden,8004496,Oberaichen,Baden-Württemberg,Leinfelden-Echterdingen,70771,9.12743664,48.70512422,5,2608170615.0,,2608170616.0,,,,,,,,,,,0.0,1.0
4676022960576610965-2608170605-3,7905,2608170614.0,2608170614.0,1,,S,S2,Stuttgart-Vaihingen|Stuttgart-Rohr,8004496,Oberaichen,Baden-Württemberg,Leinfelden-Echterdingen,70771,9.12743664,48.70512422,5,2608170614.0,,2608170615.0,,,,,,,,,,,0.0,1.0
9133098357832980471-2608170620-8,7109,2608170644.0,2608170645.0,3,,S,S1,Kirchheim(Teck)|Kirchheim(Teck)-Ötlingen|Wendlingen(Neckar)|Wernau(Neckar)|Plochingen|Altbach|Esslingen-Zell,8004528,Oberesslingen,Baden-Württemberg,Esslingen am Neckar,73730,9.327277435,48.72983585,3,2608170644.0,,2608170645.0,,,,,,,,,,,0.0,0.0
-5963168999968799515-2608170625-8,7106,2608170645.0,2608170645.0,4,,S,S1,Stuttgart Hbf|Stuttgart-Bad Cannstatt|Stuttgart Neckarpark|Stuttgart-Untertürkheim|Stuttgart-Obertürkheim|Esslingen-Mettingen|Esslingen(Neckar),8004528,Oberesslingen,Baden-Württemberg,Esslingen am Neckar,73730,9.327277435,48.72983585,3,2608170645.0,,2608170646.0,,,,,,,,,,,0.0,1.0
3121292710624229087-2608170550-8,7107,2608170614.0,2608170615.0,3,,S,S1,Kirchheim(Teck)|Kirchheim(Teck)-Ötlingen|Wendlingen(Neckar)|Wernau(Neckar)|Plochingen|Altbach|Esslingen-Zell,8004528,Oberesslingen,Baden-Württemberg,Esslingen am Neckar,73730,9.327277435,48.72983585,3,2608170619.0,,2608170620.0,,,,,,,,,,,5.0,5.0
7442213844394111459-2608170555-8,7104,2608170615.0,2608170615.0,4,,S,S1,Stuttgart Hbf|Stuttgart-Bad Cannstatt|Stuttgart Neckarpark|Stuttgart-Untertürkheim|Stuttgart-Obertürkheim|Esslingen-Mettingen|Esslingen(Neckar),8004528,Oberesslingen,Baden-Württemberg,Esslingen am Neckar,73730,9.327277435,48.72983585,3,2608170615.0,,2608170615.0,,,,,,,,,,,0.0,0.0
9133098357832980471-2608170620-5,7109,2608170635.0,2608170637.0,9,,S,S1,Kirchheim(Teck)|Kirchheim(Teck)-Ötlingen|Wendlingen(Neckar)|Wernau(Neckar),8000302,Plochingen,Baden-Württemberg,Plochingen,73207,9.411294578,48.71293906,2,2608170638.0,,2608170638.0,,,,,,,,,,,3.0,1.0
-5963168999968799515-2608170625-11,7106,2608170653.0,2608170655.0,9,,S,S1,Stuttgart Hbf|Stuttgart-Bad Cannstatt|Stuttgart Neckarpark|Stuttgart-Untertürkheim|Stuttgart-Obertürkheim|Esslingen-Mettingen|Esslingen(Neckar)|Oberesslingen|Esslingen-Zell|Altbach,8000302,Plochingen,Baden-Württemberg,Plochingen,73207,9.411294578,48.71293906,2,2608170654.0,,2608170655.0,,,,,,,,,,,1.0,0.0
3121292710624229087-2608170550-5,7107,2608170605.0,2608170607.0,9,,S,S1,Kirchheim(Teck)|Kirchheim(Teck)-Ötlingen|Wendlingen(Neckar)|Wernau(Neckar),8000302,Plochingen,Baden-Württemberg,Plochingen,73207,9.411294578,48.71293906,2,2608170612.0,,2608170613.0,,,,,,,,,,,7.0,6.0
1860545374330738519-2608170607-5,56712,2608170641.0,,9,,RE,,Ludwigsburg|Stuttgart Hbf|Stuttgart-Bad Cannstatt|Esslingen(Neckar),8000302,Plochingen,Baden-Württemberg,Plochingen,73207,9.411294578,48.71293906,2,2608170644.0,7.0,,,c,,,,,,,,,3.0,0.0
-4670336625976822716-2608170639-3,4205,2608170655.0,2608170656.0,4,,RE,RE5,Stuttgart Hbf|Esslingen(Neckar),8000302,Plochingen,Baden-Württemberg,Plochingen,73207,9.411294578,48.71293906,2,2608170656.0,,2608170657.0,,h,2.0,Störung,,,,,,,1.0,1.0
-5321719494305805046-2608170503-11,4200,2608170601.0,2608170605.0,1,,RE,RE5,Ulm Hbf|Beimerstetten|Westerstetten|Lonsee|Urspring|Amstetten(Württ)|Geislingen(Steige)|Süßen|Göppingen|Ebersbach(Fils),8000302,Plochingen,Baden-Württemberg,Plochingen,73207,9.411294578,48.71293906,2,2608170657.0,,2608170658.0,,h,1.0,Information,,,Ulm Hbf|Beimerstetten|Westerstetten|Lonsee|Urspring|Amstetten(Württ)|Geislingen(Steige)|Süßen|Göppingen|Ebersbach(Fils),Esslingen(Neckar)|Stuttgart-Bad Cannstatt|Stuttgart Hbf,,,56.0,53.0
7541002194531759853-2608170546-19,19116,2608170656.0,2608170659.0,1,,ARV,16,Ulm Hbf|Beimerstetten|Westerstetten|Lonsee|Urspring|Amstetten(Württ)|Geislingen(Steige)|Geislingen(Steige)West|Kuchen|Gingen(Fils)|Süßen|Salach|Eislingen(Fils)|Göppingen|Faurndau|Uhingen|Ebersbach(Fils)|Reichenbach(Fils),8000302,Plochingen,Baden-Württemberg,Plochingen,73207,9.411294578,48.71293906,2,2608170657.0,3.0,2608170700.0,3.0,,,,,,,,,,1.0,1.0
-9220717259364111466-2608170548-13,19114,2608170628.0,2608170634.0,1,,ARV,16,Geislingen(Steige)|Geislingen(Steige)West|Kuchen|Gingen(Fils)|Süßen|Salach|Eislingen(Fils)|Göppingen|Faurndau|Uhingen|Ebersbach(Fils)|Reichenbach(Fils),8000302,Plochingen,Baden-Württemberg,Plochingen,73207,9.411294578,48.71293906,2,2608170700.0,,2608170700.0,,c,,,,,,,,,32.0,26.0
2163748464943291214-2608170544-4,19261,2608170604.0,2608170605.0,7,,RE,MEX12,Stuttgart Hbf|Stuttgart-Bad Cannstatt|Esslingen(Neckar),8000302,Plochingen,Baden-Württemberg,Plochingen,73207,9.411294578,48.71293906,2,2608170606.0,6.0,2608170606.0,6.0,h,2.0,Bauarbeiten,,,,,,,2.0,1.0
2357672878991631045-2608170616-1,19304,,2608170616.0,,,RE,MEX18,,8000302,Plochingen,Baden-Württemberg,Plochingen,73207,9.411294578,48.71293906,2,,,2608170618.0,7.0,h,2.0,Information,,,,,,,0.0,2.0
7502879632717750314-2608170614-7,19216,2608170644.0,2608170646.0,7,,RE,MEX12,Reutlingen Hbf|Metzingen(Württ)|Bempflingen|Nürtingen|Oberboihingen|Wendlingen(Neckar),8000302,Plochingen,Baden-Württemberg,Plochingen,73207,9.411294578,48.71293906,2,2608170645.0,6.0,2608170646.0,6.0,h,2.0,Bauarbeiten,,,,,,,1.0,0.0
-4146833973989691595-2608170602-4,19115,2608170620.0,2608170627.0,3,,ARV,16,Stuttgart Hbf|Stuttgart-Bad Cannstatt|Esslingen(Neckar),8000302,Plochingen,Baden-Württemberg,Plochingen,73207,9.411294578,48.71293906,2,2608170620.0,4.0,2608170627.0,4.0,,,,,,,,,,0.0,0.0
-589874384160695327-2608170630-4,19117,2608170647.0,2608170647.0,4,,ARV,16,Stuttgart Hbf|Stuttgart-Bad Cannstatt|Esslingen(Neckar),8000302,Plochingen,Baden-Württemberg,Plochingen,73207,9.411294578,48.71293906,2,2608170648.0,,2608170649.0,,c,,,,,,,,,1.0,2.0
7442213844394111459-2608170555-11,7104,2608170623.0,2608170625.0,9,,S,S1,Stuttgart Hbf|Stuttgart-Bad Cannstatt|Stuttgart Neckarpark|Stuttgart-Untertürkheim|Stuttgart-Obertürkheim|Esslingen-Mettingen|Esslingen(Neckar)|Oberesslingen|Esslingen-Zell|Altbach,8000302,Plochingen,Baden-Württemberg,Plochingen,73207,9.411294578,48.71293906,2,2608170623.0,,2608170625.0,,,,,,,,,,,0.0,0.0
654435539764386713-2608170536-4,19113,2608170600.0,2608170600.0,6,,ARV,16,Stuttgart Hbf|Stuttgart-Bad Cannstatt|Esslingen(Neckar),8000302,Plochingen,Baden-Württemberg,Plochingen,73207,9.411294578,48.71293906,2,2608170601.0,4.0,2608170602.0,4.0,,,,,,,,,,1.0,2.0
8966049452247091565-2608170541-9,7006,2608170604.0,2608170609.0,3,,S,S60,Stuttgart-Zuffenhausen|Neuwirtshaus(Porscheplatz)|Korntal|Weilimdorf|Ditzingen|Höfingen|Leonberg|Rutesheim,8000313,Renningen,Baden-Württemberg,Renningen,71272,8.932650148,48.77515509,3,2608170605.0,,2608170610.0,,h,1.0,Bauarbeiten,,,,,,,1.0,1.0
1562696569465503615-2608170603-3,7607,2608170607.0,2608170611.0,2,,S,S6,Weil der Stadt|Malmsheim,8000313,Renningen,Baden-Württemberg,Renningen,71272,8.932650148,48.77515509,3,2608170608.0,,2608170611.0,,h,1.0,Bauarbeiten,,,,,,,1.0,0.0
7483286607335299715-2608170633-3,7609,2608170637.0,2608170641.0,2,,S,S6,Weil der Stadt|Malmsheim,8000313,Renningen,Baden-Württemberg,Renningen,71272,8.932650148,48.77515509,3,2608170638.0,,2608170641.0,,h,1.0,Bauarbeiten,,,,,,,1.0,0.0
133917740309649745-2608170604-7,7005,2608170620.0,2608170626.0,2,,S,S60,Böblingen|Sindelfingen|Maichingen|Maichingen Nord|Magstadt|Renningen Süd,8000313,Renningen,Baden-Württemberg,Renningen,71272,8.932650148,48.77515509,3,2608170622.0,,2608170626.0,,h,1.0,Bauarbeiten,,,,,,,2.0,0.0
1602954825218529829-2608170634-7,7007,2608170650.0,2608170656.0,2,,S,S60,Böblingen|Sindelfingen|Maichingen|Maichingen Nord|Magstadt|Renningen Süd,8000313,Renningen,Baden-Württemberg,Renningen,71272,8.932650148,48.77515509,3,2608170651.0,,2608170656.0,,h,1.0,Bauarbeiten,,,,,,,1.0,0.0
6322021483645396893-2608170611-9,7008,2608170634.0,2608170639.0,3,,S,S60,Stuttgart-Zuffenhausen|Neuwirtshaus(Porscheplatz)|Korntal|Weilimdorf|Ditzingen|Höfingen|Leonberg|Rutesheim,8000313,Renningen,Baden-Württemberg,Renningen,71272,8.932650148,48.77515509,3,2608170634.0,,2608170639.0,,h,1.0,Bauarbeiten,,,,,,,0.0,0.0
3908443840939158326-2608170610-6,26127,2608170632.0,,,,SWE,,Calw|Calw-Heumaden|Althengstett|Ostelsheim|Weil der Stadt,8000313,Renningen,Baden-Württemberg,Renningen,71272,8.932650148,48.77515509,3,,4.0,,,,,,,,,,,,0.0,0.0
-4308836671412255717-2608170642-1,26128,,2608170642.0,,,SWE,RB76,,8000313,Renningen,Baden-Württemberg,Renningen,71272,8.932650148,48.77515509,3,,,,4.0,,,,,,,,,,0.0,0.0
-1663230384092736702-2608170555-10,7602,2608170619.0,2608170622.0,3,,S,S6,Stuttgart-Feuerbach|Stuttgart-Zuffenhausen|Neuwirtshaus(Porscheplatz)|Korntal|Weilimdorf|Ditzingen|Höfingen|Leonberg|Rutesheim,8000313,Renningen,Baden-Württemberg,Renningen,71272,8.932650148,48.77515509,3,2608170621.0,,2608170622.0,,h,1.0,Bauarbeiten,,,,,,,2.0,0.0
-1878590878288579038-2608170625-10,7604,2608170649.0,2608170652.0,3,,S,S6,Stuttgart-Feuerbach|Stuttgart-Zuffenhausen|Neuwirtshaus(Porscheplatz)|Korntal|Weilimdorf|Ditzingen|Höfingen|Leonberg|Rutesheim,8000313,Renningen,Baden-Württemberg,Renningen,71272,8.932650148,48.77515509,3,2608170649.0,,2608170652.0,,h,1.0,Bauarbeiten,,,,,,,0.0,0.0
2386613761040749971-2608170603-9,7207,2608170621.0,2608170622.0,2,,S,S2,Schorndorf|Weiler(Rems)|Winterbach(b Schorndorf)|Geradstetten|Grunbach|Beutelsbach|Endersbach|Stetten-Beinstein,8005157,Rommelshausen,Baden-Württemberg,Kernen,71394,9.319175885,48.81552017,4,2608170622.0,,2608170623.0,,h,1.0,Bauarbeiten,,,,,,,1.0,1.0
-3170854094601281231-2608170550-7,7202,2608170607.0,2608170607.0,1,,S,S2,Stuttgart Hbf|Stuttgart-Bad Cannstatt|Stuttgart Nürnberger Str.|Stuttgart-Sommerrain|Fellbach|Waiblingen,8005157,Rommelshausen,Baden-Württemberg,Kernen,71394,9.319175885,48.81552017,4,2608170607.0,,2608170608.0,,h,1.0,Bauarbeiten,,,,,,,0.0,1.0
-7676551856859768075-2608170633-9,7209,2608170651.0,2608170652.0,2,,S,S2,Schorndorf|Weiler(Rems)|Winterbach(b Schorndorf)|Geradstetten|Grunbach|Beutelsbach|Endersbach|Stetten-Beinstein,8005157,Rommelshausen,Baden-Württemberg,Kernen,71394,9.319175885,48.81552017,4,2608170652.0,,2608170653.0,,h,1.0,Bauarbeiten,,,,,,,1.0,1.0
-7596434955654923825-2608170620-7,7204,2608170637.0,2608170637.0,1,,S,S2,Stuttgart Hbf|Stuttgart-Bad Cannstatt|Stuttgart Nürnberger Str.|Stuttgart-Sommerrain|Fellbach|Waiblingen,8005157,Rommelshausen,Baden-Württemberg,Kernen,71394,9.319175885,48.81552017,4,2608170637.0,,2608170637.0,,h,1.0,Bauarbeiten,,,,,,,0.0,0.0
8966049452247091565-2608170541-8,7006,2608170601.0,2608170601.0,2,,S,S60,Stuttgart-Zuffenhausen|Neuwirtshaus(Porscheplatz)|Korntal|Weilimdorf|Ditzingen|Höfingen|Leonberg,8005236,Rutesheim,Baden-Württemberg,Leonberg,71229,8.960325242,48.79031093,5,2608170601.0,,2608170602.0,,h,1.0,Bauarbeiten,,,,,,,0.0,1.0
1562696569465503615-2608170603-4,7607,2608170613.0,2608170614.0,1,,S,S6,Weil der Stadt|Malmsheim|Renningen,8005236,Rutesheim,Baden-Württemberg,Leonberg,71229,8.960325242,48.79031093,5,2608170613.0,,2608170614.0,,h,1.0,Bauarbeiten,,,,,,,0.0,0.0
7483286607335299715-2608170633-4,7609,2608170643.0,2608170644.0,1,,S,S6,Weil der Stadt|Malmsheim|Renningen,8005236,Rutesheim,Baden-Württemberg,Leonberg,71229,8.960325242,48.79031093,5,2608170644.0,,2608170644.0,,h,1.0,Bauarbeiten,,,,,,,1.0,0.0
133917740309649745-2608170604-8,7005,2608170628.0,2608170629.0,1,,S,S60,Böblingen|Sindelfingen|Maichingen|Maichingen Nord|Magstadt|Renningen Süd|Renningen,8005236,Rutesheim,Baden-Württemberg,Leonberg,71229,8.960325242,48.79031093,5,2608170629.0,,2608170629.0,,h,1.0,Bauarbeiten,,,,,,,1.0,0.0
1602954825218529829-2608170634-8,7007,2608170658.0,2608170659.0,1,,S,S60,Böblingen|Sindelfingen|Maichingen|Maichingen Nord|Magstadt|Renningen Süd|Renningen,8005236,Rutesheim,Baden-Württemberg,Leonberg,71229,8.960325242,48.79031093,5,2608170659.0,,2608170700.0,,h,1.0,Bauarbeiten,,,,,,,1.0,1.0
6322021483645396893-2608170611-8,7008,2608170631.0,2608170631.0,2,,S,S60,Stuttgart-Zuffenhausen|Neuwirtshaus(Porscheplatz)|Korntal|Weilimdorf|Ditzingen|Höfingen|Leonberg,8005236,Rutesheim,Baden-Württemberg,Leonberg,71229,8.960325242,48.79031093,5,2608170631.0,,2608170632.0,,h,1.0,Bauarbeiten,,,,,,,0.0,1.0
-1663230384092736702-2608170555-9,7602,2608170616.0,2608170616.0,2,,S,S6,Stuttgart-Feuerbach|Stuttgart-Zuffenhausen|Neuwirtshaus(Porscheplatz)|Korntal|Weilimdorf|Ditzingen|Höfingen|Leonberg,8005236,Rutesheim,Baden-Württemberg,Leonberg,71229,8.960325242,48.79031093,5,2608170618.0,,2608170618.0,,h,1.0,Bauarbeiten,,,,,,,2.0,2.0
-1878590878288579038-2608170625-9,7604,2608170646.0,2608170646.0,2,,S,S6,Stuttgart-Feuerbach|Stuttgart-Zuffenhausen|Neuwirtshaus(Porscheplatz)|Korntal|Weilimdorf|Ditzingen|Höfingen|Leonberg,8005236,Rutesheim,Baden-Württemberg,Leonberg,71229,8.960325242,48.79031093,5,2608170646.0,,2608170646.0,,h,1.0,Bauarbeiten,,,,,,,0.0,0.0
-2740801216527864305-2608170618-4,19455,2608170643.0,2608170644.0,2,,ARV,13,Stuttgart Hbf|Stuttgart-Bad Cannstatt|Waiblingen,8005424,Schorndorf,Baden-Württemberg,Schorndorf,73614,9.525686251,48.80693898,3,2608170713.0,,2608170714.0,,h,2.0,Information,,,Stuttgart Hbf|Stuttgart-Bad Cannstatt|Waiblingen,Urbach(b Schorndorf)|Plüderhausen|Waldhausen(b Schorndorf)|Lorch(Württ)|Schwäbisch Gmünd|Böbingen(Rems)|Mögglingen(Gmünd)|Aalen Hbf|Wasseralfingen|Hofen(b Aalen)|Goldshöfe|Schwabsberg|Schrezheim|Ellwangen|Jagstzell|Crailsheim,,,30.0,30.0
2386613761040749971-2608170603-1,7207,,2608170603.0,,,S,S2,,8005424,Schorndorf,Baden-Württemberg,Schorndorf,73614,9.525686251,48.80693898,3,,,2608170603.0,1.0,h,1.0,Bauarbeiten,,,,,,,0.0,0.0
-7333231527529019300-2608170509-17,19450,2608170643.0,2608170644.0,3,,ARV,13,Crailsheim|Jagstzell|Ellwangen|Schrezheim|Schwabsberg|Goldshöfe|Hofen(b Aalen)|Wasseralfingen|Aalen Hbf|Mögglingen(Gmünd)|Böbingen(Rems)|Schwäbisch Gmünd|Lorch(Württ)|Waldhausen(b Schorndorf)|Plüderhausen|Urbach(b Schorndorf),8005424,Schorndorf,Baden-Württemberg,Schorndorf,73614,9.525686251,48.80693898,3,2608170644.0,,2608170645.0,,h,2.0,Information,,,,,,,1.0,1.0
-3170854094601281231-2608170550-15,7202,2608170625.0,,14,,S,,Stuttgart Hbf|Stuttgart-Bad Cannstatt|Stuttgart Nürnberger Str.|Stuttgart-Sommerrain|Fellbach|Waiblingen|Rommelshausen|Stetten-Beinstein|Endersbach|Beutelsbach|Grunbach|Geradstetten|Winterbach(b Schorndorf)|Weiler(Rems),8005424,Schorndorf,Baden-Württemberg,Schorndorf,73614,9.525686251,48.80693898,3,2608170624.0,1.0,,,h,1.0,Bauarbeiten,,,,,,,-1.0,0.0
4629969654473579482-2608170605-2,2063,2608170627.0,2608170628.0,2,,IC,,Stuttgart Hbf,8005424,Schorndorf,Baden-Württemberg,Schorndorf,73614,9.525686251,48.80693898,3,,,,,,,,,,,,c,c,0.0,0.0
-4957283563684167504-2608170535-9,19408,2608170613.0,2608170614.0,3,,ARV,13,Aalen Hbf|Mögglingen(Gmünd)|Böbingen(Rems)|Schwäbisch Gmünd|Lorch(Württ)|Waldhausen(b Schorndorf)|Plüderhausen|Urbach(b Schorndorf),8005424,Schorndorf,Baden-Württemberg,Schorndorf,73614,9.525686251,48.80693898,3,2608170623.0,,2608170624.0,,h,2.0,Information,,,,,,,10.0,10.0
-7676551856859768075-2608170633-1,7209,,2608170633.0,,,S,S2,,8005424,Schorndorf,Baden-Württemberg,Schorndorf,73614,9.525686251,48.80693898,3,,,2608170634.0,14.0,h,1.0,Bauarbeiten,,,,,,,0.0,1.0
6928060729410045285-2608170600-3,19670,2608170627.0,2608170629.0,3,,ARV,1,Aalen Hbf|Schwäbisch Gmünd,8005424,Schorndorf,Baden-Württemberg,Schorndorf,73614,9.525686251,48.80693898,3,2608170630.0,,2608170631.0,,h,2.0,Information,,,,,,,3.0,2.0
-1230331331805101438-2608170549-4,19453,2608170613.0,2608170614.0,2,,ARV,13,Stuttgart Hbf|Stuttgart-Bad Cannstatt|Waiblingen,8005424,Schorndorf,Baden-Württemberg,Schorndorf,73614,9.525686251,48.80693898,3,2608170613.0,,2608170614.0,,h,2.0,Information,,,,,,,0.0,0.0
-7596434955654923825-2608170620-15,7204,2608170655.0,,1,,S,,Stuttgart Hbf|Stuttgart-Bad Cannstatt|Stuttgart Nürnberger Str.|Stuttgart-Sommerrain|Fellbach|Waiblingen|Rommelshausen|Stetten-Beinstein|Endersbach|Beutelsbach|Grunbach|Geradstetten|Winterbach(b Schorndorf)|Weiler(Rems),8005424,Schorndorf,Baden-Württemberg,Schorndorf,73614,9.525686251,48.80693898,3,2608170654.0,14.0,,,h,1.0,Bauarbeiten,,,,,,,-1.0,0.0
7952941757833702919-2608170612-8,7304,2608170636.0,2608170636.0,2,,S,S3,Stuttgart Hbf|Stuttgart-Bad Cannstatt|Stuttgart Nürnberger Str.|Stuttgart-Sommerrain|Fellbach|Waiblingen|Neustadt-Hohenacker,8005454,Schwaikheim,Baden-Württemberg,Schwaikheim,71409,9.354747358,48.86832665,4,2608170636.0,,2608170636.0,,,,,,,,,,,0.0,0.0
8928020016835199525-2608170611-5,7307,2608170622.0,2608170623.0,1,,S,S3,Backnang|Maubach|Nellmersbach|Winnenden,8005454,Schwaikheim,Baden-Württemberg,Schwaikheim,71409,9.354747358,48.86832665,4,2608170623.0,,2608170624.0,,,,,,,,,,,1.0,1.0
5784758985011942046-2608170641-5,7309,2608170652.0,2608170653.0,1,,S,S3,Backnang|Maubach|Nellmersbach|Winnenden,8005454,Schwaikheim,Baden-Württemberg,Schwaikheim,71409,9.354747358,48.86832665,4,2608170652.0,,2608170653.0,,,,,,,,,,,0.0,0.0
-2119284905102487164-2608170542-8,7302,2608170606.0,2608170606.0,2,,S,S3,Stuttgart Hbf|Stuttgart-Bad Cannstatt|Stuttgart Nürnberger Str.|Stuttgart-Sommerrain|Fellbach|Waiblingen|Neustadt-Hohenacker,8005454,Schwaikheim,Baden-Württemberg,Schwaikheim,71409,9.354747358,48.86832665,4,2608170606.0,,2608170606.0,,,,,,,,,,,0.0,0.0
8966049452247091565-2608170541-14,7006,2608170622.0,2608170623.0,1,,S,S60,Stuttgart-Zuffenhausen|Neuwirtshaus(Porscheplatz)|Korntal|Weilimdorf|Ditzingen|Höfingen|Leonberg|Rutesheim|Renningen|Renningen Süd|Magstadt|Maichingen Nord|Maichingen,8005574,Sindelfingen,Baden-Württemberg,Sindelfingen,71063,8.999262079,48.70387346,6,2608170623.0,,2608170624.0,,h,1.0,Bauarbeiten,,,,,,,1.0,1.0
133917740309649745-2608170604-2,7005,2608170606.0,2608170607.0,1,,S,S60,Böblingen,8005574,Sindelfingen,Baden-Württemberg,Sindelfingen,71063,8.999262079,48.70387346,6,2608170607.0,,2608170607.0,,h,1.0,Bauarbeiten,,,,,,,1.0,0.0
1602954825218529829-2608170634-2,7007,2608170636.0,2608170637.0,1,,S,S60,Böblingen,8005574,Sindelfingen,Baden-Württemberg,Sindelfingen,71063,8.999262079,48.70387346,6,2608170637.0,,2608170637.0,,h,1.0,Bauarbeiten,,,,,,,1.0,0.0
6322021483645396893-2608170611-14,7008,2608170652.0,2608170653.0,1,,S,S60,Stuttgart-Zuffenhausen|Neuwirtshaus(Porscheplatz)|Korntal|Weilimdorf|Ditzingen|Höfingen|Leonberg|Rutesheim|Renningen|Renningen Süd|Magstadt|Maichingen Nord|Maichingen,8005574,Sindelfingen,Baden-Württemberg,Sindelfingen,71063,8.999262079,48.70387346,6,2608170653.0,,2608170654.0,,h,1.0,Bauarbeiten,,,,,,,1.0,1.0
2386613761040749971-2608170603-8,7207,2608170619.0,2608170619.0,2,,S,S2,Schorndorf|Weiler(Rems)|Winterbach(b Schorndorf)|Geradstetten|Grunbach|Beutelsbach|Endersbach,8005726,Stetten-Beinstein,Baden-Württemberg,Weinstadt,71384,9.352769725,48.81199601,5,2608170619.0,,2608170619.0,,h,1.0,Bauarbeiten,,,,,,,0.0,0.0
-3170854094601281231-2608170550-8,7202,2608170609.0,2608170609.0,1,,S,S2,Stuttgart Hbf|Stuttgart-Bad Cannstatt|Stuttgart Nürnberger Str.|Stuttgart-Sommerrain|Fellbach|Waiblingen|Rommelshausen,8005726,Stetten-Beinstein,Baden-Württemberg,Weinstadt,71384,9.352769725,48.81199601,5,2608170609.0,,2608170610.0,,h,1.0,Bauarbeiten,,,,,,,0.0,1.0
-7676551856859768075-2608170633-8,7209,2608170649.0,2608170649.0,2,,S,S2,Schorndorf|Weiler(Rems)|Winterbach(b Schorndorf)|Geradstetten|Grunbach|Beutelsbach|Endersbach,8005726,Stetten-Beinstein,Baden-Württemberg,Weinstadt,71384,9.352769725,48.81199601,5,2608170649.0,,2608170650.0,,h,1.0,Bauarbeiten,,,,,,,0.0,1.0
-7596434955654923825-2608170620-8,7204,2608170639.0,2608170639.0,1,,S,S2,Stuttgart Hbf|Stuttgart-Bad Cannstatt|Stuttgart Nürnberger Str.|Stuttgart-Sommerrain|Fellbach|Waiblingen|Rommelshausen,8005726,Stetten-Beinstein,Baden-Württemberg,Weinstadt,71384,9.352769725,48.81199601,5,2608170639.0,,2608170639.0,,h,1.0,Bauarbeiten,,,,,,,0.0,0.0
-2389969051944980072-2608170627-1,7506,,2608170627.0,,,S,S5,,8000096,Stuttgart Hbf,Baden-Württemberg,Stuttgart,70173,9.183172973,48.78473069,1,,,2608170627.0,,,,,,,,,,,0.0,0.0
-2740801216527864305-2608170618-1,19455,,2608170618.0,,,ARV,13,,8000096,Stuttgart Hbf,Baden-Württemberg,Stuttgart,70173,9.183172973,48.78473069,1,,,2608170651.0,11.0,h,2.0,Information,,,,Stuttgart-Bad Cannstatt|Waiblingen|Schorndorf|Urbach(b Schorndorf)|Plüderhausen|Waldhausen(b Schorndorf)|Lorch(Württ)|Schwäbisch Gmünd|Böbingen(Rems)|Mögglingen(Gmünd)|Aalen Hbf|Wasseralfingen|Hofen(b Aalen)|Goldshöfe|Schwabsberg|Schrezheim|Ellwangen|Jagstzell|Crailsheim,,,0.0,33.0
-4339967412658663229-2608170533-15,7205,2608170610.0,,3,,S,,Schorndorf|Weiler(Rems)|Winterbach(b Schorndorf)|Geradstetten|Grunbach|Beutelsbach|Endersbach|Stetten-Beinstein|Rommelshausen|Waiblingen|Fellbach|Stuttgart-Sommerrain|Stuttgart Nürnberger Str.|Stuttgart-Bad Cannstatt,8000096,Stuttgart Hbf,Baden-Württemberg,Stuttgart,70173,9.183172973,48.78473069,1,2608170610.0,,,,h,1.0,Bauarbeiten,,,,,,,0.0,0.0
3616244586256157506-2608170603-14,7407,2608170655.0,,1,,S,,Backnang|Burgstall(Murr)|Kirchberg(Murr)|Erdmannhausen|Marbach(Neckar)|Benningen(Neckar)|Freiberg(Neckar)|Favoritepark|Ludwigsburg|Kornwestheim Pbf|Stuttgart-Zuffenhausen|Stuttgart-Feuerbach|Stuttgart Nordbahnhof,8000096,Stuttgart Hbf,Baden-Württemberg,Stuttgart,70173,9.183172973,48.78473069,1,2608170656.0,,,,h,1.0,Bauarbeiten,,,,,,,1.0,0.0
2386613761040749971-2608170603-15,7207,2608170640.0,,3,,S,,Schorndorf|Weiler(Rems)|Winterbach(b Schorndorf)|Geradstetten|Grunbach|Beutelsbach|Endersbach|Stetten-Beinstein|Rommelshausen|Waiblingen|Fellbach|Stuttgart-Sommerrain|Stuttgart Nürnberger Str.|Stuttgart-Bad Cannstatt,8000096,Stuttgart Hbf,Baden-Württemberg,Stuttgart,70173,9.183172973,48.78473069,1,2608170641.0,,,,h,1.0,Bauarbeiten,,,,,,,1.0,0.0
8217360878398372368-2608170632-1,19002,,2608170632.0,,,ARV,1,,8000096,Stuttgart Hbf,Baden-Württemberg,Stuttgart,70173,9.183172973,48.78473069,1,,,2608170632.0,,,,,,,,,,,0.0,0.0
-869487963763886493-2608170608-1,1063,,2608170608.0,,,ICE,,,8000096,Stuttgart Hbf,Baden-Württemberg,Stuttgart,70173,9.183172973,48.78473069,1,,,,,h,1.0,Information,,,,,,c,0.0,0.0
-7688656793784040376-2608170633-3,28468,2608170656.0,,6,,RE,,Böblingen|Stuttgart-Vaihingen,8000096,Stuttgart Hbf,Baden-Württemberg,Stuttgart,70173,9.183172973,48.78473069,1,2608170703.0,,,,,,,,,,,,,7.0,0.0
-7192653370985079016-2608170649-1,2594,,2608170649.0,,,ICE,,,8000096,Stuttgart Hbf,Baden-Württemberg,Stuttgart,70173,9.183172973,48.78473069,1,,,2608170649.0,,h,2.0,Information,,,,,,,0.0,0.0
-5963168999968799515-2608170625-1,7106,,2608170625.0,,,S,S1,,8000096,Stuttgart Hbf,Baden-Württemberg,Stuttgart,70173,9.183172973,48.78473069,1,,,2608170625.0,,,,,,,,,,,0.0,0.0
704671570927090549-2608170648-1,17615,,2608170648.0,,,RE,RB14a,,8000096,Stuttgart Hbf,Baden-Württemberg,Stuttgart,70173,9.183172973,48.78473069,1,,,2608170651.0,,,,,,,,,,,0.0,3.0
3121292710624229087-2608170550-15,7107,2608170635.0,,4,,S,,Kirchheim(Teck)|Kirchheim(Teck)-Ötlingen|Wendlingen(Neckar)|Wernau(Neckar)|Plochingen|Altbach|Esslingen-Zell|Oberesslingen|Esslingen(Neckar)|Esslingen-Mettingen|Stuttgart-Obertürkheim|Stuttgart-Untertürkheim|Stuttgart Neckarpark|Stuttgart-Bad Cannstatt,8000096,Stuttgart Hbf,Baden-Württemberg,Stuttgart,70173,9.183172973,48.78473069,1,2608170638.0,,,,,,,,,,,,,3.0,0.0
4883033308940108541-2608170541-12,7305,2608170617.0,,4,,S,,Backnang|Maubach|Nellmersbach|Winnenden|Schwaikheim|Neustadt-Hohenacker|Waiblingen|Fellbach|Stuttgart-Sommerrain|Stuttgart Nürnberger Str.|Stuttgart-Bad Cannstatt,8000096,Stuttgart Hbf,Baden-Württemberg,Stuttgart,70173,9.183172973,48.78473069,1,2608170617.0,,,,,,,,,,,,,0.0,0.0
7952941757833702919-2608170612-1,7304,,2608170612.0,,,S,S3,,8000096,Stuttgart Hbf,Baden-Württemberg,Stuttgart,70173,9.183172973,48.78473069,1,,,2608170612.0,,,,,,,,,,,0.0,0.0
6088545712540816693-2608170616-1,181,,2608170616.0,,,IC,,,8000096,Stuttgart Hbf,Baden-Württemberg,Stuttgart,70173,9.183172973,48.78473069,1,,,2608170616.0,,h,2.0,Information,,,,,,,0.0,0.0
1860545374330738519-2608170607-2,56712,2608170617.0,2608170622.0,16,,RE,MEX18,Ludwigsburg,8000096,Stuttgart Hbf,Baden-Württemberg,Stuttgart,70173,9.183172973,48.78473069,1,2608170618.0,,2608170624.0,,,,,,,,,,,1.0,2.0
5109580939104143056-2608170657-1,7508,,2608170657.0,,,S,S5,,8000096,Stuttgart Hbf,Baden-Württemberg,Stuttgart,70173,9.183172973,48.78473069,1,,,2608170657.0,,,,,,,,,,,0.0,0.0
3685414598088412349-2608170605-1,1098,,2608170605.0,,,ICE,,,8000096,Stuttgart Hbf,Baden-Württemberg,Stuttgart,70173,9.183172973,48.78473069,1,,,2608170609.0,,h,2.0,Information,,,,,,,0.0,4.0
-4670336625976822716-2608170639-1,4205,,2608170639.0,,,RE,RE5,,8000096,Stuttgart Hbf,Baden-Württemberg,Stuttgart,70173,9.183172973,48.78473069,1,,,2608170640.0,,h,2.0,Störung,,,,,,,0.0,1.0
-5321719494305805046-2608170503-14,4200,2608170623.0,,11,,RE,,Ulm Hbf|Beimerstetten|Westerstetten|Lonsee|Urspring|Amstetten(Württ)|Geislingen(Steige)|Süßen|Göppingen|Ebersbach(Fils)|Plochingen|Esslingen(Neckar)|Stuttgart-Bad Cannstatt,8000096,Stuttgart Hbf,Baden-Württemberg,Stuttgart,70173,9.183172973,48.78473069,1,2608170717.0,,,,h,1.0,Information,,,Ulm Hbf|Beimerstetten|Westerstetten|Lonsee|Urspring|Amstetten(Württ)|Geislingen(Steige)|Süßen|Göppingen|Ebersbach(Fils)|Plochingen|Esslingen(Neckar)|Stuttgart-Bad Cannstatt,,,,54.0,0.0
8928020016835199525-2608170611-12,7307,2608170647.0,,4,,S,,Backnang|Maubach|Nellmersbach|Winnenden|Schwaikheim|Neustadt-Hohenacker|Waiblingen|Fellbach|Stuttgart-Sommerrain|Stuttgart Nürnberger Str.|Stuttgart-Bad Cannstatt,8000096,Stuttgart Hbf,Baden-Württemberg,Stuttgart,70173,9.183172973,48.78473069,1,2608170647.0,,,,,,,,,,,,,0.0,0.0
5019299385590866360-2608170537-8,7505,2608170605.0,,2,,S,,Bietigheim-Bissingen|Tamm(Württ)|Asperg|Ludwigsburg|Kornwestheim Pbf|Stuttgart-Zuffenhausen|Stuttgart Nordbahnhof,8000096,Stuttgart Hbf,Baden-Württemberg,Stuttgart,70173,9.183172973,48.78473069,1,2608170606.0,,,,,,,,,,,,,1.0,0.0
-9220717259364111466-2608170548-16,19114,2608170653.0,,13,,ARV,,Geislingen(Steige)|Geislingen(Steige)West|Kuchen|Gingen(Fils)|Süßen|Salach|Eislingen(Fils)|Göppingen|Faurndau|Uhingen|Ebersbach(Fils)|Reichenbach(Fils)|Plochingen|Esslingen(Neckar)|Stuttgart-Bad Cannstatt,8000096,Stuttgart Hbf,Baden-Württemberg,Stuttgart,70173,9.183172973,48.78473069,1,2608170725.0,,,,,,,,,Geislingen(Steige)|Geislingen(Steige)West|Kuchen|Gingen(Fils)|Süßen|Salach|Eislingen(Fils)|Göppingen|Faurndau|Uhingen|Ebersbach(Fils)|Reichenbach(Fils)|Plochingen|Esslingen(Neckar)|Stuttgart-Bad Cannstatt,,,,32.0,0.0
8513134191022821080-2608170504-11,17504,2608170601.0,,14,,RB,,Gaildorf West|Fichtenberg|Fornsbach|Murrhardt|Sulzbach(Murr)|Oppenweiler(Württ)|Backnang|Winnenden|Waiblingen|Stuttgart-Bad Cannstatt,8000096,Stuttgart Hbf,Baden-Württemberg,Stuttgart,70173,9.183172973,48.78473069,1,2608170602.0,,,,,,,,,,,,,1.0,0.0
-520614682527419775-2608170612-1,17507,,2608170612.0,,,RB,MEX90,,8000096,Stuttgart Hbf,Baden-Württemberg,Stuttgart,70173,9.183172973,48.78473069,1,,,2608170614.0,,,,,,,,,,,0.0,2.0
4629969654473579482-2608170605-1,2063,,2608170605.0,,,IC,,,8000096,Stuttgart Hbf,Baden-Württemberg,Stuttgart,70173,9.183172973,48.78473069,1,,,,,,,,,,,,,c,0.0,0.0
-4957283563684167504-2608170535-12,19408,2608170639.0,,13,,ARV,,Aalen Hbf|Mögglingen(Gmünd)|Böbingen(Rems)|Schwäbisch Gmünd|Lorch(Württ)|Waldhausen(b Schorndorf)|Plüderhausen|Urbach(b Schorndorf)|Schorndorf|Waiblingen|Stuttgart-Bad Cannstatt,8000096,Stuttgart Hbf,Baden-Württemberg,Stuttgart,70173,9.183172973,48.78473069,1,2608170646.0,,,,h,2.0,Information,,,,,,,7.0,0.0
7527439288478747532-2608170607-1,7402,,2608170607.0,,,S,S4,,8000096,Stuttgart Hbf,Baden-Württemberg,Stuttgart,70173,9.183172973,48.78473069,1,,,2608170608.0,,,,,,,,,,,0.0,1.0
3965518062033575210-2608170650-1,7206,,2608170650.0,,,S,S2,,8000096,Stuttgart Hbf,Baden-Württemberg,Stuttgart,70173,9.183172973,48.78473069,1,,,2608170650.0,,h,1.0,Bauarbeiten,,,,,,,0.0,0.0
-6693394302779421754-2608170631-2,56715,2608170642.0,2608170651.0,14,,RE,MEX18,Ludwigsburg,8000096,Stuttgart Hbf,Baden-Württemberg,Stuttgart,70173,9.183172973,48.78473069,1,2608170643.0,,2608170652.0,,,,,,,,,,,1.0,1.0
2869928040560448554-2608170616-1,50181,,2608170616.0,,,RE,IC87,,8000096,Stuttgart Hbf,Baden-Württemberg,Stuttgart,70173,9.183172973,48.78473069,1,,,2608170616.0,,h,2.0,Information,,,,,,,0.0,0.0
8759418788528928451-2608170655-1,7108,,2608170655.0,,,S,S1,,8000096,Stuttgart Hbf,Baden-Württemberg,Stuttgart,70173,9.183172973,48.78473069,1,,,2608170655.0,,,,,,,,,,,0.0,0.0
-1858115182237234940-2608170532-7,19001,2608170633.0,,6,,ARV,,Karlsruhe Hbf|Karlsruhe-Durlach|Wilferdingen-Singen|Pforzheim Hbf|Mühlacker|Vaihingen(Enz),8000096,Stuttgart Hbf,Baden-Württemberg,Stuttgart,70173,9.183172973,48.78473069,1,2608170627.0,,,,,,,,,,,,,-6.0,0.0
-8255187816541177533-2608170637-1,7404,,2608170637.0,,,S,S4,,8000096,Stuttgart Hbf,Baden-Württemberg,Stuttgart,70173,9.183172973,48.78473069,1,,,2608170638.0,,,,,,,,,,,0.0,1.0
-5152190475701295737-2608170533-14,7405,2608170625.0,,1,,S,,Backnang|Burgstall(Murr)|Kirchberg(Murr)|Erdmannhausen|Marbach(Neckar)|Benningen(Neckar)|Freiberg(Neckar)|Favoritepark|Ludwigsburg|Kornwestheim Pbf|Stuttgart-Zuffenhausen|Stuttgart-Feuerbach|Stuttgart Nordbahnhof,8000096,Stuttgart Hbf,Baden-Württemberg,Stuttgart,70173,9.183172973,48.78473069,1,2608170625.0,,,,h,1.0,Bauarbeiten,,,,,,,0.0,0.0
-6582546900029270784-2608170603-1,28469,,2608170603.0,,,RE,RESB,,8000096,Stuttgart Hbf,Baden-Württemberg,Stuttgart,70173,9.183172973,48.78473069,1,,,2608170604.0,5.0,,,,,,,,,,0.0,1.0
-4146833973989691595-2608170602-1,19115,,2608170602.0,,,ARV,16,,8000096,Stuttgart Hbf,Baden-Württemberg,Stuttgart,70173,9.183172973,48.78473069,1,,,2608170602.0,,,,,,,,,,,0.0,0.0
3776401462555749439-2608170432-22,19112,2608170616.0,,13,,ARV,,Ulm Hbf|Beimerstetten|Westerstetten|Lonsee|Urspring|Amstetten(Württ)|Geislingen(Steige)|Geislingen(Steige)West|Kuchen|Gingen(Fils)|Süßen|Salach|Eislingen(Fils)|Göppingen|Faurndau|Uhingen|Ebersbach(Fils)|Reichenbach(Fils)|Plochingen|Esslingen(Neckar)|Stuttgart-Bad Cannstatt,8000096,Stuttgart Hbf,Baden-Württemberg,Stuttgart,70173,9.183172973,48.78473069,1,2608170615.0,,,,,,,,,,,,,-1.0,0.0
8994706327786199832-2608170644-1,98229,,2608170644.0,,,ARV,90,,8000096,Stuttgart Hbf,Baden-Württemberg,Stuttgart,70173,9.183172973,48.78473069,1,,,2608170646.0,,,,,,,,,,,0.0,2.0
2668228445255792881-2608170635-1,9578,,2608170635.0,,,ICE,,,8000096,Stuttgart Hbf,Baden-Württemberg,Stuttgart,70173,9.183172973,48.78473069,1,,,2608170635.0,,h,3.0,Störung,,,,,,,0.0,0.0
-6211003010298504877-2608170642-1,7306,,2608170642.0,,,S,S3,,8000096,Stuttgart Hbf,Baden-Württemberg,Stuttgart,70173,9.183172973,48.78473069,1,,,2608170644.0,,,,,,,,,,,0.0,2.0
-589874384160695327-2608170630-1,19117,,2608170630.0,,,ARV,16,,8000096,Stuttgart Hbf,Baden-Württemberg,Stuttgart,70173,9.183172973,48.78473069,1,,,2608170631.0,,,,,,,,,,,0.0,1.0
3516685371387133495-2608170537-11,88630,2608170630.0,,12,,ARV,,Gaildorf West|Fichtenberg|Fornsbach|Murrhardt|Sulzbach(Murr)|Oppenweiler(Württ)|Backnang|Winnenden|Waiblingen|Stuttgart-Bad Cannstatt,8000096,Stuttgart Hbf,Baden-Württemberg,Stuttgart,70173,9.183172973,48.78473069,1,2608170634.0,,,,,,,,,,,,,4.0,0.0
5500760249572071640-2608170511-12,17608,2608170642.0,,5,,RE,,Rottweil|Oberndorf(Neckar)|Sulz(Neckar)|Horb|Eutingen im Gäu|Ergenzingen|Bondorf(b Herrenberg)|Gäufelden|Herrenberg|Böblingen|Stuttgart-Vaihingen,8000096,Stuttgart Hbf,Baden-Württemberg,Stuttgart,70173,9.183172973,48.78473069,1,2608170643.0,,,,h,2.0,Bauarbeiten,,,,,,,1.0,0.0
4370625077848889642-2608170617-1,1236,,2608170617.0,,,FLX,10,,8000096,Stuttgart Hbf,Baden-Württemberg,Stuttgart,70173,9.183172973,48.78473069,1,,,2608170617.0,,,,,,,,,,,0.0,0.0
6928060729410045285-2608170600-4,19670,2608170649.0,,9,,ARV,,Aalen Hbf|Schwäbisch Gmünd|Schorndorf,8000096,Stuttgart Hbf,Baden-Württemberg,Stuttgart,70173,9.183172973,48.78473069,1,2608170650.0,10.0,,,h,2.0,Information,,,,,,,1.0,0.0
-5168348136770693824-2608170505-12,19406,2608170610.0,,12,,ARV,,Aalen Hbf|Mögglingen(Gmünd)|Böbingen(Rems)|Schwäbisch Gmünd|Lorch(Württ)|Waldhausen(b Schorndorf)|Plüderhausen|Urbach(b Schorndorf)|Schorndorf|Waiblingen|Stuttgart-Bad Cannstatt,8000096,Stuttgart Hbf,Baden-Württemberg,Stuttgart,70173,9.183172973,48.78473069,1,2608170640.0,11.0,,,h,2.0,Information,,,Aalen Hbf|Mögglingen(Gmünd)|Böbingen(Rems)|Schwäbisch Gmünd|Lorch(Württ)|Waldhausen(b Schorndorf)|Plüderhausen|Urbach(b Schorndorf)|Schorndorf|Waiblingen|Stuttgart-Bad Cannstatt,,,,30.0,0.0
8431153246129764034-2608170520-15,7105,2608170605.0,,4,,S,,Kirchheim(Teck)|Kirchheim(Teck)-Ötlingen|Wendlingen(Neckar)|Wernau(Neckar)|Plochingen|Altbach|Esslingen-Zell|Oberesslingen|Esslingen(Neckar)|Esslingen-Mettingen|Stuttgart-Obertürkheim|Stuttgart-Untertürkheim|Stuttgart Neckarpark|Stuttgart-Bad Cannstatt,8000096,Stuttgart Hbf,Baden-Württemberg,Stuttgart,70173,9.183172973,48.78473069,1,2608170605.0,,,,,,,,,,,,,0.0,0.0
-8069886172973832084-2608170516-10,19208,2608170605.0,2608170612.0,11,,RE,MEX12,Reutlingen Hbf|Metzingen(Württ)|Bempflingen|Nürtingen|Oberboihingen|Wendlingen(Neckar)|Plochingen|Esslingen(Neckar)|Stuttgart-Bad Cannstatt,8000096,Stuttgart Hbf,Baden-Württemberg,Stuttgart,70173,9.183172973,48.78473069,1,2608170607.0,,2608170613.0,,h,2.0,Bauarbeiten,,,,,,,2.0,1.0
8037374960848513675-2608170648-1,19405,,2608170648.0,,,ARV,13,,8000096,Stuttgart Hbf,Baden-Württemberg,Stuttgart,70173,9.183172973,48.78473069,1,,,2608170657.0,,h,2.0,Information,,,,,,,0.0,9.0
-7596434955654923825-2608170620-1,7204,,2608170620.0,,,S,S2,,8000096,Stuttgart Hbf,Baden-Württemberg,Stuttgart,70173,9.183172973,48.78473069,1,,,2608170620.0,,h,1.0,Bauarbeiten,,,,,,,0.0,0.0
1673760967772015930-2608170607-8,7507,2608170635.0,,2,,S,,Bietigheim-Bissingen|Tamm(Württ)|Asperg|Ludwigsburg|Kornwestheim Pbf|Stuttgart-Zuffenhausen|Stuttgart Nordbahnhof,8000096,Stuttgart Hbf,Baden-Württemberg,Stuttgart,70173,9.183172973,48.78473069,1,2608170634.0,,,,,,,,,,,,,-1.0,0.0
9133098357832980471-2608170620-13,7109,2608170657.0,2608170657.0,1,,S,S1,Kirchheim(Teck)|Kirchheim(Teck)-Ötlingen|Wendlingen(Neckar)|Wernau(Neckar)|Plochingen|Altbach|Esslingen-Zell|Oberesslingen|Esslingen(Neckar)|Esslingen-Mettingen|Stuttgart-Obertürkheim|Stuttgart-Untertürkheim,8006743,Stuttgart Neckarpark,Baden-Württemberg,Stuttgart,70372,9.24106855,48.79194362,4,2608170657.0,,2608170657.0,,,,,,,,,,,0.0,0.0
-5963168999968799515-2608170625-3,7106,2608170632.0,2608170632.0,2,,S,S1,Stuttgart Hbf|Stuttgart-Bad Cannstatt,8006743,Stuttgart Neckarpark,Baden-Württemberg,Stuttgart,70372,9.24106855,48.79194362,4,2608170633.0,,2608170634.0,,,,,,,,,,,1.0,2.0
3121292710624229087-2608170550-13,7107,2608170627.0,2608170627.0,1,,S,S1,Kirchheim(Teck)|Kirchheim(Teck)-Ötlingen|Wendlingen(Neckar)|Wernau(Neckar)|Plochingen|Altbach|Esslingen-Zell|Oberesslingen|Esslingen(Neckar)|Esslingen-Mettingen|Stuttgart-Obertürkheim|Stuttgart-Untertürkheim,8006743,Stuttgart Neckarpark,Baden-Württemberg,Stuttgart,70372,9.24106855,48.79194362,4,2608170631.0,,2608170631.0,,,,,,,,,,,4.0,4.0
7442213844394111459-2608170555-3,7104,2608170602.0,2608170602.0,2,,S,S1,Stuttgart Hbf|Stuttgart-Bad Cannstatt,8006743,Stuttgart Neckarpark,Baden-Württemberg,Stuttgart,70372,9.24106855,48.79194362,4,2608170602.0,,2608170602.0,,,,,,,,,,,0.0,0.0
-2389969051944980072-2608170627-2,7506,2608170630.0,2608170631.0,3,,S,S5,Stuttgart Hbf,8005767,Stuttgart Nord,Baden-Württemberg,Stuttgard-Nord,70174,9.188061449,48.80374161,5,2608170632.0,,2608170633.0,,,,,,,,,,,2.0,2.0
-7991620981716441940-2608170637-7,7509,2608170659.0,2608170701.0,4,,S,S5,Bietigheim-Bissingen|Tamm(Württ)|Asperg|Ludwigsburg|Kornwestheim Pbf|Stuttgart-Zuffenhausen,8005767,Stuttgart Nord,Baden-Württemberg,Stuttgard-Nord,70174,9.188061449,48.80374161,5,2608170659.0,,2608170701.0,,,,,,,,,,,0.0,0.0
3616244586256157506-2608170603-13,7407,2608170649.0,2608170651.0,4,,S,S4,Backnang|Burgstall(Murr)|Kirchberg(Murr)|Erdmannhausen|Marbach(Neckar)|Benningen(Neckar)|Freiberg(Neckar)|Favoritepark|Ludwigsburg|Kornwestheim Pbf|Stuttgart-Zuffenhausen|Stuttgart-Feuerbach,8005767,Stuttgart Nord,Baden-Württemberg,Stuttgard-Nord,70174,9.188061449,48.80374161,5,2608170652.0,,2608170652.0,,h,1.0,Bauarbeiten,,,,,,,3.0,1.0
5019299385590866360-2608170537-7,7505,2608170559.0,2608170601.0,4,,S,S5,Bietigheim-Bissingen|Tamm(Württ)|Asperg|Ludwigsburg|Kornwestheim Pbf|Stuttgart-Zuffenhausen,8005767,Stuttgart Nord,Baden-Württemberg,Stuttgard-Nord,70174,9.188061449,48.80374161,5,2608170559.0,,2608170601.0,,,,,,,,,,,0.0,0.0
-7982574342285083158-2608170557-2,7504,2608170600.0,2608170601.0,3,,S,S5,Stuttgart Hbf,8005767,Stuttgart Nord,Baden-Württemberg,Stuttgard-Nord,70174,9.188061449,48.80374161,5,2608170601.0,,2608170602.0,,,,,,,,,,,1.0,1.0
7527439288478747532-2608170607-2,7402,2608170610.0,2608170611.0,3,,S,S4,Stuttgart Hbf,8005767,Stuttgart Nord,Baden-Württemberg,Stuttgard-Nord,70174,9.188061449,48.80374161,5,2608170612.0,,2608170619.0,,,,,,,,,,,2.0,8.0
-8255187816541177533-2608170637-2,7404,2608170640.0,2608170641.0,3,,S,S4,Stuttgart Hbf,8005767,Stuttgart Nord,Baden-Württemberg,Stuttgard-Nord,70174,9.188061449,48.80374161,5,2608170641.0,,2608170642.0,,,,,,,,,,,1.0,1.0
-5152190475701295737-2608170533-13,7405,2608170619.0,2608170621.0,4,,S,S4,Backnang|Burgstall(Murr)|Kirchberg(Murr)|Erdmannhausen|Marbach(Neckar)|Benningen(Neckar)|Freiberg(Neckar)|Favoritepark|Ludwigsburg|Kornwestheim Pbf|Stuttgart-Zuffenhausen|Stuttgart-Feuerbach,8005767,Stuttgart Nord,Baden-Württemberg,Stuttgard-Nord,70174,9.188061449,48.80374161,5,2608170622.0,,2608170622.0,,h,1.0,Bauarbeiten,,,,,,,3.0,1.0
1673760967772015930-2608170607-7,7507,2608170629.0,2608170631.0,4,,S,S5,Bietigheim-Bissingen|Tamm(Württ)|Asperg|Ludwigsburg|Kornwestheim Pbf|Stuttgart-Zuffenhausen,8005767,Stuttgart Nord,Baden-Württemberg,Stuttgard-Nord,70174,9.188061449,48.80374161,5,2608170629.0,,2608170631.0,,,,,,,,,,,0.0,0.0
-4339967412658663229-2608170533-13,7205,2608170602.0,2608170603.0,1,,S,S2,Schorndorf|Weiler(Rems)|Winterbach(b Schorndorf)|Geradstetten|Grunbach|Beutelsbach|Endersbach|Stetten-Beinstein|Rommelshausen|Waiblingen|Fellbach|Stuttgart-Sommerrain,8004357,Stuttgart Nürnberger Straße,Baden-Württemberg,Stuttgart,70374,9.234576905,48.80656062,5,2608170602.0,,2608170603.0,,h,1.0,Bauarbeiten,,,,,,,0.0,0.0
2386613761040749971-2608170603-13,7207,2608170632.0,2608170633.0,1,,S,S2,Schorndorf|Weiler(Rems)|Winterbach(b Schorndorf)|Geradstetten|Grunbach|Beutelsbach|Endersbach|Stetten-Beinstein|Rommelshausen|Waiblingen|Fellbach|Stuttgart-Sommerrain,8004357,Stuttgart Nürnberger Straße,Baden-Württemberg,Stuttgart,70374,9.234576905,48.80656062,5,2608170633.0,,2608170634.0,,h,1.0,Bauarbeiten,,,,,,,1.0,1.0
4883033308940108541-2608170541-10,7305,2608170607.0,2608170608.0,1,,S,S3,Backnang|Maubach|Nellmersbach|Winnenden|Schwaikheim|Neustadt-Hohenacker|Waiblingen|Fellbach|Stuttgart-Sommerrain,8004357,Stuttgart Nürnberger Straße,Baden-Württemberg,Stuttgart,70374,9.234576905,48.80656062,5,2608170609.0,,2608170609.0,,,,,,,,,,,2.0,1.0
7952941757833702919-2608170612-3,7304,2608170622.0,2608170622.0,4,,S,S3,Stuttgart Hbf|Stuttgart-Bad Cannstatt,8004357,Stuttgart Nürnberger Straße,Baden-Württemberg,Stuttgart,70374,9.234576905,48.80656062,5,2608170622.0,,2608170623.0,,,,,,,,,,,0.0,1.0
8928020016835199525-2608170611-10,7307,2608170637.0,2608170638.0,1,,S,S3,Backnang|Maubach|Nellmersbach|Winnenden|Schwaikheim|Neustadt-Hohenacker|Waiblingen|Fellbach|Stuttgart-Sommerrain,8004357,Stuttgart Nürnberger Straße,Baden-Württemberg,Stuttgart,70374,9.234576905,48.80656062,5,2608170637.0,,2608170638.0,,,,,,,,,,,0.0,0.0
3965518062033575210-2608170650-3,7206,2608170657.0,2608170657.0,4,,S,S2,Stuttgart Hbf|Stuttgart-Bad Cannstatt,8004357,Stuttgart Nürnberger Straße,Baden-Württemberg,Stuttgart,70374,9.234576905,48.80656062,5,2608170657.0,,2608170657.0,,h,1.0,Bauarbeiten,,,,,,,0.0,0.0
-6211003010298504877-2608170642-3,7306,2608170652.0,2608170652.0,4,,S,S3,Stuttgart Hbf|Stuttgart-Bad Cannstatt,8004357,Stuttgart Nürnberger Straße,Baden-Württemberg,Stuttgart,70374,9.234576905,48.80656062,5,2608170652.0,,2608170652.0,,,,,,,,,,,0.0,0.0
-7596434955654923825-2608170620-3,7204,2608170627.0,2608170627.0,4,,S,S2,Stuttgart Hbf|Stuttgart-Bad Cannstatt,8004357,Stuttgart Nürnberger Straße,Baden-Württemberg,Stuttgart,70374,9.234576905,48.80656062,5,2608170627.0,,2608170627.0,,h,1.0,Bauarbeiten,,,,,,,0.0,0.0
-2740801216527864305-2608170618-2,19455,2608170621.0,2608170625.0,7,,ARV,13,Stuttgart Hbf,8005769,Stuttgart-Bad Cannstatt,Baden-Württemberg,Stuttgart,70372,9.217468636,48.80127978,3,2608170655.0,,2608170656.0,,h,2.0,Information,,,Stuttgart Hbf,Waiblingen|Schorndorf|Urbach(b Schorndorf)|Plüderhausen|Waldhausen(b Schorndorf)|Lorch(Württ)|Schwäbisch Gmünd|Böbingen(Rems)|Mögglingen(Gmünd)|Aalen Hbf|Wasseralfingen|Hofen(b Aalen)|Goldshöfe|Schwabsberg|Schrezheim|Ellwangen|Jagstzell|Crailsheim,,,34.0,31.0
-4339967412658663229-2608170533-14,7205,2608170605.0,2608170606.0,2,,S,S2,Schorndorf|Weiler(Rems)|Winterbach(b Schorndorf)|Geradstetten|Grunbach|Beutelsbach|Endersbach|Stetten-Beinstein|Rommelshausen|Waiblingen|Fellbach|Stuttgart-Sommerrain|Stuttgart Nürnberger Str.,8005769,Stuttgart-Bad Cannstatt,Baden-Württemberg,Stuttgart,70372,9.217468636,48.80127978,3,2608170605.0,,2608170606.0,,h,1.0,Bauarbeiten,,,,,,,0.0,0.0
2386613761040749971-2608170603-14,7207,2608170635.0,2608170636.0,2,,S,S2,Schorndorf|Weiler(Rems)|Winterbach(b Schorndorf)|Geradstetten|Grunbach|Beutelsbach|Endersbach|Stetten-Beinstein|Rommelshausen|Waiblingen|Fellbach|Stuttgart-Sommerrain|Stuttgart Nürnberger Str.,8005769,Stuttgart-Bad Cannstatt,Baden-Württemberg,Stuttgart,70372,9.217468636,48.80127978,3,2608170637.0,,2608170637.0,,h,1.0,Bauarbeiten,,,,,,,2.0,1.0
-5963168999968799515-2608170625-2,7106,2608170628.0,2608170629.0,3,,S,S1,Stuttgart Hbf,8005769,Stuttgart-Bad Cannstatt,Baden-Württemberg,Stuttgart,70372,9.217468636,48.80127978,3,2608170630.0,,2608170631.0,,,,,,,,,,,2.0,2.0
3121292710624229087-2608170550-14,7107,2608170630.0,2608170631.0,2,,S,S1,Kirchheim(Teck)|Kirchheim(Teck)-Ötlingen|Wendlingen(Neckar)|Wernau(Neckar)|Plochingen|Altbach|Esslingen-Zell|Oberesslingen|Esslingen(Neckar)|Esslingen-Mettingen|Stuttgart-Obertürkheim|Stuttgart-Untertürkheim|Stuttgart Neckarpark,8005769,Stuttgart-Bad Cannstatt,Baden-Württemberg,Stuttgart,70372,9.217468636,48.80127978,3,2608170634.0,,2608170635.0,,,,,,,,,,,4.0,4.0
4883033308940108541-2608170541-11,7305,2608170611.0,2608170613.0,2,,S,S3,Backnang|Maubach|Nellmersbach|Winnenden|Schwaikheim|Neustadt-Hohenacker|Waiblingen|Fellbach|Stuttgart-Sommerrain|Stuttgart Nürnberger Str.,8005769,Stuttgart-Bad Cannstatt,Baden-Württemberg,Stuttgart,70372,9.217468636,48.80127978,3,2608170612.0,,2608170613.0,,,,,,,,,,,1.0,0.0
7952941757833702919-2608170612-2,7304,2608170616.0,2608170619.0,3,,S,S3,Stuttgart Hbf,8005769,Stuttgart-Bad Cannstatt,Baden-Württemberg,Stuttgart,70372,9.217468636,48.80127978,3,2608170616.0,,2608170619.0,,,,,,,,,,,0.0,0.0
1860545374330738519-2608170607-3,56712,2608170625.0,2608170625.0,8,,RE,MEX18,Ludwigsburg|Stuttgart Hbf,8005769,Stuttgart-Bad Cannstatt,Baden-Württemberg,Stuttgart,70372,9.217468636,48.80127978,3,2608170629.0,4.0,2608170629.0,4.0,,,,,,,,,,4.0,4.0
-5321719494305805046-2608170503-13,4200,2608170618.0,2608170620.0,,,RE,RE5,Ulm Hbf|Beimerstetten|Westerstetten|Lonsee|Urspring|Amstetten(Württ)|Geislingen(Steige)|Süßen|Göppingen|Ebersbach(Fils)|Plochingen|Esslingen(Neckar),8005769,Stuttgart-Bad Cannstatt,Baden-Württemberg,Stuttgart,70372,9.217468636,48.80127978,3,2608170712.0,5.0,2608170713.0,5.0,h,1.0,Information,1.0,1.0,Ulm Hbf|Beimerstetten|Westerstetten|Lonsee|Urspring|Amstetten(Württ)|Geislingen(Steige)|Süßen|Göppingen|Ebersbach(Fils)|Plochingen|Esslingen(Neckar),Stuttgart Hbf,,,54.0,53.0
8928020016835199525-2608170611-11,7307,2608170641.0,2608170643.0,2,,S,S3,Backnang|Maubach|Nellmersbach|Winnenden|Schwaikheim|Neustadt-Hohenacker|Waiblingen|Fellbach|Stuttgart-Sommerrain|Stuttgart Nürnberger Str.,8005769,Stuttgart-Bad Cannstatt,Baden-Württemberg,Stuttgart,70372,9.217468636,48.80127978,3,2608170641.0,,2608170643.0,,,,,,,,,,,0.0,0.0
-9220717259364111466-2608170548-15,19114,2608170649.0,2608170649.0,5,,ARV,16,Geislingen(Steige)|Geislingen(Steige)West|Kuchen|Gingen(Fils)|Süßen|Salach|Eislingen(Fils)|Göppingen|Faurndau|Uhingen|Ebersbach(Fils)|Reichenbach(Fils)|Plochingen|Esslingen(Neckar),8005769,Stuttgart-Bad Cannstatt,Baden-Württemberg,Stuttgart,70372,9.217468636,48.80127978,3,2608170719.0,,2608170720.0,,,,,,,Geislingen(Steige)|Geislingen(Steige)West|Kuchen|Gingen(Fils)|Süßen|Salach|Eislingen(Fils)|Göppingen|Faurndau|Uhingen|Ebersbach(Fils)|Reichenbach(Fils)|Plochingen|Esslingen(Neckar),Stuttgart Hbf,,,30.0,31.0
-520614682527419775-2608170612-2,17507,2608170615.0,2608170616.0,7,,RB,MEX90,Stuttgart Hbf,8005769,Stuttgart-Bad Cannstatt,Baden-Württemberg,Stuttgart,70372,9.217468636,48.80127978,3,2608170617.0,,2608170618.0,,,,,,,,,,,2.0,2.0
-4957283563684167504-2608170535-11,19408,2608170634.0,2608170635.0,6,,ARV,13,Aalen Hbf|Mögglingen(Gmünd)|Böbingen(Rems)|Schwäbisch Gmünd|Lorch(Württ)|Waldhausen(b Schorndorf)|Plüderhausen|Urbach(b Schorndorf)|Schorndorf|Waiblingen,8005769,Stuttgart-Bad Cannstatt,Baden-Württemberg,Stuttgart,70372,9.217468636,48.80127978,3,2608170641.0,,2608170642.0,,h,2.0,Information,,,,,,,7.0,7.0
3965518062033575210-2608170650-2,7206,2608170654.0,2608170654.0,3,,S,S2,Stuttgart Hbf,8005769,Stuttgart-Bad Cannstatt,Baden-Württemberg,Stuttgart,70372,9.217468636,48.80127978,3,2608170654.0,,2608170654.0,,h,1.0,Bauarbeiten,,,,,,,0.0,0.0
-6693394302779421754-2608170631-3,56715,2608170654.0,2608170655.0,8,,RE,MEX18,Ludwigsburg|Stuttgart Hbf,8005769,Stuttgart-Bad Cannstatt,Baden-Württemberg,Stuttgart,70372,9.217468636,48.80127978,3,2608170658.0,4.0,2608170659.0,4.0,,,,,,,,,,4.0,4.0
8759418788528928451-2608170655-2,7108,2608170658.0,2608170659.0,3,,S,S1,Stuttgart Hbf,8005769,Stuttgart-Bad Cannstatt,Baden-Württemberg,Stuttgart,70372,9.217468636,48.80127978,3,2608170700.0,,2608170701.0,,,,,,,,,,,2.0,2.0
-4146833973989691595-2608170602-2,19115,2608170605.0,2608170606.0,8,,ARV,16,Stuttgart Hbf,8005769,Stuttgart-Bad Cannstatt,Baden-Württemberg,Stuttgart,70372,9.217468636,48.80127978,3,2608170606.0,,2608170607.0,,,,,,,,,,,1.0,1.0
3776401462555749439-2608170432-21,19112,2608170611.0,2608170612.0,5,,ARV,16,Ulm Hbf|Beimerstetten|Westerstetten|Lonsee|Urspring|Amstetten(Württ)|Geislingen(Steige)|Geislingen(Steige)West|Kuchen|Gingen(Fils)|Süßen|Salach|Eislingen(Fils)|Göppingen|Faurndau|Uhingen|Ebersbach(Fils)|Reichenbach(Fils)|Plochingen|Esslingen(Neckar),8005769,Stuttgart-Bad Cannstatt,Baden-Württemberg,Stuttgart,70372,9.217468636,48.80127978,3,2608170609.0,,2608170612.0,,,,,,,,,,,-2.0,0.0
8994706327786199832-2608170644-2,98229,2608170647.0,2608170647.0,,,ARV,90,Stuttgart Hbf,8005769,Stuttgart-Bad Cannstatt,Baden-Württemberg,Stuttgart,70372,9.217468636,48.80127978,3,2608170650.0,7.0,2608170651.0,7.0,,,,,,,,,,3.0,4.0
-6211003010298504877-2608170642-2,7306,2608170646.0,2608170649.0,3,,S,S3,Stuttgart Hbf,8005769,Stuttgart-Bad Cannstatt,Baden-Württemberg,Stuttgart,70372,9.217468636,48.80127978,3,2608170648.0,,2608170649.0,,,,,,,,,,,2.0,0.0
-589874384160695327-2608170630-2,19117,2608170633.0,2608170634.0,8,,ARV,16,Stuttgart Hbf,8005769,Stuttgart-Bad Cannstatt,Baden-Württemberg,Stuttgart,70372,9.217468636,48.80127978,3,2608170634.0,,2608170635.0,,,,,,,,,,,1.0,1.0
3516685371387133495-2608170537-10,88630,2608170626.0,2608170626.0,6,,ARV,90,Gaildorf West|Fichtenberg|Fornsbach|Murrhardt|Sulzbach(Murr)|Oppenweiler(Württ)|Backnang|Winnenden|Waiblingen,8005769,Stuttgart-Bad Cannstatt,Baden-Württemberg,Stuttgart,70372,9.217468636,48.80127978,3,2608170629.0,,2608170630.0,,,,,,,,,,,3.0,4.0
-5168348136770693824-2608170505-11,19406,2608170604.0,2608170606.0,6,,ARV,13,Aalen Hbf|Mögglingen(Gmünd)|Böbingen(Rems)|Schwäbisch Gmünd|Lorch(Württ)|Waldhausen(b Schorndorf)|Plüderhausen|Urbach(b Schorndorf)|Schorndorf|Waiblingen,8005769,Stuttgart-Bad Cannstatt,Baden-Württemberg,Stuttgart,70372,9.217468636,48.80127978,3,2608170634.0,,2608170635.0,,h,2.0,Information,,,,,,,30.0,29.0
8431153246129764034-2608170520-14,7105,2608170600.0,2608170601.0,2,,S,S1,Kirchheim(Teck)|Kirchheim(Teck)-Ötlingen|Wendlingen(Neckar)|Wernau(Neckar)|Plochingen|Altbach|Esslingen-Zell|Oberesslingen|Esslingen(Neckar)|Esslingen-Mettingen|Stuttgart-Obertürkheim|Stuttgart-Untertürkheim|Stuttgart Neckarpark,8005769,Stuttgart-Bad Cannstatt,Baden-Württemberg,Stuttgart,70372,9.217468636,48.80127978,3,2608170600.0,,2608170601.0,,,,,,,,,,,0.0,0.0
-8069886172973832084-2608170516-9,19208,2608170600.0,2608170601.0,5,,RE,MEX12,Reutlingen Hbf|Metzingen(Württ)|Bempflingen|Nürtingen|Oberboihingen|Wendlingen(Neckar)|Plochingen|Esslingen(Neckar),8005769,Stuttgart-Bad Cannstatt,Baden-Württemberg,Stuttgart,70372,9.217468636,48.80127978,3,2608170602.0,,2608170603.0,,h,2.0,Bauarbeiten,,,,,,,2.0,2.0
8037374960848513675-2608170648-2,19405,2608170651.0,2608170652.0,7,,ARV,13,Stuttgart Hbf,8005769,Stuttgart-Bad Cannstatt,Baden-Württemberg,Stuttgart,70372,9.217468636,48.80127978,3,2608170700.0,,2608170701.0,,h,2.0,Information,,,,,,,9.0,9.0
-7596434955654923825-2608170620-2,7204,2608170624.0,2608170624.0,3,,S,S2,Stuttgart Hbf,8005769,Stuttgart-Bad Cannstatt,Baden-Württemberg,Stuttgart,70372,9.217468636,48.80127978,3,2608170624.0,,2608170624.0,,h,1.0,Bauarbeiten,,,,,,,0.0,0.0
3616244586256157506-2608170603-12,7407,2608170646.0,2608170646.0,1,,S,S4,Backnang|Burgstall(Murr)|Kirchberg(Murr)|Erdmannhausen|Marbach(Neckar)|Benningen(Neckar)|Freiberg(Neckar)|Favoritepark|Ludwigsburg|Kornwestheim Pbf|Stuttgart-Zuffenhausen,8005770,Stuttgart-Feuerbach,Baden-Württemberg,Feuerbach,70469,9.169186287,48.81363554,3,,,,,h,1.0,Bauarbeiten,,,,,c,c,0.0,0.0
1562696569465503615-2608170603-12,7607,2608170635.0,,1a,,S,,Weil der Stadt|Malmsheim|Renningen|Rutesheim|Leonberg|Höfingen|Ditzingen|Weilimdorf|Korntal|Neuwirtshaus(Porscheplatz)|Stuttgart-Zuffenhausen,8005770,Stuttgart-Feuerbach,Baden-Württemberg,Feuerbach,70469,9.169186287,48.81363554,3,2608170636.0,,,,h,1.0,Bauarbeiten,,,,,,,1.0,0.0
5872067968392634034-2608170655-1,7606,,2608170655.0,,,S,S6,,8005770,Stuttgart-Feuerbach,Baden-Württemberg,Feuerbach,70469,9.169186287,48.81363554,3,,,2608170655.0,,h,1.0,Bauarbeiten,,,,,,,0.0,0.0
-6199987628200262080-2608170533-12,7605,2608170605.0,,1a,,S,,Weil der Stadt|Malmsheim|Renningen|Rutesheim|Leonberg|Höfingen|Ditzingen|Weilimdorf|Korntal|Neuwirtshaus(Porscheplatz)|Stuttgart-Zuffenhausen,8005770,Stuttgart-Feuerbach,Baden-Württemberg,Feuerbach,70469,9.169186287,48.81363554,3,2608170606.0,,,,h,1.0,Bauarbeiten,,,,,,,1.0,0.0
-1878590878288579038-2608170625-1,7604,,2608170625.0,,,S,S6,,8005770,Stuttgart-Feuerbach,Baden-Württemberg,Feuerbach,70469,9.169186287,48.81363554,3,,,2608170625.0,,h,1.0,Bauarbeiten,,,,,,,0.0,0.0
-5152190475701295737-2608170533-12,7405,2608170616.0,2608170616.0,1,,S,S4,Backnang|Burgstall(Murr)|Kirchberg(Murr)|Erdmannhausen|Marbach(Neckar)|Benningen(Neckar)|Freiberg(Neckar)|Favoritepark|Ludwigsburg|Kornwestheim Pbf|Stuttgart-Zuffenhausen,8005770,Stuttgart-Feuerbach,Baden-Württemberg,Feuerbach,70469,9.169186287,48.81363554,3,,,,,h,1.0,Bauarbeiten,,,,,c,c,0.0,0.0
9133098357832980471-2608170620-11,7109,2608170652.0,2608170652.0,5,,S,S1,Kirchheim(Teck)|Kirchheim(Teck)-Ötlingen|Wendlingen(Neckar)|Wernau(Neckar)|Plochingen|Altbach|Esslingen-Zell|Oberesslingen|Esslingen(Neckar)|Esslingen-Mettingen,8005772,Stuttgart-Obertürkheim,Baden-Württemberg,Stuttgart,70329,9.268167932,48.76175015,4,2608170652.0,,2608170652.0,,,,,,,,,,,0.0,0.0
-5963168999968799515-2608170625-5,7106,2608170637.0,2608170637.0,6,,S,S1,Stuttgart Hbf|Stuttgart-Bad Cannstatt|Stuttgart Neckarpark|Stuttgart-Untertürkheim,8005772,Stuttgart-Obertürkheim,Baden-Württemberg,Stuttgart,70329,9.268167932,48.76175015,4,2608170638.0,,2608170639.0,,,,,,,,,,,1.0,2.0
3121292710624229087-2608170550-11,7107,2608170622.0,2608170622.0,5,,S,S1,Kirchheim(Teck)|Kirchheim(Teck)-Ötlingen|Wendlingen(Neckar)|Wernau(Neckar)|Plochingen|Altbach|Esslingen-Zell|Oberesslingen|Esslingen(Neckar)|Esslingen-Mettingen,8005772,Stuttgart-Obertürkheim,Baden-Württemberg,Stuttgart,70329,9.268167932,48.76175015,4,2608170626.0,,2608170627.0,,,,,,,,,,,4.0,5.0
7442213844394111459-2608170555-5,7104,2608170607.0,2608170607.0,6,,S,S1,Stuttgart Hbf|Stuttgart-Bad Cannstatt|Stuttgart Neckarpark|Stuttgart-Untertürkheim,8005772,Stuttgart-Obertürkheim,Baden-Württemberg,Stuttgart,70329,9.268167932,48.76175015,4,2608170607.0,,2608170607.0,,,,,,,,,,,0.0,0.0
6700417600117952122-2608170633-6,7906,2608170648.0,2608170649.0,3,,S,S2,Filderstadt|Stuttgart Flughafen/Messe|Echterdingen|Leinfelden|Oberaichen,8005773,Stuttgart-Rohr,Baden-Württemberg,Stuttgart,70565,9.108158025,48.71799427,4,2608170648.0,,2608170649.0,,,,,,,,,,,0.0,0.0
-3236295447716473636-2608170635-2,7907,2608170636.0,2608170642.0,2,,S,S2,Stuttgart-Vaihingen,8005773,Stuttgart-Rohr,Baden-Württemberg,Stuttgart,70565,9.108158025,48.71799427,4,2608170636.0,,2608170642.0,,,,,,,,,,,0.0,0.0
-9135645456789564620-2608170646-2,7707,2608170647.0,2608170653.0,2,,S,S1,Stuttgart-Vaihingen,8005773,Stuttgart-Rohr,Baden-Württemberg,Stuttgart,70565,9.108158025,48.71799427,4,2608170647.0,,2608170653.0,,,,,,,,,,,0.0,0.0
6419718419888715206-2608170603-6,7904,2608170618.0,2608170619.0,3,,S,S2,Filderstadt|Stuttgart Flughafen/Messe|Echterdingen|Leinfelden|Oberaichen,8005773,Stuttgart-Rohr,Baden-Württemberg,Stuttgart,70565,9.108158025,48.71799427,4,2608170618.0,,2608170619.0,,,,,,,,,,,0.0,0.0
-6533465171789901239-2608170616-2,7705,2608170617.0,2608170623.0,2,,S,S1,Stuttgart-Vaihingen,8005773,Stuttgart-Rohr,Baden-Württemberg,Stuttgart,70565,9.108158025,48.71799427,4,2608170618.0,,2608170623.0,,,,,,,,,,,1.0,0.0
7813982294123805143-2608170616-8,7708,2608170637.0,2608170638.0,3,,S,S1,Herrenberg|Nufringen|Gärtringen|Ehningen(b Böblingen)|Hulb|Böblingen|Goldberg(Württ),8005773,Stuttgart-Rohr,Baden-Württemberg,Stuttgart,70565,9.108158025,48.71799427,4,2608170638.0,,2608170639.0,,,,,,,,,,,1.0,1.0
4676022960576610965-2608170605-2,7905,2608170606.0,2608170612.0,2,,S,S2,Stuttgart-Vaihingen,8005773,Stuttgart-Rohr,Baden-Württemberg,Stuttgart,70565,9.108158025,48.71799427,4,2608170606.0,,2608170612.0,,,,,,,,,,,0.0,0.0
239390452411476308-2608170546-8,7706,2608170607.0,2608170608.0,3,,S,S1,Herrenberg|Nufringen|Gärtringen|Ehningen(b Böblingen)|Hulb|Böblingen|Goldberg(Württ),8005773,Stuttgart-Rohr,Baden-Württemberg,Stuttgart,70565,9.108158025,48.71799427,4,2608170608.0,,2608170609.0,,,,,,,,,,,1.0,1.0
-4339967412658663229-2608170533-12,7205,2608170600.0,2608170600.0,1,,S,S2,Schorndorf|Weiler(Rems)|Winterbach(b Schorndorf)|Geradstetten|Grunbach|Beutelsbach|Endersbach|Stetten-Beinstein|Rommelshausen|Waiblingen|Fellbach,8005774,Stuttgart-Sommerrain,Baden-Württemberg,Stuttgart,70374,9.248369749,48.81521824,5,2608170600.0,,2608170600.0,,h,1.0,Bauarbeiten,,,,,,,0.0,0.0
2386613761040749971-2608170603-12,7207,2608170630.0,2608170630.0,1,,S,S2,Schorndorf|Weiler(Rems)|Winterbach(b Schorndorf)|Geradstetten|Grunbach|Beutelsbach|Endersbach|Stetten-Beinstein|Rommelshausen|Waiblingen|Fellbach,8005774,Stuttgart-Sommerrain,Baden-Württemberg,Stuttgart,70374,9.248369749,48.81521824,5,2608170630.0,,2608170631.0,,h,1.0,Bauarbeiten,,,,,,,0.0,1.0
4883033308940108541-2608170541-9,7305,2608170605.0,2608170605.0,1,,S,S3,Backnang|Maubach|Nellmersbach|Winnenden|Schwaikheim|Neustadt-Hohenacker|Waiblingen|Fellbach,8005774,Stuttgart-Sommerrain,Baden-Württemberg,Stuttgart,70374,9.248369749,48.81521824,5,2608170606.0,,2608170607.0,,,,,,,,,,,1.0,2.0
7952941757833702919-2608170612-4,7304,2608170624.0,2608170624.0,4,,S,S3,Stuttgart Hbf|Stuttgart-Bad Cannstatt|Stuttgart Nürnberger Str.,8005774,Stuttgart-Sommerrain,Baden-Württemberg,Stuttgart,70374,9.248369749,48.81521824,5,2608170624.0,,2608170625.0,,,,,,,,,,,0.0,1.0
8928020016835199525-2608170611-9,7307,2608170635.0,2608170635.0,1,,S,S3,Backnang|Maubach|Nellmersbach|Winnenden|Schwaikheim|Neustadt-Hohenacker|Waiblingen|Fellbach,8005774,Stuttgart-Sommerrain,Baden-Württemberg,Stuttgart,70374,9.248369749,48.81521824,5,2608170635.0,,2608170635.0,,,,,,,,,,,0.0,0.0
3965518062033575210-2608170650-4,7206,2608170659.0,2608170659.0,4,,S,S2,Stuttgart Hbf|Stuttgart-Bad Cannstatt|Stuttgart Nürnberger Str.,8005774,Stuttgart-Sommerrain,Baden-Württemberg,Stuttgart,70374,9.248369749,48.81521824,5,2608170659.0,,2608170659.0,,h,1.0,Bauarbeiten,,,,,,,0.0,0.0
-6211003010298504877-2608170642-4,7306,2608170654.0,2608170654.0,4,,S,S3,Stuttgart Hbf|Stuttgart-Bad Cannstatt|Stuttgart Nürnberger Str.,8005774,Stuttgart-Sommerrain,Baden-Württemberg,Stuttgart,70374,9.248369749,48.81521824,5,2608170654.0,,2608170655.0,,,,,,,,,,,0.0,1.0
-7596434955654923825-2608170620-4,7204,2608170629.0,2608170629.0,4,,S,S2,Stuttgart Hbf|Stuttgart-Bad Cannstatt|Stuttgart Nürnberger Str.,8005774,Stuttgart-Sommerrain,Baden-Württemberg,Stuttgart,70374,9.248369749,48.81521824,5,2608170629.0,,2608170630.0,,h,1.0,Bauarbeiten,,,,,,,0.0,1.0
9133098357832980471-2608170620-12,7109,2608170655.0,2608170655.0,5,,S,S1,Kirchheim(Teck)|Kirchheim(Teck)-Ötlingen|Wendlingen(Neckar)|Wernau(Neckar)|Plochingen|Altbach|Esslingen-Zell|Oberesslingen|Esslingen(Neckar)|Esslingen-Mettingen|Stuttgart-Obertürkheim,8005775,Stuttgart-Untertürkheim Pbf,Baden-Württemberg,Stuttgart,70327,9.250467074,48.77984679,3,2608170655.0,,2608170655.0,,,,,,,,,,,0.0,0.0
-5963168999968799515-2608170625-4,7106,2608170634.0,2608170634.0,6,,S,S1,Stuttgart Hbf|Stuttgart-Bad Cannstatt|Stuttgart Neckarpark,8005775,Stuttgart-Untertürkheim Pbf,Baden-Württemberg,Stuttgart,70327,9.250467074,48.77984679,3,2608170636.0,,2608170636.0,,,,,,,,,,,2.0,2.0
3121292710624229087-2608170550-12,7107,2608170625.0,2608170625.0,5,,S,S1,Kirchheim(Teck)|Kirchheim(Teck)-Ötlingen|Wendlingen(Neckar)|Wernau(Neckar)|Plochingen|Altbach|Esslingen-Zell|Oberesslingen|Esslingen(Neckar)|Esslingen-Mettingen|Stuttgart-Obertürkheim,8005775,Stuttgart-Untertürkheim Pbf,Baden-Württemberg,Stuttgart,70327,9.250467074,48.77984679,3,2608170629.0,,2608170629.0,,,,,,,,,,,4.0,4.0
7442213844394111459-2608170555-4,7104,2608170604.0,2608170604.0,6,,S,S1,Stuttgart Hbf|Stuttgart-Bad Cannstatt|Stuttgart Neckarpark,8005775,Stuttgart-Untertürkheim Pbf,Baden-Württemberg,Stuttgart,70327,9.250467074,48.77984679,3,2608170604.0,,2608170604.0,,,,,,,,,,,0.0,0.0
6700417600117952122-2608170633-7,7906,2608170650.0,,2,,S,,Filderstadt|Stuttgart Flughafen/Messe|Echterdingen|Leinfelden|Oberaichen|Stuttgart-Rohr,8005776,Stuttgart-Vaihingen,Baden-Württemberg,Stuttgart,70563,9.113913368,48.72698116,3,2608170650.0,,,,,,,,,,,,,0.0,0.0
-7688656793784040376-2608170633-2,28468,2608170641.0,2608170641.0,4,,RE,RESB,Böblingen,8005776,Stuttgart-Vaihingen,Baden-Württemberg,Stuttgart,70563,9.113913368,48.72698116,3,2608170647.0,,2608170648.0,,,,,,,,,,,6.0,7.0
-3236295447716473636-2608170635-1,7907,,2608170635.0,,,S,S2,,8005776,Stuttgart-Vaihingen,Baden-Württemberg,Stuttgart,70563,9.113913368,48.72698116,3,,,2608170635.0,,,,,,,,,,,0.0,0.0
-9135645456789564620-2608170646-1,7707,,2608170646.0,,,S,S1,,8005776,Stuttgart-Vaihingen,Baden-Württemberg,Stuttgart,70563,9.113913368,48.72698116,3,,,2608170646.0,,,,,,,,,,,0.0,0.0
6419718419888715206-2608170603-7,7904,2608170620.0,,2,,S,,Filderstadt|Stuttgart Flughafen/Messe|Echterdingen|Leinfelden|Oberaichen|Stuttgart-Rohr,8005776,Stuttgart-Vaihingen,Baden-Württemberg,Stuttgart,70563,9.113913368,48.72698116,3,2608170621.0,,,,,,,,,,,,,1.0,0.0
-6582546900029270784-2608170603-2,28469,2608170618.0,2608170618.0,4,,RE,RESB,Stuttgart Hbf,8005776,Stuttgart-Vaihingen,Baden-Württemberg,Stuttgart,70563,9.113913368,48.72698116,3,2608170625.0,,2608170626.0,,,,,,,,,,,7.0,8.0
5500760249572071640-2608170511-11,17608,2608170627.0,2608170628.0,4,,RE,RE14a,Rottweil|Oberndorf(Neckar)|Sulz(Neckar)|Horb|Eutingen im Gäu|Ergenzingen|Bondorf(b Herrenberg)|Gäufelden|Herrenberg|Böblingen,8005776,Stuttgart-Vaihingen,Baden-Württemberg,Stuttgart,70563,9.113913368,48.72698116,3,2608170629.0,,2608170630.0,,h,2.0,Bauarbeiten,,,,,,,2.0,2.0
-6533465171789901239-2608170616-1,7705,,2608170616.0,,,S,S1,,8005776,Stuttgart-Vaihingen,Baden-Württemberg,Stuttgart,70563,9.113913368,48.72698116,3,,,2608170616.0,,,,,,,,,,,0.0,0.0
7813982294123805143-2608170616-9,7708,2608170640.0,,3,,S,,Herrenberg|Nufringen|Gärtringen|Ehningen(b Böblingen)|Hulb|Böblingen|Goldberg(Württ)|Stuttgart-Rohr,8005776,Stuttgart-Vaihingen,Baden-Württemberg,Stuttgart,70563,9.113913368,48.72698116,3,2608170640.0,,,,,,,,,,,,,0.0,0.0
4676022960576610965-2608170605-1,7905,,2608170605.0,,,S,S2,,8005776,Stuttgart-Vaihingen,Baden-Württemberg,Stuttgart,70563,9.113913368,48.72698116,3,,,2608170605.0,,,,,,,,,,,0.0,0.0
239390452411476308-2608170546-9,7706,2608170610.0,,3,,S,,Herrenberg|Nufringen|Gärtringen|Ehningen(b Böblingen)|Hulb|Böblingen|Goldberg(Württ)|Stuttgart-Rohr,8005776,Stuttgart-Vaihingen,Baden-Württemberg,Stuttgart,70563,9.113913368,48.72698116,3,2608170610.0,,,,,,,,,,,,,0.0,0.0
3363962381041340479-2608170534-12,7003,2608170611.0,2608170611.0,2,,S,S60,Böblingen|Sindelfingen|Maichingen|Maichingen Nord|Magstadt|Renningen Süd|Renningen|Rutesheim|Leonberg|Höfingen|Ditzingen,8006268,Stuttgart-Weilimdorf,Baden-Württemberg,Stuttgart,70499,9.094370086,48.82208429,5,2608170611.0,,2608170612.0,,h,1.0,Bauarbeiten,,,,,,,0.0,1.0
-2314480797793343036-2608170641-4,7010,2608170648.0,2608170648.0,1,,S,S60,Stuttgart-Zuffenhausen|Neuwirtshaus(Porscheplatz)|Korntal,8006268,Stuttgart-Weilimdorf,Baden-Württemberg,Stuttgart,70499,9.094370086,48.82208429,5,2608170648.0,,2608170649.0,,h,1.0,Bauarbeiten,,,,,,,0.0,1.0
1562696569465503615-2608170603-8,7607,2608170626.0,2608170626.0,2,,S,S6,Weil der Stadt|Malmsheim|Renningen|Rutesheim|Leonberg|Höfingen|Ditzingen,8006268,Stuttgart-Weilimdorf,Baden-Württemberg,Stuttgart,70499,9.094370086,48.82208429,5,2608170626.0,,2608170627.0,,h,1.0,Bauarbeiten,,,,,,,0.0,1.0
7483286607335299715-2608170633-8,7609,2608170656.0,2608170656.0,2,,S,S6,Weil der Stadt|Malmsheim|Renningen|Rutesheim|Leonberg|Höfingen|Ditzingen,8006268,Stuttgart-Weilimdorf,Baden-Württemberg,Stuttgart,70499,9.094370086,48.82208429,5,2608170656.0,,2608170657.0,,h,1.0,Bauarbeiten,,,,,,,0.0,1.0
133917740309649745-2608170604-12,7005,2608170641.0,2608170641.0,2,,S,S60,Böblingen|Sindelfingen|Maichingen|Maichingen Nord|Magstadt|Renningen Süd|Renningen|Rutesheim|Leonberg|Höfingen|Ditzingen,8006268,Stuttgart-Weilimdorf,Baden-Württemberg,Stuttgart,70499,9.094370086,48.82208429,5,2608170642.0,,2608170642.0,,h,1.0,Bauarbeiten,,,,,,,1.0,1.0
6322021483645396893-2608170611-4,7008,2608170618.0,2608170618.0,1,,S,S60,Stuttgart-Zuffenhausen|Neuwirtshaus(Porscheplatz)|Korntal,8006268,Stuttgart-Weilimdorf,Baden-Württemberg,Stuttgart,70499,9.094370086,48.82208429,5,2608170618.0,,2608170618.0,,h,1.0,Bauarbeiten,,,,,,,0.0,0.0
-1663230384092736702-2608170555-5,7602,2608170603.0,2608170604.0,1,,S,S6,Stuttgart-Feuerbach|Stuttgart-Zuffenhausen|Neuwirtshaus(Porscheplatz)|Korntal,8006268,Stuttgart-Weilimdorf,Baden-Württemberg,Stuttgart,70499,9.094370086,48.82208429,5,2608170606.0,,2608170606.0,,h,1.0,Bauarbeiten,,,,,,,3.0,2.0
-1878590878288579038-2608170625-5,7604,2608170633.0,2608170634.0,1,,S,S6,Stuttgart-Feuerbach|Stuttgart-Zuffenhausen|Neuwirtshaus(Porscheplatz)|Korntal,8006268,Stuttgart-Weilimdorf,Baden-Württemberg,Stuttgart,70499,9.094370086,48.82208429,5,2608170634.0,,2608170635.0,,h,1.0,Bauarbeiten,,,,,,,1.0,1.0
-2389969051944980072-2608170627-3,7506,2608170636.0,2608170637.0,4,,S,S5,Stuttgart Hbf|Stuttgart Nordbahnhof,8005778,Stuttgart-Zuffenhausen,Baden-Württemberg,Stuttgart,70435,9.167156375,48.82960884,3,2608170636.0,,2608170637.0,,,,,,,,,,,0.0,0.0
3363962381041340479-2608170534-15,7003,2608170618.0,,11,,S,,Böblingen|Sindelfingen|Maichingen|Maichingen Nord|Magstadt|Renningen Süd|Renningen|Rutesheim|Leonberg|Höfingen|Ditzingen|Weilimdorf|Korntal|Neuwirtshaus(Porscheplatz),8005778,Stuttgart-Zuffenhausen,Baden-Württemberg,Stuttgart,70435,9.167156375,48.82960884,3,2608170618.0,,,,h,1.0,Bauarbeiten,,,,,,,0.0,0.0
-7991620981716441940-2608170637-6,7509,2608170653.0,2608170654.0,5,,S,S5,Bietigheim-Bissingen|Tamm(Württ)|Asperg|Ludwigsburg|Kornwestheim Pbf,8005778,Stuttgart-Zuffenhausen,Baden-Württemberg,Stuttgart,70435,9.167156375,48.82960884,3,2608170653.0,,2608170654.0,,,,,,,,,,,0.0,0.0
3616244586256157506-2608170603-11,7407,2608170643.0,2608170644.0,5,,S,S4,Backnang|Burgstall(Murr)|Kirchberg(Murr)|Erdmannhausen|Marbach(Neckar)|Benningen(Neckar)|Freiberg(Neckar)|Favoritepark|Ludwigsburg|Kornwestheim Pbf,8005778,Stuttgart-Zuffenhausen,Baden-Württemberg,Stuttgart,70435,9.167156375,48.82960884,3,2608170647.0,,2608170647.0,,h,1.0,Bauarbeiten,,,,,,,4.0,3.0
-2314480797793343036-2608170641-1,7010,,2608170641.0,,,S,S60,,8005778,Stuttgart-Zuffenhausen,Baden-Württemberg,Stuttgart,70435,9.167156375,48.82960884,3,,,2608170641.0,,h,1.0,Bauarbeiten,,,,,,,0.0,0.0
1562696569465503615-2608170603-11,7607,2608170633.0,2608170634.0,12,,S,S6,Weil der Stadt|Malmsheim|Renningen|Rutesheim|Leonberg|Höfingen|Ditzingen|Weilimdorf|Korntal|Neuwirtshaus(Porscheplatz),8005778,Stuttgart-Zuffenhausen,Baden-Württemberg,Stuttgart,70435,9.167156375,48.82960884,3,2608170633.0,,2608170634.0,,h,1.0,Bauarbeiten,,,,,,,0.0,0.0
133917740309649745-2608170604-15,7005,2608170648.0,,11,,S,,Böblingen|Sindelfingen|Maichingen|Maichingen Nord|Magstadt|Renningen Süd|Renningen|Rutesheim|Leonberg|Höfingen|Ditzingen|Weilimdorf|Korntal|Neuwirtshaus(Porscheplatz),8005778,Stuttgart-Zuffenhausen,Baden-Württemberg,Stuttgart,70435,9.167156375,48.82960884,3,2608170649.0,,,,h,1.0,Bauarbeiten,,,,,,,1.0,0.0
6322021483645396893-2608170611-1,7008,,2608170611.0,,,S,S60,,8005778,Stuttgart-Zuffenhausen,Baden-Württemberg,Stuttgart,70435,9.167156375,48.82960884,3,,,2608170611.0,,h,1.0,Bauarbeiten,,,,,,,0.0,0.0
-7982574342285083158-2608170557-3,7504,2608170606.0,2608170607.0,4,,S,S5,Stuttgart Hbf|Stuttgart Nordbahnhof,8005778,Stuttgart-Zuffenhausen,Baden-Württemberg,Stuttgart,70435,9.167156375,48.82960884,3,2608170606.0,,2608170607.0,,,,,,,,,,,0.0,0.0
7527439288478747532-2608170607-3,7402,2608170616.0,2608170617.0,4,,S,S4,Stuttgart Hbf|Stuttgart Nordbahnhof,8005778,Stuttgart-Zuffenhausen,Baden-Württemberg,Stuttgart,70435,9.167156375,48.82960884,3,2608170623.0,,2608170624.0,,,,,,,,,,,7.0,7.0
5872067968392634034-2608170655-2,7606,2608170656.0,2608170657.0,12,,S,S6,Stuttgart-Feuerbach,8005778,Stuttgart-Zuffenhausen,Baden-Württemberg,Stuttgart,70435,9.167156375,48.82960884,3,2608170657.0,,2608170657.0,,h,1.0,Bauarbeiten,,,,,,,1.0,0.0
-6199987628200262080-2608170533-11,7605,2608170603.0,2608170604.0,12,,S,S6,Weil der Stadt|Malmsheim|Renningen|Rutesheim|Leonberg|Höfingen|Ditzingen|Weilimdorf|Korntal|Neuwirtshaus(Porscheplatz),8005778,Stuttgart-Zuffenhausen,Baden-Württemberg,Stuttgart,70435,9.167156375,48.82960884,3,2608170603.0,,2608170604.0,,h,1.0,Bauarbeiten,,,,,,,0.0,0.0
-1878590878288579038-2608170625-2,7604,2608170626.0,2608170627.0,12,,S,S6,Stuttgart-Feuerbach,8005778,Stuttgart-Zuffenhausen,Baden-Württemberg,Stuttgart,70435,9.167156375,48.82960884,3,2608170628.0,,2608170627.0,,h,1.0,Bauarbeiten,,,,,,,2.0,0.0
-8255187816541177533-2608170637-3,7404,2608170646.0,2608170647.0,4,,S,S4,Stuttgart Hbf|Stuttgart Nordbahnhof,8005778,Stuttgart-Zuffenhausen,Baden-Württemberg,Stuttgart,70435,9.167156375,48.82960884,3,2608170646.0,,2608170648.0,,,,,,,,,,,0.0,1.0
-5152190475701295737-2608170533-11,7405,2608170613.0,2608170614.0,5,,S,S4,Backnang|Burgstall(Murr)|Kirchberg(Murr)|Erdmannhausen|Marbach(Neckar)|Benningen(Neckar)|Freiberg(Neckar)|Favoritepark|Ludwigsburg|Kornwestheim Pbf,8005778,Stuttgart-Zuffenhausen,Baden-Württemberg,Stuttgart,70435,9.167156375,48.82960884,3,2608170616.0,,2608170617.0,,h,1.0,Bauarbeiten,,,,,,,3.0,3.0
1673760967772015930-2608170607-6,7507,2608170623.0,2608170624.0,5,,S,S5,Bietigheim-Bissingen|Tamm(Württ)|Asperg|Ludwigsburg|Kornwestheim Pbf,8005778,Stuttgart-Zuffenhausen,Baden-Württemberg,Stuttgart,70435,9.167156375,48.82960884,3,2608170623.0,,2608170624.0,,,,,,,,,,,0.0,0.0
-2389969051944980072-2608170627-7,7506,2608170650.0,2608170650.0,3,,S,S5,Stuttgart Hbf|Stuttgart Nordbahnhof|Stuttgart-Zuffenhausen|Kornwestheim Pbf|Ludwigsburg|Asperg,8005820,Tamm (Württ),Baden-Württemberg,Tamm,71732,9.125288012,48.92187736,4,2608170650.0,,2608170650.0,,,,,,,,,,,0.0,0.0
-7991620981716441940-2608170637-2,7509,2608170640.0,2608170640.0,2,,S,S5,Bietigheim-Bissingen,8005820,Tamm (Württ),Baden-Württemberg,Tamm,71732,9.125288012,48.92187736,4,2608170640.0,,2608170640.0,,,,,,,,,,,0.0,0.0
-7982574342285083158-2608170557-7,7504,2608170620.0,2608170620.0,3,,S,S5,Stuttgart Hbf|Stuttgart Nordbahnhof|Stuttgart-Zuffenhausen|Kornwestheim Pbf|Ludwigsburg|Asperg,8005820,Tamm (Württ),Baden-Württemberg,Tamm,71732,9.125288012,48.92187736,4,2608170620.0,,2608170620.0,,,,,,,,,,,0.0,0.0
1673760967772015930-2608170607-2,7507,2608170610.0,2608170610.0,2,,S,S5,Bietigheim-Bissingen,8005820,Tamm (Württ),Baden-Württemberg,Tamm,71732,9.125288012,48.92187736,4,2608170610.0,,2608170610.0,,,,,,,,,,,0.0,0.0
-2740801216527864305-2608170618-3,19455,2608170632.0,2608170632.0,6,,ARV,13,Stuttgart Hbf|Stuttgart-Bad Cannstatt,8000180,Waiblingen,Baden-Württemberg,Waiblingen,71332,9.300476874,48.8262444,3,2608170702.0,,2608170703.0,,h,2.0,Information,,,Stuttgart Hbf|Stuttgart-Bad Cannstatt,Schorndorf|Urbach(b Schorndorf)|Plüderhausen|Waldhausen(b Schorndorf)|Lorch(Württ)|Schwäbisch Gmünd|Böbingen(Rems)|Mögglingen(Gmünd)|Aalen Hbf|Wasseralfingen|Hofen(b Aalen)|Goldshöfe|Schwabsberg|Schrezheim|Ellwangen|Jagstzell|Crailsheim,,,30.0,31.0
2386613761040749971-2608170603-10,7207,2608170624.0,2608170625.0,5,,S,S2,Schorndorf|Weiler(Rems)|Winterbach(b Schorndorf)|Geradstetten|Grunbach|Beutelsbach|Endersbach|Stetten-Beinstein|Rommelshausen,8000180,Waiblingen,Baden-Württemberg,Waiblingen,71332,9.300476874,48.8262444,3,2608170624.0,,2608170625.0,,h,1.0,Bauarbeiten,,,,,,,0.0,0.0
-7333231527529019300-2608170509-18,19450,2608170658.0,2608170658.0,6,,ARV,13,Crailsheim|Jagstzell|Ellwangen|Schrezheim|Schwabsberg|Goldshöfe|Hofen(b Aalen)|Wasseralfingen|Aalen Hbf|Mögglingen(Gmünd)|Böbingen(Rems)|Schwäbisch Gmünd|Lorch(Württ)|Waldhausen(b Schorndorf)|Plüderhausen|Urbach(b Schorndorf)|Schorndorf,8000180,Waiblingen,Baden-Württemberg,Waiblingen,71332,9.300476874,48.8262444,3,2608170658.0,,2608170658.0,,h,2.0,Information,,,,,,,0.0,0.0
4883033308940108541-2608170541-7,7305,2608170559.0,2608170600.0,1,,S,S3,Backnang|Maubach|Nellmersbach|Winnenden|Schwaikheim|Neustadt-Hohenacker,8000180,Waiblingen,Baden-Württemberg,Waiblingen,71332,9.300476874,48.8262444,3,2608170601.0,,2608170601.0,,,,,,,,,,,2.0,1.0
7952941757833702919-2608170612-6,7304,2608170629.0,2608170630.0,3,,S,S3,Stuttgart Hbf|Stuttgart-Bad Cannstatt|Stuttgart Nürnberger Str.|Stuttgart-Sommerrain|Fellbach,8000180,Waiblingen,Baden-Württemberg,Waiblingen,71332,9.300476874,48.8262444,3,2608170629.0,,2608170630.0,,,,,,,,,,,0.0,0.0
8928020016835199525-2608170611-7,7307,2608170629.0,2608170630.0,1,,S,S3,Backnang|Maubach|Nellmersbach|Winnenden|Schwaikheim|Neustadt-Hohenacker,8000180,Waiblingen,Baden-Württemberg,Waiblingen,71332,9.300476874,48.8262444,3,2608170630.0,,2608170630.0,,,,,,,,,,,1.0,0.0
-3170854094601281231-2608170550-6,7202,2608170604.0,2608170605.0,7,,S,S2,Stuttgart Hbf|Stuttgart-Bad Cannstatt|Stuttgart Nürnberger Str.|Stuttgart-Sommerrain|Fellbach,8000180,Waiblingen,Baden-Württemberg,Waiblingen,71332,9.300476874,48.8262444,3,2608170605.0,,2608170606.0,,h,1.0,Bauarbeiten,,,,,,,1.0,1.0
-520614682527419775-2608170612-3,17507,2608170622.0,2608170624.0,3,,RB,MEX90,Stuttgart Hbf|Stuttgart-Bad Cannstatt,8000180,Waiblingen,Baden-Württemberg,Waiblingen,71332,9.300476874,48.8262444,3,2608170624.0,,2608170625.0,,,,,,,,,,,2.0,1.0
5784758985011942046-2608170641-7,7309,2608170659.0,2608170700.0,1,,S,S3,Backnang|Maubach|Nellmersbach|Winnenden|Schwaikheim|Neustadt-Hohenacker,8000180,Waiblingen,Baden-Württemberg,Waiblingen,71332,9.300476874,48.8262444,3,2608170659.0,,2608170700.0,,,,,,,,,,,0.0,0.0
-2119284905102487164-2608170542-6,7302,2608170559.0,2608170600.0,3,,S,S3,Stuttgart Hbf|Stuttgart-Bad Cannstatt|Stuttgart Nürnberger Str.|Stuttgart-Sommerrain|Fellbach,8000180,Waiblingen,Baden-Württemberg,Waiblingen,71332,9.300476874,48.8262444,3,2608170559.0,,2608170600.0,,,,,,,,,,,0.0,0.0
-4957283563684167504-2608170535-10,19408,2608170628.0,2608170628.0,6,,ARV,13,Aalen Hbf|Mögglingen(Gmünd)|Böbingen(Rems)|Schwäbisch Gmünd|Lorch(Württ)|Waldhausen(b Schorndorf)|Plüderhausen|Urbach(b Schorndorf)|Schorndorf,8000180,Waiblingen,Baden-Württemberg,Waiblingen,71332,9.300476874,48.8262444,3,2608170636.0,,2608170635.0,,h,2.0,Information,,,,,,,8.0,7.0
-7676551856859768075-2608170633-10,7209,2608170654.0,2608170655.0,5,,S,S2,Schorndorf|Weiler(Rems)|Winterbach(b Schorndorf)|Geradstetten|Grunbach|Beutelsbach|Endersbach|Stetten-Beinstein|Rommelshausen,8000180,Waiblingen,Baden-Württemberg,Waiblingen,71332,9.300476874,48.8262444,3,2608170655.0,,2608170656.0,,h,1.0,Bauarbeiten,,,,,,,1.0,1.0
8994706327786199832-2608170644-3,98229,2608170653.0,2608170654.0,,,ARV,90,Stuttgart Hbf|Stuttgart-Bad Cannstatt,8000180,Waiblingen,Baden-Württemberg,Waiblingen,71332,9.300476874,48.8262444,3,2608170657.0,3.0,2608170658.0,3.0,,,,,,,,,,4.0,4.0
-6211003010298504877-2608170642-6,7306,2608170659.0,2608170700.0,3,,S,S3,Stuttgart Hbf|Stuttgart-Bad Cannstatt|Stuttgart Nürnberger Str.|Stuttgart-Sommerrain|Fellbach,8000180,Waiblingen,Baden-Württemberg,Waiblingen,71332,9.300476874,48.8262444,3,2608170701.0,,2608170702.0,,,,,,,,,,,2.0,2.0
3516685371387133495-2608170537-9,88630,2608170618.0,2608170619.0,1,,ARV,90,Gaildorf West|Fichtenberg|Fornsbach|Murrhardt|Sulzbach(Murr)|Oppenweiler(Württ)|Backnang|Winnenden,8000180,Waiblingen,Baden-Württemberg,Waiblingen,71332,9.300476874,48.8262444,3,2608170622.0,,2608170623.0,,,,,,,,,,,4.0,4.0
-1230331331805101438-2608170549-3,19453,2608170602.0,2608170602.0,6,,ARV,13,Stuttgart Hbf|Stuttgart-Bad Cannstatt,8000180,Waiblingen,Baden-Württemberg,Waiblingen,71332,9.300476874,48.8262444,3,2608170602.0,,2608170602.0,,h,2.0,Information,,,,,,,0.0,0.0
-7596434955654923825-2608170620-6,7204,2608170634.0,2608170635.0,7,,S,S2,Stuttgart Hbf|Stuttgart-Bad Cannstatt|Stuttgart Nürnberger Str.|Stuttgart-Sommerrain|Fellbach,8000180,Waiblingen,Baden-Württemberg,Waiblingen,71332,9.300476874,48.8262444,3,2608170634.0,,2608170635.0,,h,1.0,Bauarbeiten,,,,,,,0.0,0.0
1562696569465503615-2608170603-1,7607,,2608170603.0,,,S,S6,,8006271,Weil der Stadt,Baden-Württemberg,Weil der Stadt,71263,8.873189074,48.7557357,4,,,2608170603.0,,h,1.0,Bauarbeiten,,,,,,,0.0,0.0
7483286607335299715-2608170633-1,7609,,2608170633.0,,,S,S6,,8006271,Weil der Stadt,Baden-Württemberg,Weil der Stadt,71263,8.873189074,48.7557357,4,,,2608170633.0,,h,1.0,Bauarbeiten,,,,,,,0.0,0.0
3908443840939158326-2608170610-5,26127,2608170628.0,2608170628.0,141,,SWE,RB76,Calw|Calw-Heumaden|Althengstett|Ostelsheim,8006271,Weil der Stadt,Baden-Württemberg,Weil der Stadt,71263,8.873189074,48.7557357,4,2608170628.0,,,,,,,,,,,,,0.0,0.0
-4308836671412255717-2608170642-2,26128,2608170645.0,2608170647.0,141,,SWE,RB76,Renningen,8006271,Weil der Stadt,Baden-Württemberg,Weil der Stadt,71263,8.873189074,48.7557357,4,,,2608170647.0,,,,,,,,,,,0.0,0.0
395896139752678021-2608170617-1,26126,,2608170617.0,,,SWE,RB76,,8006271,Weil der Stadt,Baden-Württemberg,Weil der Stadt,71263,8.873189074,48.7557357,4,,,2608170617.0,,,,,,,,,,,0.0,0.0
-1663230384092736702-2608170555-12,7602,2608170627.0,,2,,S,,Stuttgart-Feuerbach|Stuttgart-Zuffenhausen|Neuwirtshaus(Porscheplatz)|Korntal|Weilimdorf|Ditzingen|Höfingen|Leonberg|Rutesheim|Renningen|Malmsheim,8006271,Weil der Stadt,Baden-Württemberg,Weil der Stadt,71263,8.873189074,48.7557357,4,2608170628.0,,,,h,1.0,Bauarbeiten,,,,,,,1.0,0.0
-1878590878288579038-2608170625-12,7604,2608170657.0,,2,,S,,Stuttgart-Feuerbach|Stuttgart-Zuffenhausen|Neuwirtshaus(Porscheplatz)|Korntal|Weilimdorf|Ditzingen|Höfingen|Leonberg|Rutesheim|Renningen|Malmsheim,8006271,Weil der Stadt,Baden-Württemberg,Weil der Stadt,71263,8.873189074,48.7557357,4,2608170657.0,,,,h,1.0,Bauarbeiten,,,,,,,0.0,0.0
-925630309494782927-2608170640-5,26129,2608170658.0,,141,,SWE,,Calw|Calw-Heumaden|Althengstett|Ostelsheim,8006271,Weil der Stadt,Baden-Württemberg,Weil der Stadt,71263,8.873189074,48.7557357,4,2608170658.0,,,,,,,,,,,,,0.0,0.0
2386613761040749971-2608170603-2,7207,2608170606.0,2608170606.0,2,,S,S2,Schorndorf,8006277,Weiler (Rems),Baden-Württemberg,Schorndorf,76314,9.501891172,48.80034585,5,2608170606.0,,2608170606.0,,h,1.0,Bauarbeiten,,,,,,,0.0,0.0
-3170854094601281231-2608170550-14,7202,2608170622.0,2608170622.0,1,,S,S2,Stuttgart Hbf|Stuttgart-Bad Cannstatt|Stuttgart Nürnberger Str.|Stuttgart-Sommerrain|Fellbach|Waiblingen|Rommelshausen|Stetten-Beinstein|Endersbach|Beutelsbach|Grunbach|Geradstetten|Winterbach(b Schorndorf),8006277,Weiler (Rems),Baden-Württemberg,Schorndorf,76314,9.501891172,48.80034585,5,2608170622.0,,2608170622.0,,h,1.0,Bauarbeiten,,,,,,,0.0,0.0
-7676551856859768075-2608170633-2,7209,2608170636.0,2608170636.0,2,,S,S2,Schorndorf,8006277,Weiler (Rems),Baden-Württemberg,Schorndorf,76314,9.501891172,48.80034585,5,2608170637.0,,2608170637.0,,h,1.0,Bauarbeiten,,,,,,,1.0,1.0
-7596434955654923825-2608170620-14,7204,2608170652.0,2608170652.0,1,,S,S2,Stuttgart Hbf|Stuttgart-Bad Cannstatt|Stuttgart Nürnberger Str.|Stuttgart-Sommerrain|Fellbach|Waiblingen|Rommelshausen|Stetten-Beinstein|Endersbach|Beutelsbach|Grunbach|Geradstetten|Winterbach(b Schorndorf),8006277,Weiler (Rems),Baden-Württemberg,Schorndorf,76314,9.501891172,48.80034585,5,2608170652.0,,2608170652.0,,h,1.0,Bauarbeiten,,,,,,,0.0,0.0
9133098357832980471-2608170620-3,7109,2608170627.0,2608170628.0,12,,S,S1,Kirchheim(Teck)|Kirchheim(Teck)-Ötlingen,8006331,Wendlingen (Neckar),Baden-Württemberg,Wendlingen am Neckar,73240,9.373662098,48.67368917,3,2608170630.0,,2608170631.0,,,,,,,,,,,3.0,3.0
9164848740577760883-2608170525-13,7102,2608170602.0,2608170603.0,11,,S,S1,Stuttgart Hbf|Stuttgart-Bad Cannstatt|Stuttgart Neckarpark|Stuttgart-Untertürkheim|Stuttgart-Obertürkheim|Esslingen-Mettingen|Esslingen(Neckar)|Oberesslingen|Esslingen-Zell|Altbach|Plochingen|Wernau(Neckar),8006331,Wendlingen (Neckar),Baden-Württemberg,Wendlingen am Neckar,73240,9.373662098,48.67368917,3,2608170603.0,,2608170608.0,,,,,,,,,,,1.0,5.0
-2104450473252724213-2608170624-1,16043,,2608170624.0,,,RE,RE200,,8006331,Wendlingen (Neckar),Baden-Württemberg,Wendlingen am Neckar,73240,9.373662098,48.67368917,3,,,2608170625.0,,h,2.0,Störung,,,,,,,0.0,1.0
-6655970972115007016-2608170650-3,7111,2608170657.0,2608170658.0,12,,S,S1,Kirchheim(Teck)|Kirchheim(Teck)-Ötlingen,8006331,Wendlingen (Neckar),Baden-Württemberg,Wendlingen am Neckar,73240,9.373662098,48.67368917,3,2608170659.0,,2608170659.0,,,,,,,,,,,2.0,1.0
2163748464943291214-2608170544-5,19261,2608170611.0,2608170612.0,2,,RE,MEX12,Stuttgart Hbf|Stuttgart-Bad Cannstatt|Esslingen(Neckar)|Plochingen,8006331,Wendlingen (Neckar),Baden-Württemberg,Wendlingen am Neckar,73240,9.373662098,48.67368917,3,2608170612.0,,2608170613.0,,h,2.0,Bauarbeiten,,,,,,,1.0,1.0
7502879632717750314-2608170614-6,19216,2608170637.0,2608170638.0,1,,RE,MEX12,Reutlingen Hbf|Metzingen(Württ)|Bempflingen|Nürtingen|Oberboihingen,8006331,Wendlingen (Neckar),Baden-Württemberg,Wendlingen am Neckar,73240,9.373662098,48.67368917,3,2608170638.0,,2608170639.0,,h,2.0,Bauarbeiten,,,,,,,1.0,1.0
7442213844394111459-2608170555-13,7104,2608170632.0,2608170633.0,11,,S,S1,Stuttgart Hbf|Stuttgart-Bad Cannstatt|Stuttgart Neckarpark|Stuttgart-Untertürkheim|Stuttgart-Obertürkheim|Esslingen-Mettingen|Esslingen(Neckar)|Oberesslingen|Esslingen-Zell|Altbach|Plochingen|Wernau(Neckar),8006331,Wendlingen (Neckar),Baden-Württemberg,Wendlingen am Neckar,73240,9.373662098,48.67368917,3,2608170632.0,,2608170635.0,,,,,,,,,,,0.0,2.0
9133098357832980471-2608170620-4,7109,2608170631.0,2608170631.0,1,,S,S1,Kirchheim(Teck)|Kirchheim(Teck)-Ötlingen|Wendlingen(Neckar),8006346,Wernau (Neckar),Baden-Württemberg,Wernau (Neckar),73249,9.413654423,48.69417221,4,2608170633.0,,2608170634.0,,,,,,,,,,,2.0,3.0
-5963168999968799515-2608170625-12,7106,2608170658.0,2608170659.0,2,,S,S1,Stuttgart Hbf|Stuttgart-Bad Cannstatt|Stuttgart Neckarpark|Stuttgart-Untertürkheim|Stuttgart-Obertürkheim|Esslingen-Mettingen|Esslingen(Neckar)|Oberesslingen|Esslingen-Zell|Altbach|Plochingen,8006346,Wernau (Neckar),Baden-Württemberg,Wernau (Neckar),73249,9.413654423,48.69417221,4,2608170658.0,,2608170659.0,,,,,,,,,,,0.0,0.0
3121292710624229087-2608170550-4,7107,2608170601.0,2608170601.0,1,,S,S1,Kirchheim(Teck)|Kirchheim(Teck)-Ötlingen|Wendlingen(Neckar),8006346,Wernau (Neckar),Baden-Württemberg,Wernau (Neckar),73249,9.413654423,48.69417221,4,2608170608.0,,2608170609.0,,,,,,,,,,,7.0,8.0
7442213844394111459-2608170555-12,7104,2608170628.0,2608170629.0,2,,S,S1,Stuttgart Hbf|Stuttgart-Bad Cannstatt|Stuttgart Neckarpark|Stuttgart-Untertürkheim|Stuttgart-Obertürkheim|Esslingen-Mettingen|Esslingen(Neckar)|Oberesslingen|Esslingen-Zell|Altbach|Plochingen,8006346,Wernau (Neckar),Baden-Württemberg,Wernau (Neckar),73249,9.413654423,48.69417221,4,2608170628.0,,2608170629.0,,,,,,,,,,,0.0,0.0
7952941757833702919-2608170612-9,7304,2608170639.0,2608170639.0,2,,S,S3,Stuttgart Hbf|Stuttgart-Bad Cannstatt|Stuttgart Nürnberger Str.|Stuttgart-Sommerrain|Fellbach|Waiblingen|Neustadt-Hohenacker|Schwaikheim,8006479,Winnenden,Baden-Württemberg,Winnenden,71364,9.392155928,48.8795625,3,2608170639.0,,2608170639.0,,,,,,,,,,,0.0,0.0
8928020016835199525-2608170611-4,7307,2608170619.0,2608170620.0,3,,S,S3,Backnang|Maubach|Nellmersbach,8006479,Winnenden,Baden-Württemberg,Winnenden,71364,9.392155928,48.8795625,3,2608170620.0,,2608170621.0,,,,,,,,,,,1.0,1.0
-520614682527419775-2608170612-4,17507,2608170630.0,2608170631.0,2,,RB,MEX90,Stuttgart Hbf|Stuttgart-Bad Cannstatt|Waiblingen,8006479,Winnenden,Baden-Württemberg,Winnenden,71364,9.392155928,48.8795625,3,2608170631.0,,2608170632.0,,,,,,,,,,,1.0,1.0
5784758985011942046-2608170641-4,7309,2608170649.0,2608170650.0,3,,S,S3,Backnang|Maubach|Nellmersbach,8006479,Winnenden,Baden-Württemberg,Winnenden,71364,9.392155928,48.8795625,3,2608170649.0,,2608170650.0,,,,,,,,,,,0.0,0.0
-2119284905102487164-2608170542-9,7302,2608170609.0,2608170609.0,2,,S,S3,Stuttgart Hbf|Stuttgart-Bad Cannstatt|Stuttgart Nürnberger Str.|Stuttgart-Sommerrain|Fellbach|Waiblingen|Neustadt-Hohenacker|Schwaikheim,8006479,Winnenden,Baden-Württemberg,Winnenden,71364,9.392155928,48.8795625,3,2608170609.0,,2608170609.0,,,,,,,,,,,0.0,0.0
3516685371387133495-2608170537-8,88630,2608170611.0,2608170611.0,3,,ARV,90,Gaildorf West|Fichtenberg|Fornsbach|Murrhardt|Sulzbach(Murr)|Oppenweiler(Württ)|Backnang,8006479,Winnenden,Baden-Württemberg,Winnenden,71364,9.392155928,48.8795625,3,2608170614.0,,2608170615.0,,,,,,,,,,,3.0,4.0
2386613761040749971-2608170603-3,7207,2608170608.0,2608170608.0,1,,S,S2,Schorndorf|Weiler(Rems),8006485,Winterbach (b Schorndorf),Baden-Württemberg,Winterbach,73650,9.481549751,48.79842743,4,2608170608.0,,2608170608.0,,h,1.0,Bauarbeiten,,,,,,,0.0,0.0
-3170854094601281231-2608170550-13,7202,2608170620.0,2608170620.0,2,,S,S2,Stuttgart Hbf|Stuttgart-Bad Cannstatt|Stuttgart Nürnberger Str.|Stuttgart-Sommerrain|Fellbach|Waiblingen|Rommelshausen|Stetten-Beinstein|Endersbach|Beutelsbach|Grunbach|Geradstetten,8006485,Winterbach (b Schorndorf),Baden-Württemberg,Winterbach,73650,9.481549751,48.79842743,4,2608170620.0,,2608170620.0,,h,1.0,Bauarbeiten,,,,,,,0.0,0.0
-7676551856859768075-2608170633-3,7209,2608170638.0,2608170638.0,1,,S,S2,Schorndorf|Weiler(Rems),8006485,Winterbach (b Schorndorf),Baden-Württemberg,Winterbach,73650,9.481549751,48.79842743,4,2608170639.0,,2608170639.0,,h,1.0,Bauarbeiten,,,,,,,1.0,1.0
-7596434955654923825-2608170620-13,7204,2608170650.0,2608170650.0,2,,S,S2,Stuttgart Hbf|Stuttgart-Bad Cannstatt|Stuttgart Nürnberger Str.|Stuttgart-Sommerrain|Fellbach|Waiblingen|Rommelshausen|Stetten-Beinstein|Endersbach|Beutelsbach|Grunbach|Geradstetten,8006485,Winterbach (b Schorndorf),Baden-Württemberg,Winterbach,73650,9.481549751,48.79842743,4,2608170650.0,,2608170651.0,,h,1.0,Bauarbeiten,,,,,,,0.0,1.0
8966049452247091565-2608170541-11,7006,2608170615.0,2608170615.0,2,,S,S60,Stuttgart-Zuffenhausen|Neuwirtshaus(Porscheplatz)|Korntal|Weilimdorf|Ditzingen|Höfingen|Leonberg|Rutesheim|Renningen|Renningen Süd,8003807,Magstadt,Baden-Württemberg,Magstadt,71106,8.965315746,48.73616033,6,2608170616.0,,2608170617.0,,h,1.0,Bauarbeiten,,,,,,,1.0,2.0
133917740309649745-2608170604-5,7005,2608170613.0,2608170614.0,1,,S,S60,Böblingen|Sindelfingen|Maichingen|Maichingen Nord,8003807,Magstadt,Baden-Württemberg,Magstadt,71106,8.965315746,48.73616033,6,2608170614.0,,2608170615.0,,h,1.0,Bauarbeiten,,,,,,,1.0,1.0
1602954825218529829-2608170634-5,7007,2608170643.0,2608170644.0,1,,S,S60,Böblingen|Sindelfingen|Maichingen|Maichingen Nord,8003807,Magstadt,Baden-Württemberg,Magstadt,71106,8.965315746,48.73616033,6,2608170643.0,,2608170645.0,,h,1.0,Bauarbeiten,,,,,,,0.0,1.0
6322021483645396893-2608170611-11,7008,2608170645.0,2608170645.0,2,,S,S60,Stuttgart-Zuffenhausen|Neuwirtshaus(Porscheplatz)|Korntal|Weilimdorf|Ditzingen|Höfingen|Leonberg|Rutesheim|Renningen|Renningen Süd,8003807,Magstadt,Baden-Württemberg,Magstadt,71106,8.965315746,48.73616033,6,2608170646.0,,2608170646.0,,h,1.0,Bauarbeiten,,,,,,,1.0,1.0
8966049452247091565-2608170541-12,7006,2608170617.0,2608170617.0,2,,S,S60,Stuttgart-Zuffenhausen|Neuwirtshaus(Porscheplatz)|Korntal|Weilimdorf|Ditzingen|Höfingen|Leonberg|Rutesheim|Renningen|Renningen Süd|Magstadt,8003834,Maichingen Nord,Baden-Württemberg,Sindelfingen,71069,8.979416996,48.72750392,5,2608170618.0,,2608170619.0,,h,1.0,Bauarbeiten,,,,,,,1.0,2.0
133917740309649745-2608170604-4,7005,2608170611.0,2608170611.0,1,,S,S60,Böblingen|Sindelfingen|Maichingen,8003834,Maichingen Nord,Baden-Württemberg,Sindelfingen,71069,8.979416996,48.72750392,5,2608170612.0,,2608170612.0,,h,1.0,Bauarbeiten,,,,,,,1.0,1.0
1602954825218529829-2608170634-4,7007,2608170641.0,2608170641.0,1,,S,S60,Böblingen|Sindelfingen|Maichingen,8003834,Maichingen Nord,Baden-Württemberg,Sindelfingen,71069,8.979416996,48.72750392,5,2608170641.0,,2608170642.0,,h,1.0,Bauarbeiten,,,,,,,0.0,1.0
6322021483645396893-2608170611-12,7008,2608170647.0,2608170647.0,2,,S,S60,Stuttgart-Zuffenhausen|Neuwirtshaus(Porscheplatz)|Korntal|Weilimdorf|Ditzingen|Höfingen|Leonberg|Rutesheim|Renningen|Renningen Süd|Magstadt,8003834,Maichingen Nord,Baden-Württemberg,Sindelfingen,71069,8.979416996,48.72750392,5,2608170648.0,,2608170648.0,,h,1.0,Bauarbeiten,,,,,,,1.0,1.0
8966049452247091565-2608170541-13,7006,2608170619.0,2608170619.0,1,,S,S60,Stuttgart-Zuffenhausen|Neuwirtshaus(Porscheplatz)|Korntal|Weilimdorf|Ditzingen|Höfingen|Leonberg|Rutesheim|Renningen|Renningen Süd|Magstadt|Maichingen Nord,8003808,Maichingen,Baden-Württemberg,Sindelfingen,71069,8.969606704,48.72162074,6,2608170620.0,,2608170620.0,,h,1.0,Bauarbeiten,,,,,,,1.0,1.0
133917740309649745-2608170604-3,7005,2608170609.0,2608170610.0,1,,S,S60,Böblingen|Sindelfingen,8003808,Maichingen,Baden-Württemberg,Sindelfingen,71069,8.969606704,48.72162074,6,2608170610.0,,2608170611.0,,h,1.0,Bauarbeiten,,,,,,,1.0,1.0
1602954825218529829-2608170634-3,7007,2608170639.0,2608170640.0,1,,S,S60,Böblingen|Sindelfingen,8003808,Maichingen,Baden-Württemberg,Sindelfingen,71069,8.969606704,48.72162074,6,2608170640.0,,2608170640.0,,h,1.0,Bauarbeiten,,,,,,,1.0,0.0
6322021483645396893-2608170611-13,7008,2608170649.0,2608170649.0,1,,S,S60,Stuttgart-Zuffenhausen|Neuwirtshaus(Porscheplatz)|Korntal|Weilimdorf|Ditzingen|Höfingen|Leonberg|Rutesheim|Renningen|Renningen Süd|Magstadt|Maichingen Nord,8003808,Maichingen,Baden-Württemberg,Sindelfingen,71069,8.969606704,48.72162074,6,2608170650.0,,2608170651.0,,h,1.0,Bauarbeiten,,,,,,,1.0,2.0
8966049452247091565-2608170541-10,7006,2608170611.0,2608170611.0,2,,S,S60,Stuttgart-Zuffenhausen|Neuwirtshaus(Porscheplatz)|Korntal|Weilimdorf|Ditzingen|Höfingen|Leonberg|Rutesheim|Renningen,8005001,Renningen Süd,Baden-Württemberg,Renningen,71272,8.932068278,48.76261937,6,2608170612.0,,2608170613.0,,h,1.0,Bauarbeiten,,,,,,,1.0,2.0
133917740309649745-2608170604-6,7005,2608170617.0,2608170618.0,1,,S,S60,Böblingen|Sindelfingen|Maichingen|Maichingen Nord|Magstadt,8005001,Renningen Süd,Baden-Württemberg,Renningen,71272,8.932068278,48.76261937,6,2608170618.0,,2608170619.0,,h,1.0,Bauarbeiten,,,,,,,1.0,1.0
1602954825218529829-2608170634-6,7007,2608170647.0,2608170648.0,1,,S,S60,Böblingen|Sindelfingen|Maichingen|Maichingen Nord|Magstadt,8005001,Renningen Süd,Baden-Württemberg,Renningen,71272,8.932068278,48.76261937,6,2608170647.0,,2608170648.0,,h,1.0,Bauarbeiten,,,,,,,0.0,0.0
6322021483645396893-2608170611-10,7008,2608170641.0,2608170641.0,2,,S,S60,Stuttgart-Zuffenhausen|Neuwirtshaus(Porscheplatz)|Korntal|Weilimdorf|Ditzingen|Höfingen|Leonberg|Rutesheim|Renningen,8005001,Renningen Süd,Baden-Württemberg,Renningen,71272,8.932068278,48.76261937,6,2608170642.0,,2608170643.0,,h,1.0,Bauarbeiten,,,,,,,1.0,2.0
-8775031481172421761-2608170020-6,7181,2608170039.0,2608170040.0,3,,S,S1,Kirchheim(Teck)|Kirchheim(Teck)-Ötlingen|Wendlingen(Neckar)|Wernau(Neckar)|Plochingen,8000508,Altbach,Baden-Württemberg,Altbach,73776,9.382434033,48.72031354,3,2608170039.0,,2608170040.0,,,,,,,,,,,0.0,0.0
6181068125164198804-2608162355-10,7176,2608170020.0,2608170020.0,4,,S,S1,Stuttgart Hbf|Stuttgart-Bad Cannstatt|Stuttgart Neckarpark|Stuttgart-Untertürkheim|Stuttgart-Obertürkheim|Esslingen-Mettingen|Esslingen(Neckar)|Oberesslingen|Esslingen-Zell,8000508,Altbach,Baden-Württemberg,Altbach,73776,9.382434033,48.72031354,3,2608170020.0,,2608170020.0,,,,,,,,,,,0.0,0.0
2298525024658281877-2608170025-10,7178,2608170050.0,2608170050.0,4,,S,S1,Stuttgart Hbf|Stuttgart-Bad Cannstatt|Stuttgart Neckarpark|Stuttgart-Untertürkheim|Stuttgart-Obertürkheim|Esslingen-Mettingen|Esslingen(Neckar)|Oberesslingen|Esslingen-Zell,8000508,Altbach,Baden-Württemberg,Altbach,73776,9.382434033,48.72031354,3,2608170050.0,,2608170051.0,,,,,,,,,,,0.0,1.0
8092363418274949423-2608162350-6,7179,2608170009.0,2608170010.0,3,,S,S1,Kirchheim(Teck)|Kirchheim(Teck)-Ötlingen|Wendlingen(Neckar)|Wernau(Neckar)|Plochingen,8000508,Altbach,Baden-Württemberg,Altbach,73776,9.382434033,48.72031354,3,2608170009.0,,2608170010.0,,,,,,,,,,,0.0,0.0
-1059289875129037590-2608170027-6,7578,2608170047.0,2608170047.0,4,,S,S5,Stuttgart Hbf|Stuttgart Nordbahnhof|Stuttgart-Zuffenhausen|Kornwestheim Pbf|Ludwigsburg,8000630,Asperg,Baden-Württemberg,Asperg,71679,9.147977466,48.90725609,4,2608170048.0,,2608170048.0,,,,,,,,,,,1.0,1.0
8164387048971779418-2608170007-3,7579,2608170012.0,2608170013.0,3,,S,S5,Bietigheim-Bissingen|Tamm(Württ),8000630,Asperg,Baden-Württemberg,Asperg,71679,9.147977466,48.90725609,4,2608170012.0,,2608170013.0,,h,1.0,Bauarbeiten,,,,,,,0.0,0.0
-5842345505256526084-2608162357-6,7576,2608170017.0,2608170017.0,4,,S,S5,Stuttgart Hbf|Stuttgart Nordbahnhof|Stuttgart-Zuffenhausen|Kornwestheim Pbf|Ludwigsburg,8000630,Asperg,Baden-Württemberg,Asperg,71679,9.147977466,48.90725609,4,2608170017.0,,2608170017.0,,,,,,,,,,,0.0,0.0
8494074834215864068-2608170011-1,7379,,2608170011.0,,,S,S3,,8000016,Backnang,Baden-Württemberg,Backnang,71522,9.425986107,48.94264844,3,,,2608170011.0,,,,,,,,,,,0.0,0.0
6798625749353298235-2608170012-12,7376,2608170048.0,,5,,S,,Stuttgart Hbf|Stuttgart-Bad Cannstatt|Stuttgart Nürnberger Str.|Stuttgart-Sommerrain|Fellbach|Waiblingen|Neustadt-Hohenacker|Schwaikheim|Winnenden|Nellmersbach|Maubach,8000016,Backnang,Baden-Württemberg,Backnang,71522,9.425986107,48.94264844,3,2608170049.0,,,,,,,,,,,,,1.0,0.0
4235977593412169897-2608162342-12,7374,2608170018.0,,5,,S,,Stuttgart Hbf|Stuttgart-Bad Cannstatt|Stuttgart Nürnberger Str.|Stuttgart-Sommerrain|Fellbach|Waiblingen|Neustadt-Hohenacker|Schwaikheim|Winnenden|Nellmersbach|Maubach,8000016,Backnang,Baden-Württemberg,Backnang,71522,9.425986107,48.94264844,3,2608170018.0,,,,,,,,,,,,,0.0,0.0
1481285002460915742-2608170034-5,17501,2608170058.0,2608170058.0,4,,RB,MEX90,Stuttgart Hbf|Stuttgart-Bad Cannstatt|Waiblingen|Winnenden,8000016,Backnang,Baden-Württemberg,Backnang,71522,9.425986107,48.94264844,3,2608170059.0,,2608170100.0,,,,,,,,,,,1.0,2.0
3008894599226717977-2608162337-8,7472,2608170002.0,2608170003.0,1,,S,S4,Stuttgart Hbf|Stuttgart Nordbahnhof|Stuttgart-Zuffenhausen|Kornwestheim Pbf|Ludwigsburg|Favoritepark|Freiberg(Neckar),8000873,Benningen (Neckar),Baden-Württemberg,Benningen am Neckar,71726,9.244299075,48.94379773,5,2608170006.0,,2608170006.0,,h,1.0,Bauarbeiten,,,,,,,4.0,3.0
-4175471405587783145-2608170007-8,7474,2608170032.0,2608170033.0,1,,S,S4,Stuttgart Hbf|Stuttgart Nordbahnhof|Stuttgart-Zuffenhausen|Kornwestheim Pbf|Ludwigsburg|Favoritepark|Freiberg(Neckar),8000873,Benningen (Neckar),Baden-Württemberg,Benningen am Neckar,71726,9.244299075,48.94379773,5,2608170033.0,,2608170034.0,,h,1.0,Bauarbeiten,,,,,,,1.0,1.0
-8097229136581884814-2608170033-6,7281,2608170045.0,2608170045.0,2,,S,S2,Schorndorf|Weiler(Rems)|Winterbach(b Schorndorf)|Geradstetten|Grunbach,8000934,Beutelsbach,Baden-Württemberg,Weinstadt,71384,9.38551589,48.81038925,5,2608170045.0,,2608170045.0,,h,1.0,Bauarbeiten,,,,,,,0.0,0.0
6570008134094305920-2608170003-6,7279,2608170015.0,2608170015.0,2,,S,S2,Schorndorf|Weiler(Rems)|Winterbach(b Schorndorf)|Geradstetten|Grunbach,8000934,Beutelsbach,Baden-Württemberg,Weinstadt,71384,9.38551589,48.81038925,5,2608170019.0,,2608170019.0,,h,1.0,Bauarbeiten,,,,,,,4.0,4.0
-6065798673451795825-2608162350-10,7274,2608170013.0,2608170013.0,1,,S,S2,Stuttgart Hbf|Stuttgart-Bad Cannstatt|Stuttgart Nürnberger Str.|Stuttgart-Sommerrain|Fellbach|Waiblingen|Rommelshausen|Stetten-Beinstein|Endersbach,8000934,Beutelsbach,Baden-Württemberg,Weinstadt,71384,9.38551589,48.81038925,5,2608170014.0,,2608170014.0,,h,1.0,Bauarbeiten,,,,,,,1.0,1.0
6461875104419562950-2608170020-10,7276,2608170043.0,2608170043.0,1,,S,S2,Stuttgart Hbf|Stuttgart-Bad Cannstatt|Stuttgart Nürnberger Str.|Stuttgart-Sommerrain|Fellbach|Waiblingen|Rommelshausen|Stetten-Beinstein|Endersbach,8000934,Beutelsbach,Baden-Württemberg,Weinstadt,71384,9.38551589,48.81038925,5,2608170043.0,,2608170044.0,,h,1.0,Bauarbeiten,,,,,,,0.0,1.0
-8784335190639872074-2608162344-12,19373,2608170021.0,2608170021.0,3,,RE,MEX17,Pforzheim Hbf|Eutingen(Baden)|Niefern|Enzberg|Mühlacker|Mühlacker Rößlesweg|Illingen(Württ)|Vaihingen(Enz)|Sersheim|Sachsenheim|Ellental,8000038,Bietigheim-Bissingen,Baden-Württemberg,Bietigheim-Bissingen,74321,9.137217396,48.94794988,2,2608170022.0,4.0,2608170023.0,4.0,h,2.0,Information,,,,,,,1.0,2.0
-6342382568126164390-2608162312-7,19037,2608170002.0,2608170003.0,4,,ARV,1,Karlsruhe Hbf|Karlsruhe-Durlach|Wilferdingen-Singen|Pforzheim Hbf|Mühlacker|Vaihingen(Enz),8000038,Bietigheim-Bissingen,Baden-Württemberg,Bietigheim-Bissingen,74321,9.137217396,48.94794988,2,2608170010.0,,2608170011.0,,,,,,,,,p,p,8.0,8.0
-1059289875129037590-2608170027-8,7578,2608170054.0,,5,,S,,Stuttgart Hbf|Stuttgart Nordbahnhof|Stuttgart-Zuffenhausen|Kornwestheim Pbf|Ludwigsburg|Asperg|Tamm(Württ),8000038,Bietigheim-Bissingen,Baden-Württemberg,Bietigheim-Bissingen,74321,9.137217396,48.94794988,2,2608170055.0,6.0,,,,,,,,,,,,1.0,0.0
8164387048971779418-2608170007-1,7579,,2608170007.0,,,S,S5,,8000038,Bietigheim-Bissingen,Baden-Württemberg,Bietigheim-Bissingen,74321,9.137217396,48.94794988,2,,,2608170007.0,6.0,h,1.0,Bauarbeiten,,,,,,,0.0,0.0
-777260281010664973-2608170016-3,19036,2608170032.0,2608170032.0,7,,ARV,1,Stuttgart Hbf|Ludwigsburg,8000038,Bietigheim-Bissingen,Baden-Württemberg,Bietigheim-Bissingen,74321,9.137217396,48.94794988,2,2608170032.0,,2608170034.0,,,,,,,,,,,0.0,2.0
-2156184823073248932-2608170023-3,19584,2608170039.0,2608170040.0,7,,RE,MEX17,Stuttgart Hbf|Ludwigsburg,8000038,Bietigheim-Bissingen,Baden-Württemberg,Bietigheim-Bissingen,74321,9.137217396,48.94794988,2,2608170039.0,,2608170040.0,,h,2.0,Information,,,,,,,0.0,0.0
-5842345505256526084-2608162357-8,7576,2608170024.0,,5,,S,,Stuttgart Hbf|Stuttgart Nordbahnhof|Stuttgart-Zuffenhausen|Kornwestheim Pbf|Ludwigsburg|Asperg|Tamm(Württ),8000038,Bietigheim-Bissingen,Baden-Württemberg,Bietigheim-Bissingen,74321,9.137217396,48.94794988,2,2608170024.0,6.0,,,,,,,,,,,,0.0,0.0
7219425221088281801-2608170004-1,19362,,2608170004.0,,,RE,MEX17,,8000038,Bietigheim-Bissingen,Baden-Württemberg,Bietigheim-Bissingen,74321,9.137217396,48.94794988,2,,,,,h,2.0,Information,,,,,,c,0.0,0.0
-4165700884382640783-2608162316-12,19364,2608170035.0,2608170036.0,10,,RE,MEX12,Reutlingen Hbf|Metzingen(Württ)|Bempflingen|Nürtingen|Oberboihingen|Wendlingen(Neckar)|Plochingen|Esslingen(Neckar)|Stuttgart-Bad Cannstatt|Stuttgart Hbf|Ludwigsburg,8000038,Bietigheim-Bissingen,Baden-Württemberg,Bietigheim-Bissingen,74321,9.137217396,48.94794988,2,2608170035.0,9.0,2608170036.0,9.0,h,2.0,Bauarbeiten,,,,,,,0.0,0.0
4991213592121918551-2608162346-6,7778,2608170000.0,2608170000.0,3,,S,S1,Herrenberg|Nufringen|Gärtringen|Ehningen(b Böblingen)|Hulb,8001055,Böblingen,Baden-Württemberg,Böblingen,71034,9.004531864,48.68784871,3,2608170000.0,,2608170001.0,,,,,,,,,,,0.0,1.0
-8774147686098078692-2608170004-1,7077,,2608170004.0,,,S,S60,,8001055,Böblingen,Baden-Württemberg,Böblingen,71034,9.004531864,48.68784871,3,,,2608170004.0,,h,1.0,Bauarbeiten,,,,,,,0.0,0.0
-9074467080985277700-2608170034-1,7079,,2608170034.0,,,S,S60,,8001055,Böblingen,Baden-Württemberg,Böblingen,71034,9.004531864,48.68784871,3,,,2608170034.0,,h,1.0,Bauarbeiten,,,,,,,0.0,0.0
3254218711381615406-2608162346-4,7775,2608170000.0,2608170000.0,4,,S,S1,Stuttgart-Vaihingen|Stuttgart-Rohr|Goldberg(Württ),8001055,Böblingen,Baden-Württemberg,Böblingen,71034,9.004531864,48.68784871,3,2608170001.0,,2608170002.0,,,,,,,,,,,1.0,2.0
3135343690013222861-2608170009-7,7078,2608170026.0,,5,,S,,Renningen|Renningen Süd|Magstadt|Maichingen Nord|Maichingen|Sindelfingen,8001055,Böblingen,Baden-Württemberg,Böblingen,71034,9.004531864,48.68784871,3,2608170029.0,,,,h,1.0,Bauarbeiten,,,,,,,3.0,0.0
-6259882265361652539-2608170035-1,8004,,2608170035.0,,,WEG,RB46,,8001055,Böblingen,Baden-Württemberg,Böblingen,71034,9.004531864,48.68784871,3,,,2608170035.0,,,,,,,,,,,0.0,0.0
-4429961813474362097-2608170002-12,8001,2608170025.0,,1,,WEG,,Dettenhausen|Weil im Schönbuch Untere Halde|Weil im Schönbuch Röte|Weil im Schönbuch Troppel|Holzgerlingen Buch|Holzgerlingen Bf|Holzgerlingen Hülben|Böblingen Zimmerschlag|Böblingen Heusteigstr|Böblingen Südbf|Böblingen Danziger Str,8001055,Böblingen,Baden-Württemberg,Böblingen,71034,9.004531864,48.68784871,3,2608170025.0,,,,,,,,,,,,,0.0,0.0
6782619519857850888-2608170018-3,17683,2608170039.0,2608170040.0,5,,RE,RE14a,Stuttgart Hbf|Stuttgart-Vaihingen,8001055,Böblingen,Baden-Württemberg,Böblingen,71034,9.004531864,48.68784871,3,,,,,h,2.0,Bauarbeiten,,,,,c,c,0.0,0.0
-1459141203769340300-2608170016-4,7777,2608170030.0,2608170030.0,4,,S,S1,Stuttgart-Vaihingen|Stuttgart-Rohr|Goldberg(Württ),8001055,Böblingen,Baden-Württemberg,Böblingen,71034,9.004531864,48.68784871,3,2608170030.0,,2608170031.0,,,,,,,,,,,0.0,1.0
-2978262493163587752-2608170016-6,7780,2608170030.0,2608170030.0,3,,S,S1,Herrenberg|Nufringen|Gärtringen|Ehningen(b Böblingen)|Hulb,8001055,Böblingen,Baden-Württemberg,Böblingen,71034,9.004531864,48.68784871,3,2608170030.0,,2608170031.0,,,,,,,,,,,0.0,1.0
8721764304410214438-2608162355-6,7674,2608170006.0,2608170006.0,2,,S,S6,Stuttgart-Feuerbach|Stuttgart-Zuffenhausen|Neuwirtshaus(Porscheplatz)|Korntal|Weilimdorf,8001476,Ditzingen,Baden-Württemberg,Ditzingen,71254,9.067095186,48.82358726,4,2608170006.0,,2608170006.0,,h,1.0,Bauarbeiten,,,,,,,0.0,0.0
-2875027575093930885-2608170003-7,7679,2608170024.0,2608170024.0,3,,S,S6,Weil der Stadt|Malmsheim|Renningen|Rutesheim|Leonberg|Höfingen,8001476,Ditzingen,Baden-Württemberg,Ditzingen,71254,9.067095186,48.82358726,4,2608170024.0,,2608170026.0,,h,1.0,Bauarbeiten,,,,,,,0.0,2.0
2388743435828280425-2608170025-6,7676,2608170036.0,2608170036.0,2,,S,S6,Stuttgart-Feuerbach|Stuttgart-Zuffenhausen|Neuwirtshaus(Porscheplatz)|Korntal|Weilimdorf,8001476,Ditzingen,Baden-Württemberg,Ditzingen,71254,9.067095186,48.82358726,4,2608170036.0,,2608170036.0,,h,1.0,Bauarbeiten,,,,,,,0.0,0.0
-7276272804962501987-2608170033-3,7978,2608170040.0,2608170040.0,2,,S,S2,Filderstadt|Stuttgart Flughafen/Messe,8001650,Echterdingen,Baden-Württemberg,Echterdingen,70771,9.169307175,48.69214787,4,2608170040.0,,2608170040.0,,,,,,,,,,,0.0,0.0
5905216437651592640-2608170003-3,7976,2608170010.0,2608170010.0,2,,S,S2,Filderstadt|Stuttgart Flughafen/Messe,8001650,Echterdingen,Baden-Württemberg,Echterdingen,70771,9.169307175,48.69214787,4,2608170010.0,,2608170010.0,,,,,,,,,,,0.0,0.0
3605325443872813677-2608170005-5,7977,2608170019.0,2608170020.0,1,,S,S2,Stuttgart-Vaihingen|Stuttgart-Rohr|Oberaichen|Leinfelden,8001650,Echterdingen,Baden-Württemberg,Echterdingen,70771,9.169307175,48.69214787,4,2608170019.0,,2608170020.0,,,,,,,,,,,0.0,0.0
1391287489183680041-2608170035-5,7979,2608170049.0,2608170050.0,1,,S,S2,Stuttgart-Vaihingen|Stuttgart-Rohr|Oberaichen|Leinfelden,8001650,Echterdingen,Baden-Württemberg,Echterdingen,70771,9.169307175,48.69214787,4,2608170049.0,,2608170050.0,,,,,,,,,,,0.0,0.0
3254218711381615406-2608162346-6,7775,2608170005.0,2608170005.0,2,,S,S1,Stuttgart-Vaihingen|Stuttgart-Rohr|Goldberg(Württ)|Böblingen|Hulb,8001689,Ehningen (b Böblingen),Baden-Württemberg,Ehningen,71139,8.944310368,48.66275549,4,2608170006.0,,2608170007.0,,,,,,,,,,,1.0,2.0
-1459141203769340300-2608170016-6,7777,2608170035.0,2608170035.0,2,,S,S1,Stuttgart-Vaihingen|Stuttgart-Rohr|Goldberg(Württ)|Böblingen|Hulb,8001689,Ehningen (b Böblingen),Baden-Württemberg,Ehningen,71139,8.944310368,48.66275549,4,2608170035.0,,2608170036.0,,,,,,,,,,,0.0,1.0
-2978262493163587752-2608170016-4,7780,2608170025.0,2608170025.0,1,,S,S1,Herrenberg|Nufringen|Gärtringen,8001689,Ehningen (b Böblingen),Baden-Württemberg,Ehningen,71139,8.944310368,48.66275549,4,2608170025.0,,2608170025.0,,,,,,,,,,,0.0,0.0
-8097229136581884814-2608170033-7,7281,2608170047.0,2608170047.0,3,,S,S2,Schorndorf|Weiler(Rems)|Winterbach(b Schorndorf)|Geradstetten|Grunbach|Beutelsbach,8001785,Endersbach,Baden-Württemberg,Weinstadt,71384,9.370192421,48.81317323,4,2608170047.0,,2608170047.0,,h,1.0,Bauarbeiten,,,,,,,0.0,0.0
6570008134094305920-2608170003-7,7279,2608170017.0,2608170017.0,3,,S,S2,Schorndorf|Weiler(Rems)|Winterbach(b Schorndorf)|Geradstetten|Grunbach|Beutelsbach,8001785,Endersbach,Baden-Württemberg,Weinstadt,71384,9.370192421,48.81317323,4,2608170021.0,,2608170021.0,,h,1.0,Bauarbeiten,,,,,,,4.0,4.0
-6065798673451795825-2608162350-9,7274,2608170011.0,2608170011.0,2,,S,S2,Stuttgart Hbf|Stuttgart-Bad Cannstatt|Stuttgart Nürnberger Str.|Stuttgart-Sommerrain|Fellbach|Waiblingen|Rommelshausen|Stetten-Beinstein,8001785,Endersbach,Baden-Württemberg,Weinstadt,71384,9.370192421,48.81317323,4,2608170012.0,,2608170012.0,,h,1.0,Bauarbeiten,,,,,,,1.0,1.0
6461875104419562950-2608170020-9,7276,2608170041.0,2608170041.0,2,,S,S2,Stuttgart Hbf|Stuttgart-Bad Cannstatt|Stuttgart Nürnberger Str.|Stuttgart-Sommerrain|Fellbach|Waiblingen|Rommelshausen|Stetten-Beinstein,8001785,Endersbach,Baden-Württemberg,Weinstadt,71384,9.370192421,48.81317323,4,2608170041.0,,2608170042.0,,h,1.0,Bauarbeiten,,,,,,,0.0,1.0
-4175471405587783145-2608170007-10,7474,2608170040.0,2608170040.0,1,,S,S4,Stuttgart Hbf|Stuttgart Nordbahnhof|Stuttgart-Zuffenhausen|Kornwestheim Pbf|Ludwigsburg|Favoritepark|Freiberg(Neckar)|Benningen(Neckar)|Marbach(Neckar),8001827,Erdmannhausen,Baden-Württemberg,Erdmannhausen,71729,9.298930848,48.9483447,6,2608170040.0,,2608170041.0,,h,1.0,Bauarbeiten,,,,,,,0.0,1.0
-8775031481172421761-2608170020-9,7181,2608170047.0,2608170047.0,7,,S,S1,Kirchheim(Teck)|Kirchheim(Teck)-Ötlingen|Wendlingen(Neckar)|Wernau(Neckar)|Plochingen|Altbach|Esslingen-Zell|Oberesslingen,8001920,Esslingen (Neckar),Baden-Württemberg,Esslingen am Neckar,73728,9.300578149,48.73854148,3,2608170047.0,,2608170048.0,,,,,,,,,,,0.0,1.0
-4359664030948879851-2608162348-14,19186,2608170040.0,2608170040.0,3,,ARV,16,Geislingen(Steige)|Geislingen(Steige)West|Kuchen|Gingen(Fils)|Süßen|Salach|Eislingen(Fils)|Göppingen|Faurndau|Uhingen|Ebersbach(Fils)|Reichenbach(Fils)|Plochingen,8001920,Esslingen (Neckar),Baden-Württemberg,Esslingen am Neckar,73728,9.300578149,48.73854148,3,2608170040.0,,2608170040.0,,,,,,,,,,,0.0,0.0
-3852490567873853424-2608162204-12,4236,2608170009.0,2608170010.0,3,,RE,RE5,Friedrichshafen Stadt|Meckenbeuren|Ravensburg|Aulendorf|Bad Schussenried|Biberach(Riß)|Laupheim West|Ulm Hbf|Geislingen(Steige)|Göppingen|Plochingen,8001920,Esslingen (Neckar),Baden-Württemberg,Esslingen am Neckar,73728,9.300578149,48.73854148,3,2608170013.0,,2608170013.0,,h,2.0,Störung,,,,,,,4.0,3.0
-8733024508125192900-2608170004-3,19187,2608170015.0,2608170015.0,5,,ARV,16,Stuttgart Hbf|Stuttgart-Bad Cannstatt,8001920,Esslingen (Neckar),Baden-Württemberg,Esslingen am Neckar,73728,9.300578149,48.73854148,3,2608170017.0,,2608170018.0,,,,,,,,,,,2.0,3.0
-2072654561674994799-2608170016-8,99025,2608170054.0,2608170054.0,,,RE,MEX12,Reutlingen Hbf|Metzingen(Württ)|Bempflingen|Nürtingen|Oberboihingen|Wendlingen(Neckar)|Plochingen,8001920,Esslingen (Neckar),Baden-Württemberg,Esslingen am Neckar,73728,9.300578149,48.73854148,3,2608170053.0,3.0,2608170054.0,3.0,h,2.0,Bauarbeiten,,,,,c,c,-1.0,0.0
6942066076921155059-2608170014-2,19342,2608170020.0,2608170020.0,3,,RE,MEX18,Plochingen,8001920,Esslingen (Neckar),Baden-Württemberg,Esslingen am Neckar,73728,9.300578149,48.73854148,3,2608170020.0,,2608170020.0,,,,,,,,,,,0.0,0.0
6181068125164198804-2608162355-7,7176,2608170012.0,2608170013.0,8,,S,S1,Stuttgart Hbf|Stuttgart-Bad Cannstatt|Stuttgart Neckarpark|Stuttgart-Untertürkheim|Stuttgart-Obertürkheim|Esslingen-Mettingen,8001920,Esslingen (Neckar),Baden-Württemberg,Esslingen am Neckar,73728,9.300578149,48.73854148,3,2608170012.0,,2608170013.0,,,,,,,,,,,0.0,0.0
-6232403407797161851-2608162236-20,19184,2608170004.0,2608170005.0,3,,ARV,16,Ulm Hbf|Beimerstetten|Westerstetten|Lonsee|Urspring|Amstetten(Württ)|Geislingen(Steige)|Geislingen(Steige)West|Kuchen|Gingen(Fils)|Süßen|Salach|Eislingen(Fils)|Göppingen|Faurndau|Uhingen|Ebersbach(Fils)|Reichenbach(Fils)|Plochingen,8001920,Esslingen (Neckar),Baden-Württemberg,Esslingen am Neckar,73728,9.300578149,48.73854148,3,2608170004.0,,2608170005.0,,,,,,,,,,,0.0,0.0
-7037256455781419756-2608170042-3,19189,2608170053.0,2608170054.0,5,,ARV,16,Stuttgart Hbf|Stuttgart-Bad Cannstatt,8001920,Esslingen (Neckar),Baden-Württemberg,Esslingen am Neckar,73728,9.300578149,48.73854148,3,2608170053.0,,2608170054.0,,,,,,,,,,,0.0,0.0
2298525024658281877-2608170025-7,7178,2608170042.0,2608170043.0,8,,S,S1,Stuttgart Hbf|Stuttgart-Bad Cannstatt|Stuttgart Neckarpark|Stuttgart-Untertürkheim|Stuttgart-Obertürkheim|Esslingen-Mettingen,8001920,Esslingen (Neckar),Baden-Württemberg,Esslingen am Neckar,73728,9.300578149,48.73854148,3,2608170042.0,,2608170043.0,,,,,,,,,,,0.0,0.0
8092363418274949423-2608162350-9,7179,2608170017.0,2608170017.0,7,,S,S1,Kirchheim(Teck)|Kirchheim(Teck)-Ötlingen|Wendlingen(Neckar)|Wernau(Neckar)|Plochingen|Altbach|Esslingen-Zell|Oberesslingen,8001920,Esslingen (Neckar),Baden-Württemberg,Esslingen am Neckar,73728,9.300578149,48.73854148,3,2608170017.0,,2608170018.0,,,,,,,,,,,0.0,1.0
-6491793160727462036-2608170047-3,19343,2608170059.0,2608170100.0,5,,RE,MEX12,Stuttgart Hbf|Stuttgart-Bad Cannstatt,8001920,Esslingen (Neckar),Baden-Württemberg,Esslingen am Neckar,73728,9.300578149,48.73854148,3,2608170059.0,,2608170100.0,,h,2.0,Bauarbeiten,,,,,,,0.0,0.0
-8775031481172421761-2608170020-10,7181,2608170049.0,2608170050.0,3,,S,S1,Kirchheim(Teck)|Kirchheim(Teck)-Ötlingen|Wendlingen(Neckar)|Wernau(Neckar)|Plochingen|Altbach|Esslingen-Zell|Oberesslingen|Esslingen(Neckar),8001921,Esslingen-Mettingen,Baden-Württemberg,Esslingen am Neckar,73733,9.275799007,48.74696655,3,2608170050.0,,2608170050.0,,,,,,,,,,,1.0,0.0
6181068125164198804-2608162355-6,7176,2608170009.0,2608170009.0,4,,S,S1,Stuttgart Hbf|Stuttgart-Bad Cannstatt|Stuttgart Neckarpark|Stuttgart-Untertürkheim|Stuttgart-Obertürkheim,8001921,Esslingen-Mettingen,Baden-Württemberg,Esslingen am Neckar,73733,9.275799007,48.74696655,3,2608170009.0,,2608170009.0,,,,,,,,,,,0.0,0.0
2298525024658281877-2608170025-6,7178,2608170039.0,2608170039.0,4,,S,S1,Stuttgart Hbf|Stuttgart-Bad Cannstatt|Stuttgart Neckarpark|Stuttgart-Untertürkheim|Stuttgart-Obertürkheim,8001921,Esslingen-Mettingen,Baden-Württemberg,Esslingen am Neckar,73733,9.275799007,48.74696655,3,2608170039.0,,2608170040.0,,,,,,,,,,,0.0,1.0
8092363418274949423-2608162350-10,7179,2608170019.0,2608170020.0,3,,S,S1,Kirchheim(Teck)|Kirchheim(Teck)-Ötlingen|Wendlingen(Neckar)|Wernau(Neckar)|Plochingen|Altbach|Esslingen-Zell|Oberesslingen|Esslingen(Neckar),8001921,Esslingen-Mettingen,Baden-Württemberg,Esslingen am Neckar,73733,9.275799007,48.74696655,3,2608170020.0,,2608170020.0,,,,,,,,,,,1.0,0.0
-8775031481172421761-2608170020-7,7181,2608170042.0,2608170042.0,3,,S,S1,Kirchheim(Teck)|Kirchheim(Teck)-Ötlingen|Wendlingen(Neckar)|Wernau(Neckar)|Plochingen|Altbach,8006642,Esslingen-Zell,Baden-Württemberg,Esslingen am Neckar,73730,9.359739507,48.72436142,3,2608170042.0,,2608170042.0,,,,,,,,,,,0.0,0.0
6181068125164198804-2608162355-9,7176,2608170017.0,2608170018.0,4,,S,S1,Stuttgart Hbf|Stuttgart-Bad Cannstatt|Stuttgart Neckarpark|Stuttgart-Untertürkheim|Stuttgart-Obertürkheim|Esslingen-Mettingen|Esslingen(Neckar)|Oberesslingen,8006642,Esslingen-Zell,Baden-Württemberg,Esslingen am Neckar,73730,9.359739507,48.72436142,3,2608170017.0,,2608170018.0,,,,,,,,,,,0.0,0.0
2298525024658281877-2608170025-9,7178,2608170047.0,2608170048.0,4,,S,S1,Stuttgart Hbf|Stuttgart-Bad Cannstatt|Stuttgart Neckarpark|Stuttgart-Untertürkheim|Stuttgart-Obertürkheim|Esslingen-Mettingen|Esslingen(Neckar)|Oberesslingen,8006642,Esslingen-Zell,Baden-Württemberg,Esslingen am Neckar,73730,9.359739507,48.72436142,3,2608170048.0,,2608170048.0,,,,,,,,,,,1.0,0.0
8092363418274949423-2608162350-7,7179,2608170012.0,2608170012.0,3,,S,S1,Kirchheim(Teck)|Kirchheim(Teck)-Ötlingen|Wendlingen(Neckar)|Wernau(Neckar)|Plochingen|Altbach,8006642,Esslingen-Zell,Baden-Württemberg,Esslingen am Neckar,73730,9.359739507,48.72436142,3,2608170012.0,,2608170012.0,,,,,,,,,,,0.0,0.0
2977099434128495599-2608162355-4,7477,2608170003.0,2608170004.0,2,,S,S4,Marbach(Neckar)|Benningen(Neckar)|Freiberg(Neckar),8001967,Favoritepark,Baden-Württemberg,Ludwigsburg,71634,9.180574277,48.90948451,5,2608170004.0,,2608170004.0,,h,1.0,Bauarbeiten,,,,,,,1.0,0.0
-4175471405587783145-2608170007-6,7474,2608170026.0,2608170026.0,1,,S,S4,Stuttgart Hbf|Stuttgart Nordbahnhof|Stuttgart-Zuffenhausen|Kornwestheim Pbf|Ludwigsburg,8001967,Favoritepark,Baden-Württemberg,Ludwigsburg,71634,9.180574277,48.90948451,5,2608170027.0,,2608170027.0,,h,1.0,Bauarbeiten,,,,,,,1.0,1.0
7846954886947346104-2608170037-6,7476,2608170056.0,2608170056.0,1,,S,S4,Stuttgart Hbf|Stuttgart Nordbahnhof|Stuttgart-Zuffenhausen|Kornwestheim Pbf|Ludwigsburg,8001967,Favoritepark,Baden-Württemberg,Ludwigsburg,71634,9.180574277,48.90948451,5,2608170056.0,,2608170057.0,,h,1.0,Bauarbeiten,,,,,,,0.0,1.0
8494074834215864068-2608170011-8,7379,2608170032.0,2608170033.0,4,,S,S3,Backnang|Maubach|Nellmersbach|Winnenden|Schwaikheim|Neustadt-Hohenacker|Waiblingen,8001974,Fellbach,Baden-Württemberg,Fellbach,70736,9.270645988,48.8202936,3,2608170033.0,,2608170034.0,,,,,,,,,,,1.0,1.0
-8097229136581884814-2608170033-11,7281,2608170057.0,2608170058.0,4,,S,S2,Schorndorf|Weiler(Rems)|Winterbach(b Schorndorf)|Geradstetten|Grunbach|Beutelsbach|Endersbach|Stetten-Beinstein|Rommelshausen|Waiblingen,8001974,Fellbach,Baden-Württemberg,Fellbach,70736,9.270645988,48.8202936,3,2608170057.0,,2608170058.0,,h,1.0,Bauarbeiten,,,,,,,0.0,0.0
-7120372043677331542-2608162341-8,7377,2608170002.0,2608170003.0,4,,S,S3,Backnang|Maubach|Nellmersbach|Winnenden|Schwaikheim|Neustadt-Hohenacker|Waiblingen,8001974,Fellbach,Baden-Württemberg,Fellbach,70736,9.270645988,48.8202936,3,2608170002.0,,2608170003.0,,,,,,,,,,,0.0,0.0
6798625749353298235-2608170012-5,7376,2608170026.0,2608170027.0,1,,S,S3,Stuttgart Hbf|Stuttgart-Bad Cannstatt|Stuttgart Nürnberger Str.|Stuttgart-Sommerrain,8001974,Fellbach,Baden-Württemberg,Fellbach,70736,9.270645988,48.8202936,3,2608170026.0,,2608170027.0,,,,,,,,,,,0.0,0.0
8924619333411272467-2608170042-5,7378,2608170056.0,2608170057.0,1,,S,S3,Stuttgart Hbf|Stuttgart-Bad Cannstatt|Stuttgart Nürnberger Str.|Stuttgart-Sommerrain,8001974,Fellbach,Baden-Württemberg,Fellbach,70736,9.270645988,48.8202936,3,2608170056.0,,2608170057.0,,,,,,,,,,,0.0,0.0
6570008134094305920-2608170003-11,7279,2608170027.0,2608170028.0,4,,S,S2,Schorndorf|Weiler(Rems)|Winterbach(b Schorndorf)|Geradstetten|Grunbach|Beutelsbach|Endersbach|Stetten-Beinstein|Rommelshausen|Waiblingen,8001974,Fellbach,Baden-Württemberg,Fellbach,70736,9.270645988,48.8202936,3,2608170030.0,,2608170031.0,,h,1.0,Bauarbeiten,,,,,,,3.0,3.0
-6065798673451795825-2608162350-5,7274,2608170001.0,2608170002.0,1,,S,S2,Stuttgart Hbf|Stuttgart-Bad Cannstatt|Stuttgart Nürnberger Str.|Stuttgart-Sommerrain,8001974,Fellbach,Baden-Württemberg,Fellbach,70736,9.270645988,48.8202936,3,2608170002.0,,2608170003.0,,h,1.0,Bauarbeiten,,,,,,,1.0,1.0
6461875104419562950-2608170020-5,7276,2608170031.0,2608170032.0,1,,S,S2,Stuttgart Hbf|Stuttgart-Bad Cannstatt|Stuttgart Nürnberger Str.|Stuttgart-Sommerrain,8001974,Fellbach,Baden-Württemberg,Fellbach,70736,9.270645988,48.8202936,3,2608170031.0,,2608170032.0,,h,1.0,Bauarbeiten,,,,,,,0.0,0.0
-7276272804962501987-2608170033-2,7978,2608170037.0,2608170038.0,2,,S,S2,Filderstadt,8005768,Stuttgart Flughafen/Messe,Baden-Württemberg,Leinfelden-Echterdingen,70629,9.193411574,48.69075193,4,2608170037.0,,2608170038.0,,,,,,,,,,,0.0,0.0
5905216437651592640-2608170003-2,7976,2608170007.0,2608170008.0,2,,S,S2,Filderstadt,8005768,Stuttgart Flughafen/Messe,Baden-Württemberg,Leinfelden-Echterdingen,70629,9.193411574,48.69075193,4,2608170007.0,,2608170008.0,,,,,,,,,,,0.0,0.0
3605325443872813677-2608170005-6,7977,2608170022.0,2608170023.0,1,,S,S2,Stuttgart-Vaihingen|Stuttgart-Rohr|Oberaichen|Leinfelden|Echterdingen,8005768,Stuttgart Flughafen/Messe,Baden-Württemberg,Leinfelden-Echterdingen,70629,9.193411574,48.69075193,4,2608170022.0,,2608170023.0,,,,,,,,,,,0.0,0.0
1391287489183680041-2608170035-6,7979,2608170052.0,2608170053.0,1,,S,S2,Stuttgart-Vaihingen|Stuttgart-Rohr|Oberaichen|Leinfelden|Echterdingen,8005768,Stuttgart Flughafen/Messe,Baden-Württemberg,Leinfelden-Echterdingen,70629,9.193411574,48.69075193,4,2608170052.0,,2608170053.0,,,,,,,,,,,0.0,0.0
2977099434128495599-2608162355-3,7477,2608170000.0,2608170001.0,2,,S,S4,Marbach(Neckar)|Benningen(Neckar),8002065,Freiberg (Neckar),Baden-Württemberg,Freiberg am Neckar,71691,9.197530085,48.92994974,5,2608170001.0,,2608170002.0,,h,1.0,Bauarbeiten,,,,,,,1.0,1.0
-4175471405587783145-2608170007-7,7474,2608170029.0,2608170029.0,3,,S,S4,Stuttgart Hbf|Stuttgart Nordbahnhof|Stuttgart-Zuffenhausen|Kornwestheim Pbf|Ludwigsburg|Favoritepark,8002065,Freiberg (Neckar),Baden-Württemberg,Freiberg am Neckar,71691,9.197530085,48.92994974,5,2608170029.0,,2608170030.0,,h,1.0,Bauarbeiten,,,,,,,0.0,1.0
7846954886947346104-2608170037-7,7476,2608170059.0,2608170059.0,3,,S,S4,Stuttgart Hbf|Stuttgart Nordbahnhof|Stuttgart-Zuffenhausen|Kornwestheim Pbf|Ludwigsburg|Favoritepark,8002065,Freiberg (Neckar),Baden-Württemberg,Freiberg am Neckar,71691,9.197530085,48.92994974,5,2608170059.0,,2608170100.0,,h,1.0,Bauarbeiten,,,,,,,0.0,1.0
3254218711381615406-2608162346-7,7775,2608170008.0,2608170008.0,1,,S,S1,Stuttgart-Vaihingen|Stuttgart-Rohr|Goldberg(Württ)|Böblingen|Hulb|Ehningen(b Böblingen),8002165,Gärtringen,Baden-Württemberg,Gärtringen,71116,8.908864487,48.64080021,5,2608170009.0,,2608170010.0,,,,,,,,,,,1.0,2.0
-1459141203769340300-2608170016-7,7777,2608170038.0,2608170038.0,1,,S,S1,Stuttgart-Vaihingen|Stuttgart-Rohr|Goldberg(Württ)|Böblingen|Hulb|Ehningen(b Böblingen),8002165,Gärtringen,Baden-Württemberg,Gärtringen,71116,8.908864487,48.64080021,5,2608170039.0,,2608170039.0,,,,,,,,,,,1.0,1.0
-2978262493163587752-2608170016-3,7780,2608170022.0,2608170022.0,2,,S,S1,Herrenberg|Nufringen,8002165,Gärtringen,Baden-Württemberg,Gärtringen,71116,8.908864487,48.64080021,5,2608170022.0,,2608170022.0,,,,,,,,,,,0.0,0.0
-8097229136581884814-2608170033-4,7281,2608170040.0,2608170041.0,1,,S,S2,Schorndorf|Weiler(Rems)|Winterbach(b Schorndorf),8002240,Geradstetten,Baden-Württemberg,Remshalden,73630,9.439522346,48.80527689,5,2608170041.0,,2608170041.0,,h,1.0,Bauarbeiten,,,,,,,1.0,0.0
6570008134094305920-2608170003-4,7279,2608170010.0,2608170011.0,1,,S,S2,Schorndorf|Weiler(Rems)|Winterbach(b Schorndorf),8002240,Geradstetten,Baden-Württemberg,Remshalden,73630,9.439522346,48.80527689,5,2608170015.0,,2608170015.0,,h,1.0,Bauarbeiten,,,,,,,5.0,4.0
-6065798673451795825-2608162350-12,7274,2608170017.0,2608170017.0,2,,S,S2,Stuttgart Hbf|Stuttgart-Bad Cannstatt|Stuttgart Nürnberger Str.|Stuttgart-Sommerrain|Fellbach|Waiblingen|Rommelshausen|Stetten-Beinstein|Endersbach|Beutelsbach|Grunbach,8002240,Geradstetten,Baden-Württemberg,Remshalden,73630,9.439522346,48.80527689,5,2608170018.0,,2608170018.0,,h,1.0,Bauarbeiten,,,,,,,1.0,1.0
6461875104419562950-2608170020-12,7276,2608170047.0,2608170047.0,2,,S,S2,Stuttgart Hbf|Stuttgart-Bad Cannstatt|Stuttgart Nürnberger Str.|Stuttgart-Sommerrain|Fellbach|Waiblingen|Rommelshausen|Stetten-Beinstein|Endersbach|Beutelsbach|Grunbach,8002240,Geradstetten,Baden-Württemberg,Remshalden,73630,9.439522346,48.80527689,5,2608170048.0,,2608170048.0,,h,1.0,Bauarbeiten,,,,,,,1.0,1.0
4991213592121918551-2608162346-7,7778,2608170002.0,2608170002.0,2,,S,S1,Herrenberg|Nufringen|Gärtringen|Ehningen(b Böblingen)|Hulb|Böblingen,8005201,Goldberg,Baden-Württemberg,Böblingen,71032,9.019733387,48.69651581,5,2608170002.0,,2608170003.0,,,,,,,,,,,0.0,1.0
-3828888404650944113-2608170046-3,7779,2608170058.0,2608170058.0,1,,S,S1,Stuttgart-Vaihingen|Stuttgart-Rohr,8005201,Goldberg,Baden-Württemberg,Böblingen,71032,9.019733387,48.69651581,5,2608170058.0,,2608170058.0,,,,,,,,,,,0.0,0.0
-1459141203769340300-2608170016-3,7777,2608170028.0,2608170028.0,1,,S,S1,Stuttgart-Vaihingen|Stuttgart-Rohr,8005201,Goldberg,Baden-Württemberg,Böblingen,71032,9.019733387,48.69651581,5,2608170028.0,,2608170028.0,,,,,,,,,,,0.0,0.0
-2978262493163587752-2608170016-7,7780,2608170032.0,2608170032.0,2,,S,S1,Herrenberg|Nufringen|Gärtringen|Ehningen(b Böblingen)|Hulb|Böblingen,8005201,Goldberg,Baden-Württemberg,Böblingen,71032,9.019733387,48.69651581,5,2608170032.0,,2608170033.0,,,,,,,,,,,0.0,1.0
-8097229136581884814-2608170033-5,7281,2608170042.0,2608170043.0,2,,S,S2,Schorndorf|Weiler(Rems)|Winterbach(b Schorndorf)|Geradstetten,8002448,Grunbach,Baden-Württemberg,Remshalden,73630,9.419580601,48.810414,4,2608170043.0,,2608170043.0,,h,1.0,Bauarbeiten,,,,,,,1.0,0.0
6570008134094305920-2608170003-5,7279,2608170012.0,2608170013.0,2,,S,S2,Schorndorf|Weiler(Rems)|Winterbach(b Schorndorf)|Geradstetten,8002448,Grunbach,Baden-Württemberg,Remshalden,73630,9.419580601,48.810414,4,2608170017.0,,2608170017.0,,h,1.0,Bauarbeiten,,,,,,,5.0,4.0
-6065798673451795825-2608162350-11,7274,2608170015.0,2608170015.0,3,,S,S2,Stuttgart Hbf|Stuttgart-Bad Cannstatt|Stuttgart Nürnberger Str.|Stuttgart-Sommerrain|Fellbach|Waiblingen|Rommelshausen|Stetten-Beinstein|Endersbach|Beutelsbach,8002448,Grunbach,Baden-Württemberg,Remshalden,73630,9.419580601,48.810414,4,2608170016.0,,2608170016.0,,h,1.0,Bauarbeiten,,,,,,,1.0,1.0
6461875104419562950-2608170020-11,7276,2608170045.0,2608170045.0,3,,S,S2,Stuttgart Hbf|Stuttgart-Bad Cannstatt|Stuttgart Nürnberger Str.|Stuttgart-Sommerrain|Fellbach|Waiblingen|Rommelshausen|Stetten-Beinstein|Endersbach|Beutelsbach,8002448,Grunbach,Baden-Württemberg,Remshalden,73630,9.419580601,48.810414,4,2608170046.0,,2608170046.0,,h,1.0,Bauarbeiten,,,,,,,1.0,1.0
3254218711381615406-2608162346-9,7775,2608170015.0,,3,,S,,Stuttgart-Vaihingen|Stuttgart-Rohr|Goldberg(Württ)|Böblingen|Hulb|Ehningen(b Böblingen)|Gärtringen|Nufringen,8002785,Herrenberg,Baden-Württemberg,Herrenberg,71083,8.862625253,48.59395697,3,2608170016.0,,,,,,,,,,,,,1.0,0.0
7006300575087121655-2608170019-1,22886,,2608170019.0,,,RB,RB63,,8002785,Herrenberg,Baden-Württemberg,Herrenberg,71083,8.862625253,48.59395697,3,,,2608170020.0,,,,,,,,,,,0.0,1.0
1240629729131169412-2608170049-1,22890,,2608170049.0,,,RB,RB63,,8002785,Herrenberg,Baden-Württemberg,Herrenberg,71083,8.862625253,48.59395697,3,,,2608170049.0,,,,,,,,,,,0.0,0.0
4466967580549170140-2608162341-10,22893,2608170011.0,,102,,RB,,Tübingen Hbf|Tübingen West|Unterjesingen Sandäcker|Unterjesingen Mitte|Pfäffingen|Entringen|Altingen(Württ)|Gültstein|Herrenberg Zwerchweg,8002785,Herrenberg,Baden-Württemberg,Herrenberg,71083,8.862625253,48.59395697,3,2608170011.0,,,,,,,,,,,,,0.0,0.0
6782619519857850888-2608170018-4,17683,2608170049.0,2608170049.0,4,,RE,RE14a,Stuttgart Hbf|Stuttgart-Vaihingen|Böblingen,8002785,Herrenberg,Baden-Württemberg,Herrenberg,71083,8.862625253,48.59395697,3,,,,,h,2.0,Bauarbeiten,,,,,c,c,0.0,0.0
-1459141203769340300-2608170016-9,7777,2608170045.0,,3,,S,,Stuttgart-Vaihingen|Stuttgart-Rohr|Goldberg(Württ)|Böblingen|Hulb|Ehningen(b Böblingen)|Gärtringen|Nufringen,8002785,Herrenberg,Baden-Württemberg,Herrenberg,71083,8.862625253,48.59395697,3,2608170045.0,,,,,,,,,,,,,0.0,0.0
-2640907366748827010-2608170011-10,22701,2608170041.0,,102,,RB,,Tübingen Hbf|Tübingen West|Unterjesingen Sandäcker|Unterjesingen Mitte|Pfäffingen|Entringen|Altingen(Württ)|Gültstein|Herrenberg Zwerchweg,8002785,Herrenberg,Baden-Württemberg,Herrenberg,71083,8.862625253,48.59395697,3,2608170041.0,,,,,,,,,,,,,0.0,0.0
-2978262493163587752-2608170016-1,7780,,2608170016.0,,,S,S1,,8002785,Herrenberg,Baden-Württemberg,Herrenberg,71083,8.862625253,48.59395697,3,,,2608170016.0,,,,,,,,,,,0.0,0.0
8721764304410214438-2608162355-7,7674,2608170009.0,2608170009.0,2,,S,S6,Stuttgart-Feuerbach|Stuttgart-Zuffenhausen|Neuwirtshaus(Porscheplatz)|Korntal|Weilimdorf|Ditzingen,8002892,Höfingen,Baden-Württemberg,Leonberg,71229,9.026180834,48.81503436,5,2608170009.0,,2608170009.0,,h,1.0,Bauarbeiten,,,,,,,0.0,0.0
-2875027575093930885-2608170003-6,7679,2608170020.0,2608170021.0,1,,S,S6,Weil der Stadt|Malmsheim|Renningen|Rutesheim|Leonberg,8002892,Höfingen,Baden-Württemberg,Leonberg,71229,9.026180834,48.81503436,5,2608170021.0,,2608170021.0,,h,1.0,Bauarbeiten,,,,,,,1.0,0.0
2388743435828280425-2608170025-7,7676,2608170039.0,2608170039.0,2,,S,S6,Stuttgart-Feuerbach|Stuttgart-Zuffenhausen|Neuwirtshaus(Porscheplatz)|Korntal|Weilimdorf|Ditzingen,8002892,Höfingen,Baden-Württemberg,Leonberg,71229,9.026180834,48.81503436,5,2608170039.0,,2608170039.0,,h,1.0,Bauarbeiten,,,,,,,0.0,0.0
3254218711381615406-2608162346-5,7775,2608170002.0,2608170002.0,1,,S,S1,Stuttgart-Vaihingen|Stuttgart-Rohr|Goldberg(Württ)|Böblingen,8003022,Hulb,Baden-Württemberg,Böblingen-Hulb,71032,8.982396429,48.67924173,5,2608170003.0,,2608170003.0,,,,,,,,,,,1.0,1.0
-1459141203769340300-2608170016-5,7777,2608170032.0,2608170032.0,1,,S,S1,Stuttgart-Vaihingen|Stuttgart-Rohr|Goldberg(Württ)|Böblingen,8003022,Hulb,Baden-Württemberg,Böblingen-Hulb,71032,8.982396429,48.67924173,5,2608170032.0,,2608170032.0,,,,,,,,,,,0.0,0.0
-2978262493163587752-2608170016-5,7780,2608170028.0,2608170028.0,2,,S,S1,Herrenberg|Nufringen|Gärtringen|Ehningen(b Böblingen),8003022,Hulb,Baden-Württemberg,Böblingen-Hulb,71032,8.982396429,48.67924173,5,2608170028.0,,2608170028.0,,,,,,,,,,,0.0,0.0
-7276272804962501987-2608170033-1,7978,,2608170033.0,,,S,S2,,8001984,Filderstadt,Baden-Württemberg,Filderstadt,70794,9.217581315,48.67649151,5,,,2608170033.0,,,,,,,,,,,0.0,0.0
5905216437651592640-2608170003-1,7976,,2608170003.0,,,S,S2,,8001984,Filderstadt,Baden-Württemberg,Filderstadt,70794,9.217581315,48.67649151,5,,,2608170003.0,,,,,,,,,,,0.0,0.0
3605325443872813677-2608170005-7,7977,2608170027.0,,1,,S,,Stuttgart-Vaihingen|Stuttgart-Rohr|Oberaichen|Leinfelden|Echterdingen|Stuttgart Flughafen/Messe,8001984,Filderstadt,Baden-Württemberg,Filderstadt,70794,9.217581315,48.67649151,5,2608170027.0,,,,,,,,,,,,,0.0,0.0
1391287489183680041-2608170035-7,7979,2608170057.0,,2,,S,,Stuttgart-Vaihingen|Stuttgart-Rohr|Oberaichen|Leinfelden|Echterdingen|Stuttgart Flughafen/Messe,8001984,Filderstadt,Baden-Württemberg,Filderstadt,70794,9.217581315,48.67649151,5,2608170057.0,,,,,,,,,,,,,0.0,0.0
-4175471405587783145-2608170007-11,7474,2608170043.0,,2,,S,,Stuttgart Hbf|Stuttgart Nordbahnhof|Stuttgart-Zuffenhausen|Kornwestheim Pbf|Ludwigsburg|Favoritepark|Freiberg(Neckar)|Benningen(Neckar)|Marbach(Neckar)|Erdmannhausen,8003266,Kirchberg (Murr),Baden-Württemberg,Kirchberg an der Murr,71737,9.328210283,48.93928182,6,2608170043.0,,,,h,1.0,Bauarbeiten,,,,,,,0.0,0.0
-8775031481172421761-2608170020-1,7181,,2608170020.0,,,S,S1,,8003280,Kirchheim (Teck),Baden-Württemberg,Kirchheim unter Teck,73230,9.443872422,48.64415981,4,,,2608170020.0,,,,,,,,,,,0.0,0.0
6181068125164198804-2608162355-15,7176,2608170039.0,,2,,S,,Stuttgart Hbf|Stuttgart-Bad Cannstatt|Stuttgart Neckarpark|Stuttgart-Untertürkheim|Stuttgart-Obertürkheim|Esslingen-Mettingen|Esslingen(Neckar)|Oberesslingen|Esslingen-Zell|Altbach|Plochingen|Wernau(Neckar)|Wendlingen(Neckar)|Kirchheim(Teck)-Ötlingen,8003280,Kirchheim (Teck),Baden-Württemberg,Kirchheim unter Teck,73230,9.443872422,48.64415981,4,2608170041.0,,,,,,,,,,,,,2.0,0.0
-6275608324438357522-2608162325-15,7174,2608170009.0,,2,,S,,Stuttgart Hbf|Stuttgart-Bad Cannstatt|Stuttgart Neckarpark|Stuttgart-Untertürkheim|Stuttgart-Obertürkheim|Esslingen-Mettingen|Esslingen(Neckar)|Oberesslingen|Esslingen-Zell|Altbach|Plochingen|Wernau(Neckar)|Wendlingen(Neckar)|Kirchheim(Teck)-Ötlingen,8003280,Kirchheim (Teck),Baden-Württemberg,Kirchheim unter Teck,73230,9.443872422,48.64415981,4,2608170011.0,,,,,,,,,,,,,2.0,0.0
-8775031481172421761-2608170020-2,7181,2608170023.0,2608170023.0,1,,S,S1,Kirchheim(Teck),8003282,Kirchheim (Teck)-Ötlingen,Baden-Württemberg,Kirchheim unter Teck,73230,9.416261302,48.65782388,5,2608170023.0,,2608170025.0,,,,,,,,,,,0.0,2.0
6181068125164198804-2608162355-14,7176,2608170036.0,2608170037.0,1,,S,S1,Stuttgart Hbf|Stuttgart-Bad Cannstatt|Stuttgart Neckarpark|Stuttgart-Untertürkheim|Stuttgart-Obertürkheim|Esslingen-Mettingen|Esslingen(Neckar)|Oberesslingen|Esslingen-Zell|Altbach|Plochingen|Wernau(Neckar)|Wendlingen(Neckar),8003282,Kirchheim (Teck)-Ötlingen,Baden-Württemberg,Kirchheim unter Teck,73230,9.416261302,48.65782388,5,2608170037.0,,2608170039.0,,,,,,,,,,,1.0,2.0
-6275608324438357522-2608162325-14,7174,2608170006.0,2608170007.0,1,,S,S1,Stuttgart Hbf|Stuttgart-Bad Cannstatt|Stuttgart Neckarpark|Stuttgart-Untertürkheim|Stuttgart-Obertürkheim|Esslingen-Mettingen|Esslingen(Neckar)|Oberesslingen|Esslingen-Zell|Altbach|Plochingen|Wernau(Neckar)|Wendlingen(Neckar),8003282,Kirchheim (Teck)-Ötlingen,Baden-Württemberg,Kirchheim unter Teck,73230,9.416261302,48.65782388,5,2608170007.0,,2608170008.0,,,,,,,,,,,1.0,1.0
-4886226872455518347-2608170005-1,1000,,2608170005.0,,,WEG,RB47,,8003409,Korntal,Baden-Württemberg,Korntal,70825,9.121099128,48.82640246,4,,,2608170005.0,,,,,,,,,,,0.0,0.0
8721764304410214438-2608162355-4,7674,2608170001.0,2608170001.0,1,,S,S6,Stuttgart-Feuerbach|Stuttgart-Zuffenhausen|Neuwirtshaus(Porscheplatz),8003409,Korntal,Baden-Württemberg,Korntal,70825,9.121099128,48.82640246,4,2608170001.0,,2608170001.0,,h,1.0,Bauarbeiten,,,,,,,0.0,0.0
5793407647973528623-2608170031-7,1007,2608170054.0,,7,,WEG,,Heimerdingen|Hemmingen|Schwieberdingen|Münchingen|Münchingen Rührberg|Korntal Gymnasium,8003409,Korntal,Baden-Württemberg,Korntal,70825,9.121099128,48.82640246,4,2608170054.0,,,,,,,,,,,,,0.0,0.0
-2875027575093930885-2608170003-9,7679,2608170028.0,2608170029.0,3,,S,S6,Weil der Stadt|Malmsheim|Renningen|Rutesheim|Leonberg|Höfingen|Ditzingen|Weilimdorf,8003409,Korntal,Baden-Württemberg,Korntal,70825,9.121099128,48.82640246,4,2608170030.0,,2608170030.0,,h,1.0,Bauarbeiten,,,,,,,2.0,1.0
2388743435828280425-2608170025-4,7676,2608170031.0,2608170031.0,1,,S,S6,Stuttgart-Feuerbach|Stuttgart-Zuffenhausen|Neuwirtshaus(Porscheplatz),8003409,Korntal,Baden-Württemberg,Korntal,70825,9.121099128,48.82640246,4,2608170032.0,,2608170032.0,,h,1.0,Bauarbeiten,,,,,,,1.0,1.0
2977099434128495599-2608162355-6,7477,2608170010.0,2608170010.0,3,,S,S4,Marbach(Neckar)|Benningen(Neckar)|Freiberg(Neckar)|Favoritepark|Ludwigsburg,8003411,Kornwestheim Pbf,Baden-Württemberg,Kornwestheim,70806,9.179967278,48.86215948,3,2608170010.0,,2608170011.0,,h,1.0,Bauarbeiten,,,,,,,0.0,1.0
-1059289875129037590-2608170027-4,7578,2608170040.0,2608170040.0,4,,S,S5,Stuttgart Hbf|Stuttgart Nordbahnhof|Stuttgart-Zuffenhausen,8003411,Kornwestheim Pbf,Baden-Württemberg,Kornwestheim,70806,9.179967278,48.86215948,3,2608170042.0,,2608170042.0,,,,,,,,,,,2.0,2.0
8164387048971779418-2608170007-5,7579,2608170019.0,2608170020.0,3,,S,S5,Bietigheim-Bissingen|Tamm(Württ)|Asperg|Ludwigsburg,8003411,Kornwestheim Pbf,Baden-Württemberg,Kornwestheim,70806,9.179967278,48.86215948,3,2608170019.0,,2608170020.0,,h,1.0,Bauarbeiten,,,,,,,0.0,0.0
-4175471405587783145-2608170007-4,7474,2608170020.0,2608170020.0,4,,S,S4,Stuttgart Hbf|Stuttgart Nordbahnhof|Stuttgart-Zuffenhausen,8003411,Kornwestheim Pbf,Baden-Württemberg,Kornwestheim,70806,9.179967278,48.86215948,3,2608170021.0,,2608170021.0,,h,1.0,Bauarbeiten,,,,,,,1.0,1.0
-5842345505256526084-2608162357-4,7576,2608170010.0,2608170010.0,4,,S,S5,Stuttgart Hbf|Stuttgart Nordbahnhof|Stuttgart-Zuffenhausen,8003411,Kornwestheim Pbf,Baden-Württemberg,Kornwestheim,70806,9.179967278,48.86215948,3,2608170010.0,,2608170010.0,,,,,,,,,,,0.0,0.0
7846954886947346104-2608170037-4,7476,2608170050.0,2608170050.0,4,,S,S4,Stuttgart Hbf|Stuttgart Nordbahnhof|Stuttgart-Zuffenhausen,8003411,Kornwestheim Pbf,Baden-Württemberg,Kornwestheim,70806,9.179967278,48.86215948,3,2608170050.0,,2608170051.0,,h,1.0,Bauarbeiten,,,,,,,0.0,1.0
-7276272804962501987-2608170033-4,7978,2608170042.0,2608170043.0,2,,S,S2,Filderstadt|Stuttgart Flughafen/Messe|Echterdingen,8003622,Leinfelden,Baden-Württemberg,Leinfelden-Echterdingen,70771,9.142859698,48.6964193,4,2608170042.0,,2608170043.0,,,,,,,,,,,0.0,0.0
5905216437651592640-2608170003-4,7976,2608170012.0,2608170013.0,2,,S,S2,Filderstadt|Stuttgart Flughafen/Messe|Echterdingen,8003622,Leinfelden,Baden-Württemberg,Leinfelden-Echterdingen,70771,9.142859698,48.6964193,4,2608170012.0,,2608170013.0,,,,,,,,,,,0.0,0.0
3605325443872813677-2608170005-4,7977,2608170016.0,2608170017.0,1,,S,S2,Stuttgart-Vaihingen|Stuttgart-Rohr|Oberaichen,8003622,Leinfelden,Baden-Württemberg,Leinfelden-Echterdingen,70771,9.142859698,48.6964193,4,2608170016.0,,2608170017.0,,,,,,,,,,,0.0,0.0
1391287489183680041-2608170035-4,7979,2608170046.0,2608170047.0,1,,S,S2,Stuttgart-Vaihingen|Stuttgart-Rohr|Oberaichen,8003622,Leinfelden,Baden-Württemberg,Leinfelden-Echterdingen,70771,9.142859698,48.6964193,4,2608170046.0,,2608170047.0,,,,,,,,,,,0.0,0.0
8721764304410214438-2608162355-8,7674,2608170013.0,2608170013.0,2,,S,S6,Stuttgart-Feuerbach|Stuttgart-Zuffenhausen|Neuwirtshaus(Porscheplatz)|Korntal|Weilimdorf|Ditzingen|Höfingen,8003652,Leonberg,Baden-Württemberg,Leonberg,71229,9.004025993,48.79970547,3,2608170013.0,,2608170013.0,,h,1.0,Bauarbeiten,,,,,,,0.0,0.0
-2875027575093930885-2608170003-5,7679,2608170017.0,2608170017.0,1,,S,S6,Weil der Stadt|Malmsheim|Renningen|Rutesheim,8003652,Leonberg,Baden-Württemberg,Leonberg,71229,9.004025993,48.79970547,3,2608170017.0,,2608170018.0,,h,1.0,Bauarbeiten,,,,,,,0.0,1.0
2388743435828280425-2608170025-8,7676,2608170043.0,2608170043.0,2,,S,S6,Stuttgart-Feuerbach|Stuttgart-Zuffenhausen|Neuwirtshaus(Porscheplatz)|Korntal|Weilimdorf|Ditzingen|Höfingen,8003652,Leonberg,Baden-Württemberg,Leonberg,71229,9.004025993,48.79970547,3,2608170043.0,,2608170043.0,,h,1.0,Bauarbeiten,,,,,,,0.0,0.0
-8784335190639872074-2608162344-13,19373,2608170028.0,2608170029.0,4,,RE,MEX17,Pforzheim Hbf|Eutingen(Baden)|Niefern|Enzberg|Mühlacker|Mühlacker Rößlesweg|Illingen(Württ)|Vaihingen(Enz)|Sersheim|Sachsenheim|Ellental|Bietigheim-Bissingen,8000235,Ludwigsburg,Baden-Württemberg,Ludwigsburg,71638,9.185229823,48.89208622,3,2608170029.0,,2608170030.0,,h,2.0,Information,,,,,,,1.0,1.0
2977099434128495599-2608162355-5,7477,2608170006.0,2608170007.0,3,,S,S4,Marbach(Neckar)|Benningen(Neckar)|Freiberg(Neckar)|Favoritepark,8000235,Ludwigsburg,Baden-Württemberg,Ludwigsburg,71638,9.185229823,48.89208622,3,2608170006.0,,2608170007.0,,h,1.0,Bauarbeiten,,,,,,,0.0,0.0
-6342382568126164390-2608162312-8,19037,2608170010.0,2608170012.0,4,,ARV,1,Karlsruhe Hbf|Karlsruhe-Durlach|Wilferdingen-Singen|Pforzheim Hbf|Mühlacker|Vaihingen(Enz)|Bietigheim-Bissingen,8000235,Ludwigsburg,Baden-Württemberg,Ludwigsburg,71638,9.185229823,48.89208622,3,2608170018.0,,2608170018.0,,,,,,,,,p,p,8.0,6.0
-1923875060183499829-2608162330-8,19375,2608170004.0,2608170005.0,4,,RE,MEX18,Heilbronn Hbf|Nordheim(Württ)|Lauffen(Neckar)|Kirchheim(Neckar)|Walheim(Württ)|Besigheim|Bietigheim-Bissingen,8000235,Ludwigsburg,Baden-Württemberg,Ludwigsburg,71638,9.185229823,48.89208622,3,2608170005.0,,2608170006.0,,h,2.0,Information,,,,,,,1.0,1.0
-1059289875129037590-2608170027-5,7578,2608170043.0,2608170044.0,2,,S,S5,Stuttgart Hbf|Stuttgart Nordbahnhof|Stuttgart-Zuffenhausen|Kornwestheim Pbf,8000235,Ludwigsburg,Baden-Württemberg,Ludwigsburg,71638,9.185229823,48.89208622,3,2608170045.0,,2608170045.0,,,,,,,,,,,2.0,1.0
8164387048971779418-2608170007-4,7579,2608170016.0,2608170016.0,3,,S,S5,Bietigheim-Bissingen|Tamm(Württ)|Asperg,8000235,Ludwigsburg,Baden-Württemberg,Ludwigsburg,71638,9.185229823,48.89208622,3,2608170016.0,,2608170016.0,,h,1.0,Bauarbeiten,,,,,,,0.0,0.0
-777260281010664973-2608170016-2,19036,2608170025.0,2608170025.0,1,,ARV,1,Stuttgart Hbf,8000235,Ludwigsburg,Baden-Württemberg,Ludwigsburg,71638,9.185229823,48.89208622,3,2608170025.0,,2608170026.0,,,,,,,,,,,0.0,1.0
-4175471405587783145-2608170007-5,7474,2608170023.0,2608170024.0,2,,S,S4,Stuttgart Hbf|Stuttgart Nordbahnhof|Stuttgart-Zuffenhausen|Kornwestheim Pbf,8000235,Ludwigsburg,Baden-Württemberg,Ludwigsburg,71638,9.185229823,48.89208622,3,2608170024.0,,2608170024.0,,h,1.0,Bauarbeiten,,,,,,,1.0,0.0
-2156184823073248932-2608170023-2,19584,2608170032.0,2608170033.0,1,,RE,MEX17,Stuttgart Hbf,8000235,Ludwigsburg,Baden-Württemberg,Ludwigsburg,71638,9.185229823,48.89208622,3,2608170033.0,,2608170033.0,,h,2.0,Information,,,,,,,1.0,0.0
-5842345505256526084-2608162357-5,7576,2608170013.0,2608170014.0,2,,S,S5,Stuttgart Hbf|Stuttgart Nordbahnhof|Stuttgart-Zuffenhausen|Kornwestheim Pbf,8000235,Ludwigsburg,Baden-Württemberg,Ludwigsburg,71638,9.185229823,48.89208622,3,2608170013.0,,2608170014.0,,,,,,,,,,,0.0,0.0
-4165700884382640783-2608162316-11,19364,2608170028.0,2608170029.0,1,,RE,MEX12,Reutlingen Hbf|Metzingen(Württ)|Bempflingen|Nürtingen|Oberboihingen|Wendlingen(Neckar)|Plochingen|Esslingen(Neckar)|Stuttgart-Bad Cannstatt|Stuttgart Hbf,8000235,Ludwigsburg,Baden-Württemberg,Ludwigsburg,71638,9.185229823,48.89208622,3,2608170029.0,,2608170030.0,,h,2.0,Bauarbeiten,,,,,,,1.0,1.0
7846954886947346104-2608170037-5,7476,2608170053.0,2608170054.0,2,,S,S4,Stuttgart Hbf|Stuttgart Nordbahnhof|Stuttgart-Zuffenhausen|Kornwestheim Pbf,8000235,Ludwigsburg,Baden-Württemberg,Ludwigsburg,71638,9.185229823,48.89208622,3,2608170054.0,,2608170054.0,,h,1.0,Bauarbeiten,,,,,,,1.0,0.0
8721764304410214438-2608162355-11,7674,2608170024.0,2608170024.0,1,,S,S6,Stuttgart-Feuerbach|Stuttgart-Zuffenhausen|Neuwirtshaus(Porscheplatz)|Korntal|Weilimdorf|Ditzingen|Höfingen|Leonberg|Rutesheim|Renningen,8003831,Malmsheim,Baden-Württemberg,Renningen,71272,8.905105557,48.77183564,5,2608170024.0,,2608170024.0,,h,1.0,Bauarbeiten,,,,,,,0.0,0.0
-2875027575093930885-2608170003-2,7679,2608170005.0,2608170005.0,2,,S,S6,Weil der Stadt,8003831,Malmsheim,Baden-Württemberg,Renningen,71272,8.905105557,48.77183564,5,2608170005.0,,2608170006.0,,h,1.0,Bauarbeiten,,,,,,,0.0,1.0
2388743435828280425-2608170025-11,7676,2608170054.0,2608170054.0,1,,S,S6,Stuttgart-Feuerbach|Stuttgart-Zuffenhausen|Neuwirtshaus(Porscheplatz)|Korntal|Weilimdorf|Ditzingen|Höfingen|Leonberg|Rutesheim|Renningen,8003831,Malmsheim,Baden-Württemberg,Renningen,71272,8.905105557,48.77183564,5,2608170054.0,,2608170054.0,,h,1.0,Bauarbeiten,,,,,,,0.0,0.0
3008894599226717977-2608162337-9,7472,2608170005.0,,1,,S,,Stuttgart Hbf|Stuttgart Nordbahnhof|Stuttgart-Zuffenhausen|Kornwestheim Pbf|Ludwigsburg|Favoritepark|Freiberg(Neckar)|Benningen(Neckar),8003853,Marbach (Neckar),Baden-Württemberg,Marbach am Neckar,71672,9.264611825,48.9437708,3,2608170008.0,,,,h,1.0,Bauarbeiten,,,,,,,3.0,0.0
-4175471405587783145-2608170007-9,7474,2608170035.0,2608170038.0,1,,S,S4,Stuttgart Hbf|Stuttgart Nordbahnhof|Stuttgart-Zuffenhausen|Kornwestheim Pbf|Ludwigsburg|Favoritepark|Freiberg(Neckar)|Benningen(Neckar),8003853,Marbach (Neckar),Baden-Württemberg,Marbach am Neckar,71672,9.264611825,48.9437708,3,2608170035.0,,2608170038.0,,h,1.0,Bauarbeiten,,,,,,,0.0,0.0
8494074834215864068-2608170011-2,7379,2608170013.0,2608170014.0,1,,S,S3,Backnang,8003913,Maubach,Baden-Württemberg,Backnang,71522,9.419487062,48.92623463,4,2608170013.0,,2608170014.0,,,,,,,,,,,0.0,0.0
6798625749353298235-2608170012-11,7376,2608170044.0,2608170045.0,2,,S,S3,Stuttgart Hbf|Stuttgart-Bad Cannstatt|Stuttgart Nürnberger Str.|Stuttgart-Sommerrain|Fellbach|Waiblingen|Neustadt-Hohenacker|Schwaikheim|Winnenden|Nellmersbach,8003913,Maubach,Baden-Württemberg,Backnang,71522,9.419487062,48.92623463,4,2608170045.0,,2608170046.0,,,,,,,,,,,1.0,1.0
4235977593412169897-2608162342-11,7374,2608170014.0,2608170015.0,2,,S,S3,Stuttgart Hbf|Stuttgart-Bad Cannstatt|Stuttgart Nürnberger Str.|Stuttgart-Sommerrain|Fellbach|Waiblingen|Neustadt-Hohenacker|Schwaikheim|Winnenden|Nellmersbach,8003913,Maubach,Baden-Württemberg,Backnang,71522,9.419487062,48.92623463,4,2608170015.0,,2608170016.0,,,,,,,,,,,1.0,1.0
8494074834215864068-2608170011-3,7379,2608170016.0,2608170016.0,1,,S,S3,Backnang|Maubach,8004233,Nellmersbach,Baden-Württemberg,Leutenbach,71397,9.415421538,48.90336425,5,2608170016.0,,2608170017.0,,,,,,,,,,,0.0,1.0
6798625749353298235-2608170012-10,7376,2608170041.0,2608170042.0,2,,S,S3,Stuttgart Hbf|Stuttgart-Bad Cannstatt|Stuttgart Nürnberger Str.|Stuttgart-Sommerrain|Fellbach|Waiblingen|Neustadt-Hohenacker|Schwaikheim|Winnenden,8004233,Nellmersbach,Baden-Württemberg,Leutenbach,71397,9.415421538,48.90336425,5,2608170042.0,,2608170043.0,,,,,,,,,,,1.0,1.0
4235977593412169897-2608162342-10,7374,2608170011.0,2608170012.0,2,,S,S3,Stuttgart Hbf|Stuttgart-Bad Cannstatt|Stuttgart Nürnberger Str.|Stuttgart-Sommerrain|Fellbach|Waiblingen|Neustadt-Hohenacker|Schwaikheim|Winnenden,8004233,Nellmersbach,Baden-Württemberg,Leutenbach,71397,9.415421538,48.90336425,5,2608170012.0,,2608170013.0,,,,,,,,,,,1.0,1.0
8494074834215864068-2608170011-6,7379,2608170025.0,2608170025.0,2,,S,S3,Backnang|Maubach|Nellmersbach|Winnenden|Schwaikheim,8004333,Neustadt-Hohenacker,Baden-Württemberg,Waiblingen,71336,9.32455106,48.85921668,5,2608170025.0,,2608170025.0,,,,,,,,,,,0.0,0.0
6798625749353298235-2608170012-7,7376,2608170033.0,2608170033.0,1,,S,S3,Stuttgart Hbf|Stuttgart-Bad Cannstatt|Stuttgart Nürnberger Str.|Stuttgart-Sommerrain|Fellbach|Waiblingen,8004333,Neustadt-Hohenacker,Baden-Württemberg,Waiblingen,71336,9.32455106,48.85921668,5,2608170033.0,,2608170034.0,,,,,,,,,,,0.0,1.0
4235977593412169897-2608162342-7,7374,2608170003.0,2608170003.0,1,,S,S3,Stuttgart Hbf|Stuttgart-Bad Cannstatt|Stuttgart Nürnberger Str.|Stuttgart-Sommerrain|Fellbach|Waiblingen,8004333,Neustadt-Hohenacker,Baden-Württemberg,Waiblingen,71336,9.32455106,48.85921668,5,2608170003.0,,2608170004.0,,,,,,,,,,,0.0,1.0
-6526775162747392382-2608162333-10,7677,2608170001.0,2608170001.0,2,,S,S6,Weil der Stadt|Malmsheim|Renningen|Rutesheim|Leonberg|Höfingen|Ditzingen|Weilimdorf|Korntal,8004338,Neuwirtshaus (Porscheplatz),Baden-Württemberg,Stuttgart,70435,9.151955614,48.83384734,4,2608170001.0,,2608170002.0,,h,1.0,Bauarbeiten,,,,,,,0.0,1.0
-2875027575093930885-2608170003-10,7679,2608170031.0,2608170031.0,2,,S,S6,Weil der Stadt|Malmsheim|Renningen|Rutesheim|Leonberg|Höfingen|Ditzingen|Weilimdorf|Korntal,8004338,Neuwirtshaus (Porscheplatz),Baden-Württemberg,Stuttgart,70435,9.151955614,48.83384734,4,2608170032.0,,2608170033.0,,h,1.0,Bauarbeiten,,,,,,,1.0,2.0
2388743435828280425-2608170025-3,7676,2608170028.0,2608170029.0,1,,S,S6,Stuttgart-Feuerbach|Stuttgart-Zuffenhausen,8004338,Neuwirtshaus (Porscheplatz),Baden-Württemberg,Stuttgart,70435,9.151955614,48.83384734,4,2608170029.0,,2608170030.0,,h,1.0,Bauarbeiten,,,,,,,1.0,1.0
-4290766941278586427-2608170055-3,7678,2608170058.0,2608170059.0,1,,S,S6,Stuttgart-Feuerbach|Stuttgart-Zuffenhausen,8004338,Neuwirtshaus (Porscheplatz),Baden-Württemberg,Stuttgart,70435,9.151955614,48.83384734,4,2608170059.0,,2608170059.0,,h,1.0,Bauarbeiten,,,,,,,1.0,0.0
3254218711381615406-2608162346-8,7775,2608170011.0,2608170011.0,1,,S,S1,Stuttgart-Vaihingen|Stuttgart-Rohr|Goldberg(Württ)|Böblingen|Hulb|Ehningen(b Böblingen)|Gärtringen,8004490,Nufringen,Baden-Württemberg,Nufringen,71154,8.889817485,48.62010967,5,2608170012.0,,2608170012.0,,,,,,,,,,,1.0,1.0
-1459141203769340300-2608170016-8,7777,2608170041.0,2608170041.0,1,,S,S1,Stuttgart-Vaihingen|Stuttgart-Rohr|Goldberg(Württ)|Böblingen|Hulb|Ehningen(b Böblingen)|Gärtringen,8004490,Nufringen,Baden-Württemberg,Nufringen,71154,8.889817485,48.62010967,5,2608170042.0,,2608170042.0,,,,,,,,,,,1.0,1.0
-2978262493163587752-2608170016-2,7780,2608170019.0,2608170019.0,2,,S,S1,Herrenberg,8004490,Nufringen,Baden-Württemberg,Nufringen,71154,8.889817485,48.62010967,5,2608170019.0,,2608170020.0,,,,,,,,,,,0.0,1.0
-7276272804962501987-2608170033-5,7978,2608170045.0,2608170045.0,2,,S,S2,Filderstadt|Stuttgart Flughafen/Messe|Echterdingen|Leinfelden,8004496,Oberaichen,Baden-Württemberg,Leinfelden-Echterdingen,70771,9.12743664,48.70512422,5,2608170045.0,,2608170046.0,,,,,,,,,,,0.0,1.0
5905216437651592640-2608170003-5,7976,2608170015.0,2608170015.0,2,,S,S2,Filderstadt|Stuttgart Flughafen/Messe|Echterdingen|Leinfelden,8004496,Oberaichen,Baden-Württemberg,Leinfelden-Echterdingen,70771,9.12743664,48.70512422,5,2608170015.0,,2608170015.0,,,,,,,,,,,0.0,0.0
3605325443872813677-2608170005-3,7977,2608170014.0,2608170014.0,1,,S,S2,Stuttgart-Vaihingen|Stuttgart-Rohr,8004496,Oberaichen,Baden-Württemberg,Leinfelden-Echterdingen,70771,9.12743664,48.70512422,5,2608170014.0,,2608170014.0,,,,,,,,,,,0.0,0.0
1391287489183680041-2608170035-3,7979,2608170044.0,2608170044.0,1,,S,S2,Stuttgart-Vaihingen|Stuttgart-Rohr,8004496,Oberaichen,Baden-Württemberg,Leinfelden-Echterdingen,70771,9.12743664,48.70512422,5,2608170044.0,,2608170045.0,,,,,,,,,,,0.0,1.0
-8775031481172421761-2608170020-8,7181,2608170044.0,2608170045.0,3,,S,S1,Kirchheim(Teck)|Kirchheim(Teck)-Ötlingen|Wendlingen(Neckar)|Wernau(Neckar)|Plochingen|Altbach|Esslingen-Zell,8004528,Oberesslingen,Baden-Württemberg,Esslingen am Neckar,73730,9.327277435,48.72983585,3,2608170044.0,,2608170045.0,,,,,,,,,,,0.0,0.0
6181068125164198804-2608162355-8,7176,2608170015.0,2608170015.0,4,,S,S1,Stuttgart Hbf|Stuttgart-Bad Cannstatt|Stuttgart Neckarpark|Stuttgart-Untertürkheim|Stuttgart-Obertürkheim|Esslingen-Mettingen|Esslingen(Neckar),8004528,Oberesslingen,Baden-Württemberg,Esslingen am Neckar,73730,9.327277435,48.72983585,3,2608170015.0,,2608170015.0,,,,,,,,,,,0.0,0.0
2298525024658281877-2608170025-8,7178,2608170045.0,2608170045.0,4,,S,S1,Stuttgart Hbf|Stuttgart-Bad Cannstatt|Stuttgart Neckarpark|Stuttgart-Untertürkheim|Stuttgart-Obertürkheim|Esslingen-Mettingen|Esslingen(Neckar),8004528,Oberesslingen,Baden-Württemberg,Esslingen am Neckar,73730,9.327277435,48.72983585,3,2608170045.0,,2608170045.0,,,,,,,,,,,0.0,0.0
8092363418274949423-2608162350-8,7179,2608170014.0,2608170015.0,3,,S,S1,Kirchheim(Teck)|Kirchheim(Teck)-Ötlingen|Wendlingen(Neckar)|Wernau(Neckar)|Plochingen|Altbach|Esslingen-Zell,8004528,Oberesslingen,Baden-Württemberg,Esslingen am Neckar,73730,9.327277435,48.72983585,3,2608170014.0,,2608170015.0,,,,,,,,,,,0.0,0.0
-8775031481172421761-2608170020-5,7181,2608170035.0,2608170037.0,9,,S,S1,Kirchheim(Teck)|Kirchheim(Teck)-Ötlingen|Wendlingen(Neckar)|Wernau(Neckar),8000302,Plochingen,Baden-Württemberg,Plochingen,73207,9.411294578,48.71293906,2,2608170037.0,,2608170037.0,,,,,,,,,,,2.0,0.0
-4359664030948879851-2608162348-13,19186,2608170028.0,2608170034.0,1,,ARV,16,Geislingen(Steige)|Geislingen(Steige)West|Kuchen|Gingen(Fils)|Süßen|Salach|Eislingen(Fils)|Göppingen|Faurndau|Uhingen|Ebersbach(Fils)|Reichenbach(Fils),8000302,Plochingen,Baden-Württemberg,Plochingen,73207,9.411294578,48.71293906,2,2608170028.0,,2608170034.0,,,,,,,,,,,0.0,0.0
-3852490567873853424-2608162204-11,4236,2608170002.0,2608170003.0,1,,RE,RE5,Friedrichshafen Stadt|Meckenbeuren|Ravensburg|Aulendorf|Bad Schussenried|Biberach(Riß)|Laupheim West|Ulm Hbf|Geislingen(Steige)|Göppingen,8000302,Plochingen,Baden-Württemberg,Plochingen,73207,9.411294578,48.71293906,2,2608170006.0,,2608170007.0,,h,2.0,Störung,,,,,,,4.0,4.0
-8733024508125192900-2608170004-4,19187,2608170023.0,2608170030.0,3,,ARV,16,Stuttgart Hbf|Stuttgart-Bad Cannstatt|Esslingen(Neckar),8000302,Plochingen,Baden-Württemberg,Plochingen,73207,9.411294578,48.71293906,2,2608170026.0,,2608170030.0,,,,,,,,,,,3.0,0.0
-2072654561674994799-2608170016-7,99025,2608170047.0,2608170048.0,,,RE,MEX12,Reutlingen Hbf|Metzingen(Württ)|Bempflingen|Nürtingen|Oberboihingen|Wendlingen(Neckar),8000302,Plochingen,Baden-Württemberg,Plochingen,73207,9.411294578,48.71293906,2,2608170047.0,6.0,2608170048.0,6.0,h,2.0,Bauarbeiten,,,,,c,c,0.0,0.0
6538495934741560204-2608162346-19,19188,2608170056.0,2608170057.0,1,,ARV,16,Ulm Hbf|Beimerstetten|Westerstetten|Lonsee|Urspring|Amstetten(Württ)|Geislingen(Steige)|Geislingen(Steige)West|Kuchen|Gingen(Fils)|Süßen|Salach|Eislingen(Fils)|Göppingen|Faurndau|Uhingen|Ebersbach(Fils)|Reichenbach(Fils),8000302,Plochingen,Baden-Württemberg,Plochingen,73207,9.411294578,48.71293906,2,2608170056.0,,2608170057.0,,,,,,,,,,,0.0,0.0
6942066076921155059-2608170014-1,19342,,2608170014.0,,,RE,MEX18,,8000302,Plochingen,Baden-Württemberg,Plochingen,73207,9.411294578,48.71293906,2,,,2608170014.0,,,,,,,,,,,0.0,0.0
6181068125164198804-2608162355-11,7176,2608170023.0,2608170025.0,9,,S,S1,Stuttgart Hbf|Stuttgart-Bad Cannstatt|Stuttgart Neckarpark|Stuttgart-Untertürkheim|Stuttgart-Obertürkheim|Esslingen-Mettingen|Esslingen(Neckar)|Oberesslingen|Esslingen-Zell|Altbach,8000302,Plochingen,Baden-Württemberg,Plochingen,73207,9.411294578,48.71293906,2,2608170023.0,,2608170025.0,,,,,,,,,,,0.0,0.0
6962993513256562528-2608162342-4,19185,2608170000.0,2608170000.0,4,,ARV,16,Stuttgart Hbf|Stuttgart-Bad Cannstatt|Esslingen(Neckar),8000302,Plochingen,Baden-Württemberg,Plochingen,73207,9.411294578,48.71293906,2,2608170001.0,,2608170002.0,,,,,,,,,,,1.0,2.0
2298525024658281877-2608170025-11,7178,2608170053.0,2608170055.0,9,,S,S1,Stuttgart Hbf|Stuttgart-Bad Cannstatt|Stuttgart Neckarpark|Stuttgart-Untertürkheim|Stuttgart-Obertürkheim|Esslingen-Mettingen|Esslingen(Neckar)|Oberesslingen|Esslingen-Zell|Altbach,8000302,Plochingen,Baden-Württemberg,Plochingen,73207,9.411294578,48.71293906,2,2608170053.0,10.0,2608170056.0,10.0,,,,,,,,,,0.0,1.0
8092363418274949423-2608162350-5,7179,2608170005.0,2608170007.0,9,,S,S1,Kirchheim(Teck)|Kirchheim(Teck)-Ötlingen|Wendlingen(Neckar)|Wernau(Neckar),8000302,Plochingen,Baden-Württemberg,Plochingen,73207,9.411294578,48.71293906,2,2608170007.0,,2608170008.0,,,,,,,,,,,2.0,1.0
8721764304410214438-2608162355-10,7674,2608170019.0,2608170022.0,3,,S,S6,Stuttgart-Feuerbach|Stuttgart-Zuffenhausen|Neuwirtshaus(Porscheplatz)|Korntal|Weilimdorf|Ditzingen|Höfingen|Leonberg|Rutesheim,8000313,Renningen,Baden-Württemberg,Renningen,71272,8.932650148,48.77515509,3,2608170019.0,,2608170022.0,,h,1.0,Bauarbeiten,,,,,,,0.0,0.0
-8774147686098078692-2608170004-7,7077,2608170020.0,,2,,S,,Böblingen|Sindelfingen|Maichingen|Maichingen Nord|Magstadt|Renningen Süd,8000313,Renningen,Baden-Württemberg,Renningen,71272,8.932650148,48.77515509,3,2608170021.0,,,,h,1.0,Bauarbeiten,,,,,,,1.0,0.0
-9074467080985277700-2608170034-7,7079,2608170050.0,,2,,S,,Böblingen|Sindelfingen|Maichingen|Maichingen Nord|Magstadt|Renningen Süd,8000313,Renningen,Baden-Württemberg,Renningen,71272,8.932650148,48.77515509,3,2608170051.0,,,,h,1.0,Bauarbeiten,,,,,,,1.0,0.0
3135343690013222861-2608170009-1,7078,,2608170009.0,,,S,S60,,8000313,Renningen,Baden-Württemberg,Renningen,71272,8.932650148,48.77515509,3,,,2608170011.0,,h,1.0,Bauarbeiten,,,,,,,0.0,2.0
-2875027575093930885-2608170003-3,7679,2608170007.0,2608170011.0,2,,S,S6,Weil der Stadt|Malmsheim,8000313,Renningen,Baden-Württemberg,Renningen,71272,8.932650148,48.77515509,3,2608170009.0,,2608170011.0,,h,1.0,Bauarbeiten,,,,,,,2.0,0.0
2388743435828280425-2608170025-10,7676,2608170049.0,2608170052.0,3,,S,S6,Stuttgart-Feuerbach|Stuttgart-Zuffenhausen|Neuwirtshaus(Porscheplatz)|Korntal|Weilimdorf|Ditzingen|Höfingen|Leonberg|Rutesheim,8000313,Renningen,Baden-Württemberg,Renningen,71272,8.932650148,48.77515509,3,2608170049.0,,2608170052.0,,h,1.0,Bauarbeiten,,,,,,,0.0,0.0
-8097229136581884814-2608170033-9,7281,2608170051.0,2608170052.0,2,,S,S2,Schorndorf|Weiler(Rems)|Winterbach(b Schorndorf)|Geradstetten|Grunbach|Beutelsbach|Endersbach|Stetten-Beinstein,8005157,Rommelshausen,Baden-Württemberg,Kernen,71394,9.319175885,48.81552017,4,2608170051.0,,2608170052.0,,h,1.0,Bauarbeiten,,,,,,,0.0,0.0
6570008134094305920-2608170003-9,7279,2608170021.0,2608170022.0,2,,S,S2,Schorndorf|Weiler(Rems)|Winterbach(b Schorndorf)|Geradstetten|Grunbach|Beutelsbach|Endersbach|Stetten-Beinstein,8005157,Rommelshausen,Baden-Württemberg,Kernen,71394,9.319175885,48.81552017,4,2608170025.0,,2608170026.0,,h,1.0,Bauarbeiten,,,,,,,4.0,4.0
-6065798673451795825-2608162350-7,7274,2608170007.0,2608170007.0,1,,S,S2,Stuttgart Hbf|Stuttgart-Bad Cannstatt|Stuttgart Nürnberger Str.|Stuttgart-Sommerrain|Fellbach|Waiblingen,8005157,Rommelshausen,Baden-Württemberg,Kernen,71394,9.319175885,48.81552017,4,2608170007.0,,2608170008.0,,h,1.0,Bauarbeiten,,,,,,,0.0,1.0
6461875104419562950-2608170020-7,7276,2608170037.0,2608170037.0,1,,S,S2,Stuttgart Hbf|Stuttgart-Bad Cannstatt|Stuttgart Nürnberger Str.|Stuttgart-Sommerrain|Fellbach|Waiblingen,8005157,Rommelshausen,Baden-Württemberg,Kernen,71394,9.319175885,48.81552017,4,2608170037.0,,2608170038.0,,h,1.0,Bauarbeiten,,,,,,,0.0,1.0
8721764304410214438-2608162355-9,7674,2608170016.0,2608170016.0,2,,S,S6,Stuttgart-Feuerbach|Stuttgart-Zuffenhausen|Neuwirtshaus(Porscheplatz)|Korntal|Weilimdorf|Ditzingen|Höfingen|Leonberg,8005236,Rutesheim,Baden-Württemberg,Leonberg,71229,8.960325242,48.79031093,5,2608170016.0,,2608170016.0,,h,1.0,Bauarbeiten,,,,,,,0.0,0.0
-2875027575093930885-2608170003-4,7679,2608170013.0,2608170014.0,1,,S,S6,Weil der Stadt|Malmsheim|Renningen,8005236,Rutesheim,Baden-Württemberg,Leonberg,71229,8.960325242,48.79031093,5,2608170014.0,,2608170014.0,,h,1.0,Bauarbeiten,,,,,,,1.0,0.0
2388743435828280425-2608170025-9,7676,2608170046.0,2608170046.0,2,,S,S6,Stuttgart-Feuerbach|Stuttgart-Zuffenhausen|Neuwirtshaus(Porscheplatz)|Korntal|Weilimdorf|Ditzingen|Höfingen|Leonberg,8005236,Rutesheim,Baden-Württemberg,Leonberg,71229,8.960325242,48.79031093,5,2608170047.0,,2608170047.0,,h,1.0,Bauarbeiten,,,,,,,1.0,1.0
-8097229136581884814-2608170033-1,7281,,2608170033.0,,,S,S2,,8005424,Schorndorf,Baden-Württemberg,Schorndorf,73614,9.525686251,48.80693898,3,,,2608170033.0,14.0,h,1.0,Bauarbeiten,,,,,,,0.0,0.0
6570008134094305920-2608170003-1,7279,,2608170003.0,,,S,S2,,8005424,Schorndorf,Baden-Württemberg,Schorndorf,73614,9.525686251,48.80693898,3,,,2608170008.0,1.0,h,1.0,Bauarbeiten,,,,,,,0.0,5.0
-6065798673451795825-2608162350-15,7274,2608170025.0,,1,,S,,Stuttgart Hbf|Stuttgart-Bad Cannstatt|Stuttgart Nürnberger Str.|Stuttgart-Sommerrain|Fellbach|Waiblingen|Rommelshausen|Stetten-Beinstein|Endersbach|Beutelsbach|Grunbach|Geradstetten|Winterbach(b Schorndorf)|Weiler(Rems),8005424,Schorndorf,Baden-Württemberg,Schorndorf,73614,9.525686251,48.80693898,3,2608170025.0,14.0,,,h,1.0,Bauarbeiten,,,,,,,0.0,0.0
5642224881119907643-2608162356-6,19492,2608170013.0,2608170014.0,3,,ARV,13,Schwäbisch Gmünd|Lorch(Württ)|Waldhausen(b Schorndorf)|Plüderhausen|Urbach(b Schorndorf),8005424,Schorndorf,Baden-Württemberg,Schorndorf,73614,9.525686251,48.80693898,3,2608170014.0,,2608170015.0,,h,2.0,Information,,,,,,,1.0,1.0
-1081780412156222586-2608170020-4,19491,2608170043.0,2608170044.0,2,,ARV,13,Stuttgart Hbf|Stuttgart-Bad Cannstatt|Waiblingen,8005424,Schorndorf,Baden-Württemberg,Schorndorf,73614,9.525686251,48.80693898,3,2608170043.0,,2608170044.0,,h,2.0,Information,,,,,,,0.0,0.0
6461875104419562950-2608170020-15,7276,2608170055.0,,14,,S,,Stuttgart Hbf|Stuttgart-Bad Cannstatt|Stuttgart Nürnberger Str.|Stuttgart-Sommerrain|Fellbach|Waiblingen|Rommelshausen|Stetten-Beinstein|Endersbach|Beutelsbach|Grunbach|Geradstetten|Winterbach(b Schorndorf)|Weiler(Rems),8005424,Schorndorf,Baden-Württemberg,Schorndorf,73614,9.525686251,48.80693898,3,2608170055.0,,,,h,1.0,Bauarbeiten,,,,,,,0.0,0.0
8494074834215864068-2608170011-5,7379,2608170022.0,2608170023.0,1,,S,S3,Backnang|Maubach|Nellmersbach|Winnenden,8005454,Schwaikheim,Baden-Württemberg,Schwaikheim,71409,9.354747358,48.86832665,4,2608170022.0,,2608170023.0,,,,,,,,,,,0.0,0.0
6798625749353298235-2608170012-8,7376,2608170036.0,2608170036.0,2,,S,S3,Stuttgart Hbf|Stuttgart-Bad Cannstatt|Stuttgart Nürnberger Str.|Stuttgart-Sommerrain|Fellbach|Waiblingen|Neustadt-Hohenacker,8005454,Schwaikheim,Baden-Württemberg,Schwaikheim,71409,9.354747358,48.86832665,4,2608170036.0,,2608170037.0,,,,,,,,,,,0.0,1.0
4235977593412169897-2608162342-8,7374,2608170006.0,2608170006.0,2,,S,S3,Stuttgart Hbf|Stuttgart-Bad Cannstatt|Stuttgart Nürnberger Str.|Stuttgart-Sommerrain|Fellbach|Waiblingen|Neustadt-Hohenacker,8005454,Schwaikheim,Baden-Württemberg,Schwaikheim,71409,9.354747358,48.86832665,4,2608170006.0,,2608170007.0,,,,,,,,,,,0.0,1.0
-8774147686098078692-2608170004-2,7077,2608170006.0,2608170007.0,1,,S,S60,Böblingen,8005574,Sindelfingen,Baden-Württemberg,Sindelfingen,71063,8.999262079,48.70387346,6,2608170006.0,,2608170007.0,,h,1.0,Bauarbeiten,,,,,,,0.0,0.0
-9074467080985277700-2608170034-2,7079,2608170036.0,2608170037.0,1,,S,S60,Böblingen,8005574,Sindelfingen,Baden-Württemberg,Sindelfingen,71063,8.999262079,48.70387346,6,2608170037.0,,2608170037.0,,h,1.0,Bauarbeiten,,,,,,,1.0,0.0
3135343690013222861-2608170009-6,7078,2608170022.0,2608170023.0,1,,S,S60,Renningen|Renningen Süd|Magstadt|Maichingen Nord|Maichingen,8005574,Sindelfingen,Baden-Württemberg,Sindelfingen,71063,8.999262079,48.70387346,6,2608170026.0,,2608170027.0,,h,1.0,Bauarbeiten,,,,,,,4.0,4.0
-8097229136581884814-2608170033-8,7281,2608170049.0,2608170049.0,2,,S,S2,Schorndorf|Weiler(Rems)|Winterbach(b Schorndorf)|Geradstetten|Grunbach|Beutelsbach|Endersbach,8005726,Stetten-Beinstein,Baden-Württemberg,Weinstadt,71384,9.352769725,48.81199601,5,2608170049.0,,2608170049.0,,h,1.0,Bauarbeiten,,,,,,,0.0,0.0
6570008134094305920-2608170003-8,7279,2608170019.0,2608170019.0,2,,S,S2,Schorndorf|Weiler(Rems)|Winterbach(b Schorndorf)|Geradstetten|Grunbach|Beutelsbach|Endersbach,8005726,Stetten-Beinstein,Baden-Württemberg,Weinstadt,71384,9.352769725,48.81199601,5,2608170022.0,,2608170023.0,,h,1.0,Bauarbeiten,,,,,,,3.0,4.0
-6065798673451795825-2608162350-8,7274,2608170009.0,2608170009.0,1,,S,S2,Stuttgart Hbf|Stuttgart-Bad Cannstatt|Stuttgart Nürnberger Str.|Stuttgart-Sommerrain|Fellbach|Waiblingen|Rommelshausen,8005726,Stetten-Beinstein,Baden-Württemberg,Weinstadt,71384,9.352769725,48.81199601,5,2608170010.0,,2608170010.0,,h,1.0,Bauarbeiten,,,,,,,1.0,1.0
6461875104419562950-2608170020-8,7276,2608170039.0,2608170039.0,1,,S,S2,Stuttgart Hbf|Stuttgart-Bad Cannstatt|Stuttgart Nürnberger Str.|Stuttgart-Sommerrain|Fellbach|Waiblingen|Rommelshausen,8005726,Stetten-Beinstein,Baden-Württemberg,Weinstadt,71384,9.352769725,48.81199601,5,2608170040.0,,2608170040.0,,h,1.0,Bauarbeiten,,,,,,,1.0,1.0
8494074834215864068-2608170011-12,7379,2608170047.0,,4,,S,,Backnang|Maubach|Nellmersbach|Winnenden|Schwaikheim|Neustadt-Hohenacker|Waiblingen|Fellbach|Stuttgart-Sommerrain|Stuttgart Nürnberger Str.|Stuttgart-Bad Cannstatt,8000096,Stuttgart Hbf,Baden-Württemberg,Stuttgart,70173,9.183172973,48.78473069,1,2608170047.0,,,,,,,,,,,,,0.0,0.0
-7120372043677331542-2608162341-12,7377,2608170017.0,,4,,S,,Backnang|Maubach|Nellmersbach|Winnenden|Schwaikheim|Neustadt-Hohenacker|Waiblingen|Fellbach|Stuttgart-Sommerrain|Stuttgart Nürnberger Str.|Stuttgart-Bad Cannstatt,8000096,Stuttgart Hbf,Baden-Württemberg,Stuttgart,70173,9.183172973,48.78473069,1,2608170017.0,,,,,,,,,,,,,0.0,0.0
6588190298506647860-2608162337-8,7577,2608170005.0,,2,,S,,Bietigheim-Bissingen|Tamm(Württ)|Asperg|Ludwigsburg|Kornwestheim Pbf|Stuttgart-Zuffenhausen|Stuttgart Nordbahnhof,8000096,Stuttgart Hbf,Baden-Württemberg,Stuttgart,70173,9.183172973,48.78473069,1,2608170005.0,,,,,,,,,,,,,0.0,0.0
-8784335190639872074-2608162344-14,19373,2608170040.0,,15,,RE,,Pforzheim Hbf|Eutingen(Baden)|Niefern|Enzberg|Mühlacker|Mühlacker Rößlesweg|Illingen(Württ)|Vaihingen(Enz)|Sersheim|Sachsenheim|Ellental|Bietigheim-Bissingen|Ludwigsburg,8000096,Stuttgart Hbf,Baden-Württemberg,Stuttgart,70173,9.183172973,48.78473069,1,2608170042.0,11.0,,,h,2.0,Information,,,,,,,2.0,0.0
4872555672288923535-2608161745-14,617,2608170015.0,,16,,ICE,,Hamburg Hbf|Hamburg-Harburg|Bremen Hbf|Osnabrück Hbf|Münster(Westf)Hbf|Dortmund Hbf|Bochum Hbf|Essen Hbf|Duisburg Hbf|Düsseldorf Hbf|Köln Hbf|Frankfurt(M) Flughafen Fernbf|Mannheim Hbf,8000096,Stuttgart Hbf,Baden-Württemberg,Stuttgart,70173,9.183172973,48.78473069,1,2608170032.0,6.0,,,h,3.0,Information,,,,,,,17.0,0.0
6798625749353298235-2608170012-1,7376,,2608170012.0,,,S,S3,,8000096,Stuttgart Hbf,Baden-Württemberg,Stuttgart,70173,9.183172973,48.78473069,1,,,2608170012.0,,,,,,,,,,,0.0,0.0
2977099434128495599-2608162355-9,7477,2608170025.0,,1,,S,,Marbach(Neckar)|Benningen(Neckar)|Freiberg(Neckar)|Favoritepark|Ludwigsburg|Kornwestheim Pbf|Stuttgart-Zuffenhausen|Stuttgart Nordbahnhof,8000096,Stuttgart Hbf,Baden-Württemberg,Stuttgart,70173,9.183172973,48.78473069,1,2608170026.0,,,,h,1.0,Bauarbeiten,,,,,,,1.0,0.0
-6342382568126164390-2608162312-9,19037,2608170024.0,,7,,ARV,,Karlsruhe Hbf|Karlsruhe-Durlach|Wilferdingen-Singen|Pforzheim Hbf|Mühlacker|Vaihingen(Enz)|Bietigheim-Bissingen|Ludwigsburg,8000096,Stuttgart Hbf,Baden-Württemberg,Stuttgart,70173,9.183172973,48.78473069,1,2608170034.0,8.0,,,,,,,,,,p,,10.0,0.0
-1923875060183499829-2608162330-9,19375,2608170015.0,,6,,RE,,Heilbronn Hbf|Nordheim(Württ)|Lauffen(Neckar)|Kirchheim(Neckar)|Walheim(Württ)|Besigheim|Bietigheim-Bissingen|Ludwigsburg,8000096,Stuttgart Hbf,Baden-Württemberg,Stuttgart,70173,9.183172973,48.78473069,1,2608170018.0,16.0,,,h,2.0,Information,,,,,,,3.0,0.0
-1059289875129037590-2608170027-1,7578,,2608170027.0,,,S,S5,,8000096,Stuttgart Hbf,Baden-Württemberg,Stuttgart,70173,9.183172973,48.78473069,1,,,2608170028.0,,,,,,,,,,,0.0,1.0
8924619333411272467-2608170042-1,7378,,2608170042.0,,,S,S3,,8000096,Stuttgart Hbf,Baden-Württemberg,Stuttgart,70173,9.183172973,48.78473069,1,,,2608170044.0,,,,,,,,,,,0.0,2.0
-4359664030948879851-2608162348-16,19186,2608170051.0,,10,,ARV,,Geislingen(Steige)|Geislingen(Steige)West|Kuchen|Gingen(Fils)|Süßen|Salach|Eislingen(Fils)|Göppingen|Faurndau|Uhingen|Ebersbach(Fils)|Reichenbach(Fils)|Plochingen|Esslingen(Neckar)|Stuttgart-Bad Cannstatt,8000096,Stuttgart Hbf,Baden-Württemberg,Stuttgart,70173,9.183172973,48.78473069,1,2608170051.0,,,,,,,,,,,,,0.0,0.0
6570008134094305920-2608170003-15,7279,2608170040.0,,3,,S,,Schorndorf|Weiler(Rems)|Winterbach(b Schorndorf)|Geradstetten|Grunbach|Beutelsbach|Endersbach|Stetten-Beinstein|Rommelshausen|Waiblingen|Fellbach|Stuttgart-Sommerrain|Stuttgart Nürnberger Str.|Stuttgart-Bad Cannstatt,8000096,Stuttgart Hbf,Baden-Württemberg,Stuttgart,70173,9.183172973,48.78473069,1,2608170042.0,,,,h,1.0,Bauarbeiten,,,,,,,2.0,0.0
-3852490567873853424-2608162204-13,4236,2608170019.0,,11,,RE,,Friedrichshafen Stadt|Meckenbeuren|Ravensburg|Aulendorf|Bad Schussenried|Biberach(Riß)|Laupheim West|Ulm Hbf|Geislingen(Steige)|Göppingen|Plochingen|Esslingen(Neckar),8000096,Stuttgart Hbf,Baden-Württemberg,Stuttgart,70173,9.183172973,48.78473069,1,2608170023.0,,,,h,2.0,Störung,,,,,,,4.0,0.0
8164387048971779418-2608170007-8,7579,2608170034.0,,2,,S,,Bietigheim-Bissingen|Tamm(Württ)|Asperg|Ludwigsburg|Kornwestheim Pbf|Stuttgart-Feuerbach|Stuttgart Nordbahnhof,8000096,Stuttgart Hbf,Baden-Württemberg,Stuttgart,70173,9.183172973,48.78473069,1,2608170034.0,,,,h,1.0,Bauarbeiten,,,,,,,0.0,0.0
5642224881119907643-2608162356-9,19492,2608170039.0,,14,,ARV,,Schwäbisch Gmünd|Lorch(Württ)|Waldhausen(b Schorndorf)|Plüderhausen|Urbach(b Schorndorf)|Schorndorf|Waiblingen|Stuttgart-Bad Cannstatt,8000096,Stuttgart Hbf,Baden-Württemberg,Stuttgart,70173,9.183172973,48.78473069,1,2608170047.0,,,,h,2.0,Information,,,,,,,8.0,0.0
-1081780412156222586-2608170020-1,19491,,2608170020.0,,,ARV,13,,8000096,Stuttgart Hbf,Baden-Württemberg,Stuttgart,70173,9.183172973,48.78473069,1,,,2608170020.0,,h,2.0,Information,,,,,,,0.0,0.0
-4825921784207905950-2608170057-1,7580,,2608170057.0,,,S,S5,,8000096,Stuttgart Hbf,Baden-Württemberg,Stuttgart,70173,9.183172973,48.78473069,1,,,2608170057.0,,,,,,,,,,,0.0,0.0
-5299726664308045902-2608162320-11,88640,2608170023.0,,9,,ARV,,Gaildorf West|Fichtenberg|Fornsbach|Murrhardt|Sulzbach(Murr)|Oppenweiler(Württ)|Backnang|Winnenden|Waiblingen|Stuttgart-Bad Cannstatt,8000096,Stuttgart Hbf,Baden-Württemberg,Stuttgart,70173,9.183172973,48.78473069,1,2608170027.0,,,,,,,,,,,,,4.0,0.0
-8733024508125192900-2608170004-1,19187,,2608170004.0,,,ARV,16,,8000096,Stuttgart Hbf,Baden-Württemberg,Stuttgart,70173,9.183172973,48.78473069,1,,,2608170004.0,,,,,,,,,,,0.0,0.0
-1263112065111090114-2608162328-15,7277,2608170010.0,,3,,S,,Schorndorf|Weiler(Rems)|Winterbach(b Schorndorf)|Geradstetten|Grunbach|Beutelsbach|Endersbach|Stetten-Beinstein|Rommelshausen|Waiblingen|Fellbach|Stuttgart-Sommerrain|Stuttgart Nürnberger Str.|Stuttgart-Bad Cannstatt,8000096,Stuttgart Hbf,Baden-Württemberg,Stuttgart,70173,9.183172973,48.78473069,1,2608170010.0,,,,h,1.0,Bauarbeiten,,,,,,,0.0,0.0
-777260281010664973-2608170016-1,19036,,2608170016.0,,,ARV,1,,8000096,Stuttgart Hbf,Baden-Württemberg,Stuttgart,70173,9.183172973,48.78473069,1,,,2608170016.0,,,,,,,,,,,0.0,0.0
6461875104419562950-2608170020-1,7276,,2608170020.0,,,S,S2,,8000096,Stuttgart Hbf,Baden-Württemberg,Stuttgart,70173,9.183172973,48.78473069,1,,,2608170020.0,,h,1.0,Bauarbeiten,,,,,,,0.0,0.0
6942066076921155059-2608170014-4,19342,2608170032.0,,12,,RE,,Plochingen|Esslingen(Neckar)|Stuttgart-Bad Cannstatt,8000096,Stuttgart Hbf,Baden-Württemberg,Stuttgart,70173,9.183172973,48.78473069,1,2608170032.0,,,,,,,,,,,,,0.0,0.0
4705599029793291676-2608162320-15,7177,2608170005.0,,4,,S,,Kirchheim(Teck)|Kirchheim(Teck)-Ötlingen|Wendlingen(Neckar)|Wernau(Neckar)|Plochingen|Altbach|Esslingen-Zell|Oberesslingen|Esslingen(Neckar)|Esslingen-Mettingen|Stuttgart-Obertürkheim|Stuttgart-Untertürkheim|Stuttgart Neckarpark|Stuttgart-Bad Cannstatt,8000096,Stuttgart Hbf,Baden-Württemberg,Stuttgart,70173,9.183172973,48.78473069,1,2608170005.0,,,,,,,,,,,,,0.0,0.0
1481285002460915742-2608170034-1,17501,,2608170034.0,,,RB,MEX90,,8000096,Stuttgart Hbf,Baden-Württemberg,Stuttgart,70173,9.183172973,48.78473069,1,,,2608170035.0,,,,,,,,,,,0.0,1.0
-4175471405587783145-2608170007-1,7474,,2608170007.0,,,S,S4,,8000096,Stuttgart Hbf,Baden-Württemberg,Stuttgart,70173,9.183172973,48.78473069,1,,,2608170007.0,,h,1.0,Bauarbeiten,,,,,,,0.0,0.0
-2156184823073248932-2608170023-1,19584,,2608170023.0,,,RE,MEX17,,8000096,Stuttgart Hbf,Baden-Württemberg,Stuttgart,70173,9.183172973,48.78473069,1,,,2608170023.0,,h,2.0,Information,,,,,,,0.0,0.0
6782619519857850888-2608170018-1,17683,,2608170018.0,,,RE,RE14a,,8000096,Stuttgart Hbf,Baden-Württemberg,Stuttgart,70173,9.183172973,48.78473069,1,,,,,h,2.0,Bauarbeiten,,,,,,c,0.0,0.0
7313231446534335906-2608170050-1,7278,,2608170050.0,,,S,S2,,8000096,Stuttgart Hbf,Baden-Württemberg,Stuttgart,70173,9.183172973,48.78473069,1,,,2608170050.0,,h,1.0,Bauarbeiten,,,,,,,0.0,0.0
-6232403407797161851-2608162236-22,19184,2608170016.0,,13,,ARV,,Ulm Hbf|Beimerstetten|Westerstetten|Lonsee|Urspring|Amstetten(Württ)|Geislingen(Steige)|Geislingen(Steige)West|Kuchen|Gingen(Fils)|Süßen|Salach|Eislingen(Fils)|Göppingen|Faurndau|Uhingen|Ebersbach(Fils)|Reichenbach(Fils)|Plochingen|Esslingen(Neckar)|Stuttgart-Bad Cannstatt,8000096,Stuttgart Hbf,Baden-Württemberg,Stuttgart,70173,9.183172973,48.78473069,1,2608170017.0,,,,,,,,,,,,,1.0,0.0
7108274583246193747-2608162246-5,698,2608170043.0,2608170051.0,9,,ICE,,München Hbf|München-Pasing|Augsburg Hbf|Ulm Hbf,8000096,Stuttgart Hbf,Baden-Württemberg,Stuttgart,70173,9.183172973,48.78473069,1,2608170045.0,,2608170051.0,,,,,,,,,,,2.0,0.0
-4165700884382640783-2608162316-10,19364,2608170006.0,2608170019.0,9,,RE,MEX12,Reutlingen Hbf|Metzingen(Württ)|Bempflingen|Nürtingen|Oberboihingen|Wendlingen(Neckar)|Plochingen|Esslingen(Neckar)|Stuttgart-Bad Cannstatt,8000096,Stuttgart Hbf,Baden-Württemberg,Stuttgart,70173,9.183172973,48.78473069,1,2608170007.0,,2608170019.0,,h,2.0,Bauarbeiten,,,,,,,1.0,0.0
-7037256455781419756-2608170042-1,19189,,2608170042.0,,,ARV,16,,8000096,Stuttgart Hbf,Baden-Württemberg,Stuttgart,70173,9.183172973,48.78473069,1,,,2608170042.0,,,,,,,,,,,0.0,0.0
7846954886947346104-2608170037-1,7476,,2608170037.0,,,S,S4,,8000096,Stuttgart Hbf,Baden-Württemberg,Stuttgart,70173,9.183172973,48.78473069,1,,,2608170038.0,,h,1.0,Bauarbeiten,,,,,,,0.0,1.0
2298525024658281877-2608170025-1,7178,,2608170025.0,,,S,S1,,8000096,Stuttgart Hbf,Baden-Württemberg,Stuttgart,70173,9.183172973,48.78473069,1,,,2608170025.0,,,,,,,,,,,0.0,0.0
8092363418274949423-2608162350-15,7179,2608170035.0,,4,,S,,Kirchheim(Teck)|Kirchheim(Teck)-Ötlingen|Wendlingen(Neckar)|Wernau(Neckar)|Plochingen|Altbach|Esslingen-Zell|Oberesslingen|Esslingen(Neckar)|Esslingen-Mettingen|Stuttgart-Obertürkheim|Stuttgart-Untertürkheim|Stuttgart Neckarpark|Stuttgart-Bad Cannstatt,8000096,Stuttgart Hbf,Baden-Württemberg,Stuttgart,70173,9.183172973,48.78473069,1,2608170035.0,,,,,,,,,,,,,0.0,0.0
-6491793160727462036-2608170047-1,19343,,2608170047.0,,,RE,MEX12,,8000096,Stuttgart Hbf,Baden-Württemberg,Stuttgart,70173,9.183172973,48.78473069,1,,,2608170048.0,,h,2.0,Bauarbeiten,,,,,,,0.0,1.0
-3366414490112859120-2608170055-1,7180,,2608170055.0,,,S,S1,,8000096,Stuttgart Hbf,Baden-Württemberg,Stuttgart,70173,9.183172973,48.78473069,1,,,2608170055.0,,,,,,,,,,,0.0,0.0
-8775031481172421761-2608170020-13,7181,2608170057.0,2608170057.0,1,,S,S1,Kirchheim(Teck)|Kirchheim(Teck)-Ötlingen|Wendlingen(Neckar)|Wernau(Neckar)|Plochingen|Altbach|Esslingen-Zell|Oberesslingen|Esslingen(Neckar)|Esslingen-Mettingen|Stuttgart-Obertürkheim|Stuttgart-Untertürkheim,8006743,Stuttgart Neckarpark,Baden-Württemberg,Stuttgart,70372,9.24106855,48.79194362,4,2608170057.0,,2608170057.0,,,,,,,,,,,0.0,0.0
6181068125164198804-2608162355-3,7176,2608170002.0,2608170002.0,2,,S,S1,Stuttgart Hbf|Stuttgart-Bad Cannstatt,8006743,Stuttgart Neckarpark,Baden-Württemberg,Stuttgart,70372,9.24106855,48.79194362,4,2608170002.0,,2608170002.0,,,,,,,,,,,0.0,0.0
2298525024658281877-2608170025-3,7178,2608170032.0,2608170032.0,2,,S,S1,Stuttgart Hbf|Stuttgart-Bad Cannstatt,8006743,Stuttgart Neckarpark,Baden-Württemberg,Stuttgart,70372,9.24106855,48.79194362,4,2608170032.0,,2608170032.0,,,,,,,,,,,0.0,0.0
8092363418274949423-2608162350-13,7179,2608170027.0,2608170027.0,1,,S,S1,Kirchheim(Teck)|Kirchheim(Teck)-Ötlingen|Wendlingen(Neckar)|Wernau(Neckar)|Plochingen|Altbach|Esslingen-Zell|Oberesslingen|Esslingen(Neckar)|Esslingen-Mettingen|Stuttgart-Obertürkheim|Stuttgart-Untertürkheim,8006743,Stuttgart Neckarpark,Baden-Württemberg,Stuttgart,70372,9.24106855,48.79194362,4,2608170027.0,,2608170028.0,,,,,,,,,,,0.0,1.0
6588190298506647860-2608162337-7,7577,2608162359.0,2608170001.0,4,,S,S5,Bietigheim-Bissingen|Tamm(Württ)|Asperg|Ludwigsburg|Kornwestheim Pbf|Stuttgart-Zuffenhausen,8005767,Stuttgart Nord,Baden-Württemberg,Stuttgard-Nord,70174,9.188061449,48.80374161,5,2608162359.0,,2608170001.0,,,,,,,,,,,0.0,0.0
2977099434128495599-2608162355-8,7477,2608170019.0,2608170021.0,4,,S,S4,Marbach(Neckar)|Benningen(Neckar)|Freiberg(Neckar)|Favoritepark|Ludwigsburg|Kornwestheim Pbf|Stuttgart-Zuffenhausen,8005767,Stuttgart Nord,Baden-Württemberg,Stuttgard-Nord,70174,9.188061449,48.80374161,5,2608170020.0,,2608170021.0,,h,1.0,Bauarbeiten,,,,,,,1.0,0.0
-1059289875129037590-2608170027-2,7578,2608170030.0,2608170031.0,3,,S,S5,Stuttgart Hbf,8005767,Stuttgart Nord,Baden-Württemberg,Stuttgard-Nord,70174,9.188061449,48.80374161,5,2608170032.0,,2608170034.0,,,,,,,,,,,2.0,3.0
8164387048971779418-2608170007-7,7579,2608170028.0,2608170030.0,4,,S,S5,Bietigheim-Bissingen|Tamm(Württ)|Asperg|Ludwigsburg|Kornwestheim Pbf|Stuttgart-Feuerbach,8005767,Stuttgart Nord,Baden-Württemberg,Stuttgard-Nord,70174,9.188061449,48.80374161,5,2608170028.0,,2608170031.0,,h,1.0,Bauarbeiten,,,,,,,0.0,1.0
-4175471405587783145-2608170007-2,7474,2608170010.0,2608170011.0,3,,S,S4,Stuttgart Hbf,8005767,Stuttgart Nord,Baden-Württemberg,Stuttgard-Nord,70174,9.188061449,48.80374161,5,2608170011.0,,2608170014.0,,h,1.0,Bauarbeiten,,,,,,,1.0,3.0
-5842345505256526084-2608162357-2,7576,2608170000.0,2608170001.0,3,,S,S5,Stuttgart Hbf,8005767,Stuttgart Nord,Baden-Württemberg,Stuttgard-Nord,70174,9.188061449,48.80374161,5,2608170001.0,,2608170002.0,,,,,,,,,,,1.0,1.0
7846954886947346104-2608170037-2,7476,2608170040.0,2608170041.0,3,,S,S4,Stuttgart Hbf,8005767,Stuttgart Nord,Baden-Württemberg,Stuttgard-Nord,70174,9.188061449,48.80374161,5,2608170042.0,,2608170043.0,,h,1.0,Bauarbeiten,,,,,,,2.0,2.0
8494074834215864068-2608170011-10,7379,2608170037.0,2608170038.0,1,,S,S3,Backnang|Maubach|Nellmersbach|Winnenden|Schwaikheim|Neustadt-Hohenacker|Waiblingen|Fellbach|Stuttgart-Sommerrain,8004357,Stuttgart Nürnberger Straße,Baden-Württemberg,Stuttgart,70374,9.234576905,48.80656062,5,2608170038.0,,2608170039.0,,,,,,,,,,,1.0,1.0
-7120372043677331542-2608162341-10,7377,2608170007.0,2608170008.0,1,,S,S3,Backnang|Maubach|Nellmersbach|Winnenden|Schwaikheim|Neustadt-Hohenacker|Waiblingen|Fellbach|Stuttgart-Sommerrain,8004357,Stuttgart Nürnberger Straße,Baden-Württemberg,Stuttgart,70374,9.234576905,48.80656062,5,2608170007.0,,2608170008.0,,,,,,,,,,,0.0,0.0
6798625749353298235-2608170012-3,7376,2608170022.0,2608170022.0,4,,S,S3,Stuttgart Hbf|Stuttgart-Bad Cannstatt,8004357,Stuttgart Nürnberger Straße,Baden-Württemberg,Stuttgart,70374,9.234576905,48.80656062,5,2608170022.0,,2608170022.0,,,,,,,,,,,0.0,0.0
8924619333411272467-2608170042-3,7378,2608170052.0,2608170052.0,4,,S,S3,Stuttgart Hbf|Stuttgart-Bad Cannstatt,8004357,Stuttgart Nürnberger Straße,Baden-Württemberg,Stuttgart,70374,9.234576905,48.80656062,5,2608170052.0,,2608170053.0,,,,,,,,,,,0.0,1.0
6570008134094305920-2608170003-13,7279,2608170032.0,2608170033.0,1,,S,S2,Schorndorf|Weiler(Rems)|Winterbach(b Schorndorf)|Geradstetten|Grunbach|Beutelsbach|Endersbach|Stetten-Beinstein|Rommelshausen|Waiblingen|Fellbach|Stuttgart-Sommerrain,8004357,Stuttgart Nürnberger Straße,Baden-Württemberg,Stuttgart,70374,9.234576905,48.80656062,5,2608170035.0,,2608170036.0,,h,1.0,Bauarbeiten,,,,,,,3.0,3.0
-1263112065111090114-2608162328-13,7277,2608170002.0,2608170003.0,1,,S,S2,Schorndorf|Weiler(Rems)|Winterbach(b Schorndorf)|Geradstetten|Grunbach|Beutelsbach|Endersbach|Stetten-Beinstein|Rommelshausen|Waiblingen|Fellbach|Stuttgart-Sommerrain,8004357,Stuttgart Nürnberger Straße,Baden-Württemberg,Stuttgart,70374,9.234576905,48.80656062,5,2608170002.0,,2608170003.0,,h,1.0,Bauarbeiten,,,,,,,0.0,0.0
6461875104419562950-2608170020-3,7276,2608170027.0,2608170027.0,4,,S,S2,Stuttgart Hbf|Stuttgart-Bad Cannstatt,8004357,Stuttgart Nürnberger Straße,Baden-Württemberg,Stuttgart,70374,9.234576905,48.80656062,5,2608170027.0,,2608170027.0,,h,1.0,Bauarbeiten,,,,,,,0.0,0.0
7313231446534335906-2608170050-3,7278,2608170057.0,2608170057.0,4,,S,S2,Stuttgart Hbf|Stuttgart-Bad Cannstatt,8004357,Stuttgart Nürnberger Straße,Baden-Württemberg,Stuttgart,70374,9.234576905,48.80656062,5,2608170058.0,,2608170058.0,,h,1.0,Bauarbeiten,,,,,,,1.0,1.0
8494074834215864068-2608170011-11,7379,2608170041.0,2608170043.0,2,,S,S3,Backnang|Maubach|Nellmersbach|Winnenden|Schwaikheim|Neustadt-Hohenacker|Waiblingen|Fellbach|Stuttgart-Sommerrain|Stuttgart Nürnberger Str.,8005769,Stuttgart-Bad Cannstatt,Baden-Württemberg,Stuttgart,70372,9.217468636,48.80127978,3,2608170041.0,,2608170043.0,,,,,,,,,,,0.0,0.0
-7120372043677331542-2608162341-11,7377,2608170011.0,2608170013.0,2,,S,S3,Backnang|Maubach|Nellmersbach|Winnenden|Schwaikheim|Neustadt-Hohenacker|Waiblingen|Fellbach|Stuttgart-Sommerrain|Stuttgart Nürnberger Str.,8005769,Stuttgart-Bad Cannstatt,Baden-Württemberg,Stuttgart,70372,9.217468636,48.80127978,3,2608170011.0,,2608170013.0,,,,,,,,,,,0.0,0.0
6798625749353298235-2608170012-2,7376,2608170016.0,2608170019.0,3,,S,S3,Stuttgart Hbf,8005769,Stuttgart-Bad Cannstatt,Baden-Württemberg,Stuttgart,70372,9.217468636,48.80127978,3,2608170016.0,,2608170019.0,,,,,,,,,,,0.0,0.0
8924619333411272467-2608170042-2,7378,2608170046.0,2608170049.0,3,,S,S3,Stuttgart Hbf,8005769,Stuttgart-Bad Cannstatt,Baden-Württemberg,Stuttgart,70372,9.217468636,48.80127978,3,2608170047.0,,2608170049.0,,,,,,,,,,,1.0,0.0
-4359664030948879851-2608162348-15,19186,2608170046.0,2608170047.0,5,,ARV,16,Geislingen(Steige)|Geislingen(Steige)West|Kuchen|Gingen(Fils)|Süßen|Salach|Eislingen(Fils)|Göppingen|Faurndau|Uhingen|Ebersbach(Fils)|Reichenbach(Fils)|Plochingen|Esslingen(Neckar),8005769,Stuttgart-Bad Cannstatt,Baden-Württemberg,Stuttgart,70372,9.217468636,48.80127978,3,2608170047.0,,2608170048.0,,,,,,,,,,,1.0,1.0
6570008134094305920-2608170003-14,7279,2608170035.0,2608170036.0,2,,S,S2,Schorndorf|Weiler(Rems)|Winterbach(b Schorndorf)|Geradstetten|Grunbach|Beutelsbach|Endersbach|Stetten-Beinstein|Rommelshausen|Waiblingen|Fellbach|Stuttgart-Sommerrain|Stuttgart Nürnberger Str.,8005769,Stuttgart-Bad Cannstatt,Baden-Württemberg,Stuttgart,70372,9.217468636,48.80127978,3,2608170038.0,,2608170039.0,,h,1.0,Bauarbeiten,,,,,,,3.0,3.0
5642224881119907643-2608162356-8,19492,2608170035.0,2608170035.0,6,,ARV,13,Schwäbisch Gmünd|Lorch(Württ)|Waldhausen(b Schorndorf)|Plüderhausen|Urbach(b Schorndorf)|Schorndorf|Waiblingen,8005769,Stuttgart-Bad Cannstatt,Baden-Württemberg,Stuttgart,70372,9.217468636,48.80127978,3,2608170039.0,,2608170042.0,,h,2.0,Information,,,,,,,4.0,7.0
-1081780412156222586-2608170020-2,19491,2608170024.0,2608170025.0,7,,ARV,13,Stuttgart Hbf,8005769,Stuttgart-Bad Cannstatt,Baden-Württemberg,Stuttgart,70372,9.217468636,48.80127978,3,2608170024.0,,2608170025.0,,h,2.0,Information,,,,,,,0.0,0.0
-5299726664308045902-2608162320-10,88640,2608170019.0,2608170020.0,6,,ARV,90,Gaildorf West|Fichtenberg|Fornsbach|Murrhardt|Sulzbach(Murr)|Oppenweiler(Württ)|Backnang|Winnenden|Waiblingen,8005769,Stuttgart-Bad Cannstatt,Baden-Württemberg,Stuttgart,70372,9.217468636,48.80127978,3,2608170021.0,,2608170022.0,,,,,,,,,,,2.0,2.0
-8733024508125192900-2608170004-2,19187,2608170007.0,2608170008.0,8,,ARV,16,Stuttgart Hbf,8005769,Stuttgart-Bad Cannstatt,Baden-Württemberg,Stuttgart,70372,9.217468636,48.80127978,3,2608170008.0,,2608170009.0,,,,,,,,,,,1.0,1.0
-1263112065111090114-2608162328-14,7277,2608170005.0,2608170006.0,2,,S,S2,Schorndorf|Weiler(Rems)|Winterbach(b Schorndorf)|Geradstetten|Grunbach|Beutelsbach|Endersbach|Stetten-Beinstein|Rommelshausen|Waiblingen|Fellbach|Stuttgart-Sommerrain|Stuttgart Nürnberger Str.,8005769,Stuttgart-Bad Cannstatt,Baden-Württemberg,Stuttgart,70372,9.217468636,48.80127978,3,2608170005.0,,2608170006.0,,h,1.0,Bauarbeiten,,,,,,,0.0,0.0
6461875104419562950-2608170020-2,7276,2608170024.0,2608170024.0,3,,S,S2,Stuttgart Hbf,8005769,Stuttgart-Bad Cannstatt,Baden-Württemberg,Stuttgart,70372,9.217468636,48.80127978,3,2608170024.0,,2608170024.0,,h,1.0,Bauarbeiten,,,,,,,0.0,0.0
6942066076921155059-2608170014-3,19342,2608170027.0,2608170028.0,5,,RE,MEX18,Plochingen|Esslingen(Neckar),8005769,Stuttgart-Bad Cannstatt,Baden-Württemberg,Stuttgart,70372,9.217468636,48.80127978,3,2608170027.0,,2608170028.0,,,,,,,,,,,0.0,0.0
4705599029793291676-2608162320-14,7177,2608170000.0,2608170001.0,2,,S,S1,Kirchheim(Teck)|Kirchheim(Teck)-Ötlingen|Wendlingen(Neckar)|Wernau(Neckar)|Plochingen|Altbach|Esslingen-Zell|Oberesslingen|Esslingen(Neckar)|Esslingen-Mettingen|Stuttgart-Obertürkheim|Stuttgart-Untertürkheim|Stuttgart Neckarpark,8005769,Stuttgart-Bad Cannstatt,Baden-Württemberg,Stuttgart,70372,9.217468636,48.80127978,3,2608170000.0,,2608170001.0,,,,,,,,,,,0.0,0.0
1481285002460915742-2608170034-2,17501,2608170037.0,2608170038.0,7,,RB,MEX90,Stuttgart Hbf,8005769,Stuttgart-Bad Cannstatt,Baden-Württemberg,Stuttgart,70372,9.217468636,48.80127978,3,2608170038.0,,2608170039.0,,,,,,,,,,,1.0,1.0
7313231446534335906-2608170050-2,7278,2608170054.0,2608170054.0,3,,S,S2,Stuttgart Hbf,8005769,Stuttgart-Bad Cannstatt,Baden-Württemberg,Stuttgart,70372,9.217468636,48.80127978,3,2608170054.0,,2608170055.0,,h,1.0,Bauarbeiten,,,,,,,0.0,1.0
-6232403407797161851-2608162236-21,19184,2608170012.0,2608170012.0,5,,ARV,16,Ulm Hbf|Beimerstetten|Westerstetten|Lonsee|Urspring|Amstetten(Württ)|Geislingen(Steige)|Geislingen(Steige)West|Kuchen|Gingen(Fils)|Süßen|Salach|Eislingen(Fils)|Göppingen|Faurndau|Uhingen|Ebersbach(Fils)|Reichenbach(Fils)|Plochingen|Esslingen(Neckar),8005769,Stuttgart-Bad Cannstatt,Baden-Württemberg,Stuttgart,70372,9.217468636,48.80127978,3,2608170013.0,,2608170014.0,,,,,,,,,,,1.0,2.0
-4165700884382640783-2608162316-9,19364,2608170002.0,2608170003.0,5,,RE,MEX12,Reutlingen Hbf|Metzingen(Württ)|Bempflingen|Nürtingen|Oberboihingen|Wendlingen(Neckar)|Plochingen|Esslingen(Neckar),8005769,Stuttgart-Bad Cannstatt,Baden-Württemberg,Stuttgart,70372,9.217468636,48.80127978,3,2608170003.0,,2608170004.0,,h,2.0,Bauarbeiten,,,,,,,1.0,1.0
-7037256455781419756-2608170042-2,19189,2608170045.0,2608170046.0,8,,ARV,16,Stuttgart Hbf,8005769,Stuttgart-Bad Cannstatt,Baden-Württemberg,Stuttgart,70372,9.217468636,48.80127978,3,2608170046.0,,2608170046.0,,,,,,,,,,,1.0,0.0
2298525024658281877-2608170025-2,7178,2608170028.0,2608170029.0,3,,S,S1,Stuttgart Hbf,8005769,Stuttgart-Bad Cannstatt,Baden-Württemberg,Stuttgart,70372,9.217468636,48.80127978,3,2608170029.0,,2608170029.0,,,,,,,,,,,1.0,0.0
8092363418274949423-2608162350-14,7179,2608170030.0,2608170031.0,2,,S,S1,Kirchheim(Teck)|Kirchheim(Teck)-Ötlingen|Wendlingen(Neckar)|Wernau(Neckar)|Plochingen|Altbach|Esslingen-Zell|Oberesslingen|Esslingen(Neckar)|Esslingen-Mettingen|Stuttgart-Obertürkheim|Stuttgart-Untertürkheim|Stuttgart Neckarpark,8005769,Stuttgart-Bad Cannstatt,Baden-Württemberg,Stuttgart,70372,9.217468636,48.80127978,3,2608170030.0,,2608170032.0,,,,,,,,,,,0.0,1.0
-6491793160727462036-2608170047-2,19343,2608170050.0,2608170052.0,8,,RE,MEX12,Stuttgart Hbf,8005769,Stuttgart-Bad Cannstatt,Baden-Württemberg,Stuttgart,70372,9.217468636,48.80127978,3,2608170052.0,,2608170052.0,,h,2.0,Bauarbeiten,,,,,,,2.0,0.0
-3366414490112859120-2608170055-2,7180,2608170058.0,2608170059.0,3,,S,S1,Stuttgart Hbf,8005769,Stuttgart-Bad Cannstatt,Baden-Württemberg,Stuttgart,70372,9.217468636,48.80127978,3,2608170059.0,,2608170059.0,,,,,,,,,,,1.0,0.0
-6526775162747392382-2608162333-12,7677,2608170005.0,,1a,,S,,Weil der Stadt|Malmsheim|Renningen|Rutesheim|Leonberg|Höfingen|Ditzingen|Weilimdorf|Korntal|Neuwirtshaus(Porscheplatz)|Stuttgart-Zuffenhausen,8005770,Stuttgart-Feuerbach,Baden-Württemberg,Feuerbach,70469,9.169186287,48.81363554,3,2608170006.0,,,,h,1.0,Bauarbeiten,,,,,,,1.0,0.0
8164387048971779418-2608170007-6,7579,2608170025.0,2608170025.0,1,,S,S5,Bietigheim-Bissingen|Tamm(Württ)|Asperg|Ludwigsburg|Kornwestheim Pbf,8005770,Stuttgart-Feuerbach,Baden-Württemberg,Feuerbach,70469,9.169186287,48.81363554,3,,,,,h,1.0,Bauarbeiten,,,,,c,c,0.0,0.0
-2875027575093930885-2608170003-12,7679,2608170035.0,,1a,,S,,Weil der Stadt|Malmsheim|Renningen|Rutesheim|Leonberg|Höfingen|Ditzingen|Weilimdorf|Korntal|Neuwirtshaus(Porscheplatz)|Stuttgart-Zuffenhausen,8005770,Stuttgart-Feuerbach,Baden-Württemberg,Feuerbach,70469,9.169186287,48.81363554,3,2608170037.0,,,,h,1.0,Bauarbeiten,,,,,,,2.0,0.0
2388743435828280425-2608170025-1,7676,,2608170025.0,,,S,S6,,8005770,Stuttgart-Feuerbach,Baden-Württemberg,Feuerbach,70469,9.169186287,48.81363554,3,,,2608170025.0,,h,1.0,Bauarbeiten,,,,,,,0.0,0.0
-4290766941278586427-2608170055-1,7678,,2608170055.0,,,S,S6,,8005770,Stuttgart-Feuerbach,Baden-Württemberg,Feuerbach,70469,9.169186287,48.81363554,3,,,2608170055.0,,h,1.0,Bauarbeiten,,,,,,,0.0,0.0
-8775031481172421761-2608170020-11,7181,2608170052.0,2608170052.0,5,,S,S1,Kirchheim(Teck)|Kirchheim(Teck)-Ötlingen|Wendlingen(Neckar)|Wernau(Neckar)|Plochingen|Altbach|Esslingen-Zell|Oberesslingen|Esslingen(Neckar)|Esslingen-Mettingen,8005772,Stuttgart-Obertürkheim,Baden-Württemberg,Stuttgart,70329,9.268167932,48.76175015,4,2608170052.0,,2608170052.0,,,,,,,,,,,0.0,0.0
6181068125164198804-2608162355-5,7176,2608170007.0,2608170007.0,6,,S,S1,Stuttgart Hbf|Stuttgart-Bad Cannstatt|Stuttgart Neckarpark|Stuttgart-Untertürkheim,8005772,Stuttgart-Obertürkheim,Baden-Württemberg,Stuttgart,70329,9.268167932,48.76175015,4,2608170007.0,,2608170007.0,,,,,,,,,,,0.0,0.0
2298525024658281877-2608170025-5,7178,2608170037.0,2608170037.0,6,,S,S1,Stuttgart Hbf|Stuttgart-Bad Cannstatt|Stuttgart Neckarpark|Stuttgart-Untertürkheim,8005772,Stuttgart-Obertürkheim,Baden-Württemberg,Stuttgart,70329,9.268167932,48.76175015,4,2608170037.0,,2608170037.0,,,,,,,,,,,0.0,0.0
8092363418274949423-2608162350-11,7179,2608170022.0,2608170022.0,5,,S,S1,Kirchheim(Teck)|Kirchheim(Teck)-Ötlingen|Wendlingen(Neckar)|Wernau(Neckar)|Plochingen|Altbach|Esslingen-Zell|Oberesslingen|Esslingen(Neckar)|Esslingen-Mettingen,8005772,Stuttgart-Obertürkheim,Baden-Württemberg,Stuttgart,70329,9.268167932,48.76175015,4,2608170022.0,,2608170022.0,,,,,,,,,,,0.0,0.0
4991213592121918551-2608162346-8,7778,2608170007.0,2608170008.0,3,,S,S1,Herrenberg|Nufringen|Gärtringen|Ehningen(b Böblingen)|Hulb|Böblingen|Goldberg(Württ),8005773,Stuttgart-Rohr,Baden-Württemberg,Stuttgart,70565,9.108158025,48.71799427,4,2608170008.0,,2608170009.0,,,,,,,,,,,1.0,1.0
-7276272804962501987-2608170033-6,7978,2608170048.0,2608170049.0,3,,S,S2,Filderstadt|Stuttgart Flughafen/Messe|Echterdingen|Leinfelden|Oberaichen,8005773,Stuttgart-Rohr,Baden-Württemberg,Stuttgart,70565,9.108158025,48.71799427,4,2608170048.0,,2608170050.0,,,,,,,,,,,0.0,1.0
-3828888404650944113-2608170046-2,7779,2608170047.0,2608170053.0,2,,S,S1,Stuttgart-Vaihingen,8005773,Stuttgart-Rohr,Baden-Württemberg,Stuttgart,70565,9.108158025,48.71799427,4,2608170047.0,,2608170053.0,,,,,,,,,,,0.0,0.0
5905216437651592640-2608170003-6,7976,2608170018.0,2608170019.0,3,,S,S2,Filderstadt|Stuttgart Flughafen/Messe|Echterdingen|Leinfelden|Oberaichen,8005773,Stuttgart-Rohr,Baden-Württemberg,Stuttgart,70565,9.108158025,48.71799427,4,2608170018.0,,2608170019.0,,,,,,,,,,,0.0,0.0
3605325443872813677-2608170005-2,7977,2608170006.0,2608170012.0,2,,S,S2,Stuttgart-Vaihingen,8005773,Stuttgart-Rohr,Baden-Württemberg,Stuttgart,70565,9.108158025,48.71799427,4,2608170006.0,,2608170012.0,,,,,,,,,,,0.0,0.0
-1459141203769340300-2608170016-2,7777,2608170017.0,2608170023.0,2,,S,S1,Stuttgart-Vaihingen,8005773,Stuttgart-Rohr,Baden-Württemberg,Stuttgart,70565,9.108158025,48.71799427,4,2608170017.0,,2608170023.0,,,,,,,,,,,0.0,0.0
1391287489183680041-2608170035-2,7979,2608170036.0,2608170042.0,2,,S,S2,Stuttgart-Vaihingen,8005773,Stuttgart-Rohr,Baden-Württemberg,Stuttgart,70565,9.108158025,48.71799427,4,2608170036.0,,2608170042.0,,,,,,,,,,,0.0,0.0
-2978262493163587752-2608170016-8,7780,2608170037.0,2608170038.0,3,,S,S1,Herrenberg|Nufringen|Gärtringen|Ehningen(b Böblingen)|Hulb|Böblingen|Goldberg(Württ),8005773,Stuttgart-Rohr,Baden-Württemberg,Stuttgart,70565,9.108158025,48.71799427,4,2608170038.0,,2608170039.0,,,,,,,,,,,1.0,1.0
8494074834215864068-2608170011-9,7379,2608170035.0,2608170035.0,1,,S,S3,Backnang|Maubach|Nellmersbach|Winnenden|Schwaikheim|Neustadt-Hohenacker|Waiblingen|Fellbach,8005774,Stuttgart-Sommerrain,Baden-Württemberg,Stuttgart,70374,9.248369749,48.81521824,5,2608170036.0,,2608170037.0,,,,,,,,,,,1.0,2.0
-7120372043677331542-2608162341-9,7377,2608170005.0,2608170005.0,1,,S,S3,Backnang|Maubach|Nellmersbach|Winnenden|Schwaikheim|Neustadt-Hohenacker|Waiblingen|Fellbach,8005774,Stuttgart-Sommerrain,Baden-Württemberg,Stuttgart,70374,9.248369749,48.81521824,5,2608170005.0,,2608170005.0,,,,,,,,,,,0.0,0.0
6798625749353298235-2608170012-4,7376,2608170024.0,2608170024.0,4,,S,S3,Stuttgart Hbf|Stuttgart-Bad Cannstatt|Stuttgart Nürnberger Str.,8005774,Stuttgart-Sommerrain,Baden-Württemberg,Stuttgart,70374,9.248369749,48.81521824,5,2608170024.0,,2608170024.0,,,,,,,,,,,0.0,0.0
8924619333411272467-2608170042-4,7378,2608170054.0,2608170054.0,4,,S,S3,Stuttgart Hbf|Stuttgart-Bad Cannstatt|Stuttgart Nürnberger Str.,8005774,Stuttgart-Sommerrain,Baden-Württemberg,Stuttgart,70374,9.248369749,48.81521824,5,2608170054.0,,2608170055.0,,,,,,,,,,,0.0,1.0
6570008134094305920-2608170003-12,7279,2608170030.0,2608170030.0,1,,S,S2,Schorndorf|Weiler(Rems)|Winterbach(b Schorndorf)|Geradstetten|Grunbach|Beutelsbach|Endersbach|Stetten-Beinstein|Rommelshausen|Waiblingen|Fellbach,8005774,Stuttgart-Sommerrain,Baden-Württemberg,Stuttgart,70374,9.248369749,48.81521824,5,2608170033.0,,2608170033.0,,h,1.0,Bauarbeiten,,,,,,,3.0,3.0
-1263112065111090114-2608162328-12,7277,2608170000.0,2608170000.0,1,,S,S2,Schorndorf|Weiler(Rems)|Winterbach(b Schorndorf)|Geradstetten|Grunbach|Beutelsbach|Endersbach|Stetten-Beinstein|Rommelshausen|Waiblingen|Fellbach,8005774,Stuttgart-Sommerrain,Baden-Württemberg,Stuttgart,70374,9.248369749,48.81521824,5,2608170000.0,,2608170000.0,,h,1.0,Bauarbeiten,,,,,,,0.0,0.0
6461875104419562950-2608170020-4,7276,2608170029.0,2608170029.0,4,,S,S2,Stuttgart Hbf|Stuttgart-Bad Cannstatt|Stuttgart Nürnberger Str.,8005774,Stuttgart-Sommerrain,Baden-Württemberg,Stuttgart,70374,9.248369749,48.81521824,5,2608170029.0,,2608170029.0,,h,1.0,Bauarbeiten,,,,,,,0.0,0.0
7313231446534335906-2608170050-4,7278,2608170059.0,2608170059.0,4,,S,S2,Stuttgart Hbf|Stuttgart-Bad Cannstatt|Stuttgart Nürnberger Str.,8005774,Stuttgart-Sommerrain,Baden-Württemberg,Stuttgart,70374,9.248369749,48.81521824,5,2608170100.0,,2608170100.0,,h,1.0,Bauarbeiten,,,,,,,1.0,1.0
-8775031481172421761-2608170020-12,7181,2608170055.0,2608170055.0,5,,S,S1,Kirchheim(Teck)|Kirchheim(Teck)-Ötlingen|Wendlingen(Neckar)|Wernau(Neckar)|Plochingen|Altbach|Esslingen-Zell|Oberesslingen|Esslingen(Neckar)|Esslingen-Mettingen|Stuttgart-Obertürkheim,8005775,Stuttgart-Untertürkheim Pbf,Baden-Württemberg,Stuttgart,70327,9.250467074,48.77984679,3,2608170055.0,,2608170055.0,,,,,,,,,,,0.0,0.0
6181068125164198804-2608162355-4,7176,2608170004.0,2608170004.0,6,,S,S1,Stuttgart Hbf|Stuttgart-Bad Cannstatt|Stuttgart Neckarpark,8005775,Stuttgart-Untertürkheim Pbf,Baden-Württemberg,Stuttgart,70327,9.250467074,48.77984679,3,2608170004.0,,2608170004.0,,,,,,,,,,,0.0,0.0
2298525024658281877-2608170025-4,7178,2608170034.0,2608170034.0,6,,S,S1,Stuttgart Hbf|Stuttgart-Bad Cannstatt|Stuttgart Neckarpark,8005775,Stuttgart-Untertürkheim Pbf,Baden-Württemberg,Stuttgart,70327,9.250467074,48.77984679,3,2608170034.0,,2608170034.0,,,,,,,,,,,0.0,0.0
8092363418274949423-2608162350-12,7179,2608170025.0,2608170025.0,5,,S,S1,Kirchheim(Teck)|Kirchheim(Teck)-Ötlingen|Wendlingen(Neckar)|Wernau(Neckar)|Plochingen|Altbach|Esslingen-Zell|Oberesslingen|Esslingen(Neckar)|Esslingen-Mettingen|Stuttgart-Obertürkheim,8005775,Stuttgart-Untertürkheim Pbf,Baden-Württemberg,Stuttgart,70327,9.250467074,48.77984679,3,2608170025.0,,2608170025.0,,,,,,,,,,,0.0,0.0
4991213592121918551-2608162346-9,7778,2608170010.0,,3,,S,,Herrenberg|Nufringen|Gärtringen|Ehningen(b Böblingen)|Hulb|Böblingen|Goldberg(Württ)|Stuttgart-Rohr,8005776,Stuttgart-Vaihingen,Baden-Württemberg,Stuttgart,70563,9.113913368,48.72698116,3,2608170011.0,,,,,,,,,,,,,1.0,0.0
-7276272804962501987-2608170033-7,7978,2608170050.0,,2,,S,,Filderstadt|Stuttgart Flughafen/Messe|Echterdingen|Leinfelden|Oberaichen|Stuttgart-Rohr,8005776,Stuttgart-Vaihingen,Baden-Württemberg,Stuttgart,70563,9.113913368,48.72698116,3,2608170052.0,6.0,,,,,,,,,,,,2.0,0.0
-3828888404650944113-2608170046-1,7779,,2608170046.0,,,S,S1,,8005776,Stuttgart-Vaihingen,Baden-Württemberg,Stuttgart,70563,9.113913368,48.72698116,3,,,2608170046.0,1.0,,,,,,,,,,0.0,0.0
5905216437651592640-2608170003-7,7976,2608170020.0,,2,,S,,Filderstadt|Stuttgart Flughafen/Messe|Echterdingen|Leinfelden|Oberaichen|Stuttgart-Rohr,8005776,Stuttgart-Vaihingen,Baden-Württemberg,Stuttgart,70563,9.113913368,48.72698116,3,2608170020.0,1.0,,,,,,,,,,,,0.0,0.0
3605325443872813677-2608170005-1,7977,,2608170005.0,,,S,S2,,8005776,Stuttgart-Vaihingen,Baden-Württemberg,Stuttgart,70563,9.113913368,48.72698116,3,,,2608170005.0,,,,,,,,,,,0.0,0.0
6782619519857850888-2608170018-2,17683,2608170031.0,2608170032.0,1,,RE,RE14a,Stuttgart Hbf,8005776,Stuttgart-Vaihingen,Baden-Württemberg,Stuttgart,70563,9.113913368,48.72698116,3,,,,,h,2.0,Bauarbeiten,,,,,c,c,0.0,0.0
-1459141203769340300-2608170016-1,7777,,2608170016.0,,,S,S1,,8005776,Stuttgart-Vaihingen,Baden-Württemberg,Stuttgart,70563,9.113913368,48.72698116,3,,,2608170016.0,1.0,,,,,,,,,,0.0,0.0
1391287489183680041-2608170035-1,7979,,2608170035.0,,,S,S2,,8005776,Stuttgart-Vaihingen,Baden-Württemberg,Stuttgart,70563,9.113913368,48.72698116,3,,,2608170035.0,,,,,,,,,,,0.0,0.0
-2978262493163587752-2608170016-9,7780,2608170040.0,,3,,S,,Herrenberg|Nufringen|Gärtringen|Ehningen(b Böblingen)|Hulb|Böblingen|Goldberg(Württ)|Stuttgart-Rohr,8005776,Stuttgart-Vaihingen,Baden-Württemberg,Stuttgart,70563,9.113913368,48.72698116,3,2608170040.0,,,,,,,,,,,,,0.0,0.0
8721764304410214438-2608162355-5,7674,2608170003.0,2608170004.0,1,,S,S6,Stuttgart-Feuerbach|Stuttgart-Zuffenhausen|Neuwirtshaus(Porscheplatz)|Korntal,8006268,Stuttgart-Weilimdorf,Baden-Württemberg,Stuttgart,70499,9.094370086,48.82208429,5,2608170003.0,,2608170004.0,,h,1.0,Bauarbeiten,,,,,,,0.0,0.0
-2875027575093930885-2608170003-8,7679,2608170026.0,2608170026.0,2,,S,S6,Weil der Stadt|Malmsheim|Renningen|Rutesheim|Leonberg|Höfingen|Ditzingen,8006268,Stuttgart-Weilimdorf,Baden-Württemberg,Stuttgart,70499,9.094370086,48.82208429,5,2608170027.0,,2608170028.0,,h,1.0,Bauarbeiten,,,,,,,1.0,2.0
2388743435828280425-2608170025-5,7676,2608170033.0,2608170034.0,1,,S,S6,Stuttgart-Feuerbach|Stuttgart-Zuffenhausen|Neuwirtshaus(Porscheplatz)|Korntal,8006268,Stuttgart-Weilimdorf,Baden-Württemberg,Stuttgart,70499,9.094370086,48.82208429,5,2608170034.0,,2608170034.0,,h,1.0,Bauarbeiten,,,,,,,1.0,0.0
-6526775162747392382-2608162333-11,7677,2608170003.0,2608170004.0,12,,S,S6,Weil der Stadt|Malmsheim|Renningen|Rutesheim|Leonberg|Höfingen|Ditzingen|Weilimdorf|Korntal|Neuwirtshaus(Porscheplatz),8005778,Stuttgart-Zuffenhausen,Baden-Württemberg,Stuttgart,70435,9.167156375,48.82960884,3,2608170003.0,,2608170004.0,,h,1.0,Bauarbeiten,,,,,,,0.0,0.0
2977099434128495599-2608162355-7,7477,2608170013.0,2608170014.0,5,,S,S4,Marbach(Neckar)|Benningen(Neckar)|Freiberg(Neckar)|Favoritepark|Ludwigsburg|Kornwestheim Pbf,8005778,Stuttgart-Zuffenhausen,Baden-Württemberg,Stuttgart,70435,9.167156375,48.82960884,3,2608170014.0,,2608170014.0,,h,1.0,Bauarbeiten,,,,,,,1.0,0.0
-1059289875129037590-2608170027-3,7578,2608170036.0,2608170037.0,4,,S,S5,Stuttgart Hbf|Stuttgart Nordbahnhof,8005778,Stuttgart-Zuffenhausen,Baden-Württemberg,Stuttgart,70435,9.167156375,48.82960884,3,2608170039.0,,2608170039.0,,,,,,,,,,,3.0,2.0
-4175471405587783145-2608170007-3,7474,2608170016.0,2608170017.0,4,,S,S4,Stuttgart Hbf|Stuttgart Nordbahnhof,8005778,Stuttgart-Zuffenhausen,Baden-Württemberg,Stuttgart,70435,9.167156375,48.82960884,3,2608170018.0,,2608170018.0,,h,1.0,Bauarbeiten,,,,,,,2.0,1.0
-2875027575093930885-2608170003-11,7679,2608170033.0,2608170034.0,12,,S,S6,Weil der Stadt|Malmsheim|Renningen|Rutesheim|Leonberg|Höfingen|Ditzingen|Weilimdorf|Korntal|Neuwirtshaus(Porscheplatz),8005778,Stuttgart-Zuffenhausen,Baden-Württemberg,Stuttgart,70435,9.167156375,48.82960884,3,2608170034.0,,2608170034.0,,h,1.0,Bauarbeiten,,,,,,,1.0,0.0
-5842345505256526084-2608162357-3,7576,2608170006.0,2608170007.0,4,,S,S5,Stuttgart Hbf|Stuttgart Nordbahnhof,8005778,Stuttgart-Zuffenhausen,Baden-Württemberg,Stuttgart,70435,9.167156375,48.82960884,3,2608170006.0,,2608170007.0,,,,,,,,,,,0.0,0.0
7846954886947346104-2608170037-3,7476,2608170046.0,2608170047.0,4,,S,S4,Stuttgart Hbf|Stuttgart Nordbahnhof,8005778,Stuttgart-Zuffenhausen,Baden-Württemberg,Stuttgart,70435,9.167156375,48.82960884,3,2608170047.0,,2608170048.0,,h,1.0,Bauarbeiten,,,,,,,1.0,1.0
2388743435828280425-2608170025-2,7676,2608170026.0,2608170027.0,12,,S,S6,Stuttgart-Feuerbach,8005778,Stuttgart-Zuffenhausen,Baden-Württemberg,Stuttgart,70435,9.167156375,48.82960884,3,2608170026.0,,2608170026.0,,h,1.0,Bauarbeiten,,,,,,,0.0,-1.0
-4290766941278586427-2608170055-2,7678,2608170056.0,2608170057.0,12,,S,S6,Stuttgart-Feuerbach,8005778,Stuttgart-Zuffenhausen,Baden-Württemberg,Stuttgart,70435,9.167156375,48.82960884,3,2608170057.0,,2608170057.0,,h,1.0,Bauarbeiten,,,,,,,1.0,0.0
-1059289875129037590-2608170027-7,7578,2608170050.0,2608170050.0,3,,S,S5,Stuttgart Hbf|Stuttgart Nordbahnhof|Stuttgart-Zuffenhausen|Kornwestheim Pbf|Ludwigsburg|Asperg,8005820,Tamm (Württ),Baden-Württemberg,Tamm,71732,9.125288012,48.92187736,4,2608170050.0,,2608170051.0,,,,,,,,,,,0.0,1.0
8164387048971779418-2608170007-2,7579,2608170010.0,2608170010.0,2,,S,S5,Bietigheim-Bissingen,8005820,Tamm (Württ),Baden-Württemberg,Tamm,71732,9.125288012,48.92187736,4,2608170010.0,,2608170010.0,,h,1.0,Bauarbeiten,,,,,,,0.0,0.0
-5842345505256526084-2608162357-7,7576,2608170020.0,2608170020.0,3,,S,S5,Stuttgart Hbf|Stuttgart Nordbahnhof|Stuttgart-Zuffenhausen|Kornwestheim Pbf|Ludwigsburg|Asperg,8005820,Tamm (Württ),Baden-Württemberg,Tamm,71732,9.125288012,48.92187736,4,2608170020.0,,2608170020.0,,,,,,,,,,,0.0,0.0
8494074834215864068-2608170011-7,7379,2608170029.0,2608170030.0,1,,S,S3,Backnang|Maubach|Nellmersbach|Winnenden|Schwaikheim|Neustadt-Hohenacker,8000180,Waiblingen,Baden-Württemberg,Waiblingen,71332,9.300476874,48.8262444,3,2608170029.0,,2608170030.0,,,,,,,,,,,0.0,0.0
-8097229136581884814-2608170033-10,7281,2608170054.0,2608170055.0,5,,S,S2,Schorndorf|Weiler(Rems)|Winterbach(b Schorndorf)|Geradstetten|Grunbach|Beutelsbach|Endersbach|Stetten-Beinstein|Rommelshausen,8000180,Waiblingen,Baden-Württemberg,Waiblingen,71332,9.300476874,48.8262444,3,2608170054.0,,2608170055.0,,h,1.0,Bauarbeiten,,,,,,,0.0,0.0
-7120372043677331542-2608162341-7,7377,2608162359.0,2608170000.0,1,,S,S3,Backnang|Maubach|Nellmersbach|Winnenden|Schwaikheim|Neustadt-Hohenacker,8000180,Waiblingen,Baden-Württemberg,Waiblingen,71332,9.300476874,48.8262444,3,2608162359.0,,2608170000.0,,,,,,,,,,,0.0,0.0
6798625749353298235-2608170012-6,7376,2608170029.0,2608170030.0,3,,S,S3,Stuttgart Hbf|Stuttgart-Bad Cannstatt|Stuttgart Nürnberger Str.|Stuttgart-Sommerrain|Fellbach,8000180,Waiblingen,Baden-Württemberg,Waiblingen,71332,9.300476874,48.8262444,3,2608170029.0,,2608170030.0,,,,,,,,,,,0.0,0.0
8924619333411272467-2608170042-6,7378,2608170059.0,2608170100.0,3,,S,S3,Stuttgart Hbf|Stuttgart-Bad Cannstatt|Stuttgart Nürnberger Str.|Stuttgart-Sommerrain|Fellbach,8000180,Waiblingen,Baden-Württemberg,Waiblingen,71332,9.300476874,48.8262444,3,2608170059.0,,2608170100.0,,,,,,,,,,,0.0,0.0
6570008134094305920-2608170003-10,7279,2608170024.0,2608170025.0,5,,S,S2,Schorndorf|Weiler(Rems)|Winterbach(b Schorndorf)|Geradstetten|Grunbach|Beutelsbach|Endersbach|Stetten-Beinstein|Rommelshausen,8000180,Waiblingen,Baden-Württemberg,Waiblingen,71332,9.300476874,48.8262444,3,2608170028.0,,2608170028.0,,h,1.0,Bauarbeiten,,,,,,,4.0,3.0
-6065798673451795825-2608162350-6,7274,2608170004.0,2608170005.0,7,,S,S2,Stuttgart Hbf|Stuttgart-Bad Cannstatt|Stuttgart Nürnberger Str.|Stuttgart-Sommerrain|Fellbach,8000180,Waiblingen,Baden-Württemberg,Waiblingen,71332,9.300476874,48.8262444,3,2608170005.0,,2608170006.0,,h,1.0,Bauarbeiten,,,,,,,1.0,1.0
5642224881119907643-2608162356-7,19492,2608170028.0,2608170028.0,6,,ARV,13,Schwäbisch Gmünd|Lorch(Württ)|Waldhausen(b Schorndorf)|Plüderhausen|Urbach(b Schorndorf)|Schorndorf,8000180,Waiblingen,Baden-Württemberg,Waiblingen,71332,9.300476874,48.8262444,3,2608170033.0,,2608170033.0,,h,2.0,Information,,,,,,,5.0,5.0
-1081780412156222586-2608170020-3,19491,2608170032.0,2608170032.0,6,,ARV,13,Stuttgart Hbf|Stuttgart-Bad Cannstatt,8000180,Waiblingen,Baden-Württemberg,Waiblingen,71332,9.300476874,48.8262444,3,2608170033.0,7.0,2608170033.0,7.0,h,2.0,Information,,,,,,,1.0,1.0
-5299726664308045902-2608162320-9,88640,2608170010.0,2608170013.0,1,,ARV,90,Gaildorf West|Fichtenberg|Fornsbach|Murrhardt|Sulzbach(Murr)|Oppenweiler(Württ)|Backnang|Winnenden,8000180,Waiblingen,Baden-Württemberg,Waiblingen,71332,9.300476874,48.8262444,3,2608170010.0,,2608170013.0,,,,,,,,,,,0.0,0.0
4235977593412169897-2608162342-6,7374,2608162359.0,2608170000.0,3,,S,S3,Stuttgart Hbf|Stuttgart-Bad Cannstatt|Stuttgart Nürnberger Str.|Stuttgart-Sommerrain|Fellbach,8000180,Waiblingen,Baden-Württemberg,Waiblingen,71332,9.300476874,48.8262444,3,2608162359.0,,2608170000.0,,,,,,,,,,,0.0,0.0
6461875104419562950-2608170020-6,7276,2608170034.0,2608170035.0,7,,S,S2,Stuttgart Hbf|Stuttgart-Bad Cannstatt|Stuttgart Nürnberger Str.|Stuttgart-Sommerrain|Fellbach,8000180,Waiblingen,Baden-Württemberg,Waiblingen,71332,9.300476874,48.8262444,3,2608170035.0,,2608170036.0,,h,1.0,Bauarbeiten,,,,,,,1.0,1.0
1481285002460915742-2608170034-3,17501,2608170045.0,2608170045.0,3,,RB,MEX90,Stuttgart Hbf|Stuttgart-Bad Cannstatt,8000180,Waiblingen,Baden-Württemberg,Waiblingen,71332,9.300476874,48.8262444,3,2608170045.0,,2608170046.0,,,,,,,,,,,0.0,1.0
8721764304410214438-2608162355-12,7674,2608170027.0,,2,,S,,Stuttgart-Feuerbach|Stuttgart-Zuffenhausen|Neuwirtshaus(Porscheplatz)|Korntal|Weilimdorf|Ditzingen|Höfingen|Leonberg|Rutesheim|Renningen|Malmsheim,8006271,Weil der Stadt,Baden-Württemberg,Weil der Stadt,71263,8.873189074,48.7557357,4,2608170029.0,,,,h,1.0,Bauarbeiten,,,,,,,2.0,0.0
-2875027575093930885-2608170003-1,7679,,2608170003.0,,,S,S6,,8006271,Weil der Stadt,Baden-Württemberg,Weil der Stadt,71263,8.873189074,48.7557357,4,,,2608170003.0,,h,1.0,Bauarbeiten,,,,,,,0.0,0.0
2388743435828280425-2608170025-12,7676,2608170057.0,,2,,S,,Stuttgart-Feuerbach|Stuttgart-Zuffenhausen|Neuwirtshaus(Porscheplatz)|Korntal|Weilimdorf|Ditzingen|Höfingen|Leonberg|Rutesheim|Renningen|Malmsheim,8006271,Weil der Stadt,Baden-Württemberg,Weil der Stadt,71263,8.873189074,48.7557357,4,2608170057.0,,,,h,1.0,Bauarbeiten,,,,,,,0.0,0.0
-8097229136581884814-2608170033-2,7281,2608170036.0,2608170036.0,2,,S,S2,Schorndorf,8006277,Weiler (Rems),Baden-Württemberg,Schorndorf,76314,9.501891172,48.80034585,5,2608170036.0,,2608170036.0,,h,1.0,Bauarbeiten,,,,,,,0.0,0.0
6570008134094305920-2608170003-2,7279,2608170006.0,2608170006.0,2,,S,S2,Schorndorf,8006277,Weiler (Rems),Baden-Württemberg,Schorndorf,76314,9.501891172,48.80034585,5,2608170010.0,,2608170011.0,,h,1.0,Bauarbeiten,,,,,,,4.0,5.0
-6065798673451795825-2608162350-14,7274,2608170022.0,2608170022.0,1,,S,S2,Stuttgart Hbf|Stuttgart-Bad Cannstatt|Stuttgart Nürnberger Str.|Stuttgart-Sommerrain|Fellbach|Waiblingen|Rommelshausen|Stetten-Beinstein|Endersbach|Beutelsbach|Grunbach|Geradstetten|Winterbach(b Schorndorf),8006277,Weiler (Rems),Baden-Württemberg,Schorndorf,76314,9.501891172,48.80034585,5,2608170023.0,,2608170023.0,,h,1.0,Bauarbeiten,,,,,,,1.0,1.0
6461875104419562950-2608170020-14,7276,2608170052.0,2608170052.0,1,,S,S2,Stuttgart Hbf|Stuttgart-Bad Cannstatt|Stuttgart Nürnberger Str.|Stuttgart-Sommerrain|Fellbach|Waiblingen|Rommelshausen|Stetten-Beinstein|Endersbach|Beutelsbach|Grunbach|Geradstetten|Winterbach(b Schorndorf),8006277,Weiler (Rems),Baden-Württemberg,Schorndorf,76314,9.501891172,48.80034585,5,2608170052.0,,2608170053.0,,h,1.0,Bauarbeiten,,,,,,,0.0,1.0
-8775031481172421761-2608170020-3,7181,2608170027.0,2608170028.0,12,,S,S1,Kirchheim(Teck)|Kirchheim(Teck)-Ötlingen,8006331,Wendlingen (Neckar),Baden-Württemberg,Wendlingen am Neckar,73240,9.373662098,48.67368917,3,2608170029.0,,2608170029.0,,,,,,,,,,,2.0,1.0
-2072654561674994799-2608170016-6,99025,2608170039.0,2608170040.0,,,RE,MEX12,Reutlingen Hbf|Metzingen(Württ)|Bempflingen|Nürtingen|Oberboihingen,8006331,Wendlingen (Neckar),Baden-Württemberg,Wendlingen am Neckar,73240,9.373662098,48.67368917,3,2608170039.0,2.0,2608170040.0,2.0,h,2.0,Bauarbeiten,,,,,c,c,0.0,0.0
6181068125164198804-2608162355-13,7176,2608170032.0,2608170033.0,11,,S,S1,Stuttgart Hbf|Stuttgart-Bad Cannstatt|Stuttgart Neckarpark|Stuttgart-Untertürkheim|Stuttgart-Obertürkheim|Esslingen-Mettingen|Esslingen(Neckar)|Oberesslingen|Esslingen-Zell|Altbach|Plochingen|Wernau(Neckar),8006331,Wendlingen (Neckar),Baden-Württemberg,Wendlingen am Neckar,73240,9.373662098,48.67368917,3,2608170032.0,,2608170033.0,,,,,,,,,,,0.0,0.0
-6275608324438357522-2608162325-13,7174,2608170002.0,2608170003.0,11,,S,S1,Stuttgart Hbf|Stuttgart-Bad Cannstatt|Stuttgart Neckarpark|Stuttgart-Untertürkheim|Stuttgart-Obertürkheim|Esslingen-Mettingen|Esslingen(Neckar)|Oberesslingen|Esslingen-Zell|Altbach|Plochingen|Wernau(Neckar),8006331,Wendlingen (Neckar),Baden-Württemberg,Wendlingen am Neckar,73240,9.373662098,48.67368917,3,2608170002.0,,2608170003.0,,,,,,,,,,,0.0,0.0
-8775031481172421761-2608170020-4,7181,2608170031.0,2608170031.0,1,,S,S1,Kirchheim(Teck)|Kirchheim(Teck)-Ötlingen|Wendlingen(Neckar),8006346,Wernau (Neckar),Baden-Württemberg,Wernau (Neckar),73249,9.413654423,48.69417221,4,2608170032.0,,2608170033.0,,,,,,,,,,,1.0,2.0
6181068125164198804-2608162355-12,7176,2608170028.0,2608170029.0,2,,S,S1,Stuttgart Hbf|Stuttgart-Bad Cannstatt|Stuttgart Neckarpark|Stuttgart-Untertürkheim|Stuttgart-Obertürkheim|Esslingen-Mettingen|Esslingen(Neckar)|Oberesslingen|Esslingen-Zell|Altbach|Plochingen,8006346,Wernau (Neckar),Baden-Württemberg,Wernau (Neckar),73249,9.413654423,48.69417221,4,2608170028.0,,2608170029.0,,,,,,,,,,,0.0,0.0
2298525024658281877-2608170025-12,7178,2608170058.0,2608170059.0,2,,S,S1,Stuttgart Hbf|Stuttgart-Bad Cannstatt|Stuttgart Neckarpark|Stuttgart-Untertürkheim|Stuttgart-Obertürkheim|Esslingen-Mettingen|Esslingen(Neckar)|Oberesslingen|Esslingen-Zell|Altbach|Plochingen,8006346,Wernau (Neckar),Baden-Württemberg,Wernau (Neckar),73249,9.413654423,48.69417221,4,2608170058.0,,2608170059.0,,,,,,,,,,,0.0,0.0
8092363418274949423-2608162350-4,7179,2608170001.0,2608170001.0,1,,S,S1,Kirchheim(Teck)|Kirchheim(Teck)-Ötlingen|Wendlingen(Neckar),8006346,Wernau (Neckar),Baden-Württemberg,Wernau (Neckar),73249,9.413654423,48.69417221,4,2608170002.0,,2608170002.0,,,,,,,,,,,1.0,1.0
8494074834215864068-2608170011-4,7379,2608170019.0,2608170020.0,3,,S,S3,Backnang|Maubach|Nellmersbach,8006479,Winnenden,Baden-Württemberg,Winnenden,71364,9.392155928,48.8795625,3,2608170019.0,,2608170020.0,,,,,,,,,,,0.0,0.0
6798625749353298235-2608170012-9,7376,2608170039.0,2608170039.0,2,,S,S3,Stuttgart Hbf|Stuttgart-Bad Cannstatt|Stuttgart Nürnberger Str.|Stuttgart-Sommerrain|Fellbach|Waiblingen|Neustadt-Hohenacker|Schwaikheim,8006479,Winnenden,Baden-Württemberg,Winnenden,71364,9.392155928,48.8795625,3,2608170039.0,,2608170040.0,,,,,,,,,,,0.0,1.0
-5299726664308045902-2608162320-8,88640,2608170000.0,2608170002.0,3,,ARV,90,Gaildorf West|Fichtenberg|Fornsbach|Murrhardt|Sulzbach(Murr)|Oppenweiler(Württ)|Backnang,8006479,Winnenden,Baden-Württemberg,Winnenden,71364,9.392155928,48.8795625,3,2608170001.0,,2608170002.0,,,,,,,,,,,1.0,0.0
4235977593412169897-2608162342-9,7374,2608170009.0,2608170009.0,2,,S,S3,Stuttgart Hbf|Stuttgart-Bad Cannstatt|Stuttgart Nürnberger Str.|Stuttgart-Sommerrain|Fellbach|Waiblingen|Neustadt-Hohenacker|Schwaikheim,8006479,Winnenden,Baden-Württemberg,Winnenden,71364,9.392155928,48.8795625,3,2608170009.0,,2608170010.0,,,,,,,,,,,0.0,1.0
1481285002460915742-2608170034-4,17501,2608170052.0,2608170052.0,2,,RB,MEX90,Stuttgart Hbf|Stuttgart-Bad Cannstatt|Waiblingen,8006479,Winnenden,Baden-Württemberg,Winnenden,71364,9.392155928,48.8795625,3,2608170053.0,,2608170053.0,,,,,,,,,,,1.0,1.0
-8097229136581884814-2608170033-3,7281,2608170038.0,2608170038.0,1,,S,S2,Schorndorf|Weiler(Rems),8006485,Winterbach (b Schorndorf),Baden-Württemberg,Winterbach,73650,9.481549751,48.79842743,4,2608170038.0,,2608170038.0,,h,1.0,Bauarbeiten,,,,,,,0.0,0.0
6570008134094305920-2608170003-3,7279,2608170008.0,2608170008.0,1,,S,S2,Schorndorf|Weiler(Rems),8006485,Winterbach (b Schorndorf),Baden-Württemberg,Winterbach,73650,9.481549751,48.79842743,4,2608170012.0,,2608170012.0,,h,1.0,Bauarbeiten,,,,,,,4.0,4.0
-6065798673451795825-2608162350-13,7274,2608170020.0,2608170020.0,2,,S,S2,Stuttgart Hbf|Stuttgart-Bad Cannstatt|Stuttgart Nürnberger Str.|Stuttgart-Sommerrain|Fellbach|Waiblingen|Rommelshausen|Stetten-Beinstein|Endersbach|Beutelsbach|Grunbach|Geradstetten,8006485,Winterbach (b Schorndorf),Baden-Württemberg,Winterbach,73650,9.481549751,48.79842743,4,2608170021.0,,2608170021.0,,h,1.0,Bauarbeiten,,,,,,,1.0,1.0
6461875104419562950-2608170020-13,7276,2608170050.0,2608170050.0,2,,S,S2,Stuttgart Hbf|Stuttgart-Bad Cannstatt|Stuttgart Nürnberger Str.|Stuttgart-Sommerrain|Fellbach|Waiblingen|Rommelshausen|Stetten-Beinstein|Endersbach|Beutelsbach|Grunbach|Geradstetten,8006485,Winterbach (b Schorndorf),Baden-Württemberg,Winterbach,73650,9.481549751,48.79842743,4,2608170050.0,,2608170051.0,,h,1.0,Bauarbeiten,,,,,,,0.0,1.0
-8774147686098078692-2608170004-5,7077,2608170013.0,2608170014.0,1,,S,S60,Böblingen|Sindelfingen|Maichingen|Maichingen Nord,8003807,Magstadt,Baden-Württemberg,Magstadt,71106,8.965315746,48.73616033,6,2608170013.0,,2608170014.0,,h,1.0,Bauarbeiten,,,,,,,0.0,0.0
-9074467080985277700-2608170034-5,7079,2608170043.0,2608170044.0,1,,S,S60,Böblingen|Sindelfingen|Maichingen|Maichingen Nord,8003807,Magstadt,Baden-Württemberg,Magstadt,71106,8.965315746,48.73616033,6,2608170044.0,,2608170045.0,,h,1.0,Bauarbeiten,,,,,,,1.0,1.0
3135343690013222861-2608170009-3,7078,2608170015.0,2608170015.0,2,,S,S60,Renningen|Renningen Süd,8003807,Magstadt,Baden-Württemberg,Magstadt,71106,8.965315746,48.73616033,6,2608170020.0,,2608170020.0,,h,1.0,Bauarbeiten,,,,,,,5.0,5.0
-8774147686098078692-2608170004-4,7077,2608170011.0,2608170011.0,1,,S,S60,Böblingen|Sindelfingen|Maichingen,8003834,Maichingen Nord,Baden-Württemberg,Sindelfingen,71069,8.979416996,48.72750392,5,2608170012.0,,2608170012.0,,h,1.0,Bauarbeiten,,,,,,,1.0,1.0
-9074467080985277700-2608170034-4,7079,2608170041.0,2608170041.0,1,,S,S60,Böblingen|Sindelfingen|Maichingen,8003834,Maichingen Nord,Baden-Württemberg,Sindelfingen,71069,8.979416996,48.72750392,5,2608170042.0,,2608170042.0,,h,1.0,Bauarbeiten,,,,,,,1.0,1.0
3135343690013222861-2608170009-4,7078,2608170017.0,2608170017.0,2,,S,S60,Renningen|Renningen Süd|Magstadt,8003834,Maichingen Nord,Baden-Württemberg,Sindelfingen,71069,8.979416996,48.72750392,5,2608170022.0,,2608170022.0,,h,1.0,Bauarbeiten,,,,,,,5.0,5.0
-8774147686098078692-2608170004-3,7077,2608170009.0,2608170010.0,1,,S,S60,Böblingen|Sindelfingen,8003808,Maichingen,Baden-Württemberg,Sindelfingen,71069,8.969606704,48.72162074,6,2608170009.0,,2608170010.0,,h,1.0,Bauarbeiten,,,,,,,0.0,0.0
-9074467080985277700-2608170034-3,7079,2608170039.0,2608170040.0,1,,S,S60,Böblingen|Sindelfingen,8003808,Maichingen,Baden-Württemberg,Sindelfingen,71069,8.969606704,48.72162074,6,2608170040.0,,2608170041.0,,h,1.0,Bauarbeiten,,,,,,,1.0,1.0
3135343690013222861-2608170009-5,7078,2608170019.0,2608170019.0,1,,S,S60,Renningen|Renningen Süd|Magstadt|Maichingen Nord,8003808,Maichingen,Baden-Württemberg,Sindelfingen,71069,8.969606704,48.72162074,6,2608170023.0,,2608170024.0,,h,1.0,Bauarbeiten,,,,,,,4.0,5.0
-8774147686098078692-2608170004-6,7077,2608170017.0,2608170018.0,1,,S,S60,Böblingen|Sindelfingen|Maichingen|Maichingen Nord|Magstadt,8005001,Renningen Süd,Baden-Württemberg,Renningen,71272,8.932068278,48.76261937,6,2608170017.0,,2608170018.0,,h,1.0,Bauarbeiten,,,,,,,0.0,0.0
-9074467080985277700-2608170034-6,7079,2608170047.0,2608170048.0,1,,S,S60,Böblingen|Sindelfingen|Maichingen|Maichingen Nord|Magstadt,8005001,Renningen Süd,Baden-Württemberg,Renningen,71272,8.932068278,48.76261937,6,2608170048.0,,2608170048.0,,h,1.0,Bauarbeiten,,,,,,,1.0,0.0
3135343690013222861-2608170009-2,7078,2608170011.0,2608170011.0,2,,S,S60,Renningen,8005001,Renningen Süd,Baden-Württemberg,Renningen,71272,8.932068278,48.76261937,6,2608170016.0,,2608170016.0,,h,1.0,Bauarbeiten,,,,,,,5.0,5.0
