ID,train_number,planned_arrival,planned_departure,planned_platform,planned_status,category_train,train,path,eva_nr,station_name,station_state,station_city,station_zipcode,station_long,station_lat,station_category,changed_arrival,changed_platform_arrival,changed_departure,changed_platform_departure,message_status,priority,info,arrival_hidden,departure_hidden,arrival_path,departure_path,arrival_status,departure_status,arrival_delay_m,departure_delay_m
2686007473625185344-2609100001-6,618,2609100215.0,2609100221.0,10.0,,ICE,,München Hbf|München-Pasing|Augsburg Hbf|Günzburg|Ulm Hbf,8000096,Stuttgart Hbf,Baden-Württemberg,Stuttgart,70173,9.183172973,48.78473069,1,2609100223.0,,2609100233.0,,,,,,,,,,,8.0,12.0
1890742567431507346-2609101625-10,7146,2609101650.0,2609101650.0,4.0,,S,S1,Stuttgart Hbf|Stuttgart-Bad Cannstatt|Stuttgart Neckarpark|Stuttgart-Untertürkheim|Stuttgart-Obertürkheim|Esslingen-Mettingen|Esslingen(Neckar)|Oberesslingen|Esslingen-Zell,8000508,Altbach,Baden-Württemberg,Altbach,73776,9.382434033,48.72031354,3,2609101700.0,,2609101701.0,,,,,,,,,,,10.0,11.0
9072809401414477062-2609101550-6,7147,2609101609.0,2609101610.0,3.0,,S,S1,Kirchheim(Teck)|Kirchheim(Teck)-Ötlingen|Wendlingen(Neckar)|Wernau(Neckar)|Plochingen,8000508,Altbach,Baden-Württemberg,Altbach,73776,9.382434033,48.72031354,3,2609101610.0,,2609101610.0,,,,,,,,,,,1.0,0.0
6037772526634891708-2609101555-10,7144,2609101620.0,2609101620.0,4.0,,S,S1,Stuttgart Hbf|Stuttgart-Bad Cannstatt|Stuttgart Neckarpark|Stuttgart-Untertürkheim|Stuttgart-Obertürkheim|Esslingen-Mettingen|Esslingen(Neckar)|Oberesslingen|Esslingen-Zell,8000508,Altbach,Baden-Württemberg,Altbach,73776,9.382434033,48.72031354,3,2609101707.0,,2609101708.0,,,,,,,Stuttgart Hbf|Stuttgart-Bad Cannstatt|Stuttgart Neckarpark|Stuttgart-Untertürkheim|Stuttgart-Obertürkheim|Esslingen-Mettingen|Esslingen(Neckar)|Oberesslingen|Esslingen-Zell,Plochingen|Wernau(Neckar)|Wendlingen(Neckar)|Kirchheim(Teck)-Ötlingen|Kirchheim(Teck),c,c,47.0,48.0
-7851813684664054699-2609101620-6,7149,2609101639.0,2609101640.0,3.0,,S,S1,Kirchheim(Teck)|Kirchheim(Teck)-Ötlingen|Wendlingen(Neckar)|Wernau(Neckar)|Plochingen,8000508,Altbach,Baden-Württemberg,Altbach,73776,9.382434033,48.72031354,3,2609101639.0,,2609101640.0,,,,,,,,,,,0.0,0.0
-4827015275996172889-2609101637-3,7549,2609101642.0,2609101643.0,3.0,,S,S5,Bietigheim-Bissingen|Tamm(Württ),8000630,Asperg,Baden-Württemberg,Asperg,71679,9.147977466,48.90725609,4,2609101643.0,,2609101643.0,,,,,,,,,,,1.0,0.0
-4628505577045451249-2609101557-7,7544,2609101617.0,2609101617.0,4.0,,S,S5,Stuttgart Hbf|Stuttgart Nordbahnhof|Stuttgart-Feuerbach|Stuttgart-Zuffenhausen|Kornwestheim Pbf|Ludwigsburg,8000630,Asperg,Baden-Württemberg,Asperg,71679,9.147977466,48.90725609,4,2609101617.0,,2609101618.0,,,,,,,,,,,0.0,1.0
4626892396658662892-2609101627-7,7546,2609101647.0,2609101647.0,4.0,,S,S5,Stuttgart Hbf|Stuttgart Nordbahnhof|Stuttgart-Feuerbach|Stuttgart-Zuffenhausen|Kornwestheim Pbf|Ludwigsburg,8000630,Asperg,Baden-Württemberg,Asperg,71679,9.147977466,48.90725609,4,2609101650.0,,2609101650.0,,,,,,,,,,,3.0,3.0
3550462619255367417-2609101607-3,7547,2609101612.0,2609101613.0,3.0,,S,S5,Bietigheim-Bissingen|Tamm(Württ),8000630,Asperg,Baden-Württemberg,Asperg,71679,9.147977466,48.90725609,4,2609101613.0,,2609101614.0,,,,,,,,,,,1.0,1.0
-6941686648187494295-2609101633-1,7449,,2609101633.0,,,S,S4,,8000016,Backnang,Baden-Württemberg,Backnang,71522,9.425986107,48.94264844,3,,,2609101633.0,,,,,,,,,,,0.0,0.0
-1516279282303081361-2609101542-12,7342,2609101618.0,,5.0,,S,,Stuttgart Hbf|Stuttgart-Bad Cannstatt|Stuttgart Nürnberger Str.|Stuttgart-Sommerrain|Fellbach|Waiblingen|Neustadt-Hohenacker|Schwaikheim|Winnenden|Nellmersbach|Maubach,8000016,Backnang,Baden-Württemberg,Backnang,71522,9.425986107,48.94264844,3,2609101618.0,,,,,,,,,,,,,0.0,0.0
3420342321820958894-2609101438-16,88618,2609101636.0,2609101638.0,4.0,,ARV,RE90,Nürnberg Hbf|Roßtal|Heilsbronn|Wicklesgreuth|Ansbach|Leutershausen-Wiedersbach|Dombühl|Schnelldorf|Crailsheim|Eckartshausen-Ilshofen|Schwäbisch Hall-Hessental|Gaildorf West|Murrhardt|Sulzbach(Murr)|Oppenweiler(Württ),8000016,Backnang,Baden-Württemberg,Backnang,71522,9.425986107,48.94264844,3,2609101639.0,,2609101640.0,,,,,,,,,,,3.0,2.0
-2365839264405796350-2609101537-14,7440,2609101622.0,,1.0,,S,,Stuttgart Hbf|Stuttgart Nordbahnhof|Stuttgart-Feuerbach|Stuttgart-Zuffenhausen|Kornwestheim Pbf|Ludwigsburg|Favoritepark|Freiberg(Neckar)|Benningen(Neckar)|Marbach(Neckar)|Erdmannhausen|Kirchberg(Murr)|Burgstall(Murr),8000016,Backnang,Baden-Württemberg,Backnang,71522,9.425986107,48.94264844,3,2609101626.0,,,,,,,,,,,,,4.0,0.0
-7748732492772087501-2609101607-14,7442,2609101652.0,,1.0,,S,,Stuttgart Hbf|Stuttgart Nordbahnhof|Stuttgart-Feuerbach|Stuttgart-Zuffenhausen|Kornwestheim Pbf|Ludwigsburg|Favoritepark|Freiberg(Neckar)|Benningen(Neckar)|Marbach(Neckar)|Erdmannhausen|Kirchberg(Murr)|Burgstall(Murr),8000016,Backnang,Baden-Württemberg,Backnang,71522,9.425986107,48.94264844,3,2609101702.0,,,,,,,,,,,,,10.0,0.0
8256892323728512755-2609101626-5,17541,2609101651.0,2609101652.0,4.0,,RB,MEX90,Stuttgart Hbf|Stuttgart-Bad Cannstatt|Waiblingen|Winnenden,8000016,Backnang,Baden-Württemberg,Backnang,71522,9.425986107,48.94264844,3,2609101655.0,,2609101656.0,,h,2.0,Störung,,,,,,,4.0,4.0
-2983041268716826074-2609101611-1,7347,,2609101611.0,,,S,S3,,8000016,Backnang,Baden-Württemberg,Backnang,71522,9.425986107,48.94264844,3,,,2609101611.0,,,,,,,,,,,0.0,0.0
3730084801101419243-2609101621-1,17539,,2609101621.0,,,RE,MEX90,,8000016,Backnang,Baden-Württemberg,Backnang,71522,9.425986107,48.94264844,3,,,2609101621.0,,h,2.0,Störung,,,,,,,0.0,0.0
-3254435403021853572-2609101603-1,7447,,2609101603.0,,,S,S4,,8000016,Backnang,Baden-Württemberg,Backnang,71522,9.425986107,48.94264844,3,,,2609101604.0,,,,,,,,,,,0.0,1.0
4033286785786260573-2609101532-7,17546,2609101606.0,,4.0,,RB,,Gaildorf West|Fichtenberg|Fornsbach|Murrhardt|Sulzbach(Murr)|Oppenweiler(Württ),8000016,Backnang,Baden-Württemberg,Backnang,71522,9.425986107,48.94264844,3,2609101606.0,,,,,,,,,,,,,0.0,0.0
-4004274244229684776-2609101612-12,7344,2609101648.0,,5.0,,S,,Stuttgart Hbf|Stuttgart-Bad Cannstatt|Stuttgart Nürnberger Str.|Stuttgart-Sommerrain|Fellbach|Waiblingen|Neustadt-Hohenacker|Schwaikheim|Winnenden|Nellmersbach|Maubach,8000016,Backnang,Baden-Württemberg,Backnang,71522,9.425986107,48.94264844,3,2609101652.0,,,,,,,,,,,,,4.0,0.0
-7819160470553148770-2609101641-1,7349,,2609101641.0,,,S,S3,,8000016,Backnang,Baden-Württemberg,Backnang,71522,9.425986107,48.94264844,3,,,2609101642.0,,,,,,,,,,,0.0,1.0
-6941686648187494295-2609101633-6,7449,2609101657.0,2609101657.0,2.0,,S,S4,Backnang|Burgstall(Murr)|Kirchberg(Murr)|Erdmannhausen|Marbach(Neckar),8000873,Benningen (Neckar),Baden-Württemberg,Benningen am Neckar,71726,9.244299075,48.94379773,5,2609101707.0,,2609101708.0,,,,,,,,,,,10.0,11.0
-2365839264405796350-2609101537-9,7440,2609101602.0,2609101603.0,1.0,,S,S4,Stuttgart Hbf|Stuttgart Nordbahnhof|Stuttgart-Feuerbach|Stuttgart-Zuffenhausen|Kornwestheim Pbf|Ludwigsburg|Favoritepark|Freiberg(Neckar),8000873,Benningen (Neckar),Baden-Württemberg,Benningen am Neckar,71726,9.244299075,48.94379773,5,2609101606.0,,2609101607.0,,,,,,,,,,,4.0,4.0
-7748732492772087501-2609101607-9,7442,2609101632.0,2609101633.0,1.0,,S,S4,Stuttgart Hbf|Stuttgart Nordbahnhof|Stuttgart-Feuerbach|Stuttgart-Zuffenhausen|Kornwestheim Pbf|Ludwigsburg|Favoritepark|Freiberg(Neckar),8000873,Benningen (Neckar),Baden-Württemberg,Benningen am Neckar,71726,9.244299075,48.94379773,5,2609101634.0,,2609101640.0,,,,,,,,,,,2.0,7.0
-3254435403021853572-2609101603-6,7447,2609101627.0,2609101627.0,2.0,,S,S4,Backnang|Burgstall(Murr)|Kirchberg(Murr)|Erdmannhausen|Marbach(Neckar),8000873,Benningen (Neckar),Baden-Württemberg,Benningen am Neckar,71726,9.244299075,48.94379773,5,2609101634.0,,2609101640.0,,,,,,,,,,,7.0,13.0
-5445906738201891339-2609101603-6,7247,2609101615.0,2609101615.0,2.0,,S,S2,Schorndorf|Weiler(Rems)|Winterbach(b Schorndorf)|Geradstetten|Grunbach,8000934,Beutelsbach,Baden-Württemberg,Weinstadt,71384,9.38551589,48.81038925,5,2609101618.0,,2609101619.0,,h,2.0,Bauarbeiten,,,,,,,3.0,4.0
6086544143608493018-2609101633-6,7249,2609101645.0,2609101645.0,2.0,,S,S2,Schorndorf|Weiler(Rems)|Winterbach(b Schorndorf)|Geradstetten|Grunbach,8000934,Beutelsbach,Baden-Württemberg,Weinstadt,71384,9.38551589,48.81038925,5,2609101648.0,,2609101648.0,,h,2.0,Bauarbeiten,,,,,,,3.0,3.0
1014763779494518341-2609101550-10,7242,2609101613.0,2609101613.0,1.0,,S,S2,Stuttgart Hbf|Stuttgart-Bad Cannstatt|Stuttgart Nürnberger Str.|Stuttgart-Sommerrain|Fellbach|Waiblingen|Rommelshausen|Stetten-Beinstein|Endersbach,8000934,Beutelsbach,Baden-Württemberg,Weinstadt,71384,9.38551589,48.81038925,5,2609101618.0,,2609101618.0,,h,2.0,Bauarbeiten,,,,,,,5.0,5.0
60204090947316905-2609101620-10,7244,2609101643.0,2609101643.0,1.0,,S,S2,Stuttgart Hbf|Stuttgart-Bad Cannstatt|Stuttgart Nürnberger Str.|Stuttgart-Sommerrain|Fellbach|Waiblingen|Rommelshausen|Stetten-Beinstein|Endersbach,8000934,Beutelsbach,Baden-Württemberg,Weinstadt,71384,9.38551589,48.81038925,5,2609101654.0,,2609101655.0,,h,2.0,Bauarbeiten,,,,,,,11.0,12.0
2542243217790920638-2609101443-9,19322,2609101559.0,2609101600.0,10.0,,RE,MEX18,Reutlingen Hbf|Metzingen(Württ)|Nürtingen|Wendlingen(Neckar)|Plochingen|Esslingen(Neckar)|Kornwestheim Pbf|Ludwigsburg,8000038,Bietigheim-Bissingen,Baden-Württemberg,Bietigheim-Bissingen,74321,9.137217396,48.94794988,2,2609101600.0,,2609101601.0,,h,2.0,Störung,,,,,,,1.0,1.0
-7279787958661967658-2609101543-9,19326,2609101659.0,2609101700.0,10.0,,RE,MEX18,Reutlingen Hbf|Metzingen(Württ)|Nürtingen|Wendlingen(Neckar)|Plochingen|Esslingen(Neckar)|Kornwestheim Pbf|Ludwigsburg,8000038,Bietigheim-Bissingen,Baden-Württemberg,Bietigheim-Bissingen,74321,9.137217396,48.94794988,2,2609101701.0,,2609101703.0,,h,2.0,Störung,,,,,,,2.0,3.0
6003930405494929147-2609101630-7,19327,2609101655.0,2609101657.0,8.0,,RE,MEX18,Heilbronn Hbf|Nordheim(Württ)|Lauffen(Neckar)|Kirchheim(Neckar)|Walheim(Württ)|Besigheim,8000038,Bietigheim-Bissingen,Baden-Württemberg,Bietigheim-Bissingen,74321,9.137217396,48.94794988,2,2609101656.0,,2609101658.0,,h,2.0,Störung,,,,,,,1.0,1.0
-8726739109013782304-2609101557-7,19231,2609101622.0,2609101625.0,8.0,,RE,MEX12,Heilbronn Hbf|Nordheim(Württ)|Lauffen(Neckar)|Kirchheim(Neckar)|Walheim(Württ)|Besigheim,8000038,Bietigheim-Bissingen,Baden-Württemberg,Bietigheim-Bissingen,74321,9.137217396,48.94794988,2,2609101628.0,,2609101629.0,,h,2.0,Störung,,,,,,,6.0,4.0
-4827015275996172889-2609101637-1,7549,,2609101637.0,,,S,S5,,8000038,Bietigheim-Bissingen,Baden-Württemberg,Bietigheim-Bissingen,74321,9.137217396,48.94794988,2,,,2609101637.0,,,,,,,,,,,0.0,0.0
-4628505577045451249-2609101557-9,7544,2609101624.0,,,,S,,Stuttgart Hbf|Stuttgart Nordbahnhof|Stuttgart-Feuerbach|Stuttgart-Zuffenhausen|Kornwestheim Pbf|Ludwigsburg|Asperg|Tamm(Württ),8000038,Bietigheim-Bissingen,Baden-Württemberg,Bietigheim-Bissingen,74321,9.137217396,48.94794988,2,2609101624.0,5,,,,,,,,,,,,0.0,0.0
-1888540291863304489-2609101606-3,63555,2609101640.0,2609101644.0,,,ARV,RE8,Neckarsulm|Heilbronn Hbf,8000038,Bietigheim-Bissingen,Baden-Württemberg,Bietigheim-Bissingen,74321,9.137217396,48.94794988,2,2609101643.0,8,2609101644.0,8.0,,,,,,,,,,3.0,0.0
-8043786027039986542-2609101616-1,63564,,2609101616.0,,,ARV,RE8,,8000038,Bietigheim-Bissingen,Baden-Württemberg,Bietigheim-Bissingen,74321,9.137217396,48.94794988,2,,,2609101617.0,9.0,,,,,,,,,,0.0,1.0
-2709738596287664472-2609101516-11,19324,2609101638.0,2609101639.0,10.0,,RE,MEX18,Reutlingen Hbf|Metzingen(Württ)|Bempflingen|Nürtingen|Oberboihingen|Wendlingen(Neckar)|Plochingen|Esslingen(Neckar)|Kornwestheim Pbf|Ludwigsburg,8000038,Bietigheim-Bissingen,Baden-Württemberg,Bietigheim-Bissingen,74321,9.137217396,48.94794988,2,2609101639.0,,2609101641.0,,h,2.0,Störung,,,,,,,1.0,2.0
4626892396658662892-2609101627-9,7546,2609101654.0,,,,S,,Stuttgart Hbf|Stuttgart Nordbahnhof|Stuttgart-Feuerbach|Stuttgart-Zuffenhausen|Kornwestheim Pbf|Ludwigsburg|Asperg|Tamm(Württ),8000038,Bietigheim-Bissingen,Baden-Württemberg,Bietigheim-Bissingen,74321,9.137217396,48.94794988,2,2609101657.0,5,,,,,,,,,,,,3.0,0.0
3550462619255367417-2609101607-1,7547,,2609101607.0,,,S,S5,,8000038,Bietigheim-Bissingen,Baden-Württemberg,Bietigheim-Bissingen,74321,9.137217396,48.94794988,2,,,2609101607.0,,,,,,,,,,,0.0,0.0
6681912046571042819-2609101635-1,8132,,2609101635.0,,,WEG,RB46,,8001055,Böblingen,Baden-Württemberg,Böblingen,71034,9.004531864,48.68784871,3,,,2609101635.0,,,,,,,,,,,0.0,0.0
-4320397447687881024-2609101604-1,7045,,2609101604.0,,,S,S60,,8001055,Böblingen,Baden-Württemberg,Böblingen,71034,9.004531864,48.68784871,3,,,2609101604.0,,h,1.0,Bauarbeiten,,,,,,,0.0,0.0
1385355651314404449-2609101603-3,28489,2609101626.0,,2.0,,RE,,Stuttgart Hbf|Stuttgart-Vaihingen,8001055,Böblingen,Baden-Württemberg,Böblingen,71034,9.004531864,48.68784871,3,2609101640.0,,,,,,,,,,,,,14.0,0.0
-8351377194669505707-2609101612-3,17653,2609101638.0,2609101639.0,5.0,,RE,RE14b,Stuttgart Hbf|Stuttgart-Vaihingen,8001055,Böblingen,Baden-Württemberg,Böblingen,71034,9.004531864,48.68784871,3,2609101642.0,,2609101643.0,,,,,,,,,,,4.0,4.0
3052355004880075210-2609101634-1,7047,,2609101634.0,,,S,S60,,8001055,Böblingen,Baden-Württemberg,Böblingen,71034,9.004531864,48.68784871,3,,,2609101634.0,,h,1.0,Bauarbeiten,,,,,,,0.0,0.0
2623969724242618233-2609101612-3,17655,2609101638.0,2609101639.0,5.0,,RE,RE14a,Stuttgart Hbf|Stuttgart-Vaihingen,8001055,Böblingen,Baden-Württemberg,Böblingen,71034,9.004531864,48.68784871,3,2609101642.0,,2609101643.0,,h,1.0,Störung,,,,,,,4.0,4.0
-6597641343860665533-2609101620-1,8296,,2609101620.0,,,WEG,RB46,,8001055,Böblingen,Baden-Württemberg,Böblingen,71034,9.004531864,48.68784871,3,,,2609101620.0,,,,,,,,,,,0.0,0.0
-8635994245092485777-2609101605-1,8128,,2609101605.0,,,WEG,RB46,,8001055,Böblingen,Baden-Württemberg,Böblingen,71034,9.004531864,48.68784871,3,,,2609101605.0,,,,,,,,,,,0.0,0.0
-3857587200421256648-2609101633-1,28488,,2609101633.0,,,RE,RESB,,8001055,Böblingen,Baden-Württemberg,Böblingen,71034,9.004531864,48.68784871,3,,,2609101645.0,,,,,,,,,,,0.0,12.0
-700744146323234249-2609101616-6,7748,2609101630.0,2609101630.0,3.0,,S,S1,Herrenberg|Nufringen|Gärtringen|Ehningen(b Böblingen)|Hulb,8001055,Böblingen,Baden-Württemberg,Böblingen,71034,9.004531864,48.68784871,3,2609101630.0,,2609101631.0,,,,,,,,,,,0.0,1.0
-6914583863248620869-2609101602-12,8129,2609101625.0,,1.0,,WEG,,Dettenhausen|Weil im Schönbuch Untere Halde|Weil im Schönbuch Röte|Weil im Schönbuch Troppel|Holzgerlingen Buch|Holzgerlingen Bf|Holzgerlingen Hülben|Böblingen Zimmerschlag|Böblingen Heusteigstr|Böblingen Südbf|Böblingen Danziger Str,8001055,Böblingen,Baden-Württemberg,Böblingen,71034,9.004531864,48.68784871,3,2609101626.0,,,,,,,,,,,,,1.0,0.0
4046308478119658372-2609101546-6,7746,2609101600.0,2609101600.0,3.0,,S,S1,Herrenberg|Nufringen|Gärtringen|Ehningen(b Böblingen)|Hulb,8001055,Böblingen,Baden-Württemberg,Böblingen,71034,9.004531864,48.68784871,3,2609101601.0,,2609101602.0,,,,,,,,,,,1.0,2.0
-4016147013179713011-2609101627-7,8299,2609101640.0,,1.0,,WEG,,Holzgerlingen Bf|Holzgerlingen Hülben|Böblingen Zimmerschlag|Böblingen Heusteigstr|Böblingen Südbf|Böblingen Danziger Str,8001055,Böblingen,Baden-Württemberg,Böblingen,71034,9.004531864,48.68784871,3,2609101640.0,,,,,,,,,,,,,0.0,0.0
-3098895725265062817-2609101610-1,17651,,2609101610.0,,,RB,RB14a,,8001055,Böblingen,Baden-Württemberg,Böblingen,71034,9.004531864,48.68784871,3,,,2609101611.0,3.0,,,,,,,,,,0.0,1.0
6036503238720280244-2609101546-4,7743,2609101600.0,2609101600.0,4.0,,S,S1,Stuttgart-Vaihingen|Stuttgart-Rohr|Goldberg(Württ),8001055,Böblingen,Baden-Württemberg,Böblingen,71034,9.004531864,48.68784871,3,2609101600.0,,2609101601.0,,,,,,,,,,,0.0,1.0
-5654259954348632159-2609101558-9,7046,2609101626.0,,5.0,,S,,Leonberg|Rutesheim|Renningen|Renningen Süd|Magstadt|Maichingen Nord|Maichingen|Sindelfingen,8001055,Böblingen,Baden-Württemberg,Böblingen,71034,9.004531864,48.68784871,3,2609101627.0,,,,h,1.0,Bauarbeiten,,,,,,,1.0,0.0
1135614502555660060-2609101650-1,8300,,2609101650.0,,,WEG,RB46,,8001055,Böblingen,Baden-Württemberg,Böblingen,71034,9.004531864,48.68784871,3,,,2609101650.0,,,,,,,,,,,0.0,0.0
7768153946989215661-2609101557-7,8295,2609101610.0,,1.0,,WEG,,Holzgerlingen Bf|Holzgerlingen Hülben|Böblingen Zimmerschlag|Böblingen Heusteigstr|Böblingen Südbf|Böblingen Danziger Str,8001055,Böblingen,Baden-Württemberg,Böblingen,71034,9.004531864,48.68784871,3,2609101610.0,,,,,,,,,,,,,0.0,0.0
-3536192323965020429-2609101616-4,7745,2609101630.0,2609101630.0,4.0,,S,S1,Stuttgart-Vaihingen|Stuttgart-Rohr|Goldberg(Württ),8001055,Böblingen,Baden-Württemberg,Böblingen,71034,9.004531864,48.68784871,3,2609101630.0,,2609101631.0,,,,,,,,,,,0.0,1.0
-4254138139029607975-2609101632-12,8133,2609101655.0,,1.0,,WEG,,Dettenhausen|Weil im Schönbuch Untere Halde|Weil im Schönbuch Röte|Weil im Schönbuch Troppel|Holzgerlingen Buch|Holzgerlingen Bf|Holzgerlingen Hülben|Böblingen Zimmerschlag|Böblingen Heusteigstr|Böblingen Südbf|Böblingen Danziger Str,8001055,Böblingen,Baden-Württemberg,Böblingen,71034,9.004531864,48.68784871,3,2609101656.0,,,,,,,,,,,,,1.0,0.0
6947397441507024354-2609101628-9,7048,2609101656.0,,5.0,,S,,Leonberg|Rutesheim|Renningen|Renningen Süd|Magstadt|Maichingen Nord|Maichingen|Sindelfingen,8001055,Böblingen,Baden-Württemberg,Böblingen,71034,9.004531864,48.68784871,3,2609101658.0,,,,h,1.0,Bauarbeiten,,,,,,,2.0,0.0
-6941686648187494295-2609101633-2,7449,2609101637.0,2609101638.0,1.0,,S,S4,Backnang,8001296,Burgstall (Murr),Baden-Württemberg,Burgstetten,71576,9.36973562,48.92851826,6,2609101637.0,,2609101638.0,,,,,,,,,,,0.0,0.0
-2365839264405796350-2609101537-13,7440,2609101617.0,2609101617.0,1.0,,S,S4,Stuttgart Hbf|Stuttgart Nordbahnhof|Stuttgart-Feuerbach|Stuttgart-Zuffenhausen|Kornwestheim Pbf|Ludwigsburg|Favoritepark|Freiberg(Neckar)|Benningen(Neckar)|Marbach(Neckar)|Erdmannhausen|Kirchberg(Murr),8001296,Burgstall (Murr),Baden-Württemberg,Burgstetten,71576,9.36973562,48.92851826,6,2609101622.0,,2609101622.0,,,,,,,,,,,5.0,5.0
-7748732492772087501-2609101607-13,7442,2609101647.0,2609101647.0,1.0,,S,S4,Stuttgart Hbf|Stuttgart Nordbahnhof|Stuttgart-Feuerbach|Stuttgart-Zuffenhausen|Kornwestheim Pbf|Ludwigsburg|Favoritepark|Freiberg(Neckar)|Benningen(Neckar)|Marbach(Neckar)|Erdmannhausen|Kirchberg(Murr),8001296,Burgstall (Murr),Baden-Württemberg,Burgstetten,71576,9.36973562,48.92851826,6,2609101657.0,,2609101658.0,,,,,,,,,,,10.0,11.0
-3254435403021853572-2609101603-2,7447,2609101607.0,2609101608.0,1.0,,S,S4,Backnang,8001296,Burgstall (Murr),Baden-Württemberg,Burgstetten,71576,9.36973562,48.92851826,6,2609101607.0,,2609101608.0,,,,,,,,,,,0.0,0.0
-434662733066569795-2609101547-8,7642,2609101606.0,,2.0,,S,,Stuttgart Hbf|Stuttgart Nordbahnhof|Stuttgart-Feuerbach|Stuttgart-Zuffenhausen|Neuwirtshaus(Porscheplatz)|Korntal|Weilimdorf,8001476,Ditzingen,Baden-Württemberg,Ditzingen,71254,9.067095186,48.82358726,4,2609101607.0,3,,,h,1.0,Bauarbeiten,,,,,,,1.0,0.0
-4338777374283451398-2609101624-1,7647,,2609101624.0,,,S,S6,,8001476,Ditzingen,Baden-Württemberg,Ditzingen,71254,9.067095186,48.82358726,4,,,2609101624.0,3.0,h,1.0,Bauarbeiten,,,,,,,0.0,0.0
924644417488732877-2609101617-8,7644,2609101636.0,,2.0,,S,,Stuttgart Hbf|Stuttgart Nordbahnhof|Stuttgart-Feuerbach|Stuttgart-Zuffenhausen|Neuwirtshaus(Porscheplatz)|Korntal|Weilimdorf,8001476,Ditzingen,Baden-Württemberg,Ditzingen,71254,9.067095186,48.82358726,4,2609101638.0,3,,,h,1.0,Bauarbeiten,,,,,,,2.0,0.0
1198023220969529413-2609101654-1,7649,,2609101654.0,,,S,S6,,8001476,Ditzingen,Baden-Württemberg,Ditzingen,71254,9.067095186,48.82358726,4,,,2609101654.0,3.0,h,1.0,Bauarbeiten,,,,,,,0.0,0.0
1877783574861069288-2609101633-3,7946,2609101640.0,2609101640.0,2.0,,S,S2,Filderstadt|Stuttgart Flughafen/Messe,8001650,Echterdingen,Baden-Württemberg,Echterdingen,70771,9.169307175,48.69214787,4,2609101640.0,,2609101640.0,,,,,,,,,,,0.0,0.0
-7890265662573644504-2609101605-5,7945,2609101619.0,2609101620.0,1.0,,S,S2,Stuttgart-Vaihingen|Stuttgart-Rohr|Oberaichen|Leinfelden,8001650,Echterdingen,Baden-Württemberg,Echterdingen,70771,9.169307175,48.69214787,4,2609101619.0,,2609101620.0,,,,,,,,,,,0.0,0.0
7145149212361785028-2609101603-3,7944,2609101610.0,2609101610.0,2.0,,S,S2,Filderstadt|Stuttgart Flughafen/Messe,8001650,Echterdingen,Baden-Württemberg,Echterdingen,70771,9.169307175,48.69214787,4,2609101610.0,,2609101611.0,,,,,,,,,,,0.0,1.0
378305189179015240-2609101635-5,7947,2609101649.0,2609101650.0,1.0,,S,S2,Stuttgart-Vaihingen|Stuttgart-Rohr|Oberaichen|Leinfelden,8001650,Echterdingen,Baden-Württemberg,Echterdingen,70771,9.169307175,48.69214787,4,2609101649.0,,2609101650.0,,,,,,,,,,,0.0,0.0
-700744146323234249-2609101616-4,7748,2609101625.0,2609101625.0,1.0,,S,S1,Herrenberg|Nufringen|Gärtringen,8001689,Ehningen (b Böblingen),Baden-Württemberg,Ehningen,71139,8.944310368,48.66275549,4,2609101625.0,,2609101625.0,,,,,,,,,,,0.0,0.0
6036503238720280244-2609101546-6,7743,2609101605.0,2609101605.0,2.0,,S,S1,Stuttgart-Vaihingen|Stuttgart-Rohr|Goldberg(Württ)|Böblingen|Hulb,8001689,Ehningen (b Böblingen),Baden-Württemberg,Ehningen,71139,8.944310368,48.66275549,4,2609101605.0,,2609101606.0,,,,,,,,,,,0.0,1.0
-7101481629715291400-2609101646-4,7750,2609101655.0,2609101655.0,1.0,,S,S1,Herrenberg|Nufringen|Gärtringen,8001689,Ehningen (b Böblingen),Baden-Württemberg,Ehningen,71139,8.944310368,48.66275549,4,2609101655.0,,2609101655.0,,,,,,,,,,,0.0,0.0
-3536192323965020429-2609101616-6,7745,2609101635.0,2609101635.0,2.0,,S,S1,Stuttgart-Vaihingen|Stuttgart-Rohr|Goldberg(Württ)|Böblingen|Hulb,8001689,Ehningen (b Böblingen),Baden-Württemberg,Ehningen,71139,8.944310368,48.66275549,4,2609101635.0,,2609101636.0,,,,,,,,,,,0.0,1.0
-5445906738201891339-2609101603-7,7247,2609101617.0,2609101617.0,3.0,,S,S2,Schorndorf|Weiler(Rems)|Winterbach(b Schorndorf)|Geradstetten|Grunbach|Beutelsbach,8001785,Endersbach,Baden-Württemberg,Weinstadt,71384,9.370192421,48.81317323,4,2609101620.0,,2609101621.0,,h,2.0,Bauarbeiten,,,,,,,3.0,4.0
6086544143608493018-2609101633-7,7249,2609101647.0,2609101647.0,3.0,,S,S2,Schorndorf|Weiler(Rems)|Winterbach(b Schorndorf)|Geradstetten|Grunbach|Beutelsbach,8001785,Endersbach,Baden-Württemberg,Weinstadt,71384,9.370192421,48.81317323,4,2609101650.0,,2609101650.0,,h,2.0,Bauarbeiten,,,,,,,3.0,3.0
1014763779494518341-2609101550-9,7242,2609101611.0,2609101611.0,2.0,,S,S2,Stuttgart Hbf|Stuttgart-Bad Cannstatt|Stuttgart Nürnberger Str.|Stuttgart-Sommerrain|Fellbach|Waiblingen|Rommelshausen|Stetten-Beinstein,8001785,Endersbach,Baden-Württemberg,Weinstadt,71384,9.370192421,48.81317323,4,2609101613.0,1,2609101616.0,1.0,h,2.0,Bauarbeiten,,,,,,,2.0,5.0
60204090947316905-2609101620-9,7244,2609101641.0,2609101641.0,2.0,,S,S2,Stuttgart Hbf|Stuttgart-Bad Cannstatt|Stuttgart Nürnberger Str.|Stuttgart-Sommerrain|Fellbach|Waiblingen|Rommelshausen|Stetten-Beinstein,8001785,Endersbach,Baden-Württemberg,Weinstadt,71384,9.370192421,48.81317323,4,2609101652.0,,2609101653.0,,h,2.0,Bauarbeiten,,,,,,,11.0,12.0
-6941686648187494295-2609101633-4,7449,2609101647.0,2609101648.0,1.0,,S,S4,Backnang|Burgstall(Murr)|Kirchberg(Murr),8001827,Erdmannhausen,Baden-Württemberg,Erdmannhausen,71729,9.298930848,48.9483447,6,2609101656.0,,2609101658.0,,,,,,,,,,,9.0,10.0
-2365839264405796350-2609101537-11,7440,2609101610.0,2609101610.0,1.0,,S,S4,Stuttgart Hbf|Stuttgart Nordbahnhof|Stuttgart-Feuerbach|Stuttgart-Zuffenhausen|Kornwestheim Pbf|Ludwigsburg|Favoritepark|Freiberg(Neckar)|Benningen(Neckar)|Marbach(Neckar),8001827,Erdmannhausen,Baden-Württemberg,Erdmannhausen,71729,9.298930848,48.9483447,6,2609101614.0,,2609101615.0,,,,,,,,,,,4.0,5.0
-7748732492772087501-2609101607-11,7442,2609101640.0,2609101640.0,1.0,,S,S4,Stuttgart Hbf|Stuttgart Nordbahnhof|Stuttgart-Feuerbach|Stuttgart-Zuffenhausen|Kornwestheim Pbf|Ludwigsburg|Favoritepark|Freiberg(Neckar)|Benningen(Neckar)|Marbach(Neckar),8001827,Erdmannhausen,Baden-Württemberg,Erdmannhausen,71729,9.298930848,48.9483447,6,2609101650.0,,2609101651.0,,,,,,,,,,,10.0,11.0
-3254435403021853572-2609101603-4,7447,2609101617.0,2609101618.0,1.0,,S,S4,Backnang|Burgstall(Murr)|Kirchberg(Murr),8001827,Erdmannhausen,Baden-Württemberg,Erdmannhausen,71729,9.298930848,48.9483447,6,2609101621.0,,2609101623.0,,,,,,,,,,,4.0,5.0
6798270359717880545-2609101548-14,19154,2609101640.0,2609101640.0,3.0,,ARV,MEX16,Geislingen(Steige)|Geislingen(Steige)West|Kuchen|Gingen(Fils)|Süßen|Salach|Eislingen(Fils)|Göppingen|Faurndau|Uhingen|Ebersbach(Fils)|Reichenbach(Fils)|Plochingen,8001920,Esslingen (Neckar),Baden-Württemberg,Esslingen am Neckar,73728,9.300578149,48.73854148,3,2609101641.0,2,2609101644.0,2.0,,,,,,,,,,1.0,4.0
-6869650552962585885-2609101506-4,562,2609101658.0,2609101701.0,2.0,,ICE,,München Hbf|Augsburg Hbf|Ulm Hbf,8001920,Esslingen (Neckar),Baden-Württemberg,Esslingen am Neckar,73728,9.300578149,48.73854148,3,2609101753.0,,2609101755.0,,c,,,,,München Hbf|Augsburg Hbf|Ulm Hbf,Mannheim Hbf|Neustadt(Weinstr)Hbf|Kaiserslautern Hbf|Homburg(Saar)Hbf|Saarbrücken Hbf,,,55.0,54.0
-6750794421454638985-2609101420-4,224,2609101607.0,2609101609.0,3.0,,ICE,,München Hbf|Augsburg Hbf|Ulm Hbf,8001920,Esslingen (Neckar),Baden-Württemberg,Esslingen am Neckar,73728,9.300578149,48.73854148,3,2609101701.0,,2609101704.0,,c,,,,,München Hbf|Augsburg Hbf|Ulm Hbf,Vaihingen(Enz)|Mannheim Hbf|Frankfurt(M) Flughafen Fernbf|Siegburg/Bonn|Köln Hbf|Düsseldorf Hbf|Duisburg Hbf|Oberhausen Hbf|Arnhem Centraal|Utrecht Centraal|Amsterdam Centraal,,,54.0,55.0
-4975755029774575573-2609101530-10,19325,2609101634.0,2609101635.0,6.0,,RE,MEX18,Heilbronn Hbf|Nordheim(Württ)|Lauffen(Neckar)|Kirchheim(Neckar)|Walheim(Württ)|Besigheim|Bietigheim-Bissingen|Ludwigsburg|Kornwestheim Pbf,8001920,Esslingen (Neckar),Baden-Württemberg,Esslingen am Neckar,73728,9.300578149,48.73854148,3,2609101635.0,,2609101637.0,,h,2.0,Störung,,,,,,,1.0,2.0
-7279787958661967658-2609101543-6,19326,2609101622.0,2609101623.0,3.0,,RE,MEX18,Reutlingen Hbf|Metzingen(Württ)|Nürtingen|Wendlingen(Neckar)|Plochingen,8001920,Esslingen (Neckar),Baden-Württemberg,Esslingen am Neckar,73728,9.300578149,48.73854148,3,2609101626.0,,2609101627.0,,h,2.0,Störung,,,,,,,4.0,4.0
1890742567431507346-2609101625-7,7146,2609101642.0,2609101643.0,8.0,,S,S1,Stuttgart Hbf|Stuttgart-Bad Cannstatt|Stuttgart Neckarpark|Stuttgart-Untertürkheim|Stuttgart-Obertürkheim|Esslingen-Mettingen,8001920,Esslingen (Neckar),Baden-Württemberg,Esslingen am Neckar,73728,9.300578149,48.73854148,3,2609101652.0,,2609101653.0,,,,,,,,,,,10.0,10.0
-8415102531932798272-2609101639-2,4225,2609101648.0,2609101648.0,5.0,,RE,RE5,Stuttgart Hbf,8001920,Esslingen (Neckar),Baden-Württemberg,Esslingen am Neckar,73728,9.300578149,48.73854148,3,2609101651.0,,2609101652.0,,h,2.0,Störung,,,,,,,3.0,4.0
9072809401414477062-2609101550-9,7147,2609101617.0,2609101617.0,7.0,,S,S1,Kirchheim(Teck)|Kirchheim(Teck)-Ötlingen|Wendlingen(Neckar)|Wernau(Neckar)|Plochingen|Altbach|Esslingen-Zell|Oberesslingen,8001920,Esslingen (Neckar),Baden-Württemberg,Esslingen am Neckar,73728,9.300578149,48.73854148,3,2609101617.0,,2609101618.0,,,,,,,,,,,0.0,1.0
6036019531344774327-2609101616-8,19238,2609101655.0,2609101655.0,7.0,,RE,MEX12,Reutlingen Hbf|Metzingen(Württ)|Bempflingen|Nürtingen|Oberboihingen|Wendlingen(Neckar)|Plochingen,8001920,Esslingen (Neckar),Baden-Württemberg,Esslingen am Neckar,73728,9.300578149,48.73854148,3,2609101654.0,,2609101656.0,,h,2.0,Störung,,,,,,,-1.0,1.0
6037772526634891708-2609101555-7,7144,2609101612.0,2609101613.0,8.0,,S,S1,Stuttgart Hbf|Stuttgart-Bad Cannstatt|Stuttgart Neckarpark|Stuttgart-Untertürkheim|Stuttgart-Obertürkheim|Esslingen-Mettingen,8001920,Esslingen (Neckar),Baden-Württemberg,Esslingen am Neckar,73728,9.300578149,48.73854148,3,2609101701.0,6,2609101700.0,,,,,,,Stuttgart Hbf|Stuttgart-Bad Cannstatt|Stuttgart Neckarpark|Stuttgart-Untertürkheim|Stuttgart-Obertürkheim|Esslingen-Mettingen,Oberesslingen|Esslingen-Zell|Altbach|Plochingen|Wernau(Neckar)|Wendlingen(Neckar)|Kirchheim(Teck)-Ötlingen|Kirchheim(Teck),,c,49.0,47.0
5995165262498243987-2609101604-3,19155,2609101615.0,2609101615.0,5.0,,ARV,MEX16,Stuttgart Hbf|Stuttgart-Bad Cannstatt,8001920,Esslingen (Neckar),Baden-Württemberg,Esslingen am Neckar,73728,9.300578149,48.73854148,3,2609101616.0,,2609101617.0,,,,,,,,,,,1.0,2.0
6107646079787836440-2609101411-6,1095,2609101558.0,2609101600.0,5.0,,ICE,,Frankfurt(Main)Hbf|Darmstadt Hbf|Bensheim|Weinheim(Bergstr)Hbf|Heidelberg Hbf,8001920,Esslingen (Neckar),Baden-Württemberg,Esslingen am Neckar,73728,9.300578149,48.73854148,3,2609101621.0,,2609101623.0,,h,1.0,Störung,,,,,,,23.0,23.0
5506469601342734593-2609101642-3,19157,2609101653.0,2609101654.0,5.0,,ARV,MEX16,Stuttgart Hbf|Stuttgart-Bad Cannstatt,8001920,Esslingen (Neckar),Baden-Württemberg,Esslingen am Neckar,73728,9.300578149,48.73854148,3,2609101701.0,,2609101703.0,,,,,,,,,,,8.0,9.0
-4518036593443333600-2609101436-20,19152,2609101601.0,2609101602.0,3.0,,ARV,MEX16,Ulm Hbf|Beimerstetten|Westerstetten|Lonsee|Urspring|Amstetten(Württ)|Geislingen(Steige)|Geislingen(Steige)West|Kuchen|Gingen(Fils)|Süßen|Salach|Eislingen(Fils)|Göppingen|Faurndau|Uhingen|Ebersbach(Fils)|Reichenbach(Fils)|Plochingen,8001920,Esslingen (Neckar),Baden-Württemberg,Esslingen am Neckar,73728,9.300578149,48.73854148,3,2609101609.0,,2609101611.0,,,,,,,,,,,8.0,9.0
2152293342088146683-2609101403-12,4220,2609101612.0,2609101613.0,3.0,,RE,RE5,Friedrichshafen Stadt|Meckenbeuren|Ravensburg|Aulendorf|Bad Schussenried|Biberach(Riß)|Laupheim West|Ulm Hbf|Geislingen(Steige)|Göppingen|Plochingen,8001920,Esslingen (Neckar),Baden-Württemberg,Esslingen am Neckar,73728,9.300578149,48.73854148,3,2609101614.0,,2609101614.0,,h,2.0,Störung,,,,,,,2.0,1.0
7941696835731553601-2609101457-11,19229,2609101604.0,2609101605.0,6.0,,RE,MEX12,Heilbronn Hbf|Nordheim(Württ)|Lauffen(Neckar)|Kirchheim(Neckar)|Walheim(Württ)|Besigheim|Bietigheim-Bissingen|Ludwigsburg|Stuttgart Hbf|Stuttgart-Bad Cannstatt,8001920,Esslingen (Neckar),Baden-Württemberg,Esslingen am Neckar,73728,9.300578149,48.73854148,3,2609101611.0,8,2609101612.0,8.0,h,2.0,Störung,,,,,,,7.0,7.0
-7851813684664054699-2609101620-9,7149,2609101647.0,2609101647.0,7.0,,S,S1,Kirchheim(Teck)|Kirchheim(Teck)-Ötlingen|Wendlingen(Neckar)|Wernau(Neckar)|Plochingen|Altbach|Esslingen-Zell|Oberesslingen,8001920,Esslingen (Neckar),Baden-Württemberg,Esslingen am Neckar,73728,9.300578149,48.73854148,3,2609101647.0,,2609101647.0,,,,,,,,,,,0.0,0.0
1890742567431507346-2609101625-6,7146,2609101639.0,2609101639.0,4.0,,S,S1,Stuttgart Hbf|Stuttgart-Bad Cannstatt|Stuttgart Neckarpark|Stuttgart-Untertürkheim|Stuttgart-Obertürkheim,8001921,Esslingen-Mettingen,Baden-Württemberg,Esslingen am Neckar,73733,9.275799007,48.74696655,3,2609101649.0,,2609101651.0,,,,,,,,,,,10.0,12.0
9072809401414477062-2609101550-10,7147,2609101619.0,2609101620.0,3.0,,S,S1,Kirchheim(Teck)|Kirchheim(Teck)-Ötlingen|Wendlingen(Neckar)|Wernau(Neckar)|Plochingen|Altbach|Esslingen-Zell|Oberesslingen|Esslingen(Neckar),8001921,Esslingen-Mettingen,Baden-Württemberg,Esslingen am Neckar,73733,9.275799007,48.74696655,3,2609101620.0,,2609101621.0,,,,,,,,,,,1.0,1.0
6037772526634891708-2609101555-6,7144,2609101609.0,2609101609.0,4.0,,S,S1,Stuttgart Hbf|Stuttgart-Bad Cannstatt|Stuttgart Neckarpark|Stuttgart-Untertürkheim|Stuttgart-Obertürkheim,8001921,Esslingen-Mettingen,Baden-Württemberg,Esslingen am Neckar,73733,9.275799007,48.74696655,3,2609101657.0,,2609101658.0,,,,,,,Stuttgart Hbf|Stuttgart-Bad Cannstatt|Stuttgart Neckarpark|Stuttgart-Untertürkheim|Stuttgart-Obertürkheim,Esslingen(Neckar)|Oberesslingen|Esslingen-Zell|Altbach|Plochingen|Wernau(Neckar)|Wendlingen(Neckar)|Kirchheim(Teck)-Ötlingen|Kirchheim(Teck),,,48.0,49.0
-7851813684664054699-2609101620-10,7149,2609101649.0,2609101650.0,3.0,,S,S1,Kirchheim(Teck)|Kirchheim(Teck)-Ötlingen|Wendlingen(Neckar)|Wernau(Neckar)|Plochingen|Altbach|Esslingen-Zell|Oberesslingen|Esslingen(Neckar),8001921,Esslingen-Mettingen,Baden-Württemberg,Esslingen am Neckar,73733,9.275799007,48.74696655,3,2609101649.0,,2609101651.0,,,,,,,,,,,0.0,1.0
1890742567431507346-2609101625-9,7146,2609101647.0,2609101648.0,4.0,,S,S1,Stuttgart Hbf|Stuttgart-Bad Cannstatt|Stuttgart Neckarpark|Stuttgart-Untertürkheim|Stuttgart-Obertürkheim|Esslingen-Mettingen|Esslingen(Neckar)|Oberesslingen,8006642,Esslingen-Zell,Baden-Württemberg,Esslingen am Neckar,73730,9.359739507,48.72436142,3,2609101658.0,,2609101658.0,,,,,,,,,,,11.0,10.0
9072809401414477062-2609101550-7,7147,2609101612.0,2609101612.0,3.0,,S,S1,Kirchheim(Teck)|Kirchheim(Teck)-Ötlingen|Wendlingen(Neckar)|Wernau(Neckar)|Plochingen|Altbach,8006642,Esslingen-Zell,Baden-Württemberg,Esslingen am Neckar,73730,9.359739507,48.72436142,3,2609101612.0,,2609101613.0,,,,,,,,,,,0.0,1.0
6037772526634891708-2609101555-9,7144,2609101617.0,2609101618.0,4.0,,S,S1,Stuttgart Hbf|Stuttgart-Bad Cannstatt|Stuttgart Neckarpark|Stuttgart-Untertürkheim|Stuttgart-Obertürkheim|Esslingen-Mettingen|Esslingen(Neckar)|Oberesslingen,8006642,Esslingen-Zell,Baden-Württemberg,Esslingen am Neckar,73730,9.359739507,48.72436142,3,2609101705.0,,2609101705.0,,,,,,,Stuttgart Hbf|Stuttgart-Bad Cannstatt|Stuttgart Neckarpark|Stuttgart-Untertürkheim|Stuttgart-Obertürkheim|Esslingen-Mettingen|Esslingen(Neckar)|Oberesslingen,Altbach|Plochingen|Wernau(Neckar)|Wendlingen(Neckar)|Kirchheim(Teck)-Ötlingen|Kirchheim(Teck),c,c,48.0,47.0
-7851813684664054699-2609101620-7,7149,2609101642.0,2609101642.0,3.0,,S,S1,Kirchheim(Teck)|Kirchheim(Teck)-Ötlingen|Wendlingen(Neckar)|Wernau(Neckar)|Plochingen|Altbach,8006642,Esslingen-Zell,Baden-Württemberg,Esslingen am Neckar,73730,9.359739507,48.72436142,3,2609101642.0,,2609101642.0,,,,,,,,,,,0.0,0.0
-8547743709603473957-2609101533-8,7445,2609101603.0,2609101604.0,2.0,,S,S4,Backnang|Burgstall(Murr)|Kirchberg(Murr)|Erdmannhausen|Marbach(Neckar)|Benningen(Neckar)|Freiberg(Neckar),8001967,Favoritepark,Baden-Württemberg,Ludwigsburg,71634,9.180574277,48.90948451,5,2609101607.0,,2609101608.0,,,,,,,,,,,4.0,4.0
-7748732492772087501-2609101607-7,7442,2609101626.0,2609101626.0,1.0,,S,S4,Stuttgart Hbf|Stuttgart Nordbahnhof|Stuttgart-Feuerbach|Stuttgart-Zuffenhausen|Kornwestheim Pbf|Ludwigsburg,8001967,Favoritepark,Baden-Württemberg,Ludwigsburg,71634,9.180574277,48.90948451,5,2609101627.0,,2609101628.0,,,,,,,,,,,1.0,2.0
6027149644914886165-2609101637-7,7444,2609101656.0,2609101656.0,1.0,,S,S4,Stuttgart Hbf|Stuttgart Nordbahnhof|Stuttgart-Feuerbach|Stuttgart-Zuffenhausen|Kornwestheim Pbf|Ludwigsburg,8001967,Favoritepark,Baden-Württemberg,Ludwigsburg,71634,9.180574277,48.90948451,5,2609101658.0,,2609101658.0,,,,,,,,,,,2.0,2.0
-3254435403021853572-2609101603-8,7447,2609101633.0,2609101634.0,2.0,,S,S4,Backnang|Burgstall(Murr)|Kirchberg(Murr)|Erdmannhausen|Marbach(Neckar)|Benningen(Neckar)|Freiberg(Neckar),8001967,Favoritepark,Baden-Württemberg,Ludwigsburg,71634,9.180574277,48.90948451,5,2609101646.0,,2609101647.0,,,,,,,,,,,13.0,13.0
-5445906738201891339-2609101603-11,7247,2609101627.0,2609101628.0,4.0,,S,S2,Schorndorf|Weiler(Rems)|Winterbach(b Schorndorf)|Geradstetten|Grunbach|Beutelsbach|Endersbach|Stetten-Beinstein|Rommelshausen|Waiblingen,8001974,Fellbach,Baden-Württemberg,Fellbach,70736,9.270645988,48.8202936,3,2609101630.0,,2609101631.0,,h,2.0,Bauarbeiten,,,,,,,3.0,3.0
6086544143608493018-2609101633-11,7249,2609101657.0,2609101658.0,4.0,,S,S2,Schorndorf|Weiler(Rems)|Winterbach(b Schorndorf)|Geradstetten|Grunbach|Beutelsbach|Endersbach|Stetten-Beinstein|Rommelshausen|Waiblingen,8001974,Fellbach,Baden-Württemberg,Fellbach,70736,9.270645988,48.8202936,3,2609101659.0,,2609101700.0,,h,2.0,Bauarbeiten,,,,,,,2.0,2.0
1014763779494518341-2609101550-5,7242,2609101601.0,2609101602.0,1.0,,S,S2,Stuttgart Hbf|Stuttgart-Bad Cannstatt|Stuttgart Nürnberger Str.|Stuttgart-Sommerrain,8001974,Fellbach,Baden-Württemberg,Fellbach,70736,9.270645988,48.8202936,3,2609101602.0,,2609101603.0,,h,2.0,Bauarbeiten,,,,,,,1.0,1.0
-2983041268716826074-2609101611-8,7347,2609101632.0,2609101633.0,4.0,,S,S3,Backnang|Maubach|Nellmersbach|Winnenden|Schwaikheim|Neustadt-Hohenacker|Waiblingen,8001974,Fellbach,Baden-Württemberg,Fellbach,70736,9.270645988,48.8202936,3,2609101633.0,,2609101634.0,,,,,,,,,,,1.0,1.0
60204090947316905-2609101620-5,7244,2609101631.0,2609101632.0,1.0,,S,S2,Stuttgart Hbf|Stuttgart-Bad Cannstatt|Stuttgart Nürnberger Str.|Stuttgart-Sommerrain,8001974,Fellbach,Baden-Württemberg,Fellbach,70736,9.270645988,48.8202936,3,2609101642.0,,2609101643.0,,h,2.0,Bauarbeiten,,,,,,,11.0,11.0
-6739253170809320051-2609101642-5,7346,2609101656.0,2609101657.0,1.0,,S,S3,Stuttgart Hbf|Stuttgart-Bad Cannstatt|Stuttgart Nürnberger Str.|Stuttgart-Sommerrain,8001974,Fellbach,Baden-Württemberg,Fellbach,70736,9.270645988,48.8202936,3,2609101656.0,,2609101657.0,,,,,,,,,,,0.0,0.0
-4004274244229684776-2609101612-5,7344,2609101626.0,2609101627.0,1.0,,S,S3,Stuttgart Hbf|Stuttgart-Bad Cannstatt|Stuttgart Nürnberger Str.|Stuttgart-Sommerrain,8001974,Fellbach,Baden-Württemberg,Fellbach,70736,9.270645988,48.8202936,3,2609101627.0,,2609101628.0,,,,,,,,,,,1.0,1.0
-3924626970669458370-2609101541-8,7345,2609101602.0,2609101603.0,4.0,,S,S3,Backnang|Maubach|Nellmersbach|Winnenden|Schwaikheim|Neustadt-Hohenacker|Waiblingen,8001974,Fellbach,Baden-Württemberg,Fellbach,70736,9.270645988,48.8202936,3,2609101604.0,,2609101606.0,,,,,,,,,,,2.0,3.0
1877783574861069288-2609101633-2,7946,2609101637.0,2609101638.0,2.0,,S,S2,Filderstadt,8005768,Stuttgart Flughafen/Messe,Baden-Württemberg,Leinfelden-Echterdingen,70629,9.193411574,48.69075193,4,2609101637.0,,2609101638.0,,,,,,,,,,,0.0,0.0
-7890265662573644504-2609101605-6,7945,2609101622.0,2609101623.0,1.0,,S,S2,Stuttgart-Vaihingen|Stuttgart-Rohr|Oberaichen|Leinfelden|Echterdingen,8005768,Stuttgart Flughafen/Messe,Baden-Württemberg,Leinfelden-Echterdingen,70629,9.193411574,48.69075193,4,2609101622.0,,2609101623.0,,,,,,,,,,,0.0,0.0
7145149212361785028-2609101603-2,7944,2609101607.0,2609101608.0,2.0,,S,S2,Filderstadt,8005768,Stuttgart Flughafen/Messe,Baden-Württemberg,Leinfelden-Echterdingen,70629,9.193411574,48.69075193,4,2609101607.0,,2609101608.0,,,,,,,,,,,0.0,0.0
378305189179015240-2609101635-6,7947,2609101652.0,2609101653.0,1.0,,S,S2,Stuttgart-Vaihingen|Stuttgart-Rohr|Oberaichen|Leinfelden|Echterdingen,8005768,Stuttgart Flughafen/Messe,Baden-Württemberg,Leinfelden-Echterdingen,70629,9.193411574,48.69075193,4,2609101652.0,,2609101653.0,,,,,,,,,,,0.0,0.0
-8547743709603473957-2609101533-7,7445,2609101600.0,2609101601.0,2.0,,S,S4,Backnang|Burgstall(Murr)|Kirchberg(Murr)|Erdmannhausen|Marbach(Neckar)|Benningen(Neckar),8002065,Freiberg (Neckar),Baden-Württemberg,Freiberg am Neckar,71691,9.197530085,48.92994974,5,2609101605.0,,2609101605.0,,,,,,,,,,,5.0,4.0
-7748732492772087501-2609101607-8,7442,2609101629.0,2609101629.0,3.0,,S,S4,Stuttgart Hbf|Stuttgart Nordbahnhof|Stuttgart-Feuerbach|Stuttgart-Zuffenhausen|Kornwestheim Pbf|Ludwigsburg|Favoritepark,8002065,Freiberg (Neckar),Baden-Württemberg,Freiberg am Neckar,71691,9.197530085,48.92994974,5,2609101630.0,,2609101631.0,,,,,,,,,,,1.0,2.0
6027149644914886165-2609101637-8,7444,2609101659.0,2609101659.0,3.0,,S,S4,Stuttgart Hbf|Stuttgart Nordbahnhof|Stuttgart-Feuerbach|Stuttgart-Zuffenhausen|Kornwestheim Pbf|Ludwigsburg|Favoritepark,8002065,Freiberg (Neckar),Baden-Württemberg,Freiberg am Neckar,71691,9.197530085,48.92994974,5,2609101701.0,,2609101702.0,,,,,,,,,,,2.0,3.0
-3254435403021853572-2609101603-7,7447,2609101630.0,2609101631.0,2.0,,S,S4,Backnang|Burgstall(Murr)|Kirchberg(Murr)|Erdmannhausen|Marbach(Neckar)|Benningen(Neckar),8002065,Freiberg (Neckar),Baden-Württemberg,Freiberg am Neckar,71691,9.197530085,48.92994974,5,2609101643.0,,2609101644.0,,,,,,,,,,,13.0,13.0
-700744146323234249-2609101616-3,7748,2609101622.0,2609101622.0,2.0,,S,S1,Herrenberg|Nufringen,8002165,Gärtringen,Baden-Württemberg,Gärtringen,71116,8.908864487,48.64080021,5,2609101622.0,,2609101622.0,,,,,,,,,,,0.0,0.0
6036503238720280244-2609101546-7,7743,2609101608.0,2609101608.0,1.0,,S,S1,Stuttgart-Vaihingen|Stuttgart-Rohr|Goldberg(Württ)|Böblingen|Hulb|Ehningen(b Böblingen),8002165,Gärtringen,Baden-Württemberg,Gärtringen,71116,8.908864487,48.64080021,5,2609101608.0,,2609101609.0,,,,,,,,,,,0.0,1.0
-7101481629715291400-2609101646-3,7750,2609101652.0,2609101652.0,2.0,,S,S1,Herrenberg|Nufringen,8002165,Gärtringen,Baden-Württemberg,Gärtringen,71116,8.908864487,48.64080021,5,2609101652.0,,2609101652.0,,,,,,,,,,,0.0,0.0
-3536192323965020429-2609101616-7,7745,2609101638.0,2609101638.0,1.0,,S,S1,Stuttgart-Vaihingen|Stuttgart-Rohr|Goldberg(Württ)|Böblingen|Hulb|Ehningen(b Böblingen),8002165,Gärtringen,Baden-Württemberg,Gärtringen,71116,8.908864487,48.64080021,5,2609101639.0,,2609101639.0,,,,,,,,,,,1.0,1.0
-5445906738201891339-2609101603-4,7247,2609101610.0,2609101611.0,1.0,,S,S2,Schorndorf|Weiler(Rems)|Winterbach(b Schorndorf),8002240,Geradstetten,Baden-Württemberg,Remshalden,73630,9.439522346,48.80527689,5,2609101611.0,,2609101612.0,,h,2.0,Bauarbeiten,,,,,,,1.0,1.0
6086544143608493018-2609101633-4,7249,2609101640.0,2609101641.0,1.0,,S,S2,Schorndorf|Weiler(Rems)|Winterbach(b Schorndorf),8002240,Geradstetten,Baden-Württemberg,Remshalden,73630,9.439522346,48.80527689,5,2609101643.0,,2609101644.0,,h,2.0,Bauarbeiten,,,,,,,3.0,3.0
1014763779494518341-2609101550-12,7242,2609101617.0,2609101617.0,2.0,,S,S2,Stuttgart Hbf|Stuttgart-Bad Cannstatt|Stuttgart Nürnberger Str.|Stuttgart-Sommerrain|Fellbach|Waiblingen|Rommelshausen|Stetten-Beinstein|Endersbach|Beutelsbach|Grunbach,8002240,Geradstetten,Baden-Württemberg,Remshalden,73630,9.439522346,48.80527689,5,2609101626.0,,2609101628.0,,h,2.0,Bauarbeiten,,,,,,,9.0,11.0
60204090947316905-2609101620-12,7244,2609101647.0,2609101647.0,2.0,,S,S2,Stuttgart Hbf|Stuttgart-Bad Cannstatt|Stuttgart Nürnberger Str.|Stuttgart-Sommerrain|Fellbach|Waiblingen|Rommelshausen|Stetten-Beinstein|Endersbach|Beutelsbach|Grunbach,8002240,Geradstetten,Baden-Württemberg,Remshalden,73630,9.439522346,48.80527689,5,2609101659.0,,2609101700.0,,h,2.0,Bauarbeiten,,,,,,,12.0,13.0
6295831457013207177-2609101646-3,7747,2609101658.0,2609101658.0,1.0,,S,S1,Stuttgart-Vaihingen|Stuttgart-Rohr,8005201,Goldberg,Baden-Württemberg,Böblingen,71032,9.019733387,48.69651581,5,2609101658.0,,2609101658.0,,,,,,,,,,,0.0,0.0
-700744146323234249-2609101616-7,7748,2609101632.0,2609101632.0,2.0,,S,S1,Herrenberg|Nufringen|Gärtringen|Ehningen(b Böblingen)|Hulb|Böblingen,8005201,Goldberg,Baden-Württemberg,Böblingen,71032,9.019733387,48.69651581,5,2609101632.0,,2609101633.0,,,,,,,,,,,0.0,1.0
4046308478119658372-2609101546-7,7746,2609101602.0,2609101602.0,2.0,,S,S1,Herrenberg|Nufringen|Gärtringen|Ehningen(b Böblingen)|Hulb|Böblingen,8005201,Goldberg,Baden-Württemberg,Böblingen,71032,9.019733387,48.69651581,5,2609101604.0,,2609101605.0,,,,,,,,,,,2.0,3.0
-3536192323965020429-2609101616-3,7745,2609101628.0,2609101628.0,1.0,,S,S1,Stuttgart-Vaihingen|Stuttgart-Rohr,8005201,Goldberg,Baden-Württemberg,Böblingen,71032,9.019733387,48.69651581,5,2609101628.0,,2609101629.0,,,,,,,,,,,0.0,1.0
-5445906738201891339-2609101603-5,7247,2609101612.0,2609101613.0,2.0,,S,S2,Schorndorf|Weiler(Rems)|Winterbach(b Schorndorf)|Geradstetten,8002448,Grunbach,Baden-Württemberg,Remshalden,73630,9.419580601,48.810414,4,2609101613.0,1,2609101616.0,1.0,h,2.0,Bauarbeiten,,,,,,,1.0,3.0
6086544143608493018-2609101633-5,7249,2609101642.0,2609101643.0,2.0,,S,S2,Schorndorf|Weiler(Rems)|Winterbach(b Schorndorf)|Geradstetten,8002448,Grunbach,Baden-Württemberg,Remshalden,73630,9.419580601,48.810414,4,2609101645.0,,2609101646.0,,h,2.0,Bauarbeiten,,,,,,,3.0,3.0
1014763779494518341-2609101550-11,7242,2609101615.0,2609101615.0,3.0,,S,S2,Stuttgart Hbf|Stuttgart-Bad Cannstatt|Stuttgart Nürnberger Str.|Stuttgart-Sommerrain|Fellbach|Waiblingen|Rommelshausen|Stetten-Beinstein|Endersbach|Beutelsbach,8002448,Grunbach,Baden-Württemberg,Remshalden,73630,9.419580601,48.810414,4,2609101621.0,1,2609101625.0,1.0,h,2.0,Bauarbeiten,,,,,,,6.0,10.0
60204090947316905-2609101620-11,7244,2609101645.0,2609101645.0,3.0,,S,S2,Stuttgart Hbf|Stuttgart-Bad Cannstatt|Stuttgart Nürnberger Str.|Stuttgart-Sommerrain|Fellbach|Waiblingen|Rommelshausen|Stetten-Beinstein|Endersbach|Beutelsbach,8002448,Grunbach,Baden-Württemberg,Remshalden,73630,9.419580601,48.810414,4,2609101657.0,,2609101657.0,,h,2.0,Bauarbeiten,,,,,,,12.0,12.0
9123239233010098794-2609101619-1,22816,,2609101619.0,,,RB,RB63,,8002785,Herrenberg,Baden-Württemberg,Herrenberg,71083,8.862625253,48.59395697,3,,,2609101619.0,,h,2.0,Bauarbeiten,,,,,,,0.0,0.0
3788749056755576771-2609101337-13,486,2609101611.0,2609101611.0,1.0,,IC,,Zürich HB|Schaffhausen|Singen(Hohentwiel)|Engen|Tuttlingen|Spaichingen|Rottweil|Oberndorf(Neckar)|Sulz(Neckar)|Horb|Bondorf(b Herrenberg)|Gäufelden,8002785,Herrenberg,Baden-Württemberg,Herrenberg,71083,8.862625253,48.59395697,3,2609101626.0,,2609101627.0,,h,2.0,Information,,,,,,,15.0,16.0
-8351377194669505707-2609101612-4,17653,2609101648.0,2609101648.0,4.0,,RE,RE14b,Stuttgart Hbf|Stuttgart-Vaihingen|Böblingen,8002785,Herrenberg,Baden-Württemberg,Herrenberg,71083,8.862625253,48.59395697,3,2609101651.0,,2609101653.0,,,,,,,,,,,3.0,5.0
2623969724242618233-2609101612-4,17655,2609101648.0,2609101648.0,4.0,,RE,RE14a,Stuttgart Hbf|Stuttgart-Vaihingen|Böblingen,8002785,Herrenberg,Baden-Württemberg,Herrenberg,71083,8.862625253,48.59395697,3,2609101651.0,,2609101653.0,,h,1.0,Störung,,,,,,,3.0,5.0
-4971194463444983518-2609101641-5,17660,2609101656.0,2609101656.0,1.0,,RE,RE14a,Eutingen im Gäu|Ergenzingen|Bondorf(b Herrenberg)|Gäufelden,8002785,Herrenberg,Baden-Württemberg,Herrenberg,71083,8.862625253,48.59395697,3,2609101656.0,,2609101656.0,,,,,,,,,,,0.0,0.0
-700744146323234249-2609101616-1,7748,,2609101616.0,,,S,S1,,8002785,Herrenberg,Baden-Württemberg,Herrenberg,71083,8.862625253,48.59395697,3,,,2609101616.0,,,,,,,,,,,0.0,0.0
-3098895725265062817-2609101610-2,17651,2609101619.0,2609101622.0,4.0,,RB,RB14a,Böblingen,8002785,Herrenberg,Baden-Württemberg,Herrenberg,71083,8.862625253,48.59395697,3,2609101620.0,,2609101623.0,,,,,,,,,,,1.0,1.0
6036503238720280244-2609101546-9,7743,2609101615.0,,3.0,,S,,Stuttgart-Vaihingen|Stuttgart-Rohr|Goldberg(Württ)|Böblingen|Hulb|Ehningen(b Böblingen)|Gärtringen|Nufringen,8002785,Herrenberg,Baden-Württemberg,Herrenberg,71083,8.862625253,48.59395697,3,2609101615.0,,,,,,,,,,,,,0.0,0.0
-6747797313256785096-2609101611-10,22821,2609101641.0,,102.0,,RB,,Tübingen Hbf|Tübingen West|Unterjesingen Sandäcker|Unterjesingen Mitte|Pfäffingen|Entringen|Altingen(Württ)|Gültstein|Herrenberg Zwerchweg,8002785,Herrenberg,Baden-Württemberg,Herrenberg,71083,8.862625253,48.59395697,3,2609101641.0,,,,h,2.0,Bauarbeiten,,,,,,,0.0,0.0
-7101481629715291400-2609101646-1,7750,,2609101646.0,,,S,S1,,8002785,Herrenberg,Baden-Württemberg,Herrenberg,71083,8.862625253,48.59395697,3,,,2609101646.0,,,,,,,,,,,0.0,0.0
-3536192323965020429-2609101616-9,7745,2609101645.0,,3.0,,S,,Stuttgart-Vaihingen|Stuttgart-Rohr|Goldberg(Württ)|Böblingen|Hulb|Ehningen(b Böblingen)|Gärtringen|Nufringen,8002785,Herrenberg,Baden-Württemberg,Herrenberg,71083,8.862625253,48.59395697,3,2609101646.0,,,,,,,,,,,,,1.0,0.0
-2123758180190697780-2609101435-11,50486,2609101611.0,2609101611.0,1.0,,RE,IC87,Singen(Hohentwiel)|Engen|Tuttlingen|Spaichingen|Rottweil|Oberndorf(Neckar)|Sulz(Neckar)|Horb|Bondorf(b Herrenberg)|Gäufelden,8002785,Herrenberg,Baden-Württemberg,Herrenberg,71083,8.862625253,48.59395697,3,2609101626.0,,2609101627.0,,h,2.0,Information,,,,,,,15.0,16.0
1686074082172148857-2609101649-1,22822,,2609101649.0,,,RB,RB63,,8002785,Herrenberg,Baden-Württemberg,Herrenberg,71083,8.862625253,48.59395697,3,,,2609101649.0,,h,2.0,Bauarbeiten,,,,,,,0.0,0.0
-5010270753819630786-2609101541-10,22815,2609101611.0,,102.0,,RB,,Tübingen Hbf|Tübingen West|Unterjesingen Sandäcker|Unterjesingen Mitte|Pfäffingen|Entringen|Altingen(Württ)|Gültstein|Herrenberg Zwerchweg,8002785,Herrenberg,Baden-Württemberg,Herrenberg,71083,8.862625253,48.59395697,3,2609101611.0,,,,h,2.0,Bauarbeiten,,,,,,,0.0,0.0
-700744146323234249-2609101616-5,7748,2609101628.0,2609101628.0,2.0,,S,S1,Herrenberg|Nufringen|Gärtringen|Ehningen(b Böblingen),8003022,Hulb,Baden-Württemberg,Böblingen-Hulb,71032,8.982396429,48.67924173,5,2609101628.0,,2609101628.0,,,,,,,,,,,0.0,0.0
6036503238720280244-2609101546-5,7743,2609101602.0,2609101602.0,1.0,,S,S1,Stuttgart-Vaihingen|Stuttgart-Rohr|Goldberg(Württ)|Böblingen,8003022,Hulb,Baden-Württemberg,Böblingen-Hulb,71032,8.982396429,48.67924173,5,2609101602.0,,2609101603.0,,,,,,,,,,,0.0,1.0
-7101481629715291400-2609101646-5,7750,2609101658.0,2609101658.0,2.0,,S,S1,Herrenberg|Nufringen|Gärtringen|Ehningen(b Böblingen),8003022,Hulb,Baden-Württemberg,Böblingen-Hulb,71032,8.982396429,48.67924173,5,2609101658.0,,2609101658.0,,,,,,,,,,,0.0,0.0
-3536192323965020429-2609101616-5,7745,2609101632.0,2609101632.0,1.0,,S,S1,Stuttgart-Vaihingen|Stuttgart-Rohr|Goldberg(Württ)|Böblingen,8003022,Hulb,Baden-Württemberg,Böblingen-Hulb,71032,8.982396429,48.67924173,5,2609101633.0,,2609101633.0,,,,,,,,,,,1.0,1.0
1877783574861069288-2609101633-1,7946,,2609101633.0,,,S,S2,,8001984,Filderstadt,Baden-Württemberg,Filderstadt,70794,9.217581315,48.67649151,5,,,2609101633.0,,,,,,,,,,,0.0,0.0
-7890265662573644504-2609101605-7,7945,2609101627.0,,1.0,,S,,Stuttgart-Vaihingen|Stuttgart-Rohr|Oberaichen|Leinfelden|Echterdingen|Stuttgart Flughafen/Messe,8001984,Filderstadt,Baden-Württemberg,Filderstadt,70794,9.217581315,48.67649151,5,2609101627.0,,,,,,,,,,,,,0.0,0.0
7145149212361785028-2609101603-1,7944,,2609101603.0,,,S,S2,,8001984,Filderstadt,Baden-Württemberg,Filderstadt,70794,9.217581315,48.67649151,5,,,2609101603.0,,,,,,,,,,,0.0,0.0
378305189179015240-2609101635-7,7947,2609101657.0,,1.0,,S,,Stuttgart-Vaihingen|Stuttgart-Rohr|Oberaichen|Leinfelden|Echterdingen|Stuttgart Flughafen/Messe,8001984,Filderstadt,Baden-Württemberg,Filderstadt,70794,9.217581315,48.67649151,5,2609101657.0,,,,,,,,,,,,,0.0,0.0
-6941686648187494295-2609101633-3,7449,2609101642.0,2609101645.0,1.0,,S,S4,Backnang|Burgstall(Murr),8003266,Kirchberg (Murr),Baden-Württemberg,Kirchberg an der Murr,71737,9.328210283,48.93928182,6,2609101642.0,,2609101654.0,,,,,,,,,,,0.0,9.0
-2365839264405796350-2609101537-12,7440,2609101613.0,2609101613.0,2.0,,S,S4,Stuttgart Hbf|Stuttgart Nordbahnhof|Stuttgart-Feuerbach|Stuttgart-Zuffenhausen|Kornwestheim Pbf|Ludwigsburg|Favoritepark|Freiberg(Neckar)|Benningen(Neckar)|Marbach(Neckar)|Erdmannhausen,8003266,Kirchberg (Murr),Baden-Württemberg,Kirchberg an der Murr,71737,9.328210283,48.93928182,6,2609101618.0,,2609101618.0,,,,,,,,,,,5.0,5.0
-7748732492772087501-2609101607-12,7442,2609101643.0,2609101643.0,2.0,,S,S4,Stuttgart Hbf|Stuttgart Nordbahnhof|Stuttgart-Feuerbach|Stuttgart-Zuffenhausen|Kornwestheim Pbf|Ludwigsburg|Favoritepark|Freiberg(Neckar)|Benningen(Neckar)|Marbach(Neckar)|Erdmannhausen,8003266,Kirchberg (Murr),Baden-Württemberg,Kirchberg an der Murr,71737,9.328210283,48.93928182,6,2609101653.0,,2609101654.0,,,,,,,,,,,10.0,11.0
-3254435403021853572-2609101603-3,7447,2609101612.0,2609101615.0,1.0,,S,S4,Backnang|Burgstall(Murr),8003266,Kirchberg (Murr),Baden-Württemberg,Kirchberg an der Murr,71737,9.328210283,48.93928182,6,2609101612.0,,2609101619.0,,,,,,,,,,,0.0,4.0
-6176428807824195191-2609101525-15,7142,2609101609.0,,2.0,,S,,Stuttgart Hbf|Stuttgart-Bad Cannstatt|Stuttgart Neckarpark|Stuttgart-Untertürkheim|Stuttgart-Obertürkheim|Esslingen-Mettingen|Esslingen(Neckar)|Oberesslingen|Esslingen-Zell|Altbach|Plochingen|Wernau(Neckar)|Wendlingen(Neckar)|Kirchheim(Teck)-Ötlingen,8003280,Kirchheim (Teck),Baden-Württemberg,Kirchheim unter Teck,73230,9.443872422,48.64415981,4,2609101609.0,,,,,,,,,,,,,0.0,0.0
713199971080468435-2609101650-1,7151,,2609101650.0,,,S,S1,,8003280,Kirchheim (Teck),Baden-Württemberg,Kirchheim unter Teck,73230,9.443872422,48.64415981,4,,,2609101729.0,,,,,,,,Kirchheim(Teck)-Ötlingen|Wendlingen(Neckar)|Wernau(Neckar)|Plochingen|Altbach|Esslingen-Zell|Oberesslingen|Esslingen(Neckar)|Esslingen-Mettingen|Stuttgart-Obertürkheim|Stuttgart-Untertürkheim|Stuttgart Neckarpark|Stuttgart-Bad Cannstatt|Stuttgart Hbf,,c,0.0,39.0
-3318893360509076190-2609101554-7,37972,2609101612.0,,1.0,,RB,,Oberlenningen|Unterlenningen|Brucken|Owen(Teck)|Dettingen(Teck)|Kirchheim(Teck)Süd,8003280,Kirchheim (Teck),Baden-Württemberg,Kirchheim unter Teck,73230,9.443872422,48.64415981,4,2609101612.0,,,,,,,,,,,,,0.0,0.0
2843277745933048156-2609101617-1,37973,,2609101617.0,,,RB,RB64,,8003280,Kirchheim (Teck),Baden-Württemberg,Kirchheim unter Teck,73230,9.443872422,48.64415981,4,,,2609101617.0,,,,,,,,,,,0.0,0.0
6037772526634891708-2609101555-15,7144,2609101639.0,,2.0,,S,,Stuttgart Hbf|Stuttgart-Bad Cannstatt|Stuttgart Neckarpark|Stuttgart-Untertürkheim|Stuttgart-Obertürkheim|Esslingen-Mettingen|Esslingen(Neckar)|Oberesslingen|Esslingen-Zell|Altbach|Plochingen|Wernau(Neckar)|Wendlingen(Neckar)|Kirchheim(Teck)-Ötlingen,8003280,Kirchheim (Teck),Baden-Württemberg,Kirchheim unter Teck,73230,9.443872422,48.64415981,4,2609101725.0,,,,,,,,,Stuttgart Hbf|Stuttgart-Bad Cannstatt|Stuttgart Neckarpark|Stuttgart-Untertürkheim|Stuttgart-Obertürkheim|Esslingen-Mettingen|Esslingen(Neckar)|Oberesslingen|Esslingen-Zell|Altbach|Plochingen|Wernau(Neckar)|Wendlingen(Neckar)|Kirchheim(Teck)-Ötlingen,,c,,46.0,0.0
-7851813684664054699-2609101620-1,7149,,2609101620.0,,,S,S1,,8003280,Kirchheim (Teck),Baden-Württemberg,Kirchheim unter Teck,73230,9.443872422,48.64415981,4,,,2609101620.0,,,,,,,,,,,0.0,0.0
-6176428807824195191-2609101525-14,7142,2609101606.0,2609101607.0,1.0,,S,S1,Stuttgart Hbf|Stuttgart-Bad Cannstatt|Stuttgart Neckarpark|Stuttgart-Untertürkheim|Stuttgart-Obertürkheim|Esslingen-Mettingen|Esslingen(Neckar)|Oberesslingen|Esslingen-Zell|Altbach|Plochingen|Wernau(Neckar)|Wendlingen(Neckar),8003282,Kirchheim (Teck)-Ötlingen,Baden-Württemberg,Kirchheim unter Teck,73230,9.416261302,48.65782388,5,2609101607.0,,2609101608.0,,,,,,,,,,,1.0,1.0
713199971080468435-2609101650-2,7151,2609101653.0,2609101653.0,1.0,,S,S1,Kirchheim(Teck),8003282,Kirchheim (Teck)-Ötlingen,Baden-Württemberg,Kirchheim unter Teck,73230,9.416261302,48.65782388,5,2609101731.0,,2609101731.0,,,,,,,Kirchheim(Teck),Wendlingen(Neckar)|Wernau(Neckar)|Plochingen|Altbach|Esslingen-Zell|Oberesslingen|Esslingen(Neckar)|Esslingen-Mettingen|Stuttgart-Obertürkheim|Stuttgart-Untertürkheim|Stuttgart Neckarpark|Stuttgart-Bad Cannstatt|Stuttgart Hbf,c,c,38.0,38.0
6037772526634891708-2609101555-14,7144,2609101636.0,2609101637.0,1.0,,S,S1,Stuttgart Hbf|Stuttgart-Bad Cannstatt|Stuttgart Neckarpark|Stuttgart-Untertürkheim|Stuttgart-Obertürkheim|Esslingen-Mettingen|Esslingen(Neckar)|Oberesslingen|Esslingen-Zell|Altbach|Plochingen|Wernau(Neckar)|Wendlingen(Neckar),8003282,Kirchheim (Teck)-Ötlingen,Baden-Württemberg,Kirchheim unter Teck,73230,9.416261302,48.65782388,5,2609101722.0,,2609101722.0,,,,,,,Stuttgart Hbf|Stuttgart-Bad Cannstatt|Stuttgart Neckarpark|Stuttgart-Untertürkheim|Stuttgart-Obertürkheim|Esslingen-Mettingen|Esslingen(Neckar)|Oberesslingen|Esslingen-Zell|Altbach|Plochingen|Wernau(Neckar)|Wendlingen(Neckar),Kirchheim(Teck),c,c,46.0,45.0
-7851813684664054699-2609101620-2,7149,2609101623.0,2609101623.0,1.0,,S,S1,Kirchheim(Teck),8003282,Kirchheim (Teck)-Ötlingen,Baden-Württemberg,Kirchheim unter Teck,73230,9.416261302,48.65782388,5,2609101623.0,,2609101623.0,,,,,,,,,,,0.0,0.0
-434662733066569795-2609101547-6,7642,2609101601.0,2609101601.0,1.0,,S,S6,Stuttgart Hbf|Stuttgart Nordbahnhof|Stuttgart-Feuerbach|Stuttgart-Zuffenhausen|Neuwirtshaus(Porscheplatz),8003409,Korntal,Baden-Württemberg,Korntal,70825,9.121099128,48.82640246,4,2609101601.0,,2609101602.0,,h,1.0,Bauarbeiten,,,,,,,0.0,1.0
-4338777374283451398-2609101624-3,7647,2609101628.0,2609101629.0,3.0,,S,S6,Ditzingen|Weilimdorf,8003409,Korntal,Baden-Württemberg,Korntal,70825,9.121099128,48.82640246,4,2609101628.0,,2609101629.0,,h,1.0,Bauarbeiten,,,,,,,0.0,0.0
-5340157616503979662-2609101601-7,1193,2609101624.0,,7.0,,WEG,,Heimerdingen|Hemmingen|Schwieberdingen|Münchingen|Münchingen Rührberg|Korntal Gymnasium,8003409,Korntal,Baden-Württemberg,Korntal,70825,9.121099128,48.82640246,4,2609101624.0,,,,,,,,,,,,,0.0,0.0
924644417488732877-2609101617-6,7644,2609101631.0,2609101631.0,1.0,,S,S6,Stuttgart Hbf|Stuttgart Nordbahnhof|Stuttgart-Feuerbach|Stuttgart-Zuffenhausen|Neuwirtshaus(Porscheplatz),8003409,Korntal,Baden-Württemberg,Korntal,70825,9.121099128,48.82640246,4,2609101631.0,,2609101632.0,,h,1.0,Bauarbeiten,,,,,,,0.0,1.0
-7009205134762395417-2609101605-1,1192,,2609101605.0,,,WEG,RB47,,8003409,Korntal,Baden-Württemberg,Korntal,70825,9.121099128,48.82640246,4,,,2609101605.0,,,,,,,,,,,0.0,0.0
4487797687304659892-2609101631-7,1199,2609101654.0,,7.0,,WEG,,Heimerdingen|Hemmingen|Schwieberdingen|Münchingen|Münchingen Rührberg|Korntal Gymnasium,8003409,Korntal,Baden-Württemberg,Korntal,70825,9.121099128,48.82640246,4,2609101655.0,,,,,,,,,,,,,1.0,0.0
-7551061035899038142-2609101635-1,1198,,2609101635.0,,,WEG,RB47,,8003409,Korntal,Baden-Württemberg,Korntal,70825,9.121099128,48.82640246,4,,,2609101635.0,,,,,,,,,,,0.0,0.0
1198023220969529413-2609101654-3,7649,2609101658.0,2609101659.0,3.0,,S,S6,Ditzingen|Weilimdorf,8003409,Korntal,Baden-Württemberg,Korntal,70825,9.121099128,48.82640246,4,2609101659.0,,2609101659.0,,h,1.0,Bauarbeiten,,,,,,,1.0,0.0
-4975755029774575573-2609101530-9,19325,2609101613.0,2609101620.0,7.0,,RE,MEX18,Heilbronn Hbf|Nordheim(Württ)|Lauffen(Neckar)|Kirchheim(Neckar)|Walheim(Württ)|Besigheim|Bietigheim-Bissingen|Ludwigsburg,8003411,Kornwestheim Pbf,Baden-Württemberg,Kornwestheim,70806,9.179967278,48.86215948,3,2609101613.0,,2609101620.0,,h,2.0,Störung,,,,,,,0.0,0.0
-8547743709603473957-2609101533-10,7445,2609101610.0,2609101610.0,3.0,,S,S4,Backnang|Burgstall(Murr)|Kirchberg(Murr)|Erdmannhausen|Marbach(Neckar)|Benningen(Neckar)|Freiberg(Neckar)|Favoritepark|Ludwigsburg,8003411,Kornwestheim Pbf,Baden-Württemberg,Kornwestheim,70806,9.179967278,48.86215948,3,2609101614.0,,2609101615.0,,,,,,,,,,,4.0,5.0
-7279787958661967658-2609101543-7,19326,2609101642.0,2609101649.0,6.0,,RE,MEX18,Reutlingen Hbf|Metzingen(Württ)|Nürtingen|Wendlingen(Neckar)|Plochingen|Esslingen(Neckar),8003411,Kornwestheim Pbf,Baden-Württemberg,Kornwestheim,70806,9.179967278,48.86215948,3,2609101642.0,,2609101651.0,,h,2.0,Störung,,,,,,,0.0,2.0
-4827015275996172889-2609101637-5,7549,2609101649.0,2609101650.0,3.0,,S,S5,Bietigheim-Bissingen|Tamm(Württ)|Asperg|Ludwigsburg,8003411,Kornwestheim Pbf,Baden-Württemberg,Kornwestheim,70806,9.179967278,48.86215948,3,2609101651.0,,2609101652.0,,,,,,,,,,,2.0,2.0
-4628505577045451249-2609101557-5,7544,2609101610.0,2609101610.0,4.0,,S,S5,Stuttgart Hbf|Stuttgart Nordbahnhof|Stuttgart-Feuerbach|Stuttgart-Zuffenhausen,8003411,Kornwestheim Pbf,Baden-Württemberg,Kornwestheim,70806,9.179967278,48.86215948,3,2609101610.0,,2609101610.0,,,,,,,,,,,0.0,0.0
-7748732492772087501-2609101607-5,7442,2609101620.0,2609101620.0,4.0,,S,S4,Stuttgart Hbf|Stuttgart Nordbahnhof|Stuttgart-Feuerbach|Stuttgart-Zuffenhausen,8003411,Kornwestheim Pbf,Baden-Württemberg,Kornwestheim,70806,9.179967278,48.86215948,3,2609101620.0,,2609101621.0,,,,,,,,,,,0.0,1.0
6027149644914886165-2609101637-5,7444,2609101650.0,2609101650.0,4.0,,S,S4,Stuttgart Hbf|Stuttgart Nordbahnhof|Stuttgart-Feuerbach|Stuttgart-Zuffenhausen,8003411,Kornwestheim Pbf,Baden-Württemberg,Kornwestheim,70806,9.179967278,48.86215948,3,2609101651.0,,2609101652.0,,,,,,,,,,,1.0,2.0
-2709738596287664472-2609101516-9,19324,2609101609.0,2609101628.0,6.0,,RE,MEX18,Reutlingen Hbf|Metzingen(Württ)|Bempflingen|Nürtingen|Oberboihingen|Wendlingen(Neckar)|Plochingen|Esslingen(Neckar),8003411,Kornwestheim Pbf,Baden-Württemberg,Kornwestheim,70806,9.179967278,48.86215948,3,2609101609.0,,2609101628.0,,h,2.0,Störung,,,,,,,0.0,0.0
-3254435403021853572-2609101603-10,7447,2609101640.0,2609101640.0,3.0,,S,S4,Backnang|Burgstall(Murr)|Kirchberg(Murr)|Erdmannhausen|Marbach(Neckar)|Benningen(Neckar)|Freiberg(Neckar)|Favoritepark|Ludwigsburg,8003411,Kornwestheim Pbf,Baden-Württemberg,Kornwestheim,70806,9.179967278,48.86215948,3,2609101654.0,,2609101656.0,,,,,,,,,,,14.0,16.0
4626892396658662892-2609101627-5,7546,2609101640.0,2609101640.0,4.0,,S,S5,Stuttgart Hbf|Stuttgart Nordbahnhof|Stuttgart-Feuerbach|Stuttgart-Zuffenhausen,8003411,Kornwestheim Pbf,Baden-Württemberg,Kornwestheim,70806,9.179967278,48.86215948,3,2609101642.0,,2609101643.0,,,,,,,,,,,2.0,3.0
3550462619255367417-2609101607-5,7547,2609101619.0,2609101620.0,3.0,,S,S5,Bietigheim-Bissingen|Tamm(Württ)|Asperg|Ludwigsburg,8003411,Kornwestheim Pbf,Baden-Württemberg,Kornwestheim,70806,9.179967278,48.86215948,3,2609101621.0,,2609101621.0,,,,,,,,,,,2.0,1.0
1877783574861069288-2609101633-4,7946,2609101642.0,2609101643.0,2.0,,S,S2,Filderstadt|Stuttgart Flughafen/Messe|Echterdingen,8003622,Leinfelden,Baden-Württemberg,Leinfelden-Echterdingen,70771,9.142859698,48.6964193,4,2609101642.0,,2609101643.0,,,,,,,,,,,0.0,0.0
-7890265662573644504-2609101605-4,7945,2609101616.0,2609101617.0,1.0,,S,S2,Stuttgart-Vaihingen|Stuttgart-Rohr|Oberaichen,8003622,Leinfelden,Baden-Württemberg,Leinfelden-Echterdingen,70771,9.142859698,48.6964193,4,2609101616.0,,2609101617.0,,,,,,,,,,,0.0,0.0
7145149212361785028-2609101603-4,7944,2609101612.0,2609101613.0,2.0,,S,S2,Filderstadt|Stuttgart Flughafen/Messe|Echterdingen,8003622,Leinfelden,Baden-Württemberg,Leinfelden-Echterdingen,70771,9.142859698,48.6964193,4,2609101612.0,,2609101613.0,,,,,,,,,,,0.0,0.0
378305189179015240-2609101635-4,7947,2609101646.0,2609101647.0,1.0,,S,S2,Stuttgart-Vaihingen|Stuttgart-Rohr|Oberaichen,8003622,Leinfelden,Baden-Württemberg,Leinfelden-Echterdingen,70771,9.142859698,48.6964193,4,2609101646.0,,2609101647.0,,,,,,,,,,,0.0,0.0
-4320397447687881024-2609101604-9,7045,2609101632.0,,1.0,,S,,Böblingen|Sindelfingen|Maichingen|Maichingen Nord|Magstadt|Renningen Süd|Renningen|Rutesheim,8003652,Leonberg,Baden-Württemberg,Leonberg,71229,9.004025993,48.79970547,3,2609101634.0,3,,,h,1.0,Bauarbeiten,,,,,,,2.0,0.0
-404926500116907861-2609101633-5,55917,2609101647.0,,1.0,,S,,Weil der Stadt|Malmsheim|Renningen|Rutesheim,8003652,Leonberg,Baden-Württemberg,Leonberg,71229,9.004025993,48.79970547,3,2609101648.0,3,,,,,,,,,,,,1.0,0.0
3086561051947891575-2609101613-1,55912,,2609101613.0,,,S,S6,,8003652,Leonberg,Baden-Württemberg,Leonberg,71229,9.004025993,48.79970547,3,,,2609101613.0,3.0,,,,,,,,,,0.0,0.0
8995569142277101891-2609101658-1,7050,,2609101658.0,,,S,S60,,8003652,Leonberg,Baden-Württemberg,Leonberg,71229,9.004025993,48.79970547,3,,,2609101658.0,3.0,h,1.0,Bauarbeiten,,,,,,,0.0,0.0
-6317899099651385370-2609101534-9,7043,2609101602.0,,1.0,,S,,Böblingen|Sindelfingen|Maichingen|Maichingen Nord|Magstadt|Renningen Süd|Renningen|Rutesheim,8003652,Leonberg,Baden-Württemberg,Leonberg,71229,9.004025993,48.79970547,3,2609101605.0,3,,,h,1.0,Bauarbeiten,,,,,,,3.0,0.0
8703880209101451175-2609101603-5,55915,2609101617.0,,1.0,,S,,Weil der Stadt|Malmsheim|Renningen|Rutesheim,8003652,Leonberg,Baden-Württemberg,Leonberg,71229,9.004025993,48.79970547,3,2609101618.0,3,,,,,,,,,,,,1.0,0.0
4966848351603546649-2609101643-1,55914,,2609101643.0,,,S,S6,,8003652,Leonberg,Baden-Württemberg,Leonberg,71229,9.004025993,48.79970547,3,,,2609101643.0,3.0,,,,,,,,,,0.0,0.0
6947397441507024354-2609101628-1,7048,,2609101628.0,,,S,S60,,8003652,Leonberg,Baden-Württemberg,Leonberg,71229,9.004025993,48.79970547,3,,,2609101628.0,3.0,h,1.0,Bauarbeiten,,,,,,,0.0,0.0
-4975755029774575573-2609101530-8,19325,2609101604.0,2609101607.0,4.0,,RE,MEX18,Heilbronn Hbf|Nordheim(Württ)|Lauffen(Neckar)|Kirchheim(Neckar)|Walheim(Württ)|Besigheim|Bietigheim-Bissingen,8000235,Ludwigsburg,Baden-Württemberg,Ludwigsburg,71638,9.185229823,48.89208622,3,2609101606.0,,2609101608.0,,h,2.0,Störung,,,,,,,2.0,1.0
-8547743709603473957-2609101533-9,7445,2609101606.0,2609101607.0,3.0,,S,S4,Backnang|Burgstall(Murr)|Kirchberg(Murr)|Erdmannhausen|Marbach(Neckar)|Benningen(Neckar)|Freiberg(Neckar)|Favoritepark,8000235,Ludwigsburg,Baden-Württemberg,Ludwigsburg,71638,9.185229823,48.89208622,3,2609101610.0,,2609101611.0,,,,,,,,,,,4.0,4.0
-7279787958661967658-2609101543-8,19326,2609101652.0,2609101653.0,1.0,,RE,MEX18,Reutlingen Hbf|Metzingen(Württ)|Nürtingen|Wendlingen(Neckar)|Plochingen|Esslingen(Neckar)|Kornwestheim Pbf,8000235,Ludwigsburg,Baden-Württemberg,Ludwigsburg,71638,9.185229823,48.89208622,3,2609101654.0,,2609101655.0,,h,2.0,Störung,,,,,,,2.0,2.0
-8726739109013782304-2609101557-8,19231,2609101631.0,2609101632.0,4.0,,RE,MEX12,Heilbronn Hbf|Nordheim(Württ)|Lauffen(Neckar)|Kirchheim(Neckar)|Walheim(Württ)|Besigheim|Bietigheim-Bissingen,8000235,Ludwigsburg,Baden-Württemberg,Ludwigsburg,71638,9.185229823,48.89208622,3,2609101635.0,3,2609101637.0,3.0,h,2.0,Störung,,,,,,,4.0,5.0
-4827015275996172889-2609101637-4,7549,2609101646.0,2609101646.0,3.0,,S,S5,Bietigheim-Bissingen|Tamm(Württ)|Asperg,8000235,Ludwigsburg,Baden-Württemberg,Ludwigsburg,71638,9.185229823,48.89208622,3,2609101646.0,,2609101648.0,,,,,,,,,,,0.0,2.0
-4628505577045451249-2609101557-6,7544,2609101613.0,2609101614.0,2.0,,S,S5,Stuttgart Hbf|Stuttgart Nordbahnhof|Stuttgart-Feuerbach|Stuttgart-Zuffenhausen|Kornwestheim Pbf,8000235,Ludwigsburg,Baden-Württemberg,Ludwigsburg,71638,9.185229823,48.89208622,3,2609101613.0,,2609101614.0,,,,,,,,,,,0.0,0.0
-1888540291863304489-2609101606-4,63555,2609101651.0,,,,ARV,,Neckarsulm|Heilbronn Hbf|Bietigheim-Bissingen,8000235,Ludwigsburg,Baden-Württemberg,Ludwigsburg,71638,9.185229823,48.89208622,3,2609101652.0,5,,,,,,,,,,,,1.0,0.0
-7748732492772087501-2609101607-6,7442,2609101623.0,2609101624.0,2.0,,S,S4,Stuttgart Hbf|Stuttgart Nordbahnhof|Stuttgart-Feuerbach|Stuttgart-Zuffenhausen|Kornwestheim Pbf,8000235,Ludwigsburg,Baden-Württemberg,Ludwigsburg,71638,9.185229823,48.89208622,3,2609101624.0,,2609101625.0,,,,,,,,,,,1.0,1.0
6027149644914886165-2609101637-6,7444,2609101653.0,2609101654.0,2.0,,S,S4,Stuttgart Hbf|Stuttgart Nordbahnhof|Stuttgart-Feuerbach|Stuttgart-Zuffenhausen|Kornwestheim Pbf,8000235,Ludwigsburg,Baden-Württemberg,Ludwigsburg,71638,9.185229823,48.89208622,3,2609101655.0,,2609101656.0,,,,,,,,,,,2.0,2.0
-2709738596287664472-2609101516-10,19324,2609101631.0,2609101632.0,1.0,,RE,MEX18,Reutlingen Hbf|Metzingen(Württ)|Bempflingen|Nürtingen|Oberboihingen|Wendlingen(Neckar)|Plochingen|Esslingen(Neckar)|Kornwestheim Pbf,8000235,Ludwigsburg,Baden-Württemberg,Ludwigsburg,71638,9.185229823,48.89208622,3,2609101631.0,,2609101633.0,,h,2.0,Störung,,,,,,,0.0,1.0
-3254435403021853572-2609101603-9,7447,2609101636.0,2609101637.0,3.0,,S,S4,Backnang|Burgstall(Murr)|Kirchberg(Murr)|Erdmannhausen|Marbach(Neckar)|Benningen(Neckar)|Freiberg(Neckar)|Favoritepark,8000235,Ludwigsburg,Baden-Württemberg,Ludwigsburg,71638,9.185229823,48.89208622,3,2609101649.0,4,2609101651.0,4.0,,,,,,,,,,13.0,14.0
4626892396658662892-2609101627-6,7546,2609101643.0,2609101644.0,2.0,,S,S5,Stuttgart Hbf|Stuttgart Nordbahnhof|Stuttgart-Feuerbach|Stuttgart-Zuffenhausen|Kornwestheim Pbf,8000235,Ludwigsburg,Baden-Württemberg,Ludwigsburg,71638,9.185229823,48.89208622,3,2609101646.0,,2609101647.0,,,,,,,,,,,3.0,3.0
3550462619255367417-2609101607-4,7547,2609101616.0,2609101616.0,3.0,,S,S5,Bietigheim-Bissingen|Tamm(Württ)|Asperg,8000235,Ludwigsburg,Baden-Württemberg,Ludwigsburg,71638,9.185229823,48.89208622,3,2609101617.0,,2609101618.0,,,,,,,,,,,1.0,2.0
-404926500116907861-2609101633-2,55917,2609101635.0,2609101635.0,2.0,,S,S6,Weil der Stadt,8003831,Malmsheim,Baden-Württemberg,Renningen,71272,8.905105557,48.77183564,5,2609101637.0,,2609101637.0,,,,,,,,,,,2.0,2.0
3086561051947891575-2609101613-4,55912,2609101624.0,2609101624.0,1.0,,S,S6,Leonberg|Rutesheim|Renningen,8003831,Malmsheim,Baden-Württemberg,Renningen,71272,8.905105557,48.77183564,5,2609101624.0,,2609101625.0,,,,,,,,,,,0.0,1.0
8703880209101451175-2609101603-2,55915,2609101605.0,2609101605.0,2.0,,S,S6,Weil der Stadt,8003831,Malmsheim,Baden-Württemberg,Renningen,71272,8.905105557,48.77183564,5,2609101607.0,,2609101607.0,,,,,,,,,,,2.0,2.0
4966848351603546649-2609101643-4,55914,2609101654.0,2609101654.0,1.0,,S,S6,Leonberg|Rutesheim|Renningen,8003831,Malmsheim,Baden-Württemberg,Renningen,71272,8.905105557,48.77183564,5,2609101654.0,,2609101654.0,,,,,,,,,,,0.0,0.0
-6941686648187494295-2609101633-5,7449,2609101651.0,2609101655.0,,,S,S4,Backnang|Burgstall(Murr)|Kirchberg(Murr)|Erdmannhausen,8003853,Marbach (Neckar),Baden-Württemberg,Marbach am Neckar,71672,9.264611825,48.9437708,3,2609101700.0,2,2609101705.0,2.0,,,,,,,,,,9.0,10.0
-2365839264405796350-2609101537-10,7440,2609101605.0,2609101608.0,1.0,,S,S4,Stuttgart Hbf|Stuttgart Nordbahnhof|Stuttgart-Feuerbach|Stuttgart-Zuffenhausen|Kornwestheim Pbf|Ludwigsburg|Favoritepark|Freiberg(Neckar)|Benningen(Neckar),8003853,Marbach (Neckar),Baden-Württemberg,Marbach am Neckar,71672,9.264611825,48.9437708,3,2609101609.0,,2609101612.0,,,,,,,,,,,4.0,4.0
-7748732492772087501-2609101607-10,7442,2609101635.0,2609101638.0,1.0,,S,S4,Stuttgart Hbf|Stuttgart Nordbahnhof|Stuttgart-Feuerbach|Stuttgart-Zuffenhausen|Kornwestheim Pbf|Ludwigsburg|Favoritepark|Freiberg(Neckar)|Benningen(Neckar),8003853,Marbach (Neckar),Baden-Württemberg,Marbach am Neckar,71672,9.264611825,48.9437708,3,2609101645.0,2,2609101648.0,2.0,,,,,,,,,,10.0,10.0
-3254435403021853572-2609101603-5,7447,2609101621.0,2609101625.0,,,S,S4,Backnang|Burgstall(Murr)|Kirchberg(Murr)|Erdmannhausen,8003853,Marbach (Neckar),Baden-Württemberg,Marbach am Neckar,71672,9.264611825,48.9437708,3,2609101625.0,1,2609101633.0,1.0,,,,,,,,,,4.0,8.0
-1516279282303081361-2609101542-11,7342,2609101614.0,2609101615.0,2.0,,S,S3,Stuttgart Hbf|Stuttgart-Bad Cannstatt|Stuttgart Nürnberger Str.|Stuttgart-Sommerrain|Fellbach|Waiblingen|Neustadt-Hohenacker|Schwaikheim|Winnenden|Nellmersbach,8003913,Maubach,Baden-Württemberg,Backnang,71522,9.419487062,48.92623463,4,2609101615.0,,2609101615.0,,,,,,,,,,,1.0,0.0
-2983041268716826074-2609101611-2,7347,2609101613.0,2609101614.0,1.0,,S,S3,Backnang,8003913,Maubach,Baden-Württemberg,Backnang,71522,9.419487062,48.92623463,4,2609101613.0,,2609101615.0,,,,,,,,,,,0.0,1.0
-4004274244229684776-2609101612-11,7344,2609101644.0,2609101645.0,2.0,,S,S3,Stuttgart Hbf|Stuttgart-Bad Cannstatt|Stuttgart Nürnberger Str.|Stuttgart-Sommerrain|Fellbach|Waiblingen|Neustadt-Hohenacker|Schwaikheim|Winnenden|Nellmersbach,8003913,Maubach,Baden-Württemberg,Backnang,71522,9.419487062,48.92623463,4,2609101649.0,,2609101650.0,,,,,,,,,,,5.0,5.0
-7819160470553148770-2609101641-2,7349,2609101643.0,2609101644.0,1.0,,S,S3,Backnang,8003913,Maubach,Baden-Württemberg,Backnang,71522,9.419487062,48.92623463,4,2609101645.0,,2609101646.0,,,,,,,,,,,2.0,2.0
-1516279282303081361-2609101542-10,7342,2609101611.0,2609101612.0,2.0,,S,S3,Stuttgart Hbf|Stuttgart-Bad Cannstatt|Stuttgart Nürnberger Str.|Stuttgart-Sommerrain|Fellbach|Waiblingen|Neustadt-Hohenacker|Schwaikheim|Winnenden,8004233,Nellmersbach,Baden-Württemberg,Leutenbach,71397,9.415421538,48.90336425,5,2609101612.0,,2609101612.0,,,,,,,,,,,1.0,0.0
-2983041268716826074-2609101611-3,7347,2609101616.0,2609101616.0,1.0,,S,S3,Backnang|Maubach,8004233,Nellmersbach,Baden-Württemberg,Leutenbach,71397,9.415421538,48.90336425,5,2609101616.0,,2609101617.0,,,,,,,,,,,0.0,1.0
-4004274244229684776-2609101612-10,7344,2609101641.0,2609101642.0,2.0,,S,S3,Stuttgart Hbf|Stuttgart-Bad Cannstatt|Stuttgart Nürnberger Str.|Stuttgart-Sommerrain|Fellbach|Waiblingen|Neustadt-Hohenacker|Schwaikheim|Winnenden,8004233,Nellmersbach,Baden-Württemberg,Leutenbach,71397,9.415421538,48.90336425,5,2609101646.0,,2609101646.0,,,,,,,,,,,5.0,4.0
-7819160470553148770-2609101641-3,7349,2609101646.0,2609101646.0,1.0,,S,S3,Backnang|Maubach,8004233,Nellmersbach,Baden-Württemberg,Leutenbach,71397,9.415421538,48.90336425,5,2609101648.0,,2609101648.0,,,,,,,,,,,2.0,2.0
-1516279282303081361-2609101542-7,7342,2609101603.0,2609101603.0,1.0,,S,S3,Stuttgart Hbf|Stuttgart-Bad Cannstatt|Stuttgart Nürnberger Str.|Stuttgart-Sommerrain|Fellbach|Waiblingen,8004333,Neustadt-Hohenacker,Baden-Württemberg,Waiblingen,71336,9.32455106,48.85921668,5,2609101603.0,,2609101604.0,,,,,,,,,,,0.0,1.0
-2983041268716826074-2609101611-6,7347,2609101625.0,2609101625.0,2.0,,S,S3,Backnang|Maubach|Nellmersbach|Winnenden|Schwaikheim,8004333,Neustadt-Hohenacker,Baden-Württemberg,Waiblingen,71336,9.32455106,48.85921668,5,2609101625.0,,2609101626.0,,,,,,,,,,,0.0,1.0
-4004274244229684776-2609101612-7,7344,2609101633.0,2609101633.0,1.0,,S,S3,Stuttgart Hbf|Stuttgart-Bad Cannstatt|Stuttgart Nürnberger Str.|Stuttgart-Sommerrain|Fellbach|Waiblingen,8004333,Neustadt-Hohenacker,Baden-Württemberg,Waiblingen,71336,9.32455106,48.85921668,5,2609101636.0,,2609101637.0,,,,,,,,,,,3.0,4.0
-7819160470553148770-2609101641-6,7349,2609101655.0,2609101655.0,2.0,,S,S3,Backnang|Maubach|Nellmersbach|Winnenden|Schwaikheim,8004333,Neustadt-Hohenacker,Baden-Württemberg,Waiblingen,71336,9.32455106,48.85921668,5,2609101656.0,,2609101657.0,,,,,,,,,,,1.0,2.0
-5328396491952779638-2609101554-4,7645,2609101601.0,2609101601.0,2.0,,S,S6,Ditzingen|Weilimdorf|Korntal,8004338,Neuwirtshaus (Porscheplatz),Baden-Württemberg,Stuttgart,70435,9.151955614,48.83384734,4,2609101601.0,,2609101602.0,,h,1.0,Bauarbeiten,,,,,,,0.0,1.0
-4338777374283451398-2609101624-4,7647,2609101631.0,2609101631.0,2.0,,S,S6,Ditzingen|Weilimdorf|Korntal,8004338,Neuwirtshaus (Porscheplatz),Baden-Württemberg,Stuttgart,70435,9.151955614,48.83384734,4,2609101631.0,,2609101632.0,,h,1.0,Bauarbeiten,,,,,,,0.0,1.0
924644417488732877-2609101617-5,7644,2609101628.0,2609101629.0,1.0,,S,S6,Stuttgart Hbf|Stuttgart Nordbahnhof|Stuttgart-Feuerbach|Stuttgart-Zuffenhausen,8004338,Neuwirtshaus (Porscheplatz),Baden-Württemberg,Stuttgart,70435,9.151955614,48.83384734,4,2609101629.0,,2609101629.0,,h,1.0,Bauarbeiten,,,,,,,1.0,0.0
-3086228637643871650-2609101647-5,7646,2609101658.0,2609101659.0,1.0,,S,S6,Stuttgart Hbf|Stuttgart Nordbahnhof|Stuttgart-Feuerbach|Stuttgart-Zuffenhausen,8004338,Neuwirtshaus (Porscheplatz),Baden-Württemberg,Stuttgart,70435,9.151955614,48.83384734,4,2609101658.0,,2609101700.0,,h,1.0,Bauarbeiten,,,,,,,0.0,1.0
-700744146323234249-2609101616-2,7748,2609101619.0,2609101619.0,2.0,,S,S1,Herrenberg,8004490,Nufringen,Baden-Württemberg,Nufringen,71154,8.889817485,48.62010967,5,2609101619.0,,2609101620.0,,,,,,,,,,,0.0,1.0
6036503238720280244-2609101546-8,7743,2609101611.0,2609101611.0,1.0,,S,S1,Stuttgart-Vaihingen|Stuttgart-Rohr|Goldberg(Württ)|Böblingen|Hulb|Ehningen(b Böblingen)|Gärtringen,8004490,Nufringen,Baden-Württemberg,Nufringen,71154,8.889817485,48.62010967,5,2609101611.0,,2609101611.0,,,,,,,,,,,0.0,0.0
-7101481629715291400-2609101646-2,7750,2609101649.0,2609101649.0,2.0,,S,S1,Herrenberg,8004490,Nufringen,Baden-Württemberg,Nufringen,71154,8.889817485,48.62010967,5,2609101649.0,,2609101650.0,,,,,,,,,,,0.0,1.0
-3536192323965020429-2609101616-8,7745,2609101641.0,2609101641.0,1.0,,S,S1,Stuttgart-Vaihingen|Stuttgart-Rohr|Goldberg(Württ)|Böblingen|Hulb|Ehningen(b Böblingen)|Gärtringen,8004490,Nufringen,Baden-Württemberg,Nufringen,71154,8.889817485,48.62010967,5,2609101642.0,,2609101642.0,,,,,,,,,,,1.0,1.0
1877783574861069288-2609101633-5,7946,2609101645.0,2609101645.0,2.0,,S,S2,Filderstadt|Stuttgart Flughafen/Messe|Echterdingen|Leinfelden,8004496,Oberaichen,Baden-Württemberg,Leinfelden-Echterdingen,70771,9.12743664,48.70512422,5,2609101645.0,,2609101646.0,,,,,,,,,,,0.0,1.0
-7890265662573644504-2609101605-3,7945,2609101614.0,2609101614.0,1.0,,S,S2,Stuttgart-Vaihingen|Stuttgart-Rohr,8004496,Oberaichen,Baden-Württemberg,Leinfelden-Echterdingen,70771,9.12743664,48.70512422,5,2609101614.0,,2609101615.0,,,,,,,,,,,0.0,1.0
7145149212361785028-2609101603-5,7944,2609101615.0,2609101615.0,2.0,,S,S2,Filderstadt|Stuttgart Flughafen/Messe|Echterdingen|Leinfelden,8004496,Oberaichen,Baden-Württemberg,Leinfelden-Echterdingen,70771,9.12743664,48.70512422,5,2609101615.0,,2609101616.0,,,,,,,,,,,0.0,1.0
378305189179015240-2609101635-3,7947,2609101644.0,2609101644.0,1.0,,S,S2,Stuttgart-Vaihingen|Stuttgart-Rohr,8004496,Oberaichen,Baden-Württemberg,Leinfelden-Echterdingen,70771,9.12743664,48.70512422,5,2609101644.0,,2609101645.0,,,,,,,,,,,0.0,1.0
1890742567431507346-2609101625-8,7146,2609101645.0,2609101645.0,4.0,,S,S1,Stuttgart Hbf|Stuttgart-Bad Cannstatt|Stuttgart Neckarpark|Stuttgart-Untertürkheim|Stuttgart-Obertürkheim|Esslingen-Mettingen|Esslingen(Neckar),8004528,Oberesslingen,Baden-Württemberg,Esslingen am Neckar,73730,9.327277435,48.72983585,3,2609101655.0,,2609101656.0,,,,,,,,,,,10.0,11.0
9072809401414477062-2609101550-8,7147,2609101614.0,2609101615.0,3.0,,S,S1,Kirchheim(Teck)|Kirchheim(Teck)-Ötlingen|Wendlingen(Neckar)|Wernau(Neckar)|Plochingen|Altbach|Esslingen-Zell,8004528,Oberesslingen,Baden-Württemberg,Esslingen am Neckar,73730,9.327277435,48.72983585,3,2609101615.0,,2609101615.0,,,,,,,,,,,1.0,0.0
6037772526634891708-2609101555-8,7144,2609101615.0,2609101615.0,4.0,,S,S1,Stuttgart Hbf|Stuttgart-Bad Cannstatt|Stuttgart Neckarpark|Stuttgart-Untertürkheim|Stuttgart-Obertürkheim|Esslingen-Mettingen|Esslingen(Neckar),8004528,Oberesslingen,Baden-Württemberg,Esslingen am Neckar,73730,9.327277435,48.72983585,3,2609101702.0,,2609101703.0,,,,,,,Stuttgart Hbf|Stuttgart-Bad Cannstatt|Stuttgart Neckarpark|Stuttgart-Untertürkheim|Stuttgart-Obertürkheim|Esslingen-Mettingen|Esslingen(Neckar),Esslingen-Zell|Altbach|Plochingen|Wernau(Neckar)|Wendlingen(Neckar)|Kirchheim(Teck)-Ötlingen|Kirchheim(Teck),c,c,47.0,48.0
-7851813684664054699-2609101620-8,7149,2609101644.0,2609101645.0,3.0,,S,S1,Kirchheim(Teck)|Kirchheim(Teck)-Ötlingen|Wendlingen(Neckar)|Wernau(Neckar)|Plochingen|Altbach|Esslingen-Zell,8004528,Oberesslingen,Baden-Württemberg,Esslingen am Neckar,73730,9.327277435,48.72983585,3,2609101644.0,,2609101645.0,,,,,,,,,,,0.0,0.0
6798270359717880545-2609101548-13,19154,2609101628.0,2609101634.0,1.0,,ARV,MEX16,Geislingen(Steige)|Geislingen(Steige)West|Kuchen|Gingen(Fils)|Süßen|Salach|Eislingen(Fils)|Göppingen|Faurndau|Uhingen|Ebersbach(Fils)|Reichenbach(Fils),8000302,Plochingen,Baden-Württemberg,Plochingen,73207,9.411294578,48.71293906,2,2609101628.0,,2609101634.0,,,,,,,,,,,0.0,0.0
-4975755029774575573-2609101530-11,19325,2609101642.0,2609101645.0,9.0,,RE,MEX18,Heilbronn Hbf|Nordheim(Württ)|Lauffen(Neckar)|Kirchheim(Neckar)|Walheim(Württ)|Besigheim|Bietigheim-Bissingen|Ludwigsburg|Kornwestheim Pbf|Esslingen(Neckar),8000302,Plochingen,Baden-Württemberg,Plochingen,73207,9.411294578,48.71293906,2,2609101643.0,,2609101645.0,,h,2.0,Störung,,,,,,,1.0,0.0
-4114242842381462175-2609101542-4,19153,2609101600.0,2609101600.0,4.0,,ARV,MEX16,Stuttgart Hbf|Stuttgart-Bad Cannstatt|Esslingen(Neckar),8000302,Plochingen,Baden-Württemberg,Plochingen,73207,9.411294578,48.71293906,2,2609101603.0,,2609101605.0,,,,,,,,,,,3.0,5.0
-7279787958661967658-2609101543-5,19326,2609101611.0,2609101612.0,6.0,,RE,MEX18,Reutlingen Hbf|Metzingen(Württ)|Nürtingen|Wendlingen(Neckar),8000302,Plochingen,Baden-Württemberg,Plochingen,73207,9.411294578,48.71293906,2,2609101620.0,,2609101620.0,,h,2.0,Störung,,,,,,,9.0,8.0
1890742567431507346-2609101625-11,7146,2609101653.0,2609101655.0,9.0,,S,S1,Stuttgart Hbf|Stuttgart-Bad Cannstatt|Stuttgart Neckarpark|Stuttgart-Untertürkheim|Stuttgart-Obertürkheim|Esslingen-Mettingen|Esslingen(Neckar)|Oberesslingen|Esslingen-Zell|Altbach,8000302,Plochingen,Baden-Württemberg,Plochingen,73207,9.411294578,48.71293906,2,2609101703.0,,2609101704.0,,,,,,,,,,,10.0,9.0
-8415102531932798272-2609101639-3,4225,2609101654.0,2609101656.0,4.0,,RE,RE5,Stuttgart Hbf|Esslingen(Neckar),8000302,Plochingen,Baden-Württemberg,Plochingen,73207,9.411294578,48.71293906,2,2609101658.0,,2609101659.0,,h,2.0,Störung,,,,,,,4.0,3.0
907907202764772803-2609101546-19,19156,2609101656.0,2609101657.0,1.0,,ARV,MEX16,Ulm Hbf|Beimerstetten|Westerstetten|Lonsee|Urspring|Amstetten(Württ)|Geislingen(Steige)|Geislingen(Steige)West|Kuchen|Gingen(Fils)|Süßen|Salach|Eislingen(Fils)|Göppingen|Faurndau|Uhingen|Ebersbach(Fils)|Reichenbach(Fils),8000302,Plochingen,Baden-Württemberg,Plochingen,73207,9.411294578,48.71293906,2,2609101656.0,,2609101658.0,,,,,,,,,,,0.0,1.0
9072809401414477062-2609101550-5,7147,2609101605.0,2609101607.0,9.0,,S,S1,Kirchheim(Teck)|Kirchheim(Teck)-Ötlingen|Wendlingen(Neckar)|Wernau(Neckar),8000302,Plochingen,Baden-Württemberg,Plochingen,73207,9.411294578,48.71293906,2,2609101605.0,,2609101607.0,,,,,,,,,,,0.0,0.0
6036019531344774327-2609101616-7,19238,2609101646.0,2609101647.0,7.0,,RE,MEX12,Reutlingen Hbf|Metzingen(Württ)|Bempflingen|Nürtingen|Oberboihingen|Wendlingen(Neckar),8000302,Plochingen,Baden-Württemberg,Plochingen,73207,9.411294578,48.71293906,2,2609101647.0,,2609101647.0,,h,2.0,Störung,,,,,,,1.0,0.0
6037772526634891708-2609101555-11,7144,2609101623.0,2609101625.0,9.0,,S,S1,Stuttgart Hbf|Stuttgart-Bad Cannstatt|Stuttgart Neckarpark|Stuttgart-Untertürkheim|Stuttgart-Obertürkheim|Esslingen-Mettingen|Esslingen(Neckar)|Oberesslingen|Esslingen-Zell|Altbach,8000302,Plochingen,Baden-Württemberg,Plochingen,73207,9.411294578,48.71293906,2,2609101710.0,,2609101711.0,,,,,,,Stuttgart Hbf|Stuttgart-Bad Cannstatt|Stuttgart Neckarpark|Stuttgart-Untertürkheim|Stuttgart-Obertürkheim|Esslingen-Mettingen|Esslingen(Neckar)|Oberesslingen|Esslingen-Zell|Altbach,Wernau(Neckar)|Wendlingen(Neckar)|Kirchheim(Teck)-Ötlingen|Kirchheim(Teck),c,c,47.0,46.0
5995165262498243987-2609101604-4,19155,2609101623.0,2609101633.0,6.0,,ARV,MEX16,Stuttgart Hbf|Stuttgart-Bad Cannstatt|Esslingen(Neckar),8000302,Plochingen,Baden-Württemberg,Plochingen,73207,9.411294578,48.71293906,2,2609101625.0,,2609101633.0,,,,,,,,,,,2.0,0.0
2152293342088146683-2609101403-11,4220,2609101602.0,2609101606.0,1.0,,RE,RE5,Friedrichshafen Stadt|Meckenbeuren|Ravensburg|Aulendorf|Bad Schussenried|Biberach(Riß)|Laupheim West|Ulm Hbf|Geislingen(Steige)|Göppingen,8000302,Plochingen,Baden-Württemberg,Plochingen,73207,9.411294578,48.71293906,2,2609101606.0,,2609101607.0,,h,2.0,Störung,,,,,,,4.0,1.0
7941696835731553601-2609101457-12,19229,2609101611.0,2609101612.0,9.0,,RE,MEX12,Heilbronn Hbf|Nordheim(Württ)|Lauffen(Neckar)|Kirchheim(Neckar)|Walheim(Württ)|Besigheim|Bietigheim-Bissingen|Ludwigsburg|Stuttgart Hbf|Stuttgart-Bad Cannstatt|Esslingen(Neckar),8000302,Plochingen,Baden-Württemberg,Plochingen,73207,9.411294578,48.71293906,2,2609101618.0,,2609101619.0,,h,2.0,Störung,,,,,,,7.0,7.0
-7851813684664054699-2609101620-5,7149,2609101635.0,2609101637.0,9.0,,S,S1,Kirchheim(Teck)|Kirchheim(Teck)-Ötlingen|Wendlingen(Neckar)|Wernau(Neckar),8000302,Plochingen,Baden-Württemberg,Plochingen,73207,9.411294578,48.71293906,2,2609101635.0,,2609101637.0,,,,,,,,,,,0.0,0.0
-4320397447687881024-2609101604-7,7045,2609101620.0,2609101626.0,2.0,,S,S60,Böblingen|Sindelfingen|Maichingen|Maichingen Nord|Magstadt|Renningen Süd,8000313,Renningen,Baden-Württemberg,Renningen,71272,8.932650148,48.77515509,3,2609101621.0,,2609101626.0,,h,1.0,Bauarbeiten,,,,,,,1.0,0.0
-404926500116907861-2609101633-3,55917,2609101637.0,2609101641.0,2.0,,S,S6,Weil der Stadt|Malmsheim,8000313,Renningen,Baden-Württemberg,Renningen,71272,8.932650148,48.77515509,3,2609101639.0,,2609101641.0,,,,,,,,,,,2.0,0.0
3086561051947891575-2609101613-3,55912,2609101619.0,2609101622.0,3.0,,S,S6,Leonberg|Rutesheim,8000313,Renningen,Baden-Württemberg,Renningen,71272,8.932650148,48.77515509,3,2609101619.0,,2609101622.0,,,,,,,,,,,0.0,0.0
3052355004880075210-2609101634-7,7047,2609101650.0,2609101656.0,2.0,,S,S60,Böblingen|Sindelfingen|Maichingen|Maichingen Nord|Magstadt|Renningen Süd,8000313,Renningen,Baden-Württemberg,Renningen,71272,8.932650148,48.77515509,3,2609101651.0,,2609101656.0,,h,1.0,Bauarbeiten,,,,,,,1.0,0.0
3839736467023405751-2609101658-1,26168,,2609101658.0,,,SWE,RB76,,8000313,Renningen,Baden-Württemberg,Renningen,71272,8.932650148,48.77515509,3,,,2609101658.0,,,,,,,,,,,0.0,0.0
8703880209101451175-2609101603-3,55915,2609101607.0,2609101611.0,2.0,,S,S6,Weil der Stadt|Malmsheim,8000313,Renningen,Baden-Württemberg,Renningen,71272,8.932650148,48.77515509,3,2609101609.0,,2609101611.0,,,,,,,,,,,2.0,0.0
313908366016308696-2609101626-6,26167,2609101648.0,,4.0,,SWE,,Calw|Calw-Heumaden|Althengstett|Ostelsheim|Weil der Stadt,8000313,Renningen,Baden-Württemberg,Renningen,71272,8.932650148,48.77515509,3,2609101648.0,,,,,,,,,,,,,0.0,0.0
-5654259954348632159-2609101558-3,7046,2609101604.0,2609101609.0,3.0,,S,S60,Leonberg|Rutesheim,8000313,Renningen,Baden-Württemberg,Renningen,71272,8.932650148,48.77515509,3,2609101605.0,,2609101610.0,,h,1.0,Bauarbeiten,,,,,,,1.0,1.0
4966848351603546649-2609101643-3,55914,2609101649.0,2609101652.0,3.0,,S,S6,Leonberg|Rutesheim,8000313,Renningen,Baden-Württemberg,Renningen,71272,8.932650148,48.77515509,3,2609101649.0,,2609101652.0,,,,,,,,,,,0.0,0.0
6947397441507024354-2609101628-3,7048,2609101634.0,2609101639.0,3.0,,S,S60,Leonberg|Rutesheim,8000313,Renningen,Baden-Württemberg,Renningen,71272,8.932650148,48.77515509,3,2609101635.0,,2609101640.0,,h,1.0,Bauarbeiten,,,,,,,1.0,1.0
-5445906738201891339-2609101603-9,7247,2609101621.0,2609101622.0,2.0,,S,S2,Schorndorf|Weiler(Rems)|Winterbach(b Schorndorf)|Geradstetten|Grunbach|Beutelsbach|Endersbach|Stetten-Beinstein,8005157,Rommelshausen,Baden-Württemberg,Kernen,71394,9.319175885,48.81552017,4,2609101625.0,,2609101626.0,,h,2.0,Bauarbeiten,,,,,,,4.0,4.0
6086544143608493018-2609101633-9,7249,2609101651.0,2609101652.0,2.0,,S,S2,Schorndorf|Weiler(Rems)|Winterbach(b Schorndorf)|Geradstetten|Grunbach|Beutelsbach|Endersbach|Stetten-Beinstein,8005157,Rommelshausen,Baden-Württemberg,Kernen,71394,9.319175885,48.81552017,4,2609101654.0,,2609101655.0,,h,2.0,Bauarbeiten,,,,,,,3.0,3.0
1014763779494518341-2609101550-7,7242,2609101607.0,2609101607.0,1.0,,S,S2,Stuttgart Hbf|Stuttgart-Bad Cannstatt|Stuttgart Nürnberger Str.|Stuttgart-Sommerrain|Fellbach|Waiblingen,8005157,Rommelshausen,Baden-Württemberg,Kernen,71394,9.319175885,48.81552017,4,2609101607.0,,2609101608.0,,h,2.0,Bauarbeiten,,,,,,,0.0,1.0
60204090947316905-2609101620-7,7244,2609101637.0,2609101637.0,1.0,,S,S2,Stuttgart Hbf|Stuttgart-Bad Cannstatt|Stuttgart Nürnberger Str.|Stuttgart-Sommerrain|Fellbach|Waiblingen,8005157,Rommelshausen,Baden-Württemberg,Kernen,71394,9.319175885,48.81552017,4,2609101648.0,,2609101649.0,,h,2.0,Bauarbeiten,,,,,,,11.0,12.0
-4320397447687881024-2609101604-8,7045,2609101628.0,2609101629.0,1.0,,S,S60,Böblingen|Sindelfingen|Maichingen|Maichingen Nord|Magstadt|Renningen Süd|Renningen,8005236,Rutesheim,Baden-Württemberg,Leonberg,71229,8.960325242,48.79031093,5,2609101629.0,,2609101630.0,,h,1.0,Bauarbeiten,,,,,,,1.0,1.0
-404926500116907861-2609101633-4,55917,2609101643.0,2609101644.0,1.0,,S,S6,Weil der Stadt|Malmsheim|Renningen,8005236,Rutesheim,Baden-Württemberg,Leonberg,71229,8.960325242,48.79031093,5,2609101644.0,,2609101645.0,,,,,,,,,,,1.0,1.0
3086561051947891575-2609101613-2,55912,2609101616.0,2609101616.0,2.0,,S,S6,Leonberg,8005236,Rutesheim,Baden-Württemberg,Leonberg,71229,8.960325242,48.79031093,5,2609101616.0,,2609101617.0,,,,,,,,,,,0.0,1.0
3052355004880075210-2609101634-8,7047,2609101658.0,2609101659.0,1.0,,S,S60,Böblingen|Sindelfingen|Maichingen|Maichingen Nord|Magstadt|Renningen Süd|Renningen,8005236,Rutesheim,Baden-Württemberg,Leonberg,71229,8.960325242,48.79031093,5,2609101659.0,,2609101659.0,,h,1.0,Bauarbeiten,,,,,,,1.0,0.0
8703880209101451175-2609101603-4,55915,2609101613.0,2609101614.0,1.0,,S,S6,Weil der Stadt|Malmsheim|Renningen,8005236,Rutesheim,Baden-Württemberg,Leonberg,71229,8.960325242,48.79031093,5,2609101614.0,,2609101615.0,,,,,,,,,,,1.0,1.0
-5654259954348632159-2609101558-2,7046,2609101601.0,2609101601.0,2.0,,S,S60,Leonberg,8005236,Rutesheim,Baden-Württemberg,Leonberg,71229,8.960325242,48.79031093,5,2609101601.0,,2609101602.0,,h,1.0,Bauarbeiten,,,,,,,0.0,1.0
4966848351603546649-2609101643-2,55914,2609101646.0,2609101646.0,2.0,,S,S6,Leonberg,8005236,Rutesheim,Baden-Württemberg,Leonberg,71229,8.960325242,48.79031093,5,2609101646.0,,2609101647.0,,,,,,,,,,,0.0,1.0
6947397441507024354-2609101628-2,7048,2609101631.0,2609101631.0,2.0,,S,S60,Leonberg,8005236,Rutesheim,Baden-Württemberg,Leonberg,71229,8.960325242,48.79031093,5,2609101632.0,,2609101632.0,,h,1.0,Bauarbeiten,,,,,,,1.0,1.0
-7555129147761723302-2609101607-9,19428,2609101643.0,2609101644.0,3.0,,ARV,MEX13,Aalen Hbf|Mögglingen(Gmünd)|Böbingen(Rems)|Schwäbisch Gmünd|Lorch(Württ)|Waldhausen(b Schorndorf)|Plüderhausen|Urbach(b Schorndorf),8005424,Schorndorf,Baden-Württemberg,Schorndorf,73614,9.525686251,48.80693898,3,2609101648.0,,2609101649.0,,h,2.0,Information,,,,,,,5.0,5.0
-5168618100041663203-2609101620-4,19475,2609101643.0,2609101644.0,2.0,,ARV,MEX13,Stuttgart Hbf|Stuttgart-Bad Cannstatt|Waiblingen,8005424,Schorndorf,Baden-Württemberg,Schorndorf,73614,9.525686251,48.80693898,3,2609101710.0,,2609101711.0,,h,2.0,Störung,,,,,,,27.0,27.0
7739469546965709297-2609101511-5,19680,2609101628.0,2609101629.0,3.0,,ARV,RE1,Crailsheim|Ellwangen|Aalen Hbf|Schwäbisch Gmünd,8005424,Schorndorf,Baden-Württemberg,Schorndorf,73614,9.525686251,48.80693898,3,2609101630.0,,2609101632.0,,h,2.0,Störung,,,,,,,2.0,3.0
-5445906738201891339-2609101603-1,7247,,2609101603.0,,,S,S2,,8005424,Schorndorf,Baden-Württemberg,Schorndorf,73614,9.525686251,48.80693898,3,,,2609101603.0,,h,2.0,Bauarbeiten,,,,,,,0.0,0.0
6086544143608493018-2609101633-1,7249,,2609101633.0,,,S,S2,,8005424,Schorndorf,Baden-Württemberg,Schorndorf,73614,9.525686251,48.80693898,3,,,2609101635.0,,h,2.0,Bauarbeiten,,,,,,,0.0,2.0
-6396384465199611007-2609101546-4,19423,2609101613.0,2609101614.0,2.0,,ARV,MEX13,Stuttgart Hbf|Stuttgart-Bad Cannstatt|Waiblingen,8005424,Schorndorf,Baden-Württemberg,Schorndorf,73614,9.525686251,48.80693898,3,2609101621.0,,2609101622.0,,h,2.0,Information,,,,,,,8.0,8.0
1014763779494518341-2609101550-15,7242,2609101625.0,,14.0,,S,,Stuttgart Hbf|Stuttgart-Bad Cannstatt|Stuttgart Nürnberger Str.|Stuttgart-Sommerrain|Fellbach|Waiblingen|Rommelshausen|Stetten-Beinstein|Endersbach|Beutelsbach|Grunbach|Geradstetten|Winterbach(b Schorndorf)|Weiler(Rems),8005424,Schorndorf,Baden-Württemberg,Schorndorf,73614,9.525686251,48.80693898,3,2609101635.0,,,,h,2.0,Bauarbeiten,,,,,,,10.0,0.0
60204090947316905-2609101620-15,7244,2609101655.0,,1.0,,S,,Stuttgart Hbf|Stuttgart-Bad Cannstatt|Stuttgart Nürnberger Str.|Stuttgart-Sommerrain|Fellbach|Waiblingen|Rommelshausen|Stetten-Beinstein|Endersbach|Beutelsbach|Grunbach|Geradstetten|Winterbach(b Schorndorf)|Weiler(Rems),8005424,Schorndorf,Baden-Württemberg,Schorndorf,73614,9.525686251,48.80693898,3,2609101708.0,,,,h,2.0,Bauarbeiten,,,,,,,13.0,0.0
-273547766285307951-2609101511-15,19476,2609101613.0,2609101614.0,3.0,,ARV,MEX13,Ellwangen|Schrezheim|Schwabsberg|Goldshöfe|Hofen(b Aalen)|Wasseralfingen|Aalen Hbf|Mögglingen(Gmünd)|Böbingen(Rems)|Schwäbisch Gmünd|Lorch(Württ)|Waldhausen(b Schorndorf)|Plüderhausen|Urbach(b Schorndorf),8005424,Schorndorf,Baden-Württemberg,Schorndorf,73614,9.525686251,48.80693898,3,2609101621.0,,2609101622.0,,h,2.0,Information,,,,,,,8.0,8.0
-1516279282303081361-2609101542-8,7342,2609101606.0,2609101606.0,2.0,,S,S3,Stuttgart Hbf|Stuttgart-Bad Cannstatt|Stuttgart Nürnberger Str.|Stuttgart-Sommerrain|Fellbach|Waiblingen|Neustadt-Hohenacker,8005454,Schwaikheim,Baden-Württemberg,Schwaikheim,71409,9.354747358,48.86832665,4,2609101606.0,,2609101607.0,,,,,,,,,,,0.0,1.0
-2983041268716826074-2609101611-5,7347,2609101622.0,2609101623.0,1.0,,S,S3,Backnang|Maubach|Nellmersbach|Winnenden,8005454,Schwaikheim,Baden-Württemberg,Schwaikheim,71409,9.354747358,48.86832665,4,2609101622.0,,2609101624.0,,,,,,,,,,,0.0,1.0
-4004274244229684776-2609101612-8,7344,2609101636.0,2609101636.0,2.0,,S,S3,Stuttgart Hbf|Stuttgart-Bad Cannstatt|Stuttgart Nürnberger Str.|Stuttgart-Sommerrain|Fellbach|Waiblingen|Neustadt-Hohenacker,8005454,Schwaikheim,Baden-Württemberg,Schwaikheim,71409,9.354747358,48.86832665,4,2609101639.0,,2609101640.0,,,,,,,,,,,3.0,4.0
-7819160470553148770-2609101641-5,7349,2609101652.0,2609101653.0,1.0,,S,S3,Backnang|Maubach|Nellmersbach|Winnenden,8005454,Schwaikheim,Baden-Württemberg,Schwaikheim,71409,9.354747358,48.86832665,4,2609101654.0,,2609101654.0,,,,,,,,,,,2.0,1.0
-4320397447687881024-2609101604-2,7045,2609101606.0,2609101607.0,1.0,,S,S60,Böblingen,8005574,Sindelfingen,Baden-Württemberg,Sindelfingen,71063,8.999262079,48.70387346,6,2609101607.0,,2609101607.0,,h,1.0,Bauarbeiten,,,,,,,1.0,0.0
3052355004880075210-2609101634-2,7047,2609101636.0,2609101637.0,1.0,,S,S60,Böblingen,8005574,Sindelfingen,Baden-Württemberg,Sindelfingen,71063,8.999262079,48.70387346,6,2609101637.0,,2609101637.0,,h,1.0,Bauarbeiten,,,,,,,1.0,0.0
-5654259954348632159-2609101558-8,7046,2609101622.0,2609101623.0,1.0,,S,S60,Leonberg|Rutesheim|Renningen|Renningen Süd|Magstadt|Maichingen Nord|Maichingen,8005574,Sindelfingen,Baden-Württemberg,Sindelfingen,71063,8.999262079,48.70387346,6,2609101624.0,,2609101624.0,,h,1.0,Bauarbeiten,,,,,,,2.0,1.0
6947397441507024354-2609101628-8,7048,2609101652.0,2609101653.0,1.0,,S,S60,Leonberg|Rutesheim|Renningen|Renningen Süd|Magstadt|Maichingen Nord|Maichingen,8005574,Sindelfingen,Baden-Württemberg,Sindelfingen,71063,8.999262079,48.70387346,6,2609101654.0,,2609101655.0,,h,1.0,Bauarbeiten,,,,,,,2.0,2.0
-5445906738201891339-2609101603-8,7247,2609101619.0,2609101619.0,2.0,,S,S2,Schorndorf|Weiler(Rems)|Winterbach(b Schorndorf)|Geradstetten|Grunbach|Beutelsbach|Endersbach,8005726,Stetten-Beinstein,Baden-Württemberg,Weinstadt,71384,9.352769725,48.81199601,5,2609101622.0,,2609101623.0,,h,2.0,Bauarbeiten,,,,,,,3.0,4.0
6086544143608493018-2609101633-8,7249,2609101649.0,2609101649.0,2.0,,S,S2,Schorndorf|Weiler(Rems)|Winterbach(b Schorndorf)|Geradstetten|Grunbach|Beutelsbach|Endersbach,8005726,Stetten-Beinstein,Baden-Württemberg,Weinstadt,71384,9.352769725,48.81199601,5,2609101651.0,,2609101652.0,,h,2.0,Bauarbeiten,,,,,,,2.0,3.0
1014763779494518341-2609101550-8,7242,2609101609.0,2609101609.0,1.0,,S,S2,Stuttgart Hbf|Stuttgart-Bad Cannstatt|Stuttgart Nürnberger Str.|Stuttgart-Sommerrain|Fellbach|Waiblingen|Rommelshausen,8005726,Stetten-Beinstein,Baden-Württemberg,Weinstadt,71384,9.352769725,48.81199601,5,2609101610.0,,2609101611.0,,h,2.0,Bauarbeiten,,,,,,,1.0,2.0
60204090947316905-2609101620-8,7244,2609101639.0,2609101639.0,1.0,,S,S2,Stuttgart Hbf|Stuttgart-Bad Cannstatt|Stuttgart Nürnberger Str.|Stuttgart-Sommerrain|Fellbach|Waiblingen|Rommelshausen,8005726,Stetten-Beinstein,Baden-Württemberg,Weinstadt,71384,9.352769725,48.81199601,5,2609101651.0,,2609101651.0,,h,2.0,Bauarbeiten,,,,,,,12.0,12.0
-2516986895187847275-2609101609-4,19388,2609101655.0,,13.0,,RE,,Reutlingen Hbf|Metzingen(Württ)|Nürtingen,8000096,Stuttgart Hbf,Baden-Württemberg,Stuttgart,70173,9.183172973,48.78473069,1,2609101701.0,,,,h,2.0,Störung,,,,,,,6.0,0.0
-4073049444847278216-2609101632-1,19022,,2609101632.0,,,ARV,RE1,,8000096,Stuttgart Hbf,Baden-Württemberg,Stuttgart,70173,9.183172973,48.78473069,1,,,2609101642.0,,,,,,,,,,,0.0,10.0
-2627319502414886509-2609101016-10,579,2609101638.0,,10.0,,ICE,,Kiel Hbf|Neumünster|Hamburg Hbf|Celle|Hannover Hbf|Göttingen|Kassel-Wilhelmshöhe|Frankfurt(Main)Hbf|Mannheim Hbf,8000096,Stuttgart Hbf,Baden-Württemberg,Stuttgart,70173,9.183172973,48.78473069,1,2609101726.0,9,,,h,3.0,Information,,,Kiel Hbf|Neumünster|Hamburg Hbf|Celle|Hannover Hbf|Göttingen|Kassel-Wilhelmshöhe|Frankfurt(Main)Hbf|Mannheim Hbf,,,,48.0,0.0
6798270359717880545-2609101548-16,19154,2609101653.0,,12.0,,ARV,,Geislingen(Steige)|Geislingen(Steige)West|Kuchen|Gingen(Fils)|Süßen|Salach|Eislingen(Fils)|Göppingen|Faurndau|Uhingen|Ebersbach(Fils)|Reichenbach(Fils)|Plochingen|Esslingen(Neckar)|Stuttgart-Bad Cannstatt,8000096,Stuttgart Hbf,Baden-Württemberg,Stuttgart,70173,9.183172973,48.78473069,1,2609101658.0,,,,,,,,,,,,,5.0,0.0
-5168618100041663203-2609101620-1,19475,,2609101620.0,,,ARV,MEX13,,8000096,Stuttgart Hbf,Baden-Württemberg,Stuttgart,70173,9.183172973,48.78473069,1,,,2609101646.0,12.0,h,2.0,Störung,,,,,,,0.0,26.0
-5328396491952779638-2609101554-8,7645,2609101615.0,,2.0,,S,,Ditzingen|Weilimdorf|Korntal|Neuwirtshaus(Porscheplatz)|Stuttgart-Zuffenhausen|Stuttgart-Feuerbach|Stuttgart Nordbahnhof,8000096,Stuttgart Hbf,Baden-Württemberg,Stuttgart,70173,9.183172973,48.78473069,1,2609101617.0,,,,h,1.0,Bauarbeiten,,,,,,,2.0,0.0
1385355651314404449-2609101603-1,28489,,2609101603.0,,,RE,RESB,,8000096,Stuttgart Hbf,Baden-Württemberg,Stuttgart,70173,9.183172973,48.78473069,1,,,2609101610.0,,,,,,,,,,,0.0,7.0
3788749056755576771-2609101337-14,486,2609101643.0,,6.0,,IC,,Zürich HB|Schaffhausen|Singen(Hohentwiel)|Engen|Tuttlingen|Spaichingen|Rottweil|Oberndorf(Neckar)|Sulz(Neckar)|Horb|Bondorf(b Herrenberg)|Gäufelden|Herrenberg,8000096,Stuttgart Hbf,Baden-Württemberg,Stuttgart,70173,9.183172973,48.78473069,1,2609101700.0,,,,h,2.0,Information,,,,,,,17.0,0.0
-8351377194669505707-2609101612-1,17653,,2609101612.0,,,RE,RE14b,,8000096,Stuttgart Hbf,Baden-Württemberg,Stuttgart,70173,9.183172973,48.78473069,1,,,2609101613.0,6.0,,,,,,,,,,0.0,1.0
2623969724242618233-2609101612-1,17655,,2609101612.0,,,RE,RE14a,,8000096,Stuttgart Hbf,Baden-Württemberg,Stuttgart,70173,9.183172973,48.78473069,1,,,2609101613.0,6.0,h,1.0,Störung,,,,,,,0.0,1.0
-4338777374283451398-2609101624-8,7647,2609101645.0,,1.0,,S,,Ditzingen|Weilimdorf|Korntal|Neuwirtshaus(Porscheplatz)|Stuttgart-Zuffenhausen|Stuttgart-Feuerbach|Stuttgart Nordbahnhof,8000096,Stuttgart Hbf,Baden-Württemberg,Stuttgart,70173,9.183172973,48.78473069,1,2609101647.0,,,,h,1.0,Bauarbeiten,,,,,,,2.0,0.0
-7952168138612223160-2609101507-12,19426,2609101609.0,,14.0,,ARV,,Aalen Hbf|Mögglingen(Gmünd)|Böbingen(Rems)|Schwäbisch Gmünd|Lorch(Württ)|Waldhausen(b Schorndorf)|Plüderhausen|Urbach(b Schorndorf)|Schorndorf|Waiblingen|Stuttgart-Bad Cannstatt,8000096,Stuttgart Hbf,Baden-Württemberg,Stuttgart,70173,9.183172973,48.78473069,1,2609101632.0,12,,,h,2.0,Information,,,,,,,23.0,0.0
-9143870870247414014-2609101604-1,1092,,2609101604.0,,,ICE,,,8000096,Stuttgart Hbf,Baden-Württemberg,Stuttgart,70173,9.183172973,48.78473069,1,,,2609101604.0,,h,1.0,Störung,,,,,,,0.0,0.0
4970266801288472002-2609101532-8,19021,2609101625.0,,7.0,,ARV,,Karlsruhe Hbf|Karlsruhe-Durlach|Weingarten(Baden)|Untergrombach|Bruchsal Bildungszentrum|Bruchsal|Vaihingen(Enz),8000096,Stuttgart Hbf,Baden-Württemberg,Stuttgart,70173,9.183172973,48.78473069,1,2609101636.0,5,,,,,,,,,,,,11.0,0.0
-3857587200421256648-2609101633-3,28488,2609101655.0,,5.0,,RE,,Böblingen|Stuttgart-Vaihingen,8000096,Stuttgart Hbf,Baden-Württemberg,Stuttgart,70173,9.183172973,48.78473069,1,2609101712.0,8,,,,,,,,,,,,17.0,0.0
7739469546965709297-2609101511-6,19680,2609101650.0,2609101658.0,11.0,,ARV,RE1,Crailsheim|Ellwangen|Aalen Hbf|Schwäbisch Gmünd|Schorndorf,8000096,Stuttgart Hbf,Baden-Württemberg,Stuttgart,70173,9.183172973,48.78473069,1,2609101655.0,10,2609101706.0,10.0,h,2.0,Störung,,,,,,,5.0,8.0
7085873451229764662-2609101609-1,2163,,2609101609.0,,,IC,,,8000096,Stuttgart Hbf,Baden-Württemberg,Stuttgart,70173,9.183172973,48.78473069,1,,,2609101609.0,16.0,,,,,,,,,,0.0,0.0
-8547743709603473957-2609101533-14,7445,2609101625.0,,1.0,,S,,Backnang|Burgstall(Murr)|Kirchberg(Murr)|Erdmannhausen|Marbach(Neckar)|Benningen(Neckar)|Freiberg(Neckar)|Favoritepark|Ludwigsburg|Kornwestheim Pbf|Stuttgart-Zuffenhausen|Stuttgart-Feuerbach|Stuttgart Nordbahnhof,8000096,Stuttgart Hbf,Baden-Württemberg,Stuttgart,70173,9.183172973,48.78473069,1,2609101629.0,,,,,,,,,,,,,4.0,0.0
5852218906535637124-2609101622-1,50281,,2609101622.0,,,RE,IC87,,8000096,Stuttgart Hbf,Baden-Württemberg,Stuttgart,70173,9.183172973,48.78473069,1,,,2609101631.0,12.0,h,2.0,Information,,,,,,,0.0,9.0
1140779865956290650-2609101445-4,594,2609101643.0,2609101649.0,9.0,,ICE,,München Hbf|Augsburg Hbf|Ulm Hbf,8000096,Stuttgart Hbf,Baden-Württemberg,Stuttgart,70173,9.183172973,48.78473069,1,2609101653.0,,2609101657.0,,c,,,,,,,,,10.0,8.0
-8726739109013782304-2609101557-9,19231,2609101642.0,2609101651.0,14.0,,RE,MEX12,Heilbronn Hbf|Nordheim(Württ)|Lauffen(Neckar)|Kirchheim(Neckar)|Walheim(Württ)|Besigheim|Bietigheim-Bissingen|Ludwigsburg,8000096,Stuttgart Hbf,Baden-Württemberg,Stuttgart,70173,9.183172973,48.78473069,1,2609101649.0,15,2609101711.0,15.0,h,2.0,Störung,,,,,,,7.0,20.0
1890742567431507346-2609101625-1,7146,,2609101625.0,,,S,S1,,8000096,Stuttgart Hbf,Baden-Württemberg,Stuttgart,70173,9.183172973,48.78473069,1,,,2609101631.0,,,,,,,,,,,0.0,6.0
-3574262159782319876-2609101533-15,7245,2609101610.0,,3.0,,S,,Schorndorf|Weiler(Rems)|Winterbach(b Schorndorf)|Geradstetten|Grunbach|Beutelsbach|Endersbach|Stetten-Beinstein|Rommelshausen|Waiblingen|Fellbach|Stuttgart-Sommerrain|Stuttgart Nürnberger Str.|Stuttgart-Bad Cannstatt,8000096,Stuttgart Hbf,Baden-Württemberg,Stuttgart,70173,9.183172973,48.78473069,1,2609101621.0,,,,h,2.0,Bauarbeiten,,,,,,,11.0,0.0
-8415102531932798272-2609101639-1,4225,,2609101639.0,,,RE,RE5,,8000096,Stuttgart Hbf,Baden-Württemberg,Stuttgart,70173,9.183172973,48.78473069,1,,,2609101641.0,,h,2.0,Störung,,,,,,,0.0,2.0
-5445906738201891339-2609101603-15,7247,2609101640.0,,3.0,,S,,Schorndorf|Weiler(Rems)|Winterbach(b Schorndorf)|Geradstetten|Grunbach|Beutelsbach|Endersbach|Stetten-Beinstein|Rommelshausen|Waiblingen|Fellbach|Stuttgart-Sommerrain|Stuttgart Nürnberger Str.|Stuttgart-Bad Cannstatt,8000096,Stuttgart Hbf,Baden-Württemberg,Stuttgart,70173,9.183172973,48.78473069,1,2609101641.0,,,,h,2.0,Bauarbeiten,,,,,,,1.0,0.0
1584407216571451772-2609101628-4,19681,2609101659.0,2609101706.0,15.0,,ARV,RE1,Pforzheim Hbf|Mühlacker|Vaihingen(Enz),8000096,Stuttgart Hbf,Baden-Württemberg,Stuttgart,70173,9.183172973,48.78473069,1,2609101659.0,14,2609101708.0,14.0,h,2.0,Störung,,,,,,,0.0,2.0
9072809401414477062-2609101550-15,7147,2609101635.0,,4.0,,S,,Kirchheim(Teck)|Kirchheim(Teck)-Ötlingen|Wendlingen(Neckar)|Wernau(Neckar)|Plochingen|Altbach|Esslingen-Zell|Oberesslingen|Esslingen(Neckar)|Esslingen-Mettingen|Stuttgart-Obertürkheim|Stuttgart-Untertürkheim|Stuttgart Neckarpark|Stuttgart-Bad Cannstatt,8000096,Stuttgart Hbf,Baden-Württemberg,Stuttgart,70173,9.183172973,48.78473069,1,2609101636.0,,,,,,,,,,,,,1.0,0.0
4438230868556249097-2609101657-1,7548,,2609101657.0,,,S,S5,,8000096,Stuttgart Hbf,Baden-Württemberg,Stuttgart,70173,9.183172973,48.78473069,1,,,2609101657.0,,,,,,,,,,,0.0,0.0
-7734078232361227040-2609101655-1,7148,,2609101655.0,,,S,S1,,8000096,Stuttgart Hbf,Baden-Württemberg,Stuttgart,70173,9.183172973,48.78473069,1,,,2609101656.0,,,,,,,,,,,0.0,1.0
-7748732492772087501-2609101607-1,7442,,2609101607.0,,,S,S4,,8000096,Stuttgart Hbf,Baden-Württemberg,Stuttgart,70173,9.183172973,48.78473069,1,,,2609101607.0,,,,,,,,,,,0.0,0.0
6801304589286144337-2609101537-9,7545,2609101605.0,,1.0,,S,,Bietigheim-Bissingen|Tamm(Württ)|Asperg|Ludwigsburg|Kornwestheim Pbf|Stuttgart-Zuffenhausen|Stuttgart-Feuerbach|Stuttgart Nordbahnhof,8000096,Stuttgart Hbf,Baden-Württemberg,Stuttgart,70173,9.183172973,48.78473069,1,2609101605.0,,,,,,,,,,,,,0.0,0.0
6830165283023982751-2609101520-15,7145,2609101605.0,,4.0,,S,,Kirchheim(Teck)|Kirchheim(Teck)-Ötlingen|Wendlingen(Neckar)|Wernau(Neckar)|Plochingen|Altbach|Esslingen-Zell|Oberesslingen|Esslingen(Neckar)|Esslingen-Mettingen|Stuttgart-Obertürkheim|Stuttgart-Untertürkheim|Stuttgart Neckarpark|Stuttgart-Bad Cannstatt,8000096,Stuttgart Hbf,Baden-Württemberg,Stuttgart,70173,9.183172973,48.78473069,1,2609101605.0,,,,,,,,,,,,,0.0,0.0
-1129910714640635902-2609101643-1,1696,,2609101643.0,,,ICE,,,8000096,Stuttgart Hbf,Baden-Württemberg,Stuttgart,70173,9.183172973,48.78473069,1,,,2609101645.0,7.0,,,,,,,,,,0.0,2.0
4359145174899901492-2609101647-1,19425,,2609101647.0,,,ARV,MEX13,,8000096,Stuttgart Hbf,Baden-Württemberg,Stuttgart,70173,9.183172973,48.78473069,1,,,2609101652.0,14.0,h,2.0,Information,,,,,,,0.0,5.0
924644417488732877-2609101617-1,7644,,2609101617.0,,,S,S6,,8000096,Stuttgart Hbf,Baden-Württemberg,Stuttgart,70173,9.183172973,48.78473069,1,,,2609101619.0,,h,1.0,Bauarbeiten,,,,,,,0.0,2.0
-1771999902519035233-2609101503-10,17544,2609101602.0,,12.0,,RE,,Schwäbisch Hall-Hessental|Gaildorf West|Murrhardt|Sulzbach(Murr)|Oppenweiler(Württ)|Backnang|Winnenden|Waiblingen|Stuttgart-Bad Cannstatt,8000096,Stuttgart Hbf,Baden-Württemberg,Stuttgart,70173,9.183172973,48.78473069,1,2609101614.0,10,,,h,2.0,Störung,,,,,,,12.0,0.0
-3086228637643871650-2609101647-1,7646,,2609101647.0,,,S,S6,,8000096,Stuttgart Hbf,Baden-Württemberg,Stuttgart,70173,9.183172973,48.78473069,1,,,2609101647.0,,h,1.0,Bauarbeiten,,,,,,,0.0,0.0
8256892323728512755-2609101626-1,17541,,2609101626.0,,,RB,MEX90,,8000096,Stuttgart Hbf,Baden-Württemberg,Stuttgart,70173,9.183172973,48.78473069,1,,,2609101626.0,,h,2.0,Störung,,,,,,,0.0,0.0
5995165262498243987-2609101604-1,19155,,2609101604.0,,,ARV,MEX16,,8000096,Stuttgart Hbf,Baden-Württemberg,Stuttgart,70173,9.183172973,48.78473069,1,,,2609101606.0,,,,,,,,,,,0.0,2.0
5506469601342734593-2609101642-1,19157,,2609101642.0,,,ARV,MEX16,,8000096,Stuttgart Hbf,Baden-Württemberg,Stuttgart,70173,9.183172973,48.78473069,1,,,2609101649.0,13.0,,,,,,,,,,0.0,7.0
-4518036593443333600-2609101436-22,19152,2609101616.0,,13.0,,ARV,,Ulm Hbf|Beimerstetten|Westerstetten|Lonsee|Urspring|Amstetten(Württ)|Geislingen(Steige)|Geislingen(Steige)West|Kuchen|Gingen(Fils)|Süßen|Salach|Eislingen(Fils)|Göppingen|Faurndau|Uhingen|Ebersbach(Fils)|Reichenbach(Fils)|Plochingen|Esslingen(Neckar)|Stuttgart-Bad Cannstatt,8000096,Stuttgart Hbf,Baden-Württemberg,Stuttgart,70173,9.183172973,48.78473069,1,2609101621.0,,,,,,,,,,,,,5.0,0.0
7369273237182260533-2609101650-1,7246,,2609101650.0,,,S,S2,,8000096,Stuttgart Hbf,Baden-Württemberg,Stuttgart,70173,9.183172973,48.78473069,1,,,2609101650.0,,h,2.0,Bauarbeiten,,,,,,,0.0,0.0
6027149644914886165-2609101637-1,7444,,2609101637.0,,,S,S4,,8000096,Stuttgart Hbf,Baden-Württemberg,Stuttgart,70173,9.183172973,48.78473069,1,,,2609101640.0,,,,,,,,,,,0.0,3.0
-2983041268716826074-2609101611-12,7347,2609101647.0,,4.0,,S,,Backnang|Maubach|Nellmersbach|Winnenden|Schwaikheim|Neustadt-Hohenacker|Waiblingen|Fellbach|Stuttgart-Sommerrain|Stuttgart Nürnberger Str.|Stuttgart-Bad Cannstatt,8000096,Stuttgart Hbf,Baden-Württemberg,Stuttgart,70173,9.183172973,48.78473069,1,2609101647.0,,,,,,,,,,,,,0.0,0.0
-6663639682735151224-2609101622-1,281,,2609101622.0,,,IC,,,8000096,Stuttgart Hbf,Baden-Württemberg,Stuttgart,70173,9.183172973,48.78473069,1,,,2609101631.0,12.0,h,2.0,Information,,,,,,,0.0,9.0
-8471873024121272354-2609100926-15,519,2609101611.0,2609101617.0,15.0,,ICE,,Hamburg-Altona|Hamburg Dammtor|Hamburg Hbf|Hamburg-Harburg|Bremen Hbf|Osnabrück Hbf|Münster(Westf)Hbf|Dortmund Hbf|Hagen Hbf|Wuppertal Hbf|Solingen Hbf|Köln Hbf|Frankfurt(M) Flughafen Fernbf|Mannheim Hbf,8000096,Stuttgart Hbf,Baden-Württemberg,Stuttgart,70173,9.183172973,48.78473069,1,2609101632.0,16,2609101639.0,16.0,c,,,,,,,,,21.0,22.0
60204090947316905-2609101620-1,7244,,2609101620.0,,,S,S2,,8000096,Stuttgart Hbf,Baden-Württemberg,Stuttgart,70173,9.183172973,48.78473069,1,,,2609101628.0,,h,2.0,Bauarbeiten,,,,,,,0.0,8.0
-3254435403021853572-2609101603-14,7447,2609101655.0,,2.0,,S,,Backnang|Burgstall(Murr)|Kirchberg(Murr)|Erdmannhausen|Marbach(Neckar)|Benningen(Neckar)|Freiberg(Neckar)|Favoritepark|Ludwigsburg|Kornwestheim Pbf|Stuttgart-Zuffenhausen|Stuttgart-Feuerbach|Stuttgart Nordbahnhof,8000096,Stuttgart Hbf,Baden-Württemberg,Stuttgart,70173,9.183172973,48.78473069,1,2609101708.0,,,,,,,,,,,c,,13.0,0.0
2152293342088146683-2609101403-13,4220,2609101622.0,,11.0,,RE,,Friedrichshafen Stadt|Meckenbeuren|Ravensburg|Aulendorf|Bad Schussenried|Biberach(Riß)|Laupheim West|Ulm Hbf|Geislingen(Steige)|Göppingen|Plochingen|Esslingen(Neckar),8000096,Stuttgart Hbf,Baden-Württemberg,Stuttgart,70173,9.183172973,48.78473069,1,2609101625.0,14,,,h,2.0,Störung,,,,,,,3.0,0.0
-1234334257982250897-2609101614-1,1246,,2609101614.0,,,FLX,10,,8000096,Stuttgart Hbf,Baden-Württemberg,Stuttgart,70173,9.183172973,48.78473069,1,,,,,,,,,,,,,c,0.0,0.0
-6739253170809320051-2609101642-1,7346,,2609101642.0,,,S,S3,,8000096,Stuttgart Hbf,Baden-Württemberg,Stuttgart,70173,9.183172973,48.78473069,1,,,2609101643.0,,,,,,,,,,,0.0,1.0
4626892396658662892-2609101627-1,7546,,2609101627.0,,,S,S5,,8000096,Stuttgart Hbf,Baden-Württemberg,Stuttgart,70173,9.183172973,48.78473069,1,,,2609101630.0,,,,,,,,,,,0.0,3.0
-2123758180190697780-2609101435-12,50486,2609101643.0,,6.0,,RE,,Singen(Hohentwiel)|Engen|Tuttlingen|Spaichingen|Rottweil|Oberndorf(Neckar)|Sulz(Neckar)|Horb|Bondorf(b Herrenberg)|Gäufelden|Herrenberg,8000096,Stuttgart Hbf,Baden-Württemberg,Stuttgart,70173,9.183172973,48.78473069,1,2609101700.0,,,,h,2.0,Information,,,,,,,17.0,0.0
3550462619255367417-2609101607-9,7547,2609101635.0,,2.0,,S,,Bietigheim-Bissingen|Tamm(Württ)|Asperg|Ludwigsburg|Kornwestheim Pbf|Stuttgart-Zuffenhausen|Stuttgart-Feuerbach|Stuttgart Nordbahnhof,8000096,Stuttgart Hbf,Baden-Württemberg,Stuttgart,70173,9.183172973,48.78473069,1,2609101637.0,,,,,,,,,,,,,2.0,0.0
-273547766285307951-2609101511-18,19476,2609101639.0,,13.0,,ARV,,Ellwangen|Schrezheim|Schwabsberg|Goldshöfe|Hofen(b Aalen)|Wasseralfingen|Aalen Hbf|Mögglingen(Gmünd)|Böbingen(Rems)|Schwäbisch Gmünd|Lorch(Württ)|Waldhausen(b Schorndorf)|Plüderhausen|Urbach(b Schorndorf)|Schorndorf|Waiblingen|Stuttgart-Bad Cannstatt,8000096,Stuttgart Hbf,Baden-Württemberg,Stuttgart,70173,9.183172973,48.78473069,1,2609101643.0,14,,,h,2.0,Information,,,,,,,4.0,0.0
-4004274244229684776-2609101612-1,7344,,2609101612.0,,,S,S3,,8000096,Stuttgart Hbf,Baden-Württemberg,Stuttgart,70173,9.183172973,48.78473069,1,,,2609101612.0,,,,,,,,,,,0.0,0.0
-3924626970669458370-2609101541-12,7345,2609101617.0,,4.0,,S,,Backnang|Maubach|Nellmersbach|Winnenden|Schwaikheim|Neustadt-Hohenacker|Waiblingen|Fellbach|Stuttgart-Sommerrain|Stuttgart Nürnberger Str.|Stuttgart-Bad Cannstatt,8000096,Stuttgart Hbf,Baden-Württemberg,Stuttgart,70173,9.183172973,48.78473069,1,2609101620.0,,,,,,,,,,,,,3.0,0.0
-8550986694392326164-2609101657-1,89687,,2609101657.0,,,ARV,RE90,,8000096,Stuttgart Hbf,Baden-Württemberg,Stuttgart,70173,9.183172973,48.78473069,1,,,2609101658.0,,h,2.0,Information,,,,,,,0.0,1.0
1890742567431507346-2609101625-3,7146,2609101632.0,2609101632.0,2.0,,S,S1,Stuttgart Hbf|Stuttgart-Bad Cannstatt,8006743,Stuttgart Neckarpark,Baden-Württemberg,Stuttgart,70372,9.24106855,48.79194362,4,2609101638.0,,2609101639.0,,,,,,,,,,,6.0,7.0
9072809401414477062-2609101550-13,7147,2609101627.0,2609101627.0,1.0,,S,S1,Kirchheim(Teck)|Kirchheim(Teck)-Ötlingen|Wendlingen(Neckar)|Wernau(Neckar)|Plochingen|Altbach|Esslingen-Zell|Oberesslingen|Esslingen(Neckar)|Esslingen-Mettingen|Stuttgart-Obertürkheim|Stuttgart-Untertürkheim,8006743,Stuttgart Neckarpark,Baden-Württemberg,Stuttgart,70372,9.24106855,48.79194362,4,2609101628.0,,2609101628.0,,,,,,,,,,,1.0,1.0
6037772526634891708-2609101555-3,7144,2609101602.0,2609101602.0,2.0,,S,S1,Stuttgart Hbf|Stuttgart-Bad Cannstatt,8006743,Stuttgart Neckarpark,Baden-Württemberg,Stuttgart,70372,9.24106855,48.79194362,4,2609101602.0,,2609101607.0,,,,,,,,,,,0.0,5.0
-7851813684664054699-2609101620-13,7149,2609101657.0,2609101657.0,1.0,,S,S1,Kirchheim(Teck)|Kirchheim(Teck)-Ötlingen|Wendlingen(Neckar)|Wernau(Neckar)|Plochingen|Altbach|Esslingen-Zell|Oberesslingen|Esslingen(Neckar)|Esslingen-Mettingen|Stuttgart-Obertürkheim|Stuttgart-Untertürkheim,8006743,Stuttgart Neckarpark,Baden-Württemberg,Stuttgart,70372,9.24106855,48.79194362,4,2609101657.0,,2609101657.0,,,,,,,,,,,0.0,0.0
-5328396491952779638-2609101554-7,7645,2609101609.0,2609101611.0,4.0,,S,S6,Ditzingen|Weilimdorf|Korntal|Neuwirtshaus(Porscheplatz)|Stuttgart-Zuffenhausen|Stuttgart-Feuerbach,8005767,Stuttgart Nord,Baden-Württemberg,Stuttgard-Nord,70174,9.188061449,48.80374161,5,2609101609.0,,2609101612.0,,h,1.0,Bauarbeiten,,,,,,,0.0,1.0
-4338777374283451398-2609101624-7,7647,2609101639.0,2609101641.0,4.0,,S,S6,Ditzingen|Weilimdorf|Korntal|Neuwirtshaus(Porscheplatz)|Stuttgart-Zuffenhausen|Stuttgart-Feuerbach,8005767,Stuttgart Nord,Baden-Württemberg,Stuttgard-Nord,70174,9.188061449,48.80374161,5,2609101639.0,,2609101642.0,,h,1.0,Bauarbeiten,,,,,,,0.0,1.0
-8547743709603473957-2609101533-13,7445,2609101619.0,2609101621.0,4.0,,S,S4,Backnang|Burgstall(Murr)|Kirchberg(Murr)|Erdmannhausen|Marbach(Neckar)|Benningen(Neckar)|Freiberg(Neckar)|Favoritepark|Ludwigsburg|Kornwestheim Pbf|Stuttgart-Zuffenhausen|Stuttgart-Feuerbach,8005767,Stuttgart Nord,Baden-Württemberg,Stuttgard-Nord,70174,9.188061449,48.80374161,5,2609101623.0,,2609101625.0,,,,,,,,,,,4.0,4.0
-4827015275996172889-2609101637-8,7549,2609101659.0,2609101701.0,4.0,,S,S5,Bietigheim-Bissingen|Tamm(Württ)|Asperg|Ludwigsburg|Kornwestheim Pbf|Stuttgart-Zuffenhausen|Stuttgart-Feuerbach,8005767,Stuttgart Nord,Baden-Württemberg,Stuttgard-Nord,70174,9.188061449,48.80374161,5,2609101700.0,,2609101702.0,,,,,,,,,,,1.0,1.0
-4628505577045451249-2609101557-2,7544,2609101600.0,2609101601.0,3.0,,S,S5,Stuttgart Hbf,8005767,Stuttgart Nord,Baden-Württemberg,Stuttgard-Nord,70174,9.188061449,48.80374161,5,2609101601.0,,2609101601.0,,,,,,,,,,,1.0,0.0
-7748732492772087501-2609101607-2,7442,2609101610.0,2609101611.0,3.0,,S,S4,Stuttgart Hbf,8005767,Stuttgart Nord,Baden-Württemberg,Stuttgard-Nord,70174,9.188061449,48.80374161,5,2609101611.0,,2609101612.0,,,,,,,,,,,1.0,1.0
6801304589286144337-2609101537-8,7545,2609101559.0,2609101601.0,4.0,,S,S5,Bietigheim-Bissingen|Tamm(Württ)|Asperg|Ludwigsburg|Kornwestheim Pbf|Stuttgart-Zuffenhausen|Stuttgart-Feuerbach,8005767,Stuttgart Nord,Baden-Württemberg,Stuttgard-Nord,70174,9.188061449,48.80374161,5,2609101559.0,,2609101601.0,,,,,,,,,,,0.0,0.0
924644417488732877-2609101617-2,7644,2609101620.0,2609101622.0,3.0,,S,S6,Stuttgart Hbf,8005767,Stuttgart Nord,Baden-Württemberg,Stuttgard-Nord,70174,9.188061449,48.80374161,5,2609101622.0,,2609101623.0,,h,1.0,Bauarbeiten,,,,,,,2.0,1.0
-3086228637643871650-2609101647-2,7646,2609101650.0,2609101652.0,3.0,,S,S6,Stuttgart Hbf,8005767,Stuttgart Nord,Baden-Württemberg,Stuttgard-Nord,70174,9.188061449,48.80374161,5,2609101651.0,,2609101652.0,,h,1.0,Bauarbeiten,,,,,,,1.0,0.0
6027149644914886165-2609101637-2,7444,2609101640.0,2609101641.0,3.0,,S,S4,Stuttgart Hbf,8005767,Stuttgart Nord,Baden-Württemberg,Stuttgard-Nord,70174,9.188061449,48.80374161,5,2609101643.0,,2609101644.0,,,,,,,,,,,3.0,3.0
-3254435403021853572-2609101603-13,7447,2609101649.0,2609101651.0,4.0,,S,S4,Backnang|Burgstall(Murr)|Kirchberg(Murr)|Erdmannhausen|Marbach(Neckar)|Benningen(Neckar)|Freiberg(Neckar)|Favoritepark|Ludwigsburg|Kornwestheim Pbf|Stuttgart-Zuffenhausen|Stuttgart-Feuerbach,8005767,Stuttgart Nord,Baden-Württemberg,Stuttgard-Nord,70174,9.188061449,48.80374161,5,2609101703.0,,2609101704.0,,,,,,,,,c,c,14.0,13.0
4626892396658662892-2609101627-2,7546,2609101630.0,2609101631.0,3.0,,S,S5,Stuttgart Hbf,8005767,Stuttgart Nord,Baden-Württemberg,Stuttgard-Nord,70174,9.188061449,48.80374161,5,2609101633.0,,2609101634.0,,,,,,,,,,,3.0,3.0
3550462619255367417-2609101607-8,7547,2609101629.0,2609101631.0,4.0,,S,S5,Bietigheim-Bissingen|Tamm(Württ)|Asperg|Ludwigsburg|Kornwestheim Pbf|Stuttgart-Zuffenhausen|Stuttgart-Feuerbach,8005767,Stuttgart Nord,Baden-Württemberg,Stuttgard-Nord,70174,9.188061449,48.80374161,5,2609101629.0,,2609101632.0,,,,,,,,,,,0.0,1.0
-3574262159782319876-2609101533-13,7245,2609101602.0,2609101603.0,1.0,,S,S2,Schorndorf|Weiler(Rems)|Winterbach(b Schorndorf)|Geradstetten|Grunbach|Beutelsbach|Endersbach|Stetten-Beinstein|Rommelshausen|Waiblingen|Fellbach|Stuttgart-Sommerrain,8004357,Stuttgart Nürnberger Straße,Baden-Württemberg,Stuttgart,70374,9.234576905,48.80656062,5,2609101606.0,,2609101608.0,,h,2.0,Bauarbeiten,,,,,,,4.0,5.0
-5445906738201891339-2609101603-13,7247,2609101632.0,2609101633.0,1.0,,S,S2,Schorndorf|Weiler(Rems)|Winterbach(b Schorndorf)|Geradstetten|Grunbach|Beutelsbach|Endersbach|Stetten-Beinstein|Rommelshausen|Waiblingen|Fellbach|Stuttgart-Sommerrain,8004357,Stuttgart Nürnberger Straße,Baden-Württemberg,Stuttgart,70374,9.234576905,48.80656062,5,2609101635.0,,2609101636.0,,h,2.0,Bauarbeiten,,,,,,,3.0,3.0
7369273237182260533-2609101650-3,7246,2609101657.0,2609101657.0,4.0,,S,S2,Stuttgart Hbf|Stuttgart-Bad Cannstatt,8004357,Stuttgart Nürnberger Straße,Baden-Württemberg,Stuttgart,70374,9.234576905,48.80656062,5,2609101657.0,,2609101658.0,,h,2.0,Bauarbeiten,,,,,,,0.0,1.0
-2983041268716826074-2609101611-10,7347,2609101637.0,2609101638.0,1.0,,S,S3,Backnang|Maubach|Nellmersbach|Winnenden|Schwaikheim|Neustadt-Hohenacker|Waiblingen|Fellbach|Stuttgart-Sommerrain,8004357,Stuttgart Nürnberger Straße,Baden-Württemberg,Stuttgart,70374,9.234576905,48.80656062,5,2609101638.0,,2609101639.0,,,,,,,,,,,1.0,1.0
60204090947316905-2609101620-3,7244,2609101627.0,2609101627.0,4.0,,S,S2,Stuttgart Hbf|Stuttgart-Bad Cannstatt,8004357,Stuttgart Nürnberger Straße,Baden-Württemberg,Stuttgart,70374,9.234576905,48.80656062,5,2609101635.0,,2609101638.0,,h,2.0,Bauarbeiten,,,,,,,8.0,11.0
-6739253170809320051-2609101642-3,7346,2609101652.0,2609101652.0,4.0,,S,S3,Stuttgart Hbf|Stuttgart-Bad Cannstatt,8004357,Stuttgart Nürnberger Straße,Baden-Württemberg,Stuttgart,70374,9.234576905,48.80656062,5,2609101652.0,,2609101652.0,,,,,,,,,,,0.0,0.0
-4004274244229684776-2609101612-3,7344,2609101622.0,2609101622.0,4.0,,S,S3,Stuttgart Hbf|Stuttgart-Bad Cannstatt,8004357,Stuttgart Nürnberger Straße,Baden-Württemberg,Stuttgart,70374,9.234576905,48.80656062,5,2609101622.0,,2609101623.0,,,,,,,,,,,0.0,1.0
-3924626970669458370-2609101541-10,7345,2609101607.0,2609101608.0,1.0,,S,S3,Backnang|Maubach|Nellmersbach|Winnenden|Schwaikheim|Neustadt-Hohenacker|Waiblingen|Fellbach|Stuttgart-Sommerrain,8004357,Stuttgart Nürnberger Straße,Baden-Württemberg,Stuttgart,70374,9.234576905,48.80656062,5,2609101610.0,,2609101611.0,,,,,,,,,,,3.0,3.0
6798270359717880545-2609101548-15,19154,2609101648.0,2609101649.0,5.0,,ARV,MEX16,Geislingen(Steige)|Geislingen(Steige)West|Kuchen|Gingen(Fils)|Süßen|Salach|Eislingen(Fils)|Göppingen|Faurndau|Uhingen|Ebersbach(Fils)|Reichenbach(Fils)|Plochingen|Esslingen(Neckar),8005769,Stuttgart-Bad Cannstatt,Baden-Württemberg,Stuttgart,70372,9.217468636,48.80127978,3,2609101652.0,,2609101654.0,,,,,,,,,,,4.0,5.0
-5168618100041663203-2609101620-2,19475,2609101624.0,2609101625.0,7.0,,ARV,MEX13,Stuttgart Hbf,8005769,Stuttgart-Bad Cannstatt,Baden-Württemberg,Stuttgart,70372,9.217468636,48.80127978,3,2609101650.0,,2609101651.0,,h,2.0,Störung,,,,,,,26.0,26.0
3420342321820958894-2609101438-19,88618,2609101658.0,2609101659.0,6.0,,ARV,RE90,Nürnberg Hbf|Roßtal|Heilsbronn|Wicklesgreuth|Ansbach|Leutershausen-Wiedersbach|Dombühl|Schnelldorf|Crailsheim|Eckartshausen-Ilshofen|Schwäbisch Hall-Hessental|Gaildorf West|Murrhardt|Sulzbach(Murr)|Oppenweiler(Württ)|Backnang|Winnenden|Waiblingen,8005769,Stuttgart-Bad Cannstatt,Baden-Württemberg,Stuttgart,70372,9.217468636,48.80127978,3,2609101701.0,,2609101702.0,,,,,,,,,,,3.0,3.0
-7952168138612223160-2609101507-11,19426,2609101605.0,2609101605.0,6.0,,ARV,MEX13,Aalen Hbf|Mögglingen(Gmünd)|Böbingen(Rems)|Schwäbisch Gmünd|Lorch(Württ)|Waldhausen(b Schorndorf)|Plüderhausen|Urbach(b Schorndorf)|Schorndorf|Waiblingen,8005769,Stuttgart-Bad Cannstatt,Baden-Württemberg,Stuttgart,70372,9.217468636,48.80127978,3,2609101628.0,,2609101629.0,,h,2.0,Information,,,,,,,23.0,24.0
-8726739109013782304-2609101557-10,19231,2609101654.0,2609101655.0,8.0,,RE,MEX12,Heilbronn Hbf|Nordheim(Württ)|Lauffen(Neckar)|Kirchheim(Neckar)|Walheim(Württ)|Besigheim|Bietigheim-Bissingen|Ludwigsburg|Stuttgart Hbf,8005769,Stuttgart-Bad Cannstatt,Baden-Württemberg,Stuttgart,70372,9.217468636,48.80127978,3,2609101719.0,4,2609101719.0,4.0,h,2.0,Störung,,,,,,,25.0,24.0
1890742567431507346-2609101625-2,7146,2609101628.0,2609101629.0,3.0,,S,S1,Stuttgart Hbf,8005769,Stuttgart-Bad Cannstatt,Baden-Württemberg,Stuttgart,70372,9.217468636,48.80127978,3,2609101635.0,,2609101636.0,,,,,,,,,,,7.0,7.0
-3574262159782319876-2609101533-14,7245,2609101605.0,2609101606.0,2.0,,S,S2,Schorndorf|Weiler(Rems)|Winterbach(b Schorndorf)|Geradstetten|Grunbach|Beutelsbach|Endersbach|Stetten-Beinstein|Rommelshausen|Waiblingen|Fellbach|Stuttgart-Sommerrain|Stuttgart Nürnberger Str.,8005769,Stuttgart-Bad Cannstatt,Baden-Württemberg,Stuttgart,70372,9.217468636,48.80127978,3,2609101610.0,,2609101610.0,,h,2.0,Bauarbeiten,,,,,,,5.0,4.0
-5445906738201891339-2609101603-14,7247,2609101635.0,2609101636.0,2.0,,S,S2,Schorndorf|Weiler(Rems)|Winterbach(b Schorndorf)|Geradstetten|Grunbach|Beutelsbach|Endersbach|Stetten-Beinstein|Rommelshausen|Waiblingen|Fellbach|Stuttgart-Sommerrain|Stuttgart Nürnberger Str.,8005769,Stuttgart-Bad Cannstatt,Baden-Württemberg,Stuttgart,70372,9.217468636,48.80127978,3,2609101638.0,,2609101639.0,,h,2.0,Bauarbeiten,,,,,,,3.0,3.0
9072809401414477062-2609101550-14,7147,2609101630.0,2609101631.0,2.0,,S,S1,Kirchheim(Teck)|Kirchheim(Teck)-Ötlingen|Wendlingen(Neckar)|Wernau(Neckar)|Plochingen|Altbach|Esslingen-Zell|Oberesslingen|Esslingen(Neckar)|Esslingen-Mettingen|Stuttgart-Obertürkheim|Stuttgart-Untertürkheim|Stuttgart Neckarpark,8005769,Stuttgart-Bad Cannstatt,Baden-Württemberg,Stuttgart,70372,9.217468636,48.80127978,3,2609101631.0,,2609101632.0,,,,,,,,,,,1.0,1.0
-7734078232361227040-2609101655-2,7148,2609101658.0,2609101659.0,3.0,,S,S1,Stuttgart Hbf,8005769,Stuttgart-Bad Cannstatt,Baden-Württemberg,Stuttgart,70372,9.217468636,48.80127978,3,2609101659.0,,2609101659.0,,,,,,,,,,,1.0,0.0
6830165283023982751-2609101520-14,7145,2609101600.0,2609101601.0,2.0,,S,S1,Kirchheim(Teck)|Kirchheim(Teck)-Ötlingen|Wendlingen(Neckar)|Wernau(Neckar)|Plochingen|Altbach|Esslingen-Zell|Oberesslingen|Esslingen(Neckar)|Esslingen-Mettingen|Stuttgart-Obertürkheim|Stuttgart-Untertürkheim|Stuttgart Neckarpark,8005769,Stuttgart-Bad Cannstatt,Baden-Württemberg,Stuttgart,70372,9.217468636,48.80127978,3,2609101600.0,,2609101601.0,,,,,,,,,,,0.0,0.0
4359145174899901492-2609101647-2,19425,2609101650.0,2609101652.0,7.0,,ARV,MEX13,Stuttgart Hbf,8005769,Stuttgart-Bad Cannstatt,Baden-Württemberg,Stuttgart,70372,9.217468636,48.80127978,3,2609101655.0,,2609101656.0,,h,2.0,Information,,,,,,,5.0,4.0
8256892323728512755-2609101626-2,17541,2609101629.0,2609101630.0,7.0,,RB,MEX90,Stuttgart Hbf,8005769,Stuttgart-Bad Cannstatt,Baden-Württemberg,Stuttgart,70372,9.217468636,48.80127978,3,2609101629.0,,2609101631.0,,h,2.0,Störung,,,,,,,0.0,1.0
5995165262498243987-2609101604-2,19155,2609101607.0,2609101608.0,8.0,,ARV,MEX16,Stuttgart Hbf,8005769,Stuttgart-Bad Cannstatt,Baden-Württemberg,Stuttgart,70372,9.217468636,48.80127978,3,2609101609.0,,2609101610.0,,,,,,,,,,,2.0,2.0
5506469601342734593-2609101642-2,19157,2609101645.0,2609101646.0,8.0,,ARV,MEX16,Stuttgart Hbf,8005769,Stuttgart-Bad Cannstatt,Baden-Württemberg,Stuttgart,70372,9.217468636,48.80127978,3,2609101652.0,,2609101654.0,,,,,,,,,,,7.0,8.0
-4518036593443333600-2609101436-21,19152,2609101611.0,2609101612.0,5.0,,ARV,MEX16,Ulm Hbf|Beimerstetten|Westerstetten|Lonsee|Urspring|Amstetten(Württ)|Geislingen(Steige)|Geislingen(Steige)West|Kuchen|Gingen(Fils)|Süßen|Salach|Eislingen(Fils)|Göppingen|Faurndau|Uhingen|Ebersbach(Fils)|Reichenbach(Fils)|Plochingen|Esslingen(Neckar),8005769,Stuttgart-Bad Cannstatt,Baden-Württemberg,Stuttgart,70372,9.217468636,48.80127978,3,2609101617.0,,2609101618.0,,,,,,,,,,,6.0,6.0
7369273237182260533-2609101650-2,7246,2609101654.0,2609101654.0,3.0,,S,S2,Stuttgart Hbf,8005769,Stuttgart-Bad Cannstatt,Baden-Württemberg,Stuttgart,70372,9.217468636,48.80127978,3,2609101654.0,,2609101654.0,,h,2.0,Bauarbeiten,,,,,,,0.0,0.0
-2983041268716826074-2609101611-11,7347,2609101641.0,2609101643.0,2.0,,S,S3,Backnang|Maubach|Nellmersbach|Winnenden|Schwaikheim|Neustadt-Hohenacker|Waiblingen|Fellbach|Stuttgart-Sommerrain|Stuttgart Nürnberger Str.,8005769,Stuttgart-Bad Cannstatt,Baden-Württemberg,Stuttgart,70372,9.217468636,48.80127978,3,2609101642.0,,2609101643.0,,,,,,,,,,,1.0,0.0
60204090947316905-2609101620-2,7244,2609101624.0,2609101624.0,3.0,,S,S2,Stuttgart Hbf,8005769,Stuttgart-Bad Cannstatt,Baden-Württemberg,Stuttgart,70372,9.217468636,48.80127978,3,2609101632.0,,2609101633.0,,h,2.0,Bauarbeiten,,,,,,,8.0,9.0
-6739253170809320051-2609101642-2,7346,2609101646.0,2609101649.0,3.0,,S,S3,Stuttgart Hbf,8005769,Stuttgart-Bad Cannstatt,Baden-Württemberg,Stuttgart,70372,9.217468636,48.80127978,3,2609101646.0,,2609101649.0,,,,,,,,,,,0.0,0.0
-273547766285307951-2609101511-17,19476,2609101635.0,2609101635.0,6.0,,ARV,MEX13,Ellwangen|Schrezheim|Schwabsberg|Goldshöfe|Hofen(b Aalen)|Wasseralfingen|Aalen Hbf|Mögglingen(Gmünd)|Böbingen(Rems)|Schwäbisch Gmünd|Lorch(Württ)|Waldhausen(b Schorndorf)|Plüderhausen|Urbach(b Schorndorf)|Schorndorf|Waiblingen,8005769,Stuttgart-Bad Cannstatt,Baden-Württemberg,Stuttgart,70372,9.217468636,48.80127978,3,2609101639.0,,2609101639.0,,h,2.0,Information,,,,,,,4.0,4.0
-4004274244229684776-2609101612-2,7344,2609101616.0,2609101619.0,3.0,,S,S3,Stuttgart Hbf,8005769,Stuttgart-Bad Cannstatt,Baden-Württemberg,Stuttgart,70372,9.217468636,48.80127978,3,2609101617.0,,2609101619.0,,,,,,,,,,,1.0,0.0
-3924626970669458370-2609101541-11,7345,2609101611.0,2609101613.0,2.0,,S,S3,Backnang|Maubach|Nellmersbach|Winnenden|Schwaikheim|Neustadt-Hohenacker|Waiblingen|Fellbach|Stuttgart-Sommerrain|Stuttgart Nürnberger Str.,8005769,Stuttgart-Bad Cannstatt,Baden-Württemberg,Stuttgart,70372,9.217468636,48.80127978,3,2609101613.0,,2609101614.0,,,,,,,,,,,2.0,1.0
-5328396491952779638-2609101554-6,7645,2609101606.0,2609101606.0,1.0,,S,S6,Ditzingen|Weilimdorf|Korntal|Neuwirtshaus(Porscheplatz)|Stuttgart-Zuffenhausen,8005770,Stuttgart-Feuerbach,Baden-Württemberg,Feuerbach,70469,9.169186287,48.81363554,3,2609101606.0,,2609101607.0,,h,1.0,Bauarbeiten,,,,,,,0.0,1.0
-4338777374283451398-2609101624-6,7647,2609101636.0,2609101636.0,1.0,,S,S6,Ditzingen|Weilimdorf|Korntal|Neuwirtshaus(Porscheplatz)|Stuttgart-Zuffenhausen,8005770,Stuttgart-Feuerbach,Baden-Württemberg,Feuerbach,70469,9.169186287,48.81363554,3,2609101636.0,,2609101637.0,,h,1.0,Bauarbeiten,,,,,,,0.0,1.0
-8547743709603473957-2609101533-12,7445,2609101616.0,2609101617.0,1.0,,S,S4,Backnang|Burgstall(Murr)|Kirchberg(Murr)|Erdmannhausen|Marbach(Neckar)|Benningen(Neckar)|Freiberg(Neckar)|Favoritepark|Ludwigsburg|Kornwestheim Pbf|Stuttgart-Zuffenhausen,8005770,Stuttgart-Feuerbach,Baden-Württemberg,Feuerbach,70469,9.169186287,48.81363554,3,2609101621.0,,2609101622.0,,,,,,,,,,,5.0,5.0
-4827015275996172889-2609101637-7,7549,2609101656.0,2609101656.0,1.0,,S,S5,Bietigheim-Bissingen|Tamm(Württ)|Asperg|Ludwigsburg|Kornwestheim Pbf|Stuttgart-Zuffenhausen,8005770,Stuttgart-Feuerbach,Baden-Württemberg,Feuerbach,70469,9.169186287,48.81363554,3,2609101658.0,,2609101658.0,,,,,,,,,,,2.0,2.0
-4628505577045451249-2609101557-3,7544,2609101603.0,2609101604.0,2.0,,S,S5,Stuttgart Hbf|Stuttgart Nordbahnhof,8005770,Stuttgart-Feuerbach,Baden-Württemberg,Feuerbach,70469,9.169186287,48.81363554,3,2609101603.0,,2609101604.0,,,,,,,,,,,0.0,0.0
-7748732492772087501-2609101607-3,7442,2609101613.0,2609101614.0,2.0,,S,S4,Stuttgart Hbf|Stuttgart Nordbahnhof,8005770,Stuttgart-Feuerbach,Baden-Württemberg,Feuerbach,70469,9.169186287,48.81363554,3,2609101613.0,,2609101614.0,,,,,,,,,,,0.0,0.0
924644417488732877-2609101617-3,7644,2609101624.0,2609101624.0,2.0,,S,S6,Stuttgart Hbf|Stuttgart Nordbahnhof,8005770,Stuttgart-Feuerbach,Baden-Württemberg,Feuerbach,70469,9.169186287,48.81363554,3,2609101624.0,,2609101625.0,,h,1.0,Bauarbeiten,,,,,,,0.0,1.0
-3086228637643871650-2609101647-3,7646,2609101654.0,2609101654.0,2.0,,S,S6,Stuttgart Hbf|Stuttgart Nordbahnhof,8005770,Stuttgart-Feuerbach,Baden-Württemberg,Feuerbach,70469,9.169186287,48.81363554,3,2609101654.0,,2609101654.0,,h,1.0,Bauarbeiten,,,,,,,0.0,0.0
6027149644914886165-2609101637-3,7444,2609101643.0,2609101644.0,2.0,,S,S4,Stuttgart Hbf|Stuttgart Nordbahnhof,8005770,Stuttgart-Feuerbach,Baden-Württemberg,Feuerbach,70469,9.169186287,48.81363554,3,2609101645.0,,2609101646.0,,,,,,,,,,,2.0,2.0
-3254435403021853572-2609101603-12,7447,2609101646.0,2609101647.0,1.0,,S,S4,Backnang|Burgstall(Murr)|Kirchberg(Murr)|Erdmannhausen|Marbach(Neckar)|Benningen(Neckar)|Freiberg(Neckar)|Favoritepark|Ludwigsburg|Kornwestheim Pbf|Stuttgart-Zuffenhausen,8005770,Stuttgart-Feuerbach,Baden-Württemberg,Feuerbach,70469,9.169186287,48.81363554,3,2609101703.0,1a,2609101701.0,,,,,,,,,,c,17.0,14.0
4626892396658662892-2609101627-3,7546,2609101633.0,2609101634.0,2.0,,S,S5,Stuttgart Hbf|Stuttgart Nordbahnhof,8005770,Stuttgart-Feuerbach,Baden-Württemberg,Feuerbach,70469,9.169186287,48.81363554,3,2609101636.0,,2609101637.0,,,,,,,,,,,3.0,3.0
3550462619255367417-2609101607-7,7547,2609101626.0,2609101626.0,1.0,,S,S5,Bietigheim-Bissingen|Tamm(Württ)|Asperg|Ludwigsburg|Kornwestheim Pbf|Stuttgart-Zuffenhausen,8005770,Stuttgart-Feuerbach,Baden-Württemberg,Feuerbach,70469,9.169186287,48.81363554,3,2609101627.0,,2609101628.0,,,,,,,,,,,1.0,2.0
1890742567431507346-2609101625-5,7146,2609101637.0,2609101637.0,6.0,,S,S1,Stuttgart Hbf|Stuttgart-Bad Cannstatt|Stuttgart Neckarpark|Stuttgart-Untertürkheim,8005772,Stuttgart-Obertürkheim,Baden-Württemberg,Stuttgart,70329,9.268167932,48.76175015,4,2609101646.0,5,2609101647.0,5.0,,,,,,,,,,9.0,10.0
9072809401414477062-2609101550-11,7147,2609101622.0,2609101622.0,5.0,,S,S1,Kirchheim(Teck)|Kirchheim(Teck)-Ötlingen|Wendlingen(Neckar)|Wernau(Neckar)|Plochingen|Altbach|Esslingen-Zell|Oberesslingen|Esslingen(Neckar)|Esslingen-Mettingen,8005772,Stuttgart-Obertürkheim,Baden-Württemberg,Stuttgart,70329,9.268167932,48.76175015,4,2609101622.0,,2609101623.0,,,,,,,,,,,0.0,1.0
6037772526634891708-2609101555-5,7144,2609101607.0,2609101607.0,6.0,,S,S1,Stuttgart Hbf|Stuttgart-Bad Cannstatt|Stuttgart Neckarpark|Stuttgart-Untertürkheim,8005772,Stuttgart-Obertürkheim,Baden-Württemberg,Stuttgart,70329,9.268167932,48.76175015,4,2609101655.0,,2609101655.0,,,,,,,Stuttgart Hbf|Stuttgart-Bad Cannstatt|Stuttgart Neckarpark|Stuttgart-Untertürkheim,Esslingen-Mettingen|Esslingen(Neckar)|Oberesslingen|Esslingen-Zell|Altbach|Plochingen|Wernau(Neckar)|Wendlingen(Neckar)|Kirchheim(Teck)-Ötlingen|Kirchheim(Teck),,,48.0,48.0
-7851813684664054699-2609101620-11,7149,2609101652.0,2609101652.0,5.0,,S,S1,Kirchheim(Teck)|Kirchheim(Teck)-Ötlingen|Wendlingen(Neckar)|Wernau(Neckar)|Plochingen|Altbach|Esslingen-Zell|Oberesslingen|Esslingen(Neckar)|Esslingen-Mettingen,8005772,Stuttgart-Obertürkheim,Baden-Württemberg,Stuttgart,70329,9.268167932,48.76175015,4,2609101652.0,,2609101652.0,,,,,,,,,,,0.0,0.0
1877783574861069288-2609101633-6,7946,2609101648.0,2609101649.0,3.0,,S,S2,Filderstadt|Stuttgart Flughafen/Messe|Echterdingen|Leinfelden|Oberaichen,8005773,Stuttgart-Rohr,Baden-Württemberg,Stuttgart,70565,9.108158025,48.71799427,4,2609101648.0,,2609101649.0,,,,,,,,,,,0.0,0.0
6295831457013207177-2609101646-2,7747,2609101647.0,2609101653.0,2.0,,S,S1,Stuttgart-Vaihingen,8005773,Stuttgart-Rohr,Baden-Württemberg,Stuttgart,70565,9.108158025,48.71799427,4,2609101647.0,,2609101653.0,,,,,,,,,,,0.0,0.0
-7890265662573644504-2609101605-2,7945,2609101606.0,2609101612.0,2.0,,S,S2,Stuttgart-Vaihingen,8005773,Stuttgart-Rohr,Baden-Württemberg,Stuttgart,70565,9.108158025,48.71799427,4,2609101606.0,,2609101612.0,,,,,,,,,,,0.0,0.0
-700744146323234249-2609101616-8,7748,2609101637.0,2609101638.0,3.0,,S,S1,Herrenberg|Nufringen|Gärtringen|Ehningen(b Böblingen)|Hulb|Böblingen|Goldberg(Württ),8005773,Stuttgart-Rohr,Baden-Württemberg,Stuttgart,70565,9.108158025,48.71799427,4,2609101638.0,,2609101639.0,,,,,,,,,,,1.0,1.0
4046308478119658372-2609101546-8,7746,2609101607.0,2609101608.0,3.0,,S,S1,Herrenberg|Nufringen|Gärtringen|Ehningen(b Böblingen)|Hulb|Böblingen|Goldberg(Württ),8005773,Stuttgart-Rohr,Baden-Württemberg,Stuttgart,70565,9.108158025,48.71799427,4,2609101610.0,,2609101611.0,,,,,,,,,,,3.0,3.0
7145149212361785028-2609101603-6,7944,2609101618.0,2609101619.0,3.0,,S,S2,Filderstadt|Stuttgart Flughafen/Messe|Echterdingen|Leinfelden|Oberaichen,8005773,Stuttgart-Rohr,Baden-Württemberg,Stuttgart,70565,9.108158025,48.71799427,4,2609101618.0,,2609101619.0,,,,,,,,,,,0.0,0.0
378305189179015240-2609101635-2,7947,2609101636.0,2609101642.0,2.0,,S,S2,Stuttgart-Vaihingen,8005773,Stuttgart-Rohr,Baden-Württemberg,Stuttgart,70565,9.108158025,48.71799427,4,2609101637.0,,2609101642.0,,,,,,,,,,,1.0,0.0
-3536192323965020429-2609101616-2,7745,2609101617.0,2609101623.0,2.0,,S,S1,Stuttgart-Vaihingen,8005773,Stuttgart-Rohr,Baden-Württemberg,Stuttgart,70565,9.108158025,48.71799427,4,2609101617.0,,2609101623.0,,,,,,,,,,,0.0,0.0
-3574262159782319876-2609101533-12,7245,2609101600.0,2609101600.0,1.0,,S,S2,Schorndorf|Weiler(Rems)|Winterbach(b Schorndorf)|Geradstetten|Grunbach|Beutelsbach|Endersbach|Stetten-Beinstein|Rommelshausen|Waiblingen|Fellbach,8005774,Stuttgart-Sommerrain,Baden-Württemberg,Stuttgart,70374,9.248369749,48.81521824,5,2609101603.0,,2609101604.0,,h,2.0,Bauarbeiten,,,,,,,3.0,4.0
-5445906738201891339-2609101603-12,7247,2609101630.0,2609101630.0,1.0,,S,S2,Schorndorf|Weiler(Rems)|Winterbach(b Schorndorf)|Geradstetten|Grunbach|Beutelsbach|Endersbach|Stetten-Beinstein|Rommelshausen|Waiblingen|Fellbach,8005774,Stuttgart-Sommerrain,Baden-Württemberg,Stuttgart,70374,9.248369749,48.81521824,5,2609101632.0,,2609101633.0,,h,2.0,Bauarbeiten,,,,,,,2.0,3.0
7369273237182260533-2609101650-4,7246,2609101659.0,2609101659.0,4.0,,S,S2,Stuttgart Hbf|Stuttgart-Bad Cannstatt|Stuttgart Nürnberger Str.,8005774,Stuttgart-Sommerrain,Baden-Württemberg,Stuttgart,70374,9.248369749,48.81521824,5,2609101659.0,,2609101700.0,,h,2.0,Bauarbeiten,,,,,,,0.0,1.0
-2983041268716826074-2609101611-9,7347,2609101635.0,2609101635.0,1.0,,S,S3,Backnang|Maubach|Nellmersbach|Winnenden|Schwaikheim|Neustadt-Hohenacker|Waiblingen|Fellbach,8005774,Stuttgart-Sommerrain,Baden-Württemberg,Stuttgart,70374,9.248369749,48.81521824,5,2609101636.0,,2609101637.0,,,,,,,,,,,1.0,2.0
60204090947316905-2609101620-4,7244,2609101629.0,2609101629.0,4.0,,S,S2,Stuttgart Hbf|Stuttgart-Bad Cannstatt|Stuttgart Nürnberger Str.,8005774,Stuttgart-Sommerrain,Baden-Württemberg,Stuttgart,70374,9.248369749,48.81521824,5,2609101640.0,,2609101641.0,,h,2.0,Bauarbeiten,,,,,,,11.0,12.0
-6739253170809320051-2609101642-4,7346,2609101654.0,2609101654.0,4.0,,S,S3,Stuttgart Hbf|Stuttgart-Bad Cannstatt|Stuttgart Nürnberger Str.,8005774,Stuttgart-Sommerrain,Baden-Württemberg,Stuttgart,70374,9.248369749,48.81521824,5,2609101654.0,,2609101655.0,,,,,,,,,,,0.0,1.0
-4004274244229684776-2609101612-4,7344,2609101624.0,2609101624.0,4.0,,S,S3,Stuttgart Hbf|Stuttgart-Bad Cannstatt|Stuttgart Nürnberger Str.,8005774,Stuttgart-Sommerrain,Baden-Württemberg,Stuttgart,70374,9.248369749,48.81521824,5,2609101624.0,,2609101625.0,,,,,,,,,,,0.0,1.0
-3924626970669458370-2609101541-9,7345,2609101605.0,2609101605.0,1.0,,S,S3,Backnang|Maubach|Nellmersbach|Winnenden|Schwaikheim|Neustadt-Hohenacker|Waiblingen|Fellbach,8005774,Stuttgart-Sommerrain,Baden-Württemberg,Stuttgart,70374,9.248369749,48.81521824,5,2609101607.0,,2609101609.0,,,,,,,,,,,2.0,4.0
1890742567431507346-2609101625-4,7146,2609101634.0,2609101634.0,6.0,,S,S1,Stuttgart Hbf|Stuttgart-Bad Cannstatt|Stuttgart Neckarpark,8005775,Stuttgart-Untertürkheim Pbf,Baden-Württemberg,Stuttgart,70327,9.250467074,48.77984679,3,2609101641.0,5,2609101641.0,5.0,,,,,,,,,,7.0,7.0
9072809401414477062-2609101550-12,7147,2609101625.0,2609101625.0,5.0,,S,S1,Kirchheim(Teck)|Kirchheim(Teck)-Ötlingen|Wendlingen(Neckar)|Wernau(Neckar)|Plochingen|Altbach|Esslingen-Zell|Oberesslingen|Esslingen(Neckar)|Esslingen-Mettingen|Stuttgart-Obertürkheim,8005775,Stuttgart-Untertürkheim Pbf,Baden-Württemberg,Stuttgart,70327,9.250467074,48.77984679,3,2609101625.0,,2609101626.0,,,,,,,,,,,0.0,1.0
6037772526634891708-2609101555-4,7144,2609101604.0,2609101604.0,6.0,,S,S1,Stuttgart Hbf|Stuttgart-Bad Cannstatt|Stuttgart Neckarpark,8005775,Stuttgart-Untertürkheim Pbf,Baden-Württemberg,Stuttgart,70327,9.250467074,48.77984679,3,2609101608.0,,2609101653.0,,,,,,,Stuttgart Hbf|Stuttgart-Bad Cannstatt|Stuttgart Neckarpark,Stuttgart-Obertürkheim|Esslingen-Mettingen|Esslingen(Neckar)|Oberesslingen|Esslingen-Zell|Altbach|Plochingen|Wernau(Neckar)|Wendlingen(Neckar)|Kirchheim(Teck)-Ötlingen|Kirchheim(Teck),,,4.0,49.0
-7851813684664054699-2609101620-12,7149,2609101655.0,2609101655.0,5.0,,S,S1,Kirchheim(Teck)|Kirchheim(Teck)-Ötlingen|Wendlingen(Neckar)|Wernau(Neckar)|Plochingen|Altbach|Esslingen-Zell|Oberesslingen|Esslingen(Neckar)|Esslingen-Mettingen|Stuttgart-Obertürkheim,8005775,Stuttgart-Untertürkheim Pbf,Baden-Württemberg,Stuttgart,70327,9.250467074,48.77984679,3,2609101655.0,,2609101655.0,,,,,,,,,,,0.0,0.0
1877783574861069288-2609101633-7,7946,2609101650.0,,2.0,,S,,Filderstadt|Stuttgart Flughafen/Messe|Echterdingen|Leinfelden|Oberaichen|Stuttgart-Rohr,8005776,Stuttgart-Vaihingen,Baden-Württemberg,Stuttgart,70563,9.113913368,48.72698116,3,2609101650.0,,,,,,,,,,,,,0.0,0.0
1385355651314404449-2609101603-2,28489,2609101618.0,2609101618.0,4.0,,RE,RESB,Stuttgart Hbf,8005776,Stuttgart-Vaihingen,Baden-Württemberg,Stuttgart,70563,9.113913368,48.72698116,3,2609101626.0,,2609101627.0,,,,,,,,,,,8.0,9.0
-8351377194669505707-2609101612-2,17653,2609101629.0,2609101629.0,1.0,,RE,RE14b,Stuttgart Hbf,8005776,Stuttgart-Vaihingen,Baden-Württemberg,Stuttgart,70563,9.113913368,48.72698116,3,2609101631.0,,2609101632.0,,,,,,,,,,,2.0,3.0
2623969724242618233-2609101612-2,17655,2609101629.0,2609101629.0,1.0,,RE,RE14a,Stuttgart Hbf,8005776,Stuttgart-Vaihingen,Baden-Württemberg,Stuttgart,70563,9.113913368,48.72698116,3,2609101631.0,,2609101632.0,,h,1.0,Störung,,,,,,,2.0,3.0
6295831457013207177-2609101646-1,7747,,2609101646.0,,,S,S1,,8005776,Stuttgart-Vaihingen,Baden-Württemberg,Stuttgart,70563,9.113913368,48.72698116,3,,,2609101646.0,,,,,,,,,,,0.0,0.0
-3857587200421256648-2609101633-2,28488,2609101641.0,2609101641.0,4.0,,RE,RESB,Böblingen,8005776,Stuttgart-Vaihingen,Baden-Württemberg,Stuttgart,70563,9.113913368,48.72698116,3,2609101655.0,,2609101657.0,,,,,,,,,,,14.0,16.0
5852218906535637124-2609101622-2,50281,2609101638.0,2609101641.0,6.0,,RE,IC87,Stuttgart Hbf,8005776,Stuttgart-Vaihingen,Baden-Württemberg,Stuttgart,70563,9.113913368,48.72698116,3,2609101647.0,4,2609101649.0,4.0,h,2.0,Information,,,,,,,9.0,8.0
-7890265662573644504-2609101605-1,7945,,2609101605.0,,,S,S2,,8005776,Stuttgart-Vaihingen,Baden-Württemberg,Stuttgart,70563,9.113913368,48.72698116,3,,,2609101605.0,,,,,,,,,,,0.0,0.0
-700744146323234249-2609101616-9,7748,2609101640.0,,3.0,,S,,Herrenberg|Nufringen|Gärtringen|Ehningen(b Böblingen)|Hulb|Böblingen|Goldberg(Württ)|Stuttgart-Rohr,8005776,Stuttgart-Vaihingen,Baden-Württemberg,Stuttgart,70563,9.113913368,48.72698116,3,2609101640.0,,,,,,,,,,,,,0.0,0.0
4046308478119658372-2609101546-9,7746,2609101610.0,,3.0,,S,,Herrenberg|Nufringen|Gärtringen|Ehningen(b Böblingen)|Hulb|Böblingen|Goldberg(Württ)|Stuttgart-Rohr,8005776,Stuttgart-Vaihingen,Baden-Württemberg,Stuttgart,70563,9.113913368,48.72698116,3,2609101612.0,,,,,,,,,,,,,2.0,0.0
7145149212361785028-2609101603-7,7944,2609101620.0,,2.0,,S,,Filderstadt|Stuttgart Flughafen/Messe|Echterdingen|Leinfelden|Oberaichen|Stuttgart-Rohr,8005776,Stuttgart-Vaihingen,Baden-Württemberg,Stuttgart,70563,9.113913368,48.72698116,3,2609101621.0,,,,,,,,,,,,,1.0,0.0
378305189179015240-2609101635-1,7947,,2609101635.0,,,S,S2,,8005776,Stuttgart-Vaihingen,Baden-Württemberg,Stuttgart,70563,9.113913368,48.72698116,3,,,2609101635.0,,,,,,,,,,,0.0,0.0
-3536192323965020429-2609101616-1,7745,,2609101616.0,,,S,S1,,8005776,Stuttgart-Vaihingen,Baden-Württemberg,Stuttgart,70563,9.113913368,48.72698116,3,,,2609101616.0,,,,,,,,,,,0.0,0.0
-6663639682735151224-2609101622-2,281,2609101638.0,2609101641.0,6.0,,IC,,Stuttgart Hbf,8005776,Stuttgart-Vaihingen,Baden-Württemberg,Stuttgart,70563,9.113913368,48.72698116,3,2609101647.0,4,2609101649.0,4.0,h,2.0,Information,,,,,,,9.0,8.0
-434662733066569795-2609101547-7,7642,2609101603.0,2609101604.0,1.0,,S,S6,Stuttgart Hbf|Stuttgart Nordbahnhof|Stuttgart-Feuerbach|Stuttgart-Zuffenhausen|Neuwirtshaus(Porscheplatz)|Korntal,8006268,Stuttgart-Weilimdorf,Baden-Württemberg,Stuttgart,70499,9.094370086,48.82208429,5,2609101603.0,,2609101604.0,,h,1.0,Bauarbeiten,,,,,,,0.0,0.0
-4338777374283451398-2609101624-2,7647,2609101626.0,2609101626.0,2.0,,S,S6,Ditzingen,8006268,Stuttgart-Weilimdorf,Baden-Württemberg,Stuttgart,70499,9.094370086,48.82208429,5,2609101626.0,,2609101627.0,,h,1.0,Bauarbeiten,,,,,,,0.0,1.0
924644417488732877-2609101617-7,7644,2609101633.0,2609101634.0,1.0,,S,S6,Stuttgart Hbf|Stuttgart Nordbahnhof|Stuttgart-Feuerbach|Stuttgart-Zuffenhausen|Neuwirtshaus(Porscheplatz)|Korntal,8006268,Stuttgart-Weilimdorf,Baden-Württemberg,Stuttgart,70499,9.094370086,48.82208429,5,2609101634.0,,2609101635.0,,h,1.0,Bauarbeiten,,,,,,,1.0,1.0
1198023220969529413-2609101654-2,7649,2609101656.0,2609101656.0,2.0,,S,S6,Ditzingen,8006268,Stuttgart-Weilimdorf,Baden-Württemberg,Stuttgart,70499,9.094370086,48.82208429,5,2609101656.0,,2609101657.0,,h,1.0,Bauarbeiten,,,,,,,0.0,1.0
-5328396491952779638-2609101554-5,7645,2609101603.0,2609101604.0,12.0,,S,S6,Ditzingen|Weilimdorf|Korntal|Neuwirtshaus(Porscheplatz),8005778,Stuttgart-Zuffenhausen,Baden-Württemberg,Stuttgart,70435,9.167156375,48.82960884,3,2609101603.0,,2609101604.0,,h,1.0,Bauarbeiten,,,,,,,0.0,0.0
-4338777374283451398-2609101624-5,7647,2609101633.0,2609101634.0,12.0,,S,S6,Ditzingen|Weilimdorf|Korntal|Neuwirtshaus(Porscheplatz),8005778,Stuttgart-Zuffenhausen,Baden-Württemberg,Stuttgart,70435,9.167156375,48.82960884,3,2609101633.0,,2609101634.0,,h,1.0,Bauarbeiten,,,,,,,0.0,0.0
-8547743709603473957-2609101533-11,7445,2609101613.0,2609101614.0,2.0,,S,S4,Backnang|Burgstall(Murr)|Kirchberg(Murr)|Erdmannhausen|Marbach(Neckar)|Benningen(Neckar)|Freiberg(Neckar)|Favoritepark|Ludwigsburg|Kornwestheim Pbf,8005778,Stuttgart-Zuffenhausen,Baden-Württemberg,Stuttgart,70435,9.167156375,48.82960884,3,2609101618.0,,2609101619.0,,,,,,,,,,,5.0,5.0
-4827015275996172889-2609101637-6,7549,2609101653.0,2609101654.0,2.0,,S,S5,Bietigheim-Bissingen|Tamm(Württ)|Asperg|Ludwigsburg|Kornwestheim Pbf,8005778,Stuttgart-Zuffenhausen,Baden-Württemberg,Stuttgart,70435,9.167156375,48.82960884,3,2609101655.0,,2609101656.0,,,,,,,,,,,2.0,2.0
-4628505577045451249-2609101557-4,7544,2609101606.0,2609101607.0,4.0,,S,S5,Stuttgart Hbf|Stuttgart Nordbahnhof|Stuttgart-Feuerbach,8005778,Stuttgart-Zuffenhausen,Baden-Württemberg,Stuttgart,70435,9.167156375,48.82960884,3,2609101606.0,,2609101607.0,,,,,,,,,,,0.0,0.0
-7748732492772087501-2609101607-4,7442,2609101616.0,2609101617.0,4.0,,S,S4,Stuttgart Hbf|Stuttgart Nordbahnhof|Stuttgart-Feuerbach,8005778,Stuttgart-Zuffenhausen,Baden-Württemberg,Stuttgart,70435,9.167156375,48.82960884,3,2609101616.0,,2609101618.0,,,,,,,,,,,0.0,1.0
924644417488732877-2609101617-4,7644,2609101626.0,2609101627.0,11.0,,S,S6,Stuttgart Hbf|Stuttgart Nordbahnhof|Stuttgart-Feuerbach,8005778,Stuttgart-Zuffenhausen,Baden-Württemberg,Stuttgart,70435,9.167156375,48.82960884,3,2609101627.0,,2609101627.0,,h,1.0,Bauarbeiten,,,,,,,1.0,0.0
-3086228637643871650-2609101647-4,7646,2609101656.0,2609101657.0,11.0,,S,S6,Stuttgart Hbf|Stuttgart Nordbahnhof|Stuttgart-Feuerbach,8005778,Stuttgart-Zuffenhausen,Baden-Württemberg,Stuttgart,70435,9.167156375,48.82960884,3,2609101656.0,,2609101657.0,,h,1.0,Bauarbeiten,,,,,,,0.0,0.0
6027149644914886165-2609101637-4,7444,2609101646.0,2609101647.0,4.0,,S,S4,Stuttgart Hbf|Stuttgart Nordbahnhof|Stuttgart-Feuerbach,8005778,Stuttgart-Zuffenhausen,Baden-Württemberg,Stuttgart,70435,9.167156375,48.82960884,3,2609101648.0,,2609101649.0,,,,,,,,,,,2.0,2.0
-3254435403021853572-2609101603-11,7447,2609101643.0,2609101644.0,2.0,,S,S4,Backnang|Burgstall(Murr)|Kirchberg(Murr)|Erdmannhausen|Marbach(Neckar)|Benningen(Neckar)|Freiberg(Neckar)|Favoritepark|Ludwigsburg|Kornwestheim Pbf,8005778,Stuttgart-Zuffenhausen,Baden-Württemberg,Stuttgart,70435,9.167156375,48.82960884,3,2609101700.0,12,2609101701.0,12.0,,,,,,,,,,17.0,17.0
4626892396658662892-2609101627-4,7546,2609101636.0,2609101637.0,4.0,,S,S5,Stuttgart Hbf|Stuttgart Nordbahnhof|Stuttgart-Feuerbach,8005778,Stuttgart-Zuffenhausen,Baden-Württemberg,Stuttgart,70435,9.167156375,48.82960884,3,2609101638.0,,2609101639.0,,,,,,,,,,,2.0,2.0
3550462619255367417-2609101607-6,7547,2609101623.0,2609101624.0,2.0,,S,S5,Bietigheim-Bissingen|Tamm(Württ)|Asperg|Ludwigsburg|Kornwestheim Pbf,8005778,Stuttgart-Zuffenhausen,Baden-Württemberg,Stuttgart,70435,9.167156375,48.82960884,3,2609101624.0,,2609101625.0,,,,,,,,,,,1.0,1.0
-4827015275996172889-2609101637-2,7549,2609101640.0,2609101640.0,2.0,,S,S5,Bietigheim-Bissingen,8005820,Tamm (Württ),Baden-Württemberg,Tamm,71732,9.125288012,48.92187736,4,2609101640.0,,2609101640.0,,,,,,,,,,,0.0,0.0
-4628505577045451249-2609101557-8,7544,2609101620.0,2609101620.0,3.0,,S,S5,Stuttgart Hbf|Stuttgart Nordbahnhof|Stuttgart-Feuerbach|Stuttgart-Zuffenhausen|Kornwestheim Pbf|Ludwigsburg|Asperg,8005820,Tamm (Württ),Baden-Württemberg,Tamm,71732,9.125288012,48.92187736,4,2609101620.0,,2609101620.0,,,,,,,,,,,0.0,0.0
4626892396658662892-2609101627-8,7546,2609101650.0,2609101650.0,3.0,,S,S5,Stuttgart Hbf|Stuttgart Nordbahnhof|Stuttgart-Feuerbach|Stuttgart-Zuffenhausen|Kornwestheim Pbf|Ludwigsburg|Asperg,8005820,Tamm (Württ),Baden-Württemberg,Tamm,71732,9.125288012,48.92187736,4,2609101653.0,,2609101653.0,,,,,,,,,,,3.0,3.0
3550462619255367417-2609101607-2,7547,2609101610.0,2609101610.0,2.0,,S,S5,Bietigheim-Bissingen,8005820,Tamm (Württ),Baden-Württemberg,Tamm,71732,9.125288012,48.92187736,4,2609101610.0,,2609101611.0,,,,,,,,,,,0.0,1.0
-1516279282303081361-2609101542-6,7342,2609101559.0,2609101600.0,3.0,,S,S3,Stuttgart Hbf|Stuttgart-Bad Cannstatt|Stuttgart Nürnberger Str.|Stuttgart-Sommerrain|Fellbach,8000180,Waiblingen,Baden-Württemberg,Waiblingen,71332,9.300476874,48.8262444,3,2609101559.0,,2609101600.0,,,,,,,,,,,0.0,0.0
-7555129147761723302-2609101607-10,19428,2609101658.0,2609101658.0,6.0,,ARV,MEX13,Aalen Hbf|Mögglingen(Gmünd)|Böbingen(Rems)|Schwäbisch Gmünd|Lorch(Württ)|Waldhausen(b Schorndorf)|Plüderhausen|Urbach(b Schorndorf)|Schorndorf,8000180,Waiblingen,Baden-Württemberg,Waiblingen,71332,9.300476874,48.8262444,3,2609101706.0,,2609101706.0,,h,2.0,Information,,,,,,,8.0,8.0
-5168618100041663203-2609101620-3,19475,2609101632.0,2609101632.0,6.0,,ARV,MEX13,Stuttgart Hbf|Stuttgart-Bad Cannstatt,8000180,Waiblingen,Baden-Württemberg,Waiblingen,71332,9.300476874,48.8262444,3,2609101659.0,7,2609101659.0,7.0,h,2.0,Störung,,,,,,,27.0,27.0
3420342321820958894-2609101438-18,88618,2609101651.0,2609101652.0,1.0,,ARV,RE90,Nürnberg Hbf|Roßtal|Heilsbronn|Wicklesgreuth|Ansbach|Leutershausen-Wiedersbach|Dombühl|Schnelldorf|Crailsheim|Eckartshausen-Ilshofen|Schwäbisch Hall-Hessental|Gaildorf West|Murrhardt|Sulzbach(Murr)|Oppenweiler(Württ)|Backnang|Winnenden,8000180,Waiblingen,Baden-Württemberg,Waiblingen,71332,9.300476874,48.8262444,3,2609101653.0,,2609101654.0,,,,,,,,,,,2.0,2.0
-5445906738201891339-2609101603-10,7247,2609101624.0,2609101625.0,5.0,,S,S2,Schorndorf|Weiler(Rems)|Winterbach(b Schorndorf)|Geradstetten|Grunbach|Beutelsbach|Endersbach|Stetten-Beinstein|Rommelshausen,8000180,Waiblingen,Baden-Württemberg,Waiblingen,71332,9.300476874,48.8262444,3,2609101627.0,,2609101628.0,,h,2.0,Bauarbeiten,,,,,,,3.0,3.0
6086544143608493018-2609101633-10,7249,2609101654.0,2609101655.0,5.0,,S,S2,Schorndorf|Weiler(Rems)|Winterbach(b Schorndorf)|Geradstetten|Grunbach|Beutelsbach|Endersbach|Stetten-Beinstein|Rommelshausen,8000180,Waiblingen,Baden-Württemberg,Waiblingen,71332,9.300476874,48.8262444,3,2609101657.0,,2609101658.0,,h,2.0,Bauarbeiten,,,,,,,3.0,3.0
-6396384465199611007-2609101546-3,19423,2609101602.0,2609101602.0,6.0,,ARV,MEX13,Stuttgart Hbf|Stuttgart-Bad Cannstatt,8000180,Waiblingen,Baden-Württemberg,Waiblingen,71332,9.300476874,48.8262444,3,2609101610.0,,2609101611.0,,h,2.0,Information,,,,,,,8.0,9.0
1014763779494518341-2609101550-6,7242,2609101604.0,2609101605.0,7.0,,S,S2,Stuttgart Hbf|Stuttgart-Bad Cannstatt|Stuttgart Nürnberger Str.|Stuttgart-Sommerrain|Fellbach,8000180,Waiblingen,Baden-Württemberg,Waiblingen,71332,9.300476874,48.8262444,3,2609101605.0,,2609101606.0,,h,2.0,Bauarbeiten,,,,,,,1.0,1.0
8256892323728512755-2609101626-3,17541,2609101637.0,2609101638.0,3.0,,RB,MEX90,Stuttgart Hbf|Stuttgart-Bad Cannstatt,8000180,Waiblingen,Baden-Württemberg,Waiblingen,71332,9.300476874,48.8262444,3,2609101637.0,,2609101638.0,,h,2.0,Störung,,,,,,,0.0,0.0
-2983041268716826074-2609101611-7,7347,2609101629.0,2609101630.0,1.0,,S,S3,Backnang|Maubach|Nellmersbach|Winnenden|Schwaikheim|Neustadt-Hohenacker,8000180,Waiblingen,Baden-Württemberg,Waiblingen,71332,9.300476874,48.8262444,3,2609101629.0,,2609101630.0,,,,,,,,,,,0.0,0.0
60204090947316905-2609101620-6,7244,2609101634.0,2609101635.0,7.0,,S,S2,Stuttgart Hbf|Stuttgart-Bad Cannstatt|Stuttgart Nürnberger Str.|Stuttgart-Sommerrain|Fellbach,8000180,Waiblingen,Baden-Württemberg,Waiblingen,71332,9.300476874,48.8262444,3,2609101646.0,,2609101646.0,,h,2.0,Bauarbeiten,,,,,,,12.0,11.0
-6739253170809320051-2609101642-6,7346,2609101659.0,2609101700.0,3.0,,S,S3,Stuttgart Hbf|Stuttgart-Bad Cannstatt|Stuttgart Nürnberger Str.|Stuttgart-Sommerrain|Fellbach,8000180,Waiblingen,Baden-Württemberg,Waiblingen,71332,9.300476874,48.8262444,3,2609101700.0,,2609101701.0,,,,,,,,,,,1.0,1.0
-273547766285307951-2609101511-16,19476,2609101628.0,2609101628.0,6.0,,ARV,MEX13,Ellwangen|Schrezheim|Schwabsberg|Goldshöfe|Hofen(b Aalen)|Wasseralfingen|Aalen Hbf|Mögglingen(Gmünd)|Böbingen(Rems)|Schwäbisch Gmünd|Lorch(Württ)|Waldhausen(b Schorndorf)|Plüderhausen|Urbach(b Schorndorf)|Schorndorf,8000180,Waiblingen,Baden-Württemberg,Waiblingen,71332,9.300476874,48.8262444,3,2609101633.0,,2609101633.0,,h,2.0,Information,,,,,,,5.0,5.0
-4004274244229684776-2609101612-6,7344,2609101629.0,2609101630.0,3.0,,S,S3,Stuttgart Hbf|Stuttgart-Bad Cannstatt|Stuttgart Nürnberger Str.|Stuttgart-Sommerrain|Fellbach,8000180,Waiblingen,Baden-Württemberg,Waiblingen,71332,9.300476874,48.8262444,3,2609101632.0,,2609101633.0,,,,,,,,,,,3.0,3.0
-3924626970669458370-2609101541-7,7345,2609101559.0,2609101600.0,1.0,,S,S3,Backnang|Maubach|Nellmersbach|Winnenden|Schwaikheim|Neustadt-Hohenacker,8000180,Waiblingen,Baden-Württemberg,Waiblingen,71332,9.300476874,48.8262444,3,2609101600.0,,2609101601.0,,,,,,,,,,,1.0,1.0
-7819160470553148770-2609101641-7,7349,2609101659.0,2609101700.0,1.0,,S,S3,Backnang|Maubach|Nellmersbach|Winnenden|Schwaikheim|Neustadt-Hohenacker,8000180,Waiblingen,Baden-Württemberg,Waiblingen,71332,9.300476874,48.8262444,3,2609101700.0,,2609101701.0,,,,,,,,,,,1.0,1.0
-404926500116907861-2609101633-1,55917,,2609101633.0,,,S,S6,,8006271,Weil der Stadt,Baden-Württemberg,Weil der Stadt,71263,8.873189074,48.7557357,4,,,2609101634.0,2.0,,,,,,,,,,0.0,1.0
3086561051947891575-2609101613-5,55912,2609101627.0,,,,S,,Leonberg|Rutesheim|Renningen|Malmsheim,8006271,Weil der Stadt,Baden-Württemberg,Weil der Stadt,71263,8.873189074,48.7557357,4,2609101628.0,2,,,,,,,,,,,,1.0,0.0
6028146154918754445-2609101633-1,26166,,2609101633.0,,,SWE,RB76,,8006271,Weil der Stadt,Baden-Württemberg,Weil der Stadt,71263,8.873189074,48.7557357,4,,,2609101633.0,,,,,,,,,,,0.0,0.0
8703880209101451175-2609101603-1,55915,,2609101603.0,,,S,S6,,8006271,Weil der Stadt,Baden-Württemberg,Weil der Stadt,71263,8.873189074,48.7557357,4,,,2609101604.0,2.0,,,,,,,,,,0.0,1.0
-185130993701459147-2609101556-5,26165,2609101614.0,,141.0,,SWE,,Calw|Calw-Heumaden|Althengstett|Ostelsheim,8006271,Weil der Stadt,Baden-Württemberg,Weil der Stadt,71263,8.873189074,48.7557357,4,2609101614.0,,,,,,,,,,,,,0.0,0.0
313908366016308696-2609101626-5,26167,2609101644.0,2609101644.0,141.0,,SWE,RB76,Calw|Calw-Heumaden|Althengstett|Ostelsheim,8006271,Weil der Stadt,Baden-Württemberg,Weil der Stadt,71263,8.873189074,48.7557357,4,2609101644.0,,2609101644.0,,,,,,,,,,,0.0,0.0
4966848351603546649-2609101643-5,55914,2609101657.0,,,,S,,Leonberg|Rutesheim|Renningen|Malmsheim,8006271,Weil der Stadt,Baden-Württemberg,Weil der Stadt,71263,8.873189074,48.7557357,4,2609101658.0,2,,,,,,,,,,,,1.0,0.0
-772028291057491461-2609101558-2,26164,2609101601.0,2609101603.0,141.0,,SWE,RB76,Renningen,8006271,Weil der Stadt,Baden-Württemberg,Weil der Stadt,71263,8.873189074,48.7557357,4,2609101602.0,,2609101603.0,,,,,,,,,,,1.0,0.0
-5445906738201891339-2609101603-2,7247,2609101606.0,2609101606.0,2.0,,S,S2,Schorndorf,8006277,Weiler (Rems),Baden-Württemberg,Schorndorf,76314,9.501891172,48.80034585,5,2609101606.0,,2609101607.0,,h,2.0,Bauarbeiten,,,,,,,0.0,1.0
6086544143608493018-2609101633-2,7249,2609101636.0,2609101636.0,2.0,,S,S2,Schorndorf,8006277,Weiler (Rems),Baden-Württemberg,Schorndorf,76314,9.501891172,48.80034585,5,2609101638.0,,2609101639.0,,h,2.0,Bauarbeiten,,,,,,,2.0,3.0
1014763779494518341-2609101550-14,7242,2609101622.0,2609101622.0,1.0,,S,S2,Stuttgart Hbf|Stuttgart-Bad Cannstatt|Stuttgart Nürnberger Str.|Stuttgart-Sommerrain|Fellbach|Waiblingen|Rommelshausen|Stetten-Beinstein|Endersbach|Beutelsbach|Grunbach|Geradstetten|Winterbach(b Schorndorf),8006277,Weiler (Rems),Baden-Württemberg,Schorndorf,76314,9.501891172,48.80034585,5,2609101632.0,,2609101633.0,,h,2.0,Bauarbeiten,,,,,,,10.0,11.0
60204090947316905-2609101620-14,7244,2609101652.0,2609101652.0,1.0,,S,S2,Stuttgart Hbf|Stuttgart-Bad Cannstatt|Stuttgart Nürnberger Str.|Stuttgart-Sommerrain|Fellbach|Waiblingen|Rommelshausen|Stetten-Beinstein|Endersbach|Beutelsbach|Grunbach|Geradstetten|Winterbach(b Schorndorf),8006277,Weiler (Rems),Baden-Württemberg,Schorndorf,76314,9.501891172,48.80034585,5,2609101704.0,,2609101705.0,,h,2.0,Bauarbeiten,,,,,,,12.0,13.0
-6176428807824195191-2609101525-13,7142,2609101602.0,2609101603.0,11.0,,S,S1,Stuttgart Hbf|Stuttgart-Bad Cannstatt|Stuttgart Neckarpark|Stuttgart-Untertürkheim|Stuttgart-Obertürkheim|Esslingen-Mettingen|Esslingen(Neckar)|Oberesslingen|Esslingen-Zell|Altbach|Plochingen|Wernau(Neckar),8006331,Wendlingen (Neckar),Baden-Württemberg,Wendlingen am Neckar,73240,9.373662098,48.67368917,3,2609101602.0,,2609101603.0,,,,,,,,,,,0.0,0.0
713199971080468435-2609101650-3,7151,2609101657.0,2609101658.0,12.0,,S,S1,Kirchheim(Teck)|Kirchheim(Teck)-Ötlingen,8006331,Wendlingen (Neckar),Baden-Württemberg,Wendlingen am Neckar,73240,9.373662098,48.67368917,3,2609101735.0,,2609101736.0,,,,,,,Kirchheim(Teck)|Kirchheim(Teck)-Ötlingen,Wernau(Neckar)|Plochingen|Altbach|Esslingen-Zell|Oberesslingen|Esslingen(Neckar)|Esslingen-Mettingen|Stuttgart-Obertürkheim|Stuttgart-Untertürkheim|Stuttgart Neckarpark|Stuttgart-Bad Cannstatt|Stuttgart Hbf,c,c,38.0,38.0
-9188152927957683023-2609101624-1,16063,,2609101624.0,,,RE,RE200,,8006331,Wendlingen (Neckar),Baden-Württemberg,Wendlingen am Neckar,73240,9.373662098,48.67368917,3,,,2609101634.0,,h,2.0,Störung,,,,,,,0.0,10.0
-4975755029774575573-2609101530-12,19325,2609101650.0,2609101651.0,2.0,,RE,MEX18,Heilbronn Hbf|Nordheim(Württ)|Lauffen(Neckar)|Kirchheim(Neckar)|Walheim(Württ)|Besigheim|Bietigheim-Bissingen|Ludwigsburg|Kornwestheim Pbf|Esslingen(Neckar)|Plochingen,8006331,Wendlingen (Neckar),Baden-Württemberg,Wendlingen am Neckar,73240,9.373662098,48.67368917,3,2609101650.0,,2609101651.0,,h,2.0,Störung,,,,,,,0.0,0.0
-7279787958661967658-2609101543-4,19326,2609101604.0,2609101605.0,1.0,,RE,MEX18,Reutlingen Hbf|Metzingen(Württ)|Nürtingen,8006331,Wendlingen (Neckar),Baden-Württemberg,Wendlingen am Neckar,73240,9.373662098,48.67368917,3,2609101612.0,,2609101614.0,,h,2.0,Störung,,,,,,,8.0,9.0
6036019531344774327-2609101616-6,19238,2609101640.0,2609101641.0,1.0,,RE,MEX12,Reutlingen Hbf|Metzingen(Württ)|Bempflingen|Nürtingen|Oberboihingen,8006331,Wendlingen (Neckar),Baden-Württemberg,Wendlingen am Neckar,73240,9.373662098,48.67368917,3,2609101641.0,,2609101642.0,,h,2.0,Störung,,,,,,,1.0,1.0
6037772526634891708-2609101555-13,7144,2609101632.0,2609101633.0,11.0,,S,S1,Stuttgart Hbf|Stuttgart-Bad Cannstatt|Stuttgart Neckarpark|Stuttgart-Untertürkheim|Stuttgart-Obertürkheim|Esslingen-Mettingen|Esslingen(Neckar)|Oberesslingen|Esslingen-Zell|Altbach|Plochingen|Wernau(Neckar),8006331,Wendlingen (Neckar),Baden-Württemberg,Wendlingen am Neckar,73240,9.373662098,48.67368917,3,2609101717.0,,2609101718.0,,,,,,,Stuttgart Hbf|Stuttgart-Bad Cannstatt|Stuttgart Neckarpark|Stuttgart-Untertürkheim|Stuttgart-Obertürkheim|Esslingen-Mettingen|Esslingen(Neckar)|Oberesslingen|Esslingen-Zell|Altbach|Plochingen|Wernau(Neckar),Kirchheim(Teck)-Ötlingen|Kirchheim(Teck),c,c,45.0,45.0
8929966901767185806-2609101629-3,16064,2609101659.0,,3.0,,RE,,Ulm Hbf|Merklingen - Schwäbische Alb,8006331,Wendlingen (Neckar),Baden-Württemberg,Wendlingen am Neckar,73240,9.373662098,48.67368917,3,2609101659.0,,,,h,2.0,Störung,,,,,,,0.0,0.0
7941696835731553601-2609101457-13,19229,2609101618.0,2609101618.0,2.0,,RE,MEX12,Heilbronn Hbf|Nordheim(Württ)|Lauffen(Neckar)|Kirchheim(Neckar)|Walheim(Württ)|Besigheim|Bietigheim-Bissingen|Ludwigsburg|Stuttgart Hbf|Stuttgart-Bad Cannstatt|Esslingen(Neckar)|Plochingen,8006331,Wendlingen (Neckar),Baden-Württemberg,Wendlingen am Neckar,73240,9.373662098,48.67368917,3,2609101624.0,,2609101626.0,,h,2.0,Störung,,,,,,,6.0,8.0
-7851813684664054699-2609101620-3,7149,2609101627.0,2609101628.0,12.0,,S,S1,Kirchheim(Teck)|Kirchheim(Teck)-Ötlingen,8006331,Wendlingen (Neckar),Baden-Württemberg,Wendlingen am Neckar,73240,9.373662098,48.67368917,3,2609101627.0,,2609101628.0,,,,,,,,,,,0.0,0.0
1890742567431507346-2609101625-12,7146,2609101658.0,2609101659.0,2.0,,S,S1,Stuttgart Hbf|Stuttgart-Bad Cannstatt|Stuttgart Neckarpark|Stuttgart-Untertürkheim|Stuttgart-Obertürkheim|Esslingen-Mettingen|Esslingen(Neckar)|Oberesslingen|Esslingen-Zell|Altbach|Plochingen,8006346,Wernau (Neckar),Baden-Württemberg,Wernau (Neckar),73249,9.413654423,48.69417221,4,2609101707.0,,2609101707.0,,,,,,,,,,,9.0,8.0
9072809401414477062-2609101550-4,7147,2609101601.0,2609101601.0,1.0,,S,S1,Kirchheim(Teck)|Kirchheim(Teck)-Ötlingen|Wendlingen(Neckar),8006346,Wernau (Neckar),Baden-Württemberg,Wernau (Neckar),73249,9.413654423,48.69417221,4,2609101601.0,,2609101601.0,,,,,,,,,,,0.0,0.0
6037772526634891708-2609101555-12,7144,2609101628.0,2609101629.0,2.0,,S,S1,Stuttgart Hbf|Stuttgart-Bad Cannstatt|Stuttgart Neckarpark|Stuttgart-Untertürkheim|Stuttgart-Obertürkheim|Esslingen-Mettingen|Esslingen(Neckar)|Oberesslingen|Esslingen-Zell|Altbach|Plochingen,8006346,Wernau (Neckar),Baden-Württemberg,Wernau (Neckar),73249,9.413654423,48.69417221,4,2609101713.0,,2609101714.0,,,,,,,Stuttgart Hbf|Stuttgart-Bad Cannstatt|Stuttgart Neckarpark|Stuttgart-Untertürkheim|Stuttgart-Obertürkheim|Esslingen-Mettingen|Esslingen(Neckar)|Oberesslingen|Esslingen-Zell|Altbach|Plochingen,Wendlingen(Neckar)|Kirchheim(Teck)-Ötlingen|Kirchheim(Teck),c,c,45.0,45.0
-7851813684664054699-2609101620-4,7149,2609101631.0,2609101631.0,1.0,,S,S1,Kirchheim(Teck)|Kirchheim(Teck)-Ötlingen|Wendlingen(Neckar),8006346,Wernau (Neckar),Baden-Württemberg,Wernau (Neckar),73249,9.413654423,48.69417221,4,2609101631.0,,2609101631.0,,,,,,,,,,,0.0,0.0
-1516279282303081361-2609101542-9,7342,2609101609.0,2609101609.0,2.0,,S,S3,Stuttgart Hbf|Stuttgart-Bad Cannstatt|Stuttgart Nürnberger Str.|Stuttgart-Sommerrain|Fellbach|Waiblingen|Neustadt-Hohenacker|Schwaikheim,8006479,Winnenden,Baden-Württemberg,Winnenden,71364,9.392155928,48.8795625,3,2609101609.0,,2609101610.0,,,,,,,,,,,0.0,1.0
3420342321820958894-2609101438-17,88618,2609101644.0,2609101645.0,3.0,,ARV,RE90,Nürnberg Hbf|Roßtal|Heilsbronn|Wicklesgreuth|Ansbach|Leutershausen-Wiedersbach|Dombühl|Schnelldorf|Crailsheim|Eckartshausen-Ilshofen|Schwäbisch Hall-Hessental|Gaildorf West|Murrhardt|Sulzbach(Murr)|Oppenweiler(Württ)|Backnang,8006479,Winnenden,Baden-Württemberg,Winnenden,71364,9.392155928,48.8795625,3,2609101645.0,,2609101646.0,,,,,,,,,,,1.0,1.0
8256892323728512755-2609101626-4,17541,2609101644.0,2609101645.0,2.0,,RB,MEX90,Stuttgart Hbf|Stuttgart-Bad Cannstatt|Waiblingen,8006479,Winnenden,Baden-Württemberg,Winnenden,71364,9.392155928,48.8795625,3,2609101646.0,,2609101647.0,,h,2.0,Störung,,,,,,,2.0,2.0
-2983041268716826074-2609101611-4,7347,2609101619.0,2609101620.0,3.0,,S,S3,Backnang|Maubach|Nellmersbach,8006479,Winnenden,Baden-Württemberg,Winnenden,71364,9.392155928,48.8795625,3,2609101619.0,,2609101620.0,,,,,,,,,,,0.0,0.0
-4004274244229684776-2609101612-9,7344,2609101639.0,2609101639.0,2.0,,S,S3,Stuttgart Hbf|Stuttgart-Bad Cannstatt|Stuttgart Nürnberger Str.|Stuttgart-Sommerrain|Fellbach|Waiblingen|Neustadt-Hohenacker|Schwaikheim,8006479,Winnenden,Baden-Württemberg,Winnenden,71364,9.392155928,48.8795625,3,2609101642.0,,2609101643.0,,,,,,,,,,,3.0,4.0
-7819160470553148770-2609101641-4,7349,2609101649.0,2609101650.0,3.0,,S,S3,Backnang|Maubach|Nellmersbach,8006479,Winnenden,Baden-Württemberg,Winnenden,71364,9.392155928,48.8795625,3,2609101651.0,,2609101651.0,,,,,,,,,,,2.0,1.0
-5445906738201891339-2609101603-3,7247,2609101608.0,2609101608.0,1.0,,S,S2,Schorndorf|Weiler(Rems),8006485,Winterbach (b Schorndorf),Baden-Württemberg,Winterbach,73650,9.481549751,48.79842743,4,2609101608.0,,2609101609.0,,h,2.0,Bauarbeiten,,,,,,,0.0,1.0
6086544143608493018-2609101633-3,7249,2609101638.0,2609101638.0,1.0,,S,S2,Schorndorf|Weiler(Rems),8006485,Winterbach (b Schorndorf),Baden-Württemberg,Winterbach,73650,9.481549751,48.79842743,4,2609101640.0,,2609101641.0,,h,2.0,Bauarbeiten,,,,,,,2.0,3.0
1014763779494518341-2609101550-13,7242,2609101620.0,2609101620.0,2.0,,S,S2,Stuttgart Hbf|Stuttgart-Bad Cannstatt|Stuttgart Nürnberger Str.|Stuttgart-Sommerrain|Fellbach|Waiblingen|Rommelshausen|Stetten-Beinstein|Endersbach|Beutelsbach|Grunbach|Geradstetten,8006485,Winterbach (b Schorndorf),Baden-Württemberg,Winterbach,73650,9.481549751,48.79842743,4,2609101630.0,,2609101630.0,,h,2.0,Bauarbeiten,,,,,,,10.0,10.0
60204090947316905-2609101620-13,7244,2609101650.0,2609101650.0,2.0,,S,S2,Stuttgart Hbf|Stuttgart-Bad Cannstatt|Stuttgart Nürnberger Str.|Stuttgart-Sommerrain|Fellbach|Waiblingen|Rommelshausen|Stetten-Beinstein|Endersbach|Beutelsbach|Grunbach|Geradstetten,8006485,Winterbach (b Schorndorf),Baden-Württemberg,Winterbach,73650,9.481549751,48.79842743,4,2609101702.0,,2609101703.0,,h,2.0,Bauarbeiten,,,,,,,12.0,13.0
-4320397447687881024-2609101604-5,7045,2609101613.0,2609101614.0,1.0,,S,S60,Böblingen|Sindelfingen|Maichingen|Maichingen Nord,8003807,Magstadt,Baden-Württemberg,Magstadt,71106,8.965315746,48.73616033,6,2609101614.0,,2609101616.0,,h,1.0,Bauarbeiten,,,,,,,1.0,2.0
3052355004880075210-2609101634-5,7047,2609101643.0,2609101644.0,1.0,,S,S60,Böblingen|Sindelfingen|Maichingen|Maichingen Nord,8003807,Magstadt,Baden-Württemberg,Magstadt,71106,8.965315746,48.73616033,6,2609101644.0,,2609101645.0,,h,1.0,Bauarbeiten,,,,,,,1.0,1.0
-5654259954348632159-2609101558-5,7046,2609101615.0,2609101615.0,2.0,,S,S60,Leonberg|Rutesheim|Renningen|Renningen Süd,8003807,Magstadt,Baden-Württemberg,Magstadt,71106,8.965315746,48.73616033,6,2609101617.0,,2609101617.0,,h,1.0,Bauarbeiten,,,,,,,2.0,2.0
6947397441507024354-2609101628-5,7048,2609101645.0,2609101645.0,2.0,,S,S60,Leonberg|Rutesheim|Renningen|Renningen Süd,8003807,Magstadt,Baden-Württemberg,Magstadt,71106,8.965315746,48.73616033,6,2609101647.0,,2609101647.0,,h,1.0,Bauarbeiten,,,,,,,2.0,2.0
-4320397447687881024-2609101604-4,7045,2609101611.0,2609101611.0,1.0,,S,S60,Böblingen|Sindelfingen|Maichingen,8003834,Maichingen Nord,Baden-Württemberg,Sindelfingen,71069,8.979416996,48.72750392,5,2609101612.0,,2609101613.0,,h,1.0,Bauarbeiten,,,,,,,1.0,2.0
3052355004880075210-2609101634-4,7047,2609101641.0,2609101641.0,1.0,,S,S60,Böblingen|Sindelfingen|Maichingen,8003834,Maichingen Nord,Baden-Württemberg,Sindelfingen,71069,8.979416996,48.72750392,5,2609101642.0,,2609101642.0,,h,1.0,Bauarbeiten,,,,,,,1.0,1.0
-5654259954348632159-2609101558-6,7046,2609101617.0,2609101617.0,2.0,,S,S60,Leonberg|Rutesheim|Renningen|Renningen Süd|Magstadt,8003834,Maichingen Nord,Baden-Württemberg,Sindelfingen,71069,8.979416996,48.72750392,5,2609101619.0,,2609101619.0,,h,1.0,Bauarbeiten,,,,,,,2.0,2.0
6947397441507024354-2609101628-6,7048,2609101647.0,2609101647.0,2.0,,S,S60,Leonberg|Rutesheim|Renningen|Renningen Süd|Magstadt,8003834,Maichingen Nord,Baden-Württemberg,Sindelfingen,71069,8.979416996,48.72750392,5,2609101649.0,,2609101650.0,,h,1.0,Bauarbeiten,,,,,,,2.0,3.0
-4320397447687881024-2609101604-3,7045,2609101609.0,2609101610.0,1.0,,S,S60,Böblingen|Sindelfingen,8003808,Maichingen,Baden-Württemberg,Sindelfingen,71069,8.969606704,48.72162074,6,2609101610.0,,2609101611.0,,h,1.0,Bauarbeiten,,,,,,,1.0,1.0
3052355004880075210-2609101634-3,7047,2609101639.0,2609101640.0,1.0,,S,S60,Böblingen|Sindelfingen,8003808,Maichingen,Baden-Württemberg,Sindelfingen,71069,8.969606704,48.72162074,6,2609101640.0,,2609101641.0,,h,1.0,Bauarbeiten,,,,,,,1.0,1.0
-5654259954348632159-2609101558-7,7046,2609101619.0,2609101619.0,1.0,,S,S60,Leonberg|Rutesheim|Renningen|Renningen Süd|Magstadt|Maichingen Nord,8003808,Maichingen,Baden-Württemberg,Sindelfingen,71069,8.969606704,48.72162074,6,2609101620.0,,2609101621.0,,h,1.0,Bauarbeiten,,,,,,,1.0,2.0
6947397441507024354-2609101628-7,7048,2609101649.0,2609101649.0,1.0,,S,S60,Leonberg|Rutesheim|Renningen|Renningen Süd|Magstadt|Maichingen Nord,8003808,Maichingen,Baden-Württemberg,Sindelfingen,71069,8.969606704,48.72162074,6,2609101651.0,,2609101652.0,,h,1.0,Bauarbeiten,,,,,,,2.0,3.0
-4320397447687881024-2609101604-6,7045,2609101617.0,2609101618.0,1.0,,S,S60,Böblingen|Sindelfingen|Maichingen|Maichingen Nord|Magstadt,8005001,Renningen Süd,Baden-Württemberg,Renningen,71272,8.932068278,48.76261937,6,2609101618.0,,2609101619.0,,h,1.0,Bauarbeiten,,,,,,,1.0,1.0
3052355004880075210-2609101634-6,7047,2609101647.0,2609101648.0,1.0,,S,S60,Böblingen|Sindelfingen|Maichingen|Maichingen Nord|Magstadt,8005001,Renningen Süd,Baden-Württemberg,Renningen,71272,8.932068278,48.76261937,6,2609101648.0,,2609101649.0,,h,1.0,Bauarbeiten,,,,,,,1.0,1.0
-5654259954348632159-2609101558-4,7046,2609101611.0,2609101611.0,2.0,,S,S60,Leonberg|Rutesheim|Renningen,8005001,Renningen Süd,Baden-Württemberg,Renningen,71272,8.932068278,48.76261937,6,2609101613.0,,2609101613.0,,h,1.0,Bauarbeiten,,,,,,,2.0,2.0
6947397441507024354-2609101628-4,7048,2609101641.0,2609101641.0,2.0,,S,S60,Leonberg|Rutesheim|Renningen,8005001,Renningen Süd,Baden-Württemberg,Renningen,71272,8.932068278,48.76261937,6,2609101642.0,,2609101643.0,,h,1.0,Bauarbeiten,,,,,,,1.0,2.0
-513768940106917907-2609101155-10,7128,2609101220.0,2609101220.0,4.0,,S,S1,Stuttgart Hbf|Stuttgart-Bad Cannstatt|Stuttgart Neckarpark|Stuttgart-Untertürkheim|Stuttgart-Obertürkheim|Esslingen-Mettingen|Esslingen(Neckar)|Oberesslingen|Esslingen-Zell,8000508,Altbach,Baden-Württemberg,Altbach,73776,9.382434033,48.72031354,3,2609101222.0,,2609101223.0,,,,,,,,,,,2.0,3.0
8539842934523735566-2609101225-10,7130,2609101250.0,2609101250.0,4.0,,S,S1,Stuttgart Hbf|Stuttgart-Bad Cannstatt|Stuttgart Neckarpark|Stuttgart-Untertürkheim|Stuttgart-Obertürkheim|Esslingen-Mettingen|Esslingen(Neckar)|Oberesslingen|Esslingen-Zell,8000508,Altbach,Baden-Württemberg,Altbach,73776,9.382434033,48.72031354,3,2609101252.0,,2609101253.0,,,,,,,,,,,2.0,3.0
-6319936848544854600-2609101220-6,7133,2609101239.0,2609101240.0,3.0,,S,S1,Kirchheim(Teck)|Kirchheim(Teck)-Ötlingen|Wendlingen(Neckar)|Wernau(Neckar)|Plochingen,8000508,Altbach,Baden-Württemberg,Altbach,73776,9.382434033,48.72031354,3,2609101239.0,,2609101240.0,,,,,,,,,,,0.0,0.0
4736637014602700336-2609101150-6,7131,2609101209.0,2609101210.0,3.0,,S,S1,Kirchheim(Teck)|Kirchheim(Teck)-Ötlingen|Wendlingen(Neckar)|Wernau(Neckar)|Plochingen,8000508,Altbach,Baden-Württemberg,Altbach,73776,9.382434033,48.72031354,3,2609101209.0,,2609101210.0,,,,,,,,,,,0.0,0.0
2930744972942057808-2609101207-3,7531,2609101212.0,2609101213.0,3.0,,S,S5,Bietigheim-Bissingen|Tamm(Württ),8000630,Asperg,Baden-Württemberg,Asperg,71679,9.147977466,48.90725609,4,2609101213.0,,2609101213.0,,,,,,,,,,,1.0,0.0
1567608631073913309-2609101227-7,7530,2609101247.0,2609101247.0,4.0,,S,S5,Stuttgart Hbf|Stuttgart Nordbahnhof|Stuttgart-Feuerbach|Stuttgart-Zuffenhausen|Kornwestheim Pbf|Ludwigsburg,8000630,Asperg,Baden-Württemberg,Asperg,71679,9.147977466,48.90725609,4,2609101249.0,,2609101250.0,,,,,,,,,,,2.0,3.0
-4867022663021090956-2609101157-7,7528,2609101217.0,2609101217.0,4.0,,S,S5,Stuttgart Hbf|Stuttgart Nordbahnhof|Stuttgart-Feuerbach|Stuttgart-Zuffenhausen|Kornwestheim Pbf|Ludwigsburg,8000630,Asperg,Baden-Württemberg,Asperg,71679,9.147977466,48.90725609,4,2609101218.0,,2609101219.0,,,,,,,,,,,1.0,2.0
-144422822861230009-2609101237-3,7533,2609101242.0,2609101243.0,3.0,,S,S5,Bietigheim-Bissingen|Tamm(Württ),8000630,Asperg,Baden-Württemberg,Asperg,71679,9.147977466,48.90725609,4,2609101243.0,,2609101243.0,,,,,,,,,,,1.0,0.0
-3193439599918682335-2609101132-7,17530,2609101206.0,,3.0,,RB,,Gaildorf West|Fichtenberg|Fornsbach|Murrhardt|Sulzbach(Murr)|Oppenweiler(Württ),8000016,Backnang,Baden-Württemberg,Backnang,71522,9.425986107,48.94264844,3,2609101208.0,,,,,,,,,,,,,2.0,0.0
9036342965798539047-2609101142-12,7326,2609101218.0,,5.0,,S,,Stuttgart Hbf|Stuttgart-Bad Cannstatt|Stuttgart Nürnberger Str.|Stuttgart-Sommerrain|Fellbach|Waiblingen|Neustadt-Hohenacker|Schwaikheim|Winnenden|Nellmersbach|Maubach,8000016,Backnang,Baden-Württemberg,Backnang,71522,9.425986107,48.94264844,3,2609101218.0,,,,,,,,,,,,,0.0,0.0
4152739802628459938-2609101155-5,17525,2609101220.0,2609101221.0,4.0,,RE,MEX90,Stuttgart Hbf|Stuttgart-Bad Cannstatt|Waiblingen|Winnenden,8000016,Backnang,Baden-Württemberg,Backnang,71522,9.425986107,48.94264844,3,2609101221.0,,2609101223.0,,h,2.0,Störung,,,,,,,1.0,2.0
-3901454027336800522-2609101203-1,7431,,2609101203.0,,,S,S4,,8000016,Backnang,Baden-Württemberg,Backnang,71522,9.425986107,48.94264844,3,,,2609101203.0,,,,,,,,,,,0.0,0.0
-7568176727379376483-2609101252-1,17527,,2609101252.0,,,RB,MEX19,,8000016,Backnang,Baden-Württemberg,Backnang,71522,9.425986107,48.94264844,3,,,2609101253.0,,,,,,,,,,,0.0,1.0
-7749775710427008689-2609101038-16,88614,2609101236.0,2609101238.0,4.0,,ARV,RE90,Nürnberg Hbf|Roßtal|Heilsbronn|Wicklesgreuth|Ansbach|Leutershausen-Wiedersbach|Dombühl|Schnelldorf|Crailsheim|Eckartshausen-Ilshofen|Schwäbisch Hall-Hessental|Gaildorf West|Murrhardt|Sulzbach(Murr)|Oppenweiler(Württ),8000016,Backnang,Baden-Württemberg,Backnang,71522,9.425986107,48.94264844,3,2609101253.0,,2609101254.0,,,,,,,,,,,17.0,16.0
8851012744564607240-2609101211-1,7331,,2609101211.0,,,S,S3,,8000016,Backnang,Baden-Württemberg,Backnang,71522,9.425986107,48.94264844,3,,,2609101211.0,,,,,,,,,,,0.0,0.0
-7298917680991319195-2609101207-14,7426,2609101252.0,,1.0,,S,,Stuttgart Hbf|Stuttgart Nordbahnhof|Stuttgart-Feuerbach|Stuttgart-Zuffenhausen|Kornwestheim Pbf|Ludwigsburg|Favoritepark|Freiberg(Neckar)|Benningen(Neckar)|Marbach(Neckar)|Erdmannhausen|Kirchberg(Murr)|Burgstall(Murr),8000016,Backnang,Baden-Württemberg,Backnang,71522,9.425986107,48.94264844,3,2609101258.0,,,,,,,,,,,,,6.0,0.0
3857297737128192069-2609101137-14,7424,2609101222.0,,1.0,,S,,Stuttgart Hbf|Stuttgart Nordbahnhof|Stuttgart-Feuerbach|Stuttgart-Zuffenhausen|Kornwestheim Pbf|Ludwigsburg|Favoritepark|Freiberg(Neckar)|Benningen(Neckar)|Marbach(Neckar)|Erdmannhausen|Kirchberg(Murr)|Burgstall(Murr),8000016,Backnang,Baden-Württemberg,Backnang,71522,9.425986107,48.94264844,3,2609101226.0,,,,,,,,,,,,,4.0,0.0
-97699751698418973-2609101241-1,7333,,2609101241.0,,,S,S3,,8000016,Backnang,Baden-Württemberg,Backnang,71522,9.425986107,48.94264844,3,,,2609101241.0,,,,,,,,,,,0.0,0.0
7638159005670329721-2609101212-12,7328,2609101248.0,,5.0,,S,,Stuttgart Hbf|Stuttgart-Bad Cannstatt|Stuttgart Nürnberger Str.|Stuttgart-Sommerrain|Fellbach|Waiblingen|Neustadt-Hohenacker|Schwaikheim|Winnenden|Nellmersbach|Maubach,8000016,Backnang,Baden-Württemberg,Backnang,71522,9.425986107,48.94264844,3,2609101248.0,,,,,,,,,,,,,0.0,0.0
-960944489364412818-2609101233-1,7433,,2609101233.0,,,S,S4,,8000016,Backnang,Baden-Württemberg,Backnang,71522,9.425986107,48.94264844,3,,,2609101234.0,,,,,,,,,,,0.0,1.0
-3901454027336800522-2609101203-6,7431,2609101227.0,2609101227.0,2.0,,S,S4,Backnang|Burgstall(Murr)|Kirchberg(Murr)|Erdmannhausen|Marbach(Neckar),8000873,Benningen (Neckar),Baden-Württemberg,Benningen am Neckar,71726,9.244299075,48.94379773,5,2609101227.0,,2609101228.0,,,,,,,,,,,0.0,1.0
-7298917680991319195-2609101207-9,7426,2609101232.0,2609101233.0,1.0,,S,S4,Stuttgart Hbf|Stuttgart Nordbahnhof|Stuttgart-Feuerbach|Stuttgart-Zuffenhausen|Kornwestheim Pbf|Ludwigsburg|Favoritepark|Freiberg(Neckar),8000873,Benningen (Neckar),Baden-Württemberg,Benningen am Neckar,71726,9.244299075,48.94379773,5,2609101239.0,,2609101240.0,,,,,,,,,,,7.0,7.0
3857297737128192069-2609101137-9,7424,2609101202.0,2609101203.0,1.0,,S,S4,Stuttgart Hbf|Stuttgart Nordbahnhof|Stuttgart-Feuerbach|Stuttgart-Zuffenhausen|Kornwestheim Pbf|Ludwigsburg|Favoritepark|Freiberg(Neckar),8000873,Benningen (Neckar),Baden-Württemberg,Benningen am Neckar,71726,9.244299075,48.94379773,5,2609101202.0,,2609101203.0,,,,,,,,,c,c,0.0,0.0
-960944489364412818-2609101233-6,7433,2609101257.0,2609101257.0,2.0,,S,S4,Backnang|Burgstall(Murr)|Kirchberg(Murr)|Erdmannhausen|Marbach(Neckar),8000873,Benningen (Neckar),Baden-Württemberg,Benningen am Neckar,71726,9.244299075,48.94379773,5,2609101301.0,,2609101302.0,,,,,,,,,,,4.0,5.0
3177327826888597271-2609101233-6,7233,2609101245.0,2609101245.0,2.0,,S,S2,Schorndorf|Weiler(Rems)|Winterbach(b Schorndorf)|Geradstetten|Grunbach,8000934,Beutelsbach,Baden-Württemberg,Weinstadt,71384,9.38551589,48.81038925,5,2609101246.0,,2609101246.0,,h,2.0,Bauarbeiten,,,,,,,1.0,1.0
-2751722865578801757-2609101220-10,7228,2609101243.0,2609101243.0,1.0,,S,S2,Stuttgart Hbf|Stuttgart-Bad Cannstatt|Stuttgart Nürnberger Str.|Stuttgart-Sommerrain|Fellbach|Waiblingen|Rommelshausen|Stetten-Beinstein|Endersbach,8000934,Beutelsbach,Baden-Württemberg,Weinstadt,71384,9.38551589,48.81038925,5,2609101255.0,,2609101255.0,,h,2.0,Bauarbeiten,,,,,,,12.0,12.0
8797923397467745795-2609101150-10,7226,2609101213.0,2609101213.0,1.0,,S,S2,Stuttgart Hbf|Stuttgart-Bad Cannstatt|Stuttgart Nürnberger Str.|Stuttgart-Sommerrain|Fellbach|Waiblingen|Rommelshausen|Stetten-Beinstein|Endersbach,8000934,Beutelsbach,Baden-Württemberg,Weinstadt,71384,9.38551589,48.81038925,5,2609101213.0,,2609101213.0,,h,2.0,Bauarbeiten,,,,,,,0.0,0.0
-2732981563110923380-2609101203-6,7231,2609101215.0,2609101215.0,2.0,,S,S2,Schorndorf|Weiler(Rems)|Winterbach(b Schorndorf)|Geradstetten|Grunbach,8000934,Beutelsbach,Baden-Württemberg,Weinstadt,71384,9.38551589,48.81038925,5,2609101215.0,,2609101216.0,,h,2.0,Bauarbeiten,,,,,,,0.0,1.0
-5042970796843621512-2609101157-7,19223,2609101222.0,2609101224.0,8.0,,RE,MEX12,Heilbronn Hbf|Nordheim(Württ)|Lauffen(Neckar)|Kirchheim(Neckar)|Walheim(Württ)|Besigheim,8000038,Bietigheim-Bissingen,Baden-Württemberg,Bietigheim-Bissingen,74321,9.137217396,48.94794988,2,2609101229.0,,2609101230.0,,h,2.0,Störung,,,,,,,7.0,6.0
-2287383522736908895-2609101217-5,19316,2609101259.0,2609101300.0,10.0,,RE,MEX18,Plochingen|Esslingen(Neckar)|Kornwestheim Pbf|Ludwigsburg,8000038,Bietigheim-Bissingen,Baden-Württemberg,Bietigheim-Bissingen,74321,9.137217396,48.94794988,2,2609101259.0,,2609101300.0,,h,2.0,Störung,,,,,,,0.0,0.0
2930744972942057808-2609101207-1,7531,,2609101207.0,,,S,S5,,8000038,Bietigheim-Bissingen,Baden-Württemberg,Bietigheim-Bissingen,74321,9.137217396,48.94794988,2,,,2609101207.0,,,,,,,,,,,0.0,0.0
1567608631073913309-2609101227-9,7530,2609101254.0,,,,S,,Stuttgart Hbf|Stuttgart Nordbahnhof|Stuttgart-Feuerbach|Stuttgart-Zuffenhausen|Kornwestheim Pbf|Ludwigsburg|Asperg|Tamm(Württ),8000038,Bietigheim-Bissingen,Baden-Württemberg,Bietigheim-Bissingen,74321,9.137217396,48.94794988,2,2609101256.0,5.0,,,,,,,,,,,,2.0,0.0
-2817946015120345194-2609101211-2,63556,2609101218.0,2609101221.0,,,ARV,RE8,Ludwigsburg,8000038,Bietigheim-Bissingen,Baden-Württemberg,Bietigheim-Bissingen,74321,9.137217396,48.94794988,2,2609101218.0,10.0,2609101221.0,10.0,,,,,,,,,,0.0,0.0
-1473920831423947740-2609101206-3,63547,2609101240.0,2609101244.0,,,ARV,RE8,Neckarsulm|Heilbronn Hbf,8000038,Bietigheim-Bissingen,Baden-Württemberg,Bietigheim-Bissingen,74321,9.137217396,48.94794988,2,2609101242.0,8.0,2609101244.0,8.0,,,,,,,,,,2.0,0.0
-4867022663021090956-2609101157-9,7528,2609101224.0,,,,S,,Stuttgart Hbf|Stuttgart Nordbahnhof|Stuttgart-Feuerbach|Stuttgart-Zuffenhausen|Kornwestheim Pbf|Ludwigsburg|Asperg|Tamm(Württ),8000038,Bietigheim-Bissingen,Baden-Württemberg,Bietigheim-Bissingen,74321,9.137217396,48.94794988,2,2609101225.0,5.0,,,,,,,,,,,,1.0,0.0
-144422822861230009-2609101237-1,7533,,2609101237.0,,,S,S5,,8000038,Bietigheim-Bissingen,Baden-Württemberg,Bietigheim-Bissingen,74321,9.137217396,48.94794988,2,,,2609101237.0,,,,,,,,,,,0.0,0.0
-2497004780648081166-2609101116-12,19228,2609101235.0,2609101236.0,10.0,,RE,MEX12,Reutlingen Hbf|Metzingen(Württ)|Bempflingen|Nürtingen|Oberboihingen|Wendlingen(Neckar)|Plochingen|Esslingen(Neckar)|Stuttgart-Bad Cannstatt|Stuttgart Hbf|Ludwigsburg,8000038,Bietigheim-Bissingen,Baden-Württemberg,Bietigheim-Bissingen,74321,9.137217396,48.94794988,2,2609101245.0,,2609101246.0,,h,2.0,Störung,,,,,,,10.0,10.0
-7795586411588280117-2609101230-7,19319,2609101255.0,2609101257.0,8.0,,RE,MEX18,Heilbronn Hbf|Nordheim(Württ)|Lauffen(Neckar)|Kirchheim(Neckar)|Walheim(Württ)|Besigheim,8000038,Bietigheim-Bissingen,Baden-Württemberg,Bietigheim-Bissingen,74321,9.137217396,48.94794988,2,2609101257.0,,2609101258.0,,h,2.0,Störung,,,,,,,2.0,1.0
6400024329867543402-2609101112-5,19314,2609101159.0,2609101200.0,10.0,,RE,MEX18,Plochingen|Esslingen(Neckar)|Kornwestheim Pbf|Ludwigsburg,8000038,Bietigheim-Bissingen,Baden-Württemberg,Bietigheim-Bissingen,74321,9.137217396,48.94794988,2,2609101159.0,,2609101200.0,,h,2.0,Störung,,,,,,,0.0,0.0
-4529562227569715510-2609101216-4,7729,2609101230.0,2609101230.0,4.0,,S,S1,Stuttgart-Vaihingen|Stuttgart-Rohr|Goldberg(Württ),8001055,Böblingen,Baden-Württemberg,Böblingen,71034,9.004531864,48.68784871,3,2609101230.0,,2609101231.0,,,,,,,,,,,0.0,1.0
2445452608426707839-2609101216-6,7732,2609101230.0,2609101230.0,3.0,,S,S1,Herrenberg|Nufringen|Gärtringen|Ehningen(b Böblingen)|Hulb,8001055,Böblingen,Baden-Württemberg,Böblingen,71034,9.004531864,48.68784871,3,2609101231.0,,2609101232.0,,,,,,,,,,,1.0,2.0
2681887687926966590-2609101158-9,7030,2609101226.0,,5.0,,S,,Leonberg|Rutesheim|Renningen|Renningen Süd|Magstadt|Maichingen Nord|Maichingen|Sindelfingen,8001055,Böblingen,Baden-Württemberg,Böblingen,71034,9.004531864,48.68784871,3,2609101226.0,,,,h,1.0,Bauarbeiten,,,,,,,0.0,0.0
7608028257592331283-2609101204-1,7029,,2609101204.0,,,S,S60,,8001055,Böblingen,Baden-Württemberg,Böblingen,71034,9.004531864,48.68784871,3,,,2609101204.0,,h,1.0,Bauarbeiten,,,,,,,0.0,0.0
8248920292600803212-2609101250-1,8276,,2609101250.0,,,WEG,RB46,,8001055,Böblingen,Baden-Württemberg,Böblingen,71034,9.004531864,48.68784871,3,,,2609101250.0,,,,,,,,,,,0.0,0.0
-7846914851169595045-2609101205-1,8096,,2609101205.0,,,WEG,RB46,,8001055,Böblingen,Baden-Württemberg,Böblingen,71034,9.004531864,48.68784871,3,,,2609101205.0,,,,,,,,,,,0.0,0.0
41668567353075799-2609101146-6,7730,2609101200.0,2609101200.0,3.0,,S,S1,Herrenberg|Nufringen|Gärtringen|Ehningen(b Böblingen)|Hulb,8001055,Böblingen,Baden-Württemberg,Böblingen,71034,9.004531864,48.68784871,3,2609101200.0,,2609101202.0,,,,,,,,,,,0.0,2.0
6836109522047011990-2609101233-1,28480,,2609101233.0,,,RE,RESB,,8001055,Böblingen,Baden-Württemberg,Böblingen,71034,9.004531864,48.68784871,3,,,2609101244.0,,,,,,,,,,c,0.0,11.0
-2940847191023482874-2609101146-4,7727,2609101200.0,2609101200.0,4.0,,S,S1,Stuttgart-Vaihingen|Stuttgart-Rohr|Goldberg(Württ),8001055,Böblingen,Baden-Württemberg,Böblingen,71034,9.004531864,48.68784871,3,2609101200.0,,2609101200.0,,,,,,,,,,,0.0,0.0
-5786747659685164185-2609101228-9,7032,2609101256.0,,5.0,,S,,Leonberg|Rutesheim|Renningen|Renningen Süd|Magstadt|Maichingen Nord|Maichingen|Sindelfingen,8001055,Böblingen,Baden-Württemberg,Böblingen,71034,9.004531864,48.68784871,3,2609101256.0,,,,h,1.0,Bauarbeiten,,,,,,,0.0,0.0
2137668365447796022-2609101203-3,28481,2609101226.0,,2.0,,RE,,Stuttgart Hbf|Stuttgart-Vaihingen,8001055,Böblingen,Baden-Württemberg,Böblingen,71034,9.004531864,48.68784871,3,2609101240.0,,,,,,,,,,,c,,14.0,0.0
8909000467605487008-2609101202-12,8097,2609101225.0,,1.0,,WEG,,Dettenhausen|Weil im Schönbuch Untere Halde|Weil im Schönbuch Röte|Weil im Schönbuch Troppel|Holzgerlingen Buch|Holzgerlingen Bf|Holzgerlingen Hülben|Böblingen Zimmerschlag|Böblingen Heusteigstr|Böblingen Südbf|Böblingen Danziger Str,8001055,Böblingen,Baden-Württemberg,Böblingen,71034,9.004531864,48.68784871,3,2609101227.0,,,,,,,,,,,,,2.0,0.0
-8244462081615470367-2609101234-1,7031,,2609101234.0,,,S,S60,,8001055,Böblingen,Baden-Württemberg,Böblingen,71034,9.004531864,48.68784871,3,,,2609101234.0,,h,1.0,Bauarbeiten,,,,,,,0.0,0.0
-567364517811325165-2609101217-3,17637,2609101238.0,2609101239.0,5.0,,RE,RE14b,Stuttgart Hbf|Stuttgart-Vaihingen,8001055,Böblingen,Baden-Württemberg,Böblingen,71034,9.004531864,48.68784871,3,2609101242.0,,2609101243.0,,,,,,,,,,,4.0,4.0
4286078100246831779-2609101217-3,17639,2609101238.0,2609101239.0,5.0,,RE,RE14a,Stuttgart Hbf|Stuttgart-Vaihingen,8001055,Böblingen,Baden-Württemberg,Böblingen,71034,9.004531864,48.68784871,3,2609101242.0,,2609101243.0,,,,,,,,,,,4.0,4.0
4308021049785354747-2609101235-1,8100,,2609101235.0,,,WEG,RB46,,8001055,Böblingen,Baden-Württemberg,Böblingen,71034,9.004531864,48.68784871,3,,,2609101236.0,,,,,,,,,,,0.0,1.0
-6059316468643994057-2609101232-12,8101,2609101255.0,,1.0,,WEG,,Dettenhausen|Weil im Schönbuch Untere Halde|Weil im Schönbuch Röte|Weil im Schönbuch Troppel|Holzgerlingen Buch|Holzgerlingen Bf|Holzgerlingen Hülben|Böblingen Zimmerschlag|Böblingen Heusteigstr|Böblingen Südbf|Böblingen Danziger Str,8001055,Böblingen,Baden-Württemberg,Böblingen,71034,9.004531864,48.68784871,3,2609101255.0,,,,,,,,,,,,,0.0,0.0
-2998179875280093698-2609101220-1,8272,,2609101220.0,,,WEG,RB46,,8001055,Böblingen,Baden-Württemberg,Böblingen,71034,9.004531864,48.68784871,3,,,2609101220.0,,,,,,,,,,,0.0,0.0
-3901454027336800522-2609101203-2,7431,2609101207.0,2609101208.0,1.0,,S,S4,Backnang,8001296,Burgstall (Murr),Baden-Württemberg,Burgstetten,71576,9.36973562,48.92851826,6,2609101207.0,,2609101208.0,,,,,,,,,,,0.0,0.0
-7298917680991319195-2609101207-13,7426,2609101247.0,2609101247.0,1.0,,S,S4,Stuttgart Hbf|Stuttgart Nordbahnhof|Stuttgart-Feuerbach|Stuttgart-Zuffenhausen|Kornwestheim Pbf|Ludwigsburg|Favoritepark|Freiberg(Neckar)|Benningen(Neckar)|Marbach(Neckar)|Erdmannhausen|Kirchberg(Murr),8001296,Burgstall (Murr),Baden-Württemberg,Burgstetten,71576,9.36973562,48.92851826,6,2609101253.0,,2609101254.0,,,,,,,,,,,6.0,7.0
3857297737128192069-2609101137-13,7424,2609101217.0,2609101217.0,1.0,,S,S4,Stuttgart Hbf|Stuttgart Nordbahnhof|Stuttgart-Feuerbach|Stuttgart-Zuffenhausen|Kornwestheim Pbf|Ludwigsburg|Favoritepark|Freiberg(Neckar)|Benningen(Neckar)|Marbach(Neckar)|Erdmannhausen|Kirchberg(Murr),8001296,Burgstall (Murr),Baden-Württemberg,Burgstetten,71576,9.36973562,48.92851826,6,2609101219.0,,2609101221.0,,,,,,,,,,,2.0,4.0
-960944489364412818-2609101233-2,7433,2609101237.0,2609101238.0,1.0,,S,S4,Backnang,8001296,Burgstall (Murr),Baden-Württemberg,Burgstetten,71576,9.36973562,48.92851826,6,2609101238.0,,2609101239.0,,,,,,,,,,,1.0,1.0
-7310699039855167706-2609101254-1,7633,,2609101254.0,,,S,S6,,8001476,Ditzingen,Baden-Württemberg,Ditzingen,71254,9.067095186,48.82358726,4,,,2609101255.0,3.0,h,1.0,Bauarbeiten,,,,,,,0.0,1.0
8203649348842138698-2609101147-8,7626,2609101206.0,,2.0,,S,,Stuttgart Hbf|Stuttgart Nordbahnhof|Stuttgart-Feuerbach|Stuttgart-Zuffenhausen|Neuwirtshaus(Porscheplatz)|Korntal|Weilimdorf,8001476,Ditzingen,Baden-Württemberg,Ditzingen,71254,9.067095186,48.82358726,4,2609101206.0,3.0,,,h,1.0,Bauarbeiten,,,,,,,0.0,0.0
-4550209179177272275-2609101224-1,7631,,2609101224.0,,,S,S6,,8001476,Ditzingen,Baden-Württemberg,Ditzingen,71254,9.067095186,48.82358726,4,,,2609101224.0,3.0,h,1.0,Bauarbeiten,,,,,,,0.0,0.0
-1086892456037719731-2609101217-8,7628,2609101236.0,,2.0,,S,,Stuttgart Hbf|Stuttgart Nordbahnhof|Stuttgart-Feuerbach|Stuttgart-Zuffenhausen|Neuwirtshaus(Porscheplatz)|Korntal|Weilimdorf,8001476,Ditzingen,Baden-Württemberg,Ditzingen,71254,9.067095186,48.82358726,4,2609101245.0,3.0,,,h,1.0,Bauarbeiten,,,,,,,9.0,0.0
1366968872886553177-2609101235-5,7931,2609101249.0,2609101250.0,1.0,,S,S2,Stuttgart-Vaihingen|Stuttgart-Rohr|Oberaichen|Leinfelden,8001650,Echterdingen,Baden-Württemberg,Echterdingen,70771,9.169307175,48.69214787,4,2609101249.0,,2609101250.0,,,,,,,,,,,0.0,0.0
4532240052029758882-2609101203-3,7928,2609101210.0,2609101210.0,2.0,,S,S2,Filderstadt|Stuttgart Flughafen/Messe,8001650,Echterdingen,Baden-Württemberg,Echterdingen,70771,9.169307175,48.69214787,4,2609101210.0,,2609101210.0,,,,,,,,,,,0.0,0.0
8432673047054651256-2609101233-3,7930,2609101240.0,2609101240.0,2.0,,S,S2,Filderstadt|Stuttgart Flughafen/Messe,8001650,Echterdingen,Baden-Württemberg,Echterdingen,70771,9.169307175,48.69214787,4,2609101240.0,,2609101240.0,,,,,,,,,,,0.0,0.0
1327633295860803337-2609101205-5,7929,2609101219.0,2609101220.0,1.0,,S,S2,Stuttgart-Vaihingen|Stuttgart-Rohr|Oberaichen|Leinfelden,8001650,Echterdingen,Baden-Württemberg,Echterdingen,70771,9.169307175,48.69214787,4,2609101219.0,,2609101220.0,,,,,,,,,,,0.0,0.0
-4529562227569715510-2609101216-6,7729,2609101235.0,2609101235.0,2.0,,S,S1,Stuttgart-Vaihingen|Stuttgart-Rohr|Goldberg(Württ)|Böblingen|Hulb,8001689,Ehningen (b Böblingen),Baden-Württemberg,Ehningen,71139,8.944310368,48.66275549,4,2609101236.0,,2609101236.0,,,,,,,,,,,1.0,1.0
2445452608426707839-2609101216-4,7732,2609101225.0,2609101225.0,1.0,,S,S1,Herrenberg|Nufringen|Gärtringen,8001689,Ehningen (b Böblingen),Baden-Württemberg,Ehningen,71139,8.944310368,48.66275549,4,2609101226.0,,2609101227.0,,,,,,,,,,,1.0,2.0
-1936486939046904827-2609101246-4,7734,2609101255.0,2609101255.0,1.0,,S,S1,Herrenberg|Nufringen|Gärtringen,8001689,Ehningen (b Böblingen),Baden-Württemberg,Ehningen,71139,8.944310368,48.66275549,4,2609101255.0,,2609101256.0,,,,,,,,,,,0.0,1.0
-2940847191023482874-2609101146-6,7727,2609101205.0,2609101205.0,2.0,,S,S1,Stuttgart-Vaihingen|Stuttgart-Rohr|Goldberg(Württ)|Böblingen|Hulb,8001689,Ehningen (b Böblingen),Baden-Württemberg,Ehningen,71139,8.944310368,48.66275549,4,2609101205.0,,2609101206.0,,,,,,,,,,,0.0,1.0
3177327826888597271-2609101233-7,7233,2609101247.0,2609101247.0,3.0,,S,S2,Schorndorf|Weiler(Rems)|Winterbach(b Schorndorf)|Geradstetten|Grunbach|Beutelsbach,8001785,Endersbach,Baden-Württemberg,Weinstadt,71384,9.370192421,48.81317323,4,2609101248.0,,2609101248.0,,h,2.0,Bauarbeiten,,,,,,,1.0,1.0
-2751722865578801757-2609101220-9,7228,2609101241.0,2609101241.0,2.0,,S,S2,Stuttgart Hbf|Stuttgart-Bad Cannstatt|Stuttgart Nürnberger Str.|Stuttgart-Sommerrain|Fellbach|Waiblingen|Rommelshausen|Stetten-Beinstein,8001785,Endersbach,Baden-Württemberg,Weinstadt,71384,9.370192421,48.81317323,4,2609101253.0,,2609101253.0,,h,2.0,Bauarbeiten,,,,,,,12.0,12.0
8797923397467745795-2609101150-9,7226,2609101211.0,2609101211.0,2.0,,S,S2,Stuttgart Hbf|Stuttgart-Bad Cannstatt|Stuttgart Nürnberger Str.|Stuttgart-Sommerrain|Fellbach|Waiblingen|Rommelshausen|Stetten-Beinstein,8001785,Endersbach,Baden-Württemberg,Weinstadt,71384,9.370192421,48.81317323,4,2609101211.0,,2609101211.0,,h,2.0,Bauarbeiten,,,,,,,0.0,0.0
-2732981563110923380-2609101203-7,7231,2609101217.0,2609101217.0,3.0,,S,S2,Schorndorf|Weiler(Rems)|Winterbach(b Schorndorf)|Geradstetten|Grunbach|Beutelsbach,8001785,Endersbach,Baden-Württemberg,Weinstadt,71384,9.370192421,48.81317323,4,2609101217.0,,2609101218.0,,h,2.0,Bauarbeiten,,,,,,,0.0,1.0
-3901454027336800522-2609101203-4,7431,2609101217.0,2609101218.0,1.0,,S,S4,Backnang|Burgstall(Murr)|Kirchberg(Murr),8001827,Erdmannhausen,Baden-Württemberg,Erdmannhausen,71729,9.298930848,48.9483447,6,2609101218.0,,2609101219.0,,,,,,,,,,,1.0,1.0
-7298917680991319195-2609101207-11,7426,2609101240.0,2609101240.0,1.0,,S,S4,Stuttgart Hbf|Stuttgart Nordbahnhof|Stuttgart-Feuerbach|Stuttgart-Zuffenhausen|Kornwestheim Pbf|Ludwigsburg|Favoritepark|Freiberg(Neckar)|Benningen(Neckar)|Marbach(Neckar),8001827,Erdmannhausen,Baden-Württemberg,Erdmannhausen,71729,9.298930848,48.9483447,6,2609101246.0,,2609101247.0,,,,,,,,,,,6.0,7.0
3857297737128192069-2609101137-11,7424,2609101210.0,2609101210.0,1.0,,S,S4,Stuttgart Hbf|Stuttgart Nordbahnhof|Stuttgart-Feuerbach|Stuttgart-Zuffenhausen|Kornwestheim Pbf|Ludwigsburg|Favoritepark|Freiberg(Neckar)|Benningen(Neckar)|Marbach(Neckar),8001827,Erdmannhausen,Baden-Württemberg,Erdmannhausen,71729,9.298930848,48.9483447,6,2609101211.0,,2609101213.0,,,,,,,,,,,1.0,3.0
-960944489364412818-2609101233-4,7433,2609101247.0,2609101248.0,1.0,,S,S4,Backnang|Burgstall(Murr)|Kirchberg(Murr),8001827,Erdmannhausen,Baden-Württemberg,Erdmannhausen,71729,9.298930848,48.9483447,6,2609101252.0,,2609101252.0,,,,,,,,,,,5.0,4.0
8056505330798593907-2609100706-11,119,2609101159.0,2609101203.0,5.0,,ICE,,Münster(Westf)Hbf|Recklinghausen Hbf|Gelsenkirchen Hbf|Oberhausen Hbf|Duisburg Hbf|Düsseldorf Hbf|Köln Messe/Deutz Gl.11-12|Frankfurt(M) Flughafen Fernbf|Mannheim Hbf|Vaihingen(Enz),8001920,Esslingen (Neckar),Baden-Württemberg,Esslingen am Neckar,73728,9.300578149,48.73854148,3,2609101207.0,,2609101208.0,,h,1.0,Störung,,,,,,,8.0,5.0
4695358664547013286-2609101036-20,19136,2609101201.0,2609101202.0,3.0,,ARV,MEX16,Ulm Hbf|Beimerstetten|Westerstetten|Lonsee|Urspring|Amstetten(Württ)|Geislingen(Steige)|Geislingen(Steige)West|Kuchen|Gingen(Fils)|Süßen|Salach|Eislingen(Fils)|Göppingen|Faurndau|Uhingen|Ebersbach(Fils)|Reichenbach(Fils)|Plochingen,8001920,Esslingen (Neckar),Baden-Württemberg,Esslingen am Neckar,73728,9.300578149,48.73854148,3,2609101201.0,,2609101203.0,,,,,,,,,,,0.0,1.0
-3458622020077786212-2609101057-11,19221,2609101204.0,2609101205.0,6.0,,RE,MEX12,Heilbronn Hbf|Nordheim(Württ)|Lauffen(Neckar)|Kirchheim(Neckar)|Walheim(Württ)|Besigheim|Bietigheim-Bissingen|Ludwigsburg|Stuttgart Hbf|Stuttgart-Bad Cannstatt,8001920,Esslingen (Neckar),Baden-Württemberg,Esslingen am Neckar,73728,9.300578149,48.73854148,3,2609101211.0,8.0,2609101212.0,8.0,h,2.0,Störung,,,,,,,7.0,7.0
-513768940106917907-2609101155-7,7128,2609101212.0,2609101213.0,8.0,,S,S1,Stuttgart Hbf|Stuttgart-Bad Cannstatt|Stuttgart Neckarpark|Stuttgart-Untertürkheim|Stuttgart-Obertürkheim|Esslingen-Mettingen,8001920,Esslingen (Neckar),Baden-Württemberg,Esslingen am Neckar,73728,9.300578149,48.73854148,3,2609101214.0,,2609101216.0,,,,,,,,,,,2.0,3.0
3357210642239304181-2609101216-8,19230,2609101255.0,2609101255.0,7.0,,RE,MEX12,Reutlingen Hbf|Metzingen(Württ)|Bempflingen|Nürtingen|Oberboihingen|Wendlingen(Neckar)|Plochingen,8001920,Esslingen (Neckar),Baden-Württemberg,Esslingen am Neckar,73728,9.300578149,48.73854148,3,2609101255.0,,2609101256.0,,h,2.0,Störung,,,,,,,0.0,1.0
-2287383522736908895-2609101217-2,19316,2609101223.0,2609101226.0,3.0,,RE,MEX18,Plochingen,8001920,Esslingen (Neckar),Baden-Württemberg,Esslingen am Neckar,73728,9.300578149,48.73854148,3,2609101223.0,,2609101226.0,,h,2.0,Störung,,,,,,,0.0,0.0
8539842934523735566-2609101225-7,7130,2609101242.0,2609101243.0,8.0,,S,S1,Stuttgart Hbf|Stuttgart-Bad Cannstatt|Stuttgart Neckarpark|Stuttgart-Untertürkheim|Stuttgart-Obertürkheim|Esslingen-Mettingen,8001920,Esslingen (Neckar),Baden-Württemberg,Esslingen am Neckar,73728,9.300578149,48.73854148,3,2609101246.0,,2609101246.0,,,,,,,,,,,4.0,3.0
-1993606386599546493-2609101148-14,19138,2609101240.0,2609101240.0,3.0,,ARV,MEX16,Geislingen(Steige)|Geislingen(Steige)West|Kuchen|Gingen(Fils)|Süßen|Salach|Eislingen(Fils)|Göppingen|Faurndau|Uhingen|Ebersbach(Fils)|Reichenbach(Fils)|Plochingen,8001920,Esslingen (Neckar),Baden-Württemberg,Esslingen am Neckar,73728,9.300578149,48.73854148,3,2609101240.0,,2609101241.0,,,,,,,,,,,0.0,1.0
-5722273275463151764-2609101204-3,19139,2609101215.0,2609101215.0,5.0,,ARV,MEX16,Stuttgart Hbf|Stuttgart-Bad Cannstatt,8001920,Esslingen (Neckar),Baden-Württemberg,Esslingen am Neckar,73728,9.300578149,48.73854148,3,2609101221.0,,2609101222.0,,,,,,,,,,,6.0,7.0
7937418007745078860-2609101130-10,19317,2609101234.0,2609101235.0,6.0,,RE,MEX18,Heilbronn Hbf|Nordheim(Württ)|Lauffen(Neckar)|Kirchheim(Neckar)|Walheim(Württ)|Besigheim|Bietigheim-Bissingen|Ludwigsburg|Kornwestheim Pbf,8001920,Esslingen (Neckar),Baden-Württemberg,Esslingen am Neckar,73728,9.300578149,48.73854148,3,2609101237.0,8.0,2609101237.0,8.0,h,2.0,Störung,,,,,,,3.0,2.0
2297543165058573928-2609101237-2,4217,2609101246.0,2609101248.0,5.0,,RE,RE5,Stuttgart Hbf,8001920,Esslingen (Neckar),Baden-Württemberg,Esslingen am Neckar,73728,9.300578149,48.73854148,3,2609101253.0,,2609101254.0,,h,2.0,Störung,,,,,,,7.0,6.0
1394235487267718911-2609101242-3,19141,2609101253.0,2609101254.0,5.0,,ARV,MEX16,Stuttgart Hbf|Stuttgart-Bad Cannstatt,8001920,Esslingen (Neckar),Baden-Württemberg,Esslingen am Neckar,73728,9.300578149,48.73854148,3,2609101255.0,8.0,2609101257.0,8.0,,,,,,,,,,2.0,3.0
-6319936848544854600-2609101220-9,7133,2609101247.0,2609101247.0,7.0,,S,S1,Kirchheim(Teck)|Kirchheim(Teck)-Ötlingen|Wendlingen(Neckar)|Wernau(Neckar)|Plochingen|Altbach|Esslingen-Zell|Oberesslingen,8001920,Esslingen (Neckar),Baden-Württemberg,Esslingen am Neckar,73728,9.300578149,48.73854148,3,2609101247.0,,2609101248.0,,,,,,,,,,,0.0,1.0
1366757169240187578-2609101005-12,4212,2609101212.0,2609101213.0,3.0,,RE,RE5,Friedrichshafen Stadt|Meckenbeuren|Ravensburg|Aulendorf|Bad Schussenried|Biberach(Riß)|Laupheim West|Ulm Hbf|Geislingen(Steige)|Göppingen|Plochingen,8001920,Esslingen (Neckar),Baden-Württemberg,Esslingen am Neckar,73728,9.300578149,48.73854148,3,2609101214.0,2.0,2609101215.0,2.0,h,2.0,Störung,,,,,,,2.0,2.0
7844358081895785158-2609101019-4,918,2609101207.0,2609101209.0,3.0,,ICE,,München Hbf|Augsburg Hbf|Ulm Hbf,8001920,Esslingen (Neckar),Baden-Württemberg,Esslingen am Neckar,73728,9.300578149,48.73854148,3,2609101207.0,,2609101211.0,,h,1.0,Störung,,,,,,,0.0,2.0
4736637014602700336-2609101150-9,7131,2609101217.0,2609101217.0,7.0,,S,S1,Kirchheim(Teck)|Kirchheim(Teck)-Ötlingen|Wendlingen(Neckar)|Wernau(Neckar)|Plochingen|Altbach|Esslingen-Zell|Oberesslingen,8001920,Esslingen (Neckar),Baden-Württemberg,Esslingen am Neckar,73728,9.300578149,48.73854148,3,2609101217.0,,2609101218.0,,,,,,,,,,,0.0,1.0
-513768940106917907-2609101155-6,7128,2609101209.0,2609101209.0,4.0,,S,S1,Stuttgart Hbf|Stuttgart-Bad Cannstatt|Stuttgart Neckarpark|Stuttgart-Untertürkheim|Stuttgart-Obertürkheim,8001921,Esslingen-Mettingen,Baden-Württemberg,Esslingen am Neckar,73733,9.275799007,48.74696655,3,2609101210.0,,2609101211.0,,,,,,,,,,,1.0,2.0
8539842934523735566-2609101225-6,7130,2609101239.0,2609101239.0,4.0,,S,S1,Stuttgart Hbf|Stuttgart-Bad Cannstatt|Stuttgart Neckarpark|Stuttgart-Untertürkheim|Stuttgart-Obertürkheim,8001921,Esslingen-Mettingen,Baden-Württemberg,Esslingen am Neckar,73733,9.275799007,48.74696655,3,2609101243.0,,2609101244.0,,,,,,,,,,,4.0,5.0
-6319936848544854600-2609101220-10,7133,2609101249.0,2609101250.0,3.0,,S,S1,Kirchheim(Teck)|Kirchheim(Teck)-Ötlingen|Wendlingen(Neckar)|Wernau(Neckar)|Plochingen|Altbach|Esslingen-Zell|Oberesslingen|Esslingen(Neckar),8001921,Esslingen-Mettingen,Baden-Württemberg,Esslingen am Neckar,73733,9.275799007,48.74696655,3,2609101250.0,,2609101251.0,,,,,,,,,,,1.0,1.0
4736637014602700336-2609101150-10,7131,2609101219.0,2609101220.0,3.0,,S,S1,Kirchheim(Teck)|Kirchheim(Teck)-Ötlingen|Wendlingen(Neckar)|Wernau(Neckar)|Plochingen|Altbach|Esslingen-Zell|Oberesslingen|Esslingen(Neckar),8001921,Esslingen-Mettingen,Baden-Württemberg,Esslingen am Neckar,73733,9.275799007,48.74696655,3,2609101219.0,,2609101221.0,,,,,,,,,,,0.0,1.0
-513768940106917907-2609101155-9,7128,2609101217.0,2609101218.0,4.0,,S,S1,Stuttgart Hbf|Stuttgart-Bad Cannstatt|Stuttgart Neckarpark|Stuttgart-Untertürkheim|Stuttgart-Obertürkheim|Esslingen-Mettingen|Esslingen(Neckar)|Oberesslingen,8006642,Esslingen-Zell,Baden-Württemberg,Esslingen am Neckar,73730,9.359739507,48.72436142,3,2609101220.0,,2609101220.0,,,,,,,,,,,3.0,2.0
8539842934523735566-2609101225-9,7130,2609101247.0,2609101248.0,4.0,,S,S1,Stuttgart Hbf|Stuttgart-Bad Cannstatt|Stuttgart Neckarpark|Stuttgart-Untertürkheim|Stuttgart-Obertürkheim|Esslingen-Mettingen|Esslingen(Neckar)|Oberesslingen,8006642,Esslingen-Zell,Baden-Württemberg,Esslingen am Neckar,73730,9.359739507,48.72436142,3,2609101250.0,,2609101250.0,,,,,,,,,,,3.0,2.0
-6319936848544854600-2609101220-7,7133,2609101242.0,2609101242.0,3.0,,S,S1,Kirchheim(Teck)|Kirchheim(Teck)-Ötlingen|Wendlingen(Neckar)|Wernau(Neckar)|Plochingen|Altbach,8006642,Esslingen-Zell,Baden-Württemberg,Esslingen am Neckar,73730,9.359739507,48.72436142,3,2609101242.0,,2609101242.0,,,,,,,,,,,0.0,0.0
4736637014602700336-2609101150-7,7131,2609101212.0,2609101212.0,3.0,,S,S1,Kirchheim(Teck)|Kirchheim(Teck)-Ötlingen|Wendlingen(Neckar)|Wernau(Neckar)|Plochingen|Altbach,8006642,Esslingen-Zell,Baden-Württemberg,Esslingen am Neckar,73730,9.359739507,48.72436142,3,2609101212.0,,2609101212.0,,,,,,,,,,,0.0,0.0
-3901454027336800522-2609101203-8,7431,2609101233.0,2609101234.0,2.0,,S,S4,Backnang|Burgstall(Murr)|Kirchberg(Murr)|Erdmannhausen|Marbach(Neckar)|Benningen(Neckar)|Freiberg(Neckar),8001967,Favoritepark,Baden-Württemberg,Ludwigsburg,71634,9.180574277,48.90948451,5,2609101234.0,,2609101235.0,,,,,,,,,,,1.0,1.0
-7298917680991319195-2609101207-7,7426,2609101226.0,2609101226.0,1.0,,S,S4,Stuttgart Hbf|Stuttgart Nordbahnhof|Stuttgart-Feuerbach|Stuttgart-Zuffenhausen|Kornwestheim Pbf|Ludwigsburg,8001967,Favoritepark,Baden-Württemberg,Ludwigsburg,71634,9.180574277,48.90948451,5,2609101233.0,,2609101234.0,,,,,,,,,,,7.0,8.0
123913387555218089-2609101237-7,7428,2609101256.0,2609101256.0,1.0,,S,S4,Stuttgart Hbf|Stuttgart Nordbahnhof|Stuttgart-Feuerbach|Stuttgart-Zuffenhausen|Kornwestheim Pbf|Ludwigsburg,8001967,Favoritepark,Baden-Württemberg,Ludwigsburg,71634,9.180574277,48.90948451,5,2609101256.0,,2609101257.0,,,,,,,,,,,0.0,1.0
-2837347101663805561-2609101133-8,7429,2609101203.0,2609101204.0,2.0,,S,S4,Backnang|Burgstall(Murr)|Kirchberg(Murr)|Erdmannhausen|Marbach(Neckar)|Benningen(Neckar)|Freiberg(Neckar),8001967,Favoritepark,Baden-Württemberg,Ludwigsburg,71634,9.180574277,48.90948451,5,2609101207.0,,2609101208.0,,,,,,,,,,,4.0,4.0
3177327826888597271-2609101233-11,7233,2609101257.0,2609101258.0,4.0,,S,S2,Schorndorf|Weiler(Rems)|Winterbach(b Schorndorf)|Geradstetten|Grunbach|Beutelsbach|Endersbach|Stetten-Beinstein|Rommelshausen|Waiblingen,8001974,Fellbach,Baden-Württemberg,Fellbach,70736,9.270645988,48.8202936,3,2609101257.0,,2609101258.0,,h,2.0,Bauarbeiten,,,,,,,0.0,0.0
8851012744564607240-2609101211-8,7331,2609101232.0,2609101233.0,4.0,,S,S3,Backnang|Maubach|Nellmersbach|Winnenden|Schwaikheim|Neustadt-Hohenacker|Waiblingen,8001974,Fellbach,Baden-Württemberg,Fellbach,70736,9.270645988,48.8202936,3,2609101233.0,,2609101234.0,,,,,,,,,,,1.0,1.0
-3955134605586594139-2609101141-8,7329,2609101202.0,2609101203.0,4.0,,S,S3,Backnang|Maubach|Nellmersbach|Winnenden|Schwaikheim|Neustadt-Hohenacker|Waiblingen,8001974,Fellbach,Baden-Württemberg,Fellbach,70736,9.270645988,48.8202936,3,2609101202.0,,2609101203.0,,,,,,,,,,,0.0,0.0
5786472600680484262-2609101242-5,7330,2609101256.0,2609101257.0,1.0,,S,S3,Stuttgart Hbf|Stuttgart-Bad Cannstatt|Stuttgart Nürnberger Str.|Stuttgart-Sommerrain,8001974,Fellbach,Baden-Württemberg,Fellbach,70736,9.270645988,48.8202936,3,2609101256.0,,2609101257.0,,,,,,,,,,,0.0,0.0
7638159005670329721-2609101212-5,7328,2609101226.0,2609101227.0,1.0,,S,S3,Stuttgart Hbf|Stuttgart-Bad Cannstatt|Stuttgart Nürnberger Str.|Stuttgart-Sommerrain,8001974,Fellbach,Baden-Württemberg,Fellbach,70736,9.270645988,48.8202936,3,2609101228.0,,2609101228.0,,,,,,,,,,,2.0,1.0
-2751722865578801757-2609101220-5,7228,2609101231.0,2609101232.0,1.0,,S,S2,Stuttgart Hbf|Stuttgart-Bad Cannstatt|Stuttgart Nürnberger Str.|Stuttgart-Sommerrain,8001974,Fellbach,Baden-Württemberg,Fellbach,70736,9.270645988,48.8202936,3,2609101238.0,,2609101239.0,,h,2.0,Bauarbeiten,,,,,,,7.0,7.0
8797923397467745795-2609101150-5,7226,2609101201.0,2609101202.0,1.0,,S,S2,Stuttgart Hbf|Stuttgart-Bad Cannstatt|Stuttgart Nürnberger Str.|Stuttgart-Sommerrain,8001974,Fellbach,Baden-Württemberg,Fellbach,70736,9.270645988,48.8202936,3,2609101201.0,,2609101202.0,,h,2.0,Bauarbeiten,,,,,,,0.0,0.0
-2732981563110923380-2609101203-11,7231,2609101227.0,2609101228.0,4.0,,S,S2,Schorndorf|Weiler(Rems)|Winterbach(b Schorndorf)|Geradstetten|Grunbach|Beutelsbach|Endersbach|Stetten-Beinstein|Rommelshausen|Waiblingen,8001974,Fellbach,Baden-Württemberg,Fellbach,70736,9.270645988,48.8202936,3,2609101227.0,,2609101228.0,,h,2.0,Bauarbeiten,,,,,,,0.0,0.0
1366968872886553177-2609101235-6,7931,2609101252.0,2609101253.0,1.0,,S,S2,Stuttgart-Vaihingen|Stuttgart-Rohr|Oberaichen|Leinfelden|Echterdingen,8005768,Stuttgart Flughafen/Messe,Baden-Württemberg,Leinfelden-Echterdingen,70629,9.193411574,48.69075193,4,2609101252.0,,2609101253.0,,,,,,,,,,,0.0,0.0
4532240052029758882-2609101203-2,7928,2609101207.0,2609101208.0,2.0,,S,S2,Filderstadt,8005768,Stuttgart Flughafen/Messe,Baden-Württemberg,Leinfelden-Echterdingen,70629,9.193411574,48.69075193,4,2609101207.0,,2609101208.0,,,,,,,,,,,0.0,0.0
8432673047054651256-2609101233-2,7930,2609101237.0,2609101238.0,2.0,,S,S2,Filderstadt,8005768,Stuttgart Flughafen/Messe,Baden-Württemberg,Leinfelden-Echterdingen,70629,9.193411574,48.69075193,4,2609101237.0,,2609101238.0,,,,,,,,,,,0.0,0.0
1327633295860803337-2609101205-6,7929,2609101222.0,2609101223.0,1.0,,S,S2,Stuttgart-Vaihingen|Stuttgart-Rohr|Oberaichen|Leinfelden|Echterdingen,8005768,Stuttgart Flughafen/Messe,Baden-Württemberg,Leinfelden-Echterdingen,70629,9.193411574,48.69075193,4,2609101222.0,,2609101223.0,,,,,,,,,,,0.0,0.0
-3901454027336800522-2609101203-7,7431,2609101230.0,2609101231.0,2.0,,S,S4,Backnang|Burgstall(Murr)|Kirchberg(Murr)|Erdmannhausen|Marbach(Neckar)|Benningen(Neckar),8002065,Freiberg (Neckar),Baden-Württemberg,Freiberg am Neckar,71691,9.197530085,48.92994974,5,2609101231.0,,2609101232.0,,,,,,,,,,,1.0,1.0
-7298917680991319195-2609101207-8,7426,2609101229.0,2609101229.0,3.0,,S,S4,Stuttgart Hbf|Stuttgart Nordbahnhof|Stuttgart-Feuerbach|Stuttgart-Zuffenhausen|Kornwestheim Pbf|Ludwigsburg|Favoritepark,8002065,Freiberg (Neckar),Baden-Württemberg,Freiberg am Neckar,71691,9.197530085,48.92994974,5,2609101235.0,,2609101236.0,,,,,,,,,,,6.0,7.0
123913387555218089-2609101237-8,7428,2609101259.0,2609101259.0,3.0,,S,S4,Stuttgart Hbf|Stuttgart Nordbahnhof|Stuttgart-Feuerbach|Stuttgart-Zuffenhausen|Kornwestheim Pbf|Ludwigsburg|Favoritepark,8002065,Freiberg (Neckar),Baden-Württemberg,Freiberg am Neckar,71691,9.197530085,48.92994974,5,2609101259.0,,2609101300.0,,,,,,,,,,,0.0,1.0
-2837347101663805561-2609101133-7,7429,2609101200.0,2609101201.0,2.0,,S,S4,Backnang|Burgstall(Murr)|Kirchberg(Murr)|Erdmannhausen|Marbach(Neckar)|Benningen(Neckar),8002065,Freiberg (Neckar),Baden-Württemberg,Freiberg am Neckar,71691,9.197530085,48.92994974,5,2609101204.0,,2609101205.0,,,,,,,,,,,4.0,4.0
-4529562227569715510-2609101216-7,7729,2609101238.0,2609101238.0,1.0,,S,S1,Stuttgart-Vaihingen|Stuttgart-Rohr|Goldberg(Württ)|Böblingen|Hulb|Ehningen(b Böblingen),8002165,Gärtringen,Baden-Württemberg,Gärtringen,71116,8.908864487,48.64080021,5,2609101239.0,,2609101240.0,,,,,,,,,,,1.0,2.0
2445452608426707839-2609101216-3,7732,2609101222.0,2609101222.0,2.0,,S,S1,Herrenberg|Nufringen,8002165,Gärtringen,Baden-Württemberg,Gärtringen,71116,8.908864487,48.64080021,5,2609101223.0,,2609101223.0,,,,,,,,,,,1.0,1.0
-1936486939046904827-2609101246-3,7734,2609101252.0,2609101252.0,2.0,,S,S1,Herrenberg|Nufringen,8002165,Gärtringen,Baden-Württemberg,Gärtringen,71116,8.908864487,48.64080021,5,2609101252.0,,2609101253.0,,,,,,,,,,,0.0,1.0
-2940847191023482874-2609101146-7,7727,2609101208.0,2609101208.0,1.0,,S,S1,Stuttgart-Vaihingen|Stuttgart-Rohr|Goldberg(Württ)|Böblingen|Hulb|Ehningen(b Böblingen),8002165,Gärtringen,Baden-Württemberg,Gärtringen,71116,8.908864487,48.64080021,5,2609101209.0,,2609101209.0,,,,,,,,,,,1.0,1.0
3177327826888597271-2609101233-4,7233,2609101240.0,2609101241.0,1.0,,S,S2,Schorndorf|Weiler(Rems)|Winterbach(b Schorndorf),8002240,Geradstetten,Baden-Württemberg,Remshalden,73630,9.439522346,48.80527689,5,2609101241.0,,2609101241.0,,h,2.0,Bauarbeiten,,,,,,,1.0,0.0
-2751722865578801757-2609101220-12,7228,2609101247.0,2609101247.0,2.0,,S,S2,Stuttgart Hbf|Stuttgart-Bad Cannstatt|Stuttgart Nürnberger Str.|Stuttgart-Sommerrain|Fellbach|Waiblingen|Rommelshausen|Stetten-Beinstein|Endersbach|Beutelsbach|Grunbach,8002240,Geradstetten,Baden-Württemberg,Remshalden,73630,9.439522346,48.80527689,5,2609101300.0,,2609101300.0,,h,2.0,Bauarbeiten,,,,,,,13.0,13.0
8797923397467745795-2609101150-12,7226,2609101217.0,2609101217.0,2.0,,S,S2,Stuttgart Hbf|Stuttgart-Bad Cannstatt|Stuttgart Nürnberger Str.|Stuttgart-Sommerrain|Fellbach|Waiblingen|Rommelshausen|Stetten-Beinstein|Endersbach|Beutelsbach|Grunbach,8002240,Geradstetten,Baden-Württemberg,Remshalden,73630,9.439522346,48.80527689,5,2609101217.0,,2609101217.0,,h,2.0,Bauarbeiten,,,,,,,0.0,0.0
-2732981563110923380-2609101203-4,7231,2609101210.0,2609101211.0,1.0,,S,S2,Schorndorf|Weiler(Rems)|Winterbach(b Schorndorf),8002240,Geradstetten,Baden-Württemberg,Remshalden,73630,9.439522346,48.80527689,5,2609101211.0,,2609101211.0,,h,2.0,Bauarbeiten,,,,,,,1.0,0.0
-4529562227569715510-2609101216-3,7729,2609101228.0,2609101228.0,1.0,,S,S1,Stuttgart-Vaihingen|Stuttgart-Rohr,8005201,Goldberg,Baden-Württemberg,Böblingen,71032,9.019733387,48.69651581,5,2609101228.0,,2609101229.0,,,,,,,,,,,0.0,1.0
2445452608426707839-2609101216-7,7732,2609101232.0,2609101232.0,2.0,,S,S1,Herrenberg|Nufringen|Gärtringen|Ehningen(b Böblingen)|Hulb|Böblingen,8005201,Goldberg,Baden-Württemberg,Böblingen,71032,9.019733387,48.69651581,5,2609101234.0,,2609101234.0,,,,,,,,,,,2.0,2.0
41668567353075799-2609101146-7,7730,2609101202.0,2609101202.0,2.0,,S,S1,Herrenberg|Nufringen|Gärtringen|Ehningen(b Böblingen)|Hulb|Böblingen,8005201,Goldberg,Baden-Württemberg,Böblingen,71032,9.019733387,48.69651581,5,2609101203.0,,2609101204.0,,,,,,,,,,,1.0,2.0
-6009105177500370961-2609101246-3,7731,2609101258.0,2609101258.0,1.0,,S,S1,Stuttgart-Vaihingen|Stuttgart-Rohr,8005201,Goldberg,Baden-Württemberg,Böblingen,71032,9.019733387,48.69651581,5,2609101258.0,,2609101259.0,,,,,,,,,,,0.0,1.0
3177327826888597271-2609101233-5,7233,2609101242.0,2609101243.0,2.0,,S,S2,Schorndorf|Weiler(Rems)|Winterbach(b Schorndorf)|Geradstetten,8002448,Grunbach,Baden-Württemberg,Remshalden,73630,9.419580601,48.810414,4,2609101243.0,,2609101244.0,,h,2.0,Bauarbeiten,,,,,,,1.0,1.0
-2751722865578801757-2609101220-11,7228,2609101245.0,2609101245.0,3.0,,S,S2,Stuttgart Hbf|Stuttgart-Bad Cannstatt|Stuttgart Nürnberger Str.|Stuttgart-Sommerrain|Fellbach|Waiblingen|Rommelshausen|Stetten-Beinstein|Endersbach|Beutelsbach,8002448,Grunbach,Baden-Württemberg,Remshalden,73630,9.419580601,48.810414,4,2609101258.0,,2609101258.0,,h,2.0,Bauarbeiten,,,,,,,13.0,13.0
8797923397467745795-2609101150-11,7226,2609101215.0,2609101215.0,3.0,,S,S2,Stuttgart Hbf|Stuttgart-Bad Cannstatt|Stuttgart Nürnberger Str.|Stuttgart-Sommerrain|Fellbach|Waiblingen|Rommelshausen|Stetten-Beinstein|Endersbach|Beutelsbach,8002448,Grunbach,Baden-Württemberg,Remshalden,73630,9.419580601,48.810414,4,2609101215.0,,2609101215.0,,h,2.0,Bauarbeiten,,,,,,,0.0,0.0
-2732981563110923380-2609101203-5,7231,2609101212.0,2609101213.0,2.0,,S,S2,Schorndorf|Weiler(Rems)|Winterbach(b Schorndorf)|Geradstetten,8002448,Grunbach,Baden-Württemberg,Remshalden,73630,9.419580601,48.810414,4,2609101213.0,,2609101214.0,,h,2.0,Bauarbeiten,,,,,,,1.0,1.0
-4529562227569715510-2609101216-9,7729,2609101245.0,,3.0,,S,,Stuttgart-Vaihingen|Stuttgart-Rohr|Goldberg(Württ)|Böblingen|Hulb|Ehningen(b Böblingen)|Gärtringen|Nufringen,8002785,Herrenberg,Baden-Württemberg,Herrenberg,71083,8.862625253,48.59395697,3,2609101247.0,,,,,,,,,,,,,2.0,0.0
2445452608426707839-2609101216-1,7732,,2609101216.0,,,S,S1,,8002785,Herrenberg,Baden-Württemberg,Herrenberg,71083,8.862625253,48.59395697,3,,,2609101217.0,,,,,,,,,,,0.0,1.0
-1938982949897723231-2609101222-1,17635,,2609101222.0,,,RB,RB14a,,8002785,Herrenberg,Baden-Württemberg,Herrenberg,71083,8.862625253,48.59395697,3,,,2609101222.0,,,,,,,,,,,0.0,0.0
-1865392785619674154-2609101141-10,22773,2609101211.0,,102.0,,RB,,Tübingen Hbf|Tübingen West|Unterjesingen Sandäcker|Unterjesingen Mitte|Pfäffingen|Entringen|Altingen(Württ)|Gültstein|Herrenberg Zwerchweg,8002785,Herrenberg,Baden-Württemberg,Herrenberg,71083,8.862625253,48.59395697,3,2609101211.0,,,,h,2.0,Bauarbeiten,,,,,,,0.0,0.0
-1936486939046904827-2609101246-1,7734,,2609101246.0,,,S,S1,,8002785,Herrenberg,Baden-Württemberg,Herrenberg,71083,8.862625253,48.59395697,3,,,2609101246.0,,,,,,,,,,,0.0,0.0
3529743929784818117-2609100937-13,380,2609101211.0,2609101211.0,1.0,,IC,,Zürich HB|Schaffhausen|Singen(Hohentwiel)|Engen|Tuttlingen|Spaichingen|Rottweil|Oberndorf(Neckar)|Sulz(Neckar)|Horb|Bondorf(b Herrenberg)|Gäufelden,8002785,Herrenberg,Baden-Württemberg,Herrenberg,71083,8.862625253,48.59395697,3,2609101213.0,,2609101214.0,,h,2.0,Information,,,,,,,2.0,3.0
-2940847191023482874-2609101146-9,7727,2609101215.0,,3.0,,S,,Stuttgart-Vaihingen|Stuttgart-Rohr|Goldberg(Württ)|Böblingen|Hulb|Ehningen(b Böblingen)|Gärtringen|Nufringen,8002785,Herrenberg,Baden-Württemberg,Herrenberg,71083,8.862625253,48.59395697,3,2609101216.0,,,,,,,,,,,,,1.0,0.0
-8162855589107279415-2609101211-10,22779,2609101241.0,,102.0,,RB,,Tübingen Hbf|Tübingen West|Unterjesingen Sandäcker|Unterjesingen Mitte|Pfäffingen|Entringen|Altingen(Württ)|Gültstein|Herrenberg Zwerchweg,8002785,Herrenberg,Baden-Württemberg,Herrenberg,71083,8.862625253,48.59395697,3,2609101241.0,,,,h,2.0,Bauarbeiten,,,,,,,0.0,0.0
-567364517811325165-2609101217-4,17637,2609101248.0,2609101248.0,4.0,,RE,RE14b,Stuttgart Hbf|Stuttgart-Vaihingen|Böblingen,8002785,Herrenberg,Baden-Württemberg,Herrenberg,71083,8.862625253,48.59395697,3,2609101252.0,,2609101253.0,,,,,,,,,,,4.0,5.0
4286078100246831779-2609101217-4,17639,2609101248.0,2609101248.0,4.0,,RE,RE14a,Stuttgart Hbf|Stuttgart-Vaihingen|Böblingen,8002785,Herrenberg,Baden-Württemberg,Herrenberg,71083,8.862625253,48.59395697,3,2609101252.0,,2609101253.0,,,,,,,,,,,4.0,5.0
2445758245483744446-2609101249-1,22780,,2609101249.0,,,RB,RB63,,8002785,Herrenberg,Baden-Württemberg,Herrenberg,71083,8.862625253,48.59395697,3,,,2609101250.0,,h,2.0,Bauarbeiten,,,,,,,0.0,1.0
-8823184004077830950-2609101219-1,22774,,2609101219.0,,,RB,RB63,,8002785,Herrenberg,Baden-Württemberg,Herrenberg,71083,8.862625253,48.59395697,3,,,2609101219.0,,h,2.0,Bauarbeiten,,,,,,,0.0,0.0
8993379184971619733-2609101035-11,50380,2609101211.0,2609101211.0,1.0,,RE,IC87,Singen(Hohentwiel)|Engen|Tuttlingen|Spaichingen|Rottweil|Oberndorf(Neckar)|Sulz(Neckar)|Horb|Bondorf(b Herrenberg)|Gäufelden,8002785,Herrenberg,Baden-Württemberg,Herrenberg,71083,8.862625253,48.59395697,3,2609101213.0,,2609101214.0,,h,2.0,Information,,,,,,,2.0,3.0
-4529562227569715510-2609101216-5,7729,2609101232.0,2609101232.0,1.0,,S,S1,Stuttgart-Vaihingen|Stuttgart-Rohr|Goldberg(Württ)|Böblingen,8003022,Hulb,Baden-Württemberg,Böblingen-Hulb,71032,8.982396429,48.67924173,5,2609101233.0,,2609101233.0,,,,,,,,,,,1.0,1.0
2445452608426707839-2609101216-5,7732,2609101228.0,2609101228.0,2.0,,S,S1,Herrenberg|Nufringen|Gärtringen|Ehningen(b Böblingen),8003022,Hulb,Baden-Württemberg,Böblingen-Hulb,71032,8.982396429,48.67924173,5,2609101229.0,,2609101229.0,,,,,,,,,,,1.0,1.0
-1936486939046904827-2609101246-5,7734,2609101258.0,2609101258.0,2.0,,S,S1,Herrenberg|Nufringen|Gärtringen|Ehningen(b Böblingen),8003022,Hulb,Baden-Württemberg,Böblingen-Hulb,71032,8.982396429,48.67924173,5,2609101258.0,,2609101259.0,,,,,,,,,,,0.0,1.0
-2940847191023482874-2609101146-5,7727,2609101202.0,2609101202.0,1.0,,S,S1,Stuttgart-Vaihingen|Stuttgart-Rohr|Goldberg(Württ)|Böblingen,8003022,Hulb,Baden-Württemberg,Böblingen-Hulb,71032,8.982396429,48.67924173,5,2609101202.0,,2609101203.0,,,,,,,,,,,0.0,1.0
1366968872886553177-2609101235-7,7931,2609101257.0,,1.0,,S,,Stuttgart-Vaihingen|Stuttgart-Rohr|Oberaichen|Leinfelden|Echterdingen|Stuttgart Flughafen/Messe,8001984,Filderstadt,Baden-Württemberg,Filderstadt,70794,9.217581315,48.67649151,5,2609101257.0,,,,,,,,,,,,,0.0,0.0
4532240052029758882-2609101203-1,7928,,2609101203.0,,,S,S2,,8001984,Filderstadt,Baden-Württemberg,Filderstadt,70794,9.217581315,48.67649151,5,,,2609101203.0,,,,,,,,,,,0.0,0.0
8432673047054651256-2609101233-1,7930,,2609101233.0,,,S,S2,,8001984,Filderstadt,Baden-Württemberg,Filderstadt,70794,9.217581315,48.67649151,5,,,2609101233.0,,,,,,,,,,,0.0,0.0
1327633295860803337-2609101205-7,7929,2609101227.0,,1.0,,S,,Stuttgart-Vaihingen|Stuttgart-Rohr|Oberaichen|Leinfelden|Echterdingen|Stuttgart Flughafen/Messe,8001984,Filderstadt,Baden-Württemberg,Filderstadt,70794,9.217581315,48.67649151,5,2609101227.0,,,,,,,,,,,,,0.0,0.0
-3901454027336800522-2609101203-3,7431,2609101212.0,2609101215.0,1.0,,S,S4,Backnang|Burgstall(Murr),8003266,Kirchberg (Murr),Baden-Württemberg,Kirchberg an der Murr,71737,9.328210283,48.93928182,6,2609101212.0,,2609101216.0,,,,,,,,,,,0.0,1.0
-7298917680991319195-2609101207-12,7426,2609101243.0,2609101243.0,2.0,,S,S4,Stuttgart Hbf|Stuttgart Nordbahnhof|Stuttgart-Feuerbach|Stuttgart-Zuffenhausen|Kornwestheim Pbf|Ludwigsburg|Favoritepark|Freiberg(Neckar)|Benningen(Neckar)|Marbach(Neckar)|Erdmannhausen,8003266,Kirchberg (Murr),Baden-Württemberg,Kirchberg an der Murr,71737,9.328210283,48.93928182,6,2609101249.0,,2609101250.0,,,,,,,,,,,6.0,7.0
3857297737128192069-2609101137-12,7424,2609101213.0,2609101213.0,2.0,,S,S4,Stuttgart Hbf|Stuttgart Nordbahnhof|Stuttgart-Feuerbach|Stuttgart-Zuffenhausen|Kornwestheim Pbf|Ludwigsburg|Favoritepark|Freiberg(Neckar)|Benningen(Neckar)|Marbach(Neckar)|Erdmannhausen,8003266,Kirchberg (Murr),Baden-Württemberg,Kirchberg an der Murr,71737,9.328210283,48.93928182,6,2609101215.0,,2609101216.0,,,,,,,,,,,2.0,3.0
-960944489364412818-2609101233-3,7433,2609101242.0,2609101245.0,1.0,,S,S4,Backnang|Burgstall(Murr),8003266,Kirchberg (Murr),Baden-Württemberg,Kirchberg an der Murr,71737,9.328210283,48.93928182,6,2609101242.0,,2609101249.0,,,,,,,,,,,0.0,4.0
-513768940106917907-2609101155-15,7128,2609101239.0,,2.0,,S,,Stuttgart Hbf|Stuttgart-Bad Cannstatt|Stuttgart Neckarpark|Stuttgart-Untertürkheim|Stuttgart-Obertürkheim|Esslingen-Mettingen|Esslingen(Neckar)|Oberesslingen|Esslingen-Zell|Altbach|Plochingen|Wernau(Neckar)|Wendlingen(Neckar)|Kirchheim(Teck)-Ötlingen,8003280,Kirchheim (Teck),Baden-Württemberg,Kirchheim unter Teck,73230,9.443872422,48.64415981,4,2609101240.0,,,,,,,,,,,,,1.0,0.0
8120231020152351112-2609101154-7,37964,2609101212.0,,1.0,,RB,,Oberlenningen|Unterlenningen|Brucken|Owen(Teck)|Dettingen(Teck)|Kirchheim(Teck)Süd,8003280,Kirchheim (Teck),Baden-Württemberg,Kirchheim unter Teck,73230,9.443872422,48.64415981,4,2609101212.0,,,,,,,,,,,,,0.0,0.0
240389329078028238-2609101125-15,7126,2609101209.0,,2.0,,S,,Stuttgart Hbf|Stuttgart-Bad Cannstatt|Stuttgart Neckarpark|Stuttgart-Untertürkheim|Stuttgart-Obertürkheim|Esslingen-Mettingen|Esslingen(Neckar)|Oberesslingen|Esslingen-Zell|Altbach|Plochingen|Wernau(Neckar)|Wendlingen(Neckar)|Kirchheim(Teck)-Ötlingen,8003280,Kirchheim (Teck),Baden-Württemberg,Kirchheim unter Teck,73230,9.443872422,48.64415981,4,2609101210.0,,,,,,,,,,,,,1.0,0.0
1692997485605395662-2609101250-1,7135,,2609101250.0,,,S,S1,,8003280,Kirchheim (Teck),Baden-Württemberg,Kirchheim unter Teck,73230,9.443872422,48.64415981,4,,,2609101250.0,,,,,,,,,,,0.0,0.0
-6319936848544854600-2609101220-1,7133,,2609101220.0,,,S,S1,,8003280,Kirchheim (Teck),Baden-Württemberg,Kirchheim unter Teck,73230,9.443872422,48.64415981,4,,,2609101221.0,,,,,,,,,,,0.0,1.0
-5416168312730799613-2609101217-1,37965,,2609101217.0,,,RB,RB64,,8003280,Kirchheim (Teck),Baden-Württemberg,Kirchheim unter Teck,73230,9.443872422,48.64415981,4,,,2609101217.0,,,,,,,,,,,0.0,0.0
-513768940106917907-2609101155-14,7128,2609101236.0,2609101237.0,1.0,,S,S1,Stuttgart Hbf|Stuttgart-Bad Cannstatt|Stuttgart Neckarpark|Stuttgart-Untertürkheim|Stuttgart-Obertürkheim|Esslingen-Mettingen|Esslingen(Neckar)|Oberesslingen|Esslingen-Zell|Altbach|Plochingen|Wernau(Neckar)|Wendlingen(Neckar),8003282,Kirchheim (Teck)-Ötlingen,Baden-Württemberg,Kirchheim unter Teck,73230,9.416261302,48.65782388,5,2609101237.0,,2609101238.0,,,,,,,,,,,1.0,1.0
240389329078028238-2609101125-14,7126,2609101206.0,2609101207.0,1.0,,S,S1,Stuttgart Hbf|Stuttgart-Bad Cannstatt|Stuttgart Neckarpark|Stuttgart-Untertürkheim|Stuttgart-Obertürkheim|Esslingen-Mettingen|Esslingen(Neckar)|Oberesslingen|Esslingen-Zell|Altbach|Plochingen|Wernau(Neckar)|Wendlingen(Neckar),8003282,Kirchheim (Teck)-Ötlingen,Baden-Württemberg,Kirchheim unter Teck,73230,9.416261302,48.65782388,5,2609101207.0,,2609101208.0,,,,,,,,,,,1.0,1.0
1692997485605395662-2609101250-2,7135,2609101253.0,2609101253.0,1.0,,S,S1,Kirchheim(Teck),8003282,Kirchheim (Teck)-Ötlingen,Baden-Württemberg,Kirchheim unter Teck,73230,9.416261302,48.65782388,5,2609101253.0,,2609101254.0,,,,,,,,,,,0.0,1.0
-6319936848544854600-2609101220-2,7133,2609101223.0,2609101223.0,1.0,,S,S1,Kirchheim(Teck),8003282,Kirchheim (Teck)-Ötlingen,Baden-Württemberg,Kirchheim unter Teck,73230,9.416261302,48.65782388,5,2609101223.0,,2609101223.0,,,,,,,,,,,0.0,0.0
-7310699039855167706-2609101254-3,7633,2609101258.0,2609101259.0,3.0,,S,S6,Ditzingen|Weilimdorf,8003409,Korntal,Baden-Württemberg,Korntal,70825,9.121099128,48.82640246,4,2609101259.0,,2609101300.0,,h,1.0,Bauarbeiten,,,,,,,1.0,1.0
3096095238058025299-2609101205-1,1144,,2609101205.0,,,WEG,RB47,,8003409,Korntal,Baden-Württemberg,Korntal,70825,9.121099128,48.82640246,4,,,2609101205.0,,,,,,,,,,,0.0,0.0
-6373349935076726023-2609101235-1,1150,,2609101235.0,,,WEG,RB47,,8003409,Korntal,Baden-Württemberg,Korntal,70825,9.121099128,48.82640246,4,,,2609101235.0,,,,,,,,,,,0.0,0.0
1201903375911217146-2609101201-7,1145,2609101224.0,,7.0,,WEG,,Heimerdingen|Hemmingen|Schwieberdingen|Münchingen|Münchingen Rührberg|Korntal Gymnasium,8003409,Korntal,Baden-Württemberg,Korntal,70825,9.121099128,48.82640246,4,2609101224.0,,,,,,,,,,,,,0.0,0.0
8203649348842138698-2609101147-6,7626,2609101201.0,2609101201.0,1.0,,S,S6,Stuttgart Hbf|Stuttgart Nordbahnhof|Stuttgart-Feuerbach|Stuttgart-Zuffenhausen|Neuwirtshaus(Porscheplatz),8003409,Korntal,Baden-Württemberg,Korntal,70825,9.121099128,48.82640246,4,2609101201.0,,2609101201.0,,h,1.0,Bauarbeiten,,,,,,,0.0,0.0
-4550209179177272275-2609101224-3,7631,2609101228.0,2609101229.0,3.0,,S,S6,Ditzingen|Weilimdorf,8003409,Korntal,Baden-Württemberg,Korntal,70825,9.121099128,48.82640246,4,2609101228.0,,2609101229.0,,h,1.0,Bauarbeiten,,,,,,,0.0,0.0
-1086892456037719731-2609101217-6,7628,2609101231.0,2609101231.0,1.0,,S,S6,Stuttgart Hbf|Stuttgart Nordbahnhof|Stuttgart-Feuerbach|Stuttgart-Zuffenhausen|Neuwirtshaus(Porscheplatz),8003409,Korntal,Baden-Württemberg,Korntal,70825,9.121099128,48.82640246,4,2609101236.0,,2609101238.0,,h,1.0,Bauarbeiten,,,,,,,5.0,7.0
6751464330091656011-2609101231-7,1151,2609101254.0,,7.0,,WEG,,Heimerdingen|Hemmingen|Schwieberdingen|Münchingen|Münchingen Rührberg|Korntal Gymnasium,8003409,Korntal,Baden-Württemberg,Korntal,70825,9.121099128,48.82640246,4,2609101255.0,,,,,,,,,,,,,1.0,0.0
-3901454027336800522-2609101203-10,7431,2609101240.0,2609101240.0,3.0,,S,S4,Backnang|Burgstall(Murr)|Kirchberg(Murr)|Erdmannhausen|Marbach(Neckar)|Benningen(Neckar)|Freiberg(Neckar)|Favoritepark|Ludwigsburg,8003411,Kornwestheim Pbf,Baden-Württemberg,Kornwestheim,70806,9.179967278,48.86215948,3,2609101240.0,,2609101241.0,,,,,,,,,,,0.0,1.0
-2287383522736908895-2609101217-3,19316,2609101241.0,2609101247.0,5.0,,RE,MEX18,Plochingen|Esslingen(Neckar),8003411,Kornwestheim Pbf,Baden-Württemberg,Kornwestheim,70806,9.179967278,48.86215948,3,2609101242.0,,2609101247.0,,h,2.0,Störung,,,,,,,1.0,0.0
2930744972942057808-2609101207-5,7531,2609101219.0,2609101220.0,3.0,,S,S5,Bietigheim-Bissingen|Tamm(Württ)|Asperg|Ludwigsburg,8003411,Kornwestheim Pbf,Baden-Württemberg,Kornwestheim,70806,9.179967278,48.86215948,3,2609101220.0,,2609101221.0,,,,,,,,,,,1.0,1.0
7937418007745078860-2609101130-9,19317,2609101211.0,2609101220.0,7.0,,RE,MEX18,Heilbronn Hbf|Nordheim(Württ)|Lauffen(Neckar)|Kirchheim(Neckar)|Walheim(Württ)|Besigheim|Bietigheim-Bissingen|Ludwigsburg,8003411,Kornwestheim Pbf,Baden-Württemberg,Kornwestheim,70806,9.179967278,48.86215948,3,2609101214.0,,2609101220.0,,h,2.0,Störung,,,,,,,3.0,0.0
-7298917680991319195-2609101207-5,7426,2609101220.0,2609101220.0,4.0,,S,S4,Stuttgart Hbf|Stuttgart Nordbahnhof|Stuttgart-Feuerbach|Stuttgart-Zuffenhausen,8003411,Kornwestheim Pbf,Baden-Württemberg,Kornwestheim,70806,9.179967278,48.86215948,3,2609101220.0,,2609101222.0,,,,,,,,,,,0.0,2.0
1567608631073913309-2609101227-5,7530,2609101240.0,2609101240.0,4.0,,S,S5,Stuttgart Hbf|Stuttgart Nordbahnhof|Stuttgart-Feuerbach|Stuttgart-Zuffenhausen,8003411,Kornwestheim Pbf,Baden-Württemberg,Kornwestheim,70806,9.179967278,48.86215948,3,2609101242.0,,2609101243.0,,,,,,,,,,,2.0,3.0
-4867022663021090956-2609101157-5,7528,2609101210.0,2609101210.0,4.0,,S,S5,Stuttgart Hbf|Stuttgart Nordbahnhof|Stuttgart-Feuerbach|Stuttgart-Zuffenhausen,8003411,Kornwestheim Pbf,Baden-Württemberg,Kornwestheim,70806,9.179967278,48.86215948,3,2609101210.0,,2609101211.0,,,,,,,,,,,0.0,1.0
-144422822861230009-2609101237-5,7533,2609101249.0,2609101250.0,3.0,,S,S5,Bietigheim-Bissingen|Tamm(Württ)|Asperg|Ludwigsburg,8003411,Kornwestheim Pbf,Baden-Württemberg,Kornwestheim,70806,9.179967278,48.86215948,3,2609101250.0,,2609101250.0,,,,,,,,,,,1.0,0.0
123913387555218089-2609101237-5,7428,2609101250.0,2609101250.0,4.0,,S,S4,Stuttgart Hbf|Stuttgart Nordbahnhof|Stuttgart-Feuerbach|Stuttgart-Zuffenhausen,8003411,Kornwestheim Pbf,Baden-Württemberg,Kornwestheim,70806,9.179967278,48.86215948,3,2609101250.0,,2609101251.0,,,,,,,,,,,0.0,1.0
-2837347101663805561-2609101133-10,7429,2609101210.0,2609101210.0,3.0,,S,S4,Backnang|Burgstall(Murr)|Kirchberg(Murr)|Erdmannhausen|Marbach(Neckar)|Benningen(Neckar)|Freiberg(Neckar)|Favoritepark|Ludwigsburg,8003411,Kornwestheim Pbf,Baden-Württemberg,Kornwestheim,70806,9.179967278,48.86215948,3,2609101216.0,,2609101217.0,,,,,,,,,,,6.0,7.0
1366968872886553177-2609101235-4,7931,2609101246.0,2609101247.0,1.0,,S,S2,Stuttgart-Vaihingen|Stuttgart-Rohr|Oberaichen,8003622,Leinfelden,Baden-Württemberg,Leinfelden-Echterdingen,70771,9.142859698,48.6964193,4,2609101246.0,,2609101247.0,,,,,,,,,,,0.0,0.0
4532240052029758882-2609101203-4,7928,2609101212.0,2609101213.0,2.0,,S,S2,Filderstadt|Stuttgart Flughafen/Messe|Echterdingen,8003622,Leinfelden,Baden-Württemberg,Leinfelden-Echterdingen,70771,9.142859698,48.6964193,4,2609101212.0,,2609101213.0,,,,,,,,,,,0.0,0.0
8432673047054651256-2609101233-4,7930,2609101242.0,2609101243.0,2.0,,S,S2,Filderstadt|Stuttgart Flughafen/Messe|Echterdingen,8003622,Leinfelden,Baden-Württemberg,Leinfelden-Echterdingen,70771,9.142859698,48.6964193,4,2609101242.0,,2609101243.0,,,,,,,,,,,0.0,0.0
1327633295860803337-2609101205-4,7929,2609101216.0,2609101217.0,1.0,,S,S2,Stuttgart-Vaihingen|Stuttgart-Rohr|Oberaichen,8003622,Leinfelden,Baden-Württemberg,Leinfelden-Echterdingen,70771,9.142859698,48.6964193,4,2609101216.0,,2609101217.0,,,,,,,,,,,0.0,0.0
-8944600916505383867-2609101203-5,33879,2609101217.0,,1.0,,S,,Weil der Stadt|Malmsheim|Renningen|Rutesheim,8003652,Leonberg,Baden-Württemberg,Leonberg,71229,9.004025993,48.79970547,3,2609101218.0,3.0,,,,,,,,,,,,1.0,0.0
7608028257592331283-2609101204-9,7029,2609101232.0,,1.0,,S,,Böblingen|Sindelfingen|Maichingen|Maichingen Nord|Magstadt|Renningen Süd|Renningen|Rutesheim,8003652,Leonberg,Baden-Württemberg,Leonberg,71229,9.004025993,48.79970547,3,2609101234.0,3.0,,,h,1.0,Bauarbeiten,,,,,,,2.0,0.0
8153468890133485936-2609101243-1,33878,,2609101243.0,,,S,S6,,8003652,Leonberg,Baden-Württemberg,Leonberg,71229,9.004025993,48.79970547,3,,,2609101243.0,3.0,,,,,,,,,,0.0,0.0
6546237723132678115-2609101213-1,33876,,2609101213.0,,,S,S6,,8003652,Leonberg,Baden-Württemberg,Leonberg,71229,9.004025993,48.79970547,3,,,2609101213.0,3.0,,,,,,,,,,0.0,0.0
-5786747659685164185-2609101228-1,7032,,2609101228.0,,,S,S60,,8003652,Leonberg,Baden-Württemberg,Leonberg,71229,9.004025993,48.79970547,3,,,2609101229.0,3.0,h,1.0,Bauarbeiten,,,,,,,0.0,1.0
5643408968339616898-2609101233-5,55901,2609101247.0,,1.0,,S,,Weil der Stadt|Malmsheim|Renningen|Rutesheim,8003652,Leonberg,Baden-Württemberg,Leonberg,71229,9.004025993,48.79970547,3,2609101249.0,3.0,,,,,,,,,,,,2.0,0.0
-2997586613667252816-2609101134-9,7027,2609101202.0,,1.0,,S,,Böblingen|Sindelfingen|Maichingen|Maichingen Nord|Magstadt|Renningen Süd|Renningen|Rutesheim,8003652,Leonberg,Baden-Württemberg,Leonberg,71229,9.004025993,48.79970547,3,2609101204.0,3.0,,,h,1.0,Bauarbeiten,,,,,,,2.0,0.0
431422671664286830-2609101258-1,7034,,2609101258.0,,,S,S60,,8003652,Leonberg,Baden-Württemberg,Leonberg,71229,9.004025993,48.79970547,3,,,2609101258.0,3.0,h,1.0,Bauarbeiten,,,,,,,0.0,0.0
-5042970796843621512-2609101157-8,19223,2609101231.0,2609101231.0,4.0,,RE,MEX12,Heilbronn Hbf|Nordheim(Württ)|Lauffen(Neckar)|Kirchheim(Neckar)|Walheim(Württ)|Besigheim|Bietigheim-Bissingen,8000235,Ludwigsburg,Baden-Württemberg,Ludwigsburg,71638,9.185229823,48.89208622,3,2609101238.0,,2609101239.0,,h,2.0,Störung,,,,,,,7.0,8.0
-3901454027336800522-2609101203-9,7431,2609101236.0,2609101237.0,3.0,,S,S4,Backnang|Burgstall(Murr)|Kirchberg(Murr)|Erdmannhausen|Marbach(Neckar)|Benningen(Neckar)|Freiberg(Neckar)|Favoritepark,8000235,Ludwigsburg,Baden-Württemberg,Ludwigsburg,71638,9.185229823,48.89208622,3,2609101237.0,,2609101238.0,,,,,,,,,,,1.0,1.0
-2287383522736908895-2609101217-4,19316,2609101250.0,2609101253.0,1.0,,RE,MEX18,Plochingen|Esslingen(Neckar)|Kornwestheim Pbf,8000235,Ludwigsburg,Baden-Württemberg,Ludwigsburg,71638,9.185229823,48.89208622,3,2609101250.0,,2609101253.0,,h,2.0,Störung,,,,,,,0.0,0.0
2930744972942057808-2609101207-4,7531,2609101216.0,2609101216.0,3.0,,S,S5,Bietigheim-Bissingen|Tamm(Württ)|Asperg,8000235,Ludwigsburg,Baden-Württemberg,Ludwigsburg,71638,9.185229823,48.89208622,3,2609101216.0,,2609101217.0,,,,,,,,,,,0.0,1.0
7937418007745078860-2609101130-8,19317,2609101204.0,2609101207.0,4.0,,RE,MEX18,Heilbronn Hbf|Nordheim(Württ)|Lauffen(Neckar)|Kirchheim(Neckar)|Walheim(Württ)|Besigheim|Bietigheim-Bissingen,8000235,Ludwigsburg,Baden-Württemberg,Ludwigsburg,71638,9.185229823,48.89208622,3,2609101205.0,,2609101207.0,,h,2.0,Störung,,,,,,,1.0,0.0
-7298917680991319195-2609101207-6,7426,2609101223.0,2609101224.0,2.0,,S,S4,Stuttgart Hbf|Stuttgart Nordbahnhof|Stuttgart-Feuerbach|Stuttgart-Zuffenhausen|Kornwestheim Pbf,8000235,Ludwigsburg,Baden-Württemberg,Ludwigsburg,71638,9.185229823,48.89208622,3,2609101226.0,,2609101230.0,,,,,,,,,,,3.0,6.0
1567608631073913309-2609101227-6,7530,2609101243.0,2609101244.0,2.0,,S,S5,Stuttgart Hbf|Stuttgart Nordbahnhof|Stuttgart-Feuerbach|Stuttgart-Zuffenhausen|Kornwestheim Pbf,8000235,Ludwigsburg,Baden-Württemberg,Ludwigsburg,71638,9.185229823,48.89208622,3,2609101246.0,,2609101246.0,,,,,,,,,,,3.0,2.0
-2817946015120345194-2609101211-1,63556,,2609101211.0,,,ARV,RE8,,8000235,Ludwigsburg,Baden-Württemberg,Ludwigsburg,71638,9.185229823,48.89208622,3,,,2609101211.0,1.0,,,,,,,,,,0.0,0.0
-1473920831423947740-2609101206-4,63547,2609101251.0,,,,ARV,,Neckarsulm|Heilbronn Hbf|Bietigheim-Bissingen,8000235,Ludwigsburg,Baden-Württemberg,Ludwigsburg,71638,9.185229823,48.89208622,3,2609101252.0,4.0,,,,,,,,,,,,1.0,0.0
-4867022663021090956-2609101157-6,7528,2609101213.0,2609101214.0,2.0,,S,S5,Stuttgart Hbf|Stuttgart Nordbahnhof|Stuttgart-Feuerbach|Stuttgart-Zuffenhausen|Kornwestheim Pbf,8000235,Ludwigsburg,Baden-Württemberg,Ludwigsburg,71638,9.185229823,48.89208622,3,2609101213.0,,2609101215.0,,,,,,,,,,,0.0,1.0
-144422822861230009-2609101237-4,7533,2609101246.0,2609101246.0,3.0,,S,S5,Bietigheim-Bissingen|Tamm(Württ)|Asperg,8000235,Ludwigsburg,Baden-Württemberg,Ludwigsburg,71638,9.185229823,48.89208622,3,2609101246.0,,2609101247.0,,,,,,,,,,,0.0,1.0
123913387555218089-2609101237-6,7428,2609101253.0,2609101254.0,2.0,,S,S4,Stuttgart Hbf|Stuttgart Nordbahnhof|Stuttgart-Feuerbach|Stuttgart-Zuffenhausen|Kornwestheim Pbf,8000235,Ludwigsburg,Baden-Württemberg,Ludwigsburg,71638,9.185229823,48.89208622,3,2609101254.0,,2609101254.0,,,,,,,,,,,1.0,0.0
-2497004780648081166-2609101116-11,19228,2609101228.0,2609101229.0,1.0,,RE,MEX12,Reutlingen Hbf|Metzingen(Württ)|Bempflingen|Nürtingen|Oberboihingen|Wendlingen(Neckar)|Plochingen|Esslingen(Neckar)|Stuttgart-Bad Cannstatt|Stuttgart Hbf,8000235,Ludwigsburg,Baden-Württemberg,Ludwigsburg,71638,9.185229823,48.89208622,3,2609101238.0,,2609101239.0,,h,2.0,Störung,,,,,,,10.0,10.0
-2837347101663805561-2609101133-9,7429,2609101206.0,2609101207.0,3.0,,S,S4,Backnang|Burgstall(Murr)|Kirchberg(Murr)|Erdmannhausen|Marbach(Neckar)|Benningen(Neckar)|Freiberg(Neckar)|Favoritepark,8000235,Ludwigsburg,Baden-Württemberg,Ludwigsburg,71638,9.185229823,48.89208622,3,2609101210.0,,2609101213.0,,,,,,,,,,,4.0,6.0
-8944600916505383867-2609101203-2,33879,2609101205.0,2609101205.0,2.0,,S,S6,Weil der Stadt,8003831,Malmsheim,Baden-Württemberg,Renningen,71272,8.905105557,48.77183564,5,2609101206.0,,2609101207.0,,,,,,,,,,,1.0,2.0
8153468890133485936-2609101243-4,33878,2609101254.0,2609101254.0,1.0,,S,S6,Leonberg|Rutesheim|Renningen,8003831,Malmsheim,Baden-Württemberg,Renningen,71272,8.905105557,48.77183564,5,2609101254.0,,2609101254.0,,,,,,,,,,,0.0,0.0
6546237723132678115-2609101213-4,33876,2609101224.0,2609101224.0,1.0,,S,S6,Leonberg|Rutesheim|Renningen,8003831,Malmsheim,Baden-Württemberg,Renningen,71272,8.905105557,48.77183564,5,2609101224.0,,2609101225.0,,,,,,,,,,,0.0,1.0
5643408968339616898-2609101233-2,55901,2609101235.0,2609101235.0,2.0,,S,S6,Weil der Stadt,8003831,Malmsheim,Baden-Württemberg,Renningen,71272,8.905105557,48.77183564,5,2609101235.0,,2609101236.0,,,,,,,,,,,0.0,1.0
-3901454027336800522-2609101203-5,7431,2609101221.0,2609101225.0,,,S,S4,Backnang|Burgstall(Murr)|Kirchberg(Murr)|Erdmannhausen,8003853,Marbach (Neckar),Baden-Württemberg,Marbach am Neckar,71672,9.264611825,48.9437708,3,2609101221.0,2.0,2609101225.0,2.0,,,,,,,,,,0.0,0.0
-7298917680991319195-2609101207-10,7426,2609101235.0,2609101238.0,1.0,,S,S4,Stuttgart Hbf|Stuttgart Nordbahnhof|Stuttgart-Feuerbach|Stuttgart-Zuffenhausen|Kornwestheim Pbf|Ludwigsburg|Favoritepark|Freiberg(Neckar)|Benningen(Neckar),8003853,Marbach (Neckar),Baden-Württemberg,Marbach am Neckar,71672,9.264611825,48.9437708,3,2609101242.0,,2609101244.0,,,,,,,,,,,7.0,6.0
3857297737128192069-2609101137-10,7424,2609101205.0,2609101208.0,1.0,,S,S4,Stuttgart Hbf|Stuttgart Nordbahnhof|Stuttgart-Feuerbach|Stuttgart-Zuffenhausen|Kornwestheim Pbf|Ludwigsburg|Favoritepark|Freiberg(Neckar)|Benningen(Neckar),8003853,Marbach (Neckar),Baden-Württemberg,Marbach am Neckar,71672,9.264611825,48.9437708,3,2609101205.0,,2609101208.0,2.0,,,,,,,,c,,0.0,0.0
-960944489364412818-2609101233-5,7433,2609101251.0,2609101255.0,,,S,S4,Backnang|Burgstall(Murr)|Kirchberg(Murr)|Erdmannhausen,8003853,Marbach (Neckar),Baden-Württemberg,Marbach am Neckar,71672,9.264611825,48.9437708,3,2609101255.0,1.0,2609101300.0,1.0,,,,,,,,,,4.0,5.0
9036342965798539047-2609101142-11,7326,2609101214.0,2609101215.0,2.0,,S,S3,Stuttgart Hbf|Stuttgart-Bad Cannstatt|Stuttgart Nürnberger Str.|Stuttgart-Sommerrain|Fellbach|Waiblingen|Neustadt-Hohenacker|Schwaikheim|Winnenden|Nellmersbach,8003913,Maubach,Baden-Württemberg,Backnang,71522,9.419487062,48.92623463,4,2609101214.0,,2609101215.0,,,,,,,,,,,0.0,0.0
8851012744564607240-2609101211-2,7331,2609101213.0,2609101214.0,1.0,,S,S3,Backnang,8003913,Maubach,Baden-Württemberg,Backnang,71522,9.419487062,48.92623463,4,2609101214.0,,2609101215.0,,,,,,,,,,,1.0,1.0
-97699751698418973-2609101241-2,7333,2609101243.0,2609101244.0,1.0,,S,S3,Backnang,8003913,Maubach,Baden-Württemberg,Backnang,71522,9.419487062,48.92623463,4,2609101243.0,,2609101245.0,,,,,,,,,,,0.0,1.0
7638159005670329721-2609101212-11,7328,2609101244.0,2609101245.0,2.0,,S,S3,Stuttgart Hbf|Stuttgart-Bad Cannstatt|Stuttgart Nürnberger Str.|Stuttgart-Sommerrain|Fellbach|Waiblingen|Neustadt-Hohenacker|Schwaikheim|Winnenden|Nellmersbach,8003913,Maubach,Baden-Württemberg,Backnang,71522,9.419487062,48.92623463,4,2609101245.0,,2609101245.0,,,,,,,,,,,1.0,0.0
9036342965798539047-2609101142-10,7326,2609101211.0,2609101212.0,2.0,,S,S3,Stuttgart Hbf|Stuttgart-Bad Cannstatt|Stuttgart Nürnberger Str.|Stuttgart-Sommerrain|Fellbach|Waiblingen|Neustadt-Hohenacker|Schwaikheim|Winnenden,8004233,Nellmersbach,Baden-Württemberg,Leutenbach,71397,9.415421538,48.90336425,5,2609101211.0,,2609101212.0,,,,,,,,,,,0.0,0.0
8851012744564607240-2609101211-3,7331,2609101216.0,2609101216.0,1.0,,S,S3,Backnang|Maubach,8004233,Nellmersbach,Baden-Württemberg,Leutenbach,71397,9.415421538,48.90336425,5,2609101217.0,,2609101218.0,,,,,,,,,,,1.0,2.0
-97699751698418973-2609101241-3,7333,2609101246.0,2609101246.0,1.0,,S,S3,Backnang|Maubach,8004233,Nellmersbach,Baden-Württemberg,Leutenbach,71397,9.415421538,48.90336425,5,2609101246.0,,2609101247.0,,,,,,,,,,,0.0,1.0
7638159005670329721-2609101212-10,7328,2609101241.0,2609101242.0,2.0,,S,S3,Stuttgart Hbf|Stuttgart-Bad Cannstatt|Stuttgart Nürnberger Str.|Stuttgart-Sommerrain|Fellbach|Waiblingen|Neustadt-Hohenacker|Schwaikheim|Winnenden,8004233,Nellmersbach,Baden-Württemberg,Leutenbach,71397,9.415421538,48.90336425,5,2609101242.0,,2609101243.0,,,,,,,,,,,1.0,1.0
9036342965798539047-2609101142-7,7326,2609101203.0,2609101203.0,1.0,,S,S3,Stuttgart Hbf|Stuttgart-Bad Cannstatt|Stuttgart Nürnberger Str.|Stuttgart-Sommerrain|Fellbach|Waiblingen,8004333,Neustadt-Hohenacker,Baden-Württemberg,Waiblingen,71336,9.32455106,48.85921668,5,2609101203.0,,2609101203.0,,,,,,,,,,,0.0,0.0
8851012744564607240-2609101211-6,7331,2609101225.0,2609101225.0,2.0,,S,S3,Backnang|Maubach|Nellmersbach|Winnenden|Schwaikheim,8004333,Neustadt-Hohenacker,Baden-Württemberg,Waiblingen,71336,9.32455106,48.85921668,5,2609101226.0,,2609101227.0,,,,,,,,,,,1.0,2.0
-97699751698418973-2609101241-6,7333,2609101255.0,2609101255.0,2.0,,S,S3,Backnang|Maubach|Nellmersbach|Winnenden|Schwaikheim,8004333,Neustadt-Hohenacker,Baden-Württemberg,Waiblingen,71336,9.32455106,48.85921668,5,2609101256.0,,2609101257.0,,,,,,,,,,,1.0,2.0
7638159005670329721-2609101212-7,7328,2609101233.0,2609101233.0,1.0,,S,S3,Stuttgart Hbf|Stuttgart-Bad Cannstatt|Stuttgart Nürnberger Str.|Stuttgart-Sommerrain|Fellbach|Waiblingen,8004333,Neustadt-Hohenacker,Baden-Württemberg,Waiblingen,71336,9.32455106,48.85921668,5,2609101234.0,,2609101235.0,,,,,,,,,,,1.0,2.0
-3597008795906279301-2609101154-4,7629,2609101201.0,2609101201.0,2.0,,S,S6,Ditzingen|Weilimdorf|Korntal,8004338,Neuwirtshaus (Porscheplatz),Baden-Württemberg,Stuttgart,70435,9.151955614,48.83384734,4,2609101201.0,,2609101201.0,,h,1.0,Bauarbeiten,,,,,,,0.0,0.0
-4550209179177272275-2609101224-4,7631,2609101231.0,2609101231.0,2.0,,S,S6,Ditzingen|Weilimdorf|Korntal,8004338,Neuwirtshaus (Porscheplatz),Baden-Württemberg,Stuttgart,70435,9.151955614,48.83384734,4,2609101231.0,,2609101232.0,,h,1.0,Bauarbeiten,,,,,,,0.0,1.0
-1086892456037719731-2609101217-5,7628,2609101228.0,2609101229.0,1.0,,S,S6,Stuttgart Hbf|Stuttgart Nordbahnhof|Stuttgart-Feuerbach|Stuttgart-Zuffenhausen,8004338,Neuwirtshaus (Porscheplatz),Baden-Württemberg,Stuttgart,70435,9.151955614,48.83384734,4,2609101233.0,,2609101234.0,,h,1.0,Bauarbeiten,,,,,,,5.0,5.0
-8712801738662028770-2609101247-5,7630,2609101258.0,2609101259.0,1.0,,S,S6,Stuttgart Hbf|Stuttgart Nordbahnhof|Stuttgart-Feuerbach|Stuttgart-Zuffenhausen,8004338,Neuwirtshaus (Porscheplatz),Baden-Württemberg,Stuttgart,70435,9.151955614,48.83384734,4,2609101258.0,,2609101259.0,,h,1.0,Bauarbeiten,,,,,,,0.0,0.0
-4529562227569715510-2609101216-8,7729,2609101241.0,2609101241.0,1.0,,S,S1,Stuttgart-Vaihingen|Stuttgart-Rohr|Goldberg(Württ)|Böblingen|Hulb|Ehningen(b Böblingen)|Gärtringen,8004490,Nufringen,Baden-Württemberg,Nufringen,71154,8.889817485,48.62010967,5,2609101242.0,,2609101243.0,,,,,,,,,,,1.0,2.0
2445452608426707839-2609101216-2,7732,2609101219.0,2609101219.0,2.0,,S,S1,Herrenberg,8004490,Nufringen,Baden-Württemberg,Nufringen,71154,8.889817485,48.62010967,5,2609101220.0,,2609101221.0,,,,,,,,,,,1.0,2.0
-1936486939046904827-2609101246-2,7734,2609101249.0,2609101249.0,2.0,,S,S1,Herrenberg,8004490,Nufringen,Baden-Württemberg,Nufringen,71154,8.889817485,48.62010967,5,2609101249.0,,2609101250.0,,,,,,,,,,,0.0,1.0
-2940847191023482874-2609101146-8,7727,2609101211.0,2609101211.0,1.0,,S,S1,Stuttgart-Vaihingen|Stuttgart-Rohr|Goldberg(Württ)|Böblingen|Hulb|Ehningen(b Böblingen)|Gärtringen,8004490,Nufringen,Baden-Württemberg,Nufringen,71154,8.889817485,48.62010967,5,2609101211.0,,2609101212.0,,,,,,,,,,,0.0,1.0
1366968872886553177-2609101235-3,7931,2609101244.0,2609101244.0,1.0,,S,S2,Stuttgart-Vaihingen|Stuttgart-Rohr,8004496,Oberaichen,Baden-Württemberg,Leinfelden-Echterdingen,70771,9.12743664,48.70512422,5,2609101244.0,,2609101245.0,,,,,,,,,,,0.0,1.0
4532240052029758882-2609101203-5,7928,2609101215.0,2609101215.0,2.0,,S,S2,Filderstadt|Stuttgart Flughafen/Messe|Echterdingen|Leinfelden,8004496,Oberaichen,Baden-Württemberg,Leinfelden-Echterdingen,70771,9.12743664,48.70512422,5,2609101215.0,,2609101215.0,,,,,,,,,,,0.0,0.0
8432673047054651256-2609101233-5,7930,2609101245.0,2609101245.0,2.0,,S,S2,Filderstadt|Stuttgart Flughafen/Messe|Echterdingen|Leinfelden,8004496,Oberaichen,Baden-Württemberg,Leinfelden-Echterdingen,70771,9.12743664,48.70512422,5,2609101245.0,,2609101246.0,,,,,,,,,,,0.0,1.0
1327633295860803337-2609101205-3,7929,2609101214.0,2609101214.0,1.0,,S,S2,Stuttgart-Vaihingen|Stuttgart-Rohr,8004496,Oberaichen,Baden-Württemberg,Leinfelden-Echterdingen,70771,9.12743664,48.70512422,5,2609101214.0,,2609101214.0,,,,,,,,,,,0.0,0.0
-513768940106917907-2609101155-8,7128,2609101215.0,2609101215.0,4.0,,S,S1,Stuttgart Hbf|Stuttgart-Bad Cannstatt|Stuttgart Neckarpark|Stuttgart-Untertürkheim|Stuttgart-Obertürkheim|Esslingen-Mettingen|Esslingen(Neckar),8004528,Oberesslingen,Baden-Württemberg,Esslingen am Neckar,73730,9.327277435,48.72983585,3,2609101217.0,,2609101218.0,,,,,,,,,,,2.0,3.0
8539842934523735566-2609101225-8,7130,2609101245.0,2609101245.0,4.0,,S,S1,Stuttgart Hbf|Stuttgart-Bad Cannstatt|Stuttgart Neckarpark|Stuttgart-Untertürkheim|Stuttgart-Obertürkheim|Esslingen-Mettingen|Esslingen(Neckar),8004528,Oberesslingen,Baden-Württemberg,Esslingen am Neckar,73730,9.327277435,48.72983585,3,2609101248.0,,2609101248.0,,,,,,,,,,,3.0,3.0
-6319936848544854600-2609101220-8,7133,2609101244.0,2609101245.0,3.0,,S,S1,Kirchheim(Teck)|Kirchheim(Teck)-Ötlingen|Wendlingen(Neckar)|Wernau(Neckar)|Plochingen|Altbach|Esslingen-Zell,8004528,Oberesslingen,Baden-Württemberg,Esslingen am Neckar,73730,9.327277435,48.72983585,3,2609101244.0,,2609101245.0,,,,,,,,,,,0.0,0.0
4736637014602700336-2609101150-8,7131,2609101214.0,2609101215.0,3.0,,S,S1,Kirchheim(Teck)|Kirchheim(Teck)-Ötlingen|Wendlingen(Neckar)|Wernau(Neckar)|Plochingen|Altbach|Esslingen-Zell,8004528,Oberesslingen,Baden-Württemberg,Esslingen am Neckar,73730,9.327277435,48.72983585,3,2609101214.0,,2609101215.0,,,,,,,,,,,0.0,0.0
-3458622020077786212-2609101057-12,19221,2609101211.0,2609101212.0,9.0,,RE,MEX12,Heilbronn Hbf|Nordheim(Württ)|Lauffen(Neckar)|Kirchheim(Neckar)|Walheim(Württ)|Besigheim|Bietigheim-Bissingen|Ludwigsburg|Stuttgart Hbf|Stuttgart-Bad Cannstatt|Esslingen(Neckar),8000302,Plochingen,Baden-Württemberg,Plochingen,73207,9.411294578,48.71293906,2,2609101218.0,,2609101219.0,,h,2.0,Störung,,,,,,,7.0,7.0
-513768940106917907-2609101155-11,7128,2609101223.0,2609101225.0,9.0,,S,S1,Stuttgart Hbf|Stuttgart-Bad Cannstatt|Stuttgart Neckarpark|Stuttgart-Untertürkheim|Stuttgart-Obertürkheim|Esslingen-Mettingen|Esslingen(Neckar)|Oberesslingen|Esslingen-Zell|Altbach,8000302,Plochingen,Baden-Württemberg,Plochingen,73207,9.411294578,48.71293906,2,2609101225.0,,2609101226.0,,,,,,,,,,,2.0,1.0
-4362160255130481243-2609101143-19,19140,2609101256.0,2609101257.0,3.0,,ARV,MEX16,Ulm Hbf|Beimerstetten|Westerstetten|Lonsee|Urspring|Amstetten(Württ)|Geislingen(Steige)|Geislingen(Steige)West|Kuchen|Gingen(Fils)|Süßen|Salach|Eislingen(Fils)|Göppingen|Faurndau|Uhingen|Ebersbach(Fils)|Reichenbach(Fils),8000302,Plochingen,Baden-Württemberg,Plochingen,73207,9.411294578,48.71293906,2,2609101258.0,,2609101258.0,,,,,,,,,,,2.0,1.0
3357210642239304181-2609101216-7,19230,2609101246.0,2609101247.0,7.0,,RE,MEX12,Reutlingen Hbf|Metzingen(Württ)|Bempflingen|Nürtingen|Oberboihingen|Wendlingen(Neckar),8000302,Plochingen,Baden-Württemberg,Plochingen,73207,9.411294578,48.71293906,2,2609101248.0,,2609101249.0,,h,2.0,Störung,,,,,,,2.0,2.0
-2287383522736908895-2609101217-1,19316,,2609101217.0,,,RE,MEX18,,8000302,Plochingen,Baden-Württemberg,Plochingen,73207,9.411294578,48.71293906,2,,,2609101217.0,3.0,h,2.0,Störung,,,,,,,0.0,0.0
8539842934523735566-2609101225-11,7130,2609101253.0,2609101255.0,9.0,,S,S1,Stuttgart Hbf|Stuttgart-Bad Cannstatt|Stuttgart Neckarpark|Stuttgart-Untertürkheim|Stuttgart-Obertürkheim|Esslingen-Mettingen|Esslingen(Neckar)|Oberesslingen|Esslingen-Zell|Altbach,8000302,Plochingen,Baden-Württemberg,Plochingen,73207,9.411294578,48.71293906,2,2609101255.0,,2609101255.0,,,,,,,,,,,2.0,0.0
-1993606386599546493-2609101148-13,19138,2609101228.0,2609101234.0,1.0,,ARV,MEX16,Geislingen(Steige)|Geislingen(Steige)West|Kuchen|Gingen(Fils)|Süßen|Salach|Eislingen(Fils)|Göppingen|Faurndau|Uhingen|Ebersbach(Fils)|Reichenbach(Fils),8000302,Plochingen,Baden-Württemberg,Plochingen,73207,9.411294578,48.71293906,2,2609101231.0,,2609101234.0,,,,,,,,,,,3.0,0.0
-5722273275463151764-2609101204-4,19139,2609101223.0,2609101233.0,6.0,,ARV,MEX16,Stuttgart Hbf|Stuttgart-Bad Cannstatt|Esslingen(Neckar),8000302,Plochingen,Baden-Württemberg,Plochingen,73207,9.411294578,48.71293906,2,2609101228.0,,2609101233.0,,,,,,,,,,,5.0,0.0
-2314932783489248204-2609101140-4,19191,2609101200.0,2609101200.0,6.0,,ARV,MEX16,Stuttgart Hbf|Stuttgart-Bad Cannstatt|Esslingen(Neckar),8000302,Plochingen,Baden-Württemberg,Plochingen,73207,9.411294578,48.71293906,2,2609101205.0,,2609101206.0,,,,,,,,,,,5.0,6.0
7937418007745078860-2609101130-11,19317,2609101242.0,2609101245.0,9.0,,RE,MEX18,Heilbronn Hbf|Nordheim(Württ)|Lauffen(Neckar)|Kirchheim(Neckar)|Walheim(Württ)|Besigheim|Bietigheim-Bissingen|Ludwigsburg|Kornwestheim Pbf|Esslingen(Neckar),8000302,Plochingen,Baden-Württemberg,Plochingen,73207,9.411294578,48.71293906,2,2609101243.0,,2609101245.0,,h,2.0,Störung,,,,,,,1.0,0.0
2297543165058573928-2609101237-3,4217,2609101254.0,2609101256.0,4.0,,RE,RE5,Stuttgart Hbf|Esslingen(Neckar),8000302,Plochingen,Baden-Württemberg,Plochingen,73207,9.411294578,48.71293906,2,2609101259.0,,2609101301.0,,h,2.0,Störung,,,,,,,5.0,5.0
-6319936848544854600-2609101220-5,7133,2609101235.0,2609101237.0,9.0,,S,S1,Kirchheim(Teck)|Kirchheim(Teck)-Ötlingen|Wendlingen(Neckar)|Wernau(Neckar),8000302,Plochingen,Baden-Württemberg,Plochingen,73207,9.411294578,48.71293906,2,2609101236.0,,2609101237.0,,,,,,,,,,,1.0,0.0
1366757169240187578-2609101005-11,4212,2609101202.0,2609101206.0,1.0,,RE,RE5,Friedrichshafen Stadt|Meckenbeuren|Ravensburg|Aulendorf|Bad Schussenried|Biberach(Riß)|Laupheim West|Ulm Hbf|Geislingen(Steige)|Göppingen,8000302,Plochingen,Baden-Württemberg,Plochingen,73207,9.411294578,48.71293906,2,2609101204.0,,2609101206.0,,h,2.0,Störung,,,,,,,2.0,0.0
4736637014602700336-2609101150-5,7131,2609101205.0,2609101207.0,9.0,,S,S1,Kirchheim(Teck)|Kirchheim(Teck)-Ötlingen|Wendlingen(Neckar)|Wernau(Neckar),8000302,Plochingen,Baden-Württemberg,Plochingen,73207,9.411294578,48.71293906,2,2609101205.0,,2609101207.0,,,,,,,,,,,0.0,0.0
-1089406375646580232-2609101140-6,26149,2609101202.0,,4.0,,SWE,,Calw|Calw-Heumaden|Althengstett|Ostelsheim|Weil der Stadt,8000313,Renningen,Baden-Württemberg,Renningen,71272,8.932650148,48.77515509,3,2609101204.0,4.0,,,,,,,,,,,,2.0,0.0
-8944600916505383867-2609101203-3,33879,2609101207.0,2609101211.0,2.0,,S,S6,Weil der Stadt|Malmsheim,8000313,Renningen,Baden-Württemberg,Renningen,71272,8.932650148,48.77515509,3,2609101209.0,,2609101211.0,,,,,,,,,,,2.0,0.0
4661880634889542347-2609101226-6,26151,2609101248.0,,4.0,,SWE,,Calw|Calw-Heumaden|Althengstett|Ostelsheim|Weil der Stadt,8000313,Renningen,Baden-Württemberg,Renningen,71272,8.932650148,48.77515509,3,2609101248.0,,,,,,,,,,,,,0.0,0.0
2681887687926966590-2609101158-3,7030,2609101204.0,2609101209.0,3.0,,S,S60,Leonberg|Rutesheim,8000313,Renningen,Baden-Württemberg,Renningen,71272,8.932650148,48.77515509,3,2609101204.0,,2609101210.0,,h,1.0,Bauarbeiten,,,,,,,0.0,1.0
7608028257592331283-2609101204-7,7029,2609101220.0,2609101226.0,2.0,,S,S60,Böblingen|Sindelfingen|Maichingen|Maichingen Nord|Magstadt|Renningen Süd,8000313,Renningen,Baden-Württemberg,Renningen,71272,8.932650148,48.77515509,3,2609101221.0,,2609101226.0,,h,1.0,Bauarbeiten,,,,,,,1.0,0.0
8153468890133485936-2609101243-3,33878,2609101249.0,2609101252.0,3.0,,S,S6,Leonberg|Rutesheim,8000313,Renningen,Baden-Württemberg,Renningen,71272,8.932650148,48.77515509,3,2609101249.0,,2609101252.0,,,,,,,,,,,0.0,0.0
6546237723132678115-2609101213-3,33876,2609101219.0,2609101222.0,3.0,,S,S6,Leonberg|Rutesheim,8000313,Renningen,Baden-Württemberg,Renningen,71272,8.932650148,48.77515509,3,2609101219.0,,2609101222.0,,,,,,,,,,,0.0,0.0
8305188752615558313-2609101258-1,26152,,2609101258.0,,,SWE,RB76,,8000313,Renningen,Baden-Württemberg,Renningen,71272,8.932650148,48.77515509,3,,,2609101258.0,,,,,,,,,,,0.0,0.0
-5786747659685164185-2609101228-3,7032,2609101234.0,2609101239.0,3.0,,S,S60,Leonberg|Rutesheim,8000313,Renningen,Baden-Württemberg,Renningen,71272,8.932650148,48.77515509,3,2609101235.0,,2609101239.0,,h,1.0,Bauarbeiten,,,,,,,1.0,0.0
-8244462081615470367-2609101234-7,7031,2609101250.0,2609101256.0,2.0,,S,S60,Böblingen|Sindelfingen|Maichingen|Maichingen Nord|Magstadt|Renningen Süd,8000313,Renningen,Baden-Württemberg,Renningen,71272,8.932650148,48.77515509,3,2609101251.0,,2609101256.0,,h,1.0,Bauarbeiten,,,,,,,1.0,0.0
5643408968339616898-2609101233-3,55901,2609101237.0,2609101241.0,2.0,,S,S6,Weil der Stadt|Malmsheim,8000313,Renningen,Baden-Württemberg,Renningen,71272,8.932650148,48.77515509,3,2609101238.0,,2609101241.0,,,,,,,,,,,1.0,0.0
-4200348393846240809-2609101228-1,26150,,2609101228.0,,,SWE,RB76,,8000313,Renningen,Baden-Württemberg,Renningen,71272,8.932650148,48.77515509,3,,,2609101228.0,,,,,,,,,,,0.0,0.0
3177327826888597271-2609101233-9,7233,2609101251.0,2609101252.0,2.0,,S,S2,Schorndorf|Weiler(Rems)|Winterbach(b Schorndorf)|Geradstetten|Grunbach|Beutelsbach|Endersbach|Stetten-Beinstein,8005157,Rommelshausen,Baden-Württemberg,Kernen,71394,9.319175885,48.81552017,4,2609101252.0,,2609101253.0,,h,2.0,Bauarbeiten,,,,,,,1.0,1.0
-2751722865578801757-2609101220-7,7228,2609101237.0,2609101237.0,1.0,,S,S2,Stuttgart Hbf|Stuttgart-Bad Cannstatt|Stuttgart Nürnberger Str.|Stuttgart-Sommerrain|Fellbach|Waiblingen,8005157,Rommelshausen,Baden-Württemberg,Kernen,71394,9.319175885,48.81552017,4,2609101249.0,,2609101249.0,,h,2.0,Bauarbeiten,,,,,,,12.0,12.0
8797923397467745795-2609101150-7,7226,2609101207.0,2609101207.0,1.0,,S,S2,Stuttgart Hbf|Stuttgart-Bad Cannstatt|Stuttgart Nürnberger Str.|Stuttgart-Sommerrain|Fellbach|Waiblingen,8005157,Rommelshausen,Baden-Württemberg,Kernen,71394,9.319175885,48.81552017,4,2609101207.0,,2609101207.0,,h,2.0,Bauarbeiten,,,,,,,0.0,0.0
-2732981563110923380-2609101203-9,7231,2609101221.0,2609101222.0,2.0,,S,S2,Schorndorf|Weiler(Rems)|Winterbach(b Schorndorf)|Geradstetten|Grunbach|Beutelsbach|Endersbach|Stetten-Beinstein,8005157,Rommelshausen,Baden-Württemberg,Kernen,71394,9.319175885,48.81552017,4,2609101222.0,,2609101223.0,,h,2.0,Bauarbeiten,,,,,,,1.0,1.0
-8944600916505383867-2609101203-4,33879,2609101213.0,2609101214.0,1.0,,S,S6,Weil der Stadt|Malmsheim|Renningen,8005236,Rutesheim,Baden-Württemberg,Leonberg,71229,8.960325242,48.79031093,5,2609101213.0,,2609101215.0,,,,,,,,,,,0.0,1.0
2681887687926966590-2609101158-2,7030,2609101201.0,2609101201.0,2.0,,S,S60,Leonberg,8005236,Rutesheim,Baden-Württemberg,Leonberg,71229,8.960325242,48.79031093,5,2609101201.0,,2609101202.0,,h,1.0,Bauarbeiten,,,,,,,0.0,1.0
7608028257592331283-2609101204-8,7029,2609101228.0,2609101229.0,1.0,,S,S60,Böblingen|Sindelfingen|Maichingen|Maichingen Nord|Magstadt|Renningen Süd|Renningen,8005236,Rutesheim,Baden-Württemberg,Leonberg,71229,8.960325242,48.79031093,5,2609101228.0,,2609101229.0,,h,1.0,Bauarbeiten,,,,,,,0.0,0.0
8153468890133485936-2609101243-2,33878,2609101246.0,2609101246.0,2.0,,S,S6,Leonberg,8005236,Rutesheim,Baden-Württemberg,Leonberg,71229,8.960325242,48.79031093,5,2609101246.0,,2609101246.0,,,,,,,,,,,0.0,0.0
6546237723132678115-2609101213-2,33876,2609101216.0,2609101216.0,2.0,,S,S6,Leonberg,8005236,Rutesheim,Baden-Württemberg,Leonberg,71229,8.960325242,48.79031093,5,2609101216.0,,2609101217.0,,,,,,,,,,,0.0,1.0
-5786747659685164185-2609101228-2,7032,2609101231.0,2609101231.0,2.0,,S,S60,Leonberg,8005236,Rutesheim,Baden-Württemberg,Leonberg,71229,8.960325242,48.79031093,5,2609101232.0,,2609101233.0,,h,1.0,Bauarbeiten,,,,,,,1.0,2.0
-8244462081615470367-2609101234-8,7031,2609101258.0,2609101259.0,1.0,,S,S60,Böblingen|Sindelfingen|Maichingen|Maichingen Nord|Magstadt|Renningen Süd|Renningen,8005236,Rutesheim,Baden-Württemberg,Leonberg,71229,8.960325242,48.79031093,5,2609101258.0,,2609101300.0,,h,1.0,Bauarbeiten,,,,,,,0.0,1.0
5643408968339616898-2609101233-4,55901,2609101243.0,2609101244.0,1.0,,S,S6,Weil der Stadt|Malmsheim|Renningen,8005236,Rutesheim,Baden-Württemberg,Leonberg,71229,8.960325242,48.79031093,5,2609101244.0,,2609101246.0,,,,,,,,,,,1.0,2.0
-3860455667623039078-2609101220-4,19467,2609101243.0,2609101244.0,2.0,,ARV,MEX13,Stuttgart Hbf|Stuttgart-Bad Cannstatt|Waiblingen,8005424,Schorndorf,Baden-Württemberg,Schorndorf,73614,9.525686251,48.80693898,3,2609101256.0,,2609101257.0,,h,2.0,Störung,,,,,,,13.0,13.0
3177327826888597271-2609101233-1,7233,,2609101233.0,,,S,S2,,8005424,Schorndorf,Baden-Württemberg,Schorndorf,73614,9.525686251,48.80693898,3,,,2609101233.0,,h,2.0,Bauarbeiten,,,,,,,0.0,0.0
-7748030326402231213-2609101111-5,19676,2609101228.0,2609101229.0,3.0,,ARV,RE1,Crailsheim|Ellwangen|Aalen Hbf|Schwäbisch Gmünd,8005424,Schorndorf,Baden-Württemberg,Schorndorf,73614,9.525686251,48.80693898,3,2609101230.0,,2609101231.0,,h,2.0,Störung,,,,,,,2.0,2.0
-1383251403817765975-2609101149-4,19415,2609101213.0,2609101214.0,2.0,,ARV,MEX13,Stuttgart Hbf|Stuttgart-Bad Cannstatt|Waiblingen,8005424,Schorndorf,Baden-Württemberg,Schorndorf,73614,9.525686251,48.80693898,3,2609101213.0,,2609101214.0,,h,2.0,Information,,,,,,,0.0,0.0
7732802453043643664-2609101111-15,19468,2609101213.0,2609101214.0,3.0,,ARV,MEX13,Ellwangen|Schrezheim|Schwabsberg|Goldshöfe|Hofen(b Aalen)|Wasseralfingen|Aalen Hbf|Mögglingen(Gmünd)|Böbingen(Rems)|Schwäbisch Gmünd|Lorch(Württ)|Waldhausen(b Schorndorf)|Plüderhausen|Urbach(b Schorndorf),8005424,Schorndorf,Baden-Württemberg,Schorndorf,73614,9.525686251,48.80693898,3,2609101214.0,,2609101216.0,,h,2.0,Information,,,,,,,1.0,2.0
-2751722865578801757-2609101220-15,7228,2609101255.0,,1.0,,S,,Stuttgart Hbf|Stuttgart-Bad Cannstatt|Stuttgart Nürnberger Str.|Stuttgart-Sommerrain|Fellbach|Waiblingen|Rommelshausen|Stetten-Beinstein|Endersbach|Beutelsbach|Grunbach|Geradstetten|Winterbach(b Schorndorf)|Weiler(Rems),8005424,Schorndorf,Baden-Württemberg,Schorndorf,73614,9.525686251,48.80693898,3,2609101309.0,,,,h,2.0,Bauarbeiten,,,,,,,14.0,0.0
8797923397467745795-2609101150-15,7226,2609101225.0,,14.0,,S,,Stuttgart Hbf|Stuttgart-Bad Cannstatt|Stuttgart Nürnberger Str.|Stuttgart-Sommerrain|Fellbach|Waiblingen|Rommelshausen|Stetten-Beinstein|Endersbach|Beutelsbach|Grunbach|Geradstetten|Winterbach(b Schorndorf)|Weiler(Rems),8005424,Schorndorf,Baden-Württemberg,Schorndorf,73614,9.525686251,48.80693898,3,2609101224.0,,,,h,2.0,Bauarbeiten,,,,,,,-1.0,0.0
5345487978883829702-2609101207-9,19420,2609101243.0,2609101244.0,3.0,,ARV,MEX13,Aalen Hbf|Mögglingen(Gmünd)|Böbingen(Rems)|Schwäbisch Gmünd|Lorch(Württ)|Waldhausen(b Schorndorf)|Plüderhausen|Urbach(b Schorndorf),8005424,Schorndorf,Baden-Württemberg,Schorndorf,73614,9.525686251,48.80693898,3,2609101244.0,2.0,2609101246.0,2.0,h,2.0,Information,,,,,,,1.0,2.0
-2732981563110923380-2609101203-1,7231,,2609101203.0,,,S,S2,,8005424,Schorndorf,Baden-Württemberg,Schorndorf,73614,9.525686251,48.80693898,3,,,2609101203.0,,h,2.0,Bauarbeiten,,,,,,,0.0,0.0
9036342965798539047-2609101142-8,7326,2609101206.0,2609101206.0,2.0,,S,S3,Stuttgart Hbf|Stuttgart-Bad Cannstatt|Stuttgart Nürnberger Str.|Stuttgart-Sommerrain|Fellbach|Waiblingen|Neustadt-Hohenacker,8005454,Schwaikheim,Baden-Württemberg,Schwaikheim,71409,9.354747358,48.86832665,4,2609101206.0,,2609101207.0,,,,,,,,,,,0.0,1.0
8851012744564607240-2609101211-5,7331,2609101222.0,2609101223.0,1.0,,S,S3,Backnang|Maubach|Nellmersbach|Winnenden,8005454,Schwaikheim,Baden-Württemberg,Schwaikheim,71409,9.354747358,48.86832665,4,2609101223.0,,2609101224.0,,,,,,,,,,,1.0,1.0
-97699751698418973-2609101241-5,7333,2609101252.0,2609101253.0,1.0,,S,S3,Backnang|Maubach|Nellmersbach|Winnenden,8005454,Schwaikheim,Baden-Württemberg,Schwaikheim,71409,9.354747358,48.86832665,4,2609101254.0,,2609101255.0,,,,,,,,,,,2.0,2.0
7638159005670329721-2609101212-8,7328,2609101236.0,2609101236.0,2.0,,S,S3,Stuttgart Hbf|Stuttgart-Bad Cannstatt|Stuttgart Nürnberger Str.|Stuttgart-Sommerrain|Fellbach|Waiblingen|Neustadt-Hohenacker,8005454,Schwaikheim,Baden-Württemberg,Schwaikheim,71409,9.354747358,48.86832665,4,2609101237.0,,2609101237.0,,,,,,,,,,,1.0,1.0
2681887687926966590-2609101158-8,7030,2609101222.0,2609101223.0,1.0,,S,S60,Leonberg|Rutesheim|Renningen|Renningen Süd|Magstadt|Maichingen Nord|Maichingen,8005574,Sindelfingen,Baden-Württemberg,Sindelfingen,71063,8.999262079,48.70387346,6,2609101223.0,,2609101223.0,,h,1.0,Bauarbeiten,,,,,,,1.0,0.0
7608028257592331283-2609101204-2,7029,2609101206.0,2609101207.0,1.0,,S,S60,Böblingen,8005574,Sindelfingen,Baden-Württemberg,Sindelfingen,71063,8.999262079,48.70387346,6,2609101207.0,,2609101208.0,,h,1.0,Bauarbeiten,,,,,,,1.0,1.0
-5786747659685164185-2609101228-8,7032,2609101252.0,2609101253.0,1.0,,S,S60,Leonberg|Rutesheim|Renningen|Renningen Süd|Magstadt|Maichingen Nord|Maichingen,8005574,Sindelfingen,Baden-Württemberg,Sindelfingen,71063,8.999262079,48.70387346,6,2609101253.0,,2609101253.0,,h,1.0,Bauarbeiten,,,,,,,1.0,0.0
-8244462081615470367-2609101234-2,7031,2609101236.0,2609101237.0,1.0,,S,S60,Böblingen,8005574,Sindelfingen,Baden-Württemberg,Sindelfingen,71063,8.999262079,48.70387346,6,2609101237.0,,2609101237.0,,h,1.0,Bauarbeiten,,,,,,,1.0,0.0
3177327826888597271-2609101233-8,7233,2609101249.0,2609101249.0,2.0,,S,S2,Schorndorf|Weiler(Rems)|Winterbach(b Schorndorf)|Geradstetten|Grunbach|Beutelsbach|Endersbach,8005726,Stetten-Beinstein,Baden-Württemberg,Weinstadt,71384,9.352769725,48.81199601,5,2609101249.0,,2609101250.0,,h,2.0,Bauarbeiten,,,,,,,0.0,1.0
-2751722865578801757-2609101220-8,7228,2609101239.0,2609101239.0,1.0,,S,S2,Stuttgart Hbf|Stuttgart-Bad Cannstatt|Stuttgart Nürnberger Str.|Stuttgart-Sommerrain|Fellbach|Waiblingen|Rommelshausen,8005726,Stetten-Beinstein,Baden-Württemberg,Weinstadt,71384,9.352769725,48.81199601,5,2609101251.0,,2609101252.0,,h,2.0,Bauarbeiten,,,,,,,12.0,13.0
8797923397467745795-2609101150-8,7226,2609101209.0,2609101209.0,1.0,,S,S2,Stuttgart Hbf|Stuttgart-Bad Cannstatt|Stuttgart Nürnberger Str.|Stuttgart-Sommerrain|Fellbach|Waiblingen|Rommelshausen,8005726,Stetten-Beinstein,Baden-Württemberg,Weinstadt,71384,9.352769725,48.81199601,5,2609101209.0,,2609101210.0,,h,2.0,Bauarbeiten,,,,,,,0.0,1.0
-2732981563110923380-2609101203-8,7231,2609101219.0,2609101219.0,2.0,,S,S2,Schorndorf|Weiler(Rems)|Winterbach(b Schorndorf)|Geradstetten|Grunbach|Beutelsbach|Endersbach,8005726,Stetten-Beinstein,Baden-Württemberg,Weinstadt,71384,9.352769725,48.81199601,5,2609101219.0,,2609101220.0,,h,2.0,Bauarbeiten,,,,,,,0.0,1.0
-5042970796843621512-2609101157-9,19223,2609101242.0,2609101251.0,15.0,,RE,MEX12,Heilbronn Hbf|Nordheim(Württ)|Lauffen(Neckar)|Kirchheim(Neckar)|Walheim(Württ)|Besigheim|Bietigheim-Bissingen|Ludwigsburg,8000096,Stuttgart Hbf,Baden-Württemberg,Stuttgart,70173,9.183172973,48.78473069,1,2609101252.0,16.0,2609101255.0,16.0,h,2.0,Störung,,,,,,,10.0,4.0
3759338381049870476-2609101209-4,19384,2609101256.0,,14.0,,RE,,Reutlingen Hbf|Metzingen(Württ)|Nürtingen,8000096,Stuttgart Hbf,Baden-Württemberg,Stuttgart,70173,9.183172973,48.78473069,1,2609101258.0,,,,h,2.0,Störung,,,,,,,2.0,0.0
4695358664547013286-2609101036-22,19136,2609101216.0,,10.0,,ARV,,Ulm Hbf|Beimerstetten|Westerstetten|Lonsee|Urspring|Amstetten(Württ)|Geislingen(Steige)|Geislingen(Steige)West|Kuchen|Gingen(Fils)|Süßen|Salach|Eislingen(Fils)|Göppingen|Faurndau|Uhingen|Ebersbach(Fils)|Reichenbach(Fils)|Plochingen|Esslingen(Neckar)|Stuttgart-Bad Cannstatt,8000096,Stuttgart Hbf,Baden-Württemberg,Stuttgart,70173,9.183172973,48.78473069,1,2609101223.0,12.0,,,,,,,,,,,,7.0,0.0
2504979402186393238-2609101232-1,19014,,2609101232.0,,,ARV,RE1,,8000096,Stuttgart Hbf,Baden-Württemberg,Stuttgart,70173,9.183172973,48.78473069,1,,,2609101232.0,,,,,,,,,,,0.0,0.0
-7635674851184058793-2609101132-8,19013,2609101227.0,,13.0,,ARV,,Karlsruhe Hbf|Karlsruhe-Durlach|Weingarten(Baden)|Untergrombach|Bruchsal Bildungszentrum|Bruchsal|Vaihingen(Enz),8000096,Stuttgart Hbf,Baden-Württemberg,Stuttgart,70173,9.183172973,48.78473069,1,2609101238.0,,,,,,,,,,,,,11.0,0.0
-3860455667623039078-2609101220-1,19467,,2609101220.0,,,ARV,MEX13,,8000096,Stuttgart Hbf,Baden-Württemberg,Stuttgart,70173,9.183172973,48.78473069,1,,,2609101234.0,,h,2.0,Störung,,,,,,,0.0,14.0
1409628509556846116-2609100721-9,575,2609101238.0,,5.0,,ICE,,Hamburg Dammtor|Hamburg Hbf|Celle|Hannover Hbf|Göttingen|Kassel-Wilhelmshöhe|Frankfurt(Main)Hbf|Mannheim Hbf,8000096,Stuttgart Hbf,Baden-Württemberg,Stuttgart,70173,9.183172973,48.78473069,1,2609101330.0,,,,h,1.0,Störung,,,Hamburg Dammtor|Hamburg Hbf|Celle|Hannover Hbf|Göttingen|Kassel-Wilhelmshöhe|Frankfurt(Main)Hbf|Mannheim Hbf,,,,52.0,0.0
6665004006593220666-2609101228-1,50187,,2609101228.0,,,RE,IC87,,8000096,Stuttgart Hbf,Baden-Württemberg,Stuttgart,70173,9.183172973,48.78473069,1,,,2609101229.0,,h,2.0,Information,,,,,,,0.0,1.0
-5040164597006626382-2609101120-15,7129,2609101205.0,,4.0,,S,,Kirchheim(Teck)|Kirchheim(Teck)-Ötlingen|Wendlingen(Neckar)|Wernau(Neckar)|Plochingen|Altbach|Esslingen-Zell|Oberesslingen|Esslingen(Neckar)|Esslingen-Mettingen|Stuttgart-Obertürkheim|Stuttgart-Untertürkheim|Stuttgart Neckarpark|Stuttgart-Bad Cannstatt,8000096,Stuttgart Hbf,Baden-Württemberg,Stuttgart,70173,9.183172973,48.78473069,1,2609101205.0,,,,,,,,,,,,,0.0,0.0
8872306478114488142-2609101247-1,19417,,2609101247.0,,,ARV,MEX13,,8000096,Stuttgart Hbf,Baden-Württemberg,Stuttgart,70173,9.183172973,48.78473069,1,,,2609101248.0,,h,2.0,Information,,,,,,,0.0,1.0
-3901454027336800522-2609101203-14,7431,2609101255.0,,2.0,,S,,Backnang|Burgstall(Murr)|Kirchberg(Murr)|Erdmannhausen|Marbach(Neckar)|Benningen(Neckar)|Freiberg(Neckar)|Favoritepark|Ludwigsburg|Kornwestheim Pbf|Stuttgart-Zuffenhausen|Stuttgart-Feuerbach|Stuttgart Nordbahnhof,8000096,Stuttgart Hbf,Baden-Württemberg,Stuttgart,70173,9.183172973,48.78473069,1,2609101256.0,,,,,,,,,,,,,1.0,0.0
8539842934523735566-2609101225-1,7130,,2609101225.0,,,S,S1,,8000096,Stuttgart Hbf,Baden-Württemberg,Stuttgart,70173,9.183172973,48.78473069,1,,,2609101230.0,3.0,,,,,,,,,,0.0,5.0
-1993606386599546493-2609101148-16,19138,2609101253.0,,13.0,,ARV,,Geislingen(Steige)|Geislingen(Steige)West|Kuchen|Gingen(Fils)|Süßen|Salach|Eislingen(Fils)|Göppingen|Faurndau|Uhingen|Ebersbach(Fils)|Reichenbach(Fils)|Plochingen|Esslingen(Neckar)|Stuttgart-Bad Cannstatt,8000096,Stuttgart Hbf,Baden-Württemberg,Stuttgart,70173,9.183172973,48.78473069,1,2609101255.0,,,,,,,,,,,,,2.0,0.0
7065870970937401033-2609101250-1,7230,,2609101250.0,,,S,S2,,8000096,Stuttgart Hbf,Baden-Württemberg,Stuttgart,70173,9.183172973,48.78473069,1,,,2609101250.0,,h,2.0,Bauarbeiten,,,,,,,0.0,0.0
-7748030326402231213-2609101111-6,19676,2609101249.0,2609101259.0,10.0,,ARV,RE1,Crailsheim|Ellwangen|Aalen Hbf|Schwäbisch Gmünd|Schorndorf,8000096,Stuttgart Hbf,Baden-Württemberg,Stuttgart,70173,9.183172973,48.78473069,1,2609101251.0,,2609101306.0,,h,2.0,Störung,,,,,,,2.0,7.0
2930744972942057808-2609101207-9,7531,2609101235.0,,2.0,,S,,Bietigheim-Bissingen|Tamm(Württ)|Asperg|Ludwigsburg|Kornwestheim Pbf|Stuttgart-Zuffenhausen|Stuttgart-Feuerbach|Stuttgart Nordbahnhof,8000096,Stuttgart Hbf,Baden-Württemberg,Stuttgart,70173,9.183172973,48.78473069,1,2609101237.0,,,,,,,,,,,,,2.0,0.0
-5722273275463151764-2609101204-1,19139,,2609101204.0,,,ARV,MEX16,,8000096,Stuttgart Hbf,Baden-Württemberg,Stuttgart,70173,9.183172973,48.78473069,1,,,2609101204.0,13.0,,,,,,,,,,0.0,0.0
8851012744564607240-2609101211-12,7331,2609101247.0,,4.0,,S,,Backnang|Maubach|Nellmersbach|Winnenden|Schwaikheim|Neustadt-Hohenacker|Waiblingen|Fellbach|Stuttgart-Sommerrain|Stuttgart Nürnberger Str.|Stuttgart-Bad Cannstatt,8000096,Stuttgart Hbf,Baden-Württemberg,Stuttgart,70173,9.183172973,48.78473069,1,2609101247.0,,,,,,,,,,,,,0.0,0.0
-3783637480998438710-2609101208-1,2069,,2609101208.0,,,IC,,,8000096,Stuttgart Hbf,Baden-Württemberg,Stuttgart,70173,9.183172973,48.78473069,1,,,2609101208.0,,,,,,,,,,,0.0,0.0
791009188262532597-2609101214-1,1242,,2609101214.0,,,FLX,10,,8000096,Stuttgart Hbf,Baden-Württemberg,Stuttgart,70173,9.183172973,48.78473069,1,,,2609101218.0,7.0,,,,,,,,,,0.0,4.0
6512354943507599026-2609100526-15,515,2609101211.0,2609101217.0,15.0,,ICE,,Hamburg-Altona|Hamburg Dammtor|Hamburg Hbf|Hamburg-Harburg|Bremen Hbf|Osnabrück Hbf|Münster(Westf)Hbf|Dortmund Hbf|Hagen Hbf|Wuppertal Hbf|Solingen Hbf|Köln Hbf|Frankfurt(M) Flughafen Fernbf|Mannheim Hbf,8000096,Stuttgart Hbf,Baden-Württemberg,Stuttgart,70173,9.183172973,48.78473069,1,2609101302.0,16.0,2609101313.0,16.0,h,1.0,Störung,,,Hamburg-Altona|Hamburg Dammtor|Hamburg Hbf|Hamburg-Harburg|Bremen Hbf|Osnabrück Hbf|Münster(Westf)Hbf|Dortmund Hbf|Hagen Hbf|Wuppertal Hbf|Solingen Hbf|Köln Hbf|Frankfurt(M) Flughafen Fernbf|Mannheim Hbf,Ulm Hbf|Augsburg Hbf|München-Pasing|München Hbf,,,51.0,56.0
2297543165058573928-2609101237-1,4217,,2609101237.0,,,RE,RE5,,8000096,Stuttgart Hbf,Baden-Württemberg,Stuttgart,70173,9.183172973,48.78473069,1,,,2609101237.0,,h,2.0,Störung,,,,,,,0.0,0.0
-7298917680991319195-2609101207-1,7426,,2609101207.0,,,S,S4,,8000096,Stuttgart Hbf,Baden-Württemberg,Stuttgart,70173,9.183172973,48.78473069,1,,,2609101207.0,,,,,,,,,,,0.0,0.0
3529743929784818117-2609100937-14,380,2609101243.0,,6.0,,IC,,Zürich HB|Schaffhausen|Singen(Hohentwiel)|Engen|Tuttlingen|Spaichingen|Rottweil|Oberndorf(Neckar)|Sulz(Neckar)|Horb|Bondorf(b Herrenberg)|Gäufelden|Herrenberg,8000096,Stuttgart Hbf,Baden-Württemberg,Stuttgart,70173,9.183172973,48.78473069,1,2609101243.0,5.0,,,h,2.0,Information,,,,,,,0.0,0.0
6836109522047011990-2609101233-3,28480,2609101255.0,,7.0,,RE,,Böblingen|Stuttgart-Vaihingen,8000096,Stuttgart Hbf,Baden-Württemberg,Stuttgart,70173,9.183172973,48.78473069,1,2609101258.0,,,,,,,,,,,,,3.0,0.0
-1975987368948360309-2609101103-10,17528,2609101202.0,,12.0,,RE,,Schwäbisch Hall-Hessental|Gaildorf West|Murrhardt|Sulzbach(Murr)|Oppenweiler(Württ)|Backnang|Winnenden|Waiblingen|Stuttgart-Bad Cannstatt,8000096,Stuttgart Hbf,Baden-Württemberg,Stuttgart,70173,9.183172973,48.78473069,1,2609101215.0,,,,h,2.0,Störung,,,,,,,13.0,0.0
1567608631073913309-2609101227-1,7530,,2609101227.0,,,S,S5,,8000096,Stuttgart Hbf,Baden-Württemberg,Stuttgart,70173,9.183172973,48.78473069,1,,,2609101231.0,,,,,,,,,,,0.0,4.0
7050124869112868501-2609101228-4,19677,2609101259.0,2609101306.0,15.0,,ARV,RE1,Pforzheim Hbf|Mühlacker|Vaihingen(Enz),8000096,Stuttgart Hbf,Baden-Württemberg,Stuttgart,70173,9.183172973,48.78473069,1,2609101259.0,,2609101310.0,,h,2.0,Störung,,,,,,,0.0,4.0
-7250951253539911335-2609101133-15,7229,2609101210.0,,3.0,,S,,Schorndorf|Weiler(Rems)|Winterbach(b Schorndorf)|Geradstetten|Grunbach|Beutelsbach|Endersbach|Stetten-Beinstein|Rommelshausen|Waiblingen|Fellbach|Stuttgart-Sommerrain|Stuttgart Nürnberger Str.|Stuttgart-Bad Cannstatt,8000096,Stuttgart Hbf,Baden-Württemberg,Stuttgart,70173,9.183172973,48.78473069,1,2609101223.0,4.0,,,h,2.0,Bauarbeiten,,,,,,,13.0,0.0
1394235487267718911-2609101242-1,19141,,2609101242.0,,,ARV,MEX16,,8000096,Stuttgart Hbf,Baden-Württemberg,Stuttgart,70173,9.183172973,48.78473069,1,,,2609101242.0,,,,,,,,,,,0.0,0.0
2137668365447796022-2609101203-1,28481,,2609101203.0,,,RE,RESB,,8000096,Stuttgart Hbf,Baden-Württemberg,Stuttgart,70173,9.183172973,48.78473069,1,,,2609101222.0,9.0,,,,,,,,,,0.0,19.0
-6655774160168480161-2609101255-1,7132,,2609101255.0,,,S,S1,,8000096,Stuttgart Hbf,Baden-Württemberg,Stuttgart,70173,9.183172973,48.78473069,1,,,2609101255.0,,,,,,,,,,,0.0,0.0
1360064575081714905-2609101045-4,598,2609101243.0,2609101249.0,9.0,,ICE,,München Hbf|Augsburg Hbf|Ulm Hbf,8000096,Stuttgart Hbf,Baden-Württemberg,Stuttgart,70173,9.183172973,48.78473069,1,2609101324.0,10.0,2609101332.0,10.0,h,1.0,Störung,,,München Hbf|Augsburg Hbf|Ulm Hbf,Mannheim Hbf|Frankfurt(Main)Hbf|Fulda|Eisenach Hbf|Erfurt Hbf|Leipzig Hbf|Lutherstadt Wittenberg Hbf|Berlin Südkreuz|Berlin Hbf|Berlin Gesundbrunnen,,,41.0,43.0
700874854166477544-2609101228-1,187,,2609101228.0,,,IC,,,8000096,Stuttgart Hbf,Baden-Württemberg,Stuttgart,70173,9.183172973,48.78473069,1,,,2609101229.0,,h,2.0,Information,,,,,,,0.0,1.0
-3955134605586594139-2609101141-12,7329,2609101217.0,,4.0,,S,,Backnang|Maubach|Nellmersbach|Winnenden|Schwaikheim|Neustadt-Hohenacker|Waiblingen|Fellbach|Stuttgart-Sommerrain|Stuttgart Nürnberger Str.|Stuttgart-Bad Cannstatt,8000096,Stuttgart Hbf,Baden-Württemberg,Stuttgart,70173,9.183172973,48.78473069,1,2609101217.0,3.0,,,,,,,,,,,,0.0,0.0
5786472600680484262-2609101242-1,7330,,2609101242.0,,,S,S3,,8000096,Stuttgart Hbf,Baden-Württemberg,Stuttgart,70173,9.183172973,48.78473069,1,,,2609101242.0,,,,,,,,,,,0.0,0.0
-2690453283388249865-2609101107-12,19418,2609101209.0,,13.0,,ARV,,Aalen Hbf|Mögglingen(Gmünd)|Böbingen(Rems)|Schwäbisch Gmünd|Lorch(Württ)|Waldhausen(b Schorndorf)|Plüderhausen|Urbach(b Schorndorf)|Schorndorf|Waiblingen|Stuttgart-Bad Cannstatt,8000096,Stuttgart Hbf,Baden-Württemberg,Stuttgart,70173,9.183172973,48.78473069,1,2609101226.0,,,,h,2.0,Information,,,,,,,17.0,0.0
123913387555218089-2609101237-1,7428,,2609101237.0,,,S,S4,,8000096,Stuttgart Hbf,Baden-Württemberg,Stuttgart,70173,9.183172973,48.78473069,1,,,2609101238.0,,,,,,,,,,,0.0,1.0
-2497004780648081166-2609101116-10,19228,2609101206.0,2609101219.0,9.0,,RE,MEX12,Reutlingen Hbf|Metzingen(Württ)|Bempflingen|Nürtingen|Oberboihingen|Wendlingen(Neckar)|Plochingen|Esslingen(Neckar)|Stuttgart-Bad Cannstatt,8000096,Stuttgart Hbf,Baden-Württemberg,Stuttgart,70173,9.183172973,48.78473069,1,2609101221.0,10.0,2609101229.0,10.0,h,2.0,Störung,,,,,,,15.0,10.0
1366757169240187578-2609101005-13,4212,2609101222.0,,12.0,,RE,,Friedrichshafen Stadt|Meckenbeuren|Ravensburg|Aulendorf|Bad Schussenried|Biberach(Riß)|Laupheim West|Ulm Hbf|Geislingen(Steige)|Göppingen|Plochingen|Esslingen(Neckar),8000096,Stuttgart Hbf,Baden-Württemberg,Stuttgart,70173,9.183172973,48.78473069,1,2609101228.0,9.0,,,h,2.0,Störung,,,,,,,6.0,0.0
-3597008795906279301-2609101154-8,7629,2609101215.0,,2.0,,S,,Ditzingen|Weilimdorf|Korntal|Neuwirtshaus(Porscheplatz)|Stuttgart-Zuffenhausen|Stuttgart-Feuerbach|Stuttgart Nordbahnhof,8000096,Stuttgart Hbf,Baden-Württemberg,Stuttgart,70173,9.183172973,48.78473069,1,2609101216.0,,,,h,1.0,Bauarbeiten,,,,,,,1.0,0.0
7732802453043643664-2609101111-18,19468,2609101239.0,,14.0,,ARV,,Ellwangen|Schrezheim|Schwabsberg|Goldshöfe|Hofen(b Aalen)|Wasseralfingen|Aalen Hbf|Mögglingen(Gmünd)|Böbingen(Rems)|Schwäbisch Gmünd|Lorch(Württ)|Waldhausen(b Schorndorf)|Plüderhausen|Urbach(b Schorndorf)|Schorndorf|Waiblingen|Stuttgart-Bad Cannstatt,8000096,Stuttgart Hbf,Baden-Württemberg,Stuttgart,70173,9.183172973,48.78473069,1,2609101240.0,8.0,,,h,2.0,Information,,,,,,,1.0,0.0
7638159005670329721-2609101212-1,7328,,2609101212.0,,,S,S3,,8000096,Stuttgart Hbf,Baden-Württemberg,Stuttgart,70173,9.183172973,48.78473069,1,,,2609101217.0,,,,,,,,,,,0.0,5.0
-567364517811325165-2609101217-1,17637,,2609101217.0,,,RE,RE14b,,8000096,Stuttgart Hbf,Baden-Württemberg,Stuttgart,70173,9.183172973,48.78473069,1,,,2609101217.0,,,,,,,,,,,0.0,0.0
-2751722865578801757-2609101220-1,7228,,2609101220.0,,,S,S2,,8000096,Stuttgart Hbf,Baden-Württemberg,Stuttgart,70173,9.183172973,48.78473069,1,,,2609101227.0,4.0,h,2.0,Bauarbeiten,,,,,,,0.0,7.0
4286078100246831779-2609101217-1,17639,,2609101217.0,,,RE,RE14a,,8000096,Stuttgart Hbf,Baden-Württemberg,Stuttgart,70173,9.183172973,48.78473069,1,,,2609101217.0,,,,,,,,,,,0.0,0.0
-8878569610522891765-2609101257-1,7532,,2609101257.0,,,S,S5,,8000096,Stuttgart Hbf,Baden-Württemberg,Stuttgart,70173,9.183172973,48.78473069,1,,,2609101258.0,,,,,,,,,,,0.0,1.0
-4550209179177272275-2609101224-8,7631,2609101245.0,,1.0,,S,,Ditzingen|Weilimdorf|Korntal|Neuwirtshaus(Porscheplatz)|Stuttgart-Zuffenhausen|Stuttgart-Feuerbach|Stuttgart Nordbahnhof,8000096,Stuttgart Hbf,Baden-Württemberg,Stuttgart,70173,9.183172973,48.78473069,1,2609101245.0,,,,h,1.0,Bauarbeiten,,,,,,,0.0,0.0
7271107614461082752-2609101137-9,7529,2609101205.0,,1.0,,S,,Bietigheim-Bissingen|Tamm(Württ)|Asperg|Ludwigsburg|Kornwestheim Pbf|Stuttgart-Zuffenhausen|Stuttgart-Feuerbach|Stuttgart Nordbahnhof,8000096,Stuttgart Hbf,Baden-Württemberg,Stuttgart,70173,9.183172973,48.78473069,1,2609101205.0,,,,,,,,,,,,,0.0,0.0
4736637014602700336-2609101150-15,7131,2609101235.0,,4.0,,S,,Kirchheim(Teck)|Kirchheim(Teck)-Ötlingen|Wendlingen(Neckar)|Wernau(Neckar)|Plochingen|Altbach|Esslingen-Zell|Oberesslingen|Esslingen(Neckar)|Esslingen-Mettingen|Stuttgart-Obertürkheim|Stuttgart-Untertürkheim|Stuttgart Neckarpark|Stuttgart-Bad Cannstatt,8000096,Stuttgart Hbf,Baden-Württemberg,Stuttgart,70173,9.183172973,48.78473069,1,2609101235.0,,,,,,,,,,,,,0.0,0.0
-1086892456037719731-2609101217-1,7628,,2609101217.0,,,S,S6,,8000096,Stuttgart Hbf,Baden-Württemberg,Stuttgart,70173,9.183172973,48.78473069,1,,,2609101223.0,,h,1.0,Bauarbeiten,,,,,,,0.0,6.0
-2732981563110923380-2609101203-15,7231,2609101240.0,,3.0,,S,,Schorndorf|Weiler(Rems)|Winterbach(b Schorndorf)|Geradstetten|Grunbach|Beutelsbach|Endersbach|Stetten-Beinstein|Rommelshausen|Waiblingen|Fellbach|Stuttgart-Sommerrain|Stuttgart Nürnberger Str.|Stuttgart-Bad Cannstatt,8000096,Stuttgart Hbf,Baden-Württemberg,Stuttgart,70173,9.183172973,48.78473069,1,2609101240.0,,,,h,2.0,Bauarbeiten,,,,,,,0.0,0.0
-2837347101663805561-2609101133-14,7429,2609101225.0,,1.0,,S,,Backnang|Burgstall(Murr)|Kirchberg(Murr)|Erdmannhausen|Marbach(Neckar)|Benningen(Neckar)|Freiberg(Neckar)|Favoritepark|Ludwigsburg|Kornwestheim Pbf|Stuttgart-Zuffenhausen|Stuttgart-Feuerbach|Stuttgart Nordbahnhof,8000096,Stuttgart Hbf,Baden-Württemberg,Stuttgart,70173,9.183172973,48.78473069,1,2609101231.0,,,,,,,,,,,,,6.0,0.0
-8712801738662028770-2609101247-1,7630,,2609101247.0,,,S,S6,,8000096,Stuttgart Hbf,Baden-Württemberg,Stuttgart,70173,9.183172973,48.78473069,1,,,2609101247.0,,h,1.0,Bauarbeiten,,,,,,,0.0,0.0
8993379184971619733-2609101035-12,50380,2609101243.0,,6.0,,RE,,Singen(Hohentwiel)|Engen|Tuttlingen|Spaichingen|Rottweil|Oberndorf(Neckar)|Sulz(Neckar)|Horb|Bondorf(b Herrenberg)|Gäufelden|Herrenberg,8000096,Stuttgart Hbf,Baden-Württemberg,Stuttgart,70173,9.183172973,48.78473069,1,2609101243.0,5.0,,,h,2.0,Information,,,,,,,0.0,0.0
-513768940106917907-2609101155-3,7128,2609101202.0,2609101202.0,2.0,,S,S1,Stuttgart Hbf|Stuttgart-Bad Cannstatt,8006743,Stuttgart Neckarpark,Baden-Württemberg,Stuttgart,70372,9.24106855,48.79194362,4,2609101203.0,,2609101203.0,,,,,,,,,,,1.0,1.0
8539842934523735566-2609101225-3,7130,2609101232.0,2609101232.0,2.0,,S,S1,Stuttgart Hbf|Stuttgart-Bad Cannstatt,8006743,Stuttgart Neckarpark,Baden-Württemberg,Stuttgart,70372,9.24106855,48.79194362,4,2609101237.0,,2609101238.0,,,,,,,,,,,5.0,6.0
-6319936848544854600-2609101220-13,7133,2609101257.0,2609101257.0,1.0,,S,S1,Kirchheim(Teck)|Kirchheim(Teck)-Ötlingen|Wendlingen(Neckar)|Wernau(Neckar)|Plochingen|Altbach|Esslingen-Zell|Oberesslingen|Esslingen(Neckar)|Esslingen-Mettingen|Stuttgart-Obertürkheim|Stuttgart-Untertürkheim,8006743,Stuttgart Neckarpark,Baden-Württemberg,Stuttgart,70372,9.24106855,48.79194362,4,2609101258.0,,2609101258.0,,,,,,,,,,,1.0,1.0
4736637014602700336-2609101150-13,7131,2609101227.0,2609101227.0,1.0,,S,S1,Kirchheim(Teck)|Kirchheim(Teck)-Ötlingen|Wendlingen(Neckar)|Wernau(Neckar)|Plochingen|Altbach|Esslingen-Zell|Oberesslingen|Esslingen(Neckar)|Esslingen-Mettingen|Stuttgart-Obertürkheim|Stuttgart-Untertürkheim,8006743,Stuttgart Neckarpark,Baden-Württemberg,Stuttgart,70372,9.24106855,48.79194362,4,2609101227.0,,2609101227.0,,,,,,,,,,,0.0,0.0
-3901454027336800522-2609101203-13,7431,2609101249.0,2609101251.0,4.0,,S,S4,Backnang|Burgstall(Murr)|Kirchberg(Murr)|Erdmannhausen|Marbach(Neckar)|Benningen(Neckar)|Freiberg(Neckar)|Favoritepark|Ludwigsburg|Kornwestheim Pbf|Stuttgart-Zuffenhausen|Stuttgart-Feuerbach,8005767,Stuttgart Nord,Baden-Württemberg,Stuttgard-Nord,70174,9.188061449,48.80374161,5,2609101249.0,,2609101251.0,,,,,,,,,,,0.0,0.0
2930744972942057808-2609101207-8,7531,2609101229.0,2609101231.0,4.0,,S,S5,Bietigheim-Bissingen|Tamm(Württ)|Asperg|Ludwigsburg|Kornwestheim Pbf|Stuttgart-Zuffenhausen|Stuttgart-Feuerbach,8005767,Stuttgart Nord,Baden-Württemberg,Stuttgard-Nord,70174,9.188061449,48.80374161,5,2609101229.0,,2609101232.0,,,,,,,,,,,0.0,1.0
-7298917680991319195-2609101207-2,7426,2609101210.0,2609101211.0,3.0,,S,S4,Stuttgart Hbf,8005767,Stuttgart Nord,Baden-Württemberg,Stuttgard-Nord,70174,9.188061449,48.80374161,5,2609101211.0,,2609101212.0,,,,,,,,,,,1.0,1.0
1567608631073913309-2609101227-2,7530,2609101230.0,2609101231.0,3.0,,S,S5,Stuttgart Hbf,8005767,Stuttgart Nord,Baden-Württemberg,Stuttgard-Nord,70174,9.188061449,48.80374161,5,2609101235.0,,2609101235.0,,,,,,,,,,,5.0,4.0
-4867022663021090956-2609101157-2,7528,2609101200.0,2609101201.0,3.0,,S,S5,Stuttgart Hbf,8005767,Stuttgart Nord,Baden-Württemberg,Stuttgard-Nord,70174,9.188061449,48.80374161,5,2609101201.0,,2609101202.0,,,,,,,,,,,1.0,1.0
-144422822861230009-2609101237-8,7533,2609101259.0,2609101301.0,4.0,,S,S5,Bietigheim-Bissingen|Tamm(Württ)|Asperg|Ludwigsburg|Kornwestheim Pbf|Stuttgart-Zuffenhausen|Stuttgart-Feuerbach,8005767,Stuttgart Nord,Baden-Württemberg,Stuttgard-Nord,70174,9.188061449,48.80374161,5,2609101259.0,,2609101302.0,,,,,,,,,,,0.0,1.0
123913387555218089-2609101237-2,7428,2609101240.0,2609101241.0,3.0,,S,S4,Stuttgart Hbf,8005767,Stuttgart Nord,Baden-Württemberg,Stuttgard-Nord,70174,9.188061449,48.80374161,5,2609101241.0,,2609101242.0,,,,,,,,,,,1.0,1.0
-3597008795906279301-2609101154-7,7629,2609101209.0,2609101211.0,4.0,,S,S6,Ditzingen|Weilimdorf|Korntal|Neuwirtshaus(Porscheplatz)|Stuttgart-Zuffenhausen|Stuttgart-Feuerbach,8005767,Stuttgart Nord,Baden-Württemberg,Stuttgard-Nord,70174,9.188061449,48.80374161,5,2609101209.0,,2609101211.0,,h,1.0,Bauarbeiten,,,,,,,0.0,0.0
-4550209179177272275-2609101224-7,7631,2609101239.0,2609101241.0,4.0,,S,S6,Ditzingen|Weilimdorf|Korntal|Neuwirtshaus(Porscheplatz)|Stuttgart-Zuffenhausen|Stuttgart-Feuerbach,8005767,Stuttgart Nord,Baden-Württemberg,Stuttgard-Nord,70174,9.188061449,48.80374161,5,2609101239.0,,2609101241.0,,h,1.0,Bauarbeiten,,,,,,,0.0,0.0
7271107614461082752-2609101137-8,7529,2609101159.0,2609101201.0,4.0,,S,S5,Bietigheim-Bissingen|Tamm(Württ)|Asperg|Ludwigsburg|Kornwestheim Pbf|Stuttgart-Zuffenhausen|Stuttgart-Feuerbach,8005767,Stuttgart Nord,Baden-Württemberg,Stuttgard-Nord,70174,9.188061449,48.80374161,5,2609101159.0,,2609101201.0,,,,,,,,,,,0.0,0.0
-1086892456037719731-2609101217-2,7628,2609101220.0,2609101222.0,3.0,,S,S6,Stuttgart Hbf,8005767,Stuttgart Nord,Baden-Württemberg,Stuttgard-Nord,70174,9.188061449,48.80374161,5,2609101227.0,,2609101227.0,,h,1.0,Bauarbeiten,,,,,,,7.0,5.0
-2837347101663805561-2609101133-13,7429,2609101219.0,2609101221.0,4.0,,S,S4,Backnang|Burgstall(Murr)|Kirchberg(Murr)|Erdmannhausen|Marbach(Neckar)|Benningen(Neckar)|Freiberg(Neckar)|Favoritepark|Ludwigsburg|Kornwestheim Pbf|Stuttgart-Zuffenhausen|Stuttgart-Feuerbach,8005767,Stuttgart Nord,Baden-Württemberg,Stuttgard-Nord,70174,9.188061449,48.80374161,5,2609101225.0,,2609101227.0,,,,,,,,,,,6.0,6.0
-8712801738662028770-2609101247-2,7630,2609101250.0,2609101252.0,3.0,,S,S6,Stuttgart Hbf,8005767,Stuttgart Nord,Baden-Württemberg,Stuttgard-Nord,70174,9.188061449,48.80374161,5,2609101250.0,,2609101252.0,,h,1.0,Bauarbeiten,,,,,,,0.0,0.0
7065870970937401033-2609101250-3,7230,2609101257.0,2609101257.0,4.0,,S,S2,Stuttgart Hbf|Stuttgart-Bad Cannstatt,8004357,Stuttgart Nürnberger Straße,Baden-Württemberg,Stuttgart,70374,9.234576905,48.80656062,5,2609101257.0,,2609101257.0,,h,2.0,Bauarbeiten,,,,,,,0.0,0.0
8851012744564607240-2609101211-10,7331,2609101237.0,2609101238.0,1.0,,S,S3,Backnang|Maubach|Nellmersbach|Winnenden|Schwaikheim|Neustadt-Hohenacker|Waiblingen|Fellbach|Stuttgart-Sommerrain,8004357,Stuttgart Nürnberger Straße,Baden-Württemberg,Stuttgart,70374,9.234576905,48.80656062,5,2609101238.0,,2609101239.0,,,,,,,,,,,1.0,1.0
-7250951253539911335-2609101133-13,7229,2609101202.0,2609101203.0,1.0,,S,S2,Schorndorf|Weiler(Rems)|Winterbach(b Schorndorf)|Geradstetten|Grunbach|Beutelsbach|Endersbach|Stetten-Beinstein|Rommelshausen|Waiblingen|Fellbach|Stuttgart-Sommerrain,8004357,Stuttgart Nürnberger Straße,Baden-Württemberg,Stuttgart,70374,9.234576905,48.80656062,5,2609101211.0,,2609101212.0,,h,2.0,Bauarbeiten,,,,,,,9.0,9.0
-3955134605586594139-2609101141-10,7329,2609101207.0,2609101208.0,1.0,,S,S3,Backnang|Maubach|Nellmersbach|Winnenden|Schwaikheim|Neustadt-Hohenacker|Waiblingen|Fellbach|Stuttgart-Sommerrain,8004357,Stuttgart Nürnberger Straße,Baden-Württemberg,Stuttgart,70374,9.234576905,48.80656062,5,2609101207.0,,2609101208.0,,,,,,,,,,,0.0,0.0
5786472600680484262-2609101242-3,7330,2609101252.0,2609101252.0,4.0,,S,S3,Stuttgart Hbf|Stuttgart-Bad Cannstatt,8004357,Stuttgart Nürnberger Straße,Baden-Württemberg,Stuttgart,70374,9.234576905,48.80656062,5,2609101252.0,,2609101253.0,,,,,,,,,,,0.0,1.0
7638159005670329721-2609101212-3,7328,2609101222.0,2609101222.0,4.0,,S,S3,Stuttgart Hbf|Stuttgart-Bad Cannstatt,8004357,Stuttgart Nürnberger Straße,Baden-Württemberg,Stuttgart,70374,9.234576905,48.80656062,5,2609101224.0,,2609101224.0,,,,,,,,,,,2.0,2.0
-2751722865578801757-2609101220-3,7228,2609101227.0,2609101227.0,4.0,,S,S2,Stuttgart Hbf|Stuttgart-Bad Cannstatt,8004357,Stuttgart Nürnberger Straße,Baden-Württemberg,Stuttgart,70374,9.234576905,48.80656062,5,2609101234.0,,2609101234.0,,h,2.0,Bauarbeiten,,,,,,,7.0,7.0
-2732981563110923380-2609101203-13,7231,2609101232.0,2609101233.0,1.0,,S,S2,Schorndorf|Weiler(Rems)|Winterbach(b Schorndorf)|Geradstetten|Grunbach|Beutelsbach|Endersbach|Stetten-Beinstein|Rommelshausen|Waiblingen|Fellbach|Stuttgart-Sommerrain,8004357,Stuttgart Nürnberger Straße,Baden-Württemberg,Stuttgart,70374,9.234576905,48.80656062,5,2609101232.0,,2609101233.0,,h,2.0,Bauarbeiten,,,,,,,0.0,0.0
-5042970796843621512-2609101157-10,19223,2609101254.0,2609101255.0,8.0,,RE,MEX12,Heilbronn Hbf|Nordheim(Württ)|Lauffen(Neckar)|Kirchheim(Neckar)|Walheim(Württ)|Besigheim|Bietigheim-Bissingen|Ludwigsburg|Stuttgart Hbf,8005769,Stuttgart-Bad Cannstatt,Baden-Württemberg,Stuttgart,70372,9.217468636,48.80127978,3,2609101259.0,5.0,2609101300.0,5.0,h,2.0,Störung,,,,,,,5.0,5.0
4695358664547013286-2609101036-21,19136,2609101211.0,2609101212.0,5.0,,ARV,MEX16,Ulm Hbf|Beimerstetten|Westerstetten|Lonsee|Urspring|Amstetten(Württ)|Geislingen(Steige)|Geislingen(Steige)West|Kuchen|Gingen(Fils)|Süßen|Salach|Eislingen(Fils)|Göppingen|Faurndau|Uhingen|Ebersbach(Fils)|Reichenbach(Fils)|Plochingen|Esslingen(Neckar),8005769,Stuttgart-Bad Cannstatt,Baden-Württemberg,Stuttgart,70372,9.217468636,48.80127978,3,2609101213.0,,2609101218.0,,,,,,,,,,,2.0,6.0
-3860455667623039078-2609101220-2,19467,2609101224.0,2609101225.0,7.0,,ARV,MEX13,Stuttgart Hbf,8005769,Stuttgart-Bad Cannstatt,Baden-Württemberg,Stuttgart,70372,9.217468636,48.80127978,3,2609101237.0,,2609101238.0,,h,2.0,Störung,,,,,,,13.0,13.0
-5040164597006626382-2609101120-14,7129,2609101200.0,2609101201.0,2.0,,S,S1,Kirchheim(Teck)|Kirchheim(Teck)-Ötlingen|Wendlingen(Neckar)|Wernau(Neckar)|Plochingen|Altbach|Esslingen-Zell|Oberesslingen|Esslingen(Neckar)|Esslingen-Mettingen|Stuttgart-Obertürkheim|Stuttgart-Untertürkheim|Stuttgart Neckarpark,8005769,Stuttgart-Bad Cannstatt,Baden-Württemberg,Stuttgart,70372,9.217468636,48.80127978,3,2609101201.0,,2609101201.0,,,,,,,,,,,1.0,0.0
8872306478114488142-2609101247-2,19417,2609101251.0,2609101252.0,7.0,,ARV,MEX13,Stuttgart Hbf,8005769,Stuttgart-Bad Cannstatt,Baden-Württemberg,Stuttgart,70372,9.217468636,48.80127978,3,2609101251.0,,2609101252.0,,h,2.0,Information,,,,,,,0.0,0.0
8539842934523735566-2609101225-2,7130,2609101228.0,2609101229.0,3.0,,S,S1,Stuttgart Hbf,8005769,Stuttgart-Bad Cannstatt,Baden-Württemberg,Stuttgart,70372,9.217468636,48.80127978,3,2609101234.0,,2609101235.0,,,,,,,,,,,6.0,6.0
-1993606386599546493-2609101148-15,19138,2609101247.0,2609101249.0,5.0,,ARV,MEX16,Geislingen(Steige)|Geislingen(Steige)West|Kuchen|Gingen(Fils)|Süßen|Salach|Eislingen(Fils)|Göppingen|Faurndau|Uhingen|Ebersbach(Fils)|Reichenbach(Fils)|Plochingen|Esslingen(Neckar),8005769,Stuttgart-Bad Cannstatt,Baden-Württemberg,Stuttgart,70372,9.217468636,48.80127978,3,2609101249.0,,2609101250.0,,,,,,,,,,,2.0,1.0
7065870970937401033-2609101250-2,7230,2609101254.0,2609101254.0,3.0,,S,S2,Stuttgart Hbf,8005769,Stuttgart-Bad Cannstatt,Baden-Württemberg,Stuttgart,70372,9.217468636,48.80127978,3,2609101254.0,,2609101254.0,,h,2.0,Bauarbeiten,,,,,,,0.0,0.0
-5722273275463151764-2609101204-2,19139,2609101207.0,2609101208.0,8.0,,ARV,MEX16,Stuttgart Hbf,8005769,Stuttgart-Bad Cannstatt,Baden-Württemberg,Stuttgart,70372,9.217468636,48.80127978,3,2609101208.0,4.0,2609101209.0,4.0,,,,,,,,,,1.0,1.0
8851012744564607240-2609101211-11,7331,2609101241.0,2609101243.0,2.0,,S,S3,Backnang|Maubach|Nellmersbach|Winnenden|Schwaikheim|Neustadt-Hohenacker|Waiblingen|Fellbach|Stuttgart-Sommerrain|Stuttgart Nürnberger Str.,8005769,Stuttgart-Bad Cannstatt,Baden-Württemberg,Stuttgart,70372,9.217468636,48.80127978,3,2609101241.0,,2609101243.0,,,,,,,,,,,0.0,0.0
-7250951253539911335-2609101133-14,7229,2609101205.0,2609101206.0,2.0,,S,S2,Schorndorf|Weiler(Rems)|Winterbach(b Schorndorf)|Geradstetten|Grunbach|Beutelsbach|Endersbach|Stetten-Beinstein|Rommelshausen|Waiblingen|Fellbach|Stuttgart-Sommerrain|Stuttgart Nürnberger Str.,8005769,Stuttgart-Bad Cannstatt,Baden-Württemberg,Stuttgart,70372,9.217468636,48.80127978,3,2609101216.0,,2609101217.0,,h,2.0,Bauarbeiten,,,,,,,11.0,11.0
1394235487267718911-2609101242-2,19141,2609101245.0,2609101246.0,8.0,,ARV,MEX16,Stuttgart Hbf,8005769,Stuttgart-Bad Cannstatt,Baden-Württemberg,Stuttgart,70372,9.217468636,48.80127978,3,2609101248.0,4.0,2609101248.0,4.0,,,,,,,,,,3.0,2.0
-6655774160168480161-2609101255-2,7132,2609101258.0,2609101259.0,3.0,,S,S1,Stuttgart Hbf,8005769,Stuttgart-Bad Cannstatt,Baden-Württemberg,Stuttgart,70372,9.217468636,48.80127978,3,2609101258.0,,2609101259.0,,,,,,,,,,,0.0,0.0
-3955134605586594139-2609101141-11,7329,2609101211.0,2609101213.0,2.0,,S,S3,Backnang|Maubach|Nellmersbach|Winnenden|Schwaikheim|Neustadt-Hohenacker|Waiblingen|Fellbach|Stuttgart-Sommerrain|Stuttgart Nürnberger Str.,8005769,Stuttgart-Bad Cannstatt,Baden-Württemberg,Stuttgart,70372,9.217468636,48.80127978,3,2609101211.0,,2609101213.0,,,,,,,,,,,0.0,0.0
5786472600680484262-2609101242-2,7330,2609101246.0,2609101249.0,3.0,,S,S3,Stuttgart Hbf,8005769,Stuttgart-Bad Cannstatt,Baden-Württemberg,Stuttgart,70372,9.217468636,48.80127978,3,2609101246.0,,2609101249.0,,,,,,,,,,,0.0,0.0
-2690453283388249865-2609101107-11,19418,2609101205.0,2609101205.0,6.0,,ARV,MEX13,Aalen Hbf|Mögglingen(Gmünd)|Böbingen(Rems)|Schwäbisch Gmünd|Lorch(Württ)|Waldhausen(b Schorndorf)|Plüderhausen|Urbach(b Schorndorf)|Schorndorf|Waiblingen,8005769,Stuttgart-Bad Cannstatt,Baden-Württemberg,Stuttgart,70372,9.217468636,48.80127978,3,2609101215.0,,2609101222.0,,h,2.0,Information,,,,,,,10.0,17.0
-2497004780648081166-2609101116-9,19228,2609101202.0,2609101202.0,5.0,,RE,MEX12,Reutlingen Hbf|Metzingen(Württ)|Bempflingen|Nürtingen|Oberboihingen|Wendlingen(Neckar)|Plochingen|Esslingen(Neckar),8005769,Stuttgart-Bad Cannstatt,Baden-Württemberg,Stuttgart,70372,9.217468636,48.80127978,3,2609101213.0,1.0,2609101216.0,1.0,h,2.0,Störung,,,,,,,11.0,14.0
7732802453043643664-2609101111-17,19468,2609101235.0,2609101235.0,6.0,,ARV,MEX13,Ellwangen|Schrezheim|Schwabsberg|Goldshöfe|Hofen(b Aalen)|Wasseralfingen|Aalen Hbf|Mögglingen(Gmünd)|Böbingen(Rems)|Schwäbisch Gmünd|Lorch(Württ)|Waldhausen(b Schorndorf)|Plüderhausen|Urbach(b Schorndorf)|Schorndorf|Waiblingen,8005769,Stuttgart-Bad Cannstatt,Baden-Württemberg,Stuttgart,70372,9.217468636,48.80127978,3,2609101235.0,,2609101236.0,,h,2.0,Information,,,,,,,0.0,1.0
7638159005670329721-2609101212-2,7328,2609101216.0,2609101219.0,3.0,,S,S3,Stuttgart Hbf,8005769,Stuttgart-Bad Cannstatt,Baden-Württemberg,Stuttgart,70372,9.217468636,48.80127978,3,2609101221.0,,2609101221.0,,,,,,,,,,,5.0,2.0
-2751722865578801757-2609101220-2,7228,2609101224.0,2609101224.0,3.0,,S,S2,Stuttgart Hbf,8005769,Stuttgart-Bad Cannstatt,Baden-Württemberg,Stuttgart,70372,9.217468636,48.80127978,3,2609101231.0,,2609101231.0,,h,2.0,Bauarbeiten,,,,,,,7.0,7.0
4736637014602700336-2609101150-14,7131,2609101230.0,2609101231.0,2.0,,S,S1,Kirchheim(Teck)|Kirchheim(Teck)-Ötlingen|Wendlingen(Neckar)|Wernau(Neckar)|Plochingen|Altbach|Esslingen-Zell|Oberesslingen|Esslingen(Neckar)|Esslingen-Mettingen|Stuttgart-Obertürkheim|Stuttgart-Untertürkheim|Stuttgart Neckarpark,8005769,Stuttgart-Bad Cannstatt,Baden-Württemberg,Stuttgart,70372,9.217468636,48.80127978,3,2609101230.0,,2609101231.0,,,,,,,,,,,0.0,0.0
-2732981563110923380-2609101203-14,7231,2609101235.0,2609101236.0,2.0,,S,S2,Schorndorf|Weiler(Rems)|Winterbach(b Schorndorf)|Geradstetten|Grunbach|Beutelsbach|Endersbach|Stetten-Beinstein|Rommelshausen|Waiblingen|Fellbach|Stuttgart-Sommerrain|Stuttgart Nürnberger Str.,8005769,Stuttgart-Bad Cannstatt,Baden-Württemberg,Stuttgart,70372,9.217468636,48.80127978,3,2609101236.0,,2609101236.0,,h,2.0,Bauarbeiten,,,,,,,1.0,0.0
-3901454027336800522-2609101203-12,7431,2609101246.0,2609101247.0,1.0,,S,S4,Backnang|Burgstall(Murr)|Kirchberg(Murr)|Erdmannhausen|Marbach(Neckar)|Benningen(Neckar)|Freiberg(Neckar)|Favoritepark|Ludwigsburg|Kornwestheim Pbf|Stuttgart-Zuffenhausen,8005770,Stuttgart-Feuerbach,Baden-Württemberg,Feuerbach,70469,9.169186287,48.81363554,3,2609101247.0,,2609101247.0,,,,,,,,,,,1.0,0.0
2930744972942057808-2609101207-7,7531,2609101226.0,2609101226.0,1.0,,S,S5,Bietigheim-Bissingen|Tamm(Württ)|Asperg|Ludwigsburg|Kornwestheim Pbf|Stuttgart-Zuffenhausen,8005770,Stuttgart-Feuerbach,Baden-Württemberg,Feuerbach,70469,9.169186287,48.81363554,3,2609101226.0,,2609101227.0,,,,,,,,,,,0.0,1.0
-7298917680991319195-2609101207-3,7426,2609101213.0,2609101214.0,2.0,,S,S4,Stuttgart Hbf|Stuttgart Nordbahnhof,8005770,Stuttgart-Feuerbach,Baden-Württemberg,Feuerbach,70469,9.169186287,48.81363554,3,2609101214.0,,2609101214.0,,,,,,,,,,,1.0,0.0
1567608631073913309-2609101227-3,7530,2609101233.0,2609101234.0,2.0,,S,S5,Stuttgart Hbf|Stuttgart Nordbahnhof,8005770,Stuttgart-Feuerbach,Baden-Württemberg,Feuerbach,70469,9.169186287,48.81363554,3,2609101237.0,,2609101237.0,,,,,,,,,,,4.0,3.0
-4867022663021090956-2609101157-3,7528,2609101203.0,2609101204.0,2.0,,S,S5,Stuttgart Hbf|Stuttgart Nordbahnhof,8005770,Stuttgart-Feuerbach,Baden-Württemberg,Feuerbach,70469,9.169186287,48.81363554,3,2609101203.0,,2609101204.0,,,,,,,,,,,0.0,0.0
-144422822861230009-2609101237-7,7533,2609101256.0,2609101256.0,1.0,,S,S5,Bietigheim-Bissingen|Tamm(Württ)|Asperg|Ludwigsburg|Kornwestheim Pbf|Stuttgart-Zuffenhausen,8005770,Stuttgart-Feuerbach,Baden-Württemberg,Feuerbach,70469,9.169186287,48.81363554,3,2609101256.0,,2609101257.0,,,,,,,,,,,0.0,1.0
123913387555218089-2609101237-3,7428,2609101243.0,2609101244.0,2.0,,S,S4,Stuttgart Hbf|Stuttgart Nordbahnhof,8005770,Stuttgart-Feuerbach,Baden-Württemberg,Feuerbach,70469,9.169186287,48.81363554,3,2609101244.0,,2609101244.0,,,,,,,,,,,1.0,0.0
-3597008795906279301-2609101154-6,7629,2609101206.0,2609101206.0,1.0,,S,S6,Ditzingen|Weilimdorf|Korntal|Neuwirtshaus(Porscheplatz)|Stuttgart-Zuffenhausen,8005770,Stuttgart-Feuerbach,Baden-Württemberg,Feuerbach,70469,9.169186287,48.81363554,3,2609101206.0,,2609101206.0,,h,1.0,Bauarbeiten,,,,,,,0.0,0.0
-4550209179177272275-2609101224-6,7631,2609101236.0,2609101236.0,1.0,,S,S6,Ditzingen|Weilimdorf|Korntal|Neuwirtshaus(Porscheplatz)|Stuttgart-Zuffenhausen,8005770,Stuttgart-Feuerbach,Baden-Württemberg,Feuerbach,70469,9.169186287,48.81363554,3,2609101236.0,,2609101236.0,,h,1.0,Bauarbeiten,,,,,,,0.0,0.0
-1086892456037719731-2609101217-3,7628,2609101224.0,2609101224.0,2.0,,S,S6,Stuttgart Hbf|Stuttgart Nordbahnhof,8005770,Stuttgart-Feuerbach,Baden-Württemberg,Feuerbach,70469,9.169186287,48.81363554,3,2609101229.0,,2609101230.0,,h,1.0,Bauarbeiten,,,,,,,5.0,6.0
-2837347101663805561-2609101133-12,7429,2609101216.0,2609101217.0,1.0,,S,S4,Backnang|Burgstall(Murr)|Kirchberg(Murr)|Erdmannhausen|Marbach(Neckar)|Benningen(Neckar)|Freiberg(Neckar)|Favoritepark|Ludwigsburg|Kornwestheim Pbf|Stuttgart-Zuffenhausen,8005770,Stuttgart-Feuerbach,Baden-Württemberg,Feuerbach,70469,9.169186287,48.81363554,3,2609101223.0,,2609101224.0,,,,,,,,,,,7.0,7.0
-8712801738662028770-2609101247-3,7630,2609101254.0,2609101254.0,2.0,,S,S6,Stuttgart Hbf|Stuttgart Nordbahnhof,8005770,Stuttgart-Feuerbach,Baden-Württemberg,Feuerbach,70469,9.169186287,48.81363554,3,2609101254.0,,2609101254.0,,h,1.0,Bauarbeiten,,,,,,,0.0,0.0
-513768940106917907-2609101155-5,7128,2609101207.0,2609101207.0,6.0,,S,S1,Stuttgart Hbf|Stuttgart-Bad Cannstatt|Stuttgart Neckarpark|Stuttgart-Untertürkheim,8005772,Stuttgart-Obertürkheim,Baden-Württemberg,Stuttgart,70329,9.268167932,48.76175015,4,2609101207.0,,2609101208.0,,,,,,,,,,,0.0,1.0
8539842934523735566-2609101225-5,7130,2609101237.0,2609101237.0,6.0,,S,S1,Stuttgart Hbf|Stuttgart-Bad Cannstatt|Stuttgart Neckarpark|Stuttgart-Untertürkheim,8005772,Stuttgart-Obertürkheim,Baden-Württemberg,Stuttgart,70329,9.268167932,48.76175015,4,2609101241.0,,2609101242.0,,,,,,,,,,,4.0,5.0
-6319936848544854600-2609101220-11,7133,2609101252.0,2609101252.0,5.0,,S,S1,Kirchheim(Teck)|Kirchheim(Teck)-Ötlingen|Wendlingen(Neckar)|Wernau(Neckar)|Plochingen|Altbach|Esslingen-Zell|Oberesslingen|Esslingen(Neckar)|Esslingen-Mettingen,8005772,Stuttgart-Obertürkheim,Baden-Württemberg,Stuttgart,70329,9.268167932,48.76175015,4,2609101252.0,,2609101253.0,,,,,,,,,,,0.0,1.0
4736637014602700336-2609101150-11,7131,2609101222.0,2609101222.0,5.0,,S,S1,Kirchheim(Teck)|Kirchheim(Teck)-Ötlingen|Wendlingen(Neckar)|Wernau(Neckar)|Plochingen|Altbach|Esslingen-Zell|Oberesslingen|Esslingen(Neckar)|Esslingen-Mettingen,8005772,Stuttgart-Obertürkheim,Baden-Württemberg,Stuttgart,70329,9.268167932,48.76175015,4,2609101222.0,,2609101222.0,,,,,,,,,,,0.0,0.0
-4529562227569715510-2609101216-2,7729,2609101217.0,2609101223.0,2.0,,S,S1,Stuttgart-Vaihingen,8005773,Stuttgart-Rohr,Baden-Württemberg,Stuttgart,70565,9.108158025,48.71799427,4,2609101218.0,,2609101223.0,,,,,,,,,,,1.0,0.0
2445452608426707839-2609101216-8,7732,2609101237.0,2609101238.0,3.0,,S,S1,Herrenberg|Nufringen|Gärtringen|Ehningen(b Böblingen)|Hulb|Böblingen|Goldberg(Württ),8005773,Stuttgart-Rohr,Baden-Württemberg,Stuttgart,70565,9.108158025,48.71799427,4,2609101239.0,,2609101240.0,,,,,,,,,,,2.0,2.0
1366968872886553177-2609101235-2,7931,2609101236.0,2609101242.0,2.0,,S,S2,Stuttgart-Vaihingen,8005773,Stuttgart-Rohr,Baden-Württemberg,Stuttgart,70565,9.108158025,48.71799427,4,2609101237.0,,2609101242.0,,,,,,,,,,,1.0,0.0
41668567353075799-2609101146-8,7730,2609101207.0,2609101208.0,3.0,,S,S1,Herrenberg|Nufringen|Gärtringen|Ehningen(b Böblingen)|Hulb|Böblingen|Goldberg(Württ),8005773,Stuttgart-Rohr,Baden-Württemberg,Stuttgart,70565,9.108158025,48.71799427,4,2609101209.0,,2609101210.0,,,,,,,,,,,2.0,2.0
4532240052029758882-2609101203-6,7928,2609101218.0,2609101219.0,3.0,,S,S2,Filderstadt|Stuttgart Flughafen/Messe|Echterdingen|Leinfelden|Oberaichen,8005773,Stuttgart-Rohr,Baden-Württemberg,Stuttgart,70565,9.108158025,48.71799427,4,2609101218.0,,2609101219.0,,,,,,,,,,,0.0,0.0
8432673047054651256-2609101233-6,7930,2609101248.0,2609101249.0,3.0,,S,S2,Filderstadt|Stuttgart Flughafen/Messe|Echterdingen|Leinfelden|Oberaichen,8005773,Stuttgart-Rohr,Baden-Württemberg,Stuttgart,70565,9.108158025,48.71799427,4,2609101248.0,,2609101249.0,,,,,,,,,,,0.0,0.0
1327633295860803337-2609101205-2,7929,2609101206.0,2609101212.0,2.0,,S,S2,Stuttgart-Vaihingen,8005773,Stuttgart-Rohr,Baden-Württemberg,Stuttgart,70565,9.108158025,48.71799427,4,2609101206.0,,2609101212.0,,,,,,,,,,,0.0,0.0
-6009105177500370961-2609101246-2,7731,2609101247.0,2609101253.0,2.0,,S,S1,Stuttgart-Vaihingen,8005773,Stuttgart-Rohr,Baden-Württemberg,Stuttgart,70565,9.108158025,48.71799427,4,2609101247.0,,2609101253.0,,,,,,,,,,,0.0,0.0
7065870970937401033-2609101250-4,7230,2609101259.0,2609101259.0,4.0,,S,S2,Stuttgart Hbf|Stuttgart-Bad Cannstatt|Stuttgart Nürnberger Str.,8005774,Stuttgart-Sommerrain,Baden-Württemberg,Stuttgart,70374,9.248369749,48.81521824,5,2609101259.0,,2609101259.0,,h,2.0,Bauarbeiten,,,,,,,0.0,0.0
8851012744564607240-2609101211-9,7331,2609101235.0,2609101235.0,1.0,,S,S3,Backnang|Maubach|Nellmersbach|Winnenden|Schwaikheim|Neustadt-Hohenacker|Waiblingen|Fellbach,8005774,Stuttgart-Sommerrain,Baden-Württemberg,Stuttgart,70374,9.248369749,48.81521824,5,2609101236.0,,2609101236.0,,,,,,,,,,,1.0,1.0
-7250951253539911335-2609101133-12,7229,2609101200.0,2609101200.0,1.0,,S,S2,Schorndorf|Weiler(Rems)|Winterbach(b Schorndorf)|Geradstetten|Grunbach|Beutelsbach|Endersbach|Stetten-Beinstein|Rommelshausen|Waiblingen|Fellbach,8005774,Stuttgart-Sommerrain,Baden-Württemberg,Stuttgart,70374,9.248369749,48.81521824,5,2609101209.0,,2609101210.0,,h,2.0,Bauarbeiten,,,,,,,9.0,10.0
-3955134605586594139-2609101141-9,7329,2609101205.0,2609101205.0,1.0,,S,S3,Backnang|Maubach|Nellmersbach|Winnenden|Schwaikheim|Neustadt-Hohenacker|Waiblingen|Fellbach,8005774,Stuttgart-Sommerrain,Baden-Württemberg,Stuttgart,70374,9.248369749,48.81521824,5,2609101205.0,,2609101205.0,,,,,,,,,,,0.0,0.0
5786472600680484262-2609101242-4,7330,2609101254.0,2609101254.0,4.0,,S,S3,Stuttgart Hbf|Stuttgart-Bad Cannstatt|Stuttgart Nürnberger Str.,8005774,Stuttgart-Sommerrain,Baden-Württemberg,Stuttgart,70374,9.248369749,48.81521824,5,2609101254.0,,2609101255.0,,,,,,,,,,,0.0,1.0
7638159005670329721-2609101212-4,7328,2609101224.0,2609101224.0,4.0,,S,S3,Stuttgart Hbf|Stuttgart-Bad Cannstatt|Stuttgart Nürnberger Str.,8005774,Stuttgart-Sommerrain,Baden-Württemberg,Stuttgart,70374,9.248369749,48.81521824,5,2609101226.0,,2609101226.0,,,,,,,,,,,2.0,2.0
-2751722865578801757-2609101220-4,7228,2609101229.0,2609101229.0,4.0,,S,S2,Stuttgart Hbf|Stuttgart-Bad Cannstatt|Stuttgart Nürnberger Str.,8005774,Stuttgart-Sommerrain,Baden-Württemberg,Stuttgart,70374,9.248369749,48.81521824,5,2609101236.0,,2609101236.0,,h,2.0,Bauarbeiten,,,,,,,7.0,7.0
-2732981563110923380-2609101203-12,7231,2609101230.0,2609101230.0,1.0,,S,S2,Schorndorf|Weiler(Rems)|Winterbach(b Schorndorf)|Geradstetten|Grunbach|Beutelsbach|Endersbach|Stetten-Beinstein|Rommelshausen|Waiblingen|Fellbach,8005774,Stuttgart-Sommerrain,Baden-Württemberg,Stuttgart,70374,9.248369749,48.81521824,5,2609101230.0,,2609101231.0,,h,2.0,Bauarbeiten,,,,,,,0.0,1.0
-513768940106917907-2609101155-4,7128,2609101204.0,2609101204.0,6.0,,S,S1,Stuttgart Hbf|Stuttgart-Bad Cannstatt|Stuttgart Neckarpark,8005775,Stuttgart-Untertürkheim Pbf,Baden-Württemberg,Stuttgart,70327,9.250467074,48.77984679,3,2609101204.0,,2609101205.0,,,,,,,,,,,0.0,1.0
8539842934523735566-2609101225-4,7130,2609101234.0,2609101234.0,6.0,,S,S1,Stuttgart Hbf|Stuttgart-Bad Cannstatt|Stuttgart Neckarpark,8005775,Stuttgart-Untertürkheim Pbf,Baden-Württemberg,Stuttgart,70327,9.250467074,48.77984679,3,2609101239.0,,2609101239.0,,,,,,,,,,,5.0,5.0
-6319936848544854600-2609101220-12,7133,2609101255.0,2609101255.0,5.0,,S,S1,Kirchheim(Teck)|Kirchheim(Teck)-Ötlingen|Wendlingen(Neckar)|Wernau(Neckar)|Plochingen|Altbach|Esslingen-Zell|Oberesslingen|Esslingen(Neckar)|Esslingen-Mettingen|Stuttgart-Obertürkheim,8005775,Stuttgart-Untertürkheim Pbf,Baden-Württemberg,Stuttgart,70327,9.250467074,48.77984679,3,2609101255.0,,2609101256.0,,,,,,,,,,,0.0,1.0
4736637014602700336-2609101150-12,7131,2609101225.0,2609101225.0,5.0,,S,S1,Kirchheim(Teck)|Kirchheim(Teck)-Ötlingen|Wendlingen(Neckar)|Wernau(Neckar)|Plochingen|Altbach|Esslingen-Zell|Oberesslingen|Esslingen(Neckar)|Esslingen-Mettingen|Stuttgart-Obertürkheim,8005775,Stuttgart-Untertürkheim Pbf,Baden-Württemberg,Stuttgart,70327,9.250467074,48.77984679,3,2609101225.0,,2609101225.0,,,,,,,,,,,0.0,0.0
-4529562227569715510-2609101216-1,7729,,2609101216.0,,,S,S1,,8005776,Stuttgart-Vaihingen,Baden-Württemberg,Stuttgart,70563,9.113913368,48.72698116,3,,,2609101216.0,,,,,,,,,,,0.0,0.0
2445452608426707839-2609101216-9,7732,2609101240.0,,3.0,,S,,Herrenberg|Nufringen|Gärtringen|Ehningen(b Böblingen)|Hulb|Böblingen|Goldberg(Württ)|Stuttgart-Rohr,8005776,Stuttgart-Vaihingen,Baden-Württemberg,Stuttgart,70563,9.113913368,48.72698116,3,2609101241.0,,,,,,,,,,,,,1.0,0.0
1366968872886553177-2609101235-1,7931,,2609101235.0,,,S,S2,,8005776,Stuttgart-Vaihingen,Baden-Württemberg,Stuttgart,70563,9.113913368,48.72698116,3,,,2609101236.0,,,,,,,,,,,0.0,1.0
41668567353075799-2609101146-9,7730,2609101210.0,,3.0,,S,,Herrenberg|Nufringen|Gärtringen|Ehningen(b Böblingen)|Hulb|Böblingen|Goldberg(Württ)|Stuttgart-Rohr,8005776,Stuttgart-Vaihingen,Baden-Württemberg,Stuttgart,70563,9.113913368,48.72698116,3,2609101211.0,,,,,,,,,,,,,1.0,0.0
6836109522047011990-2609101233-2,28480,2609101241.0,2609101241.0,4.0,,RE,RESB,Böblingen,8005776,Stuttgart-Vaihingen,Baden-Württemberg,Stuttgart,70563,9.113913368,48.72698116,3,2609101252.0,,2609101244.0,6.0,,,,,,,,c,,11.0,3.0
4532240052029758882-2609101203-7,7928,2609101220.0,,2.0,,S,,Filderstadt|Stuttgart Flughafen/Messe|Echterdingen|Leinfelden|Oberaichen|Stuttgart-Rohr,8005776,Stuttgart-Vaihingen,Baden-Württemberg,Stuttgart,70563,9.113913368,48.72698116,3,2609101220.0,,,,,,,,,,,,,0.0,0.0
2137668365447796022-2609101203-2,28481,2609101218.0,2609101218.0,4.0,,RE,RESB,Stuttgart Hbf,8005776,Stuttgart-Vaihingen,Baden-Württemberg,Stuttgart,70563,9.113913368,48.72698116,3,2609101240.0,6.0,2609101232.0,,,,,,,,,,c,22.0,14.0
8432673047054651256-2609101233-7,7930,2609101250.0,,2.0,,S,,Filderstadt|Stuttgart Flughafen/Messe|Echterdingen|Leinfelden|Oberaichen|Stuttgart-Rohr,8005776,Stuttgart-Vaihingen,Baden-Württemberg,Stuttgart,70563,9.113913368,48.72698116,3,2609101250.0,,,,,,,,,,,,,0.0,0.0
1327633295860803337-2609101205-1,7929,,2609101205.0,,,S,S2,,8005776,Stuttgart-Vaihingen,Baden-Württemberg,Stuttgart,70563,9.113913368,48.72698116,3,,,2609101205.0,,,,,,,,,,,0.0,0.0
-567364517811325165-2609101217-2,17637,2609101231.0,2609101231.0,1.0,,RE,RE14b,Stuttgart Hbf,8005776,Stuttgart-Vaihingen,Baden-Württemberg,Stuttgart,70563,9.113913368,48.72698116,3,2609101233.0,,2609101235.0,,,,,,,,,,,2.0,4.0
4286078100246831779-2609101217-2,17639,2609101231.0,2609101231.0,1.0,,RE,RE14a,Stuttgart Hbf,8005776,Stuttgart-Vaihingen,Baden-Württemberg,Stuttgart,70563,9.113913368,48.72698116,3,2609101233.0,,2609101235.0,,,,,,,,,,,2.0,4.0
-6009105177500370961-2609101246-1,7731,,2609101246.0,,,S,S1,,8005776,Stuttgart-Vaihingen,Baden-Württemberg,Stuttgart,70563,9.113913368,48.72698116,3,,,2609101246.0,,,,,,,,,,,0.0,0.0
-7310699039855167706-2609101254-2,7633,2609101256.0,2609101256.0,2.0,,S,S6,Ditzingen,8006268,Stuttgart-Weilimdorf,Baden-Württemberg,Stuttgart,70499,9.094370086,48.82208429,5,2609101257.0,,2609101258.0,,h,1.0,Bauarbeiten,,,,,,,1.0,2.0
8203649348842138698-2609101147-7,7626,2609101203.0,2609101204.0,1.0,,S,S6,Stuttgart Hbf|Stuttgart Nordbahnhof|Stuttgart-Feuerbach|Stuttgart-Zuffenhausen|Neuwirtshaus(Porscheplatz)|Korntal,8006268,Stuttgart-Weilimdorf,Baden-Württemberg,Stuttgart,70499,9.094370086,48.82208429,5,2609101203.0,,2609101204.0,,h,1.0,Bauarbeiten,,,,,,,0.0,0.0
-4550209179177272275-2609101224-2,7631,2609101226.0,2609101226.0,2.0,,S,S6,Ditzingen,8006268,Stuttgart-Weilimdorf,Baden-Württemberg,Stuttgart,70499,9.094370086,48.82208429,5,2609101226.0,,2609101226.0,,h,1.0,Bauarbeiten,,,,,,,0.0,0.0
-1086892456037719731-2609101217-7,7628,2609101233.0,2609101234.0,1.0,,S,S6,Stuttgart Hbf|Stuttgart Nordbahnhof|Stuttgart-Feuerbach|Stuttgart-Zuffenhausen|Neuwirtshaus(Porscheplatz)|Korntal,8006268,Stuttgart-Weilimdorf,Baden-Württemberg,Stuttgart,70499,9.094370086,48.82208429,5,2609101240.0,,2609101242.0,,h,1.0,Bauarbeiten,,,,,,,7.0,8.0
-3901454027336800522-2609101203-11,7431,2609101243.0,2609101244.0,2.0,,S,S4,Backnang|Burgstall(Murr)|Kirchberg(Murr)|Erdmannhausen|Marbach(Neckar)|Benningen(Neckar)|Freiberg(Neckar)|Favoritepark|Ludwigsburg|Kornwestheim Pbf,8005778,Stuttgart-Zuffenhausen,Baden-Württemberg,Stuttgart,70435,9.167156375,48.82960884,3,2609101244.0,,2609101245.0,,,,,,,,,,,1.0,1.0
2930744972942057808-2609101207-6,7531,2609101223.0,2609101224.0,2.0,,S,S5,Bietigheim-Bissingen|Tamm(Württ)|Asperg|Ludwigsburg|Kornwestheim Pbf,8005778,Stuttgart-Zuffenhausen,Baden-Württemberg,Stuttgart,70435,9.167156375,48.82960884,3,2609101224.0,,2609101225.0,,,,,,,,,,,1.0,1.0
-7298917680991319195-2609101207-4,7426,2609101216.0,2609101217.0,4.0,,S,S4,Stuttgart Hbf|Stuttgart Nordbahnhof|Stuttgart-Feuerbach,8005778,Stuttgart-Zuffenhausen,Baden-Württemberg,Stuttgart,70435,9.167156375,48.82960884,3,2609101216.0,,2609101218.0,,,,,,,,,,,0.0,1.0
1567608631073913309-2609101227-4,7530,2609101236.0,2609101237.0,4.0,,S,S5,Stuttgart Hbf|Stuttgart Nordbahnhof|Stuttgart-Feuerbach,8005778,Stuttgart-Zuffenhausen,Baden-Württemberg,Stuttgart,70435,9.167156375,48.82960884,3,2609101239.0,,2609101240.0,,,,,,,,,,,3.0,3.0
-4867022663021090956-2609101157-4,7528,2609101206.0,2609101207.0,4.0,,S,S5,Stuttgart Hbf|Stuttgart Nordbahnhof|Stuttgart-Feuerbach,8005778,Stuttgart-Zuffenhausen,Baden-Württemberg,Stuttgart,70435,9.167156375,48.82960884,3,2609101206.0,,2609101207.0,,,,,,,,,,,0.0,0.0
-144422822861230009-2609101237-6,7533,2609101253.0,2609101254.0,2.0,,S,S5,Bietigheim-Bissingen|Tamm(Württ)|Asperg|Ludwigsburg|Kornwestheim Pbf,8005778,Stuttgart-Zuffenhausen,Baden-Württemberg,Stuttgart,70435,9.167156375,48.82960884,3,2609101253.0,,2609101254.0,,,,,,,,,,,0.0,0.0
123913387555218089-2609101237-4,7428,2609101246.0,2609101247.0,4.0,,S,S4,Stuttgart Hbf|Stuttgart Nordbahnhof|Stuttgart-Feuerbach,8005778,Stuttgart-Zuffenhausen,Baden-Württemberg,Stuttgart,70435,9.167156375,48.82960884,3,2609101246.0,,2609101247.0,,,,,,,,,,,0.0,0.0
-3597008795906279301-2609101154-5,7629,2609101203.0,2609101204.0,12.0,,S,S6,Ditzingen|Weilimdorf|Korntal|Neuwirtshaus(Porscheplatz),8005778,Stuttgart-Zuffenhausen,Baden-Württemberg,Stuttgart,70435,9.167156375,48.82960884,3,2609101203.0,,2609101204.0,,h,1.0,Bauarbeiten,,,,,,,0.0,0.0
-4550209179177272275-2609101224-5,7631,2609101233.0,2609101234.0,12.0,,S,S6,Ditzingen|Weilimdorf|Korntal|Neuwirtshaus(Porscheplatz),8005778,Stuttgart-Zuffenhausen,Baden-Württemberg,Stuttgart,70435,9.167156375,48.82960884,3,2609101233.0,,2609101234.0,,h,1.0,Bauarbeiten,,,,,,,0.0,0.0
-1086892456037719731-2609101217-4,7628,2609101226.0,2609101227.0,11.0,,S,S6,Stuttgart Hbf|Stuttgart Nordbahnhof|Stuttgart-Feuerbach,8005778,Stuttgart-Zuffenhausen,Baden-Württemberg,Stuttgart,70435,9.167156375,48.82960884,3,2609101231.0,,2609101232.0,,h,1.0,Bauarbeiten,,,,,,,5.0,5.0
-2837347101663805561-2609101133-11,7429,2609101213.0,2609101214.0,2.0,,S,S4,Backnang|Burgstall(Murr)|Kirchberg(Murr)|Erdmannhausen|Marbach(Neckar)|Benningen(Neckar)|Freiberg(Neckar)|Favoritepark|Ludwigsburg|Kornwestheim Pbf,8005778,Stuttgart-Zuffenhausen,Baden-Württemberg,Stuttgart,70435,9.167156375,48.82960884,3,2609101220.0,,2609101221.0,,,,,,,,,,,7.0,7.0
-8712801738662028770-2609101247-4,7630,2609101256.0,2609101257.0,11.0,,S,S6,Stuttgart Hbf|Stuttgart Nordbahnhof|Stuttgart-Feuerbach,8005778,Stuttgart-Zuffenhausen,Baden-Württemberg,Stuttgart,70435,9.167156375,48.82960884,3,2609101256.0,,2609101257.0,,h,1.0,Bauarbeiten,,,,,,,0.0,0.0
2930744972942057808-2609101207-2,7531,2609101210.0,2609101210.0,2.0,,S,S5,Bietigheim-Bissingen,8005820,Tamm (Württ),Baden-Württemberg,Tamm,71732,9.125288012,48.92187736,4,2609101210.0,,2609101211.0,,,,,,,,,,,0.0,1.0
1567608631073913309-2609101227-8,7530,2609101250.0,2609101250.0,3.0,,S,S5,Stuttgart Hbf|Stuttgart Nordbahnhof|Stuttgart-Feuerbach|Stuttgart-Zuffenhausen|Kornwestheim Pbf|Ludwigsburg|Asperg,8005820,Tamm (Württ),Baden-Württemberg,Tamm,71732,9.125288012,48.92187736,4,2609101252.0,,2609101252.0,,,,,,,,,,,2.0,2.0
-4867022663021090956-2609101157-8,7528,2609101220.0,2609101220.0,3.0,,S,S5,Stuttgart Hbf|Stuttgart Nordbahnhof|Stuttgart-Feuerbach|Stuttgart-Zuffenhausen|Kornwestheim Pbf|Ludwigsburg|Asperg,8005820,Tamm (Württ),Baden-Württemberg,Tamm,71732,9.125288012,48.92187736,4,2609101221.0,,2609101221.0,,,,,,,,,,,1.0,1.0
-144422822861230009-2609101237-2,7533,2609101240.0,2609101240.0,2.0,,S,S5,Bietigheim-Bissingen,8005820,Tamm (Württ),Baden-Württemberg,Tamm,71732,9.125288012,48.92187736,4,2609101240.0,,2609101240.0,,,,,,,,,,,0.0,0.0
-3860455667623039078-2609101220-3,19467,2609101232.0,2609101232.0,6.0,,ARV,MEX13,Stuttgart Hbf|Stuttgart-Bad Cannstatt,8000180,Waiblingen,Baden-Württemberg,Waiblingen,71332,9.300476874,48.8262444,3,2609101244.0,,2609101245.0,,h,2.0,Störung,,,,,,,12.0,13.0
9036342965798539047-2609101142-6,7326,2609101159.0,2609101200.0,3.0,,S,S3,Stuttgart Hbf|Stuttgart-Bad Cannstatt|Stuttgart Nürnberger Str.|Stuttgart-Sommerrain|Fellbach,8000180,Waiblingen,Baden-Württemberg,Waiblingen,71332,9.300476874,48.8262444,3,2609101159.0,,2609101200.0,,,,,,,,,,,0.0,0.0
4152739802628459938-2609101155-3,17525,2609101206.0,2609101207.0,3.0,,RE,MEX90,Stuttgart Hbf|Stuttgart-Bad Cannstatt,8000180,Waiblingen,Baden-Württemberg,Waiblingen,71332,9.300476874,48.8262444,3,2609101207.0,,2609101208.0,,h,2.0,Störung,,,,,,,1.0,1.0
3177327826888597271-2609101233-10,7233,2609101254.0,2609101255.0,5.0,,S,S2,Schorndorf|Weiler(Rems)|Winterbach(b Schorndorf)|Geradstetten|Grunbach|Beutelsbach|Endersbach|Stetten-Beinstein|Rommelshausen,8000180,Waiblingen,Baden-Württemberg,Waiblingen,71332,9.300476874,48.8262444,3,2609101255.0,,2609101255.0,,h,2.0,Bauarbeiten,,,,,,,1.0,0.0
-7749775710427008689-2609101038-18,88614,2609101251.0,2609101252.0,1.0,,ARV,RE90,Nürnberg Hbf|Roßtal|Heilsbronn|Wicklesgreuth|Ansbach|Leutershausen-Wiedersbach|Dombühl|Schnelldorf|Crailsheim|Eckartshausen-Ilshofen|Schwäbisch Hall-Hessental|Gaildorf West|Murrhardt|Sulzbach(Murr)|Oppenweiler(Württ)|Backnang|Winnenden,8000180,Waiblingen,Baden-Württemberg,Waiblingen,71332,9.300476874,48.8262444,3,2609101307.0,,2609101308.0,,,,,,,,,,,16.0,16.0
8851012744564607240-2609101211-7,7331,2609101229.0,2609101230.0,1.0,,S,S3,Backnang|Maubach|Nellmersbach|Winnenden|Schwaikheim|Neustadt-Hohenacker,8000180,Waiblingen,Baden-Württemberg,Waiblingen,71332,9.300476874,48.8262444,3,2609101230.0,,2609101231.0,,,,,,,,,,,1.0,1.0
-1383251403817765975-2609101149-3,19415,2609101202.0,2609101202.0,6.0,,ARV,MEX13,Stuttgart Hbf|Stuttgart-Bad Cannstatt,8000180,Waiblingen,Baden-Württemberg,Waiblingen,71332,9.300476874,48.8262444,3,2609101202.0,7.0,2609101202.0,7.0,h,2.0,Information,,,,,,,0.0,0.0
-3955134605586594139-2609101141-7,7329,2609101159.0,2609101200.0,1.0,,S,S3,Backnang|Maubach|Nellmersbach|Winnenden|Schwaikheim|Neustadt-Hohenacker,8000180,Waiblingen,Baden-Württemberg,Waiblingen,71332,9.300476874,48.8262444,3,2609101159.0,,2609101200.0,,,,,,,,,,,0.0,0.0
5786472600680484262-2609101242-6,7330,2609101259.0,2609101300.0,3.0,,S,S3,Stuttgart Hbf|Stuttgart-Bad Cannstatt|Stuttgart Nürnberger Str.|Stuttgart-Sommerrain|Fellbach,8000180,Waiblingen,Baden-Württemberg,Waiblingen,71332,9.300476874,48.8262444,3,2609101259.0,,2609101300.0,,,,,,,,,,,0.0,0.0
-97699751698418973-2609101241-7,7333,2609101259.0,2609101300.0,1.0,,S,S3,Backnang|Maubach|Nellmersbach|Winnenden|Schwaikheim|Neustadt-Hohenacker,8000180,Waiblingen,Baden-Württemberg,Waiblingen,71332,9.300476874,48.8262444,3,2609101300.0,,2609101301.0,,,,,,,,,,,1.0,1.0
7732802453043643664-2609101111-16,19468,2609101228.0,2609101228.0,6.0,,ARV,MEX13,Ellwangen|Schrezheim|Schwabsberg|Goldshöfe|Hofen(b Aalen)|Wasseralfingen|Aalen Hbf|Mögglingen(Gmünd)|Böbingen(Rems)|Schwäbisch Gmünd|Lorch(Württ)|Waldhausen(b Schorndorf)|Plüderhausen|Urbach(b Schorndorf)|Schorndorf,8000180,Waiblingen,Baden-Württemberg,Waiblingen,71332,9.300476874,48.8262444,3,2609101229.0,,2609101229.0,,h,2.0,Information,,,,,,,1.0,1.0
7638159005670329721-2609101212-6,7328,2609101229.0,2609101230.0,3.0,,S,S3,Stuttgart Hbf|Stuttgart-Bad Cannstatt|Stuttgart Nürnberger Str.|Stuttgart-Sommerrain|Fellbach,8000180,Waiblingen,Baden-Württemberg,Waiblingen,71332,9.300476874,48.8262444,3,2609101230.0,,2609101231.0,,,,,,,,,,,1.0,1.0
-2751722865578801757-2609101220-6,7228,2609101234.0,2609101235.0,7.0,,S,S2,Stuttgart Hbf|Stuttgart-Bad Cannstatt|Stuttgart Nürnberger Str.|Stuttgart-Sommerrain|Fellbach,8000180,Waiblingen,Baden-Württemberg,Waiblingen,71332,9.300476874,48.8262444,3,2609101242.0,,2609101247.0,,h,2.0,Bauarbeiten,,,,,,,8.0,12.0
8797923397467745795-2609101150-6,7226,2609101204.0,2609101205.0,7.0,,S,S2,Stuttgart Hbf|Stuttgart-Bad Cannstatt|Stuttgart Nürnberger Str.|Stuttgart-Sommerrain|Fellbach,8000180,Waiblingen,Baden-Württemberg,Waiblingen,71332,9.300476874,48.8262444,3,2609101205.0,,2609101205.0,,h,2.0,Bauarbeiten,,,,,,,1.0,0.0
5345487978883829702-2609101207-10,19420,2609101258.0,2609101258.0,6.0,,ARV,MEX13,Aalen Hbf|Mögglingen(Gmünd)|Böbingen(Rems)|Schwäbisch Gmünd|Lorch(Württ)|Waldhausen(b Schorndorf)|Plüderhausen|Urbach(b Schorndorf)|Schorndorf,8000180,Waiblingen,Baden-Württemberg,Waiblingen,71332,9.300476874,48.8262444,3,2609101258.0,,2609101259.0,,h,2.0,Information,,,,,,,0.0,1.0
-2732981563110923380-2609101203-10,7231,2609101224.0,2609101225.0,5.0,,S,S2,Schorndorf|Weiler(Rems)|Winterbach(b Schorndorf)|Geradstetten|Grunbach|Beutelsbach|Endersbach|Stetten-Beinstein|Rommelshausen,8000180,Waiblingen,Baden-Württemberg,Waiblingen,71332,9.300476874,48.8262444,3,2609101225.0,,2609101225.0,,h,2.0,Bauarbeiten,,,,,,,1.0,0.0
-8944600916505383867-2609101203-1,33879,,2609101203.0,,,S,S6,,8006271,Weil der Stadt,Baden-Württemberg,Weil der Stadt,71263,8.873189074,48.7557357,4,,,2609101203.0,1.0,,,,,,,,,,0.0,0.0
4661880634889542347-2609101226-5,26151,2609101244.0,2609101244.0,141.0,,SWE,RB76,Calw|Calw-Heumaden|Althengstett|Ostelsheim,8006271,Weil der Stadt,Baden-Württemberg,Weil der Stadt,71263,8.873189074,48.7557357,4,2609101244.0,,2609101244.0,,,,,,,,,,,0.0,0.0
8153468890133485936-2609101243-5,33878,2609101257.0,,,,S,,Leonberg|Rutesheim|Renningen|Malmsheim,8006271,Weil der Stadt,Baden-Württemberg,Weil der Stadt,71263,8.873189074,48.7557357,4,2609101257.0,2.0,,,,,,,,,,,,0.0,0.0
6546237723132678115-2609101213-5,33876,2609101227.0,,,,S,,Leonberg|Rutesheim|Renningen|Malmsheim,8006271,Weil der Stadt,Baden-Württemberg,Weil der Stadt,71263,8.873189074,48.7557357,4,2609101228.0,2.0,,,,,,,,,,,,1.0,0.0
5643408968339616898-2609101233-1,55901,,2609101233.0,,,S,S6,,8006271,Weil der Stadt,Baden-Württemberg,Weil der Stadt,71263,8.873189074,48.7557357,4,,,2609101233.0,2.0,,,,,,,,,,0.0,0.0
-4200348393846240809-2609101228-2,26150,2609101231.0,2609101233.0,141.0,,SWE,RB76,Renningen,8006271,Weil der Stadt,Baden-Württemberg,Weil der Stadt,71263,8.873189074,48.7557357,4,2609101232.0,,2609101233.0,,,,,,,,,,,1.0,0.0
3177327826888597271-2609101233-2,7233,2609101236.0,2609101236.0,2.0,,S,S2,Schorndorf,8006277,Weiler (Rems),Baden-Württemberg,Schorndorf,76314,9.501891172,48.80034585,5,2609101236.0,,2609101237.0,,h,2.0,Bauarbeiten,,,,,,,0.0,1.0
-2751722865578801757-2609101220-14,7228,2609101252.0,2609101252.0,1.0,,S,S2,Stuttgart Hbf|Stuttgart-Bad Cannstatt|Stuttgart Nürnberger Str.|Stuttgart-Sommerrain|Fellbach|Waiblingen|Rommelshausen|Stetten-Beinstein|Endersbach|Beutelsbach|Grunbach|Geradstetten|Winterbach(b Schorndorf),8006277,Weiler (Rems),Baden-Württemberg,Schorndorf,76314,9.501891172,48.80034585,5,2609101305.0,,2609101306.0,,h,2.0,Bauarbeiten,,,,,,,13.0,14.0
8797923397467745795-2609101150-14,7226,2609101222.0,2609101222.0,1.0,,S,S2,Stuttgart Hbf|Stuttgart-Bad Cannstatt|Stuttgart Nürnberger Str.|Stuttgart-Sommerrain|Fellbach|Waiblingen|Rommelshausen|Stetten-Beinstein|Endersbach|Beutelsbach|Grunbach|Geradstetten|Winterbach(b Schorndorf),8006277,Weiler (Rems),Baden-Württemberg,Schorndorf,76314,9.501891172,48.80034585,5,2609101222.0,,2609101222.0,,h,2.0,Bauarbeiten,,,,,,,0.0,0.0
-2732981563110923380-2609101203-2,7231,2609101206.0,2609101206.0,2.0,,S,S2,Schorndorf,8006277,Weiler (Rems),Baden-Württemberg,Schorndorf,76314,9.501891172,48.80034585,5,2609101206.0,,2609101206.0,,h,2.0,Bauarbeiten,,,,,,,0.0,0.0
-3458622020077786212-2609101057-13,19221,2609101218.0,2609101218.0,2.0,,RE,MEX12,Heilbronn Hbf|Nordheim(Württ)|Lauffen(Neckar)|Kirchheim(Neckar)|Walheim(Württ)|Besigheim|Bietigheim-Bissingen|Ludwigsburg|Stuttgart Hbf|Stuttgart-Bad Cannstatt|Esslingen(Neckar)|Plochingen,8006331,Wendlingen (Neckar),Baden-Württemberg,Wendlingen am Neckar,73240,9.373662098,48.67368917,3,2609101224.0,,2609101225.0,,h,2.0,Störung,,,,,,,6.0,7.0
-513768940106917907-2609101155-13,7128,2609101232.0,2609101233.0,11.0,,S,S1,Stuttgart Hbf|Stuttgart-Bad Cannstatt|Stuttgart Neckarpark|Stuttgart-Untertürkheim|Stuttgart-Obertürkheim|Esslingen-Mettingen|Esslingen(Neckar)|Oberesslingen|Esslingen-Zell|Altbach|Plochingen|Wernau(Neckar),8006331,Wendlingen (Neckar),Baden-Württemberg,Wendlingen am Neckar,73240,9.373662098,48.67368917,3,2609101234.0,,2609101234.0,,,,,,,,,,,2.0,1.0
3357210642239304181-2609101216-6,19230,2609101240.0,2609101241.0,1.0,,RE,MEX12,Reutlingen Hbf|Metzingen(Württ)|Bempflingen|Nürtingen|Oberboihingen,8006331,Wendlingen (Neckar),Baden-Württemberg,Wendlingen am Neckar,73240,9.373662098,48.67368917,3,2609101241.0,,2609101243.0,,h,2.0,Störung,,,,,,,1.0,2.0
-8764646975376969217-2609101224-1,16055,,2609101224.0,,,RE,RE200,,8006331,Wendlingen (Neckar),Baden-Württemberg,Wendlingen am Neckar,73240,9.373662098,48.67368917,3,,,2609101226.0,,h,2.0,Störung,,,,,,,0.0,2.0
7937418007745078860-2609101130-12,19317,2609101250.0,2609101251.0,2.0,,RE,MEX18,Heilbronn Hbf|Nordheim(Württ)|Lauffen(Neckar)|Kirchheim(Neckar)|Walheim(Württ)|Besigheim|Bietigheim-Bissingen|Ludwigsburg|Kornwestheim Pbf|Esslingen(Neckar)|Plochingen,8006331,Wendlingen (Neckar),Baden-Württemberg,Wendlingen am Neckar,73240,9.373662098,48.67368917,3,2609101251.0,1.0,2609101252.0,1.0,h,2.0,Störung,,,,,,,1.0,1.0
240389329078028238-2609101125-13,7126,2609101202.0,2609101203.0,11.0,,S,S1,Stuttgart Hbf|Stuttgart-Bad Cannstatt|Stuttgart Neckarpark|Stuttgart-Untertürkheim|Stuttgart-Obertürkheim|Esslingen-Mettingen|Esslingen(Neckar)|Oberesslingen|Esslingen-Zell|Altbach|Plochingen|Wernau(Neckar),8006331,Wendlingen (Neckar),Baden-Württemberg,Wendlingen am Neckar,73240,9.373662098,48.67368917,3,2609101202.0,,2609101203.0,,,,,,,,,,,0.0,0.0
1692997485605395662-2609101250-3,7135,2609101257.0,2609101258.0,12.0,,S,S1,Kirchheim(Teck)|Kirchheim(Teck)-Ötlingen,8006331,Wendlingen (Neckar),Baden-Württemberg,Wendlingen am Neckar,73240,9.373662098,48.67368917,3,2609101257.0,,2609101259.0,,,,,,,,,,,0.0,1.0
6957530734426493367-2609101229-3,16056,2609101259.0,,3.0,,RE,,Ulm Hbf|Merklingen - Schwäbische Alb,8006331,Wendlingen (Neckar),Baden-Württemberg,Wendlingen am Neckar,73240,9.373662098,48.67368917,3,2609101301.0,,,,h,2.0,Störung,,,,,,,2.0,0.0
-6319936848544854600-2609101220-3,7133,2609101227.0,2609101228.0,12.0,,S,S1,Kirchheim(Teck)|Kirchheim(Teck)-Ötlingen,8006331,Wendlingen (Neckar),Baden-Württemberg,Wendlingen am Neckar,73240,9.373662098,48.67368917,3,2609101227.0,,2609101228.0,,,,,,,,,,,0.0,0.0
-513768940106917907-2609101155-12,7128,2609101228.0,2609101229.0,2.0,,S,S1,Stuttgart Hbf|Stuttgart-Bad Cannstatt|Stuttgart Neckarpark|Stuttgart-Untertürkheim|Stuttgart-Obertürkheim|Esslingen-Mettingen|Esslingen(Neckar)|Oberesslingen|Esslingen-Zell|Altbach|Plochingen,8006346,Wernau (Neckar),Baden-Württemberg,Wernau (Neckar),73249,9.413654423,48.69417221,4,2609101229.0,,2609101229.0,,,,,,,,,,,1.0,0.0
8539842934523735566-2609101225-12,7130,2609101258.0,2609101259.0,2.0,,S,S1,Stuttgart Hbf|Stuttgart-Bad Cannstatt|Stuttgart Neckarpark|Stuttgart-Untertürkheim|Stuttgart-Obertürkheim|Esslingen-Mettingen|Esslingen(Neckar)|Oberesslingen|Esslingen-Zell|Altbach|Plochingen,8006346,Wernau (Neckar),Baden-Württemberg,Wernau (Neckar),73249,9.413654423,48.69417221,4,2609101258.0,,2609101259.0,,,,,,,,,,,0.0,0.0
-6319936848544854600-2609101220-4,7133,2609101231.0,2609101231.0,1.0,,S,S1,Kirchheim(Teck)|Kirchheim(Teck)-Ötlingen|Wendlingen(Neckar),8006346,Wernau (Neckar),Baden-Württemberg,Wernau (Neckar),73249,9.413654423,48.69417221,4,2609101231.0,,2609101232.0,,,,,,,,,,,0.0,1.0
4736637014602700336-2609101150-4,7131,2609101201.0,2609101201.0,1.0,,S,S1,Kirchheim(Teck)|Kirchheim(Teck)-Ötlingen|Wendlingen(Neckar),8006346,Wernau (Neckar),Baden-Württemberg,Wernau (Neckar),73249,9.413654423,48.69417221,4,2609101201.0,,2609101201.0,,,,,,,,,,,0.0,0.0
9036342965798539047-2609101142-9,7326,2609101209.0,2609101209.0,2.0,,S,S3,Stuttgart Hbf|Stuttgart-Bad Cannstatt|Stuttgart Nürnberger Str.|Stuttgart-Sommerrain|Fellbach|Waiblingen|Neustadt-Hohenacker|Schwaikheim,8006479,Winnenden,Baden-Württemberg,Winnenden,71364,9.392155928,48.8795625,3,2609101209.0,,2609101209.0,,,,,,,,,,,0.0,0.0
4152739802628459938-2609101155-4,17525,2609101213.0,2609101214.0,2.0,,RE,MEX90,Stuttgart Hbf|Stuttgart-Bad Cannstatt|Waiblingen,8006479,Winnenden,Baden-Württemberg,Winnenden,71364,9.392155928,48.8795625,3,2609101214.0,,2609101215.0,,h,2.0,Störung,,,,,,,1.0,1.0
-7749775710427008689-2609101038-17,88614,2609101244.0,2609101245.0,3.0,,ARV,RE90,Nürnberg Hbf|Roßtal|Heilsbronn|Wicklesgreuth|Ansbach|Leutershausen-Wiedersbach|Dombühl|Schnelldorf|Crailsheim|Eckartshausen-Ilshofen|Schwäbisch Hall-Hessental|Gaildorf West|Murrhardt|Sulzbach(Murr)|Oppenweiler(Württ)|Backnang,8006479,Winnenden,Baden-Württemberg,Winnenden,71364,9.392155928,48.8795625,3,2609101300.0,,2609101301.0,,,,,,,,,,,16.0,16.0
8851012744564607240-2609101211-4,7331,2609101219.0,2609101220.0,3.0,,S,S3,Backnang|Maubach|Nellmersbach,8006479,Winnenden,Baden-Württemberg,Winnenden,71364,9.392155928,48.8795625,3,2609101220.0,,2609101221.0,,,,,,,,,,,1.0,1.0
-97699751698418973-2609101241-4,7333,2609101249.0,2609101250.0,3.0,,S,S3,Backnang|Maubach|Nellmersbach,8006479,Winnenden,Baden-Württemberg,Winnenden,71364,9.392155928,48.8795625,3,2609101249.0,,2609101251.0,,,,,,,,,,,0.0,1.0
7638159005670329721-2609101212-9,7328,2609101239.0,2609101239.0,2.0,,S,S3,Stuttgart Hbf|Stuttgart-Bad Cannstatt|Stuttgart Nürnberger Str.|Stuttgart-Sommerrain|Fellbach|Waiblingen|Neustadt-Hohenacker|Schwaikheim,8006479,Winnenden,Baden-Württemberg,Winnenden,71364,9.392155928,48.8795625,3,2609101239.0,,2609101240.0,,,,,,,,,,,0.0,1.0
3177327826888597271-2609101233-3,7233,2609101238.0,2609101238.0,1.0,,S,S2,Schorndorf|Weiler(Rems),8006485,Winterbach (b Schorndorf),Baden-Württemberg,Winterbach,73650,9.481549751,48.79842743,4,2609101238.0,,2609101239.0,,h,2.0,Bauarbeiten,,,,,,,0.0,1.0
-2751722865578801757-2609101220-13,7228,2609101250.0,2609101250.0,2.0,,S,S2,Stuttgart Hbf|Stuttgart-Bad Cannstatt|Stuttgart Nürnberger Str.|Stuttgart-Sommerrain|Fellbach|Waiblingen|Rommelshausen|Stetten-Beinstein|Endersbach|Beutelsbach|Grunbach|Geradstetten,8006485,Winterbach (b Schorndorf),Baden-Württemberg,Winterbach,73650,9.481549751,48.79842743,4,2609101302.0,,2609101303.0,,h,2.0,Bauarbeiten,,,,,,,12.0,13.0
8797923397467745795-2609101150-13,7226,2609101220.0,2609101220.0,2.0,,S,S2,Stuttgart Hbf|Stuttgart-Bad Cannstatt|Stuttgart Nürnberger Str.|Stuttgart-Sommerrain|Fellbach|Waiblingen|Rommelshausen|Stetten-Beinstein|Endersbach|Beutelsbach|Grunbach|Geradstetten,8006485,Winterbach (b Schorndorf),Baden-Württemberg,Winterbach,73650,9.481549751,48.79842743,4,2609101220.0,,2609101220.0,,h,2.0,Bauarbeiten,,,,,,,0.0,0.0
-2732981563110923380-2609101203-3,7231,2609101208.0,2609101208.0,1.0,,S,S2,Schorndorf|Weiler(Rems),8006485,Winterbach (b Schorndorf),Baden-Württemberg,Winterbach,73650,9.481549751,48.79842743,4,2609101208.0,,2609101209.0,,h,2.0,Bauarbeiten,,,,,,,0.0,1.0
2681887687926966590-2609101158-5,7030,2609101215.0,2609101215.0,2.0,,S,S60,Leonberg|Rutesheim|Renningen|Renningen Süd,8003807,Magstadt,Baden-Württemberg,Magstadt,71106,8.965315746,48.73616033,6,2609101216.0,,2609101217.0,,h,1.0,Bauarbeiten,,,,,,,1.0,2.0
7608028257592331283-2609101204-5,7029,2609101213.0,2609101214.0,1.0,,S,S60,Böblingen|Sindelfingen|Maichingen|Maichingen Nord,8003807,Magstadt,Baden-Württemberg,Magstadt,71106,8.965315746,48.73616033,6,2609101214.0,,2609101215.0,,h,1.0,Bauarbeiten,,,,,,,1.0,1.0
-5786747659685164185-2609101228-5,7032,2609101245.0,2609101245.0,2.0,,S,S60,Leonberg|Rutesheim|Renningen|Renningen Süd,8003807,Magstadt,Baden-Württemberg,Magstadt,71106,8.965315746,48.73616033,6,2609101246.0,,2609101247.0,,h,1.0,Bauarbeiten,,,,,,,1.0,2.0
-8244462081615470367-2609101234-5,7031,2609101243.0,2609101244.0,1.0,,S,S60,Böblingen|Sindelfingen|Maichingen|Maichingen Nord,8003807,Magstadt,Baden-Württemberg,Magstadt,71106,8.965315746,48.73616033,6,2609101244.0,,2609101245.0,,h,1.0,Bauarbeiten,,,,,,,1.0,1.0
2681887687926966590-2609101158-6,7030,2609101217.0,2609101217.0,2.0,,S,S60,Leonberg|Rutesheim|Renningen|Renningen Süd|Magstadt,8003834,Maichingen Nord,Baden-Württemberg,Sindelfingen,71069,8.979416996,48.72750392,5,2609101218.0,,2609101218.0,,h,1.0,Bauarbeiten,,,,,,,1.0,1.0
7608028257592331283-2609101204-4,7029,2609101211.0,2609101211.0,1.0,,S,S60,Böblingen|Sindelfingen|Maichingen,8003834,Maichingen Nord,Baden-Württemberg,Sindelfingen,71069,8.979416996,48.72750392,5,2609101212.0,,2609101213.0,,h,1.0,Bauarbeiten,,,,,,,1.0,2.0
-5786747659685164185-2609101228-6,7032,2609101247.0,2609101247.0,2.0,,S,S60,Leonberg|Rutesheim|Renningen|Renningen Süd|Magstadt,8003834,Maichingen Nord,Baden-Württemberg,Sindelfingen,71069,8.979416996,48.72750392,5,2609101248.0,,2609101248.0,,h,1.0,Bauarbeiten,,,,,,,1.0,1.0
-8244462081615470367-2609101234-4,7031,2609101241.0,2609101241.0,1.0,,S,S60,Böblingen|Sindelfingen|Maichingen,8003834,Maichingen Nord,Baden-Württemberg,Sindelfingen,71069,8.979416996,48.72750392,5,2609101242.0,,2609101242.0,,h,1.0,Bauarbeiten,,,,,,,1.0,1.0
2681887687926966590-2609101158-7,7030,2609101219.0,2609101219.0,1.0,,S,S60,Leonberg|Rutesheim|Renningen|Renningen Süd|Magstadt|Maichingen Nord,8003808,Maichingen,Baden-Württemberg,Sindelfingen,71069,8.969606704,48.72162074,6,2609101220.0,,2609101221.0,,h,1.0,Bauarbeiten,,,,,,,1.0,2.0
7608028257592331283-2609101204-3,7029,2609101209.0,2609101210.0,1.0,,S,S60,Böblingen|Sindelfingen,8003808,Maichingen,Baden-Württemberg,Sindelfingen,71069,8.969606704,48.72162074,6,2609101210.0,,2609101211.0,,h,1.0,Bauarbeiten,,,,,,,1.0,1.0
-5786747659685164185-2609101228-7,7032,2609101249.0,2609101249.0,1.0,,S,S60,Leonberg|Rutesheim|Renningen|Renningen Süd|Magstadt|Maichingen Nord,8003808,Maichingen,Baden-Württemberg,Sindelfingen,71069,8.969606704,48.72162074,6,2609101250.0,,2609101251.0,,h,1.0,Bauarbeiten,,,,,,,1.0,2.0
-8244462081615470367-2609101234-3,7031,2609101239.0,2609101240.0,1.0,,S,S60,Böblingen|Sindelfingen,8003808,Maichingen,Baden-Württemberg,Sindelfingen,71069,8.969606704,48.72162074,6,2609101240.0,,2609101241.0,,h,1.0,Bauarbeiten,,,,,,,1.0,1.0
2681887687926966590-2609101158-4,7030,2609101211.0,2609101211.0,2.0,,S,S60,Leonberg|Rutesheim|Renningen,8005001,Renningen Süd,Baden-Württemberg,Renningen,71272,8.932068278,48.76261937,6,2609101212.0,,2609101212.0,,h,1.0,Bauarbeiten,,,,,,,1.0,1.0
7608028257592331283-2609101204-6,7029,2609101217.0,2609101218.0,1.0,,S,S60,Böblingen|Sindelfingen|Maichingen|Maichingen Nord|Magstadt,8005001,Renningen Süd,Baden-Württemberg,Renningen,71272,8.932068278,48.76261937,6,2609101219.0,,2609101219.0,,h,1.0,Bauarbeiten,,,,,,,2.0,1.0
-5786747659685164185-2609101228-4,7032,2609101241.0,2609101241.0,2.0,,S,S60,Leonberg|Rutesheim|Renningen,8005001,Renningen Süd,Baden-Württemberg,Renningen,71272,8.932068278,48.76261937,6,2609101242.0,,2609101242.0,,h,1.0,Bauarbeiten,,,,,,,1.0,1.0
-8244462081615470367-2609101234-6,7031,2609101247.0,2609101248.0,1.0,,S,S60,Böblingen|Sindelfingen|Maichingen|Maichingen Nord|Magstadt,8005001,Renningen Süd,Baden-Württemberg,Renningen,71272,8.932068278,48.76261937,6,2609101248.0,,2609101249.0,,h,1.0,Bauarbeiten,,,,,,,1.0,1.0
2298525024658281877-2609100025-10,7178,2609100050.0,2609100050.0,4.0,,S,S1,Stuttgart Hbf|Stuttgart-Bad Cannstatt|Stuttgart Neckarpark|Stuttgart-Untertürkheim|Stuttgart-Obertürkheim|Esslingen-Mettingen|Esslingen(Neckar)|Oberesslingen|Esslingen-Zell,8000508,Altbach,Baden-Württemberg,Altbach,73776,9.382434033,48.72031354,3,2609100050.0,,2609100050.0,,,,,,,,,,,0.0,0.0
8092363418274949423-2609092350-6,7179,2609100009.0,2609100010.0,3.0,,S,S1,Kirchheim(Teck)|Kirchheim(Teck)-Ötlingen|Wendlingen(Neckar)|Wernau(Neckar)|Plochingen,8000508,Altbach,Baden-Württemberg,Altbach,73776,9.382434033,48.72031354,3,2609100009.0,,2609100010.0,,,,,,,,,p,p,0.0,0.0
6181068125164198804-2609092355-10,7176,2609100020.0,2609100020.0,4.0,,S,S1,Stuttgart Hbf|Stuttgart-Bad Cannstatt|Stuttgart Neckarpark|Stuttgart-Untertürkheim|Stuttgart-Obertürkheim|Esslingen-Mettingen|Esslingen(Neckar)|Oberesslingen|Esslingen-Zell,8000508,Altbach,Baden-Württemberg,Altbach,73776,9.382434033,48.72031354,3,2609100020.0,,2609100020.0,,,,,,,,,,,0.0,0.0
-8775031481172421761-2609100020-6,7181,2609100039.0,2609100040.0,3.0,,S,S1,Kirchheim(Teck)|Kirchheim(Teck)-Ötlingen|Wendlingen(Neckar)|Wernau(Neckar)|Plochingen,8000508,Altbach,Baden-Württemberg,Altbach,73776,9.382434033,48.72031354,3,2609100039.0,,2609100040.0,,,,,,,,,,,0.0,0.0
1549583197322147811-2609092238-16,88652,2609100038.0,2609100039.0,4.0,,ARV,RE90,Nürnberg Hbf|Roßtal|Heilsbronn|Wicklesgreuth|Ansbach|Leutershausen-Wiedersbach|Dombühl|Schnelldorf|Crailsheim|Eckartshausen-Ilshofen|Schwäbisch Hall-Hessental|Gaildorf West|Murrhardt|Sulzbach(Murr)|Oppenweiler(Württ),8000016,Backnang,Baden-Württemberg,Backnang,71522,9.425986107,48.94264844,3,2609100054.0,,2609100054.0,,,,,,,,,,,16.0,15.0
1481285002460915742-2609100034-5,17501,2609100058.0,2609100058.0,4.0,,RB,MEX90,Stuttgart Hbf|Stuttgart-Bad Cannstatt|Waiblingen|Winnenden,8000016,Backnang,Baden-Württemberg,Backnang,71522,9.425986107,48.94264844,3,2609100105.0,,2609100106.0,,h,2.0,Störung,,,,,,,7.0,8.0
4235977593412169897-2609092342-12,7374,2609100018.0,,5.0,,S,,Stuttgart Hbf|Stuttgart-Bad Cannstatt|Stuttgart Nürnberger Str.|Stuttgart-Sommerrain|Fellbach|Waiblingen|Neustadt-Hohenacker|Schwaikheim|Winnenden|Nellmersbach|Maubach,8000016,Backnang,Baden-Württemberg,Backnang,71522,9.425986107,48.94264844,3,2609100018.0,,,,,,,,,,,,,0.0,0.0
414984855934234452-2609092332-7,17570,2609100006.0,2609100007.0,3.0,,RB,MEX19,Gaildorf West|Fichtenberg|Fornsbach|Murrhardt|Sulzbach(Murr)|Oppenweiler(Württ),8000016,Backnang,Baden-Württemberg,Backnang,71522,9.425986107,48.94264844,3,2609100007.0,,2609100008.0,,,,,,,,,,,1.0,1.0
6798625749353298235-2609100012-12,7376,2609100048.0,,5.0,,S,,Stuttgart Hbf|Stuttgart-Bad Cannstatt|Stuttgart Nürnberger Str.|Stuttgart-Sommerrain|Fellbach|Waiblingen|Neustadt-Hohenacker|Schwaikheim|Winnenden|Nellmersbach|Maubach,8000016,Backnang,Baden-Württemberg,Backnang,71522,9.425986107,48.94264844,3,2609100051.0,,,,,,,,,,,,,3.0,0.0
8494074834215864068-2609100011-1,7379,,2609100011.0,,,S,S3,,8000016,Backnang,Baden-Württemberg,Backnang,71522,9.425986107,48.94264844,3,,,2609100014.0,,,,,,,,,,,0.0,3.0
-4175471405587783145-2609100007-9,7474,2609100032.0,2609100033.0,1.0,,S,S4,Stuttgart Hbf|Stuttgart Nordbahnhof|Stuttgart-Feuerbach|Stuttgart-Zuffenhausen|Kornwestheim Pbf|Ludwigsburg|Favoritepark|Freiberg(Neckar),8000873,Benningen (Neckar),Baden-Württemberg,Benningen am Neckar,71726,9.244299075,48.94379773,5,2609100033.0,2.0,2609100034.0,2.0,h,1.0,Bauarbeiten,,,,,,,1.0,1.0
3008894599226717977-2609092337-9,7472,2609100002.0,2609100003.0,1.0,,S,S4,Stuttgart Hbf|Stuttgart Nordbahnhof|Stuttgart-Feuerbach|Stuttgart-Zuffenhausen|Kornwestheim Pbf|Ludwigsburg|Favoritepark|Freiberg(Neckar),8000873,Benningen (Neckar),Baden-Württemberg,Benningen am Neckar,71726,9.244299075,48.94379773,5,2609100003.0,,2609100004.0,,h,1.0,Bauarbeiten,,,,,,,1.0,1.0
6461875104419562950-2609100020-10,7276,2609100043.0,2609100043.0,1.0,,S,S2,Stuttgart Hbf|Stuttgart-Bad Cannstatt|Stuttgart Nürnberger Str.|Stuttgart-Sommerrain|Fellbach|Waiblingen|Rommelshausen|Stetten-Beinstein|Endersbach,8000934,Beutelsbach,Baden-Württemberg,Weinstadt,71384,9.38551589,48.81038925,5,2609100043.0,,2609100043.0,,h,2.0,Bauarbeiten,,,,,,,0.0,0.0
-6065798673451795825-2609092350-10,7274,2609100013.0,2609100013.0,1.0,,S,S2,Stuttgart Hbf|Stuttgart-Bad Cannstatt|Stuttgart Nürnberger Str.|Stuttgart-Sommerrain|Fellbach|Waiblingen|Rommelshausen|Stetten-Beinstein|Endersbach,8000934,Beutelsbach,Baden-Württemberg,Weinstadt,71384,9.38551589,48.81038925,5,2609100017.0,,2609100017.0,,h,2.0,Bauarbeiten,,,,,,,4.0,4.0
6570008134094305920-2609100003-6,7279,2609100015.0,2609100015.0,2.0,,S,S2,Schorndorf|Weiler(Rems)|Winterbach(b Schorndorf)|Geradstetten|Grunbach,8000934,Beutelsbach,Baden-Württemberg,Weinstadt,71384,9.38551589,48.81038925,5,2609100015.0,,2609100016.0,,h,2.0,Bauarbeiten,,,,,,,0.0,1.0
-8097229136581884814-2609100033-6,7281,2609100045.0,2609100045.0,2.0,,S,S2,Schorndorf|Weiler(Rems)|Winterbach(b Schorndorf)|Geradstetten|Grunbach,8000934,Beutelsbach,Baden-Württemberg,Weinstadt,71384,9.38551589,48.81038925,5,2609100116.0,,2609100116.0,,h,2.0,Bauarbeiten,,,Schorndorf|Weiler(Rems)|Winterbach(b Schorndorf)|Geradstetten|Grunbach,Endersbach|Stetten-Beinstein|Rommelshausen|Waiblingen|Fellbach|Stuttgart-Sommerrain|Stuttgart Nürnberger Str.|Stuttgart-Bad Cannstatt|Stuttgart Hbf,,,31.0,31.0
-4165700884382640783-2609092316-12,19364,2609100035.0,2609100036.0,10.0,,RE,MEX12,Reutlingen Hbf|Metzingen(Württ)|Bempflingen|Nürtingen|Oberboihingen|Wendlingen(Neckar)|Plochingen|Esslingen(Neckar)|Stuttgart-Bad Cannstatt|Stuttgart Hbf|Ludwigsburg,8000038,Bietigheim-Bissingen,Baden-Württemberg,Bietigheim-Bissingen,74321,9.137217396,48.94794988,2,2609100037.0,,2609100038.0,,h,2.0,Störung,,,,,,,2.0,2.0
-4648549312800637119-2609092314-6,19250,2609092358.0,2609100000.0,10.0,,RE,MEX18,Plochingen|Esslingen(Neckar)|Stuttgart-Bad Cannstatt|Stuttgart Hbf|Ludwigsburg,8000038,Bietigheim-Bissingen,Baden-Württemberg,Bietigheim-Bissingen,74321,9.137217396,48.94794988,2,2609100014.0,9.0,2609100016.0,9.0,h,2.0,Störung,,,,,,,16.0,16.0
-777260281010664973-2609100016-3,19036,2609100032.0,2609100032.0,7.0,,ARV,RE1,Stuttgart Hbf|Ludwigsburg,8000038,Bietigheim-Bissingen,Baden-Württemberg,Bietigheim-Bissingen,74321,9.137217396,48.94794988,2,2609100033.0,,2609100034.0,,h,2.0,Information,,,,,,,1.0,2.0
-9180207167413763341-2609092338-4,19037,2609100002.0,2609100003.0,4.0,,ARV,RE1,Pforzheim Hbf|Mühlacker|Vaihingen(Enz),8000038,Bietigheim-Bissingen,Baden-Württemberg,Bietigheim-Bissingen,74321,9.137217396,48.94794988,2,2609100017.0,,2609100018.0,,h,2.0,Information,,,,,,,15.0,15.0
575051924010749743-2609092357-7,19377,2609100022.0,2609100027.0,8.0,,RE,MEX12,Heilbronn Hbf|Nordheim(Württ)|Lauffen(Neckar)|Kirchheim(Neckar)|Walheim(Württ)|Besigheim,8000038,Bietigheim-Bissingen,Baden-Württemberg,Bietigheim-Bissingen,74321,9.137217396,48.94794988,2,2609100022.0,,2609100027.0,,h,2.0,Störung,,,,,,,0.0,0.0
-2978262493163587752-2609100016-6,7780,2609100030.0,2609100030.0,3.0,,S,S1,Herrenberg|Nufringen|Gärtringen|Ehningen(b Böblingen)|Hulb,8001055,Böblingen,Baden-Württemberg,Böblingen,71034,9.004531864,48.68784871,3,2609100030.0,,2609100030.0,,,,,,,,,,,0.0,0.0
-1459141203769340300-2609100016-4,7777,2609100030.0,2609100030.0,4.0,,S,S1,Stuttgart-Vaihingen|Stuttgart-Rohr|Goldberg(Württ),8001055,Böblingen,Baden-Württemberg,Böblingen,71034,9.004531864,48.68784871,3,2609100033.0,,2609100033.0,,,,,,,,,,,3.0,3.0
-4429961813474362097-2609100002-12,8001,2609100025.0,,1.0,,WEG,,Dettenhausen|Weil im Schönbuch Untere Halde|Weil im Schönbuch Röte|Weil im Schönbuch Troppel|Holzgerlingen Buch|Holzgerlingen Bf|Holzgerlingen Hülben|Böblingen Zimmerschlag|Böblingen Heusteigstr|Böblingen Südbf|Böblingen Danziger Str,8001055,Böblingen,Baden-Württemberg,Böblingen,71034,9.004531864,48.68784871,3,2609100025.0,,,,,,,,,,,,,0.0,0.0
-6259882265361652539-2609100035-1,8004,,2609100035.0,,,WEG,RB46,,8001055,Böblingen,Baden-Württemberg,Böblingen,71034,9.004531864,48.68784871,3,,,2609100035.0,,,,,,,,,,,0.0,0.0
3135343690013222861-2609100009-7,7078,2609100026.0,,5.0,,S,,Renningen|Renningen Süd|Magstadt|Maichingen Nord|Maichingen|Sindelfingen,8001055,Böblingen,Baden-Württemberg,Böblingen,71034,9.004531864,48.68784871,3,2609100028.0,,,,h,1.0,Bauarbeiten,,,,,,,2.0,0.0
3254218711381615406-2609092346-4,7775,2609100000.0,2609100000.0,4.0,,S,S1,Stuttgart-Vaihingen|Stuttgart-Rohr|Goldberg(Württ),8001055,Böblingen,Baden-Württemberg,Böblingen,71034,9.004531864,48.68784871,3,2609100000.0,,2609100000.0,,,,,,,,,,,0.0,0.0
-8774147686098078692-2609100004-1,7077,,2609100004.0,,,S,S60,,8001055,Böblingen,Baden-Württemberg,Böblingen,71034,9.004531864,48.68784871,3,,,2609100004.0,,h,1.0,Bauarbeiten,,,,,,,0.0,0.0
-9074467080985277700-2609100034-1,7079,,2609100034.0,,,S,S60,,8001055,Böblingen,Baden-Württemberg,Böblingen,71034,9.004531864,48.68784871,3,,,2609100034.0,,h,1.0,Bauarbeiten,,,,,,,0.0,0.0
4489850678279006572-2609100005-1,8000,,2609100005.0,,,WEG,RB46,,8001055,Böblingen,Baden-Württemberg,Böblingen,71034,9.004531864,48.68784871,3,,,2609100005.0,,,,,,,,,,,0.0,0.0
4991213592121918551-2609092346-6,7778,2609100000.0,2609100000.0,3.0,,S,S1,Herrenberg|Nufringen|Gärtringen|Ehningen(b Böblingen)|Hulb,8001055,Böblingen,Baden-Württemberg,Böblingen,71034,9.004531864,48.68784871,3,2609100000.0,,2609100000.0,,,,,,,,,,,0.0,0.0
-2203143972630932280-2609100024-1,7679,,2609100024.0,,,S,S6,,8001476,Ditzingen,Baden-Württemberg,Ditzingen,71254,9.067095186,48.82358726,4,,,2609100024.0,3.0,h,1.0,Bauarbeiten,,,,,,,0.0,0.0
7251830197396160216-2609092347-8,7674,2609100006.0,,2.0,,S,,Stuttgart Hbf|Stuttgart Nordbahnhof|Stuttgart-Feuerbach|Stuttgart-Zuffenhausen|Neuwirtshaus(Porscheplatz)|Korntal|Weilimdorf,8001476,Ditzingen,Baden-Württemberg,Ditzingen,71254,9.067095186,48.82358726,4,2609100006.0,3.0,,,h,1.0,Bauarbeiten,,,,,,,0.0,0.0
7735692879743924898-2609100017-8,7676,2609100036.0,,2.0,,S,,Stuttgart Hbf|Stuttgart Nordbahnhof|Stuttgart-Feuerbach|Stuttgart-Zuffenhausen|Neuwirtshaus(Porscheplatz)|Korntal|Weilimdorf,8001476,Ditzingen,Baden-Württemberg,Ditzingen,71254,9.067095186,48.82358726,4,2609100036.0,3.0,,,h,1.0,Bauarbeiten,,,,,,,0.0,0.0
1391287489183680041-2609100035-5,7979,2609100049.0,2609100050.0,1.0,,S,S2,Stuttgart-Vaihingen|Stuttgart-Rohr|Oberaichen|Leinfelden,8001650,Echterdingen,Baden-Württemberg,Echterdingen,70771,9.169307175,48.69214787,4,2609100049.0,,2609100050.0,,,,,,,,,,,0.0,0.0
3605325443872813677-2609100005-5,7977,2609100019.0,2609100020.0,1.0,,S,S2,Stuttgart-Vaihingen|Stuttgart-Rohr|Oberaichen|Leinfelden,8001650,Echterdingen,Baden-Württemberg,Echterdingen,70771,9.169307175,48.69214787,4,2609100019.0,,2609100020.0,,,,,,,,,,,0.0,0.0
5905216437651592640-2609100003-3,7976,2609100010.0,2609100010.0,2.0,,S,S2,Filderstadt|Stuttgart Flughafen/Messe,8001650,Echterdingen,Baden-Württemberg,Echterdingen,70771,9.169307175,48.69214787,4,2609100010.0,,2609100010.0,,,,,,,,,,,0.0,0.0
-7276272804962501987-2609100033-3,7978,2609100040.0,2609100040.0,2.0,,S,S2,Filderstadt|Stuttgart Flughafen/Messe,8001650,Echterdingen,Baden-Württemberg,Echterdingen,70771,9.169307175,48.69214787,4,2609100040.0,,2609100041.0,,,,,,,,,,,0.0,1.0
-2978262493163587752-2609100016-4,7780,2609100025.0,2609100025.0,1.0,,S,S1,Herrenberg|Nufringen|Gärtringen,8001689,Ehningen (b Böblingen),Baden-Württemberg,Ehningen,71139,8.944310368,48.66275549,4,2609100025.0,,2609100025.0,,,,,,,,,,,0.0,0.0
-1459141203769340300-2609100016-6,7777,2609100035.0,2609100035.0,2.0,,S,S1,Stuttgart-Vaihingen|Stuttgart-Rohr|Goldberg(Württ)|Böblingen|Hulb,8001689,Ehningen (b Böblingen),Baden-Württemberg,Ehningen,71139,8.944310368,48.66275549,4,2609100037.0,,2609100038.0,,,,,,,,,,,2.0,3.0
3254218711381615406-2609092346-6,7775,2609100005.0,2609100005.0,2.0,,S,S1,Stuttgart-Vaihingen|Stuttgart-Rohr|Goldberg(Württ)|Böblingen|Hulb,8001689,Ehningen (b Böblingen),Baden-Württemberg,Ehningen,71139,8.944310368,48.66275549,4,2609100005.0,,2609100006.0,,,,,,,,,,,0.0,1.0
6461875104419562950-2609100020-9,7276,2609100041.0,2609100041.0,2.0,,S,S2,Stuttgart Hbf|Stuttgart-Bad Cannstatt|Stuttgart Nürnberger Str.|Stuttgart-Sommerrain|Fellbach|Waiblingen|Rommelshausen|Stetten-Beinstein,8001785,Endersbach,Baden-Württemberg,Weinstadt,71384,9.370192421,48.81317323,4,2609100041.0,,2609100042.0,,h,2.0,Bauarbeiten,,,,,,,0.0,1.0
-6065798673451795825-2609092350-9,7274,2609100011.0,2609100011.0,2.0,,S,S2,Stuttgart Hbf|Stuttgart-Bad Cannstatt|Stuttgart Nürnberger Str.|Stuttgart-Sommerrain|Fellbach|Waiblingen|Rommelshausen|Stetten-Beinstein,8001785,Endersbach,Baden-Württemberg,Weinstadt,71384,9.370192421,48.81317323,4,2609100015.0,,2609100015.0,,h,2.0,Bauarbeiten,,,,,,,4.0,4.0
6570008134094305920-2609100003-7,7279,2609100017.0,2609100017.0,3.0,,S,S2,Schorndorf|Weiler(Rems)|Winterbach(b Schorndorf)|Geradstetten|Grunbach|Beutelsbach,8001785,Endersbach,Baden-Württemberg,Weinstadt,71384,9.370192421,48.81317323,4,2609100017.0,,2609100018.0,,h,2.0,Bauarbeiten,,,,,,,0.0,1.0
-8097229136581884814-2609100033-7,7281,2609100047.0,2609100047.0,3.0,,S,S2,Schorndorf|Weiler(Rems)|Winterbach(b Schorndorf)|Geradstetten|Grunbach|Beutelsbach,8001785,Endersbach,Baden-Württemberg,Weinstadt,71384,9.370192421,48.81317323,4,2609100117.0,,2609100118.0,,h,2.0,Bauarbeiten,,,Schorndorf|Weiler(Rems)|Winterbach(b Schorndorf)|Geradstetten|Grunbach|Beutelsbach,Stetten-Beinstein|Rommelshausen|Waiblingen|Fellbach|Stuttgart-Sommerrain|Stuttgart Nürnberger Str.|Stuttgart-Bad Cannstatt|Stuttgart Hbf,,,30.0,31.0
-8657113913917172137-2609092343-8,19342,2609100020.0,2609100020.0,3.0,,RE,MEX18,Reutlingen Hbf|Metzingen(Württ)|Bempflingen|Nürtingen|Oberboihingen|Wendlingen(Neckar)|Plochingen,8001920,Esslingen (Neckar),Baden-Württemberg,Esslingen am Neckar,73728,9.300578149,48.73854148,3,2609100027.0,,2609100029.0,,h,2.0,Störung,,,,,,,7.0,9.0
-6232403407797161851-2609092236-20,19184,2609100004.0,2609100005.0,3.0,,ARV,MEX16,Ulm Hbf|Beimerstetten|Westerstetten|Lonsee|Urspring|Amstetten(Württ)|Geislingen(Steige)|Geislingen(Steige)West|Kuchen|Gingen(Fils)|Süßen|Salach|Eislingen(Fils)|Göppingen|Faurndau|Uhingen|Ebersbach(Fils)|Reichenbach(Fils)|Plochingen,8001920,Esslingen (Neckar),Baden-Württemberg,Esslingen am Neckar,73728,9.300578149,48.73854148,3,2609100011.0,,2609100011.0,,,,,,,,,,,7.0,6.0
2298525024658281877-2609100025-7,7178,2609100042.0,2609100043.0,8.0,,S,S1,Stuttgart Hbf|Stuttgart-Bad Cannstatt|Stuttgart Neckarpark|Stuttgart-Untertürkheim|Stuttgart-Obertürkheim|Esslingen-Mettingen,8001920,Esslingen (Neckar),Baden-Württemberg,Esslingen am Neckar,73728,9.300578149,48.73854148,3,2609100042.0,,2609100043.0,,,,,,,,,,,0.0,0.0
8092363418274949423-2609092350-9,7179,2609100017.0,2609100017.0,7.0,,S,S1,Kirchheim(Teck)|Kirchheim(Teck)-Ötlingen|Wendlingen(Neckar)|Wernau(Neckar)|Plochingen|Altbach|Esslingen-Zell|Oberesslingen,8001920,Esslingen (Neckar),Baden-Württemberg,Esslingen am Neckar,73728,9.300578149,48.73854148,3,2609100017.0,,2609100017.0,,,,,,,,,p,p,0.0,0.0
-7037256455781419756-2609100042-3,19189,2609100053.0,2609100054.0,5.0,,ARV,MEX16,Stuttgart Hbf|Stuttgart-Bad Cannstatt,8001920,Esslingen (Neckar),Baden-Württemberg,Esslingen am Neckar,73728,9.300578149,48.73854148,3,2609100054.0,,2609100054.0,,,,,,,,,,,1.0,0.0
-6491793160727462036-2609100047-3,19343,2609100059.0,2609100100.0,5.0,,RE,MEX12,Stuttgart Hbf|Stuttgart-Bad Cannstatt,8001920,Esslingen (Neckar),Baden-Württemberg,Esslingen am Neckar,73728,9.300578149,48.73854148,3,2609100100.0,,2609100100.0,,h,2.0,Störung,,,,,,,1.0,0.0
6181068125164198804-2609092355-7,7176,2609100012.0,2609100013.0,8.0,,S,S1,Stuttgart Hbf|Stuttgart-Bad Cannstatt|Stuttgart Neckarpark|Stuttgart-Untertürkheim|Stuttgart-Obertürkheim|Esslingen-Mettingen,8001920,Esslingen (Neckar),Baden-Württemberg,Esslingen am Neckar,73728,9.300578149,48.73854148,3,2609100012.0,,2609100013.0,,,,,,,,,,,0.0,0.0
-8733024508125192900-2609100004-3,19187,2609100015.0,2609100015.0,5.0,,ARV,MEX16,Stuttgart Hbf|Stuttgart-Bad Cannstatt,8001920,Esslingen (Neckar),Baden-Württemberg,Esslingen am Neckar,73728,9.300578149,48.73854148,3,2609100015.0,,2609100015.0,,,,,,,,,,,0.0,0.0
-3852490567873853424-2609092204-12,4236,2609100009.0,2609100010.0,3.0,,RE,RE5,Friedrichshafen Stadt|Meckenbeuren|Ravensburg|Aulendorf|Bad Schussenried|Biberach(Riß)|Laupheim West|Ulm Hbf|Geislingen(Steige)|Göppingen|Plochingen,8001920,Esslingen (Neckar),Baden-Württemberg,Esslingen am Neckar,73728,9.300578149,48.73854148,3,2609100014.0,,2609100015.0,,h,2.0,Störung,,,,,,,5.0,5.0
-4359664030948879851-2609092348-14,19186,2609100040.0,2609100040.0,3.0,,ARV,MEX16,Geislingen(Steige)|Geislingen(Steige)West|Kuchen|Gingen(Fils)|Süßen|Salach|Eislingen(Fils)|Göppingen|Faurndau|Uhingen|Ebersbach(Fils)|Reichenbach(Fils)|Plochingen,8001920,Esslingen (Neckar),Baden-Württemberg,Esslingen am Neckar,73728,9.300578149,48.73854148,3,2609100040.0,,2609100040.0,,,,,,,,,,,0.0,0.0
-8775031481172421761-2609100020-9,7181,2609100047.0,2609100047.0,7.0,,S,S1,Kirchheim(Teck)|Kirchheim(Teck)-Ötlingen|Wendlingen(Neckar)|Wernau(Neckar)|Plochingen|Altbach|Esslingen-Zell|Oberesslingen,8001920,Esslingen (Neckar),Baden-Württemberg,Esslingen am Neckar,73728,9.300578149,48.73854148,3,2609100047.0,,2609100047.0,,,,,,,,,,,0.0,0.0
2298525024658281877-2609100025-6,7178,2609100039.0,2609100039.0,4.0,,S,S1,Stuttgart Hbf|Stuttgart-Bad Cannstatt|Stuttgart Neckarpark|Stuttgart-Untertürkheim|Stuttgart-Obertürkheim,8001921,Esslingen-Mettingen,Baden-Württemberg,Esslingen am Neckar,73733,9.275799007,48.74696655,3,2609100039.0,,2609100039.0,,,,,,,,,,,0.0,0.0
8092363418274949423-2609092350-10,7179,2609100019.0,2609100020.0,3.0,,S,S1,Kirchheim(Teck)|Kirchheim(Teck)-Ötlingen|Wendlingen(Neckar)|Wernau(Neckar)|Plochingen|Altbach|Esslingen-Zell|Oberesslingen|Esslingen(Neckar),8001921,Esslingen-Mettingen,Baden-Württemberg,Esslingen am Neckar,73733,9.275799007,48.74696655,3,2609100019.0,,2609100020.0,,,,,,,,,p,p,0.0,0.0
6181068125164198804-2609092355-6,7176,2609100009.0,2609100009.0,4.0,,S,S1,Stuttgart Hbf|Stuttgart-Bad Cannstatt|Stuttgart Neckarpark|Stuttgart-Untertürkheim|Stuttgart-Obertürkheim,8001921,Esslingen-Mettingen,Baden-Württemberg,Esslingen am Neckar,73733,9.275799007,48.74696655,3,2609100010.0,,2609100010.0,,,,,,,,,,,1.0,1.0
-8775031481172421761-2609100020-10,7181,2609100049.0,2609100050.0,3.0,,S,S1,Kirchheim(Teck)|Kirchheim(Teck)-Ötlingen|Wendlingen(Neckar)|Wernau(Neckar)|Plochingen|Altbach|Esslingen-Zell|Oberesslingen|Esslingen(Neckar),8001921,Esslingen-Mettingen,Baden-Württemberg,Esslingen am Neckar,73733,9.275799007,48.74696655,3,2609100049.0,,2609100051.0,,,,,,,,,,,0.0,1.0
2298525024658281877-2609100025-9,7178,2609100047.0,2609100048.0,4.0,,S,S1,Stuttgart Hbf|Stuttgart-Bad Cannstatt|Stuttgart Neckarpark|Stuttgart-Untertürkheim|Stuttgart-Obertürkheim|Esslingen-Mettingen|Esslingen(Neckar)|Oberesslingen,8006642,Esslingen-Zell,Baden-Württemberg,Esslingen am Neckar,73730,9.359739507,48.72436142,3,2609100047.0,,2609100048.0,,,,,,,,,,,0.0,0.0
8092363418274949423-2609092350-7,7179,2609100012.0,2609100012.0,3.0,,S,S1,Kirchheim(Teck)|Kirchheim(Teck)-Ötlingen|Wendlingen(Neckar)|Wernau(Neckar)|Plochingen|Altbach,8006642,Esslingen-Zell,Baden-Württemberg,Esslingen am Neckar,73730,9.359739507,48.72436142,3,2609100012.0,,2609100012.0,,,,,,,,,p,p,0.0,0.0
6181068125164198804-2609092355-9,7176,2609100017.0,2609100018.0,4.0,,S,S1,Stuttgart Hbf|Stuttgart-Bad Cannstatt|Stuttgart Neckarpark|Stuttgart-Untertürkheim|Stuttgart-Obertürkheim|Esslingen-Mettingen|Esslingen(Neckar)|Oberesslingen,8006642,Esslingen-Zell,Baden-Württemberg,Esslingen am Neckar,73730,9.359739507,48.72436142,3,2609100017.0,,2609100018.0,,,,,,,,,,,0.0,0.0
-8775031481172421761-2609100020-7,7181,2609100042.0,2609100042.0,3.0,,S,S1,Kirchheim(Teck)|Kirchheim(Teck)-Ötlingen|Wendlingen(Neckar)|Wernau(Neckar)|Plochingen|Altbach,8006642,Esslingen-Zell,Baden-Württemberg,Esslingen am Neckar,73730,9.359739507,48.72436142,3,2609100042.0,,2609100042.0,,,,,,,,,,,0.0,0.0
7846954886947346104-2609100037-7,7476,2609100056.0,2609100056.0,1.0,,S,S4,Stuttgart Hbf|Stuttgart Nordbahnhof|Stuttgart-Feuerbach|Stuttgart-Zuffenhausen|Kornwestheim Pbf|Ludwigsburg,8001967,Favoritepark,Baden-Württemberg,Ludwigsburg,71634,9.180574277,48.90948451,5,2609100057.0,2.0,2609100058.0,2.0,h,1.0,Bauarbeiten,,,,,,,1.0,2.0
-4175471405587783145-2609100007-7,7474,2609100026.0,2609100026.0,1.0,,S,S4,Stuttgart Hbf|Stuttgart Nordbahnhof|Stuttgart-Feuerbach|Stuttgart-Zuffenhausen|Kornwestheim Pbf|Ludwigsburg,8001967,Favoritepark,Baden-Württemberg,Ludwigsburg,71634,9.180574277,48.90948451,5,2609100026.0,2.0,2609100027.0,2.0,h,1.0,Bauarbeiten,,,,,,,0.0,1.0
2977099434128495599-2609092355-4,7477,2609100003.0,2609100004.0,2.0,,S,S4,Marbach(Neckar)|Benningen(Neckar)|Freiberg(Neckar),8001967,Favoritepark,Baden-Württemberg,Ludwigsburg,71634,9.180574277,48.90948451,5,2609100004.0,,2609100005.0,,h,1.0,Bauarbeiten,,,,,p,p,1.0,1.0
6461875104419562950-2609100020-5,7276,2609100031.0,2609100032.0,1.0,,S,S2,Stuttgart Hbf|Stuttgart-Bad Cannstatt|Stuttgart Nürnberger Str.|Stuttgart-Sommerrain,8001974,Fellbach,Baden-Württemberg,Fellbach,70736,9.270645988,48.8202936,3,2609100031.0,,2609100032.0,,h,2.0,Bauarbeiten,,,,,,,0.0,0.0
8924619333411272467-2609100042-5,7378,2609100056.0,2609100057.0,1.0,,S,S3,Stuttgart Hbf|Stuttgart-Bad Cannstatt|Stuttgart Nürnberger Str.|Stuttgart-Sommerrain,8001974,Fellbach,Baden-Württemberg,Fellbach,70736,9.270645988,48.8202936,3,2609100057.0,,2609100057.0,,,,,,,,,,,1.0,0.0
-6065798673451795825-2609092350-5,7274,2609100001.0,2609100002.0,1.0,,S,S2,Stuttgart Hbf|Stuttgart-Bad Cannstatt|Stuttgart Nürnberger Str.|Stuttgart-Sommerrain,8001974,Fellbach,Baden-Württemberg,Fellbach,70736,9.270645988,48.8202936,3,2609100002.0,,2609100002.0,,h,2.0,Bauarbeiten,,,,,,,1.0,0.0
6570008134094305920-2609100003-11,7279,2609100027.0,2609100028.0,4.0,,S,S2,Schorndorf|Weiler(Rems)|Winterbach(b Schorndorf)|Geradstetten|Grunbach|Beutelsbach|Endersbach|Stetten-Beinstein|Rommelshausen|Waiblingen,8001974,Fellbach,Baden-Württemberg,Fellbach,70736,9.270645988,48.8202936,3,2609100028.0,,2609100028.0,,h,2.0,Bauarbeiten,,,,,,,1.0,0.0
6798625749353298235-2609100012-5,7376,2609100026.0,2609100027.0,1.0,,S,S3,Stuttgart Hbf|Stuttgart-Bad Cannstatt|Stuttgart Nürnberger Str.|Stuttgart-Sommerrain,8001974,Fellbach,Baden-Württemberg,Fellbach,70736,9.270645988,48.8202936,3,2609100026.0,,2609100027.0,,,,,,,,,,,0.0,0.0
-7120372043677331542-2609092341-8,7377,2609100002.0,2609100003.0,4.0,,S,S3,Backnang|Maubach|Nellmersbach|Winnenden|Schwaikheim|Neustadt-Hohenacker|Waiblingen,8001974,Fellbach,Baden-Württemberg,Fellbach,70736,9.270645988,48.8202936,3,2609100002.0,,2609100003.0,,,,,,,,,,,0.0,0.0
8494074834215864068-2609100011-8,7379,2609100032.0,2609100033.0,4.0,,S,S3,Backnang|Maubach|Nellmersbach|Winnenden|Schwaikheim|Neustadt-Hohenacker|Waiblingen,8001974,Fellbach,Baden-Württemberg,Fellbach,70736,9.270645988,48.8202936,3,2609100037.0,,2609100037.0,,,,,,,,,,,5.0,4.0
-8097229136581884814-2609100033-11,7281,2609100057.0,2609100058.0,4.0,,S,S2,Schorndorf|Weiler(Rems)|Winterbach(b Schorndorf)|Geradstetten|Grunbach|Beutelsbach|Endersbach|Stetten-Beinstein|Rommelshausen|Waiblingen,8001974,Fellbach,Baden-Württemberg,Fellbach,70736,9.270645988,48.8202936,3,2609100130.0,,2609100131.0,,h,2.0,Bauarbeiten,,,Schorndorf|Weiler(Rems)|Winterbach(b Schorndorf)|Geradstetten|Grunbach|Beutelsbach|Endersbach|Stetten-Beinstein|Rommelshausen|Waiblingen,Stuttgart-Sommerrain|Stuttgart Nürnberger Str.|Stuttgart-Bad Cannstatt|Stuttgart Hbf,,,33.0,33.0
1391287489183680041-2609100035-6,7979,2609100052.0,2609100053.0,1.0,,S,S2,Stuttgart-Vaihingen|Stuttgart-Rohr|Oberaichen|Leinfelden|Echterdingen,8005768,Stuttgart Flughafen/Messe,Baden-Württemberg,Leinfelden-Echterdingen,70629,9.193411574,48.69075193,4,2609100053.0,,2609100053.0,,,,,,,,,,,1.0,0.0
3605325443872813677-2609100005-6,7977,2609100022.0,2609100023.0,1.0,,S,S2,Stuttgart-Vaihingen|Stuttgart-Rohr|Oberaichen|Leinfelden|Echterdingen,8005768,Stuttgart Flughafen/Messe,Baden-Württemberg,Leinfelden-Echterdingen,70629,9.193411574,48.69075193,4,2609100022.0,,2609100023.0,,,,,,,,,,,0.0,0.0
5905216437651592640-2609100003-2,7976,2609100007.0,2609100008.0,2.0,,S,S2,Filderstadt,8005768,Stuttgart Flughafen/Messe,Baden-Württemberg,Leinfelden-Echterdingen,70629,9.193411574,48.69075193,4,2609100007.0,,2609100008.0,,,,,,,,,,,0.0,0.0
-7276272804962501987-2609100033-2,7978,2609100037.0,2609100038.0,2.0,,S,S2,Filderstadt,8005768,Stuttgart Flughafen/Messe,Baden-Württemberg,Leinfelden-Echterdingen,70629,9.193411574,48.69075193,4,2609100038.0,,2609100039.0,,,,,,,,,,,1.0,1.0
7846954886947346104-2609100037-8,7476,2609100059.0,2609100059.0,3.0,,S,S4,Stuttgart Hbf|Stuttgart Nordbahnhof|Stuttgart-Feuerbach|Stuttgart-Zuffenhausen|Kornwestheim Pbf|Ludwigsburg|Favoritepark,8002065,Freiberg (Neckar),Baden-Württemberg,Freiberg am Neckar,71691,9.197530085,48.92994974,5,2609100101.0,2.0,2609100101.0,2.0,h,1.0,Bauarbeiten,,,,,,,2.0,2.0
-4175471405587783145-2609100007-8,7474,2609100029.0,2609100029.0,3.0,,S,S4,Stuttgart Hbf|Stuttgart Nordbahnhof|Stuttgart-Feuerbach|Stuttgart-Zuffenhausen|Kornwestheim Pbf|Ludwigsburg|Favoritepark,8002065,Freiberg (Neckar),Baden-Württemberg,Freiberg am Neckar,71691,9.197530085,48.92994974,5,2609100030.0,2.0,2609100030.0,2.0,h,1.0,Bauarbeiten,,,,,,,1.0,1.0
2977099434128495599-2609092355-3,7477,2609100000.0,2609100001.0,2.0,,S,S4,Marbach(Neckar)|Benningen(Neckar),8002065,Freiberg (Neckar),Baden-Württemberg,Freiberg am Neckar,71691,9.197530085,48.92994974,5,2609100001.0,,2609100002.0,,h,1.0,Bauarbeiten,,,,,p,p,1.0,1.0
-2978262493163587752-2609100016-3,7780,2609100022.0,2609100022.0,2.0,,S,S1,Herrenberg|Nufringen,8002165,Gärtringen,Baden-Württemberg,Gärtringen,71116,8.908864487,48.64080021,5,2609100022.0,2.0,2609100022.0,2.0,,,,,,,,,,0.0,0.0
-1459141203769340300-2609100016-7,7777,2609100038.0,2609100038.0,1.0,,S,S1,Stuttgart-Vaihingen|Stuttgart-Rohr|Goldberg(Württ)|Böblingen|Hulb|Ehningen(b Böblingen),8002165,Gärtringen,Baden-Württemberg,Gärtringen,71116,8.908864487,48.64080021,5,2609100041.0,,2609100041.0,,,,,,,,,,,3.0,3.0
3254218711381615406-2609092346-7,7775,2609100008.0,2609100008.0,1.0,,S,S1,Stuttgart-Vaihingen|Stuttgart-Rohr|Goldberg(Württ)|Böblingen|Hulb|Ehningen(b Böblingen),8002165,Gärtringen,Baden-Württemberg,Gärtringen,71116,8.908864487,48.64080021,5,2609100008.0,,2609100009.0,,,,,,,,,,,0.0,1.0
6461875104419562950-2609100020-12,7276,2609100047.0,2609100047.0,2.0,,S,S2,Stuttgart Hbf|Stuttgart-Bad Cannstatt|Stuttgart Nürnberger Str.|Stuttgart-Sommerrain|Fellbach|Waiblingen|Rommelshausen|Stetten-Beinstein|Endersbach|Beutelsbach|Grunbach,8002240,Geradstetten,Baden-Württemberg,Remshalden,73630,9.439522346,48.80527689,5,2609100049.0,1.0,2609100050.0,1.0,h,2.0,Bauarbeiten,,,,,,,2.0,3.0
-6065798673451795825-2609092350-12,7274,2609100017.0,2609100017.0,2.0,,S,S2,Stuttgart Hbf|Stuttgart-Bad Cannstatt|Stuttgart Nürnberger Str.|Stuttgart-Sommerrain|Fellbach|Waiblingen|Rommelshausen|Stetten-Beinstein|Endersbach|Beutelsbach|Grunbach,8002240,Geradstetten,Baden-Württemberg,Remshalden,73630,9.439522346,48.80527689,5,2609100021.0,,2609100021.0,,h,2.0,Bauarbeiten,,,,,,,4.0,4.0
6570008134094305920-2609100003-4,7279,2609100010.0,2609100011.0,1.0,,S,S2,Schorndorf|Weiler(Rems)|Winterbach(b Schorndorf),8002240,Geradstetten,Baden-Württemberg,Remshalden,73630,9.439522346,48.80527689,5,2609100011.0,,2609100011.0,,h,2.0,Bauarbeiten,,,,,,,1.0,0.0
-8097229136581884814-2609100033-4,7281,2609100040.0,2609100041.0,1.0,,S,S2,Schorndorf|Weiler(Rems)|Winterbach(b Schorndorf),8002240,Geradstetten,Baden-Württemberg,Remshalden,73630,9.439522346,48.80527689,5,2609100111.0,,2609100112.0,,h,2.0,Bauarbeiten,,,Schorndorf|Weiler(Rems)|Winterbach(b Schorndorf),Grunbach|Beutelsbach|Endersbach|Stetten-Beinstein|Rommelshausen|Waiblingen|Fellbach|Stuttgart-Sommerrain|Stuttgart Nürnberger Str.|Stuttgart-Bad Cannstatt|Stuttgart Hbf,,,31.0,31.0
-2978262493163587752-2609100016-7,7780,2609100032.0,2609100032.0,2.0,,S,S1,Herrenberg|Nufringen|Gärtringen|Ehningen(b Böblingen)|Hulb|Böblingen,8005201,Goldberg,Baden-Württemberg,Böblingen,71032,9.019733387,48.69651581,5,2609100032.0,,2609100032.0,,,,,,,,,,,0.0,0.0
-1459141203769340300-2609100016-3,7777,2609100028.0,2609100028.0,1.0,,S,S1,Stuttgart-Vaihingen|Stuttgart-Rohr,8005201,Goldberg,Baden-Württemberg,Böblingen,71032,9.019733387,48.69651581,5,2609100031.0,,2609100031.0,,,,,,,,,,,3.0,3.0
-3828888404650944113-2609100046-3,7779,2609100058.0,2609100058.0,1.0,,S,S1,Stuttgart-Vaihingen|Stuttgart-Rohr,8005201,Goldberg,Baden-Württemberg,Böblingen,71032,9.019733387,48.69651581,5,2609100058.0,,2609100058.0,,,,,,,,,,,0.0,0.0
4991213592121918551-2609092346-7,7778,2609100002.0,2609100002.0,2.0,,S,S1,Herrenberg|Nufringen|Gärtringen|Ehningen(b Böblingen)|Hulb|Böblingen,8005201,Goldberg,Baden-Württemberg,Böblingen,71032,9.019733387,48.69651581,5,2609100002.0,,2609100003.0,,,,,,,,,,,0.0,1.0
6461875104419562950-2609100020-11,7276,2609100045.0,2609100045.0,3.0,,S,S2,Stuttgart Hbf|Stuttgart-Bad Cannstatt|Stuttgart Nürnberger Str.|Stuttgart-Sommerrain|Fellbach|Waiblingen|Rommelshausen|Stetten-Beinstein|Endersbach|Beutelsbach,8002448,Grunbach,Baden-Württemberg,Remshalden,73630,9.419580601,48.810414,4,2609100046.0,1.0,2609100047.0,1.0,h,2.0,Bauarbeiten,,,,,,,1.0,2.0
-6065798673451795825-2609092350-11,7274,2609100015.0,2609100015.0,3.0,,S,S2,Stuttgart Hbf|Stuttgart-Bad Cannstatt|Stuttgart Nürnberger Str.|Stuttgart-Sommerrain|Fellbach|Waiblingen|Rommelshausen|Stetten-Beinstein|Endersbach|Beutelsbach,8002448,Grunbach,Baden-Württemberg,Remshalden,73630,9.419580601,48.810414,4,2609100019.0,,2609100020.0,,h,2.0,Bauarbeiten,,,,,,,4.0,5.0
6570008134094305920-2609100003-5,7279,2609100012.0,2609100013.0,2.0,,S,S2,Schorndorf|Weiler(Rems)|Winterbach(b Schorndorf)|Geradstetten,8002448,Grunbach,Baden-Württemberg,Remshalden,73630,9.419580601,48.810414,4,2609100013.0,,2609100013.0,,h,2.0,Bauarbeiten,,,,,,,1.0,0.0
-8097229136581884814-2609100033-5,7281,2609100042.0,2609100043.0,2.0,,S,S2,Schorndorf|Weiler(Rems)|Winterbach(b Schorndorf)|Geradstetten,8002448,Grunbach,Baden-Württemberg,Remshalden,73630,9.419580601,48.810414,4,2609100113.0,,2609100114.0,,h,2.0,Bauarbeiten,,,Schorndorf|Weiler(Rems)|Winterbach(b Schorndorf)|Geradstetten,Beutelsbach|Endersbach|Stetten-Beinstein|Rommelshausen|Waiblingen|Fellbach|Stuttgart-Sommerrain|Stuttgart Nürnberger Str.|Stuttgart-Bad Cannstatt|Stuttgart Hbf,,,31.0,31.0
-2978262493163587752-2609100016-1,7780,,2609100016.0,,,S,S1,,8002785,Herrenberg,Baden-Württemberg,Herrenberg,71083,8.862625253,48.59395697,3,,,2609100016.0,,,,,,,,,,,0.0,0.0
-2640907366748827010-2609100011-10,22701,2609100041.0,,102.0,,RB,,Tübingen Hbf|Tübingen West|Unterjesingen Sandäcker|Unterjesingen Mitte|Pfäffingen|Entringen|Altingen(Württ)|Gültstein|Herrenberg Zwerchweg,8002785,Herrenberg,Baden-Württemberg,Herrenberg,71083,8.862625253,48.59395697,3,2609100041.0,,,,h,2.0,Bauarbeiten,,,,,,,0.0,0.0
-1459141203769340300-2609100016-9,7777,2609100045.0,,3.0,,S,,Stuttgart-Vaihingen|Stuttgart-Rohr|Goldberg(Württ)|Böblingen|Hulb|Ehningen(b Böblingen)|Gärtringen|Nufringen,8002785,Herrenberg,Baden-Württemberg,Herrenberg,71083,8.862625253,48.59395697,3,2609100048.0,2.0,,,,,,,,,,,,3.0,0.0
4466967580549170140-2609092341-10,22893,2609100011.0,,102.0,,RB,,Tübingen Hbf|Tübingen West|Unterjesingen Sandäcker|Unterjesingen Mitte|Pfäffingen|Entringen|Altingen(Württ)|Gültstein|Herrenberg Zwerchweg,8002785,Herrenberg,Baden-Württemberg,Herrenberg,71083,8.862625253,48.59395697,3,2609100011.0,,,,h,2.0,Bauarbeiten,,,,,,,0.0,0.0
1240629729131169412-2609100049-1,22890,,2609100049.0,,,RB,RB63,,8002785,Herrenberg,Baden-Württemberg,Herrenberg,71083,8.862625253,48.59395697,3,,,2609100049.0,,h,2.0,Bauarbeiten,,,,,,,0.0,0.0
7006300575087121655-2609100019-1,22886,,2609100019.0,,,RB,RB63,,8002785,Herrenberg,Baden-Württemberg,Herrenberg,71083,8.862625253,48.59395697,3,,,2609100020.0,,h,2.0,Bauarbeiten,,,,,,,0.0,1.0
3254218711381615406-2609092346-9,7775,2609100015.0,,3.0,,S,,Stuttgart-Vaihingen|Stuttgart-Rohr|Goldberg(Württ)|Böblingen|Hulb|Ehningen(b Böblingen)|Gärtringen|Nufringen,8002785,Herrenberg,Baden-Württemberg,Herrenberg,71083,8.862625253,48.59395697,3,2609100015.0,,,,,,,,,,,,,0.0,0.0
-2978262493163587752-2609100016-5,7780,2609100028.0,2609100028.0,2.0,,S,S1,Herrenberg|Nufringen|Gärtringen|Ehningen(b Böblingen),8003022,Hulb,Baden-Württemberg,Böblingen-Hulb,71032,8.982396429,48.67924173,5,2609100028.0,,2609100028.0,,,,,,,,,,,0.0,0.0
-1459141203769340300-2609100016-5,7777,2609100032.0,2609100032.0,1.0,,S,S1,Stuttgart-Vaihingen|Stuttgart-Rohr|Goldberg(Württ)|Böblingen,8003022,Hulb,Baden-Württemberg,Böblingen-Hulb,71032,8.982396429,48.67924173,5,2609100035.0,,2609100035.0,,,,,,,,,,,3.0,3.0
3254218711381615406-2609092346-5,7775,2609100002.0,2609100002.0,1.0,,S,S1,Stuttgart-Vaihingen|Stuttgart-Rohr|Goldberg(Württ)|Böblingen,8003022,Hulb,Baden-Württemberg,Böblingen-Hulb,71032,8.982396429,48.67924173,5,2609100002.0,,2609100002.0,,,,,,,,,,,0.0,0.0
1391287489183680041-2609100035-7,7979,2609100057.0,,2.0,,S,,Stuttgart-Vaihingen|Stuttgart-Rohr|Oberaichen|Leinfelden|Echterdingen|Stuttgart Flughafen/Messe,8001984,Filderstadt,Baden-Württemberg,Filderstadt,70794,9.217581315,48.67649151,5,2609100057.0,,,,,,,,,,,,,0.0,0.0
3605325443872813677-2609100005-7,7977,2609100027.0,,1.0,,S,,Stuttgart-Vaihingen|Stuttgart-Rohr|Oberaichen|Leinfelden|Echterdingen|Stuttgart Flughafen/Messe,8001984,Filderstadt,Baden-Württemberg,Filderstadt,70794,9.217581315,48.67649151,5,2609100027.0,,,,,,,,,,,,,0.0,0.0
5905216437651592640-2609100003-1,7976,,2609100003.0,,,S,S2,,8001984,Filderstadt,Baden-Württemberg,Filderstadt,70794,9.217581315,48.67649151,5,,,2609100003.0,,,,,,,,,,,0.0,0.0
-7276272804962501987-2609100033-1,7978,,2609100033.0,,,S,S2,,8001984,Filderstadt,Baden-Württemberg,Filderstadt,70794,9.217581315,48.67649151,5,,,2609100035.0,,,,,,,,,,,0.0,2.0
-6275608324438357522-2609092325-15,7174,2609100009.0,,2.0,,S,,Stuttgart Hbf|Stuttgart-Bad Cannstatt|Stuttgart Neckarpark|Stuttgart-Untertürkheim|Stuttgart-Obertürkheim|Esslingen-Mettingen|Esslingen(Neckar)|Oberesslingen|Esslingen-Zell|Altbach|Plochingen|Wernau(Neckar)|Wendlingen(Neckar)|Kirchheim(Teck)-Ötlingen,8003280,Kirchheim (Teck),Baden-Württemberg,Kirchheim unter Teck,73230,9.443872422,48.64415981,4,2609100011.0,,,,,,,,,,,,,2.0,0.0
6181068125164198804-2609092355-15,7176,2609100039.0,,2.0,,S,,Stuttgart Hbf|Stuttgart-Bad Cannstatt|Stuttgart Neckarpark|Stuttgart-Untertürkheim|Stuttgart-Obertürkheim|Esslingen-Mettingen|Esslingen(Neckar)|Oberesslingen|Esslingen-Zell|Altbach|Plochingen|Wernau(Neckar)|Wendlingen(Neckar)|Kirchheim(Teck)-Ötlingen,8003280,Kirchheim (Teck),Baden-Württemberg,Kirchheim unter Teck,73230,9.443872422,48.64415981,4,2609100039.0,,,,,,,,,,,,,0.0,0.0
-8775031481172421761-2609100020-1,7181,,2609100020.0,,,S,S1,,8003280,Kirchheim (Teck),Baden-Württemberg,Kirchheim unter Teck,73230,9.443872422,48.64415981,4,,,2609100020.0,,,,,,,,,,,0.0,0.0
-6275608324438357522-2609092325-14,7174,2609100006.0,2609100007.0,1.0,,S,S1,Stuttgart Hbf|Stuttgart-Bad Cannstatt|Stuttgart Neckarpark|Stuttgart-Untertürkheim|Stuttgart-Obertürkheim|Esslingen-Mettingen|Esslingen(Neckar)|Oberesslingen|Esslingen-Zell|Altbach|Plochingen|Wernau(Neckar)|Wendlingen(Neckar),8003282,Kirchheim (Teck)-Ötlingen,Baden-Württemberg,Kirchheim unter Teck,73230,9.416261302,48.65782388,5,2609100008.0,,2609100009.0,,,,,,,,,,,2.0,2.0
6181068125164198804-2609092355-14,7176,2609100036.0,2609100037.0,1.0,,S,S1,Stuttgart Hbf|Stuttgart-Bad Cannstatt|Stuttgart Neckarpark|Stuttgart-Untertürkheim|Stuttgart-Obertürkheim|Esslingen-Mettingen|Esslingen(Neckar)|Oberesslingen|Esslingen-Zell|Altbach|Plochingen|Wernau(Neckar)|Wendlingen(Neckar),8003282,Kirchheim (Teck)-Ötlingen,Baden-Württemberg,Kirchheim unter Teck,73230,9.416261302,48.65782388,5,2609100036.0,,2609100037.0,,,,,,,,,,,0.0,0.0
-8775031481172421761-2609100020-2,7181,2609100023.0,2609100023.0,1.0,,S,S1,Kirchheim(Teck),8003282,Kirchheim (Teck)-Ötlingen,Baden-Württemberg,Kirchheim unter Teck,73230,9.416261302,48.65782388,5,2609100023.0,,2609100023.0,,,,,,,,,,,0.0,0.0
-2203143972630932280-2609100024-3,7679,2609100028.0,2609100029.0,3.0,,S,S6,Ditzingen|Weilimdorf,8003409,Korntal,Baden-Württemberg,Korntal,70825,9.121099128,48.82640246,4,2609100029.0,,2609100030.0,,h,1.0,Bauarbeiten,,,,,,,1.0,1.0
7251830197396160216-2609092347-6,7674,2609100001.0,2609100001.0,1.0,,S,S6,Stuttgart Hbf|Stuttgart Nordbahnhof|Stuttgart-Feuerbach|Stuttgart-Zuffenhausen|Neuwirtshaus(Porscheplatz),8003409,Korntal,Baden-Württemberg,Korntal,70825,9.121099128,48.82640246,4,2609100001.0,,2609100002.0,,h,1.0,Bauarbeiten,,,,,,,0.0,1.0
5793407647973528623-2609100031-7,1007,2609100054.0,,7.0,,WEG,,Heimerdingen|Hemmingen|Schwieberdingen|Münchingen|Münchingen Rührberg|Korntal Gymnasium,8003409,Korntal,Baden-Württemberg,Korntal,70825,9.121099128,48.82640246,4,2609100110.0,,,,,,,,,,,,,16.0,0.0
7735692879743924898-2609100017-6,7676,2609100031.0,2609100031.0,1.0,,S,S6,Stuttgart Hbf|Stuttgart Nordbahnhof|Stuttgart-Feuerbach|Stuttgart-Zuffenhausen|Neuwirtshaus(Porscheplatz),8003409,Korntal,Baden-Württemberg,Korntal,70825,9.121099128,48.82640246,4,2609100031.0,,2609100031.0,,h,1.0,Bauarbeiten,,,,,,,0.0,0.0
-4886226872455518347-2609100005-1,1000,,2609100005.0,,,WEG,RB47,,8003409,Korntal,Baden-Württemberg,Korntal,70825,9.121099128,48.82640246,4,,,2609100005.0,,,,,,,,,,,0.0,0.0
7846954886947346104-2609100037-5,7476,2609100050.0,2609100050.0,4.0,,S,S4,Stuttgart Hbf|Stuttgart Nordbahnhof|Stuttgart-Feuerbach|Stuttgart-Zuffenhausen,8003411,Kornwestheim Pbf,Baden-Württemberg,Kornwestheim,70806,9.179967278,48.86215948,3,2609100050.0,,2609100051.0,,h,1.0,Bauarbeiten,,,,,,,0.0,1.0
-5842345505256526084-2609092357-5,7576,2609100010.0,2609100010.0,4.0,,S,S5,Stuttgart Hbf|Stuttgart Nordbahnhof|Stuttgart-Feuerbach|Stuttgart-Zuffenhausen,8003411,Kornwestheim Pbf,Baden-Württemberg,Kornwestheim,70806,9.179967278,48.86215948,3,2609100010.0,,2609100010.0,,h,1.0,Bauarbeiten,,,,,,,0.0,0.0
-4175471405587783145-2609100007-5,7474,2609100020.0,2609100020.0,4.0,,S,S4,Stuttgart Hbf|Stuttgart Nordbahnhof|Stuttgart-Feuerbach|Stuttgart-Zuffenhausen,8003411,Kornwestheim Pbf,Baden-Württemberg,Kornwestheim,70806,9.179967278,48.86215948,3,2609100020.0,,2609100021.0,,h,1.0,Bauarbeiten,,,,,,,0.0,1.0
4485205009405163343-2609100016-2,7579,2609100019.0,2609100020.0,3.0,,S,S5,Ludwigsburg,8003411,Kornwestheim Pbf,Baden-Württemberg,Kornwestheim,70806,9.179967278,48.86215948,3,2609100019.0,,2609100020.0,,h,1.0,Bauarbeiten,,,,,,,0.0,0.0
-1059289875129037590-2609100027-5,7578,2609100040.0,2609100040.0,4.0,,S,S5,Stuttgart Hbf|Stuttgart Nordbahnhof|Stuttgart-Feuerbach|Stuttgart-Zuffenhausen,8003411,Kornwestheim Pbf,Baden-Württemberg,Kornwestheim,70806,9.179967278,48.86215948,3,2609100040.0,,2609100041.0,,h,1.0,Bauarbeiten,,,,,,,0.0,1.0
2977099434128495599-2609092355-6,7477,2609100010.0,2609100010.0,3.0,,S,S4,Marbach(Neckar)|Benningen(Neckar)|Freiberg(Neckar)|Favoritepark|Ludwigsburg,8003411,Kornwestheim Pbf,Baden-Württemberg,Kornwestheim,70806,9.179967278,48.86215948,3,2609100010.0,,2609100010.0,,h,1.0,Bauarbeiten,,,,,p,p,0.0,0.0
1391287489183680041-2609100035-4,7979,2609100046.0,2609100047.0,1.0,,S,S2,Stuttgart-Vaihingen|Stuttgart-Rohr|Oberaichen,8003622,Leinfelden,Baden-Württemberg,Leinfelden-Echterdingen,70771,9.142859698,48.6964193,4,2609100046.0,,2609100048.0,,,,,,,,,,,0.0,1.0
3605325443872813677-2609100005-4,7977,2609100016.0,2609100017.0,1.0,,S,S2,Stuttgart-Vaihingen|Stuttgart-Rohr|Oberaichen,8003622,Leinfelden,Baden-Württemberg,Leinfelden-Echterdingen,70771,9.142859698,48.6964193,4,2609100016.0,,2609100018.0,,,,,,,,,,,0.0,1.0
5905216437651592640-2609100003-4,7976,2609100012.0,2609100013.0,2.0,,S,S2,Filderstadt|Stuttgart Flughafen/Messe|Echterdingen,8003622,Leinfelden,Baden-Württemberg,Leinfelden-Echterdingen,70771,9.142859698,48.6964193,4,2609100012.0,,2609100013.0,,,,,,,,,,,0.0,0.0
-7276272804962501987-2609100033-4,7978,2609100042.0,2609100043.0,2.0,,S,S2,Filderstadt|Stuttgart Flughafen/Messe|Echterdingen,8003622,Leinfelden,Baden-Württemberg,Leinfelden-Echterdingen,70771,9.142859698,48.6964193,4,2609100043.0,,2609100044.0,,,,,,,,,,,1.0,1.0
1672508797229917714-2609100003-5,7689,2609100017.0,,1.0,,S,,Weil der Stadt|Malmsheim|Renningen|Rutesheim,8003652,Leonberg,Baden-Württemberg,Leonberg,71229,9.004025993,48.79970547,3,2609100020.0,3.0,,,,,,,,,,,,3.0,0.0
1170028468095042603-2609100013-1,7688,,2609100013.0,,,S,S6,,8003652,Leonberg,Baden-Württemberg,Leonberg,71229,9.004025993,48.79970547,3,,,2609100013.0,3.0,,,,,,,,,,0.0,0.0
-5273476545227506052-2609100043-1,7690,,2609100043.0,,,S,S6,,8003652,Leonberg,Baden-Württemberg,Leonberg,71229,9.004025993,48.79970547,3,,,2609100046.0,3.0,,,,,,,,,,0.0,3.0
7846954886947346104-2609100037-6,7476,2609100053.0,2609100054.0,2.0,,S,S4,Stuttgart Hbf|Stuttgart Nordbahnhof|Stuttgart-Feuerbach|Stuttgart-Zuffenhausen|Kornwestheim Pbf,8000235,Ludwigsburg,Baden-Württemberg,Ludwigsburg,71638,9.185229823,48.89208622,3,2609100054.0,,2609100055.0,,h,1.0,Bauarbeiten,,,,,,,1.0,1.0
-4165700884382640783-2609092316-11,19364,2609100028.0,2609100029.0,1.0,,RE,MEX12,Reutlingen Hbf|Metzingen(Württ)|Bempflingen|Nürtingen|Oberboihingen|Wendlingen(Neckar)|Plochingen|Esslingen(Neckar)|Stuttgart-Bad Cannstatt|Stuttgart Hbf,8000235,Ludwigsburg,Baden-Württemberg,Ludwigsburg,71638,9.185229823,48.89208622,3,2609100029.0,,2609100030.0,,h,2.0,Störung,,,,,,,1.0,1.0
-5842345505256526084-2609092357-6,7576,2609100013.0,,2.0,,S,,Stuttgart Hbf|Stuttgart Nordbahnhof|Stuttgart-Feuerbach|Stuttgart-Zuffenhausen|Kornwestheim Pbf,8000235,Ludwigsburg,Baden-Württemberg,Ludwigsburg,71638,9.185229823,48.89208622,3,2609100013.0,,,,h,1.0,Bauarbeiten,,,,,,,0.0,0.0
-4175471405587783145-2609100007-6,7474,2609100023.0,2609100024.0,2.0,,S,S4,Stuttgart Hbf|Stuttgart Nordbahnhof|Stuttgart-Feuerbach|Stuttgart-Zuffenhausen|Kornwestheim Pbf,8000235,Ludwigsburg,Baden-Württemberg,Ludwigsburg,71638,9.185229823,48.89208622,3,2609100023.0,,2609100024.0,,h,1.0,Bauarbeiten,,,,,,,0.0,0.0
-777260281010664973-2609100016-2,19036,2609100025.0,2609100025.0,1.0,,ARV,RE1,Stuttgart Hbf,8000235,Ludwigsburg,Baden-Württemberg,Ludwigsburg,71638,9.185229823,48.89208622,3,2609100026.0,,2609100026.0,,h,2.0,Information,,,,,,,1.0,1.0
4485205009405163343-2609100016-1,7579,,2609100016.0,,,S,S5,,8000235,Ludwigsburg,Baden-Württemberg,Ludwigsburg,71638,9.185229823,48.89208622,3,,,2609100016.0,,h,1.0,Bauarbeiten,,,,,,,0.0,0.0
-9180207167413763341-2609092338-5,19037,2609100010.0,2609100012.0,4.0,,ARV,RE1,Pforzheim Hbf|Mühlacker|Vaihingen(Enz)|Bietigheim-Bissingen,8000235,Ludwigsburg,Baden-Württemberg,Ludwigsburg,71638,9.185229823,48.89208622,3,2609100025.0,,2609100025.0,,h,2.0,Information,,,,,,,15.0,13.0
-1059289875129037590-2609100027-6,7578,2609100043.0,,2.0,,S,,Stuttgart Hbf|Stuttgart Nordbahnhof|Stuttgart-Feuerbach|Stuttgart-Zuffenhausen|Kornwestheim Pbf,8000235,Ludwigsburg,Baden-Württemberg,Ludwigsburg,71638,9.185229823,48.89208622,3,2609100044.0,,,,h,1.0,Bauarbeiten,,,,,,,1.0,0.0
-1923875060183499829-2609092330-8,19375,2609100004.0,2609100005.0,4.0,,RE,MEX18,Heilbronn Hbf|Nordheim(Württ)|Lauffen(Neckar)|Kirchheim(Neckar)|Walheim(Württ)|Besigheim|Bietigheim-Bissingen,8000235,Ludwigsburg,Baden-Württemberg,Ludwigsburg,71638,9.185229823,48.89208622,3,2609100005.0,,2609100006.0,,h,2.0,Störung,,,,,,,1.0,1.0
2977099434128495599-2609092355-5,7477,2609100006.0,2609100007.0,3.0,,S,S4,Marbach(Neckar)|Benningen(Neckar)|Freiberg(Neckar)|Favoritepark,8000235,Ludwigsburg,Baden-Württemberg,Ludwigsburg,71638,9.185229823,48.89208622,3,2609100006.0,,2609100007.0,,h,1.0,Bauarbeiten,,,,,p,p,0.0,0.0
575051924010749743-2609092357-8,19377,2609100034.0,2609100034.0,4.0,,RE,MEX12,Heilbronn Hbf|Nordheim(Württ)|Lauffen(Neckar)|Kirchheim(Neckar)|Walheim(Württ)|Besigheim|Bietigheim-Bissingen,8000235,Ludwigsburg,Baden-Württemberg,Ludwigsburg,71638,9.185229823,48.89208622,3,2609100034.0,3.0,2609100037.0,3.0,h,2.0,Störung,,,,,,,0.0,3.0
1672508797229917714-2609100003-2,7689,2609100005.0,2609100005.0,2.0,,S,S6,Weil der Stadt,8003831,Malmsheim,Baden-Württemberg,Renningen,71272,8.905105557,48.77183564,5,2609100008.0,,2609100009.0,,,,,,,,,,,3.0,4.0
1170028468095042603-2609100013-4,7688,2609100024.0,2609100024.0,1.0,,S,S6,Leonberg|Rutesheim|Renningen,8003831,Malmsheim,Baden-Württemberg,Renningen,71272,8.905105557,48.77183564,5,2609100024.0,,2609100025.0,,,,,,,,,,,0.0,1.0
-5273476545227506052-2609100043-4,7690,2609100054.0,2609100054.0,1.0,,S,S6,Leonberg|Rutesheim|Renningen,8003831,Malmsheim,Baden-Württemberg,Renningen,71272,8.905105557,48.77183564,5,2609100055.0,,2609100056.0,,,,,,,,,,,1.0,2.0
-4175471405587783145-2609100007-10,7474,2609100035.0,,1.0,,S,,Stuttgart Hbf|Stuttgart Nordbahnhof|Stuttgart-Feuerbach|Stuttgart-Zuffenhausen|Kornwestheim Pbf|Ludwigsburg|Favoritepark|Freiberg(Neckar)|Benningen(Neckar),8003853,Marbach (Neckar),Baden-Württemberg,Marbach am Neckar,71672,9.264611825,48.9437708,3,2609100036.0,,,,h,1.0,Bauarbeiten,,,,,,,1.0,0.0
3008894599226717977-2609092337-10,7472,2609100005.0,,1.0,,S,,Stuttgart Hbf|Stuttgart Nordbahnhof|Stuttgart-Feuerbach|Stuttgart-Zuffenhausen|Kornwestheim Pbf|Ludwigsburg|Favoritepark|Freiberg(Neckar)|Benningen(Neckar),8003853,Marbach (Neckar),Baden-Württemberg,Marbach am Neckar,71672,9.264611825,48.9437708,3,2609100006.0,,,,h,1.0,Bauarbeiten,,,,,,,1.0,0.0
4235977593412169897-2609092342-11,7374,2609100014.0,2609100015.0,2.0,,S,S3,Stuttgart Hbf|Stuttgart-Bad Cannstatt|Stuttgart Nürnberger Str.|Stuttgart-Sommerrain|Fellbach|Waiblingen|Neustadt-Hohenacker|Schwaikheim|Winnenden|Nellmersbach,8003913,Maubach,Baden-Württemberg,Backnang,71522,9.419487062,48.92623463,4,2609100014.0,,2609100015.0,,,,,,,,,,,0.0,0.0
6798625749353298235-2609100012-11,7376,2609100044.0,2609100045.0,2.0,,S,S3,Stuttgart Hbf|Stuttgart-Bad Cannstatt|Stuttgart Nürnberger Str.|Stuttgart-Sommerrain|Fellbach|Waiblingen|Neustadt-Hohenacker|Schwaikheim|Winnenden|Nellmersbach,8003913,Maubach,Baden-Württemberg,Backnang,71522,9.419487062,48.92623463,4,2609100048.0,,2609100048.0,,,,,,,,,,,4.0,3.0
8494074834215864068-2609100011-2,7379,2609100013.0,2609100014.0,1.0,,S,S3,Backnang,8003913,Maubach,Baden-Württemberg,Backnang,71522,9.419487062,48.92623463,4,2609100017.0,,2609100017.0,,,,,,,,,,,4.0,3.0
4235977593412169897-2609092342-10,7374,2609100011.0,2609100012.0,2.0,,S,S3,Stuttgart Hbf|Stuttgart-Bad Cannstatt|Stuttgart Nürnberger Str.|Stuttgart-Sommerrain|Fellbach|Waiblingen|Neustadt-Hohenacker|Schwaikheim|Winnenden,8004233,Nellmersbach,Baden-Württemberg,Leutenbach,71397,9.415421538,48.90336425,5,2609100011.0,,2609100013.0,,,,,,,,,,,0.0,1.0
6798625749353298235-2609100012-10,7376,2609100041.0,2609100042.0,2.0,,S,S3,Stuttgart Hbf|Stuttgart-Bad Cannstatt|Stuttgart Nürnberger Str.|Stuttgart-Sommerrain|Fellbach|Waiblingen|Neustadt-Hohenacker|Schwaikheim|Winnenden,8004233,Nellmersbach,Baden-Württemberg,Leutenbach,71397,9.415421538,48.90336425,5,2609100045.0,,2609100046.0,,,,,,,,,,,4.0,4.0
8494074834215864068-2609100011-3,7379,2609100016.0,2609100016.0,1.0,,S,S3,Backnang|Maubach,8004233,Nellmersbach,Baden-Württemberg,Leutenbach,71397,9.415421538,48.90336425,5,2609100019.0,,2609100020.0,,,,,,,,,,,3.0,4.0
4235977593412169897-2609092342-7,7374,2609100003.0,2609100003.0,1.0,,S,S3,Stuttgart Hbf|Stuttgart-Bad Cannstatt|Stuttgart Nürnberger Str.|Stuttgart-Sommerrain|Fellbach|Waiblingen,8004333,Neustadt-Hohenacker,Baden-Württemberg,Waiblingen,71336,9.32455106,48.85921668,5,2609100004.0,,2609100004.0,,,,,,,,,,,1.0,1.0
6798625749353298235-2609100012-7,7376,2609100033.0,2609100033.0,1.0,,S,S3,Stuttgart Hbf|Stuttgart-Bad Cannstatt|Stuttgart Nürnberger Str.|Stuttgart-Sommerrain|Fellbach|Waiblingen,8004333,Neustadt-Hohenacker,Baden-Württemberg,Waiblingen,71336,9.32455106,48.85921668,5,2609100037.0,,2609100038.0,,,,,,,,,,,4.0,5.0
8494074834215864068-2609100011-6,7379,2609100025.0,2609100025.0,2.0,,S,S3,Backnang|Maubach|Nellmersbach|Winnenden|Schwaikheim,8004333,Neustadt-Hohenacker,Baden-Württemberg,Waiblingen,71336,9.32455106,48.85921668,5,2609100027.0,,2609100031.0,,,,,,,,,,,2.0,6.0
7310467920449271-2609100047-5,7678,2609100058.0,2609100059.0,1.0,,S,S6,Stuttgart Hbf|Stuttgart Nordbahnhof|Stuttgart-Feuerbach|Stuttgart-Zuffenhausen,8004338,Neuwirtshaus (Porscheplatz),Baden-Württemberg,Stuttgart,70435,9.151955614,48.83384734,4,2609100058.0,,2609100059.0,,h,1.0,Bauarbeiten,,,,,,,0.0,0.0
-2203143972630932280-2609100024-4,7679,2609100031.0,2609100031.0,2.0,,S,S6,Ditzingen|Weilimdorf|Korntal,8004338,Neuwirtshaus (Porscheplatz),Baden-Württemberg,Stuttgart,70435,9.151955614,48.83384734,4,2609100033.0,,2609100033.0,,h,1.0,Bauarbeiten,,,,,,,2.0,2.0
848495705669194349-2609092354-4,7677,2609100001.0,2609100001.0,2.0,,S,S6,Ditzingen|Weilimdorf|Korntal,8004338,Neuwirtshaus (Porscheplatz),Baden-Württemberg,Stuttgart,70435,9.151955614,48.83384734,4,2609100002.0,,2609100002.0,,h,1.0,Bauarbeiten,,,,,,,1.0,1.0
7735692879743924898-2609100017-5,7676,2609100028.0,2609100029.0,1.0,,S,S6,Stuttgart Hbf|Stuttgart Nordbahnhof|Stuttgart-Feuerbach|Stuttgart-Zuffenhausen,8004338,Neuwirtshaus (Porscheplatz),Baden-Württemberg,Stuttgart,70435,9.151955614,48.83384734,4,2609100028.0,,2609100029.0,,h,1.0,Bauarbeiten,,,,,,,0.0,0.0
-2978262493163587752-2609100016-2,7780,2609100019.0,2609100019.0,2.0,,S,S1,Herrenberg,8004490,Nufringen,Baden-Württemberg,Nufringen,71154,8.889817485,48.62010967,5,2609100019.0,,2609100019.0,,,,,,,,,,,0.0,0.0
-1459141203769340300-2609100016-8,7777,2609100041.0,2609100041.0,1.0,,S,S1,Stuttgart-Vaihingen|Stuttgart-Rohr|Goldberg(Württ)|Böblingen|Hulb|Ehningen(b Böblingen)|Gärtringen,8004490,Nufringen,Baden-Württemberg,Nufringen,71154,8.889817485,48.62010967,5,2609100043.0,,2609100044.0,,,,,,,,,,,2.0,3.0
3254218711381615406-2609092346-8,7775,2609100011.0,2609100011.0,1.0,,S,S1,Stuttgart-Vaihingen|Stuttgart-Rohr|Goldberg(Württ)|Böblingen|Hulb|Ehningen(b Böblingen)|Gärtringen,8004490,Nufringen,Baden-Württemberg,Nufringen,71154,8.889817485,48.62010967,5,2609100011.0,,2609100011.0,,,,,,,,,,,0.0,0.0
1391287489183680041-2609100035-3,7979,2609100044.0,2609100044.0,1.0,,S,S2,Stuttgart-Vaihingen|Stuttgart-Rohr,8004496,Oberaichen,Baden-Württemberg,Leinfelden-Echterdingen,70771,9.12743664,48.70512422,5,2609100044.0,,2609100045.0,,,,,,,,,,,0.0,1.0
3605325443872813677-2609100005-3,7977,2609100014.0,2609100014.0,1.0,,S,S2,Stuttgart-Vaihingen|Stuttgart-Rohr,8004496,Oberaichen,Baden-Württemberg,Leinfelden-Echterdingen,70771,9.12743664,48.70512422,5,2609100014.0,,2609100015.0,,,,,,,,,,,0.0,1.0
5905216437651592640-2609100003-5,7976,2609100015.0,2609100015.0,2.0,,S,S2,Filderstadt|Stuttgart Flughafen/Messe|Echterdingen|Leinfelden,8004496,Oberaichen,Baden-Württemberg,Leinfelden-Echterdingen,70771,9.12743664,48.70512422,5,2609100015.0,,2609100016.0,,,,,,,,,,,0.0,1.0
-7276272804962501987-2609100033-5,7978,2609100045.0,2609100045.0,2.0,,S,S2,Filderstadt|Stuttgart Flughafen/Messe|Echterdingen|Leinfelden,8004496,Oberaichen,Baden-Württemberg,Leinfelden-Echterdingen,70771,9.12743664,48.70512422,5,2609100045.0,,2609100046.0,,,,,,,,,,,0.0,1.0
2298525024658281877-2609100025-8,7178,2609100045.0,2609100045.0,4.0,,S,S1,Stuttgart Hbf|Stuttgart-Bad Cannstatt|Stuttgart Neckarpark|Stuttgart-Untertürkheim|Stuttgart-Obertürkheim|Esslingen-Mettingen|Esslingen(Neckar),8004528,Oberesslingen,Baden-Württemberg,Esslingen am Neckar,73730,9.327277435,48.72983585,3,2609100045.0,,2609100045.0,,,,,,,,,,,0.0,0.0
8092363418274949423-2609092350-8,7179,2609100014.0,2609100015.0,3.0,,S,S1,Kirchheim(Teck)|Kirchheim(Teck)-Ötlingen|Wendlingen(Neckar)|Wernau(Neckar)|Plochingen|Altbach|Esslingen-Zell,8004528,Oberesslingen,Baden-Württemberg,Esslingen am Neckar,73730,9.327277435,48.72983585,3,2609100014.0,,2609100015.0,,,,,,,,,p,p,0.0,0.0
6181068125164198804-2609092355-8,7176,2609100015.0,2609100015.0,4.0,,S,S1,Stuttgart Hbf|Stuttgart-Bad Cannstatt|Stuttgart Neckarpark|Stuttgart-Untertürkheim|Stuttgart-Obertürkheim|Esslingen-Mettingen|Esslingen(Neckar),8004528,Oberesslingen,Baden-Württemberg,Esslingen am Neckar,73730,9.327277435,48.72983585,3,2609100015.0,,2609100015.0,,,,,,,,,,,0.0,0.0
-8775031481172421761-2609100020-8,7181,2609100044.0,2609100045.0,3.0,,S,S1,Kirchheim(Teck)|Kirchheim(Teck)-Ötlingen|Wendlingen(Neckar)|Wernau(Neckar)|Plochingen|Altbach|Esslingen-Zell,8004528,Oberesslingen,Baden-Württemberg,Esslingen am Neckar,73730,9.327277435,48.72983585,3,2609100044.0,,2609100045.0,,,,,,,,,,,0.0,0.0
-8657113913917172137-2609092343-7,19342,2609100013.0,2609100014.0,6.0,,RE,MEX18,Reutlingen Hbf|Metzingen(Württ)|Bempflingen|Nürtingen|Oberboihingen|Wendlingen(Neckar),8000302,Plochingen,Baden-Württemberg,Plochingen,73207,9.411294578,48.71293906,2,2609100017.0,,2609100022.0,,h,2.0,Störung,,,,,,,4.0,8.0
2298525024658281877-2609100025-11,7178,2609100053.0,2609100055.0,9.0,,S,S1,Stuttgart Hbf|Stuttgart-Bad Cannstatt|Stuttgart Neckarpark|Stuttgart-Untertürkheim|Stuttgart-Obertürkheim|Esslingen-Mettingen|Esslingen(Neckar)|Oberesslingen|Esslingen-Zell|Altbach,8000302,Plochingen,Baden-Württemberg,Plochingen,73207,9.411294578,48.71293906,2,2609100053.0,10.0,2609100055.0,10.0,,,,,,,,,,0.0,0.0
8092363418274949423-2609092350-5,7179,2609100005.0,2609100007.0,9.0,,S,S1,Kirchheim(Teck)|Kirchheim(Teck)-Ötlingen|Wendlingen(Neckar)|Wernau(Neckar),8000302,Plochingen,Baden-Württemberg,Plochingen,73207,9.411294578,48.71293906,2,2609100005.0,,2609100007.0,,,,,,,,,p,p,0.0,0.0
6962993513256562528-2609092342-4,19185,2609100000.0,2609100000.0,4.0,,ARV,MEX16,Stuttgart Hbf|Stuttgart-Bad Cannstatt|Esslingen(Neckar),8000302,Plochingen,Baden-Württemberg,Plochingen,73207,9.411294578,48.71293906,2,2609100008.0,,2609100009.0,,,,,,,,,,,8.0,9.0
6181068125164198804-2609092355-11,7176,2609100023.0,2609100025.0,9.0,,S,S1,Stuttgart Hbf|Stuttgart-Bad Cannstatt|Stuttgart Neckarpark|Stuttgart-Untertürkheim|Stuttgart-Obertürkheim|Esslingen-Mettingen|Esslingen(Neckar)|Oberesslingen|Esslingen-Zell|Altbach,8000302,Plochingen,Baden-Württemberg,Plochingen,73207,9.411294578,48.71293906,2,2609100023.0,,2609100025.0,,,,,,,,,,,0.0,0.0
6538495934741560204-2609092346-19,19188,2609100056.0,2609100057.0,1.0,,ARV,MEX16,Ulm Hbf|Beimerstetten|Westerstetten|Lonsee|Urspring|Amstetten(Württ)|Geislingen(Steige)|Geislingen(Steige)West|Kuchen|Gingen(Fils)|Süßen|Salach|Eislingen(Fils)|Göppingen|Faurndau|Uhingen|Ebersbach(Fils)|Reichenbach(Fils),8000302,Plochingen,Baden-Württemberg,Plochingen,73207,9.411294578,48.71293906,2,2609100058.0,,2609100059.0,,,,,,,,,,,2.0,2.0
-8733024508125192900-2609100004-4,19187,2609100023.0,2609100030.0,3.0,,ARV,MEX16,Stuttgart Hbf|Stuttgart-Bad Cannstatt|Esslingen(Neckar),8000302,Plochingen,Baden-Württemberg,Plochingen,73207,9.411294578,48.71293906,2,2609100021.0,4.0,2609100030.0,4.0,,,,,,,,,,-2.0,0.0
-3852490567873853424-2609092204-11,4236,2609100002.0,2609100003.0,1.0,,RE,RE5,Friedrichshafen Stadt|Meckenbeuren|Ravensburg|Aulendorf|Bad Schussenried|Biberach(Riß)|Laupheim West|Ulm Hbf|Geislingen(Steige)|Göppingen,8000302,Plochingen,Baden-Württemberg,Plochingen,73207,9.411294578,48.71293906,2,2609100007.0,,2609100009.0,,h,2.0,Störung,,,,,,,5.0,6.0
-4359664030948879851-2609092348-13,19186,2609100028.0,2609100034.0,1.0,,ARV,MEX16,Geislingen(Steige)|Geislingen(Steige)West|Kuchen|Gingen(Fils)|Süßen|Salach|Eislingen(Fils)|Göppingen|Faurndau|Uhingen|Ebersbach(Fils)|Reichenbach(Fils),8000302,Plochingen,Baden-Württemberg,Plochingen,73207,9.411294578,48.71293906,2,2609100029.0,,2609100034.0,,,,,,,,,,,1.0,0.0
-8775031481172421761-2609100020-5,7181,2609100035.0,2609100037.0,9.0,,S,S1,Kirchheim(Teck)|Kirchheim(Teck)-Ötlingen|Wendlingen(Neckar)|Wernau(Neckar),8000302,Plochingen,Baden-Württemberg,Plochingen,73207,9.411294578,48.71293906,2,2609100035.0,,2609100037.0,,,,,,,,,,,0.0,0.0
3135343690013222861-2609100009-1,7078,,2609100009.0,,,S,S60,,8000313,Renningen,Baden-Württemberg,Renningen,71272,8.932650148,48.77515509,3,,,2609100012.0,,h,1.0,Bauarbeiten,,,,,,,0.0,3.0
-8774147686098078692-2609100004-7,7077,2609100020.0,,2.0,,S,,Böblingen|Sindelfingen|Maichingen|Maichingen Nord|Magstadt|Renningen Süd,8000313,Renningen,Baden-Württemberg,Renningen,71272,8.932650148,48.77515509,3,2609100022.0,,,,h,1.0,Bauarbeiten,,,,,,,2.0,0.0
-9074467080985277700-2609100034-7,7079,2609100050.0,,2.0,,S,,Böblingen|Sindelfingen|Maichingen|Maichingen Nord|Magstadt|Renningen Süd,8000313,Renningen,Baden-Württemberg,Renningen,71272,8.932650148,48.77515509,3,2609100051.0,,,,h,1.0,Bauarbeiten,,,,,,,1.0,0.0
1672508797229917714-2609100003-3,7689,2609100007.0,2609100011.0,2.0,,S,S6,Weil der Stadt|Malmsheim,8000313,Renningen,Baden-Württemberg,Renningen,71272,8.932650148,48.77515509,3,2609100011.0,,2609100012.0,,,,,,,,,,,4.0,1.0
1170028468095042603-2609100013-3,7688,2609100019.0,2609100022.0,3.0,,S,S6,Leonberg|Rutesheim,8000313,Renningen,Baden-Württemberg,Renningen,71272,8.932650148,48.77515509,3,2609100019.0,,2609100022.0,,,,,,,,,,,0.0,0.0
-5273476545227506052-2609100043-3,7690,2609100049.0,2609100052.0,3.0,,S,S6,Leonberg|Rutesheim,8000313,Renningen,Baden-Württemberg,Renningen,71272,8.932650148,48.77515509,3,2609100053.0,,2609100053.0,,,,,,,,,,,4.0,1.0
6461875104419562950-2609100020-7,7276,2609100037.0,2609100037.0,1.0,,S,S2,Stuttgart Hbf|Stuttgart-Bad Cannstatt|Stuttgart Nürnberger Str.|Stuttgart-Sommerrain|Fellbach|Waiblingen,8005157,Rommelshausen,Baden-Württemberg,Kernen,71394,9.319175885,48.81552017,4,2609100037.0,,2609100037.0,,h,2.0,Bauarbeiten,,,,,,,0.0,0.0
-6065798673451795825-2609092350-7,7274,2609100007.0,2609100007.0,1.0,,S,S2,Stuttgart Hbf|Stuttgart-Bad Cannstatt|Stuttgart Nürnberger Str.|Stuttgart-Sommerrain|Fellbach|Waiblingen,8005157,Rommelshausen,Baden-Württemberg,Kernen,71394,9.319175885,48.81552017,4,2609100011.0,,2609100011.0,,h,2.0,Bauarbeiten,,,,,,,4.0,4.0
6570008134094305920-2609100003-9,7279,2609100021.0,2609100022.0,2.0,,S,S2,Schorndorf|Weiler(Rems)|Winterbach(b Schorndorf)|Geradstetten|Grunbach|Beutelsbach|Endersbach|Stetten-Beinstein,8005157,Rommelshausen,Baden-Württemberg,Kernen,71394,9.319175885,48.81552017,4,2609100022.0,,2609100023.0,,h,2.0,Bauarbeiten,,,,,,,1.0,1.0
-8097229136581884814-2609100033-9,7281,2609100051.0,2609100052.0,2.0,,S,S2,Schorndorf|Weiler(Rems)|Winterbach(b Schorndorf)|Geradstetten|Grunbach|Beutelsbach|Endersbach|Stetten-Beinstein,8005157,Rommelshausen,Baden-Württemberg,Kernen,71394,9.319175885,48.81552017,4,2609100122.0,,2609100123.0,,h,2.0,Bauarbeiten,,,Schorndorf|Weiler(Rems)|Winterbach(b Schorndorf)|Geradstetten|Grunbach|Beutelsbach|Endersbach|Stetten-Beinstein,Waiblingen|Fellbach|Stuttgart-Sommerrain|Stuttgart Nürnberger Str.|Stuttgart-Bad Cannstatt|Stuttgart Hbf,,,31.0,31.0
1672508797229917714-2609100003-4,7689,2609100013.0,2609100014.0,1.0,,S,S6,Weil der Stadt|Malmsheim|Renningen,8005236,Rutesheim,Baden-Württemberg,Leonberg,71229,8.960325242,48.79031093,5,2609100014.0,,2609100017.0,,,,,,,,,,,1.0,3.0
1170028468095042603-2609100013-2,7688,2609100016.0,2609100016.0,2.0,,S,S6,Leonberg,8005236,Rutesheim,Baden-Württemberg,Leonberg,71229,8.960325242,48.79031093,5,2609100016.0,,2609100017.0,,,,,,,,,,,0.0,1.0
-5273476545227506052-2609100043-2,7690,2609100046.0,2609100046.0,2.0,,S,S6,Leonberg,8005236,Rutesheim,Baden-Württemberg,Leonberg,71229,8.960325242,48.79031093,5,2609100050.0,,2609100051.0,,,,,,,,,,,4.0,5.0
6461875104419562950-2609100020-15,7276,2609100055.0,,14.0,,S,,Stuttgart Hbf|Stuttgart-Bad Cannstatt|Stuttgart Nürnberger Str.|Stuttgart-Sommerrain|Fellbach|Waiblingen|Rommelshausen|Stetten-Beinstein|Endersbach|Beutelsbach|Grunbach|Geradstetten|Winterbach(b Schorndorf)|Weiler(Rems),8005424,Schorndorf,Baden-Württemberg,Schorndorf,73614,9.525686251,48.80693898,3,2609100059.0,1.0,,,h,2.0,Bauarbeiten,,,,,,,4.0,0.0
-1081780412156222586-2609100020-4,19491,2609100043.0,2609100044.0,2.0,,ARV,MEX13,Stuttgart Hbf|Stuttgart-Bad Cannstatt|Waiblingen,8005424,Schorndorf,Baden-Württemberg,Schorndorf,73614,9.525686251,48.80693898,3,2609100104.0,,2609100105.0,,h,2.0,Information,,,,,,,21.0,21.0
5642224881119907643-2609092356-6,19492,2609100013.0,2609100014.0,3.0,,ARV,MEX13,Schwäbisch Gmünd|Lorch(Württ)|Waldhausen(b Schorndorf)|Plüderhausen|Urbach(b Schorndorf),8005424,Schorndorf,Baden-Württemberg,Schorndorf,73614,9.525686251,48.80693898,3,2609100013.0,,2609100015.0,,h,2.0,Information,,,,,p,p,0.0,1.0
-6065798673451795825-2609092350-15,7274,2609100025.0,,1.0,,S,,Stuttgart Hbf|Stuttgart-Bad Cannstatt|Stuttgart Nürnberger Str.|Stuttgart-Sommerrain|Fellbach|Waiblingen|Rommelshausen|Stetten-Beinstein|Endersbach|Beutelsbach|Grunbach|Geradstetten|Winterbach(b Schorndorf)|Weiler(Rems),8005424,Schorndorf,Baden-Württemberg,Schorndorf,73614,9.525686251,48.80693898,3,2609100029.0,14.0,,,h,2.0,Bauarbeiten,,,,,,,4.0,0.0
6570008134094305920-2609100003-1,7279,,2609100003.0,,,S,S2,,8005424,Schorndorf,Baden-Württemberg,Schorndorf,73614,9.525686251,48.80693898,3,,,2609100003.0,,h,2.0,Bauarbeiten,,,,,,,0.0,0.0
-7237297222650599866-2609092347-4,19441,2609100013.0,2609100014.0,2.0,,ARV,MEX13,Stuttgart Hbf|Stuttgart-Bad Cannstatt|Waiblingen,8005424,Schorndorf,Baden-Württemberg,Schorndorf,73614,9.525686251,48.80693898,3,2609100021.0,,2609100022.0,,h,2.0,Information,,,,,,,8.0,8.0
-8097229136581884814-2609100033-1,7281,,2609100033.0,,,S,S2,,8005424,Schorndorf,Baden-Württemberg,Schorndorf,73614,9.525686251,48.80693898,3,,,2609100103.0,14.0,h,2.0,Bauarbeiten,,,,Weiler(Rems)|Winterbach(b Schorndorf)|Geradstetten|Grunbach|Beutelsbach|Endersbach|Stetten-Beinstein|Rommelshausen|Waiblingen|Fellbach|Stuttgart-Sommerrain|Stuttgart Nürnberger Str.|Stuttgart-Bad Cannstatt|Stuttgart Hbf,,,0.0,30.0
4235977593412169897-2609092342-8,7374,2609100006.0,2609100006.0,2.0,,S,S3,Stuttgart Hbf|Stuttgart-Bad Cannstatt|Stuttgart Nürnberger Str.|Stuttgart-Sommerrain|Fellbach|Waiblingen|Neustadt-Hohenacker,8005454,Schwaikheim,Baden-Württemberg,Schwaikheim,71409,9.354747358,48.86832665,4,2609100006.0,,2609100007.0,,,,,,,,,,,0.0,1.0
6798625749353298235-2609100012-8,7376,2609100036.0,2609100036.0,2.0,,S,S3,Stuttgart Hbf|Stuttgart-Bad Cannstatt|Stuttgart Nürnberger Str.|Stuttgart-Sommerrain|Fellbach|Waiblingen|Neustadt-Hohenacker,8005454,Schwaikheim,Baden-Württemberg,Schwaikheim,71409,9.354747358,48.86832665,4,2609100040.0,,2609100041.0,,,,,,,,,,,4.0,5.0
8494074834215864068-2609100011-5,7379,2609100022.0,2609100023.0,1.0,,S,S3,Backnang|Maubach|Nellmersbach|Winnenden,8005454,Schwaikheim,Baden-Württemberg,Schwaikheim,71409,9.354747358,48.86832665,4,2609100024.0,,2609100025.0,,,,,,,,,,,2.0,2.0
3135343690013222861-2609100009-6,7078,2609100022.0,2609100023.0,1.0,,S,S60,Renningen|Renningen Süd|Magstadt|Maichingen Nord|Maichingen,8005574,Sindelfingen,Baden-Württemberg,Sindelfingen,71063,8.999262079,48.70387346,6,2609100025.0,,2609100025.0,,h,1.0,Bauarbeiten,,,,,,,3.0,2.0
-8774147686098078692-2609100004-2,7077,2609100006.0,2609100007.0,1.0,,S,S60,Böblingen,8005574,Sindelfingen,Baden-Württemberg,Sindelfingen,71063,8.999262079,48.70387346,6,2609100007.0,,2609100007.0,,h,1.0,Bauarbeiten,,,,,,,1.0,0.0
-9074467080985277700-2609100034-2,7079,2609100036.0,2609100037.0,1.0,,S,S60,Böblingen,8005574,Sindelfingen,Baden-Württemberg,Sindelfingen,71063,8.999262079,48.70387346,6,2609100037.0,,2609100037.0,,h,1.0,Bauarbeiten,,,,,,,1.0,0.0
6461875104419562950-2609100020-8,7276,2609100039.0,2609100039.0,1.0,,S,S2,Stuttgart Hbf|Stuttgart-Bad Cannstatt|Stuttgart Nürnberger Str.|Stuttgart-Sommerrain|Fellbach|Waiblingen|Rommelshausen,8005726,Stetten-Beinstein,Baden-Württemberg,Weinstadt,71384,9.352769725,48.81199601,5,2609100039.0,,2609100040.0,,h,2.0,Bauarbeiten,,,,,,,0.0,1.0
-6065798673451795825-2609092350-8,7274,2609100009.0,2609100009.0,1.0,,S,S2,Stuttgart Hbf|Stuttgart-Bad Cannstatt|Stuttgart Nürnberger Str.|Stuttgart-Sommerrain|Fellbach|Waiblingen|Rommelshausen,8005726,Stetten-Beinstein,Baden-Württemberg,Weinstadt,71384,9.352769725,48.81199601,5,2609100013.0,,2609100014.0,,h,2.0,Bauarbeiten,,,,,,,4.0,5.0
6570008134094305920-2609100003-8,7279,2609100019.0,2609100019.0,2.0,,S,S2,Schorndorf|Weiler(Rems)|Winterbach(b Schorndorf)|Geradstetten|Grunbach|Beutelsbach|Endersbach,8005726,Stetten-Beinstein,Baden-Württemberg,Weinstadt,71384,9.352769725,48.81199601,5,2609100019.0,,2609100020.0,,h,2.0,Bauarbeiten,,,,,,,0.0,1.0
-8097229136581884814-2609100033-8,7281,2609100049.0,2609100049.0,2.0,,S,S2,Schorndorf|Weiler(Rems)|Winterbach(b Schorndorf)|Geradstetten|Grunbach|Beutelsbach|Endersbach,8005726,Stetten-Beinstein,Baden-Württemberg,Weinstadt,71384,9.352769725,48.81199601,5,2609100119.0,,2609100120.0,,h,2.0,Bauarbeiten,,,Schorndorf|Weiler(Rems)|Winterbach(b Schorndorf)|Geradstetten|Grunbach|Beutelsbach|Endersbach,Rommelshausen|Waiblingen|Fellbach|Stuttgart-Sommerrain|Stuttgart Nürnberger Str.|Stuttgart-Bad Cannstatt|Stuttgart Hbf,,,30.0,31.0
7313231446534335906-2609100050-1,7278,,2609100050.0,,,S,S2,,8000096,Stuttgart Hbf,Baden-Württemberg,Stuttgart,70173,9.183172973,48.78473069,1,,,2609100050.0,,h,2.0,Bauarbeiten,,,,,,,0.0,0.0
-8657113913917172137-2609092343-10,19342,2609100032.0,,12.0,,RE,,Reutlingen Hbf|Metzingen(Württ)|Bempflingen|Nürtingen|Oberboihingen|Wendlingen(Neckar)|Plochingen|Esslingen(Neckar)|Stuttgart-Bad Cannstatt,8000096,Stuttgart Hbf,Baden-Württemberg,Stuttgart,70173,9.183172973,48.78473069,1,2609100038.0,14.0,,,h,2.0,Störung,,,,,,,6.0,0.0
-6232403407797161851-2609092236-22,19184,2609100016.0,,13.0,,ARV,,Ulm Hbf|Beimerstetten|Westerstetten|Lonsee|Urspring|Amstetten(Württ)|Geislingen(Steige)|Geislingen(Steige)West|Kuchen|Gingen(Fils)|Süßen|Salach|Eislingen(Fils)|Göppingen|Faurndau|Uhingen|Ebersbach(Fils)|Reichenbach(Fils)|Plochingen|Esslingen(Neckar)|Stuttgart-Bad Cannstatt,8000096,Stuttgart Hbf,Baden-Württemberg,Stuttgart,70173,9.183172973,48.78473069,1,2609100023.0,,,,,,,,,,,,,7.0,0.0
7846954886947346104-2609100037-1,7476,,2609100037.0,,,S,S4,,8000096,Stuttgart Hbf,Baden-Württemberg,Stuttgart,70173,9.183172973,48.78473069,1,,,2609100039.0,,h,1.0,Bauarbeiten,,,,,,,0.0,2.0
2298525024658281877-2609100025-1,7178,,2609100025.0,,,S,S1,,8000096,Stuttgart Hbf,Baden-Württemberg,Stuttgart,70173,9.183172973,48.78473069,1,,,2609100025.0,,,,,,,,,,,0.0,0.0
8092363418274949423-2609092350-15,7179,2609100035.0,,4.0,,S,,Kirchheim(Teck)|Kirchheim(Teck)-Ötlingen|Wendlingen(Neckar)|Wernau(Neckar)|Plochingen|Altbach|Esslingen-Zell|Oberesslingen|Esslingen(Neckar)|Esslingen-Mettingen|Stuttgart-Obertürkheim|Stuttgart-Untertürkheim|Stuttgart Neckarpark|Stuttgart-Bad Cannstatt,8000096,Stuttgart Hbf,Baden-Württemberg,Stuttgart,70173,9.183172973,48.78473069,1,2609100036.0,,,,,,,,,,,p,,1.0,0.0
-4165700884382640783-2609092316-10,19364,2609100006.0,2609100019.0,9.0,,RE,MEX12,Reutlingen Hbf|Metzingen(Württ)|Bempflingen|Nürtingen|Oberboihingen|Wendlingen(Neckar)|Plochingen|Esslingen(Neckar)|Stuttgart-Bad Cannstatt,8000096,Stuttgart Hbf,Baden-Württemberg,Stuttgart,70173,9.183172973,48.78473069,1,2609100007.0,,2609100020.0,,h,2.0,Störung,,,,,,,1.0,1.0
-7037256455781419756-2609100042-1,19189,,2609100042.0,,,ARV,MEX16,,8000096,Stuttgart Hbf,Baden-Württemberg,Stuttgart,70173,9.183172973,48.78473069,1,,,2609100042.0,,,,,,,,,,,0.0,0.0
-6491793160727462036-2609100047-1,19343,,2609100047.0,,,RE,MEX12,,8000096,Stuttgart Hbf,Baden-Württemberg,Stuttgart,70173,9.183172973,48.78473069,1,,,2609100048.0,,h,2.0,Störung,,,,,,,0.0,1.0
-3366414490112859120-2609100055-1,7180,,2609100055.0,,,S,S1,,8000096,Stuttgart Hbf,Baden-Württemberg,Stuttgart,70173,9.183172973,48.78473069,1,,,2609100056.0,,,,,,,,,,,0.0,1.0
7310467920449271-2609100047-1,7678,,2609100047.0,,,S,S6,,8000096,Stuttgart Hbf,Baden-Württemberg,Stuttgart,70173,9.183172973,48.78473069,1,,,2609100048.0,5.0,h,1.0,Bauarbeiten,,,,,,,0.0,1.0
7108274583246193747-2609092238-4,698,2609100054.0,2609100100.0,9.0,,ICE,,München Hbf|Augsburg Hbf|Ulm Hbf,8000096,Stuttgart Hbf,Baden-Württemberg,Stuttgart,70173,9.183172973,48.78473069,1,2609100056.0,,2609100102.0,,,,,,,,,,,2.0,2.0
1481285002460915742-2609100034-1,17501,,2609100034.0,,,RB,MEX90,,8000096,Stuttgart Hbf,Baden-Württemberg,Stuttgart,70173,9.183172973,48.78473069,1,,,2609100039.0,,h,2.0,Störung,,,,,,,0.0,5.0
-4175471405587783145-2609100007-1,7474,,2609100007.0,,,S,S4,,8000096,Stuttgart Hbf,Baden-Württemberg,Stuttgart,70173,9.183172973,48.78473069,1,,,2609100007.0,,h,1.0,Bauarbeiten,,,,,,,0.0,0.0
-2203143972630932280-2609100024-8,7679,2609100045.0,,1.0,,S,,Ditzingen|Weilimdorf|Korntal|Neuwirtshaus(Porscheplatz)|Stuttgart-Zuffenhausen|Stuttgart-Feuerbach|Stuttgart Nordbahnhof,8000096,Stuttgart Hbf,Baden-Württemberg,Stuttgart,70173,9.183172973,48.78473069,1,2609100045.0,,,,h,1.0,Bauarbeiten,,,,,,,0.0,0.0
4705599029793291676-2609092320-15,7177,2609100005.0,,4.0,,S,,Kirchheim(Teck)|Kirchheim(Teck)-Ötlingen|Wendlingen(Neckar)|Wernau(Neckar)|Plochingen|Altbach|Esslingen-Zell|Oberesslingen|Esslingen(Neckar)|Esslingen-Mettingen|Stuttgart-Obertürkheim|Stuttgart-Untertürkheim|Stuttgart Neckarpark|Stuttgart-Bad Cannstatt,8000096,Stuttgart Hbf,Baden-Württemberg,Stuttgart,70173,9.183172973,48.78473069,1,2609100005.0,,,,,,,,,,,,,0.0,0.0
-777260281010664973-2609100016-1,19036,,2609100016.0,,,ARV,RE1,,8000096,Stuttgart Hbf,Baden-Württemberg,Stuttgart,70173,9.183172973,48.78473069,1,,,2609100016.0,6.0,h,2.0,Information,,,,,,,0.0,0.0
6461875104419562950-2609100020-1,7276,,2609100020.0,,,S,S2,,8000096,Stuttgart Hbf,Baden-Württemberg,Stuttgart,70173,9.183172973,48.78473069,1,,,2609100020.0,,h,2.0,Bauarbeiten,,,,,,,0.0,0.0
4485205009405163343-2609100016-6,7579,2609100035.0,,2.0,,S,,Ludwigsburg|Kornwestheim Pbf|Stuttgart-Zuffenhausen|Stuttgart-Feuerbach|Stuttgart Nordbahnhof,8000096,Stuttgart Hbf,Baden-Württemberg,Stuttgart,70173,9.183172973,48.78473069,1,2609100036.0,5.0,,,h,1.0,Bauarbeiten,,,,,,,1.0,0.0
-1263112065111090114-2609092328-15,7277,2609100010.0,,3.0,,S,,Schorndorf|Weiler(Rems)|Winterbach(b Schorndorf)|Geradstetten|Grunbach|Beutelsbach|Endersbach|Stetten-Beinstein|Rommelshausen|Waiblingen|Fellbach|Stuttgart-Sommerrain|Stuttgart Nürnberger Str.|Stuttgart-Bad Cannstatt,8000096,Stuttgart Hbf,Baden-Württemberg,Stuttgart,70173,9.183172973,48.78473069,1,2609100010.0,,,,h,2.0,Bauarbeiten,,,,,,,0.0,0.0
6194893901306646476-2609091726-15,617,2609100011.0,,16.0,,ICE,,Hamburg-Altona|Hamburg Dammtor|Hamburg Hbf|Hamburg-Harburg|Bremen Hbf|Osnabrück Hbf|Münster(Westf)Hbf|Recklinghausen Hbf|Gelsenkirchen Hbf|Duisburg Hbf|Düsseldorf Hbf|Köln Hbf|Frankfurt(M) Flughafen Fernbf|Mannheim Hbf,8000096,Stuttgart Hbf,Baden-Württemberg,Stuttgart,70173,9.183172973,48.78473069,1,2609100032.0,,,,h,1.0,Störung,,,,,,,21.0,0.0
-8733024508125192900-2609100004-1,19187,,2609100004.0,,,ARV,MEX16,,8000096,Stuttgart Hbf,Baden-Württemberg,Stuttgart,70173,9.183172973,48.78473069,1,,,2609100004.0,14.0,,,,,,,,,,0.0,0.0
2012844247404076426-2609092326-9,19444,2609100009.0,,10.0,,ARV,,Schwäbisch Gmünd|Lorch(Württ)|Waldhausen(b Schorndorf)|Plüderhausen|Urbach(b Schorndorf)|Schorndorf|Waiblingen|Stuttgart-Bad Cannstatt,8000096,Stuttgart Hbf,Baden-Württemberg,Stuttgart,70173,9.183172973,48.78473069,1,2609100009.0,14.0,,,h,2.0,Information,,,,,,,0.0,0.0
414984855934234452-2609092332-11,17570,2609100035.0,,8.0,,RB,,Gaildorf West|Fichtenberg|Fornsbach|Murrhardt|Sulzbach(Murr)|Oppenweiler(Württ)|Backnang|Winnenden|Waiblingen|Stuttgart-Bad Cannstatt,8000096,Stuttgart Hbf,Baden-Württemberg,Stuttgart,70173,9.183172973,48.78473069,1,2609100035.0,,,,,,,,,,,,,0.0,0.0
-1081780412156222586-2609100020-1,19491,,2609100020.0,,,ARV,MEX13,,8000096,Stuttgart Hbf,Baden-Württemberg,Stuttgart,70173,9.183172973,48.78473069,1,,,2609100027.0,,h,2.0,Information,,,,,,,0.0,7.0
8924619333411272467-2609100042-1,7378,,2609100042.0,,,S,S3,,8000096,Stuttgart Hbf,Baden-Württemberg,Stuttgart,70173,9.183172973,48.78473069,1,,,2609100042.0,,,,,,,,,,,0.0,0.0
-4143823338981277696-2609092306-5,63569,2609100004.0,,5.0,,ARV,,Neckarsulm|Heilbronn Hbf|Bietigheim-Bissingen|Ludwigsburg,8000096,Stuttgart Hbf,Baden-Württemberg,Stuttgart,70173,9.183172973,48.78473069,1,2609100005.0,8.0,,,,,,,,,,,,1.0,0.0
848495705669194349-2609092354-8,7677,2609100015.0,,2.0,,S,,Ditzingen|Weilimdorf|Korntal|Neuwirtshaus(Porscheplatz)|Stuttgart-Zuffenhausen|Stuttgart-Feuerbach|Stuttgart Nordbahnhof,8000096,Stuttgart Hbf,Baden-Württemberg,Stuttgart,70173,9.183172973,48.78473069,1,2609100015.0,,,,h,1.0,Bauarbeiten,,,,,,,0.0,0.0
-3852490567873853424-2609092204-13,4236,2609100019.0,,11.0,,RE,,Friedrichshafen Stadt|Meckenbeuren|Ravensburg|Aulendorf|Bad Schussenried|Biberach(Riß)|Laupheim West|Ulm Hbf|Geislingen(Steige)|Göppingen|Plochingen|Esslingen(Neckar),8000096,Stuttgart Hbf,Baden-Württemberg,Stuttgart,70173,9.183172973,48.78473069,1,2609100028.0,,,,h,2.0,Störung,,,,,,,9.0,0.0
5642224881119907643-2609092356-9,19492,2609100039.0,,14.0,,ARV,,Schwäbisch Gmünd|Lorch(Württ)|Waldhausen(b Schorndorf)|Plüderhausen|Urbach(b Schorndorf)|Schorndorf|Waiblingen|Stuttgart-Bad Cannstatt,8000096,Stuttgart Hbf,Baden-Württemberg,Stuttgart,70173,9.183172973,48.78473069,1,2609100041.0,10.0,,,h,2.0,Information,,,,,p,,2.0,0.0
-1663225643001113593-2609092312-10,88650,2609100023.0,,9.0,,ARV,,Schwäbisch Hall-Hessental|Gaildorf West|Murrhardt|Sulzbach(Murr)|Oppenweiler(Württ)|Backnang|Winnenden|Waiblingen|Stuttgart-Bad Cannstatt,8000096,Stuttgart Hbf,Baden-Württemberg,Stuttgart,70173,9.183172973,48.78473069,1,2609100026.0,,,,,,,,,,,,,3.0,0.0
-4359664030948879851-2609092348-16,19186,2609100051.0,,10.0,,ARV,,Geislingen(Steige)|Geislingen(Steige)West|Kuchen|Gingen(Fils)|Süßen|Salach|Eislingen(Fils)|Göppingen|Faurndau|Uhingen|Ebersbach(Fils)|Reichenbach(Fils)|Plochingen|Esslingen(Neckar)|Stuttgart-Bad Cannstatt,8000096,Stuttgart Hbf,Baden-Württemberg,Stuttgart,70173,9.183172973,48.78473069,1,2609100051.0,11.0,,,,,,,,,,,,0.0,0.0
6570008134094305920-2609100003-15,7279,2609100040.0,,3.0,,S,,Schorndorf|Weiler(Rems)|Winterbach(b Schorndorf)|Geradstetten|Grunbach|Beutelsbach|Endersbach|Stetten-Beinstein|Rommelshausen|Waiblingen|Fellbach|Stuttgart-Sommerrain|Stuttgart Nürnberger Str.|Stuttgart-Bad Cannstatt,8000096,Stuttgart Hbf,Baden-Württemberg,Stuttgart,70173,9.183172973,48.78473069,1,2609100040.0,,,,h,2.0,Bauarbeiten,,,,,,,0.0,0.0
-4825921784207905950-2609100057-1,7580,,2609100057.0,,,S,S5,,8000096,Stuttgart Hbf,Baden-Württemberg,Stuttgart,70173,9.183172973,48.78473069,1,,,2609100057.0,,h,1.0,Bauarbeiten,,,,,,,0.0,0.0
-9180207167413763341-2609092338-6,19037,2609100024.0,,7.0,,ARV,,Pforzheim Hbf|Mühlacker|Vaihingen(Enz)|Bietigheim-Bissingen|Ludwigsburg,8000096,Stuttgart Hbf,Baden-Württemberg,Stuttgart,70173,9.183172973,48.78473069,1,2609100036.0,,,,h,2.0,Information,,,,,,,12.0,0.0
-1059289875129037590-2609100027-1,7578,,2609100027.0,,,S,S5,,8000096,Stuttgart Hbf,Baden-Württemberg,Stuttgart,70173,9.183172973,48.78473069,1,,,2609100027.0,,h,1.0,Bauarbeiten,,,,,,,0.0,0.0
-1923875060183499829-2609092330-9,19375,2609100015.0,,6.0,,RE,,Heilbronn Hbf|Nordheim(Württ)|Lauffen(Neckar)|Kirchheim(Neckar)|Walheim(Württ)|Besigheim|Bietigheim-Bissingen|Ludwigsburg,8000096,Stuttgart Hbf,Baden-Württemberg,Stuttgart,70173,9.183172973,48.78473069,1,2609100016.0,12.0,,,h,2.0,Störung,,,,,,,1.0,0.0
6798625749353298235-2609100012-1,7376,,2609100012.0,,,S,S3,,8000096,Stuttgart Hbf,Baden-Württemberg,Stuttgart,70173,9.183172973,48.78473069,1,,,2609100012.0,,,,,,,,,,,0.0,0.0
7735692879743924898-2609100017-1,7676,,2609100017.0,,,S,S6,,8000096,Stuttgart Hbf,Baden-Württemberg,Stuttgart,70173,9.183172973,48.78473069,1,,,2609100018.0,,h,1.0,Bauarbeiten,,,,,,,0.0,1.0
2977099434128495599-2609092355-10,7477,2609100025.0,,1.0,,S,,Marbach(Neckar)|Benningen(Neckar)|Freiberg(Neckar)|Favoritepark|Ludwigsburg|Kornwestheim Pbf|Stuttgart-Zuffenhausen|Stuttgart-Feuerbach|Stuttgart Nordbahnhof,8000096,Stuttgart Hbf,Baden-Württemberg,Stuttgart,70173,9.183172973,48.78473069,1,2609100025.0,,,,h,1.0,Bauarbeiten,,,,,p,,0.0,0.0
1185018983986773480-2609092346-6,7577,2609100005.0,,1.0,,S,,Ludwigsburg|Kornwestheim Pbf|Stuttgart-Zuffenhausen|Stuttgart-Feuerbach|Stuttgart Nordbahnhof,8000096,Stuttgart Hbf,Baden-Württemberg,Stuttgart,70173,9.183172973,48.78473069,1,2609100005.0,,,,h,1.0,Bauarbeiten,,,,,,,0.0,0.0
-7120372043677331542-2609092341-12,7377,2609100017.0,,4.0,,S,,Backnang|Maubach|Nellmersbach|Winnenden|Schwaikheim|Neustadt-Hohenacker|Waiblingen|Fellbach|Stuttgart-Sommerrain|Stuttgart Nürnberger Str.|Stuttgart-Bad Cannstatt,8000096,Stuttgart Hbf,Baden-Württemberg,Stuttgart,70173,9.183172973,48.78473069,1,2609100017.0,,,,,,,,,,,,,0.0,0.0
575051924010749743-2609092357-9,19377,2609100044.0,,7.0,,RE,,Heilbronn Hbf|Nordheim(Württ)|Lauffen(Neckar)|Kirchheim(Neckar)|Walheim(Württ)|Besigheim|Bietigheim-Bissingen|Ludwigsburg,8000096,Stuttgart Hbf,Baden-Württemberg,Stuttgart,70173,9.183172973,48.78473069,1,2609100050.0,,,,h,2.0,Störung,,,,,,,6.0,0.0
8494074834215864068-2609100011-12,7379,2609100047.0,,4.0,,S,,Backnang|Maubach|Nellmersbach|Winnenden|Schwaikheim|Neustadt-Hohenacker|Waiblingen|Fellbach|Stuttgart-Sommerrain|Stuttgart Nürnberger Str.|Stuttgart-Bad Cannstatt,8000096,Stuttgart Hbf,Baden-Württemberg,Stuttgart,70173,9.183172973,48.78473069,1,2609100047.0,,,,,,,,,,,,,0.0,0.0
2298525024658281877-2609100025-3,7178,2609100032.0,2609100032.0,2.0,,S,S1,Stuttgart Hbf|Stuttgart-Bad Cannstatt,8006743,Stuttgart Neckarpark,Baden-Württemberg,Stuttgart,70372,9.24106855,48.79194362,4,2609100032.0,,2609100032.0,,,,,,,,,,,0.0,0.0
8092363418274949423-2609092350-13,7179,2609100027.0,2609100027.0,1.0,,S,S1,Kirchheim(Teck)|Kirchheim(Teck)-Ötlingen|Wendlingen(Neckar)|Wernau(Neckar)|Plochingen|Altbach|Esslingen-Zell|Oberesslingen|Esslingen(Neckar)|Esslingen-Mettingen|Stuttgart-Obertürkheim|Stuttgart-Untertürkheim,8006743,Stuttgart Neckarpark,Baden-Württemberg,Stuttgart,70372,9.24106855,48.79194362,4,2609100027.0,,2609100027.0,,,,,,,,,p,p,0.0,0.0
6181068125164198804-2609092355-3,7176,2609100002.0,2609100002.0,2.0,,S,S1,Stuttgart Hbf|Stuttgart-Bad Cannstatt,8006743,Stuttgart Neckarpark,Baden-Württemberg,Stuttgart,70372,9.24106855,48.79194362,4,2609100003.0,,2609100003.0,,,,,,,,,,,1.0,1.0
-8775031481172421761-2609100020-13,7181,2609100057.0,2609100057.0,1.0,,S,S1,Kirchheim(Teck)|Kirchheim(Teck)-Ötlingen|Wendlingen(Neckar)|Wernau(Neckar)|Plochingen|Altbach|Esslingen-Zell|Oberesslingen|Esslingen(Neckar)|Esslingen-Mettingen|Stuttgart-Obertürkheim|Stuttgart-Untertürkheim,8006743,Stuttgart Neckarpark,Baden-Württemberg,Stuttgart,70372,9.24106855,48.79194362,4,2609100057.0,,2609100057.0,,,,,,,,,,,0.0,0.0
7846954886947346104-2609100037-2,7476,2609100040.0,2609100041.0,3.0,,S,S4,Stuttgart Hbf,8005767,Stuttgart Nord,Baden-Württemberg,Stuttgard-Nord,70174,9.188061449,48.80374161,5,2609100042.0,,2609100042.0,,h,1.0,Bauarbeiten,,,,,,,2.0,1.0
-5842345505256526084-2609092357-2,7576,2609100000.0,2609100001.0,3.0,,S,S5,Stuttgart Hbf,8005767,Stuttgart Nord,Baden-Württemberg,Stuttgard-Nord,70174,9.188061449,48.80374161,5,2609100001.0,,2609100002.0,,h,1.0,Bauarbeiten,,,,,,,1.0,1.0
7310467920449271-2609100047-2,7678,2609100050.0,2609100052.0,3.0,,S,S6,Stuttgart Hbf,8005767,Stuttgart Nord,Baden-Württemberg,Stuttgard-Nord,70174,9.188061449,48.80374161,5,2609100051.0,,2609100052.0,,h,1.0,Bauarbeiten,,,,,,,1.0,0.0
-4175471405587783145-2609100007-2,7474,2609100010.0,2609100011.0,3.0,,S,S4,Stuttgart Hbf,8005767,Stuttgart Nord,Baden-Württemberg,Stuttgard-Nord,70174,9.188061449,48.80374161,5,2609100011.0,,2609100011.0,,h,1.0,Bauarbeiten,,,,,,,1.0,0.0
-2203143972630932280-2609100024-7,7679,2609100039.0,2609100041.0,4.0,,S,S6,Ditzingen|Weilimdorf|Korntal|Neuwirtshaus(Porscheplatz)|Stuttgart-Zuffenhausen|Stuttgart-Feuerbach,8005767,Stuttgart Nord,Baden-Württemberg,Stuttgard-Nord,70174,9.188061449,48.80374161,5,2609100039.0,,2609100041.0,,h,1.0,Bauarbeiten,,,,,,,0.0,0.0
4485205009405163343-2609100016-5,7579,2609100029.0,2609100031.0,4.0,,S,S5,Ludwigsburg|Kornwestheim Pbf|Stuttgart-Zuffenhausen|Stuttgart-Feuerbach,8005767,Stuttgart Nord,Baden-Württemberg,Stuttgard-Nord,70174,9.188061449,48.80374161,5,2609100029.0,,2609100031.0,,h,1.0,Bauarbeiten,,,,,,,0.0,0.0
848495705669194349-2609092354-7,7677,2609100009.0,2609100011.0,4.0,,S,S6,Ditzingen|Weilimdorf|Korntal|Neuwirtshaus(Porscheplatz)|Stuttgart-Zuffenhausen|Stuttgart-Feuerbach,8005767,Stuttgart Nord,Baden-Württemberg,Stuttgard-Nord,70174,9.188061449,48.80374161,5,2609100009.0,,2609100011.0,,h,1.0,Bauarbeiten,,,,,,,0.0,0.0
-1059289875129037590-2609100027-2,7578,2609100030.0,2609100031.0,3.0,,S,S5,Stuttgart Hbf,8005767,Stuttgart Nord,Baden-Württemberg,Stuttgard-Nord,70174,9.188061449,48.80374161,5,2609100031.0,,2609100031.0,,h,1.0,Bauarbeiten,,,,,,,1.0,0.0
7735692879743924898-2609100017-2,7676,2609100020.0,2609100022.0,3.0,,S,S6,Stuttgart Hbf,8005767,Stuttgart Nord,Baden-Württemberg,Stuttgard-Nord,70174,9.188061449,48.80374161,5,2609100022.0,,2609100022.0,,h,1.0,Bauarbeiten,,,,,,,2.0,0.0
2977099434128495599-2609092355-9,7477,2609100019.0,2609100021.0,4.0,,S,S4,Marbach(Neckar)|Benningen(Neckar)|Freiberg(Neckar)|Favoritepark|Ludwigsburg|Kornwestheim Pbf|Stuttgart-Zuffenhausen|Stuttgart-Feuerbach,8005767,Stuttgart Nord,Baden-Württemberg,Stuttgard-Nord,70174,9.188061449,48.80374161,5,2609100019.0,,2609100021.0,,h,1.0,Bauarbeiten,,,,,p,p,0.0,0.0
1185018983986773480-2609092346-5,7577,2609092359.0,2609100001.0,4.0,,S,S5,Ludwigsburg|Kornwestheim Pbf|Stuttgart-Zuffenhausen|Stuttgart-Feuerbach,8005767,Stuttgart Nord,Baden-Württemberg,Stuttgard-Nord,70174,9.188061449,48.80374161,5,2609092359.0,,2609100001.0,,h,1.0,Bauarbeiten,,,,,,,0.0,0.0
7313231446534335906-2609100050-3,7278,2609100057.0,2609100057.0,4.0,,S,S2,Stuttgart Hbf|Stuttgart-Bad Cannstatt,8004357,Stuttgart Nürnberger Straße,Baden-Württemberg,Stuttgart,70374,9.234576905,48.80656062,5,2609100057.0,,2609100058.0,,h,2.0,Bauarbeiten,,,,,,,0.0,1.0
6461875104419562950-2609100020-3,7276,2609100027.0,2609100027.0,4.0,,S,S2,Stuttgart Hbf|Stuttgart-Bad Cannstatt,8004357,Stuttgart Nürnberger Straße,Baden-Württemberg,Stuttgart,70374,9.234576905,48.80656062,5,2609100027.0,,2609100028.0,,h,2.0,Bauarbeiten,,,,,,,0.0,1.0
-1263112065111090114-2609092328-13,7277,2609100002.0,2609100003.0,1.0,,S,S2,Schorndorf|Weiler(Rems)|Winterbach(b Schorndorf)|Geradstetten|Grunbach|Beutelsbach|Endersbach|Stetten-Beinstein|Rommelshausen|Waiblingen|Fellbach|Stuttgart-Sommerrain,8004357,Stuttgart Nürnberger Straße,Baden-Württemberg,Stuttgart,70374,9.234576905,48.80656062,5,2609100002.0,,2609100003.0,,h,2.0,Bauarbeiten,,,,,,,0.0,0.0
8924619333411272467-2609100042-3,7378,2609100052.0,2609100052.0,4.0,,S,S3,Stuttgart Hbf|Stuttgart-Bad Cannstatt,8004357,Stuttgart Nürnberger Straße,Baden-Württemberg,Stuttgart,70374,9.234576905,48.80656062,5,2609100052.0,,2609100053.0,,,,,,,,,,,0.0,1.0
6570008134094305920-2609100003-13,7279,2609100032.0,2609100033.0,1.0,,S,S2,Schorndorf|Weiler(Rems)|Winterbach(b Schorndorf)|Geradstetten|Grunbach|Beutelsbach|Endersbach|Stetten-Beinstein|Rommelshausen|Waiblingen|Fellbach|Stuttgart-Sommerrain,8004357,Stuttgart Nürnberger Straße,Baden-Württemberg,Stuttgart,70374,9.234576905,48.80656062,5,2609100032.0,,2609100033.0,,h,2.0,Bauarbeiten,,,,,,,0.0,0.0
6798625749353298235-2609100012-3,7376,2609100022.0,2609100022.0,4.0,,S,S3,Stuttgart Hbf|Stuttgart-Bad Cannstatt,8004357,Stuttgart Nürnberger Straße,Baden-Württemberg,Stuttgart,70374,9.234576905,48.80656062,5,2609100022.0,,2609100022.0,,,,,,,,,,,0.0,0.0
-7120372043677331542-2609092341-10,7377,2609100007.0,2609100008.0,1.0,,S,S3,Backnang|Maubach|Nellmersbach|Winnenden|Schwaikheim|Neustadt-Hohenacker|Waiblingen|Fellbach|Stuttgart-Sommerrain,8004357,Stuttgart Nürnberger Straße,Baden-Württemberg,Stuttgart,70374,9.234576905,48.80656062,5,2609100007.0,,2609100008.0,,,,,,,,,,,0.0,0.0
8494074834215864068-2609100011-10,7379,2609100037.0,2609100038.0,1.0,,S,S3,Backnang|Maubach|Nellmersbach|Winnenden|Schwaikheim|Neustadt-Hohenacker|Waiblingen|Fellbach|Stuttgart-Sommerrain,8004357,Stuttgart Nürnberger Straße,Baden-Württemberg,Stuttgart,70374,9.234576905,48.80656062,5,2609100041.0,,2609100041.0,,,,,,,,,,,4.0,3.0
7313231446534335906-2609100050-2,7278,2609100054.0,2609100054.0,3.0,,S,S2,Stuttgart Hbf,8005769,Stuttgart-Bad Cannstatt,Baden-Württemberg,Stuttgart,70372,9.217468636,48.80127978,3,2609100054.0,,2609100055.0,,h,2.0,Bauarbeiten,,,,,,,0.0,1.0
-8657113913917172137-2609092343-9,19342,2609100027.0,2609100028.0,5.0,,RE,MEX18,Reutlingen Hbf|Metzingen(Württ)|Bempflingen|Nürtingen|Oberboihingen|Wendlingen(Neckar)|Plochingen|Esslingen(Neckar),8005769,Stuttgart-Bad Cannstatt,Baden-Württemberg,Stuttgart,70372,9.217468636,48.80127978,3,2609100035.0,5.0,2609100035.0,5.0,h,2.0,Störung,,,,,,,8.0,7.0
-6232403407797161851-2609092236-21,19184,2609100012.0,2609100012.0,5.0,,ARV,MEX16,Ulm Hbf|Beimerstetten|Westerstetten|Lonsee|Urspring|Amstetten(Württ)|Geislingen(Steige)|Geislingen(Steige)West|Kuchen|Gingen(Fils)|Süßen|Salach|Eislingen(Fils)|Göppingen|Faurndau|Uhingen|Ebersbach(Fils)|Reichenbach(Fils)|Plochingen|Esslingen(Neckar),8005769,Stuttgart-Bad Cannstatt,Baden-Württemberg,Stuttgart,70372,9.217468636,48.80127978,3,2609100018.0,5.0,2609100019.0,5.0,,,,,,,,,,6.0,7.0
2298525024658281877-2609100025-2,7178,2609100028.0,2609100029.0,8.0,,S,S1,Stuttgart Hbf,8005769,Stuttgart-Bad Cannstatt,Baden-Württemberg,Stuttgart,70372,9.217468636,48.80127978,3,2609100028.0,3.0,2609100029.0,3.0,,,,,,,,,,0.0,0.0
8092363418274949423-2609092350-14,7179,2609100030.0,2609100031.0,5.0,,S,S1,Kirchheim(Teck)|Kirchheim(Teck)-Ötlingen|Wendlingen(Neckar)|Wernau(Neckar)|Plochingen|Altbach|Esslingen-Zell|Oberesslingen|Esslingen(Neckar)|Esslingen-Mettingen|Stuttgart-Obertürkheim|Stuttgart-Untertürkheim|Stuttgart Neckarpark,8005769,Stuttgart-Bad Cannstatt,Baden-Württemberg,Stuttgart,70372,9.217468636,48.80127978,3,2609100030.0,2.0,2609100031.0,2.0,,,,,,,,p,p,0.0,0.0
-4165700884382640783-2609092316-9,19364,2609100002.0,2609100003.0,5.0,,RE,MEX12,Reutlingen Hbf|Metzingen(Württ)|Bempflingen|Nürtingen|Oberboihingen|Wendlingen(Neckar)|Plochingen|Esslingen(Neckar),8005769,Stuttgart-Bad Cannstatt,Baden-Württemberg,Stuttgart,70372,9.217468636,48.80127978,3,2609100002.0,5.0,2609100003.0,5.0,h,2.0,Störung,,,,,,,0.0,0.0
-7037256455781419756-2609100042-2,19189,2609100045.0,2609100046.0,8.0,,ARV,MEX16,Stuttgart Hbf,8005769,Stuttgart-Bad Cannstatt,Baden-Württemberg,Stuttgart,70372,9.217468636,48.80127978,3,2609100046.0,8.0,2609100047.0,8.0,,,,,,,,,,1.0,1.0
-6491793160727462036-2609100047-2,19343,2609100050.0,2609100052.0,8.0,,RE,MEX12,Stuttgart Hbf,8005769,Stuttgart-Bad Cannstatt,Baden-Württemberg,Stuttgart,70372,9.217468636,48.80127978,3,2609100051.0,8.0,2609100052.0,8.0,h,2.0,Störung,,,,,,,1.0,0.0
-3366414490112859120-2609100055-2,7180,2609100058.0,2609100059.0,8.0,,S,S1,Stuttgart Hbf,8005769,Stuttgart-Bad Cannstatt,Baden-Württemberg,Stuttgart,70372,9.217468636,48.80127978,3,2609100100.0,3.0,2609100100.0,3.0,,,,,,,,,,2.0,1.0
1481285002460915742-2609100034-2,17501,2609100037.0,2609100038.0,7.0,,RB,MEX90,Stuttgart Hbf,8005769,Stuttgart-Bad Cannstatt,Baden-Württemberg,Stuttgart,70372,9.217468636,48.80127978,3,2609100042.0,,2609100043.0,,h,2.0,Störung,,,,,,,5.0,5.0
4705599029793291676-2609092320-14,7177,2609100000.0,2609100001.0,5.0,,S,S1,Kirchheim(Teck)|Kirchheim(Teck)-Ötlingen|Wendlingen(Neckar)|Wernau(Neckar)|Plochingen|Altbach|Esslingen-Zell|Oberesslingen|Esslingen(Neckar)|Esslingen-Mettingen|Stuttgart-Obertürkheim|Stuttgart-Untertürkheim|Stuttgart Neckarpark,8005769,Stuttgart-Bad Cannstatt,Baden-Württemberg,Stuttgart,70372,9.217468636,48.80127978,3,2609100000.0,2.0,2609100001.0,2.0,,,,,,,,,,0.0,0.0
6461875104419562950-2609100020-2,7276,2609100024.0,2609100024.0,3.0,,S,S2,Stuttgart Hbf,8005769,Stuttgart-Bad Cannstatt,Baden-Württemberg,Stuttgart,70372,9.217468636,48.80127978,3,2609100024.0,,2609100024.0,,h,2.0,Bauarbeiten,,,,,,,0.0,0.0
-1263112065111090114-2609092328-14,7277,2609100005.0,2609100006.0,6.0,,S,S2,Schorndorf|Weiler(Rems)|Winterbach(b Schorndorf)|Geradstetten|Grunbach|Beutelsbach|Endersbach|Stetten-Beinstein|Rommelshausen|Waiblingen|Fellbach|Stuttgart-Sommerrain|Stuttgart Nürnberger Str.,8005769,Stuttgart-Bad Cannstatt,Baden-Württemberg,Stuttgart,70372,9.217468636,48.80127978,3,2609100006.0,2.0,2609100006.0,2.0,h,2.0,Bauarbeiten,,,,,,,1.0,0.0
-8733024508125192900-2609100004-2,19187,2609100007.0,2609100008.0,8.0,,ARV,MEX16,Stuttgart Hbf,8005769,Stuttgart-Bad Cannstatt,Baden-Württemberg,Stuttgart,70372,9.217468636,48.80127978,3,2609100007.0,8.0,2609100008.0,8.0,,,,,,,,,,0.0,0.0
2012844247404076426-2609092326-8,19444,2609100005.0,2609100005.0,6.0,,ARV,MEX13,Schwäbisch Gmünd|Lorch(Württ)|Waldhausen(b Schorndorf)|Plüderhausen|Urbach(b Schorndorf)|Schorndorf|Waiblingen,8005769,Stuttgart-Bad Cannstatt,Baden-Württemberg,Stuttgart,70372,9.217468636,48.80127978,3,2609100005.0,,2609100006.0,,h,2.0,Information,,,,,,,0.0,1.0
414984855934234452-2609092332-10,17570,2609100028.0,2609100031.0,6.0,,RB,MEX19,Gaildorf West|Fichtenberg|Fornsbach|Murrhardt|Sulzbach(Murr)|Oppenweiler(Württ)|Backnang|Winnenden|Waiblingen,8005769,Stuttgart-Bad Cannstatt,Baden-Württemberg,Stuttgart,70372,9.217468636,48.80127978,3,2609100029.0,,2609100031.0,,,,,,,,,,,1.0,0.0
-1081780412156222586-2609100020-2,19491,2609100024.0,2609100025.0,7.0,,ARV,MEX13,Stuttgart Hbf,8005769,Stuttgart-Bad Cannstatt,Baden-Württemberg,Stuttgart,70372,9.217468636,48.80127978,3,2609100031.0,,2609100032.0,,h,2.0,Information,,,,,,,7.0,7.0
8924619333411272467-2609100042-2,7378,2609100046.0,2609100049.0,3.0,,S,S3,Stuttgart Hbf,8005769,Stuttgart-Bad Cannstatt,Baden-Württemberg,Stuttgart,70372,9.217468636,48.80127978,3,2609100047.0,,2609100049.0,,,,,,,,,,,1.0,0.0
5642224881119907643-2609092356-8,19492,2609100035.0,2609100035.0,6.0,,ARV,MEX13,Schwäbisch Gmünd|Lorch(Württ)|Waldhausen(b Schorndorf)|Plüderhausen|Urbach(b Schorndorf)|Schorndorf|Waiblingen,8005769,Stuttgart-Bad Cannstatt,Baden-Württemberg,Stuttgart,70372,9.217468636,48.80127978,3,2609100036.0,,2609100038.0,,h,2.0,Information,,,,,p,p,1.0,3.0
-1663225643001113593-2609092312-9,88650,2609100019.0,2609100020.0,6.0,,ARV,RE90,Schwäbisch Hall-Hessental|Gaildorf West|Murrhardt|Sulzbach(Murr)|Oppenweiler(Württ)|Backnang|Winnenden|Waiblingen,8005769,Stuttgart-Bad Cannstatt,Baden-Württemberg,Stuttgart,70372,9.217468636,48.80127978,3,2609100020.0,,2609100022.0,,,,,,,,,,,1.0,2.0
-4359664030948879851-2609092348-15,19186,2609100046.0,2609100047.0,5.0,,ARV,MEX16,Geislingen(Steige)|Geislingen(Steige)West|Kuchen|Gingen(Fils)|Süßen|Salach|Eislingen(Fils)|Göppingen|Faurndau|Uhingen|Ebersbach(Fils)|Reichenbach(Fils)|Plochingen|Esslingen(Neckar),8005769,Stuttgart-Bad Cannstatt,Baden-Württemberg,Stuttgart,70372,9.217468636,48.80127978,3,2609100047.0,5.0,2609100047.0,5.0,,,,,,,,,,1.0,0.0
6570008134094305920-2609100003-14,7279,2609100035.0,2609100036.0,6.0,,S,S2,Schorndorf|Weiler(Rems)|Winterbach(b Schorndorf)|Geradstetten|Grunbach|Beutelsbach|Endersbach|Stetten-Beinstein|Rommelshausen|Waiblingen|Fellbach|Stuttgart-Sommerrain|Stuttgart Nürnberger Str.,8005769,Stuttgart-Bad Cannstatt,Baden-Württemberg,Stuttgart,70372,9.217468636,48.80127978,3,2609100036.0,2.0,2609100036.0,2.0,h,2.0,Bauarbeiten,,,,,,,1.0,0.0
6798625749353298235-2609100012-2,7376,2609100016.0,2609100019.0,3.0,,S,S3,Stuttgart Hbf,8005769,Stuttgart-Bad Cannstatt,Baden-Württemberg,Stuttgart,70372,9.217468636,48.80127978,3,2609100016.0,,2609100019.0,,,,,,,,,,,0.0,0.0
-7120372043677331542-2609092341-11,7377,2609100011.0,2609100013.0,6.0,,S,S3,Backnang|Maubach|Nellmersbach|Winnenden|Schwaikheim|Neustadt-Hohenacker|Waiblingen|Fellbach|Stuttgart-Sommerrain|Stuttgart Nürnberger Str.,8005769,Stuttgart-Bad Cannstatt,Baden-Württemberg,Stuttgart,70372,9.217468636,48.80127978,3,2609100011.0,2.0,2609100013.0,2.0,,,,,,,,,,0.0,0.0
8494074834215864068-2609100011-11,7379,2609100041.0,2609100043.0,6.0,,S,S3,Backnang|Maubach|Nellmersbach|Winnenden|Schwaikheim|Neustadt-Hohenacker|Waiblingen|Fellbach|Stuttgart-Sommerrain|Stuttgart Nürnberger Str.,8005769,Stuttgart-Bad Cannstatt,Baden-Württemberg,Stuttgart,70372,9.217468636,48.80127978,3,2609100044.0,2.0,2609100044.0,2.0,,,,,,,,,,3.0,1.0
7846954886947346104-2609100037-3,7476,2609100043.0,2609100044.0,2.0,,S,S4,Stuttgart Hbf|Stuttgart Nordbahnhof,8005770,Stuttgart-Feuerbach,Baden-Württemberg,Feuerbach,70469,9.169186287,48.81363554,3,2609100044.0,,2609100044.0,,h,1.0,Bauarbeiten,,,,,,,1.0,0.0
-5842345505256526084-2609092357-3,7576,2609100003.0,2609100004.0,2.0,,S,S5,Stuttgart Hbf|Stuttgart Nordbahnhof,8005770,Stuttgart-Feuerbach,Baden-Württemberg,Feuerbach,70469,9.169186287,48.81363554,3,2609100003.0,,2609100004.0,,h,1.0,Bauarbeiten,,,,,,,0.0,0.0
7310467920449271-2609100047-3,7678,2609100054.0,2609100054.0,2.0,,S,S6,Stuttgart Hbf|Stuttgart Nordbahnhof,8005770,Stuttgart-Feuerbach,Baden-Württemberg,Feuerbach,70469,9.169186287,48.81363554,3,2609100054.0,,2609100054.0,,h,1.0,Bauarbeiten,,,,,,,0.0,0.0
-4175471405587783145-2609100007-3,7474,2609100013.0,2609100014.0,2.0,,S,S4,Stuttgart Hbf|Stuttgart Nordbahnhof,8005770,Stuttgart-Feuerbach,Baden-Württemberg,Feuerbach,70469,9.169186287,48.81363554,3,2609100013.0,,2609100014.0,,h,1.0,Bauarbeiten,,,,,,,0.0,0.0
-2203143972630932280-2609100024-6,7679,2609100036.0,2609100036.0,1.0,,S,S6,Ditzingen|Weilimdorf|Korntal|Neuwirtshaus(Porscheplatz)|Stuttgart-Zuffenhausen,8005770,Stuttgart-Feuerbach,Baden-Württemberg,Feuerbach,70469,9.169186287,48.81363554,3,2609100037.0,,2609100037.0,,h,1.0,Bauarbeiten,,,,,,,1.0,1.0
4485205009405163343-2609100016-4,7579,2609100026.0,2609100026.0,1.0,,S,S5,Ludwigsburg|Kornwestheim Pbf|Stuttgart-Zuffenhausen,8005770,Stuttgart-Feuerbach,Baden-Württemberg,Feuerbach,70469,9.169186287,48.81363554,3,2609100026.0,,2609100026.0,,h,1.0,Bauarbeiten,,,,,,,0.0,0.0
848495705669194349-2609092354-6,7677,2609100006.0,2609100006.0,1.0,,S,S6,Ditzingen|Weilimdorf|Korntal|Neuwirtshaus(Porscheplatz)|Stuttgart-Zuffenhausen,8005770,Stuttgart-Feuerbach,Baden-Württemberg,Feuerbach,70469,9.169186287,48.81363554,3,2609100007.0,,2609100007.0,,h,1.0,Bauarbeiten,,,,,,,1.0,1.0
-1059289875129037590-2609100027-3,7578,2609100033.0,2609100034.0,2.0,,S,S5,Stuttgart Hbf|Stuttgart Nordbahnhof,8005770,Stuttgart-Feuerbach,Baden-Württemberg,Feuerbach,70469,9.169186287,48.81363554,3,2609100033.0,,2609100034.0,,h,1.0,Bauarbeiten,,,,,,,0.0,0.0
7735692879743924898-2609100017-3,7676,2609100024.0,2609100024.0,2.0,,S,S6,Stuttgart Hbf|Stuttgart Nordbahnhof,8005770,Stuttgart-Feuerbach,Baden-Württemberg,Feuerbach,70469,9.169186287,48.81363554,3,2609100024.0,,2609100024.0,,h,1.0,Bauarbeiten,,,,,,,0.0,0.0
2977099434128495599-2609092355-8,7477,2609100016.0,2609100017.0,1.0,,S,S4,Marbach(Neckar)|Benningen(Neckar)|Freiberg(Neckar)|Favoritepark|Ludwigsburg|Kornwestheim Pbf|Stuttgart-Zuffenhausen,8005770,Stuttgart-Feuerbach,Baden-Württemberg,Feuerbach,70469,9.169186287,48.81363554,3,2609100016.0,,2609100017.0,,h,1.0,Bauarbeiten,,,,,p,p,0.0,0.0
2298525024658281877-2609100025-5,7178,2609100037.0,2609100037.0,6.0,,S,S1,Stuttgart Hbf|Stuttgart-Bad Cannstatt|Stuttgart Neckarpark|Stuttgart-Untertürkheim,8005772,Stuttgart-Obertürkheim,Baden-Württemberg,Stuttgart,70329,9.268167932,48.76175015,4,2609100037.0,,2609100037.0,,,,,,,,,,,0.0,0.0
8092363418274949423-2609092350-11,7179,2609100022.0,2609100022.0,5.0,,S,S1,Kirchheim(Teck)|Kirchheim(Teck)-Ötlingen|Wendlingen(Neckar)|Wernau(Neckar)|Plochingen|Altbach|Esslingen-Zell|Oberesslingen|Esslingen(Neckar)|Esslingen-Mettingen,8005772,Stuttgart-Obertürkheim,Baden-Württemberg,Stuttgart,70329,9.268167932,48.76175015,4,2609100022.0,,2609100022.0,,,,,,,,,p,p,0.0,0.0
6181068125164198804-2609092355-5,7176,2609100007.0,2609100007.0,6.0,,S,S1,Stuttgart Hbf|Stuttgart-Bad Cannstatt|Stuttgart Neckarpark|Stuttgart-Untertürkheim,8005772,Stuttgart-Obertürkheim,Baden-Württemberg,Stuttgart,70329,9.268167932,48.76175015,4,2609100007.0,,2609100008.0,,,,,,,,,,,0.0,1.0
-8775031481172421761-2609100020-11,7181,2609100052.0,2609100052.0,5.0,,S,S1,Kirchheim(Teck)|Kirchheim(Teck)-Ötlingen|Wendlingen(Neckar)|Wernau(Neckar)|Plochingen|Altbach|Esslingen-Zell|Oberesslingen|Esslingen(Neckar)|Esslingen-Mettingen,8005772,Stuttgart-Obertürkheim,Baden-Württemberg,Stuttgart,70329,9.268167932,48.76175015,4,2609100052.0,,2609100052.0,,,,,,,,,,,0.0,0.0
-2978262493163587752-2609100016-8,7780,2609100037.0,2609100038.0,3.0,,S,S1,Herrenberg|Nufringen|Gärtringen|Ehningen(b Böblingen)|Hulb|Böblingen|Goldberg(Württ),8005773,Stuttgart-Rohr,Baden-Württemberg,Stuttgart,70565,9.108158025,48.71799427,4,2609100038.0,,2609100038.0,,,,,,,,,,,1.0,0.0
1391287489183680041-2609100035-2,7979,2609100036.0,2609100042.0,2.0,,S,S2,Stuttgart-Vaihingen,8005773,Stuttgart-Rohr,Baden-Württemberg,Stuttgart,70565,9.108158025,48.71799427,4,2609100037.0,,2609100042.0,,,,,,,,,,,1.0,0.0
-1459141203769340300-2609100016-2,7777,2609100017.0,2609100023.0,2.0,,S,S1,Stuttgart-Vaihingen,8005773,Stuttgart-Rohr,Baden-Württemberg,Stuttgart,70565,9.108158025,48.71799427,4,2609100021.0,,2609100026.0,,,,,,,,,,,4.0,3.0
3605325443872813677-2609100005-2,7977,2609100006.0,2609100012.0,2.0,,S,S2,Stuttgart-Vaihingen,8005773,Stuttgart-Rohr,Baden-Württemberg,Stuttgart,70565,9.108158025,48.71799427,4,2609100007.0,,2609100012.0,,,,,,,,,,,1.0,0.0
-3828888404650944113-2609100046-2,7779,2609100047.0,2609100053.0,2.0,,S,S1,Stuttgart-Vaihingen,8005773,Stuttgart-Rohr,Baden-Württemberg,Stuttgart,70565,9.108158025,48.71799427,4,2609100049.0,,2609100053.0,,,,,,,,,,,2.0,0.0
5905216437651592640-2609100003-6,7976,2609100018.0,2609100019.0,3.0,,S,S2,Filderstadt|Stuttgart Flughafen/Messe|Echterdingen|Leinfelden|Oberaichen,8005773,Stuttgart-Rohr,Baden-Württemberg,Stuttgart,70565,9.108158025,48.71799427,4,2609100018.0,,2609100021.0,,,,,,,,,,,0.0,2.0
-7276272804962501987-2609100033-6,7978,2609100048.0,2609100049.0,3.0,,S,S2,Filderstadt|Stuttgart Flughafen/Messe|Echterdingen|Leinfelden|Oberaichen,8005773,Stuttgart-Rohr,Baden-Württemberg,Stuttgart,70565,9.108158025,48.71799427,4,2609100048.0,,2609100051.0,,,,,,,,,,,0.0,2.0
4991213592121918551-2609092346-8,7778,2609100007.0,2609100008.0,3.0,,S,S1,Herrenberg|Nufringen|Gärtringen|Ehningen(b Böblingen)|Hulb|Böblingen|Goldberg(Württ),8005773,Stuttgart-Rohr,Baden-Württemberg,Stuttgart,70565,9.108158025,48.71799427,4,2609100008.0,,2609100009.0,,,,,,,,,,,1.0,1.0
7313231446534335906-2609100050-4,7278,2609100059.0,2609100059.0,4.0,,S,S2,Stuttgart Hbf|Stuttgart-Bad Cannstatt|Stuttgart Nürnberger Str.,8005774,Stuttgart-Sommerrain,Baden-Württemberg,Stuttgart,70374,9.248369749,48.81521824,5,2609100100.0,,2609100100.0,,h,2.0,Bauarbeiten,,,,,,,1.0,1.0
6461875104419562950-2609100020-4,7276,2609100029.0,2609100029.0,4.0,,S,S2,Stuttgart Hbf|Stuttgart-Bad Cannstatt|Stuttgart Nürnberger Str.,8005774,Stuttgart-Sommerrain,Baden-Württemberg,Stuttgart,70374,9.248369749,48.81521824,5,2609100029.0,,2609100030.0,,h,2.0,Bauarbeiten,,,,,,,0.0,1.0
-1263112065111090114-2609092328-12,7277,2609100000.0,2609100000.0,1.0,,S,S2,Schorndorf|Weiler(Rems)|Winterbach(b Schorndorf)|Geradstetten|Grunbach|Beutelsbach|Endersbach|Stetten-Beinstein|Rommelshausen|Waiblingen|Fellbach,8005774,Stuttgart-Sommerrain,Baden-Württemberg,Stuttgart,70374,9.248369749,48.81521824,5,2609100000.0,,2609100000.0,,h,2.0,Bauarbeiten,,,,,,,0.0,0.0
8924619333411272467-2609100042-4,7378,2609100054.0,2609100054.0,4.0,,S,S3,Stuttgart Hbf|Stuttgart-Bad Cannstatt|Stuttgart Nürnberger Str.,8005774,Stuttgart-Sommerrain,Baden-Württemberg,Stuttgart,70374,9.248369749,48.81521824,5,2609100054.0,,2609100055.0,,,,,,,,,,,0.0,1.0
6570008134094305920-2609100003-12,7279,2609100030.0,2609100030.0,1.0,,S,S2,Schorndorf|Weiler(Rems)|Winterbach(b Schorndorf)|Geradstetten|Grunbach|Beutelsbach|Endersbach|Stetten-Beinstein|Rommelshausen|Waiblingen|Fellbach,8005774,Stuttgart-Sommerrain,Baden-Württemberg,Stuttgart,70374,9.248369749,48.81521824,5,2609100030.0,,2609100031.0,,h,2.0,Bauarbeiten,,,,,,,0.0,1.0
6798625749353298235-2609100012-4,7376,2609100024.0,2609100024.0,4.0,,S,S3,Stuttgart Hbf|Stuttgart-Bad Cannstatt|Stuttgart Nürnberger Str.,8005774,Stuttgart-Sommerrain,Baden-Württemberg,Stuttgart,70374,9.248369749,48.81521824,5,2609100024.0,,2609100025.0,,,,,,,,,,,0.0,1.0
-7120372043677331542-2609092341-9,7377,2609100005.0,2609100005.0,1.0,,S,S3,Backnang|Maubach|Nellmersbach|Winnenden|Schwaikheim|Neustadt-Hohenacker|Waiblingen|Fellbach,8005774,Stuttgart-Sommerrain,Baden-Württemberg,Stuttgart,70374,9.248369749,48.81521824,5,2609100005.0,,2609100006.0,,,,,,,,,,,0.0,1.0
8494074834215864068-2609100011-9,7379,2609100035.0,2609100035.0,1.0,,S,S3,Backnang|Maubach|Nellmersbach|Winnenden|Schwaikheim|Neustadt-Hohenacker|Waiblingen|Fellbach,8005774,Stuttgart-Sommerrain,Baden-Württemberg,Stuttgart,70374,9.248369749,48.81521824,5,2609100039.0,,2609100039.0,,,,,,,,,,,4.0,4.0
2298525024658281877-2609100025-4,7178,2609100034.0,2609100034.0,6.0,,S,S1,Stuttgart Hbf|Stuttgart-Bad Cannstatt|Stuttgart Neckarpark,8005775,Stuttgart-Untertürkheim Pbf,Baden-Württemberg,Stuttgart,70327,9.250467074,48.77984679,3,2609100034.0,,2609100034.0,,,,,,,,,,,0.0,0.0
8092363418274949423-2609092350-12,7179,2609100025.0,2609100025.0,5.0,,S,S1,Kirchheim(Teck)|Kirchheim(Teck)-Ötlingen|Wendlingen(Neckar)|Wernau(Neckar)|Plochingen|Altbach|Esslingen-Zell|Oberesslingen|Esslingen(Neckar)|Esslingen-Mettingen|Stuttgart-Obertürkheim,8005775,Stuttgart-Untertürkheim Pbf,Baden-Württemberg,Stuttgart,70327,9.250467074,48.77984679,3,2609100024.0,,2609100025.0,,,,,,,,,p,p,-1.0,0.0
6181068125164198804-2609092355-4,7176,2609100004.0,2609100004.0,6.0,,S,S1,Stuttgart Hbf|Stuttgart-Bad Cannstatt|Stuttgart Neckarpark,8005775,Stuttgart-Untertürkheim Pbf,Baden-Württemberg,Stuttgart,70327,9.250467074,48.77984679,3,2609100005.0,,2609100005.0,,,,,,,,,,,1.0,1.0
-8775031481172421761-2609100020-12,7181,2609100055.0,2609100055.0,5.0,,S,S1,Kirchheim(Teck)|Kirchheim(Teck)-Ötlingen|Wendlingen(Neckar)|Wernau(Neckar)|Plochingen|Altbach|Esslingen-Zell|Oberesslingen|Esslingen(Neckar)|Esslingen-Mettingen|Stuttgart-Obertürkheim,8005775,Stuttgart-Untertürkheim Pbf,Baden-Württemberg,Stuttgart,70327,9.250467074,48.77984679,3,2609100055.0,,2609100055.0,,,,,,,,,,,0.0,0.0
-2978262493163587752-2609100016-9,7780,2609100040.0,,3.0,,S,,Herrenberg|Nufringen|Gärtringen|Ehningen(b Böblingen)|Hulb|Böblingen|Goldberg(Württ)|Stuttgart-Rohr,8005776,Stuttgart-Vaihingen,Baden-Württemberg,Stuttgart,70563,9.113913368,48.72698116,3,2609100040.0,,,,,,,,,,,,,0.0,0.0
1391287489183680041-2609100035-1,7979,,2609100035.0,,,S,S2,,8005776,Stuttgart-Vaihingen,Baden-Württemberg,Stuttgart,70563,9.113913368,48.72698116,3,,,2609100036.0,,,,,,,,,,,0.0,1.0
-1459141203769340300-2609100016-1,7777,,2609100016.0,,,S,S1,,8005776,Stuttgart-Vaihingen,Baden-Württemberg,Stuttgart,70563,9.113913368,48.72698116,3,,,2609100020.0,,,,,,,,,,,0.0,4.0
3605325443872813677-2609100005-1,7977,,2609100005.0,,,S,S2,,8005776,Stuttgart-Vaihingen,Baden-Württemberg,Stuttgart,70563,9.113913368,48.72698116,3,,,2609100005.0,,,,,,,,,,,0.0,0.0
-3828888404650944113-2609100046-1,7779,,2609100046.0,,,S,S1,,8005776,Stuttgart-Vaihingen,Baden-Württemberg,Stuttgart,70563,9.113913368,48.72698116,3,,,2609100048.0,,,,,,,,,,,0.0,2.0
5905216437651592640-2609100003-7,7976,2609100020.0,,2.0,,S,,Filderstadt|Stuttgart Flughafen/Messe|Echterdingen|Leinfelden|Oberaichen|Stuttgart-Rohr,8005776,Stuttgart-Vaihingen,Baden-Württemberg,Stuttgart,70563,9.113913368,48.72698116,3,2609100023.0,,,,,,,,,,,,,3.0,0.0
-7276272804962501987-2609100033-7,7978,2609100050.0,,2.0,,S,,Filderstadt|Stuttgart Flughafen/Messe|Echterdingen|Leinfelden|Oberaichen|Stuttgart-Rohr,8005776,Stuttgart-Vaihingen,Baden-Württemberg,Stuttgart,70563,9.113913368,48.72698116,3,2609100052.0,,,,,,,,,,,,,2.0,0.0
4991213592121918551-2609092346-9,7778,2609100010.0,,3.0,,S,,Herrenberg|Nufringen|Gärtringen|Ehningen(b Böblingen)|Hulb|Böblingen|Goldberg(Württ)|Stuttgart-Rohr,8005776,Stuttgart-Vaihingen,Baden-Württemberg,Stuttgart,70563,9.113913368,48.72698116,3,2609100011.0,,,,,,,,,,,,,1.0,0.0
-2203143972630932280-2609100024-2,7679,2609100026.0,2609100026.0,2.0,,S,S6,Ditzingen,8006268,Stuttgart-Weilimdorf,Baden-Württemberg,Stuttgart,70499,9.094370086,48.82208429,5,2609100026.0,,2609100027.0,,h,1.0,Bauarbeiten,,,,,,,0.0,1.0
7251830197396160216-2609092347-7,7674,2609100003.0,2609100004.0,1.0,,S,S6,Stuttgart Hbf|Stuttgart Nordbahnhof|Stuttgart-Feuerbach|Stuttgart-Zuffenhausen|Neuwirtshaus(Porscheplatz)|Korntal,8006268,Stuttgart-Weilimdorf,Baden-Württemberg,Stuttgart,70499,9.094370086,48.82208429,5,2609100003.0,,2609100004.0,,h,1.0,Bauarbeiten,,,,,,,0.0,0.0
7735692879743924898-2609100017-7,7676,2609100033.0,2609100034.0,1.0,,S,S6,Stuttgart Hbf|Stuttgart Nordbahnhof|Stuttgart-Feuerbach|Stuttgart-Zuffenhausen|Neuwirtshaus(Porscheplatz)|Korntal,8006268,Stuttgart-Weilimdorf,Baden-Württemberg,Stuttgart,70499,9.094370086,48.82208429,5,2609100033.0,,2609100034.0,,h,1.0,Bauarbeiten,,,,,,,0.0,0.0
7846954886947346104-2609100037-4,7476,2609100046.0,2609100047.0,4.0,,S,S4,Stuttgart Hbf|Stuttgart Nordbahnhof|Stuttgart-Feuerbach,8005778,Stuttgart-Zuffenhausen,Baden-Württemberg,Stuttgart,70435,9.167156375,48.82960884,3,2609100046.0,,2609100047.0,,h,1.0,Bauarbeiten,,,,,,,0.0,0.0
-5842345505256526084-2609092357-4,7576,2609100006.0,2609100007.0,4.0,,S,S5,Stuttgart Hbf|Stuttgart Nordbahnhof|Stuttgart-Feuerbach,8005778,Stuttgart-Zuffenhausen,Baden-Württemberg,Stuttgart,70435,9.167156375,48.82960884,3,2609100006.0,,2609100007.0,,h,1.0,Bauarbeiten,,,,,,,0.0,0.0
7310467920449271-2609100047-4,7678,2609100056.0,2609100057.0,11.0,,S,S6,Stuttgart Hbf|Stuttgart Nordbahnhof|Stuttgart-Feuerbach,8005778,Stuttgart-Zuffenhausen,Baden-Württemberg,Stuttgart,70435,9.167156375,48.82960884,3,2609100056.0,,2609100057.0,,h,1.0,Bauarbeiten,,,,,,,0.0,0.0
-4175471405587783145-2609100007-4,7474,2609100016.0,2609100017.0,4.0,,S,S4,Stuttgart Hbf|Stuttgart Nordbahnhof|Stuttgart-Feuerbach,8005778,Stuttgart-Zuffenhausen,Baden-Württemberg,Stuttgart,70435,9.167156375,48.82960884,3,2609100016.0,,2609100017.0,,h,1.0,Bauarbeiten,,,,,,,0.0,0.0
-2203143972630932280-2609100024-5,7679,2609100033.0,2609100034.0,12.0,,S,S6,Ditzingen|Weilimdorf|Korntal|Neuwirtshaus(Porscheplatz),8005778,Stuttgart-Zuffenhausen,Baden-Württemberg,Stuttgart,70435,9.167156375,48.82960884,3,2609100035.0,,2609100035.0,,h,1.0,Bauarbeiten,,,,,,,2.0,1.0
4485205009405163343-2609100016-3,7579,2609100023.0,2609100024.0,2.0,,S,S5,Ludwigsburg|Kornwestheim Pbf,8005778,Stuttgart-Zuffenhausen,Baden-Württemberg,Stuttgart,70435,9.167156375,48.82960884,3,2609100023.0,,2609100024.0,,h,1.0,Bauarbeiten,,,,,,,0.0,0.0
848495705669194349-2609092354-5,7677,2609100003.0,2609100004.0,12.0,,S,S6,Ditzingen|Weilimdorf|Korntal|Neuwirtshaus(Porscheplatz),8005778,Stuttgart-Zuffenhausen,Baden-Württemberg,Stuttgart,70435,9.167156375,48.82960884,3,2609100004.0,,2609100004.0,,h,1.0,Bauarbeiten,,,,,,,1.0,0.0
-1059289875129037590-2609100027-4,7578,2609100036.0,2609100037.0,4.0,,S,S5,Stuttgart Hbf|Stuttgart Nordbahnhof|Stuttgart-Feuerbach,8005778,Stuttgart-Zuffenhausen,Baden-Württemberg,Stuttgart,70435,9.167156375,48.82960884,3,2609100036.0,,2609100038.0,,h,1.0,Bauarbeiten,,,,,,,0.0,1.0
7735692879743924898-2609100017-4,7676,2609100026.0,2609100027.0,11.0,,S,S6,Stuttgart Hbf|Stuttgart Nordbahnhof|Stuttgart-Feuerbach,8005778,Stuttgart-Zuffenhausen,Baden-Württemberg,Stuttgart,70435,9.167156375,48.82960884,3,2609100026.0,,2609100027.0,,h,1.0,Bauarbeiten,,,,,,,0.0,0.0
2977099434128495599-2609092355-7,7477,2609100013.0,2609100014.0,2.0,,S,S4,Marbach(Neckar)|Benningen(Neckar)|Freiberg(Neckar)|Favoritepark|Ludwigsburg|Kornwestheim Pbf,8005778,Stuttgart-Zuffenhausen,Baden-Württemberg,Stuttgart,70435,9.167156375,48.82960884,3,2609100013.0,,2609100014.0,,h,1.0,Bauarbeiten,,,,,p,p,0.0,0.0
1549583197322147811-2609092238-18,88652,2609100052.0,2609100053.0,1.0,,ARV,RE90,Nürnberg Hbf|Roßtal|Heilsbronn|Wicklesgreuth|Ansbach|Leutershausen-Wiedersbach|Dombühl|Schnelldorf|Crailsheim|Eckartshausen-Ilshofen|Schwäbisch Hall-Hessental|Gaildorf West|Murrhardt|Sulzbach(Murr)|Oppenweiler(Württ)|Backnang|Winnenden,8000180,Waiblingen,Baden-Württemberg,Waiblingen,71332,9.300476874,48.8262444,3,2609100107.0,3.0,2609100108.0,3.0,,,,,,,,,,15.0,15.0
1481285002460915742-2609100034-3,17501,2609100045.0,2609100045.0,3.0,,RB,MEX90,Stuttgart Hbf|Stuttgart-Bad Cannstatt,8000180,Waiblingen,Baden-Württemberg,Waiblingen,71332,9.300476874,48.8262444,3,2609100051.0,,2609100053.0,,h,2.0,Störung,,,,,,,6.0,8.0
6461875104419562950-2609100020-6,7276,2609100034.0,2609100035.0,7.0,,S,S2,Stuttgart Hbf|Stuttgart-Bad Cannstatt|Stuttgart Nürnberger Str.|Stuttgart-Sommerrain|Fellbach,8000180,Waiblingen,Baden-Württemberg,Waiblingen,71332,9.300476874,48.8262444,3,2609100035.0,,2609100035.0,,h,2.0,Bauarbeiten,,,,,,,1.0,0.0
4235977593412169897-2609092342-6,7374,2609092359.0,2609100000.0,3.0,,S,S3,Stuttgart Hbf|Stuttgart-Bad Cannstatt|Stuttgart Nürnberger Str.|Stuttgart-Sommerrain|Fellbach,8000180,Waiblingen,Baden-Württemberg,Waiblingen,71332,9.300476874,48.8262444,3,2609100000.0,,2609100000.0,,,,,,,,,,,1.0,0.0
414984855934234452-2609092332-9,17570,2609100020.0,2609100021.0,1.0,,RB,MEX19,Gaildorf West|Fichtenberg|Fornsbach|Murrhardt|Sulzbach(Murr)|Oppenweiler(Württ)|Backnang|Winnenden,8000180,Waiblingen,Baden-Württemberg,Waiblingen,71332,9.300476874,48.8262444,3,2609100022.0,,2609100022.0,,,,,,,,,,,2.0,1.0
-1081780412156222586-2609100020-3,19491,2609100032.0,2609100032.0,6.0,,ARV,MEX13,Stuttgart Hbf|Stuttgart-Bad Cannstatt,8000180,Waiblingen,Baden-Württemberg,Waiblingen,71332,9.300476874,48.8262444,3,2609100042.0,7.0,2609100042.0,7.0,h,2.0,Information,,,,,,,10.0,10.0
8924619333411272467-2609100042-6,7378,2609100059.0,2609100100.0,3.0,,S,S3,Stuttgart Hbf|Stuttgart-Bad Cannstatt|Stuttgart Nürnberger Str.|Stuttgart-Sommerrain|Fellbach,8000180,Waiblingen,Baden-Württemberg,Waiblingen,71332,9.300476874,48.8262444,3,2609100100.0,1.0,2609100109.0,1.0,,,,,,,,,,1.0,9.0
5642224881119907643-2609092356-7,19492,2609100028.0,2609100028.0,6.0,,ARV,MEX13,Schwäbisch Gmünd|Lorch(Württ)|Waldhausen(b Schorndorf)|Plüderhausen|Urbach(b Schorndorf)|Schorndorf,8000180,Waiblingen,Baden-Württemberg,Waiblingen,71332,9.300476874,48.8262444,3,2609100028.0,,2609100029.0,,h,2.0,Information,,,,,p,p,0.0,1.0
-1663225643001113593-2609092312-8,88650,2609100008.0,2609100013.0,1.0,,ARV,RE90,Schwäbisch Hall-Hessental|Gaildorf West|Murrhardt|Sulzbach(Murr)|Oppenweiler(Württ)|Backnang|Winnenden,8000180,Waiblingen,Baden-Württemberg,Waiblingen,71332,9.300476874,48.8262444,3,2609100010.0,,2609100013.0,,,,,,,,,,,2.0,0.0
-6065798673451795825-2609092350-6,7274,2609100004.0,2609100005.0,7.0,,S,S2,Stuttgart Hbf|Stuttgart-Bad Cannstatt|Stuttgart Nürnberger Str.|Stuttgart-Sommerrain|Fellbach,8000180,Waiblingen,Baden-Württemberg,Waiblingen,71332,9.300476874,48.8262444,3,2609100006.0,,2609100009.0,,h,2.0,Bauarbeiten,,,,,,,2.0,4.0
6570008134094305920-2609100003-10,7279,2609100024.0,2609100025.0,5.0,,S,S2,Schorndorf|Weiler(Rems)|Winterbach(b Schorndorf)|Geradstetten|Grunbach|Beutelsbach|Endersbach|Stetten-Beinstein|Rommelshausen,8000180,Waiblingen,Baden-Württemberg,Waiblingen,71332,9.300476874,48.8262444,3,2609100025.0,,2609100026.0,,h,2.0,Bauarbeiten,,,,,,,1.0,1.0
-7237297222650599866-2609092347-3,19441,2609100002.0,2609100002.0,6.0,,ARV,MEX13,Stuttgart Hbf|Stuttgart-Bad Cannstatt,8000180,Waiblingen,Baden-Württemberg,Waiblingen,71332,9.300476874,48.8262444,3,2609100007.0,,2609100007.0,,h,2.0,Information,,,,,,,5.0,5.0
6798625749353298235-2609100012-6,7376,2609100029.0,2609100030.0,3.0,,S,S3,Stuttgart Hbf|Stuttgart-Bad Cannstatt|Stuttgart Nürnberger Str.|Stuttgart-Sommerrain|Fellbach,8000180,Waiblingen,Baden-Württemberg,Waiblingen,71332,9.300476874,48.8262444,3,2609100030.0,,2609100030.0,,,,,,,,,,,1.0,0.0
-7120372043677331542-2609092341-7,7377,2609092359.0,2609100000.0,1.0,,S,S3,Backnang|Maubach|Nellmersbach|Winnenden|Schwaikheim|Neustadt-Hohenacker,8000180,Waiblingen,Baden-Württemberg,Waiblingen,71332,9.300476874,48.8262444,3,2609092359.0,,2609100000.0,,,,,,,,,,,0.0,0.0
8494074834215864068-2609100011-7,7379,2609100029.0,2609100030.0,1.0,,S,S3,Backnang|Maubach|Nellmersbach|Winnenden|Schwaikheim|Neustadt-Hohenacker,8000180,Waiblingen,Baden-Württemberg,Waiblingen,71332,9.300476874,48.8262444,3,2609100035.0,,2609100035.0,,,,,,,,,,,6.0,5.0
-8097229136581884814-2609100033-10,7281,2609100054.0,2609100055.0,5.0,,S,S2,Schorndorf|Weiler(Rems)|Winterbach(b Schorndorf)|Geradstetten|Grunbach|Beutelsbach|Endersbach|Stetten-Beinstein|Rommelshausen,8000180,Waiblingen,Baden-Württemberg,Waiblingen,71332,9.300476874,48.8262444,3,2609100125.0,,2609100125.0,,h,2.0,Bauarbeiten,,,Schorndorf|Weiler(Rems)|Winterbach(b Schorndorf)|Geradstetten|Grunbach|Beutelsbach|Endersbach|Stetten-Beinstein|Rommelshausen,Fellbach|Stuttgart-Sommerrain|Stuttgart Nürnberger Str.|Stuttgart-Bad Cannstatt|Stuttgart Hbf,,,31.0,30.0
-4080091169318114370-2609092358-2,26190,2609100001.0,2609100003.0,141.0,,SWE,RB76,Renningen,8006271,Weil der Stadt,Baden-Württemberg,Weil der Stadt,71263,8.873189074,48.7557357,4,2609100002.0,,2609100003.0,,,,,,,,,,,1.0,0.0
1672508797229917714-2609100003-1,7689,,2609100003.0,,,S,S6,,8006271,Weil der Stadt,Baden-Württemberg,Weil der Stadt,71263,8.873189074,48.7557357,4,,,2609100006.0,2.0,,,,,,,,,,0.0,3.0
1170028468095042603-2609100013-5,7688,2609100027.0,,,,S,,Leonberg|Rutesheim|Renningen|Malmsheim,8006271,Weil der Stadt,Baden-Württemberg,Weil der Stadt,71263,8.873189074,48.7557357,4,2609100027.0,2.0,,,,,,,,,,,,0.0,0.0
-5273476545227506052-2609100043-5,7690,2609100057.0,,,,S,,Leonberg|Rutesheim|Renningen|Malmsheim,8006271,Weil der Stadt,Baden-Württemberg,Weil der Stadt,71263,8.873189074,48.7557357,4,2609100059.0,2.0,,,,,,,,,,,,2.0,0.0
-3002578559228263212-2609100026-5,26193,2609100044.0,,141.0,,SWE,,Calw|Calw-Heumaden|Althengstett|Ostelsheim,8006271,Weil der Stadt,Baden-Württemberg,Weil der Stadt,71263,8.873189074,48.7557357,4,2609100047.0,,,,,,,,,,,,,3.0,0.0
6461875104419562950-2609100020-14,7276,2609100052.0,2609100052.0,1.0,,S,S2,Stuttgart Hbf|Stuttgart-Bad Cannstatt|Stuttgart Nürnberger Str.|Stuttgart-Sommerrain|Fellbach|Waiblingen|Rommelshausen|Stetten-Beinstein|Endersbach|Beutelsbach|Grunbach|Geradstetten|Winterbach(b Schorndorf),8006277,Weiler (Rems),Baden-Württemberg,Schorndorf,76314,9.501891172,48.80034585,5,2609100055.0,2.0,2609100056.0,2.0,h,2.0,Bauarbeiten,,,,,,,3.0,4.0
-6065798673451795825-2609092350-14,7274,2609100022.0,2609100022.0,1.0,,S,S2,Stuttgart Hbf|Stuttgart-Bad Cannstatt|Stuttgart Nürnberger Str.|Stuttgart-Sommerrain|Fellbach|Waiblingen|Rommelshausen|Stetten-Beinstein|Endersbach|Beutelsbach|Grunbach|Geradstetten|Winterbach(b Schorndorf),8006277,Weiler (Rems),Baden-Württemberg,Schorndorf,76314,9.501891172,48.80034585,5,2609100025.0,,2609100028.0,,h,2.0,Bauarbeiten,,,,,,,3.0,6.0
6570008134094305920-2609100003-2,7279,2609100006.0,2609100006.0,2.0,,S,S2,Schorndorf,8006277,Weiler (Rems),Baden-Württemberg,Schorndorf,76314,9.501891172,48.80034585,5,2609100006.0,,2609100006.0,,h,2.0,Bauarbeiten,,,,,,,0.0,0.0
-8097229136581884814-2609100033-2,7281,2609100036.0,2609100036.0,2.0,,S,S2,Schorndorf,8006277,Weiler (Rems),Baden-Württemberg,Schorndorf,76314,9.501891172,48.80034585,5,2609100106.0,,2609100107.0,,h,2.0,Bauarbeiten,,,Schorndorf,Winterbach(b Schorndorf)|Geradstetten|Grunbach|Beutelsbach|Endersbach|Stetten-Beinstein|Rommelshausen|Waiblingen|Fellbach|Stuttgart-Sommerrain|Stuttgart Nürnberger Str.|Stuttgart-Bad Cannstatt|Stuttgart Hbf,,,30.0,31.0
-8657113913917172137-2609092343-6,19342,2609100006.0,2609100006.0,1.0,,RE,MEX18,Reutlingen Hbf|Metzingen(Württ)|Bempflingen|Nürtingen|Oberboihingen,8006331,Wendlingen (Neckar),Baden-Württemberg,Wendlingen am Neckar,73240,9.373662098,48.67368917,3,2609100011.0,,2609100011.0,,h,2.0,Störung,,,,,,,5.0,5.0
-6275608324438357522-2609092325-13,7174,2609100002.0,2609100003.0,11.0,,S,S1,Stuttgart Hbf|Stuttgart-Bad Cannstatt|Stuttgart Neckarpark|Stuttgart-Untertürkheim|Stuttgart-Obertürkheim|Esslingen-Mettingen|Esslingen(Neckar)|Oberesslingen|Esslingen-Zell|Altbach|Plochingen|Wernau(Neckar),8006331,Wendlingen (Neckar),Baden-Württemberg,Wendlingen am Neckar,73240,9.373662098,48.67368917,3,2609100005.0,,2609100005.0,,,,,,,,,,,3.0,2.0
6181068125164198804-2609092355-13,7176,2609100032.0,2609100033.0,11.0,,S,S1,Stuttgart Hbf|Stuttgart-Bad Cannstatt|Stuttgart Neckarpark|Stuttgart-Untertürkheim|Stuttgart-Obertürkheim|Esslingen-Mettingen|Esslingen(Neckar)|Oberesslingen|Esslingen-Zell|Altbach|Plochingen|Wernau(Neckar),8006331,Wendlingen (Neckar),Baden-Württemberg,Wendlingen am Neckar,73240,9.373662098,48.67368917,3,2609100032.0,,2609100033.0,,,,,,,,,,,0.0,0.0
-8918970819459222950-2609100026-6,88765,2609100049.0,2609100102.0,,,RE,MEX12,Reutlingen Hbf|Metzingen(Württ)|Bempflingen|Nürtingen|Oberboihingen,8006331,Wendlingen (Neckar),Baden-Württemberg,Wendlingen am Neckar,73240,9.373662098,48.67368917,3,2609100052.0,2.0,2609100103.0,2.0,,,,,,,,,,3.0,1.0
-8775031481172421761-2609100020-3,7181,2609100027.0,2609100028.0,12.0,,S,S1,Kirchheim(Teck)|Kirchheim(Teck)-Ötlingen,8006331,Wendlingen (Neckar),Baden-Württemberg,Wendlingen am Neckar,73240,9.373662098,48.67368917,3,2609100027.0,,2609100028.0,,,,,,,,,,,0.0,0.0
2298525024658281877-2609100025-12,7178,2609100058.0,2609100059.0,2.0,,S,S1,Stuttgart Hbf|Stuttgart-Bad Cannstatt|Stuttgart Neckarpark|Stuttgart-Untertürkheim|Stuttgart-Obertürkheim|Esslingen-Mettingen|Esslingen(Neckar)|Oberesslingen|Esslingen-Zell|Altbach|Plochingen,8006346,Wernau (Neckar),Baden-Württemberg,Wernau (Neckar),73249,9.413654423,48.69417221,4,2609100058.0,,2609100059.0,,,,,,,,,,,0.0,0.0
8092363418274949423-2609092350-4,7179,2609100001.0,2609100001.0,1.0,,S,S1,Kirchheim(Teck)|Kirchheim(Teck)-Ötlingen|Wendlingen(Neckar),8006346,Wernau (Neckar),Baden-Württemberg,Wernau (Neckar),73249,9.413654423,48.69417221,4,2609100001.0,,2609100001.0,,,,,,,,,p,p,0.0,0.0
6181068125164198804-2609092355-12,7176,2609100028.0,2609100029.0,2.0,,S,S1,Stuttgart Hbf|Stuttgart-Bad Cannstatt|Stuttgart Neckarpark|Stuttgart-Untertürkheim|Stuttgart-Obertürkheim|Esslingen-Mettingen|Esslingen(Neckar)|Oberesslingen|Esslingen-Zell|Altbach|Plochingen,8006346,Wernau (Neckar),Baden-Württemberg,Wernau (Neckar),73249,9.413654423,48.69417221,4,2609100028.0,,2609100029.0,,,,,,,,,,,0.0,0.0
-8775031481172421761-2609100020-4,7181,2609100031.0,2609100031.0,1.0,,S,S1,Kirchheim(Teck)|Kirchheim(Teck)-Ötlingen|Wendlingen(Neckar),8006346,Wernau (Neckar),Baden-Württemberg,Wernau (Neckar),73249,9.413654423,48.69417221,4,2609100031.0,,2609100031.0,,,,,,,,,,,0.0,0.0
1549583197322147811-2609092238-17,88652,2609100045.0,2609100046.0,3.0,,ARV,RE90,Nürnberg Hbf|Roßtal|Heilsbronn|Wicklesgreuth|Ansbach|Leutershausen-Wiedersbach|Dombühl|Schnelldorf|Crailsheim|Eckartshausen-Ilshofen|Schwäbisch Hall-Hessental|Gaildorf West|Murrhardt|Sulzbach(Murr)|Oppenweiler(Württ)|Backnang,8006479,Winnenden,Baden-Württemberg,Winnenden,71364,9.392155928,48.8795625,3,2609100100.0,,2609100101.0,,,,,,,,,,,15.0,15.0
1481285002460915742-2609100034-4,17501,2609100052.0,2609100052.0,2.0,,RB,MEX90,Stuttgart Hbf|Stuttgart-Bad Cannstatt|Waiblingen,8006479,Winnenden,Baden-Württemberg,Winnenden,71364,9.392155928,48.8795625,3,2609100059.0,,2609100100.0,,h,2.0,Störung,,,,,,,7.0,8.0
4235977593412169897-2609092342-9,7374,2609100009.0,2609100009.0,2.0,,S,S3,Stuttgart Hbf|Stuttgart-Bad Cannstatt|Stuttgart Nürnberger Str.|Stuttgart-Sommerrain|Fellbach|Waiblingen|Neustadt-Hohenacker|Schwaikheim,8006479,Winnenden,Baden-Württemberg,Winnenden,71364,9.392155928,48.8795625,3,2609100009.0,,2609100009.0,,,,,,,,,,,0.0,0.0
414984855934234452-2609092332-8,17570,2609100013.0,2609100014.0,3.0,,RB,MEX19,Gaildorf West|Fichtenberg|Fornsbach|Murrhardt|Sulzbach(Murr)|Oppenweiler(Württ)|Backnang,8006479,Winnenden,Baden-Württemberg,Winnenden,71364,9.392155928,48.8795625,3,2609100014.0,,2609100015.0,,,,,,,,,,,1.0,1.0
-1663225643001113593-2609092312-7,88650,2609092358.0,2609100000.0,3.0,,ARV,RE90,Schwäbisch Hall-Hessental|Gaildorf West|Murrhardt|Sulzbach(Murr)|Oppenweiler(Württ)|Backnang,8006479,Winnenden,Baden-Württemberg,Winnenden,71364,9.392155928,48.8795625,3,2609100003.0,,2609100004.0,,,,,,,,,,,5.0,4.0
6798625749353298235-2609100012-9,7376,2609100039.0,2609100039.0,2.0,,S,S3,Stuttgart Hbf|Stuttgart-Bad Cannstatt|Stuttgart Nürnberger Str.|Stuttgart-Sommerrain|Fellbach|Waiblingen|Neustadt-Hohenacker|Schwaikheim,8006479,Winnenden,Baden-Württemberg,Winnenden,71364,9.392155928,48.8795625,3,2609100042.0,,2609100043.0,,,,,,,,,,,3.0,4.0
8494074834215864068-2609100011-4,7379,2609100019.0,2609100020.0,3.0,,S,S3,Backnang|Maubach|Nellmersbach,8006479,Winnenden,Baden-Württemberg,Winnenden,71364,9.392155928,48.8795625,3,2609100022.0,,2609100022.0,,,,,,,,,,,3.0,2.0
6461875104419562950-2609100020-13,7276,2609100050.0,2609100050.0,2.0,,S,S2,Stuttgart Hbf|Stuttgart-Bad Cannstatt|Stuttgart Nürnberger Str.|Stuttgart-Sommerrain|Fellbach|Waiblingen|Rommelshausen|Stetten-Beinstein|Endersbach|Beutelsbach|Grunbach|Geradstetten,8006485,Winterbach (b Schorndorf),Baden-Württemberg,Winterbach,73650,9.481549751,48.79842743,4,2609100052.0,1.0,2609100053.0,1.0,h,2.0,Bauarbeiten,,,,,,,2.0,3.0
-6065798673451795825-2609092350-13,7274,2609100020.0,2609100020.0,2.0,,S,S2,Stuttgart Hbf|Stuttgart-Bad Cannstatt|Stuttgart Nürnberger Str.|Stuttgart-Sommerrain|Fellbach|Waiblingen|Rommelshausen|Stetten-Beinstein|Endersbach|Beutelsbach|Grunbach|Geradstetten,8006485,Winterbach (b Schorndorf),Baden-Württemberg,Winterbach,73650,9.481549751,48.79842743,4,2609100024.0,,2609100024.0,,h,2.0,Bauarbeiten,,,,,,,4.0,4.0
6570008134094305920-2609100003-3,7279,2609100008.0,2609100008.0,1.0,,S,S2,Schorndorf|Weiler(Rems),8006485,Winterbach (b Schorndorf),Baden-Württemberg,Winterbach,73650,9.481549751,48.79842743,4,2609100008.0,,2609100008.0,,h,2.0,Bauarbeiten,,,,,,,0.0,0.0
-8097229136581884814-2609100033-3,7281,2609100038.0,2609100038.0,1.0,,S,S2,Schorndorf|Weiler(Rems),8006485,Winterbach (b Schorndorf),Baden-Württemberg,Winterbach,73650,9.481549751,48.79842743,4,2609100108.0,,2609100109.0,,h,2.0,Bauarbeiten,,,Schorndorf|Weiler(Rems),Geradstetten|Grunbach|Beutelsbach|Endersbach|Stetten-Beinstein|Rommelshausen|Waiblingen|Fellbach|Stuttgart-Sommerrain|Stuttgart Nürnberger Str.|Stuttgart-Bad Cannstatt|Stuttgart Hbf,,,30.0,31.0
3135343690013222861-2609100009-3,7078,2609100015.0,2609100015.0,2.0,,S,S60,Renningen|Renningen Süd,8003807,Magstadt,Baden-Württemberg,Magstadt,71106,8.965315746,48.73616033,6,2609100018.0,,2609100019.0,,h,1.0,Bauarbeiten,,,,,,,3.0,4.0
-8774147686098078692-2609100004-5,7077,2609100013.0,2609100014.0,1.0,,S,S60,Böblingen|Sindelfingen|Maichingen|Maichingen Nord,8003807,Magstadt,Baden-Württemberg,Magstadt,71106,8.965315746,48.73616033,6,2609100014.0,,2609100015.0,,h,1.0,Bauarbeiten,,,,,,,1.0,1.0
-9074467080985277700-2609100034-5,7079,2609100043.0,2609100044.0,1.0,,S,S60,Böblingen|Sindelfingen|Maichingen|Maichingen Nord,8003807,Magstadt,Baden-Württemberg,Magstadt,71106,8.965315746,48.73616033,6,2609100044.0,,2609100045.0,,h,1.0,Bauarbeiten,,,,,,,1.0,1.0
3135343690013222861-2609100009-4,7078,2609100017.0,2609100017.0,2.0,,S,S60,Renningen|Renningen Süd|Magstadt,8003834,Maichingen Nord,Baden-Württemberg,Sindelfingen,71069,8.979416996,48.72750392,5,2609100020.0,,2609100021.0,,h,1.0,Bauarbeiten,,,,,,,3.0,4.0
-8774147686098078692-2609100004-4,7077,2609100011.0,2609100011.0,1.0,,S,S60,Böblingen|Sindelfingen|Maichingen,8003834,Maichingen Nord,Baden-Württemberg,Sindelfingen,71069,8.979416996,48.72750392,5,2609100012.0,,2609100012.0,,h,1.0,Bauarbeiten,,,,,,,1.0,1.0
-9074467080985277700-2609100034-4,7079,2609100041.0,2609100041.0,1.0,,S,S60,Böblingen|Sindelfingen|Maichingen,8003834,Maichingen Nord,Baden-Württemberg,Sindelfingen,71069,8.979416996,48.72750392,5,2609100042.0,,2609100043.0,,h,1.0,Bauarbeiten,,,,,,,1.0,2.0
3135343690013222861-2609100009-5,7078,2609100019.0,2609100019.0,1.0,,S,S60,Renningen|Renningen Süd|Magstadt|Maichingen Nord,8003808,Maichingen,Baden-Württemberg,Sindelfingen,71069,8.969606704,48.72162074,6,2609100022.0,,2609100022.0,,h,1.0,Bauarbeiten,,,,,,,3.0,3.0
-8774147686098078692-2609100004-3,7077,2609100009.0,2609100010.0,1.0,,S,S60,Böblingen|Sindelfingen,8003808,Maichingen,Baden-Württemberg,Sindelfingen,71069,8.969606704,48.72162074,6,2609100010.0,,2609100011.0,,h,1.0,Bauarbeiten,,,,,,,1.0,1.0
-9074467080985277700-2609100034-3,7079,2609100039.0,2609100040.0,1.0,,S,S60,Böblingen|Sindelfingen,8003808,Maichingen,Baden-Württemberg,Sindelfingen,71069,8.969606704,48.72162074,6,2609100040.0,,2609100041.0,,h,1.0,Bauarbeiten,,,,,,,1.0,1.0
3135343690013222861-2609100009-2,7078,2609100011.0,2609100011.0,2.0,,S,S60,Renningen,8005001,Renningen Süd,Baden-Württemberg,Renningen,71272,8.932068278,48.76261937,6,2609100014.0,,2609100015.0,,h,1.0,Bauarbeiten,,,,,,,3.0,4.0
-8774147686098078692-2609100004-6,7077,2609100017.0,2609100018.0,1.0,,S,S60,Böblingen|Sindelfingen|Maichingen|Maichingen Nord|Magstadt,8005001,Renningen Süd,Baden-Württemberg,Renningen,71272,8.932068278,48.76261937,6,2609100018.0,,2609100019.0,,h,1.0,Bauarbeiten,,,,,,,1.0,1.0
-9074467080985277700-2609100034-6,7079,2609100047.0,2609100048.0,1.0,,S,S60,Böblingen|Sindelfingen|Maichingen|Maichingen Nord|Magstadt,8005001,Renningen Süd,Baden-Württemberg,Renningen,71272,8.932068278,48.76261937,6,2609100048.0,,2609100049.0,,h,1.0,Bauarbeiten,,,,,,,1.0,1.0
8759418788528928451-2609100655-10,7108,2609100720.0,2609100720.0,4.0,,S,S1,Stuttgart Hbf|Stuttgart-Bad Cannstatt|Stuttgart Neckarpark|Stuttgart-Untertürkheim|Stuttgart-Obertürkheim|Esslingen-Mettingen|Esslingen(Neckar)|Oberesslingen|Esslingen-Zell,8000508,Altbach,Baden-Württemberg,Altbach,73776,9.382434033,48.72031354,3,2609100720.0,,2609100720.0,,,,,,,,,,,0.0,0.0
-6655970972115007016-2609100650-6,7111,2609100709.0,2609100710.0,3.0,,S,S1,Kirchheim(Teck)|Kirchheim(Teck)-Ötlingen|Wendlingen(Neckar)|Wernau(Neckar)|Plochingen,8000508,Altbach,Baden-Württemberg,Altbach,73776,9.382434033,48.72031354,3,2609100710.0,,2609100710.0,,,,,,,,,,,1.0,0.0
-7709757529463307534-2609100720-6,7113,2609100739.0,2609100740.0,3.0,,S,S1,Kirchheim(Teck)|Kirchheim(Teck)-Ötlingen|Wendlingen(Neckar)|Wernau(Neckar)|Plochingen,8000508,Altbach,Baden-Württemberg,Altbach,73776,9.382434033,48.72031354,3,2609100743.0,,2609100743.0,,,,,,,,,,,4.0,3.0
2394736871359748075-2609100725-10,7110,2609100750.0,2609100750.0,4.0,,S,S1,Stuttgart Hbf|Stuttgart-Bad Cannstatt|Stuttgart Neckarpark|Stuttgart-Untertürkheim|Stuttgart-Obertürkheim|Esslingen-Mettingen|Esslingen(Neckar)|Oberesslingen|Esslingen-Zell,8000508,Altbach,Baden-Württemberg,Altbach,73776,9.382434033,48.72031354,3,2609100750.0,,2609100750.0,,,,,,,,,,,0.0,0.0
5109580939104143056-2609100657-7,7508,2609100717.0,2609100717.0,4.0,,S,S5,Stuttgart Hbf|Stuttgart Nordbahnhof|Stuttgart-Feuerbach|Stuttgart-Zuffenhausen|Kornwestheim Pbf|Ludwigsburg,8000630,Asperg,Baden-Württemberg,Asperg,71679,9.147977466,48.90725609,4,2609100725.0,,2609100726.0,,,,,,,,,,,8.0,9.0
7155033421118958991-2609100707-3,7511,2609100712.0,2609100713.0,3.0,,S,S5,Bietigheim-Bissingen|Tamm(Württ),8000630,Asperg,Baden-Württemberg,Asperg,71679,9.147977466,48.90725609,4,2609100712.0,,2609100716.0,,,,,,,,,,,0.0,3.0
8353338401030915198-2609100727-7,7510,2609100747.0,2609100747.0,4.0,,S,S5,Stuttgart Hbf|Stuttgart Nordbahnhof|Stuttgart-Feuerbach|Stuttgart-Zuffenhausen|Kornwestheim Pbf|Ludwigsburg,8000630,Asperg,Baden-Württemberg,Asperg,71679,9.147977466,48.90725609,4,2609100748.0,,2609100748.0,,,,,,,,,,,1.0,1.0
-5856161558368495320-2609100737-3,7513,2609100742.0,2609100743.0,3.0,,S,S5,Bietigheim-Bissingen|Tamm(Württ),8000630,Asperg,Baden-Württemberg,Asperg,71679,9.147977466,48.90725609,4,2609100751.0,,2609100756.0,,,,,,,,,,,9.0,13.0
-8255187816541177533-2609100637-14,7404,2609100722.0,,1.0,,S,,Stuttgart Hbf|Stuttgart Nordbahnhof|Stuttgart-Feuerbach|Stuttgart-Zuffenhausen|Kornwestheim Pbf|Ludwigsburg|Favoritepark|Freiberg(Neckar)|Benningen(Neckar)|Marbach(Neckar)|Erdmannhausen|Kirchberg(Murr)|Burgstall(Murr),8000016,Backnang,Baden-Württemberg,Backnang,71522,9.425986107,48.94264844,3,2609100722.0,,,,,,,,,,,,,0.0,0.0
-6211003010298504877-2609100642-12,7306,2609100718.0,,5.0,,S,,Stuttgart Hbf|Stuttgart-Bad Cannstatt|Stuttgart Nürnberger Str.|Stuttgart-Sommerrain|Fellbach|Waiblingen|Neustadt-Hohenacker|Schwaikheim|Winnenden|Nellmersbach|Maubach,8000016,Backnang,Baden-Württemberg,Backnang,71522,9.425986107,48.94264844,3,2609100718.0,,,,,,,,,,,,,0.0,0.0
-6972089608067190623-2609100644-5,88613,2609100706.0,2609100707.0,4.0,,ARV,RE90,Stuttgart Hbf|Stuttgart-Bad Cannstatt|Waiblingen|Winnenden,8000016,Backnang,Baden-Württemberg,Backnang,71522,9.425986107,48.94264844,3,2609100707.0,,2609100708.0,,,,,,,,,,,1.0,1.0
-2915141727268180381-2609100711-1,7311,,2609100711.0,,,S,S3,,8000016,Backnang,Baden-Württemberg,Backnang,71522,9.425986107,48.94264844,3,,,2609100711.0,,,,,,,,,,,0.0,0.0
-7300822635158528158-2609100635-10,89684,2609100736.0,2609100737.0,4.0,,ARV,RE90,Crailsheim|Eckartshausen-Ilshofen|Schwäbisch Hall-Hessental|Gaildorf West|Fichtenberg|Fornsbach|Murrhardt|Sulzbach(Murr)|Oppenweiler(Württ),8000016,Backnang,Baden-Württemberg,Backnang,71522,9.425986107,48.94264844,3,2609100744.0,,2609100745.0,,h,2.0,Information,,,,,,,8.0,8.0
7977434207262340946-2609100707-14,7406,2609100752.0,,1.0,,S,,Stuttgart Hbf|Stuttgart Nordbahnhof|Stuttgart-Feuerbach|Stuttgart-Zuffenhausen|Kornwestheim Pbf|Ludwigsburg|Favoritepark|Freiberg(Neckar)|Benningen(Neckar)|Marbach(Neckar)|Erdmannhausen|Kirchberg(Murr)|Burgstall(Murr),8000016,Backnang,Baden-Württemberg,Backnang,71522,9.425986107,48.94264844,3,2609100754.0,,,,,,,,,,,,,2.0,0.0
8970610329466681156-2609100733-1,7413,,2609100733.0,,,S,S4,,8000016,Backnang,Baden-Württemberg,Backnang,71522,9.425986107,48.94264844,3,,,2609100733.0,,,,,,,,,,,0.0,0.0
-4004163488000567729-2609100605-10,17510,2609100704.0,2609100706.0,3.0,,RB,MEX90,Crailsheim|Eckartshausen-Ilshofen|Schwäbisch Hall-Hessental|Gaildorf West|Fichtenberg|Fornsbach|Murrhardt|Sulzbach(Murr)|Oppenweiler(Württ),8000016,Backnang,Baden-Württemberg,Backnang,71522,9.425986107,48.94264844,3,2609100704.0,,2609100706.0,,h,2.0,Störung,,,,,,,0.0,0.0
3577709664347333137-2609100712-12,7308,2609100748.0,,5.0,,S,,Stuttgart Hbf|Stuttgart-Bad Cannstatt|Stuttgart Nürnberger Str.|Stuttgart-Sommerrain|Fellbach|Waiblingen|Neustadt-Hohenacker|Schwaikheim|Winnenden|Nellmersbach|Maubach,8000016,Backnang,Baden-Württemberg,Backnang,71522,9.425986107,48.94264844,3,2609100749.0,,,,,,,,,,,,,1.0,0.0
8151800894683998336-2609100726-5,17509,2609100751.0,2609100752.0,4.0,,RB,MEX19,Stuttgart Hbf|Stuttgart-Bad Cannstatt|Waiblingen|Winnenden,8000016,Backnang,Baden-Württemberg,Backnang,71522,9.425986107,48.94264844,3,2609100751.0,,2609100752.0,,,,,,,,,,,0.0,0.0
1183603668671718907-2609100741-1,7313,,2609100741.0,,,S,S3,,8000016,Backnang,Baden-Württemberg,Backnang,71522,9.425986107,48.94264844,3,,,2609100741.0,,,,,,,,,,,0.0,0.0
1174251127419777403-2609100703-1,7411,,2609100703.0,,,S,S4,,8000016,Backnang,Baden-Württemberg,Backnang,71522,9.425986107,48.94264844,3,,,2609100705.0,,,,,,,,,,,0.0,2.0
-8255187816541177533-2609100637-9,7404,2609100702.0,2609100703.0,1.0,,S,S4,Stuttgart Hbf|Stuttgart Nordbahnhof|Stuttgart-Feuerbach|Stuttgart-Zuffenhausen|Kornwestheim Pbf|Ludwigsburg|Favoritepark|Freiberg(Neckar),8000873,Benningen (Neckar),Baden-Württemberg,Benningen am Neckar,71726,9.244299075,48.94379773,5,2609100703.0,,2609100703.0,,,,,,,,,,,1.0,0.0
7977434207262340946-2609100707-9,7406,2609100732.0,2609100733.0,1.0,,S,S4,Stuttgart Hbf|Stuttgart Nordbahnhof|Stuttgart-Feuerbach|Stuttgart-Zuffenhausen|Kornwestheim Pbf|Ludwigsburg|Favoritepark|Freiberg(Neckar),8000873,Benningen (Neckar),Baden-Württemberg,Benningen am Neckar,71726,9.244299075,48.94379773,5,2609100735.0,,2609100736.0,,,,,,,,,,,3.0,3.0
8970610329466681156-2609100733-6,7413,2609100757.0,2609100757.0,2.0,,S,S4,Backnang|Burgstall(Murr)|Kirchberg(Murr)|Erdmannhausen|Marbach(Neckar),8000873,Benningen (Neckar),Baden-Württemberg,Benningen am Neckar,71726,9.244299075,48.94379773,5,2609100758.0,,2609100759.0,,,,,,,,,,,1.0,2.0
1174251127419777403-2609100703-6,7411,2609100727.0,2609100727.0,2.0,,S,S4,Backnang|Burgstall(Murr)|Kirchberg(Murr)|Erdmannhausen|Marbach(Neckar),8000873,Benningen (Neckar),Baden-Württemberg,Benningen am Neckar,71726,9.244299075,48.94379773,5,2609100727.0,,2609100729.0,,,,,,,,,,,0.0,2.0
3965518062033575210-2609100650-10,7206,2609100713.0,2609100713.0,1.0,,S,S2,Stuttgart Hbf|Stuttgart-Bad Cannstatt|Stuttgart Nürnberger Str.|Stuttgart-Sommerrain|Fellbach|Waiblingen|Rommelshausen|Stetten-Beinstein|Endersbach,8000934,Beutelsbach,Baden-Württemberg,Weinstadt,71384,9.38551589,48.81038925,5,2609100713.0,,2609100714.0,,h,2.0,Bauarbeiten,,,,,,,0.0,1.0
3888224273021493436-2609100733-6,7213,2609100745.0,2609100745.0,2.0,,S,S2,Schorndorf|Weiler(Rems)|Winterbach(b Schorndorf)|Geradstetten|Grunbach,8000934,Beutelsbach,Baden-Württemberg,Weinstadt,71384,9.38551589,48.81038925,5,2609100749.0,,2609100749.0,,h,2.0,Bauarbeiten,,,,,,,4.0,4.0
-5260417069663625653-2609100720-10,7208,2609100743.0,2609100743.0,1.0,,S,S2,Stuttgart Hbf|Stuttgart-Bad Cannstatt|Stuttgart Nürnberger Str.|Stuttgart-Sommerrain|Fellbach|Waiblingen|Rommelshausen|Stetten-Beinstein|Endersbach,8000934,Beutelsbach,Baden-Württemberg,Weinstadt,71384,9.38551589,48.81038925,5,2609100744.0,,2609100745.0,,h,2.0,Bauarbeiten,,,,,,,1.0,2.0
-6595517868678510983-2609100703-6,7211,2609100715.0,2609100715.0,2.0,,S,S2,Schorndorf|Weiler(Rems)|Winterbach(b Schorndorf)|Geradstetten|Grunbach,8000934,Beutelsbach,Baden-Württemberg,Weinstadt,71384,9.38551589,48.81038925,5,2609100715.0,,2609100715.0,,h,2.0,Bauarbeiten,,,,,,,0.0,0.0
7502879632717750314-2609100614-12,19216,2609100735.0,2609100736.0,10.0,,RE,MEX12,Reutlingen Hbf|Metzingen(Württ)|Bempflingen|Nürtingen|Oberboihingen|Wendlingen(Neckar)|Plochingen|Esslingen(Neckar)|Stuttgart-Bad Cannstatt|Stuttgart Hbf|Ludwigsburg,8000038,Bietigheim-Bissingen,Baden-Württemberg,Bietigheim-Bissingen,74321,9.137217396,48.94794988,2,2609100736.0,,2609100737.0,,h,2.0,Störung,,,,,,,1.0,1.0
2357672878991631045-2609100616-5,19304,2609100700.0,2609100700.0,10.0,,RE,MEX18,Plochingen|Esslingen(Neckar)|Kornwestheim Pbf|Ludwigsburg,8000038,Bietigheim-Bissingen,Baden-Württemberg,Bietigheim-Bissingen,74321,9.137217396,48.94794988,2,2609100700.0,,2609100701.0,,h,2.0,Störung,,,,,c,c,0.0,1.0
-3045461427841764391-2609100632-12,19353,2609100755.0,2609100757.0,8.0,,RE,MEX18,Öhringen-Cappel|Öhringen Hbf|Bretzfeld|Willsbach|Weinsberg|Heilbronn Hbf|Nordheim(Württ)|Lauffen(Neckar)|Kirchheim(Neckar)|Walheim(Württ)|Besigheim,8000038,Bietigheim-Bissingen,Baden-Württemberg,Bietigheim-Bissingen,74321,9.137217396,48.94794988,2,2609100757.0,,2609100758.0,,h,2.0,Störung,,,,,,,2.0,1.0
8936302910466152448-2609100706-2,63546,2609100713.0,2609100719.0,,,ARV,RE8,Ludwigsburg,8000038,Bietigheim-Bissingen,Baden-Württemberg,Bietigheim-Bissingen,74321,9.137217396,48.94794988,2,2609100713.0,9.0,2609100719.0,9,,,,,,,,,,0.0,0.0
5468407054639694482-2609100653-7,19351,2609100718.0,2609100719.0,8.0,,RE,MEX12,Heilbronn Hbf|Nordheim(Württ)|Lauffen(Neckar)|Kirchheim(Neckar)|Walheim(Württ)|Besigheim,8000038,Bietigheim-Bissingen,Baden-Württemberg,Bietigheim-Bissingen,74321,9.137217396,48.94794988,2,2609100723.0,,2609100724.0,,h,2.0,Störung,,,,,,,5.0,5.0
5109580939104143056-2609100657-9,7508,2609100724.0,,5.0,,S,,Stuttgart Hbf|Stuttgart Nordbahnhof|Stuttgart-Feuerbach|Stuttgart-Zuffenhausen|Kornwestheim Pbf|Ludwigsburg|Asperg|Tamm(Württ),8000038,Bietigheim-Bissingen,Baden-Württemberg,Bietigheim-Bissingen,74321,9.137217396,48.94794988,2,2609100732.0,,,,,,,,,,,,,8.0,0.0
2579008039338121777-2609100637-7,19093,2609100702.0,2609100703.0,8.0,,ARV,RB8,Heilbronn Hbf|Nordheim(Württ)|Lauffen(Neckar)|Kirchheim(Neckar)|Walheim(Württ)|Besigheim,8000038,Bietigheim-Bissingen,Baden-Württemberg,Bietigheim-Bissingen,74321,9.137217396,48.94794988,2,2609100703.0,,2609100704.0,,,,,,,,,,,1.0,1.0
7155033421118958991-2609100707-1,7511,,2609100707.0,,,S,S5,,8000038,Bietigheim-Bissingen,Baden-Württemberg,Bietigheim-Bissingen,74321,9.137217396,48.94794988,2,,,2609100707.0,,,,,,,,,,,0.0,0.0
6257296882249692478-2609100708-3,19055,2609100738.0,2609100740.0,8.0,,ARV,RE8,Neckarsulm|Heilbronn Hbf,8000038,Bietigheim-Bissingen,Baden-Württemberg,Bietigheim-Bissingen,74321,9.137217396,48.94794988,2,2609100740.0,,2609100741.0,,,,,,,,,,,2.0,1.0
8353338401030915198-2609100727-9,7510,2609100754.0,,,,S,,Stuttgart Hbf|Stuttgart Nordbahnhof|Stuttgart-Feuerbach|Stuttgart-Zuffenhausen|Kornwestheim Pbf|Ludwigsburg|Asperg|Tamm(Württ),8000038,Bietigheim-Bissingen,Baden-Württemberg,Bietigheim-Bissingen,74321,9.137217396,48.94794988,2,2609100755.0,5.0,,,,,,,,,,,,1.0,0.0
-5856161558368495320-2609100737-1,7513,,2609100737.0,,,S,S5,,8000038,Bietigheim-Bissingen,Baden-Württemberg,Bietigheim-Bissingen,74321,9.137217396,48.94794988,2,,,2609100744.0,,,,,,,,,,,0.0,7.0
2842835760258306804-2609100658-9,7010,2609100726.0,,5.0,,S,,Leonberg|Rutesheim|Renningen|Renningen Süd|Magstadt|Maichingen Nord|Maichingen|Sindelfingen,8001055,Böblingen,Baden-Württemberg,Böblingen,71034,9.004531864,48.68784871,3,2609100728.0,,,,h,1.0,Bauarbeiten,,,,,,,2.0,0.0
794099214968307145-2609100657-7,8241,2609100710.0,,1.0,,WEG,,Holzgerlingen Bf|Holzgerlingen Hülben|Böblingen Zimmerschlag|Böblingen Heusteigstr|Böblingen Südbf|Böblingen Danziger Str,8001055,Böblingen,Baden-Württemberg,Böblingen,71034,9.004531864,48.68784871,3,2609100710.0,,,,,,,,,,,,,0.0,0.0
-3273540285920139430-2609100720-1,8242,,2609100720.0,,,WEG,RB46,,8001055,Böblingen,Baden-Württemberg,Böblingen,71034,9.004531864,48.68784871,3,,,2609100720.0,,,,,,,,,,,0.0,0.0
-6419417749381061705-2609100716-4,7709,2609100730.0,2609100730.0,4.0,,S,S1,Stuttgart-Vaihingen|Stuttgart-Rohr|Goldberg(Württ),8001055,Böblingen,Baden-Württemberg,Böblingen,71034,9.004531864,48.68784871,3,2609100733.0,,2609100734.0,,,,,,,,,,,3.0,4.0
-1423004611531480380-2609100611-15,17622,2609100720.0,2609100721.0,2.0,,RE,RE14b,Freudenstadt Hbf|Grüntal-Wittlensweiler|Dornstetten-Aach|Dornstetten|Schopfloch(b Freudenstadt)|Bittelbronn|Horb-Heiligenfeld|Hochdorf(b Horb)|Eutingen Nord|Eutingen im Gäu|Ergenzingen|Bondorf(b Herrenberg)|Gäufelden|Herrenberg,8001055,Böblingen,Baden-Württemberg,Böblingen,71034,9.004531864,48.68784871,3,2609100722.0,,2609100724.0,,,,,,,,,,,2.0,3.0
-9135645456789564620-2609100646-4,7707,2609100700.0,2609100700.0,4.0,,S,S1,Stuttgart-Vaihingen|Stuttgart-Rohr|Goldberg(Württ),8001055,Böblingen,Baden-Württemberg,Böblingen,71034,9.004531864,48.68784871,3,2609100700.0,,2609100701.0,,,,,,,,,,,0.0,1.0
2991799044501211224-2609100750-1,8246,,2609100750.0,,,WEG,RB46,,8001055,Böblingen,Baden-Württemberg,Böblingen,71034,9.004531864,48.68784871,3,,,2609100750.0,,,,,,,,,,,0.0,0.0
-7470739865433470471-2609100733-1,28470,,2609100733.0,,,RE,RESB,,8001055,Böblingen,Baden-Württemberg,Böblingen,71034,9.004531864,48.68784871,3,,,2609100748.0,,,,,,,,,,,0.0,15.0
5907647912001809871-2609100604-10,17618,2609100720.0,2609100721.0,2.0,,RE,RE14a,Rottweil|Oberndorf(Neckar)|Sulz(Neckar)|Horb|Eutingen im Gäu|Ergenzingen|Bondorf(b Herrenberg)|Gäufelden|Herrenberg,8001055,Böblingen,Baden-Württemberg,Böblingen,71034,9.004531864,48.68784871,3,2609100722.0,,2609100724.0,,,,,,,,,,,2.0,3.0
8661045071589680025-2609100732-12,8061,2609100755.0,,1.0,,WEG,,Dettenhausen|Weil im Schönbuch Untere Halde|Weil im Schönbuch Röte|Weil im Schönbuch Troppel|Holzgerlingen Buch|Holzgerlingen Bf|Holzgerlingen Hülben|Böblingen Zimmerschlag|Böblingen Heusteigstr|Böblingen Südbf|Böblingen Danziger Str,8001055,Böblingen,Baden-Württemberg,Böblingen,71034,9.004531864,48.68784871,3,2609100755.0,,,,,,,,,,,,,0.0,0.0
-2823205682233144346-2609100646-6,7710,2609100700.0,2609100700.0,3.0,,S,S1,Herrenberg|Nufringen|Gärtringen|Ehningen(b Böblingen)|Hulb,8001055,Böblingen,Baden-Württemberg,Böblingen,71034,9.004531864,48.68784871,3,2609100700.0,,2609100701.0,,,,,,,,,,,0.0,1.0
-250858146386556166-2609100716-6,7712,2609100730.0,2609100730.0,3.0,,S,S1,Herrenberg|Nufringen|Gärtringen|Ehningen(b Böblingen)|Hulb,8001055,Böblingen,Baden-Württemberg,Böblingen,71034,9.004531864,48.68784871,3,2609100733.0,,2609100734.0,,,,,,,,,,,3.0,4.0
-7972085796287842295-2609100702-12,8057,2609100725.0,,1.0,,WEG,,Dettenhausen|Weil im Schönbuch Untere Halde|Weil im Schönbuch Röte|Weil im Schönbuch Troppel|Holzgerlingen Buch|Holzgerlingen Bf|Holzgerlingen Hülben|Böblingen Zimmerschlag|Böblingen Heusteigstr|Böblingen Südbf|Böblingen Danziger Str,8001055,Böblingen,Baden-Württemberg,Böblingen,71034,9.004531864,48.68784871,3,2609100725.0,,,,,,,,,,,,,0.0,0.0
-4846270582383547234-2609100703-3,28471,2609100726.0,,2.0,,RE,,Stuttgart Hbf|Stuttgart-Vaihingen,8001055,Böblingen,Baden-Württemberg,Böblingen,71034,9.004531864,48.68784871,3,2609100731.0,,,,,,,,,,,,,5.0,0.0
4252732278954540921-2609100727-7,8245,2609100740.0,,1.0,,WEG,,Holzgerlingen Bf|Holzgerlingen Hülben|Böblingen Zimmerschlag|Böblingen Heusteigstr|Böblingen Südbf|Böblingen Danziger Str,8001055,Böblingen,Baden-Württemberg,Böblingen,71034,9.004531864,48.68784871,3,2609100740.0,,,,,,,,,,,,,0.0,0.0
704671570927090549-2609100648-3,17615,2609100708.0,2609100709.0,5.0,,RE,RB14a,Stuttgart Hbf|Stuttgart-Vaihingen,8001055,Böblingen,Baden-Württemberg,Böblingen,71034,9.004531864,48.68784871,3,2609100740.0,,2609100728.0,,,,,,,,,,c,32.0,19.0
8714567639514254110-2609100704-1,7009,,2609100704.0,,,S,S60,,8001055,Böblingen,Baden-Württemberg,Böblingen,71034,9.004531864,48.68784871,3,,,2609100704.0,,h,1.0,Bauarbeiten,,,,,,,0.0,0.0
1552305657484636498-2609100732-4,17628,2609100750.0,2609100751.0,2.0,,RE,RE14a,Bondorf(b Herrenberg)|Gäufelden|Herrenberg,8001055,Böblingen,Baden-Württemberg,Böblingen,71034,9.004531864,48.68784871,3,,,2609100751.0,5,,,,,,,,c,,0.0,0.0
-1337095994397901486-2609100705-1,8056,,2609100705.0,,,WEG,RB46,,8001055,Böblingen,Baden-Württemberg,Böblingen,71034,9.004531864,48.68784871,3,,,2609100705.0,,,,,,,,,,,0.0,0.0
-8712334694418825968-2609100735-1,8060,,2609100735.0,,,WEG,RB46,,8001055,Böblingen,Baden-Württemberg,Böblingen,71034,9.004531864,48.68784871,3,,,2609100735.0,,,,,,,,,,,0.0,0.0
4072775096959489473-2609100728-9,7012,2609100756.0,,5.0,,S,,Leonberg|Rutesheim|Renningen|Renningen Süd|Magstadt|Maichingen Nord|Maichingen|Sindelfingen,8001055,Böblingen,Baden-Württemberg,Böblingen,71034,9.004531864,48.68784871,3,2609100756.0,,,,h,1.0,Bauarbeiten,,,,,,,0.0,0.0
3592955462745051107-2609100734-1,7011,,2609100734.0,,,S,S60,,8001055,Böblingen,Baden-Württemberg,Böblingen,71034,9.004531864,48.68784871,3,,,2609100734.0,,h,1.0,Bauarbeiten,,,,,,,0.0,0.0
-8255187816541177533-2609100637-13,7404,2609100717.0,2609100717.0,1.0,,S,S4,Stuttgart Hbf|Stuttgart Nordbahnhof|Stuttgart-Feuerbach|Stuttgart-Zuffenhausen|Kornwestheim Pbf|Ludwigsburg|Favoritepark|Freiberg(Neckar)|Benningen(Neckar)|Marbach(Neckar)|Erdmannhausen|Kirchberg(Murr),8001296,Burgstall (Murr),Baden-Württemberg,Burgstetten,71576,9.36973562,48.92851826,6,2609100718.0,,2609100718.0,,,,,,,,,,,1.0,1.0
7977434207262340946-2609100707-13,7406,2609100747.0,2609100747.0,1.0,,S,S4,Stuttgart Hbf|Stuttgart Nordbahnhof|Stuttgart-Feuerbach|Stuttgart-Zuffenhausen|Kornwestheim Pbf|Ludwigsburg|Favoritepark|Freiberg(Neckar)|Benningen(Neckar)|Marbach(Neckar)|Erdmannhausen|Kirchberg(Murr),8001296,Burgstall (Murr),Baden-Württemberg,Burgstetten,71576,9.36973562,48.92851826,6,2609100750.0,,2609100750.0,,,,,,,,,,,3.0,3.0
8970610329466681156-2609100733-2,7413,2609100737.0,2609100738.0,1.0,,S,S4,Backnang,8001296,Burgstall (Murr),Baden-Württemberg,Burgstetten,71576,9.36973562,48.92851826,6,2609100737.0,,2609100738.0,,,,,,,,,,,0.0,0.0
1174251127419777403-2609100703-2,7411,2609100707.0,2609100708.0,1.0,,S,S4,Backnang,8001296,Burgstall (Murr),Baden-Württemberg,Burgstetten,71576,9.36973562,48.92851826,6,2609100709.0,,2609100710.0,,,,,,,,,,,2.0,2.0
4812840936901474420-2609100754-1,7613,,2609100754.0,,,S,S6,,8001476,Ditzingen,Baden-Württemberg,Ditzingen,71254,9.067095186,48.82358726,4,,,2609100754.0,3,h,1.0,Bauarbeiten,,,,,,,0.0,0.0
-4466015209665819118-2609100647-8,7606,2609100706.0,,2.0,,S,,Stuttgart Hbf|Stuttgart Nordbahnhof|Stuttgart-Feuerbach|Stuttgart-Zuffenhausen|Neuwirtshaus(Porscheplatz)|Korntal|Weilimdorf,8001476,Ditzingen,Baden-Württemberg,Ditzingen,71254,9.067095186,48.82358726,4,2609100707.0,3.0,,,h,1.0,Bauarbeiten,,,,,,,1.0,0.0
4871684490979924868-2609100717-8,7608,2609100736.0,,2.0,,S,,Stuttgart Hbf|Stuttgart Nordbahnhof|Stuttgart-Feuerbach|Stuttgart-Zuffenhausen|Neuwirtshaus(Porscheplatz)|Korntal|Weilimdorf,8001476,Ditzingen,Baden-Württemberg,Ditzingen,71254,9.067095186,48.82358726,4,2609100738.0,3.0,,,h,1.0,Bauarbeiten,,,,,,,2.0,0.0
-4492985109316444691-2609100724-1,7611,,2609100724.0,,,S,S6,,8001476,Ditzingen,Baden-Württemberg,Ditzingen,71254,9.067095186,48.82358726,4,,,2609100724.0,3,h,1.0,Bauarbeiten,,,,,,,0.0,0.0
-6501547905667268041-2609100703-3,7908,2609100710.0,2609100710.0,2.0,,S,S2,Filderstadt|Stuttgart Flughafen/Messe,8001650,Echterdingen,Baden-Württemberg,Echterdingen,70771,9.169307175,48.69214787,4,2609100713.0,,2609100714.0,,,,,,,,,,,3.0,4.0
925944172323548863-2609100733-3,7910,2609100740.0,2609100740.0,2.0,,S,S2,Filderstadt|Stuttgart Flughafen/Messe,8001650,Echterdingen,Baden-Württemberg,Echterdingen,70771,9.169307175,48.69214787,4,2609100740.0,,2609100740.0,,,,,,,,,,,0.0,0.0
3101834224134177917-2609100735-5,7911,2609100749.0,2609100750.0,1.0,,S,S2,Stuttgart-Vaihingen|Stuttgart-Rohr|Oberaichen|Leinfelden,8001650,Echterdingen,Baden-Württemberg,Echterdingen,70771,9.169307175,48.69214787,4,2609100751.0,,2609100753.0,,,,,,,,,,,2.0,3.0
-6719809372287513512-2609100705-5,7909,2609100719.0,2609100720.0,1.0,,S,S2,Stuttgart-Vaihingen|Stuttgart-Rohr|Oberaichen|Leinfelden,8001650,Echterdingen,Baden-Württemberg,Echterdingen,70771,9.169307175,48.69214787,4,2609100719.0,,2609100720.0,,,,,,,,,,,0.0,0.0
7703218303646440626-2609100746-4,7714,2609100755.0,2609100755.0,1.0,,S,S1,Herrenberg|Nufringen|Gärtringen,8001689,Ehningen (b Böblingen),Baden-Württemberg,Ehningen,71139,8.944310368,48.66275549,4,2609100755.0,,2609100756.0,,,,,,,,,,,0.0,1.0
-6419417749381061705-2609100716-6,7709,2609100735.0,2609100735.0,2.0,,S,S1,Stuttgart-Vaihingen|Stuttgart-Rohr|Goldberg(Württ)|Böblingen|Hulb,8001689,Ehningen (b Böblingen),Baden-Württemberg,Ehningen,71139,8.944310368,48.66275549,4,2609100738.0,,2609100739.0,,,,,,,,,,,3.0,4.0
-9135645456789564620-2609100646-6,7707,2609100705.0,2609100705.0,2.0,,S,S1,Stuttgart-Vaihingen|Stuttgart-Rohr|Goldberg(Württ)|Böblingen|Hulb,8001689,Ehningen (b Böblingen),Baden-Württemberg,Ehningen,71139,8.944310368,48.66275549,4,2609100705.0,,2609100706.0,,,,,,,,,,,0.0,1.0
-250858146386556166-2609100716-4,7712,2609100725.0,2609100725.0,1.0,,S,S1,Herrenberg|Nufringen|Gärtringen,8001689,Ehningen (b Böblingen),Baden-Württemberg,Ehningen,71139,8.944310368,48.66275549,4,2609100725.0,,2609100726.0,,,,,,,,,,,0.0,1.0
3965518062033575210-2609100650-9,7206,2609100711.0,2609100711.0,2.0,,S,S2,Stuttgart Hbf|Stuttgart-Bad Cannstatt|Stuttgart Nürnberger Str.|Stuttgart-Sommerrain|Fellbach|Waiblingen|Rommelshausen|Stetten-Beinstein,8001785,Endersbach,Baden-Württemberg,Weinstadt,71384,9.370192421,48.81317323,4,2609100712.0,,2609100712.0,,h,2.0,Bauarbeiten,,,,,,,1.0,1.0
3888224273021493436-2609100733-7,7213,2609100747.0,2609100747.0,3.0,,S,S2,Schorndorf|Weiler(Rems)|Winterbach(b Schorndorf)|Geradstetten|Grunbach|Beutelsbach,8001785,Endersbach,Baden-Württemberg,Weinstadt,71384,9.370192421,48.81317323,4,2609100750.0,,2609100751.0,,h,2.0,Bauarbeiten,,,,,,,3.0,4.0
-5260417069663625653-2609100720-9,7208,2609100741.0,2609100741.0,2.0,,S,S2,Stuttgart Hbf|Stuttgart-Bad Cannstatt|Stuttgart Nürnberger Str.|Stuttgart-Sommerrain|Fellbach|Waiblingen|Rommelshausen|Stetten-Beinstein,8001785,Endersbach,Baden-Württemberg,Weinstadt,71384,9.370192421,48.81317323,4,2609100743.0,,2609100743.0,,h,2.0,Bauarbeiten,,,,,,,2.0,2.0
-6595517868678510983-2609100703-7,7211,2609100717.0,2609100717.0,3.0,,S,S2,Schorndorf|Weiler(Rems)|Winterbach(b Schorndorf)|Geradstetten|Grunbach|Beutelsbach,8001785,Endersbach,Baden-Württemberg,Weinstadt,71384,9.370192421,48.81317323,4,2609100717.0,,2609100717.0,,h,2.0,Bauarbeiten,,,,,,,0.0,0.0
-8255187816541177533-2609100637-11,7404,2609100710.0,2609100710.0,1.0,,S,S4,Stuttgart Hbf|Stuttgart Nordbahnhof|Stuttgart-Feuerbach|Stuttgart-Zuffenhausen|Kornwestheim Pbf|Ludwigsburg|Favoritepark|Freiberg(Neckar)|Benningen(Neckar)|Marbach(Neckar),8001827,Erdmannhausen,Baden-Württemberg,Erdmannhausen,71729,9.298930848,48.9483447,6,2609100710.0,,2609100711.0,,,,,,,,,,,0.0,1.0
7977434207262340946-2609100707-11,7406,2609100740.0,2609100740.0,1.0,,S,S4,Stuttgart Hbf|Stuttgart Nordbahnhof|Stuttgart-Feuerbach|Stuttgart-Zuffenhausen|Kornwestheim Pbf|Ludwigsburg|Favoritepark|Freiberg(Neckar)|Benningen(Neckar)|Marbach(Neckar),8001827,Erdmannhausen,Baden-Württemberg,Erdmannhausen,71729,9.298930848,48.9483447,6,2609100743.0,,2609100744.0,,,,,,,,,,,3.0,4.0
8970610329466681156-2609100733-4,7413,2609100747.0,2609100748.0,1.0,,S,S4,Backnang|Burgstall(Murr)|Kirchberg(Murr),8001827,Erdmannhausen,Baden-Württemberg,Erdmannhausen,71729,9.298930848,48.9483447,6,2609100749.0,,2609100750.0,,,,,,,,,,,2.0,2.0
1174251127419777403-2609100703-4,7411,2609100717.0,2609100718.0,1.0,,S,S4,Backnang|Burgstall(Murr)|Kirchberg(Murr),8001827,Erdmannhausen,Baden-Württemberg,Erdmannhausen,71729,9.298930848,48.9483447,6,2609100717.0,,2609100718.0,,,,,,,,,,,0.0,0.0
4974521703574606086-2609100648-14,19118,2609100740.0,2609100740.0,3.0,,ARV,MEX16,Geislingen(Steige)|Geislingen(Steige)West|Kuchen|Gingen(Fils)|Süßen|Salach|Eislingen(Fils)|Göppingen|Faurndau|Uhingen|Ebersbach(Fils)|Reichenbach(Fils)|Plochingen,8001920,Esslingen (Neckar),Baden-Württemberg,Esslingen am Neckar,73728,9.300578149,48.73854148,3,2609100740.0,,2609100741.0,,,,,,,,,,,0.0,1.0
1633376945512703812-2609100736-2,4207,2609100745.0,2609100745.0,5.0,,RE,RE5,Stuttgart Hbf,8001920,Esslingen (Neckar),Baden-Württemberg,Esslingen am Neckar,73728,9.300578149,48.73854148,3,2609100749.0,8.0,2609100750.0,8,h,2.0,Störung,,,,,,,4.0,5.0
8759418788528928451-2609100655-7,7108,2609100712.0,2609100713.0,8.0,,S,S1,Stuttgart Hbf|Stuttgart-Bad Cannstatt|Stuttgart Neckarpark|Stuttgart-Untertürkheim|Stuttgart-Obertürkheim|Esslingen-Mettingen,8001920,Esslingen (Neckar),Baden-Württemberg,Esslingen am Neckar,73728,9.300578149,48.73854148,3,2609100712.0,,2609100713.0,,,,,,,,,,,0.0,0.0
-6655970972115007016-2609100650-9,7111,2609100717.0,2609100717.0,7.0,,S,S1,Kirchheim(Teck)|Kirchheim(Teck)-Ötlingen|Wendlingen(Neckar)|Wernau(Neckar)|Plochingen|Altbach|Esslingen-Zell|Oberesslingen,8001920,Esslingen (Neckar),Baden-Württemberg,Esslingen am Neckar,73728,9.300578149,48.73854148,3,2609100718.0,,2609100719.0,,,,,,,,,,,1.0,2.0
-397321280238564306-2609100525-5,911,2609100748.0,2609100752.0,6.0,,ICE,,Köln Hbf|Frankfurt(M) Flughafen Fernbf|Mannheim Hbf|Vaihingen(Enz),8001920,Esslingen (Neckar),Baden-Württemberg,Esslingen am Neckar,73728,9.300578149,48.73854148,3,2609100800.0,5.0,2609100803.0,5,c,,,,,,,,,12.0,11.0
-7709757529463307534-2609100720-9,7113,2609100747.0,2609100747.0,7.0,,S,S1,Kirchheim(Teck)|Kirchheim(Teck)-Ötlingen|Wendlingen(Neckar)|Wernau(Neckar)|Plochingen|Altbach|Esslingen-Zell|Oberesslingen,8001920,Esslingen (Neckar),Baden-Württemberg,Esslingen am Neckar,73728,9.300578149,48.73854148,3,2609100750.0,,2609100750.0,,,,,,,,,,,3.0,3.0
5752082848521759462-2609100717-8,19220,2609100755.0,2609100756.0,3.0,,RE,MEX12,Reutlingen Hbf|Metzingen(Württ)|Bempflingen|Nürtingen|Oberboihingen|Wendlingen(Neckar)|Plochingen,8001920,Esslingen (Neckar),Baden-Württemberg,Esslingen am Neckar,73728,9.300578149,48.73854148,3,2609100802.0,7.0,2609100804.0,7,h,2.0,Störung,,,,,,,7.0,8.0
-5962810489381537859-2609100739-3,19121,2609100750.0,2609100751.0,5.0,,ARV,MEX16,Stuttgart Hbf|Stuttgart-Bad Cannstatt,8001920,Esslingen (Neckar),Baden-Württemberg,Esslingen am Neckar,73728,9.300578149,48.73854148,3,2609100755.0,,2609100756.0,,,,,,,,,,,5.0,5.0
7265904803286392428-2609100543-5,1096,2609100751.0,2609100759.0,2.0,,ICE,,München Hbf|Augsburg Hbf|Günzburg|Ulm Hbf,8001920,Esslingen (Neckar),Baden-Württemberg,Esslingen am Neckar,73728,9.300578149,48.73854148,3,2609100752.0,3.0,2609100759.0,3,,,,,,,,,,1.0,0.0
3914164515653575626-2609100700-3,19119,2609100714.0,2609100720.0,5.0,,ARV,MEX16,Stuttgart Hbf|Stuttgart-Bad Cannstatt,8001920,Esslingen (Neckar),Baden-Württemberg,Esslingen am Neckar,73728,9.300578149,48.73854148,3,2609100718.0,,2609100720.0,,,,,,,,,,,4.0,0.0
2880538247563287432-2609100715-2,19306,2609100722.0,2609100723.0,3.0,,RE,MEX18,Plochingen,8001920,Esslingen (Neckar),Baden-Württemberg,Esslingen am Neckar,73728,9.300578149,48.73854148,3,2609100722.0,,2609100723.0,,h,2.0,Störung,,,,,,,0.0,0.0
-3459736231936845373-2609100630-10,19303,2609100734.0,2609100735.0,6.0,,RE,MEX18,Heilbronn Hbf|Nordheim(Württ)|Lauffen(Neckar)|Kirchheim(Neckar)|Walheim(Württ)|Besigheim|Bietigheim-Bissingen|Ludwigsburg|Kornwestheim Pbf,8001920,Esslingen (Neckar),Baden-Württemberg,Esslingen am Neckar,73728,9.300578149,48.73854148,3,2609100748.0,5.0,2609100749.0,5,h,2.0,Störung,,,,,,,14.0,14.0
-4503411906264484817-2609100449-22,4202,2609100709.0,2609100710.0,3.0,,RE,RE5,Friedrichshafen Stadt|Meckenbeuren|Ravensburg|Aulendorf|Bad Schussenried|Biberach(Riß) Süd|Biberach(Riß)|Laupheim West|Ulm Hbf|Beimerstetten|Westerstetten|Amstetten(Württ)|Geislingen(Steige)|Kuchen|Gingen(Fils)|Süßen|Göppingen|Uhingen|Ebersbach(Fils)|Reichenbach(Fils)|Plochingen,8001920,Esslingen (Neckar),Baden-Württemberg,Esslingen am Neckar,73728,9.300578149,48.73854148,3,2609100711.0,,2609100712.0,,h,2.0,Störung,,,,,,,2.0,2.0
4277366403163715273-2609100557-11,19301,2609100703.0,2609100707.0,5.0,,RE,MEX18,Heilbronn Hbf|Nordheim(Württ)|Lauffen(Neckar)|Kirchheim(Neckar)|Walheim(Württ)|Besigheim|Bietigheim-Bissingen|Ludwigsburg|Stuttgart Hbf|Stuttgart-Bad Cannstatt,8001920,Esslingen (Neckar),Baden-Württemberg,Esslingen am Neckar,73728,9.300578149,48.73854148,3,2609100714.0,,2609100715.0,,h,2.0,Störung,,,,,,,11.0,8.0
7541002194531759853-2609100546-20,19116,2609100704.0,2609100705.0,3.0,,ARV,MEX16,Ulm Hbf|Beimerstetten|Westerstetten|Lonsee|Urspring|Amstetten(Württ)|Geislingen(Steige)|Geislingen(Steige)West|Kuchen|Gingen(Fils)|Süßen|Salach|Eislingen(Fils)|Göppingen|Faurndau|Uhingen|Ebersbach(Fils)|Reichenbach(Fils)|Plochingen,8001920,Esslingen (Neckar),Baden-Württemberg,Esslingen am Neckar,73728,9.300578149,48.73854148,3,2609100706.0,2.0,2609100707.0,2,,,,,,,,,,2.0,2.0
2394736871359748075-2609100725-7,7110,2609100742.0,2609100743.0,8.0,,S,S1,Stuttgart Hbf|Stuttgart-Bad Cannstatt|Stuttgart Neckarpark|Stuttgart-Untertürkheim|Stuttgart-Obertürkheim|Esslingen-Mettingen,8001920,Esslingen (Neckar),Baden-Württemberg,Esslingen am Neckar,73728,9.300578149,48.73854148,3,2609100742.0,,2609100743.0,,,,,,,,,,,0.0,0.0
8759418788528928451-2609100655-6,7108,2609100709.0,2609100709.0,4.0,,S,S1,Stuttgart Hbf|Stuttgart-Bad Cannstatt|Stuttgart Neckarpark|Stuttgart-Untertürkheim|Stuttgart-Obertürkheim,8001921,Esslingen-Mettingen,Baden-Württemberg,Esslingen am Neckar,73733,9.275799007,48.74696655,3,2609100709.0,,2609100709.0,,,,,,,,,,,0.0,0.0
-6655970972115007016-2609100650-10,7111,2609100719.0,2609100720.0,3.0,,S,S1,Kirchheim(Teck)|Kirchheim(Teck)-Ötlingen|Wendlingen(Neckar)|Wernau(Neckar)|Plochingen|Altbach|Esslingen-Zell|Oberesslingen|Esslingen(Neckar),8001921,Esslingen-Mettingen,Baden-Württemberg,Esslingen am Neckar,73733,9.275799007,48.74696655,3,2609100721.0,,2609100722.0,,,,,,,,,,,2.0,2.0
-7709757529463307534-2609100720-10,7113,2609100749.0,2609100750.0,3.0,,S,S1,Kirchheim(Teck)|Kirchheim(Teck)-Ötlingen|Wendlingen(Neckar)|Wernau(Neckar)|Plochingen|Altbach|Esslingen-Zell|Oberesslingen|Esslingen(Neckar),8001921,Esslingen-Mettingen,Baden-Württemberg,Esslingen am Neckar,73733,9.275799007,48.74696655,3,2609100752.0,,2609100753.0,,,,,,,,,,,3.0,3.0
2394736871359748075-2609100725-6,7110,2609100739.0,2609100739.0,4.0,,S,S1,Stuttgart Hbf|Stuttgart-Bad Cannstatt|Stuttgart Neckarpark|Stuttgart-Untertürkheim|Stuttgart-Obertürkheim,8001921,Esslingen-Mettingen,Baden-Württemberg,Esslingen am Neckar,73733,9.275799007,48.74696655,3,2609100739.0,,2609100740.0,,,,,,,,,,,0.0,1.0
8759418788528928451-2609100655-9,7108,2609100717.0,2609100718.0,4.0,,S,S1,Stuttgart Hbf|Stuttgart-Bad Cannstatt|Stuttgart Neckarpark|Stuttgart-Untertürkheim|Stuttgart-Obertürkheim|Esslingen-Mettingen|Esslingen(Neckar)|Oberesslingen,8006642,Esslingen-Zell,Baden-Württemberg,Esslingen am Neckar,73730,9.359739507,48.72436142,3,2609100717.0,,2609100718.0,,,,,,,,,,,0.0,0.0
-6655970972115007016-2609100650-7,7111,2609100712.0,2609100712.0,3.0,,S,S1,Kirchheim(Teck)|Kirchheim(Teck)-Ötlingen|Wendlingen(Neckar)|Wernau(Neckar)|Plochingen|Altbach,8006642,Esslingen-Zell,Baden-Württemberg,Esslingen am Neckar,73730,9.359739507,48.72436142,3,2609100712.0,,2609100713.0,,,,,,,,,,,0.0,1.0
-7709757529463307534-2609100720-7,7113,2609100742.0,2609100742.0,3.0,,S,S1,Kirchheim(Teck)|Kirchheim(Teck)-Ötlingen|Wendlingen(Neckar)|Wernau(Neckar)|Plochingen|Altbach,8006642,Esslingen-Zell,Baden-Württemberg,Esslingen am Neckar,73730,9.359739507,48.72436142,3,2609100745.0,,2609100745.0,,,,,,,,,,,3.0,3.0
2394736871359748075-2609100725-9,7110,2609100747.0,2609100748.0,4.0,,S,S1,Stuttgart Hbf|Stuttgart-Bad Cannstatt|Stuttgart Neckarpark|Stuttgart-Untertürkheim|Stuttgart-Obertürkheim|Esslingen-Mettingen|Esslingen(Neckar)|Oberesslingen,8006642,Esslingen-Zell,Baden-Württemberg,Esslingen am Neckar,73730,9.359739507,48.72436142,3,2609100747.0,,2609100748.0,,,,,,,,,,,0.0,0.0
-7338711269232336111-2609100633-8,7409,2609100703.0,2609100704.0,2.0,,S,S4,Backnang|Burgstall(Murr)|Kirchberg(Murr)|Erdmannhausen|Marbach(Neckar)|Benningen(Neckar)|Freiberg(Neckar),8001967,Favoritepark,Baden-Württemberg,Ludwigsburg,71634,9.180574277,48.90948451,5,2609100708.0,,2609100709.0,,,,,,,,,,,5.0,5.0
7977434207262340946-2609100707-7,7406,2609100726.0,2609100726.0,1.0,,S,S4,Stuttgart Hbf|Stuttgart Nordbahnhof|Stuttgart-Feuerbach|Stuttgart-Zuffenhausen|Kornwestheim Pbf|Ludwigsburg,8001967,Favoritepark,Baden-Württemberg,Ludwigsburg,71634,9.180574277,48.90948451,5,2609100728.0,,2609100729.0,,,,,,,,,,,2.0,3.0
4239966119888045037-2609100737-7,7408,2609100756.0,2609100756.0,1.0,,S,S4,Stuttgart Hbf|Stuttgart Nordbahnhof|Stuttgart-Feuerbach|Stuttgart-Zuffenhausen|Kornwestheim Pbf|Ludwigsburg,8001967,Favoritepark,Baden-Württemberg,Ludwigsburg,71634,9.180574277,48.90948451,5,2609100756.0,,2609100757.0,,,,,,,,,,,0.0,1.0
1174251127419777403-2609100703-8,7411,2609100733.0,2609100734.0,2.0,,S,S4,Backnang|Burgstall(Murr)|Kirchberg(Murr)|Erdmannhausen|Marbach(Neckar)|Benningen(Neckar)|Freiberg(Neckar),8001967,Favoritepark,Baden-Württemberg,Ludwigsburg,71634,9.180574277,48.90948451,5,2609100735.0,,2609100736.0,,,,,,,,,,,2.0,2.0
3965518062033575210-2609100650-5,7206,2609100701.0,2609100702.0,1.0,,S,S2,Stuttgart Hbf|Stuttgart-Bad Cannstatt|Stuttgart Nürnberger Str.|Stuttgart-Sommerrain,8001974,Fellbach,Baden-Württemberg,Fellbach,70736,9.270645988,48.8202936,3,2609100702.0,,2609100702.0,,h,2.0,Bauarbeiten,,,,,,,1.0,0.0
3888224273021493436-2609100733-11,7213,2609100757.0,2609100758.0,4.0,,S,S2,Schorndorf|Weiler(Rems)|Winterbach(b Schorndorf)|Geradstetten|Grunbach|Beutelsbach|Endersbach|Stetten-Beinstein|Rommelshausen|Waiblingen,8001974,Fellbach,Baden-Württemberg,Fellbach,70736,9.270645988,48.8202936,3,2609100801.0,3.0,2609100802.0,3,h,2.0,Bauarbeiten,,,,,,,4.0,4.0
-2915141727268180381-2609100711-8,7311,2609100732.0,2609100733.0,4.0,,S,S3,Backnang|Maubach|Nellmersbach|Winnenden|Schwaikheim|Neustadt-Hohenacker|Waiblingen,8001974,Fellbach,Baden-Württemberg,Fellbach,70736,9.270645988,48.8202936,3,2609100734.0,,2609100735.0,,,,,,,,,,,2.0,2.0
-5260417069663625653-2609100720-5,7208,2609100731.0,2609100732.0,1.0,,S,S2,Stuttgart Hbf|Stuttgart-Bad Cannstatt|Stuttgart Nürnberger Str.|Stuttgart-Sommerrain,8001974,Fellbach,Baden-Württemberg,Fellbach,70736,9.270645988,48.8202936,3,2609100732.0,,2609100733.0,,h,2.0,Bauarbeiten,,,,,,,1.0,1.0
-6595517868678510983-2609100703-11,7211,2609100727.0,2609100728.0,4.0,,S,S2,Schorndorf|Weiler(Rems)|Winterbach(b Schorndorf)|Geradstetten|Grunbach|Beutelsbach|Endersbach|Stetten-Beinstein|Rommelshausen|Waiblingen,8001974,Fellbach,Baden-Württemberg,Fellbach,70736,9.270645988,48.8202936,3,2609100727.0,,2609100728.0,,h,2.0,Bauarbeiten,,,,,,,0.0,0.0
3577709664347333137-2609100712-5,7308,2609100726.0,2609100727.0,1.0,,S,S3,Stuttgart Hbf|Stuttgart-Bad Cannstatt|Stuttgart Nürnberger Str.|Stuttgart-Sommerrain,8001974,Fellbach,Baden-Württemberg,Fellbach,70736,9.270645988,48.8202936,3,2609100726.0,,2609100727.0,,,,,,,,,,,0.0,0.0
-8714228285082007604-2609100742-5,7310,2609100756.0,2609100757.0,1.0,,S,S3,Stuttgart Hbf|Stuttgart-Bad Cannstatt|Stuttgart Nürnberger Str.|Stuttgart-Sommerrain,8001974,Fellbach,Baden-Württemberg,Fellbach,70736,9.270645988,48.8202936,3,2609100757.0,,2609100758.0,,,,,,,,,,,1.0,1.0
5784758985011942046-2609100641-8,7309,2609100702.0,2609100703.0,4.0,,S,S3,Backnang|Maubach|Nellmersbach|Winnenden|Schwaikheim|Neustadt-Hohenacker|Waiblingen,8001974,Fellbach,Baden-Württemberg,Fellbach,70736,9.270645988,48.8202936,3,2609100703.0,,2609100703.0,,,,,,,,,,,1.0,0.0
-6501547905667268041-2609100703-2,7908,2609100707.0,2609100708.0,2.0,,S,S2,Filderstadt,8005768,Stuttgart Flughafen/Messe,Baden-Württemberg,Leinfelden-Echterdingen,70629,9.193411574,48.69075193,4,2609100708.0,,2609100711.0,,,,,,,,,,,1.0,3.0
925944172323548863-2609100733-2,7910,2609100737.0,2609100738.0,2.0,,S,S2,Filderstadt,8005768,Stuttgart Flughafen/Messe,Baden-Württemberg,Leinfelden-Echterdingen,70629,9.193411574,48.69075193,4,2609100737.0,,2609100738.0,,,,,,,,,,,0.0,0.0
3101834224134177917-2609100735-6,7911,2609100752.0,2609100753.0,1.0,,S,S2,Stuttgart-Vaihingen|Stuttgart-Rohr|Oberaichen|Leinfelden|Echterdingen,8005768,Stuttgart Flughafen/Messe,Baden-Württemberg,Leinfelden-Echterdingen,70629,9.193411574,48.69075193,4,2609100754.0,,2609100755.0,,,,,,,,,,,2.0,2.0
-6719809372287513512-2609100705-6,7909,2609100722.0,2609100723.0,1.0,,S,S2,Stuttgart-Vaihingen|Stuttgart-Rohr|Oberaichen|Leinfelden|Echterdingen,8005768,Stuttgart Flughafen/Messe,Baden-Württemberg,Leinfelden-Echterdingen,70629,9.193411574,48.69075193,4,2609100722.0,,2609100723.0,,,,,,,,,,,0.0,0.0
-7338711269232336111-2609100633-7,7409,2609100700.0,2609100701.0,2.0,,S,S4,Backnang|Burgstall(Murr)|Kirchberg(Murr)|Erdmannhausen|Marbach(Neckar)|Benningen(Neckar),8002065,Freiberg (Neckar),Baden-Württemberg,Freiberg am Neckar,71691,9.197530085,48.92994974,5,2609100705.0,,2609100706.0,,,,,,,,,,,5.0,5.0
7977434207262340946-2609100707-8,7406,2609100729.0,2609100729.0,3.0,,S,S4,Stuttgart Hbf|Stuttgart Nordbahnhof|Stuttgart-Feuerbach|Stuttgart-Zuffenhausen|Kornwestheim Pbf|Ludwigsburg|Favoritepark,8002065,Freiberg (Neckar),Baden-Württemberg,Freiberg am Neckar,71691,9.197530085,48.92994974,5,2609100731.0,,2609100732.0,,,,,,,,,,,2.0,3.0
4239966119888045037-2609100737-8,7408,2609100759.0,2609100759.0,3.0,,S,S4,Stuttgart Hbf|Stuttgart Nordbahnhof|Stuttgart-Feuerbach|Stuttgart-Zuffenhausen|Kornwestheim Pbf|Ludwigsburg|Favoritepark,8002065,Freiberg (Neckar),Baden-Württemberg,Freiberg am Neckar,71691,9.197530085,48.92994974,5,2609100759.0,,2609100800.0,,,,,,,,,,,0.0,1.0
1174251127419777403-2609100703-7,7411,2609100730.0,2609100731.0,2.0,,S,S4,Backnang|Burgstall(Murr)|Kirchberg(Murr)|Erdmannhausen|Marbach(Neckar)|Benningen(Neckar),8002065,Freiberg (Neckar),Baden-Württemberg,Freiberg am Neckar,71691,9.197530085,48.92994974,5,2609100731.0,,2609100732.0,,,,,,,,,,,1.0,1.0
7703218303646440626-2609100746-3,7714,2609100752.0,2609100752.0,2.0,,S,S1,Herrenberg|Nufringen,8002165,Gärtringen,Baden-Württemberg,Gärtringen,71116,8.908864487,48.64080021,5,2609100752.0,,2609100753.0,,,,,,,,,,,0.0,1.0
-6419417749381061705-2609100716-7,7709,2609100738.0,2609100738.0,1.0,,S,S1,Stuttgart-Vaihingen|Stuttgart-Rohr|Goldberg(Württ)|Böblingen|Hulb|Ehningen(b Böblingen),8002165,Gärtringen,Baden-Württemberg,Gärtringen,71116,8.908864487,48.64080021,5,2609100742.0,,2609100742.0,,,,,,,,,,,4.0,4.0
-9135645456789564620-2609100646-7,7707,2609100708.0,2609100708.0,1.0,,S,S1,Stuttgart-Vaihingen|Stuttgart-Rohr|Goldberg(Württ)|Böblingen|Hulb|Ehningen(b Böblingen),8002165,Gärtringen,Baden-Württemberg,Gärtringen,71116,8.908864487,48.64080021,5,2609100708.0,,2609100709.0,,,,,,,,,,,0.0,1.0
-250858146386556166-2609100716-3,7712,2609100722.0,2609100722.0,2.0,,S,S1,Herrenberg|Nufringen,8002165,Gärtringen,Baden-Württemberg,Gärtringen,71116,8.908864487,48.64080021,5,2609100722.0,,2609100723.0,,,,,,,,,,,0.0,1.0
3965518062033575210-2609100650-12,7206,2609100717.0,2609100717.0,2.0,,S,S2,Stuttgart Hbf|Stuttgart-Bad Cannstatt|Stuttgart Nürnberger Str.|Stuttgart-Sommerrain|Fellbach|Waiblingen|Rommelshausen|Stetten-Beinstein|Endersbach|Beutelsbach|Grunbach,8002240,Geradstetten,Baden-Württemberg,Remshalden,73630,9.439522346,48.80527689,5,2609100718.0,,2609100718.0,,h,2.0,Bauarbeiten,,,,,,,1.0,1.0
3888224273021493436-2609100733-4,7213,2609100740.0,2609100741.0,1.0,,S,S2,Schorndorf|Weiler(Rems)|Winterbach(b Schorndorf),8002240,Geradstetten,Baden-Württemberg,Remshalden,73630,9.439522346,48.80527689,5,2609100744.0,,2609100744.0,,h,2.0,Bauarbeiten,,,,,,,4.0,3.0
-5260417069663625653-2609100720-12,7208,2609100747.0,2609100747.0,2.0,,S,S2,Stuttgart Hbf|Stuttgart-Bad Cannstatt|Stuttgart Nürnberger Str.|Stuttgart-Sommerrain|Fellbach|Waiblingen|Rommelshausen|Stetten-Beinstein|Endersbach|Beutelsbach|Grunbach,8002240,Geradstetten,Baden-Württemberg,Remshalden,73630,9.439522346,48.80527689,5,2609100749.0,,2609100749.0,,h,2.0,Bauarbeiten,,,,,,,2.0,2.0
-6595517868678510983-2609100703-4,7211,2609100710.0,2609100711.0,1.0,,S,S2,Schorndorf|Weiler(Rems)|Winterbach(b Schorndorf),8002240,Geradstetten,Baden-Württemberg,Remshalden,73630,9.439522346,48.80527689,5,2609100710.0,,2609100711.0,,h,2.0,Bauarbeiten,,,,,,,0.0,0.0
-6419417749381061705-2609100716-3,7709,2609100728.0,2609100728.0,1.0,,S,S1,Stuttgart-Vaihingen|Stuttgart-Rohr,8005201,Goldberg,Baden-Württemberg,Böblingen,71032,9.019733387,48.69651581,5,2609100731.0,,2609100732.0,,,,,,,,,,,3.0,4.0
3303772125527124508-2609100746-3,7711,2609100758.0,2609100758.0,1.0,,S,S1,Stuttgart-Vaihingen|Stuttgart-Rohr,8005201,Goldberg,Baden-Württemberg,Böblingen,71032,9.019733387,48.69651581,5,2609100758.0,,2609100759.0,,,,,,,,,,,0.0,1.0
-2823205682233144346-2609100646-7,7710,2609100702.0,2609100702.0,2.0,,S,S1,Herrenberg|Nufringen|Gärtringen|Ehningen(b Böblingen)|Hulb|Böblingen,8005201,Goldberg,Baden-Württemberg,Böblingen,71032,9.019733387,48.69651581,5,2609100703.0,,2609100703.0,,,,,,,,,,,1.0,1.0
-250858146386556166-2609100716-7,7712,2609100732.0,2609100732.0,2.0,,S,S1,Herrenberg|Nufringen|Gärtringen|Ehningen(b Böblingen)|Hulb|Böblingen,8005201,Goldberg,Baden-Württemberg,Böblingen,71032,9.019733387,48.69651581,5,2609100736.0,,2609100737.0,,,,,,,,,,,4.0,5.0
3965518062033575210-2609100650-11,7206,2609100715.0,2609100715.0,3.0,,S,S2,Stuttgart Hbf|Stuttgart-Bad Cannstatt|Stuttgart Nürnberger Str.|Stuttgart-Sommerrain|Fellbach|Waiblingen|Rommelshausen|Stetten-Beinstein|Endersbach|Beutelsbach,8002448,Grunbach,Baden-Württemberg,Remshalden,73630,9.419580601,48.810414,4,2609100716.0,,2609100716.0,,h,2.0,Bauarbeiten,,,,,,,1.0,1.0
3888224273021493436-2609100733-5,7213,2609100742.0,2609100743.0,2.0,,S,S2,Schorndorf|Weiler(Rems)|Winterbach(b Schorndorf)|Geradstetten,8002448,Grunbach,Baden-Württemberg,Remshalden,73630,9.419580601,48.810414,4,2609100746.0,,2609100747.0,,h,2.0,Bauarbeiten,,,,,,,4.0,4.0
-5260417069663625653-2609100720-11,7208,2609100745.0,2609100745.0,3.0,,S,S2,Stuttgart Hbf|Stuttgart-Bad Cannstatt|Stuttgart Nürnberger Str.|Stuttgart-Sommerrain|Fellbach|Waiblingen|Rommelshausen|Stetten-Beinstein|Endersbach|Beutelsbach,8002448,Grunbach,Baden-Württemberg,Remshalden,73630,9.419580601,48.810414,4,2609100747.0,,2609100747.0,,h,2.0,Bauarbeiten,,,,,,,2.0,2.0
-6595517868678510983-2609100703-5,7211,2609100712.0,2609100713.0,2.0,,S,S2,Schorndorf|Weiler(Rems)|Winterbach(b Schorndorf)|Geradstetten,8002448,Grunbach,Baden-Württemberg,Remshalden,73630,9.419580601,48.810414,4,2609100712.0,,2609100713.0,,h,2.0,Bauarbeiten,,,,,,,0.0,0.0
-8753790222526184093-2609100712-2,1981,2609100746.0,2609100747.0,4.0,,IC,,Stuttgart Hbf,8002785,Herrenberg,Baden-Württemberg,Herrenberg,71083,8.862625253,48.59395697,3,2609100753.0,,2609100754.0,,h,2.0,Information,,,,,,,7.0,7.0
7703218303646440626-2609100746-1,7714,,2609100746.0,,,S,S1,,8002785,Herrenberg,Baden-Württemberg,Herrenberg,71083,8.862625253,48.59395697,3,,,2609100746.0,,,,,,,,,,,0.0,0.0
-6419417749381061705-2609100716-9,7709,2609100745.0,,3.0,,S,,Stuttgart-Vaihingen|Stuttgart-Rohr|Goldberg(Württ)|Böblingen|Hulb|Ehningen(b Böblingen)|Gärtringen|Nufringen,8002785,Herrenberg,Baden-Württemberg,Herrenberg,71083,8.862625253,48.59395697,3,2609100749.0,2.0,,,,,,,,,,,,4.0,0.0
-1026156903770485442-2609100711-10,22731,2609100741.0,,102.0,,RB,,Tübingen Hbf|Tübingen West|Unterjesingen Sandäcker|Unterjesingen Mitte|Pfäffingen|Entringen|Altingen(Württ)|Gültstein|Herrenberg Zwerchweg,8002785,Herrenberg,Baden-Württemberg,Herrenberg,71083,8.862625253,48.59395697,3,2609100741.0,,,,h,2.0,Bauarbeiten,,,,,,,0.0,0.0
-1423004611531480380-2609100611-14,17622,2609100710.0,2609100711.0,1.0,,RE,RE14b,Freudenstadt Hbf|Grüntal-Wittlensweiler|Dornstetten-Aach|Dornstetten|Schopfloch(b Freudenstadt)|Bittelbronn|Horb-Heiligenfeld|Hochdorf(b Horb)|Eutingen Nord|Eutingen im Gäu|Ergenzingen|Bondorf(b Herrenberg)|Gäufelden,8002785,Herrenberg,Baden-Württemberg,Herrenberg,71083,8.862625253,48.59395697,3,2609100712.0,,2609100714.0,,,,,,,,,,,2.0,3.0
-9135645456789564620-2609100646-9,7707,2609100715.0,,3.0,,S,,Stuttgart-Vaihingen|Stuttgart-Rohr|Goldberg(Württ)|Böblingen|Hulb|Ehningen(b Böblingen)|Gärtringen|Nufringen,8002785,Herrenberg,Baden-Württemberg,Herrenberg,71083,8.862625253,48.59395697,3,2609100715.0,,,,,,,,,,,,,0.0,0.0
-5741127551909413701-2609100749-1,22732,,2609100749.0,,,RB,RB63,,8002785,Herrenberg,Baden-Württemberg,Herrenberg,71083,8.862625253,48.59395697,3,,,2609100749.0,,h,2.0,Bauarbeiten,,,,,,,0.0,0.0
-8442083646470748654-2609100713-3,17626,2609100720.0,,101.0,,RB,,Bondorf(b Herrenberg)|Gäufelden,8002785,Herrenberg,Baden-Württemberg,Herrenberg,71083,8.862625253,48.59395697,3,2609100720.0,,,,,,,,,,,,,0.0,0.0
5907647912001809871-2609100604-9,17618,2609100710.0,2609100711.0,1.0,,RE,RE14a,Rottweil|Oberndorf(Neckar)|Sulz(Neckar)|Horb|Eutingen im Gäu|Ergenzingen|Bondorf(b Herrenberg)|Gäufelden,8002785,Herrenberg,Baden-Württemberg,Herrenberg,71083,8.862625253,48.59395697,3,2609100712.0,,2609100714.0,,,,,,,,,,,2.0,3.0
1831275382770537237-2609100734-1,17617,,2609100734.0,,,RB,RB14a,,8002785,Herrenberg,Baden-Württemberg,Herrenberg,71083,8.862625253,48.59395697,3,,,2609100734.0,,,,,,,,,,,0.0,0.0
-250858146386556166-2609100716-1,7712,,2609100716.0,,,S,S1,,8002785,Herrenberg,Baden-Württemberg,Herrenberg,71083,8.862625253,48.59395697,3,,,2609100716.0,,,,,,,,,,,0.0,0.0
-7509958474437704940-2609100719-1,22726,,2609100719.0,,,RB,RB63,,8002785,Herrenberg,Baden-Württemberg,Herrenberg,71083,8.862625253,48.59395697,3,,,2609100720.0,,h,2.0,Bauarbeiten,,,,,,,0.0,1.0
704671570927090549-2609100648-4,17615,2609100718.0,2609100719.0,4.0,,RE,RB14a,Stuttgart Hbf|Stuttgart-Vaihingen|Böblingen,8002785,Herrenberg,Baden-Württemberg,Herrenberg,71083,8.862625253,48.59395697,3,2609100737.0,,2609100737.0,,,,,,,,,c,c,19.0,18.0
1552305657484636498-2609100732-3,17628,2609100740.0,2609100741.0,1.0,,RE,RE14a,Bondorf(b Herrenberg)|Gäufelden,8002785,Herrenberg,Baden-Württemberg,Herrenberg,71083,8.862625253,48.59395697,3,,,,,,,,,,,,c,c,0.0,0.0
-1056024338179503751-2609100748-3,17630,2609100756.0,,101.0,,RB,,Bondorf(b Herrenberg)|Gäufelden,8002785,Herrenberg,Baden-Württemberg,Herrenberg,71083,8.862625253,48.59395697,3,2609100756.0,,,,,,,,,,,,,0.0,0.0
5369190051876993421-2609100712-2,51981,2609100746.0,2609100747.0,4.0,,RE,IC87,Stuttgart Hbf,8002785,Herrenberg,Baden-Württemberg,Herrenberg,71083,8.862625253,48.59395697,3,2609100753.0,,2609100754.0,,h,2.0,Information,,,,,,,7.0,7.0
-775244220373788191-2609100530-10,1184,2609100726.0,2609100727.0,1.0,,IC,,Schaffhausen|Singen(Hohentwiel)|Engen|Tuttlingen|Spaichingen|Rottweil|Oberndorf(Neckar)|Sulz(Neckar)|Horb,8002785,Herrenberg,Baden-Württemberg,Herrenberg,71083,8.862625253,48.59395697,3,2609100806.0,,2609100807.0,,h,2.0,Information,,,Schaffhausen|Singen(Hohentwiel)|Engen|Tuttlingen|Spaichingen|Rottweil|Oberndorf(Neckar)|Sulz(Neckar)|Horb,Stuttgart-Vaihingen|Stuttgart Hbf,p,p,40.0,40.0
6787092299889453682-2609100550-9,51184,2609100726.0,2609100727.0,1.0,,RE,IC87,Singen(Hohentwiel)|Engen|Tuttlingen|Spaichingen|Rottweil|Oberndorf(Neckar)|Sulz(Neckar)|Horb,8002785,Herrenberg,Baden-Württemberg,Herrenberg,71083,8.862625253,48.59395697,3,2609100806.0,,2609100806.0,,h,2.0,Information,,,Singen(Hohentwiel)|Engen|Tuttlingen|Spaichingen|Rottweil|Oberndorf(Neckar)|Sulz(Neckar)|Horb,Stuttgart-Vaihingen|Stuttgart Hbf,p,p,40.0,39.0
-7843030134753153395-2609100641-10,22727,2609100711.0,,102.0,,RB,,Tübingen Hbf|Tübingen West|Unterjesingen Sandäcker|Unterjesingen Mitte|Pfäffingen|Entringen|Altingen(Württ)|Gültstein|Herrenberg Zwerchweg,8002785,Herrenberg,Baden-Württemberg,Herrenberg,71083,8.862625253,48.59395697,3,2609100711.0,,,,h,2.0,Bauarbeiten,,,,,,,0.0,0.0
7703218303646440626-2609100746-5,7714,2609100758.0,2609100758.0,2.0,,S,S1,Herrenberg|Nufringen|Gärtringen|Ehningen(b Böblingen),8003022,Hulb,Baden-Württemberg,Böblingen-Hulb,71032,8.982396429,48.67924173,5,2609100758.0,,2609100759.0,,,,,,,,,,,0.0,1.0
-6419417749381061705-2609100716-5,7709,2609100732.0,2609100732.0,1.0,,S,S1,Stuttgart-Vaihingen|Stuttgart-Rohr|Goldberg(Württ)|Böblingen,8003022,Hulb,Baden-Württemberg,Böblingen-Hulb,71032,8.982396429,48.67924173,5,2609100736.0,,2609100736.0,,,,,,,,,,,4.0,4.0
-9135645456789564620-2609100646-5,7707,2609100702.0,2609100702.0,1.0,,S,S1,Stuttgart-Vaihingen|Stuttgart-Rohr|Goldberg(Württ)|Böblingen,8003022,Hulb,Baden-Württemberg,Böblingen-Hulb,71032,8.982396429,48.67924173,5,2609100702.0,,2609100703.0,,,,,,,,,,,0.0,1.0
-250858146386556166-2609100716-5,7712,2609100728.0,2609100728.0,2.0,,S,S1,Herrenberg|Nufringen|Gärtringen|Ehningen(b Böblingen),8003022,Hulb,Baden-Württemberg,Böblingen-Hulb,71032,8.982396429,48.67924173,5,2609100729.0,,2609100730.0,,,,,,,,,,,1.0,2.0
-6501547905667268041-2609100703-1,7908,,2609100703.0,,,S,S2,,8001984,Filderstadt,Baden-Württemberg,Filderstadt,70794,9.217581315,48.67649151,5,,,2609100703.0,,,,,,,,,,,0.0,0.0
925944172323548863-2609100733-1,7910,,2609100733.0,,,S,S2,,8001984,Filderstadt,Baden-Württemberg,Filderstadt,70794,9.217581315,48.67649151,5,,,2609100733.0,,,,,,,,,,,0.0,0.0
3101834224134177917-2609100735-7,7911,2609100757.0,,1.0,,S,,Stuttgart-Vaihingen|Stuttgart-Rohr|Oberaichen|Leinfelden|Echterdingen|Stuttgart Flughafen/Messe,8001984,Filderstadt,Baden-Württemberg,Filderstadt,70794,9.217581315,48.67649151,5,2609100759.0,,,,,,,,,,,,,2.0,0.0
-6719809372287513512-2609100705-7,7909,2609100727.0,,1.0,,S,,Stuttgart-Vaihingen|Stuttgart-Rohr|Oberaichen|Leinfelden|Echterdingen|Stuttgart Flughafen/Messe,8001984,Filderstadt,Baden-Württemberg,Filderstadt,70794,9.217581315,48.67649151,5,2609100727.0,,,,,,,,,,,,,0.0,0.0
-8255187816541177533-2609100637-12,7404,2609100713.0,2609100713.0,2.0,,S,S4,Stuttgart Hbf|Stuttgart Nordbahnhof|Stuttgart-Feuerbach|Stuttgart-Zuffenhausen|Kornwestheim Pbf|Ludwigsburg|Favoritepark|Freiberg(Neckar)|Benningen(Neckar)|Marbach(Neckar)|Erdmannhausen,8003266,Kirchberg (Murr),Baden-Württemberg,Kirchberg an der Murr,71737,9.328210283,48.93928182,6,2609100713.0,,2609100714.0,,,,,,,,,,,0.0,1.0
7977434207262340946-2609100707-12,7406,2609100743.0,2609100743.0,2.0,,S,S4,Stuttgart Hbf|Stuttgart Nordbahnhof|Stuttgart-Feuerbach|Stuttgart-Zuffenhausen|Kornwestheim Pbf|Ludwigsburg|Favoritepark|Freiberg(Neckar)|Benningen(Neckar)|Marbach(Neckar)|Erdmannhausen,8003266,Kirchberg (Murr),Baden-Württemberg,Kirchberg an der Murr,71737,9.328210283,48.93928182,6,2609100746.0,,2609100747.0,,,,,,,,,,,3.0,4.0
8970610329466681156-2609100733-3,7413,2609100742.0,2609100745.0,1.0,,S,S4,Backnang|Burgstall(Murr),8003266,Kirchberg (Murr),Baden-Württemberg,Kirchberg an der Murr,71737,9.328210283,48.93928182,6,2609100742.0,,2609100746.0,,,,,,,,,,,0.0,1.0
1174251127419777403-2609100703-3,7411,2609100712.0,2609100715.0,1.0,,S,S4,Backnang|Burgstall(Murr),8003266,Kirchberg (Murr),Baden-Württemberg,Kirchberg an der Murr,71737,9.328210283,48.93928182,6,2609100714.0,,2609100715.0,,,,,,,,,,,2.0,0.0
8759418788528928451-2609100655-15,7108,2609100739.0,,2.0,,S,,Stuttgart Hbf|Stuttgart-Bad Cannstatt|Stuttgart Neckarpark|Stuttgart-Untertürkheim|Stuttgart-Obertürkheim|Esslingen-Mettingen|Esslingen(Neckar)|Oberesslingen|Esslingen-Zell|Altbach|Plochingen|Wernau(Neckar)|Wendlingen(Neckar)|Kirchheim(Teck)-Ötlingen,8003280,Kirchheim (Teck),Baden-Württemberg,Kirchheim unter Teck,73230,9.443872422,48.64415981,4,2609100741.0,,,,,,,,,,,,,2.0,0.0
-7908498233924216314-2609100750-1,7115,,2609100750.0,,,S,S1,,8003280,Kirchheim (Teck),Baden-Württemberg,Kirchheim unter Teck,73230,9.443872422,48.64415981,4,,,2609100750.0,,,,,,,,,,,0.0,0.0
-7709757529463307534-2609100720-1,7113,,2609100720.0,,,S,S1,,8003280,Kirchheim (Teck),Baden-Württemberg,Kirchheim unter Teck,73230,9.443872422,48.64415981,4,,,2609100721.0,,,,,,,,,,,0.0,1.0
-224045747184015573-2609100653-7,37954,2609100712.0,,1.0,,RB,,Oberlenningen|Unterlenningen|Brucken|Owen(Teck)|Dettingen(Teck)|Kirchheim(Teck)Süd,8003280,Kirchheim (Teck),Baden-Württemberg,Kirchheim unter Teck,73230,9.443872422,48.64415981,4,2609100712.0,,,,,,,,,,,,,0.0,0.0
6968408884034373651-2609100717-1,37955,,2609100717.0,,,RB,RB64,,8003280,Kirchheim (Teck),Baden-Württemberg,Kirchheim unter Teck,73230,9.443872422,48.64415981,4,,,2609100717.0,,,,,,,,,,,0.0,0.0
-5963168999968799515-2609100625-15,7106,2609100709.0,,2.0,,S,,Stuttgart Hbf|Stuttgart-Bad Cannstatt|Stuttgart Neckarpark|Stuttgart-Untertürkheim|Stuttgart-Obertürkheim|Esslingen-Mettingen|Esslingen(Neckar)|Oberesslingen|Esslingen-Zell|Altbach|Plochingen|Wernau(Neckar)|Wendlingen(Neckar)|Kirchheim(Teck)-Ötlingen,8003280,Kirchheim (Teck),Baden-Württemberg,Kirchheim unter Teck,73230,9.443872422,48.64415981,4,2609100711.0,,,,,,,,,,,,,2.0,0.0
8759418788528928451-2609100655-14,7108,2609100736.0,2609100737.0,1.0,,S,S1,Stuttgart Hbf|Stuttgart-Bad Cannstatt|Stuttgart Neckarpark|Stuttgart-Untertürkheim|Stuttgart-Obertürkheim|Esslingen-Mettingen|Esslingen(Neckar)|Oberesslingen|Esslingen-Zell|Altbach|Plochingen|Wernau(Neckar)|Wendlingen(Neckar),8003282,Kirchheim (Teck)-Ötlingen,Baden-Württemberg,Kirchheim unter Teck,73230,9.416261302,48.65782388,5,2609100738.0,,2609100739.0,,,,,,,,,,,2.0,2.0
-7908498233924216314-2609100750-2,7115,2609100753.0,2609100753.0,1.0,,S,S1,Kirchheim(Teck),8003282,Kirchheim (Teck)-Ötlingen,Baden-Württemberg,Kirchheim unter Teck,73230,9.416261302,48.65782388,5,2609100752.0,,2609100753.0,,,,,,,,,,,-1.0,0.0
-7709757529463307534-2609100720-2,7113,2609100723.0,2609100723.0,1.0,,S,S1,Kirchheim(Teck),8003282,Kirchheim (Teck)-Ötlingen,Baden-Württemberg,Kirchheim unter Teck,73230,9.416261302,48.65782388,5,2609100723.0,,2609100723.0,,,,,,,,,,,0.0,0.0
-5963168999968799515-2609100625-14,7106,2609100706.0,2609100707.0,1.0,,S,S1,Stuttgart Hbf|Stuttgart-Bad Cannstatt|Stuttgart Neckarpark|Stuttgart-Untertürkheim|Stuttgart-Obertürkheim|Esslingen-Mettingen|Esslingen(Neckar)|Oberesslingen|Esslingen-Zell|Altbach|Plochingen|Wernau(Neckar)|Wendlingen(Neckar),8003282,Kirchheim (Teck)-Ötlingen,Baden-Württemberg,Kirchheim unter Teck,73230,9.416261302,48.65782388,5,2609100707.0,,2609100708.0,,,,,,,,,,,1.0,1.0
4812840936901474420-2609100754-3,7613,2609100758.0,2609100759.0,3.0,,S,S6,Ditzingen|Weilimdorf,8003409,Korntal,Baden-Württemberg,Korntal,70825,9.121099128,48.82640246,4,2609100758.0,,2609100759.0,,h,1.0,Bauarbeiten,,,,,,,0.0,0.0
-4466015209665819118-2609100647-6,7606,2609100701.0,2609100701.0,1.0,,S,S6,Stuttgart Hbf|Stuttgart Nordbahnhof|Stuttgart-Feuerbach|Stuttgart-Zuffenhausen|Neuwirtshaus(Porscheplatz),8003409,Korntal,Baden-Württemberg,Korntal,70825,9.121099128,48.82640246,4,2609100701.0,,2609100702.0,,h,1.0,Bauarbeiten,,,,,,,0.0,1.0
4871684490979924868-2609100717-6,7608,2609100731.0,2609100731.0,1.0,,S,S6,Stuttgart Hbf|Stuttgart Nordbahnhof|Stuttgart-Feuerbach|Stuttgart-Zuffenhausen|Neuwirtshaus(Porscheplatz),8003409,Korntal,Baden-Württemberg,Korntal,70825,9.121099128,48.82640246,4,2609100732.0,,2609100733.0,,h,1.0,Bauarbeiten,,,,,,,1.0,2.0
-4492985109316444691-2609100724-3,7611,2609100728.0,2609100729.0,3.0,,S,S6,Ditzingen|Weilimdorf,8003409,Korntal,Baden-Württemberg,Korntal,70825,9.121099128,48.82640246,4,2609100729.0,,2609100729.0,,h,1.0,Bauarbeiten,,,,,,,1.0,0.0
6650938090751927613-2609100731-7,1091,2609100754.0,,7.0,,WEG,,Heimerdingen|Hemmingen|Schwieberdingen|Münchingen|Münchingen Rührberg|Korntal Gymnasium,8003409,Korntal,Baden-Württemberg,Korntal,70825,9.121099128,48.82640246,4,2609100755.0,,,,,,,,,,,,,1.0,0.0
-8296829545654343094-2609100701-7,74215,2609100724.0,,7.0,,WEG,,Heimerdingen|Hemmingen|Schwieberdingen|Münchingen|Münchingen Rührberg|Korntal Gymnasium,8003409,Korntal,Baden-Württemberg,Korntal,70825,9.121099128,48.82640246,4,2609100724.0,,,,,,,,,,,,,0.0,0.0
-2260655768859987107-2609100705-1,1084,,2609100705.0,,,WEG,RB47,,8003409,Korntal,Baden-Württemberg,Korntal,70825,9.121099128,48.82640246,4,,,2609100705.0,,,,,,,,,,,0.0,0.0
-1128267231714188296-2609100735-1,1090,,2609100735.0,,,WEG,RB47,,8003409,Korntal,Baden-Württemberg,Korntal,70825,9.121099128,48.82640246,4,,,2609100735.0,,,,,,,,,,,0.0,0.0
-7338711269232336111-2609100633-10,7409,2609100710.0,2609100710.0,3.0,,S,S4,Backnang|Burgstall(Murr)|Kirchberg(Murr)|Erdmannhausen|Marbach(Neckar)|Benningen(Neckar)|Freiberg(Neckar)|Favoritepark|Ludwigsburg,8003411,Kornwestheim Pbf,Baden-Württemberg,Kornwestheim,70806,9.179967278,48.86215948,3,2609100715.0,,2609100716.0,,,,,,,,,,,5.0,6.0
7977434207262340946-2609100707-5,7406,2609100720.0,2609100720.0,4.0,,S,S4,Stuttgart Hbf|Stuttgart Nordbahnhof|Stuttgart-Feuerbach|Stuttgart-Zuffenhausen,8003411,Kornwestheim Pbf,Baden-Württemberg,Kornwestheim,70806,9.179967278,48.86215948,3,2609100721.0,,2609100722.0,,,,,,,,,,,1.0,2.0
5109580939104143056-2609100657-5,7508,2609100710.0,2609100710.0,4.0,,S,S5,Stuttgart Hbf|Stuttgart Nordbahnhof|Stuttgart-Feuerbach|Stuttgart-Zuffenhausen,8003411,Kornwestheim Pbf,Baden-Württemberg,Kornwestheim,70806,9.179967278,48.86215948,3,2609100718.0,,2609100719.0,,,,,,,,,,,8.0,9.0
4239966119888045037-2609100737-5,7408,2609100750.0,2609100750.0,4.0,,S,S4,Stuttgart Hbf|Stuttgart Nordbahnhof|Stuttgart-Feuerbach|Stuttgart-Zuffenhausen,8003411,Kornwestheim Pbf,Baden-Württemberg,Kornwestheim,70806,9.179967278,48.86215948,3,2609100750.0,,2609100751.0,,,,,,,,,,,0.0,1.0
2880538247563287432-2609100715-3,19306,2609100742.0,2609100746.0,6.0,,RE,MEX18,Plochingen|Esslingen(Neckar),8003411,Kornwestheim Pbf,Baden-Württemberg,Kornwestheim,70806,9.179967278,48.86215948,3,2609100742.0,5.0,2609100746.0,5,h,2.0,Störung,,,,,,,0.0,0.0
-3459736231936845373-2609100630-9,19303,2609100711.0,2609100720.0,7.0,,RE,MEX18,Heilbronn Hbf|Nordheim(Württ)|Lauffen(Neckar)|Kirchheim(Neckar)|Walheim(Württ)|Besigheim|Bietigheim-Bissingen|Ludwigsburg,8003411,Kornwestheim Pbf,Baden-Württemberg,Kornwestheim,70806,9.179967278,48.86215948,3,2609100711.0,,2609100720.0,,h,2.0,Störung,,,,,,,0.0,0.0
7155033421118958991-2609100707-5,7511,2609100719.0,2609100720.0,3.0,,S,S5,Bietigheim-Bissingen|Tamm(Württ)|Asperg|Ludwigsburg,8003411,Kornwestheim Pbf,Baden-Württemberg,Kornwestheim,70806,9.179967278,48.86215948,3,2609100723.0,,2609100724.0,,,,,,,,,,,4.0,4.0
8353338401030915198-2609100727-5,7510,2609100740.0,2609100740.0,4.0,,S,S5,Stuttgart Hbf|Stuttgart Nordbahnhof|Stuttgart-Feuerbach|Stuttgart-Zuffenhausen,8003411,Kornwestheim Pbf,Baden-Württemberg,Kornwestheim,70806,9.179967278,48.86215948,3,2609100741.0,,2609100741.0,,,,,,,,,,,1.0,1.0
-5856161558368495320-2609100737-5,7513,2609100749.0,2609100750.0,3.0,,S,S5,Bietigheim-Bissingen|Tamm(Württ)|Asperg|Ludwigsburg,8003411,Kornwestheim Pbf,Baden-Württemberg,Kornwestheim,70806,9.179967278,48.86215948,3,2609100806.0,,2609100807.0,,,,,,,,,,,17.0,17.0
1174251127419777403-2609100703-10,7411,2609100740.0,2609100740.0,3.0,,S,S4,Backnang|Burgstall(Murr)|Kirchberg(Murr)|Erdmannhausen|Marbach(Neckar)|Benningen(Neckar)|Freiberg(Neckar)|Favoritepark|Ludwigsburg,8003411,Kornwestheim Pbf,Baden-Württemberg,Kornwestheim,70806,9.179967278,48.86215948,3,2609100742.0,,2609100743.0,,,,,,,,,,,2.0,3.0
-6501547905667268041-2609100703-4,7908,2609100712.0,2609100713.0,2.0,,S,S2,Filderstadt|Stuttgart Flughafen/Messe|Echterdingen,8003622,Leinfelden,Baden-Württemberg,Leinfelden-Echterdingen,70771,9.142859698,48.6964193,4,2609100715.0,,2609100717.0,,,,,,,,,,,3.0,4.0
925944172323548863-2609100733-4,7910,2609100742.0,2609100743.0,2.0,,S,S2,Filderstadt|Stuttgart Flughafen/Messe|Echterdingen,8003622,Leinfelden,Baden-Württemberg,Leinfelden-Echterdingen,70771,9.142859698,48.6964193,4,2609100742.0,,2609100743.0,,,,,,,,,,,0.0,0.0
3101834224134177917-2609100735-4,7911,2609100746.0,2609100747.0,1.0,,S,S2,Stuttgart-Vaihingen|Stuttgart-Rohr|Oberaichen,8003622,Leinfelden,Baden-Württemberg,Leinfelden-Echterdingen,70771,9.142859698,48.6964193,4,2609100749.0,,2609100750.0,,,,,,,,,,,3.0,3.0
-6719809372287513512-2609100705-4,7909,2609100716.0,2609100717.0,1.0,,S,S2,Stuttgart-Vaihingen|Stuttgart-Rohr|Oberaichen,8003622,Leinfelden,Baden-Württemberg,Leinfelden-Echterdingen,70771,9.142859698,48.6964193,4,2609100716.0,,2609100717.0,,,,,,,,,,,0.0,0.0
7902696573559661293-2609100733-5,33861,2609100747.0,,1.0,,S,,Weil der Stadt|Malmsheim|Renningen|Rutesheim,8003652,Leonberg,Baden-Württemberg,Leonberg,71229,9.004025993,48.79970547,3,2609100751.0,3.0,,,,,,,,,,,,4.0,0.0
7833477321738378564-2609100713-1,33856,,2609100713.0,,,S,S6,,8003652,Leonberg,Baden-Württemberg,Leonberg,71229,9.004025993,48.79970547,3,,,2609100713.0,3,,,,,,,,,,0.0,0.0
-4292995912708809220-2609100758-1,7014,,2609100758.0,,,S,S60,,8003652,Leonberg,Baden-Württemberg,Leonberg,71229,9.004025993,48.79970547,3,,,2609100758.0,3,h,1.0,Bauarbeiten,,,,,,,0.0,0.0
8714567639514254110-2609100704-9,7009,2609100732.0,,1.0,,S,,Böblingen|Sindelfingen|Maichingen|Maichingen Nord|Magstadt|Renningen Süd|Renningen|Rutesheim,8003652,Leonberg,Baden-Württemberg,Leonberg,71229,9.004025993,48.79970547,3,2609100734.0,3.0,,,h,1.0,Bauarbeiten,,,,,,,2.0,0.0
4912576580386250148-2609100743-1,33858,,2609100743.0,,,S,S6,,8003652,Leonberg,Baden-Württemberg,Leonberg,71229,9.004025993,48.79970547,3,,,2609100743.0,3,,,,,,,,,,0.0,0.0
2236282585249039413-2609100703-5,33859,2609100717.0,,1.0,,S,,Weil der Stadt|Malmsheim|Renningen|Rutesheim,8003652,Leonberg,Baden-Württemberg,Leonberg,71229,9.004025993,48.79970547,3,2609100719.0,3.0,,,,,,,,,,,,2.0,0.0
1602954825218529829-2609100634-9,7007,2609100702.0,,1.0,,S,,Böblingen|Sindelfingen|Maichingen|Maichingen Nord|Magstadt|Renningen Süd|Renningen|Rutesheim,8003652,Leonberg,Baden-Württemberg,Leonberg,71229,9.004025993,48.79970547,3,2609100704.0,3.0,,,h,1.0,Bauarbeiten,,,,,,,2.0,0.0
4072775096959489473-2609100728-1,7012,,2609100728.0,,,S,S60,,8003652,Leonberg,Baden-Württemberg,Leonberg,71229,9.004025993,48.79970547,3,,,2609100728.0,3,h,1.0,Bauarbeiten,,,,,,,0.0,0.0
7502879632717750314-2609100614-11,19216,2609100728.0,2609100729.0,1.0,,RE,MEX12,Reutlingen Hbf|Metzingen(Württ)|Bempflingen|Nürtingen|Oberboihingen|Wendlingen(Neckar)|Plochingen|Esslingen(Neckar)|Stuttgart-Bad Cannstatt|Stuttgart Hbf,8000235,Ludwigsburg,Baden-Württemberg,Ludwigsburg,71638,9.185229823,48.89208622,3,2609100729.0,,2609100730.0,,h,2.0,Störung,,,,,,,1.0,1.0
-7338711269232336111-2609100633-9,7409,2609100706.0,2609100707.0,3.0,,S,S4,Backnang|Burgstall(Murr)|Kirchberg(Murr)|Erdmannhausen|Marbach(Neckar)|Benningen(Neckar)|Freiberg(Neckar)|Favoritepark,8000235,Ludwigsburg,Baden-Württemberg,Ludwigsburg,71638,9.185229823,48.89208622,3,2609100711.0,,2609100712.0,,,,,,,,,,,5.0,5.0
8936302910466152448-2609100706-1,63546,,2609100706.0,,,ARV,RE8,,8000235,Ludwigsburg,Baden-Württemberg,Ludwigsburg,71638,9.185229823,48.89208622,3,,,2609100706.0,1,,,,,,,,,,0.0,0.0
5468407054639694482-2609100653-8,19351,2609100726.0,2609100727.0,4.0,,RE,MEX12,Heilbronn Hbf|Nordheim(Württ)|Lauffen(Neckar)|Kirchheim(Neckar)|Walheim(Württ)|Besigheim|Bietigheim-Bissingen,8000235,Ludwigsburg,Baden-Württemberg,Ludwigsburg,71638,9.185229823,48.89208622,3,2609100734.0,,2609100735.0,,h,2.0,Störung,,,,,,,8.0,8.0
7977434207262340946-2609100707-6,7406,2609100723.0,2609100724.0,2.0,,S,S4,Stuttgart Hbf|Stuttgart Nordbahnhof|Stuttgart-Feuerbach|Stuttgart-Zuffenhausen|Kornwestheim Pbf,8000235,Ludwigsburg,Baden-Württemberg,Ludwigsburg,71638,9.185229823,48.89208622,3,2609100725.0,,2609100726.0,,,,,,,,,,,2.0,2.0
5109580939104143056-2609100657-6,7508,2609100713.0,2609100714.0,2.0,,S,S5,Stuttgart Hbf|Stuttgart Nordbahnhof|Stuttgart-Feuerbach|Stuttgart-Zuffenhausen|Kornwestheim Pbf,8000235,Ludwigsburg,Baden-Württemberg,Ludwigsburg,71638,9.185229823,48.89208622,3,2609100721.0,,2609100722.0,,,,,,,,,,,8.0,8.0
2579008039338121777-2609100637-8,19093,2609100709.0,2609100710.0,4.0,,ARV,RB8,Heilbronn Hbf|Nordheim(Württ)|Lauffen(Neckar)|Kirchheim(Neckar)|Walheim(Württ)|Besigheim|Bietigheim-Bissingen,8000235,Ludwigsburg,Baden-Württemberg,Ludwigsburg,71638,9.185229823,48.89208622,3,2609100711.0,,2609100712.0,,,,,,,,,,,2.0,2.0
4239966119888045037-2609100737-6,7408,2609100753.0,2609100754.0,2.0,,S,S4,Stuttgart Hbf|Stuttgart Nordbahnhof|Stuttgart-Feuerbach|Stuttgart-Zuffenhausen|Kornwestheim Pbf,8000235,Ludwigsburg,Baden-Württemberg,Ludwigsburg,71638,9.185229823,48.89208622,3,2609100754.0,,2609100754.0,,,,,,,,,,,1.0,0.0
2880538247563287432-2609100715-4,19306,2609100753.0,2609100753.0,1.0,,RE,MEX18,Plochingen|Esslingen(Neckar)|Kornwestheim Pbf,8000235,Ludwigsburg,Baden-Württemberg,Ludwigsburg,71638,9.185229823,48.89208622,3,2609100750.0,,2609100753.0,,h,2.0,Störung,,,,,,,-3.0,0.0
-3459736231936845373-2609100630-8,19303,2609100704.0,2609100707.0,4.0,,RE,MEX18,Heilbronn Hbf|Nordheim(Württ)|Lauffen(Neckar)|Kirchheim(Neckar)|Walheim(Württ)|Besigheim|Bietigheim-Bissingen,8000235,Ludwigsburg,Baden-Württemberg,Ludwigsburg,71638,9.185229823,48.89208622,3,2609100706.0,,2609100707.0,,h,2.0,Störung,,,,,,,2.0,0.0
7155033421118958991-2609100707-4,7511,2609100716.0,2609100716.0,3.0,,S,S5,Bietigheim-Bissingen|Tamm(Württ)|Asperg,8000235,Ludwigsburg,Baden-Württemberg,Ludwigsburg,71638,9.185229823,48.89208622,3,2609100720.0,,2609100720.0,,,,,,,,,,,4.0,4.0
6257296882249692478-2609100708-4,19055,2609100747.0,2609100747.0,4.0,,ARV,RE8,Neckarsulm|Heilbronn Hbf|Bietigheim-Bissingen,8000235,Ludwigsburg,Baden-Württemberg,Ludwigsburg,71638,9.185229823,48.89208622,3,2609100748.0,,2609100749.0,,,,,,,,,,,1.0,2.0
8353338401030915198-2609100727-6,7510,2609100743.0,2609100744.0,2.0,,S,S5,Stuttgart Hbf|Stuttgart Nordbahnhof|Stuttgart-Feuerbach|Stuttgart-Zuffenhausen|Kornwestheim Pbf,8000235,Ludwigsburg,Baden-Württemberg,Ludwigsburg,71638,9.185229823,48.89208622,3,2609100744.0,,2609100745.0,,,,,,,,,,,1.0,1.0
-5856161558368495320-2609100737-4,7513,2609100746.0,2609100746.0,3.0,,S,S5,Bietigheim-Bissingen|Tamm(Württ)|Asperg,8000235,Ludwigsburg,Baden-Württemberg,Ludwigsburg,71638,9.185229823,48.89208622,3,2609100803.0,,2609100804.0,,,,,,,,,,,17.0,18.0
1174251127419777403-2609100703-9,7411,2609100736.0,2609100737.0,3.0,,S,S4,Backnang|Burgstall(Murr)|Kirchberg(Murr)|Erdmannhausen|Marbach(Neckar)|Benningen(Neckar)|Freiberg(Neckar)|Favoritepark,8000235,Ludwigsburg,Baden-Württemberg,Ludwigsburg,71638,9.185229823,48.89208622,3,2609100738.0,,2609100739.0,,,,,,,,,,,2.0,2.0
7902696573559661293-2609100733-2,33861,2609100735.0,2609100735.0,2.0,,S,S6,Weil der Stadt,8003831,Malmsheim,Baden-Württemberg,Renningen,71272,8.905105557,48.77183564,5,2609100735.0,,2609100736.0,,,,,,,,,,,0.0,1.0
7833477321738378564-2609100713-4,33856,2609100724.0,2609100724.0,1.0,,S,S6,Leonberg|Rutesheim|Renningen,8003831,Malmsheim,Baden-Württemberg,Renningen,71272,8.905105557,48.77183564,5,2609100724.0,,2609100725.0,,,,,,,,,,,0.0,1.0
4912576580386250148-2609100743-4,33858,2609100754.0,2609100754.0,1.0,,S,S6,Leonberg|Rutesheim|Renningen,8003831,Malmsheim,Baden-Württemberg,Renningen,71272,8.905105557,48.77183564,5,2609100754.0,,2609100755.0,,,,,,,,,,,0.0,1.0
2236282585249039413-2609100703-2,33859,2609100705.0,2609100705.0,2.0,,S,S6,Weil der Stadt,8003831,Malmsheim,Baden-Württemberg,Renningen,71272,8.905105557,48.77183564,5,2609100706.0,,2609100707.0,,,,,,,,,,,1.0,2.0
-8255187816541177533-2609100637-10,7404,2609100705.0,2609100708.0,1.0,,S,S4,Stuttgart Hbf|Stuttgart Nordbahnhof|Stuttgart-Feuerbach|Stuttgart-Zuffenhausen|Kornwestheim Pbf|Ludwigsburg|Favoritepark|Freiberg(Neckar)|Benningen(Neckar),8003853,Marbach (Neckar),Baden-Württemberg,Marbach am Neckar,71672,9.264611825,48.9437708,3,2609100705.0,,2609100708.0,,,,,,,,,,,0.0,0.0
7977434207262340946-2609100707-10,7406,2609100735.0,2609100738.0,1.0,,S,S4,Stuttgart Hbf|Stuttgart Nordbahnhof|Stuttgart-Feuerbach|Stuttgart-Zuffenhausen|Kornwestheim Pbf|Ludwigsburg|Favoritepark|Freiberg(Neckar)|Benningen(Neckar),8003853,Marbach (Neckar),Baden-Württemberg,Marbach am Neckar,71672,9.264611825,48.9437708,3,2609100737.0,,2609100741.0,,,,,,,,,,,2.0,3.0
8970610329466681156-2609100733-5,7413,2609100751.0,2609100755.0,2.0,,S,S4,Backnang|Burgstall(Murr)|Kirchberg(Murr)|Erdmannhausen,8003853,Marbach (Neckar),Baden-Württemberg,Marbach am Neckar,71672,9.264611825,48.9437708,3,2609100752.0,1.0,2609100757.0,1,,,,,,,,,,1.0,2.0
1174251127419777403-2609100703-5,7411,2609100721.0,2609100725.0,,,S,S4,Backnang|Burgstall(Murr)|Kirchberg(Murr)|Erdmannhausen,8003853,Marbach (Neckar),Baden-Württemberg,Marbach am Neckar,71672,9.264611825,48.9437708,3,2609100721.0,1.0,2609100726.0,1,,,,,,,,,,0.0,1.0
-6211003010298504877-2609100642-11,7306,2609100714.0,2609100715.0,2.0,,S,S3,Stuttgart Hbf|Stuttgart-Bad Cannstatt|Stuttgart Nürnberger Str.|Stuttgart-Sommerrain|Fellbach|Waiblingen|Neustadt-Hohenacker|Schwaikheim|Winnenden|Nellmersbach,8003913,Maubach,Baden-Württemberg,Backnang,71522,9.419487062,48.92623463,4,2609100714.0,,2609100715.0,,,,,,,,,,,0.0,0.0
-2915141727268180381-2609100711-2,7311,2609100713.0,2609100714.0,1.0,,S,S3,Backnang,8003913,Maubach,Baden-Württemberg,Backnang,71522,9.419487062,48.92623463,4,2609100714.0,,2609100716.0,,,,,,,,,,,1.0,2.0
3577709664347333137-2609100712-11,7308,2609100744.0,2609100745.0,2.0,,S,S3,Stuttgart Hbf|Stuttgart-Bad Cannstatt|Stuttgart Nürnberger Str.|Stuttgart-Sommerrain|Fellbach|Waiblingen|Neustadt-Hohenacker|Schwaikheim|Winnenden|Nellmersbach,8003913,Maubach,Baden-Württemberg,Backnang,71522,9.419487062,48.92623463,4,2609100745.0,,2609100746.0,,,,,,,,,,,1.0,1.0
1183603668671718907-2609100741-2,7313,2609100743.0,2609100744.0,1.0,,S,S3,Backnang,8003913,Maubach,Baden-Württemberg,Backnang,71522,9.419487062,48.92623463,4,2609100743.0,,2609100744.0,,,,,,,,,,,0.0,0.0
-6211003010298504877-2609100642-10,7306,2609100711.0,2609100712.0,2.0,,S,S3,Stuttgart Hbf|Stuttgart-Bad Cannstatt|Stuttgart Nürnberger Str.|Stuttgart-Sommerrain|Fellbach|Waiblingen|Neustadt-Hohenacker|Schwaikheim|Winnenden,8004233,Nellmersbach,Baden-Württemberg,Leutenbach,71397,9.415421538,48.90336425,5,2609100711.0,,2609100712.0,,,,,,,,,,,0.0,0.0
-2915141727268180381-2609100711-3,7311,2609100716.0,2609100716.0,1.0,,S,S3,Backnang|Maubach,8004233,Nellmersbach,Baden-Württemberg,Leutenbach,71397,9.415421538,48.90336425,5,2609100718.0,,2609100719.0,,,,,,,,,,,2.0,3.0
3577709664347333137-2609100712-10,7308,2609100741.0,2609100742.0,2.0,,S,S3,Stuttgart Hbf|Stuttgart-Bad Cannstatt|Stuttgart Nürnberger Str.|Stuttgart-Sommerrain|Fellbach|Waiblingen|Neustadt-Hohenacker|Schwaikheim|Winnenden,8004233,Nellmersbach,Baden-Württemberg,Leutenbach,71397,9.415421538,48.90336425,5,2609100742.0,,2609100743.0,,,,,,,,,,,1.0,1.0
1183603668671718907-2609100741-3,7313,2609100746.0,2609100746.0,1.0,,S,S3,Backnang|Maubach,8004233,Nellmersbach,Baden-Württemberg,Leutenbach,71397,9.415421538,48.90336425,5,2609100746.0,,2609100747.0,,,,,,,,,,,0.0,1.0
-6211003010298504877-2609100642-7,7306,2609100703.0,2609100703.0,1.0,,S,S3,Stuttgart Hbf|Stuttgart-Bad Cannstatt|Stuttgart Nürnberger Str.|Stuttgart-Sommerrain|Fellbach|Waiblingen,8004333,Neustadt-Hohenacker,Baden-Württemberg,Waiblingen,71336,9.32455106,48.85921668,5,2609100703.0,,2609100703.0,,,,,,,,,,,0.0,0.0
-2915141727268180381-2609100711-6,7311,2609100725.0,2609100725.0,2.0,,S,S3,Backnang|Maubach|Nellmersbach|Winnenden|Schwaikheim,8004333,Neustadt-Hohenacker,Baden-Württemberg,Waiblingen,71336,9.32455106,48.85921668,5,2609100727.0,,2609100728.0,,,,,,,,,,,2.0,3.0
3577709664347333137-2609100712-7,7308,2609100733.0,2609100733.0,1.0,,S,S3,Stuttgart Hbf|Stuttgart-Bad Cannstatt|Stuttgart Nürnberger Str.|Stuttgart-Sommerrain|Fellbach|Waiblingen,8004333,Neustadt-Hohenacker,Baden-Württemberg,Waiblingen,71336,9.32455106,48.85921668,5,2609100733.0,,2609100734.0,,,,,,,,,,,0.0,1.0
1183603668671718907-2609100741-6,7313,2609100755.0,2609100755.0,2.0,,S,S3,Backnang|Maubach|Nellmersbach|Winnenden|Schwaikheim,8004333,Neustadt-Hohenacker,Baden-Württemberg,Waiblingen,71336,9.32455106,48.85921668,5,2609100755.0,,2609100755.0,,,,,,,,,,,0.0,0.0
4871684490979924868-2609100717-5,7608,2609100728.0,2609100729.0,1.0,,S,S6,Stuttgart Hbf|Stuttgart Nordbahnhof|Stuttgart-Feuerbach|Stuttgart-Zuffenhausen,8004338,Neuwirtshaus (Porscheplatz),Baden-Württemberg,Stuttgart,70435,9.151955614,48.83384734,4,2609100730.0,,2609100730.0,,h,1.0,Bauarbeiten,,,,,,,2.0,1.0
6922079602389085921-2609100747-5,7610,2609100758.0,2609100759.0,1.0,,S,S6,Stuttgart Hbf|Stuttgart Nordbahnhof|Stuttgart-Feuerbach|Stuttgart-Zuffenhausen,8004338,Neuwirtshaus (Porscheplatz),Baden-Württemberg,Stuttgart,70435,9.151955614,48.83384734,4,2609100758.0,,2609100800.0,,h,1.0,Bauarbeiten,,,,,,,0.0,1.0
4690487155138622402-2609100654-4,7609,2609100701.0,2609100701.0,2.0,,S,S6,Ditzingen|Weilimdorf|Korntal,8004338,Neuwirtshaus (Porscheplatz),Baden-Württemberg,Stuttgart,70435,9.151955614,48.83384734,4,2609100701.0,,2609100702.0,,h,1.0,Bauarbeiten,,,,,,,0.0,1.0
-4492985109316444691-2609100724-4,7611,2609100731.0,2609100731.0,2.0,,S,S6,Ditzingen|Weilimdorf|Korntal,8004338,Neuwirtshaus (Porscheplatz),Baden-Württemberg,Stuttgart,70435,9.151955614,48.83384734,4,2609100731.0,,2609100732.0,,h,1.0,Bauarbeiten,,,,,,,0.0,1.0
7703218303646440626-2609100746-2,7714,2609100749.0,2609100749.0,2.0,,S,S1,Herrenberg,8004490,Nufringen,Baden-Württemberg,Nufringen,71154,8.889817485,48.62010967,5,2609100749.0,,2609100750.0,,,,,,,,,,,0.0,1.0
-6419417749381061705-2609100716-8,7709,2609100741.0,2609100741.0,1.0,,S,S1,Stuttgart-Vaihingen|Stuttgart-Rohr|Goldberg(Württ)|Böblingen|Hulb|Ehningen(b Böblingen)|Gärtringen,8004490,Nufringen,Baden-Württemberg,Nufringen,71154,8.889817485,48.62010967,5,2609100745.0,,2609100745.0,,,,,,,,,,,4.0,4.0
-9135645456789564620-2609100646-8,7707,2609100711.0,2609100711.0,1.0,,S,S1,Stuttgart-Vaihingen|Stuttgart-Rohr|Goldberg(Württ)|Böblingen|Hulb|Ehningen(b Böblingen)|Gärtringen,8004490,Nufringen,Baden-Württemberg,Nufringen,71154,8.889817485,48.62010967,5,2609100711.0,,2609100711.0,,,,,,,,,,,0.0,0.0
-250858146386556166-2609100716-2,7712,2609100719.0,2609100719.0,2.0,,S,S1,Herrenberg,8004490,Nufringen,Baden-Württemberg,Nufringen,71154,8.889817485,48.62010967,5,2609100719.0,,2609100720.0,,,,,,,,,,,0.0,1.0
-6501547905667268041-2609100703-5,7908,2609100715.0,2609100715.0,2.0,,S,S2,Filderstadt|Stuttgart Flughafen/Messe|Echterdingen|Leinfelden,8004496,Oberaichen,Baden-Württemberg,Leinfelden-Echterdingen,70771,9.12743664,48.70512422,5,2609100718.0,,2609100719.0,,,,,,,,,,,3.0,4.0
925944172323548863-2609100733-5,7910,2609100745.0,2609100745.0,2.0,,S,S2,Filderstadt|Stuttgart Flughafen/Messe|Echterdingen|Leinfelden,8004496,Oberaichen,Baden-Württemberg,Leinfelden-Echterdingen,70771,9.12743664,48.70512422,5,2609100745.0,,2609100745.0,,,,,,,,,,,0.0,0.0
3101834224134177917-2609100735-3,7911,2609100744.0,2609100744.0,1.0,,S,S2,Stuttgart-Vaihingen|Stuttgart-Rohr,8004496,Oberaichen,Baden-Württemberg,Leinfelden-Echterdingen,70771,9.12743664,48.70512422,5,2609100745.0,,2609100747.0,,,,,,,,,,,1.0,3.0
-6719809372287513512-2609100705-3,7909,2609100714.0,2609100714.0,1.0,,S,S2,Stuttgart-Vaihingen|Stuttgart-Rohr,8004496,Oberaichen,Baden-Württemberg,Leinfelden-Echterdingen,70771,9.12743664,48.70512422,5,2609100714.0,,2609100715.0,,,,,,,,,,,0.0,1.0
8759418788528928451-2609100655-8,7108,2609100715.0,2609100715.0,4.0,,S,S1,Stuttgart Hbf|Stuttgart-Bad Cannstatt|Stuttgart Neckarpark|Stuttgart-Untertürkheim|Stuttgart-Obertürkheim|Esslingen-Mettingen|Esslingen(Neckar),8004528,Oberesslingen,Baden-Württemberg,Esslingen am Neckar,73730,9.327277435,48.72983585,3,2609100715.0,,2609100715.0,,,,,,,,,,,0.0,0.0
-6655970972115007016-2609100650-8,7111,2609100714.0,2609100715.0,3.0,,S,S1,Kirchheim(Teck)|Kirchheim(Teck)-Ötlingen|Wendlingen(Neckar)|Wernau(Neckar)|Plochingen|Altbach|Esslingen-Zell,8004528,Oberesslingen,Baden-Württemberg,Esslingen am Neckar,73730,9.327277435,48.72983585,3,2609100715.0,,2609100716.0,,,,,,,,,,,1.0,1.0
-7709757529463307534-2609100720-8,7113,2609100744.0,2609100745.0,3.0,,S,S1,Kirchheim(Teck)|Kirchheim(Teck)-Ötlingen|Wendlingen(Neckar)|Wernau(Neckar)|Plochingen|Altbach|Esslingen-Zell,8004528,Oberesslingen,Baden-Württemberg,Esslingen am Neckar,73730,9.327277435,48.72983585,3,2609100747.0,,2609100748.0,,,,,,,,,,,3.0,3.0
2394736871359748075-2609100725-8,7110,2609100745.0,2609100745.0,4.0,,S,S1,Stuttgart Hbf|Stuttgart-Bad Cannstatt|Stuttgart Neckarpark|Stuttgart-Untertürkheim|Stuttgart-Obertürkheim|Esslingen-Mettingen|Esslingen(Neckar),8004528,Oberesslingen,Baden-Württemberg,Esslingen am Neckar,73730,9.327277435,48.72983585,3,2609100745.0,,2609100745.0,,,,,,,,,,,0.0,0.0
4974521703574606086-2609100648-13,19118,2609100728.0,2609100734.0,1.0,,ARV,MEX16,Geislingen(Steige)|Geislingen(Steige)West|Kuchen|Gingen(Fils)|Süßen|Salach|Eislingen(Fils)|Göppingen|Faurndau|Uhingen|Ebersbach(Fils)|Reichenbach(Fils),8000302,Plochingen,Baden-Württemberg,Plochingen,73207,9.411294578,48.71293906,2,2609100728.0,,2609100735.0,,,,,,,,,,,0.0,1.0
1633376945512703812-2609100736-3,4207,2609100751.0,2609100755.0,4.0,,RE,RE5,Stuttgart Hbf|Esslingen(Neckar),8000302,Plochingen,Baden-Württemberg,Plochingen,73207,9.411294578,48.71293906,2,2609100756.0,10.0,2609100759.0,10,h,2.0,Störung,,,,,,,5.0,4.0
8759418788528928451-2609100655-11,7108,2609100723.0,2609100725.0,9.0,,S,S1,Stuttgart Hbf|Stuttgart-Bad Cannstatt|Stuttgart Neckarpark|Stuttgart-Untertürkheim|Stuttgart-Obertürkheim|Esslingen-Mettingen|Esslingen(Neckar)|Oberesslingen|Esslingen-Zell|Altbach,8000302,Plochingen,Baden-Württemberg,Plochingen,73207,9.411294578,48.71293906,2,2609100723.0,10.0,2609100728.0,10,,,,,,,,,,0.0,3.0
-6655970972115007016-2609100650-5,7111,2609100705.0,2609100707.0,9.0,,S,S1,Kirchheim(Teck)|Kirchheim(Teck)-Ötlingen|Wendlingen(Neckar)|Wernau(Neckar),8000302,Plochingen,Baden-Württemberg,Plochingen,73207,9.411294578,48.71293906,2,2609100705.0,,2609100708.0,,,,,,,,,,,0.0,1.0
-7709757529463307534-2609100720-5,7113,2609100735.0,2609100737.0,9.0,,S,S1,Kirchheim(Teck)|Kirchheim(Teck)-Ötlingen|Wendlingen(Neckar)|Wernau(Neckar),8000302,Plochingen,Baden-Württemberg,Plochingen,73207,9.411294578,48.71293906,2,2609100739.0,9.0,2609100741.0,9,,,,,,,,,,4.0,4.0
5752082848521759462-2609100717-7,19220,2609100748.0,2609100750.0,3.0,,RE,MEX12,Reutlingen Hbf|Metzingen(Württ)|Bempflingen|Nürtingen|Oberboihingen|Wendlingen(Neckar),8000302,Plochingen,Baden-Württemberg,Plochingen,73207,9.411294578,48.71293906,2,2609100755.0,7.0,2609100756.0,7,h,2.0,Störung,,,,,,,7.0,6.0
-5962810489381537859-2609100739-4,19121,2609100757.0,2609100757.0,6.0,,ARV,MEX16,Stuttgart Hbf|Stuttgart-Bad Cannstatt|Esslingen(Neckar),8000302,Plochingen,Baden-Württemberg,Plochingen,73207,9.411294578,48.71293906,2,2609100801.0,4.0,2609100802.0,4,,,,,,,,,,4.0,5.0
3914164515653575626-2609100700-4,19119,2609100726.0,2609100730.0,3.0,,ARV,MEX16,Stuttgart Hbf|Stuttgart-Bad Cannstatt|Esslingen(Neckar),8000302,Plochingen,Baden-Württemberg,Plochingen,73207,9.411294578,48.71293906,2,2609100729.0,,2609100731.0,,,,,,,,,,,3.0,1.0
7364365756035854020-2609100636-19,19120,2609100755.0,2609100755.0,1.0,,ARV,MEX16,Ulm Hbf|Beimerstetten|Westerstetten|Lonsee|Urspring|Amstetten(Württ)|Geislingen(Steige)|Geislingen(Steige)West|Kuchen|Gingen(Fils)|Süßen|Salach|Eislingen(Fils)|Göppingen|Faurndau|Uhingen|Ebersbach(Fils)|Reichenbach(Fils),8000302,Plochingen,Baden-Württemberg,Plochingen,73207,9.411294578,48.71293906,2,2609100759.0,6.0,2609100759.0,6,,,,,,,,,,4.0,4.0
2880538247563287432-2609100715-1,19306,,2609100715.0,,,RE,MEX18,,8000302,Plochingen,Baden-Württemberg,Plochingen,73207,9.411294578,48.71293906,2,,,2609100717.0,3,h,2.0,Störung,,,,,,,0.0,2.0
-3459736231936845373-2609100630-11,19303,2609100742.0,,9.0,,RE,,Heilbronn Hbf|Nordheim(Württ)|Lauffen(Neckar)|Kirchheim(Neckar)|Walheim(Württ)|Besigheim|Bietigheim-Bissingen|Ludwigsburg|Kornwestheim Pbf|Esslingen(Neckar),8000302,Plochingen,Baden-Württemberg,Plochingen,73207,9.411294578,48.71293906,2,2609100755.0,3.0,,,h,2.0,Störung,,,,,,,13.0,0.0
-4503411906264484817-2609100449-21,4202,2609100703.0,2609100703.0,1.0,,RE,RE5,Friedrichshafen Stadt|Meckenbeuren|Ravensburg|Aulendorf|Bad Schussenried|Biberach(Riß) Süd|Biberach(Riß)|Laupheim West|Ulm Hbf|Beimerstetten|Westerstetten|Amstetten(Württ)|Geislingen(Steige)|Kuchen|Gingen(Fils)|Süßen|Göppingen|Uhingen|Ebersbach(Fils)|Reichenbach(Fils),8000302,Plochingen,Baden-Württemberg,Plochingen,73207,9.411294578,48.71293906,2,2609100704.0,,2609100705.0,,h,2.0,Störung,,,,,,,1.0,2.0
4277366403163715273-2609100557-12,19301,2609100713.0,2609100714.0,9.0,,RE,MEX18,Heilbronn Hbf|Nordheim(Württ)|Lauffen(Neckar)|Kirchheim(Neckar)|Walheim(Württ)|Besigheim|Bietigheim-Bissingen|Ludwigsburg|Stuttgart Hbf|Stuttgart-Bad Cannstatt|Esslingen(Neckar),8000302,Plochingen,Baden-Württemberg,Plochingen,73207,9.411294578,48.71293906,2,2609100721.0,,2609100722.0,,h,2.0,Störung,,,,,,,8.0,8.0
2394736871359748075-2609100725-11,7110,2609100753.0,2609100755.0,9.0,,S,S1,Stuttgart Hbf|Stuttgart-Bad Cannstatt|Stuttgart Neckarpark|Stuttgart-Untertürkheim|Stuttgart-Obertürkheim|Esslingen-Mettingen|Esslingen(Neckar)|Oberesslingen|Esslingen-Zell|Altbach,8000302,Plochingen,Baden-Württemberg,Plochingen,73207,9.411294578,48.71293906,2,2609100753.0,,2609100755.0,,,,,,,,,,,0.0,0.0
-680601506952995478-2609100630-4,19218,2609100658.0,2609100706.0,6.0,,RE,RE6,Reutlingen Hbf|Metzingen(Württ)|Nürtingen,8000302,Plochingen,Baden-Württemberg,Plochingen,73207,9.411294578,48.71293906,2,2609100728.0,7.0,2609100727.0,7,h,2.0,Störung,,,,,,,30.0,21.0
2842835760258306804-2609100658-3,7010,2609100704.0,2609100709.0,3.0,,S,S60,Leonberg|Rutesheim,8000313,Renningen,Baden-Württemberg,Renningen,71272,8.932650148,48.77515509,3,2609100705.0,,2609100710.0,,h,1.0,Bauarbeiten,,,,,,,1.0,1.0
7902696573559661293-2609100733-3,33861,2609100737.0,2609100741.0,2.0,,S,S6,Weil der Stadt|Malmsheim,8000313,Renningen,Baden-Württemberg,Renningen,71272,8.932650148,48.77515509,3,2609100738.0,,2609100741.0,,,,,,,,,,,1.0,0.0
7833477321738378564-2609100713-3,33856,2609100719.0,2609100722.0,3.0,,S,S6,Leonberg|Rutesheim,8000313,Renningen,Baden-Württemberg,Renningen,71272,8.932650148,48.77515509,3,2609100719.0,,2609100722.0,,,,,,,,,,,0.0,0.0
-5823901558938223341-2609100742-1,26132,,2609100742.0,,,SWE,RB76,,8000313,Renningen,Baden-Württemberg,Renningen,71272,8.932650148,48.77515509,3,,,2609100742.0,,,,,,,,,,,0.0,0.0
8714567639514254110-2609100704-7,7009,2609100720.0,2609100726.0,2.0,,S,S60,Böblingen|Sindelfingen|Maichingen|Maichingen Nord|Magstadt|Renningen Süd,8000313,Renningen,Baden-Württemberg,Renningen,71272,8.932650148,48.77515509,3,2609100722.0,,2609100726.0,,h,1.0,Bauarbeiten,,,,,,,2.0,0.0
4912576580386250148-2609100743-3,33858,2609100749.0,2609100752.0,3.0,,S,S6,Leonberg|Rutesheim,8000313,Renningen,Baden-Württemberg,Renningen,71272,8.932650148,48.77515509,3,2609100749.0,,2609100752.0,,,,,,,,,,,0.0,0.0
2236282585249039413-2609100703-3,33859,2609100707.0,2609100711.0,2.0,,S,S6,Weil der Stadt|Malmsheim,8000313,Renningen,Baden-Württemberg,Renningen,71272,8.932650148,48.77515509,3,2609100709.0,,2609100711.0,,,,,,,,,,,2.0,0.0
7234702021475349629-2609100710-6,26131,2609100732.0,,4.0,,SWE,,Calw|Calw-Heumaden|Althengstett|Ostelsheim|Weil der Stadt,8000313,Renningen,Baden-Württemberg,Renningen,71272,8.932650148,48.77515509,3,2609100732.0,,,,,,,,,,,,,0.0,0.0
4072775096959489473-2609100728-3,7012,2609100734.0,2609100739.0,3.0,,S,S60,Leonberg|Rutesheim,8000313,Renningen,Baden-Württemberg,Renningen,71272,8.932650148,48.77515509,3,2609100735.0,,2609100739.0,,h,1.0,Bauarbeiten,,,,,,,1.0,0.0
3592955462745051107-2609100734-7,7011,2609100750.0,2609100756.0,2.0,,S,S60,Böblingen|Sindelfingen|Maichingen|Maichingen Nord|Magstadt|Renningen Süd,8000313,Renningen,Baden-Württemberg,Renningen,71272,8.932650148,48.77515509,3,2609100751.0,,2609100756.0,,h,1.0,Bauarbeiten,,,,,,,1.0,0.0
3965518062033575210-2609100650-7,7206,2609100707.0,2609100707.0,1.0,,S,S2,Stuttgart Hbf|Stuttgart-Bad Cannstatt|Stuttgart Nürnberger Str.|Stuttgart-Sommerrain|Fellbach|Waiblingen,8005157,Rommelshausen,Baden-Württemberg,Kernen,71394,9.319175885,48.81552017,4,2609100707.0,,2609100708.0,,h,2.0,Bauarbeiten,,,,,,,0.0,1.0
3888224273021493436-2609100733-9,7213,2609100751.0,2609100752.0,2.0,,S,S2,Schorndorf|Weiler(Rems)|Winterbach(b Schorndorf)|Geradstetten|Grunbach|Beutelsbach|Endersbach|Stetten-Beinstein,8005157,Rommelshausen,Baden-Württemberg,Kernen,71394,9.319175885,48.81552017,4,2609100755.0,,2609100756.0,,h,2.0,Bauarbeiten,,,,,,,4.0,4.0
-5260417069663625653-2609100720-7,7208,2609100737.0,2609100737.0,1.0,,S,S2,Stuttgart Hbf|Stuttgart-Bad Cannstatt|Stuttgart Nürnberger Str.|Stuttgart-Sommerrain|Fellbach|Waiblingen,8005157,Rommelshausen,Baden-Württemberg,Kernen,71394,9.319175885,48.81552017,4,2609100738.0,,2609100739.0,,h,2.0,Bauarbeiten,,,,,,,1.0,2.0
-6595517868678510983-2609100703-9,7211,2609100721.0,2609100722.0,2.0,,S,S2,Schorndorf|Weiler(Rems)|Winterbach(b Schorndorf)|Geradstetten|Grunbach|Beutelsbach|Endersbach|Stetten-Beinstein,8005157,Rommelshausen,Baden-Württemberg,Kernen,71394,9.319175885,48.81552017,4,2609100721.0,,2609100723.0,,h,2.0,Bauarbeiten,,,,,,,0.0,1.0
2842835760258306804-2609100658-2,7010,2609100701.0,2609100701.0,2.0,,S,S60,Leonberg,8005236,Rutesheim,Baden-Württemberg,Leonberg,71229,8.960325242,48.79031093,5,2609100702.0,,2609100702.0,,h,1.0,Bauarbeiten,,,,,,,1.0,1.0
7902696573559661293-2609100733-4,33861,2609100743.0,2609100744.0,1.0,,S,S6,Weil der Stadt|Malmsheim|Renningen,8005236,Rutesheim,Baden-Württemberg,Leonberg,71229,8.960325242,48.79031093,5,2609100743.0,,2609100744.0,,,,,,,,,,,0.0,0.0
7833477321738378564-2609100713-2,33856,2609100716.0,2609100716.0,2.0,,S,S6,Leonberg,8005236,Rutesheim,Baden-Württemberg,Leonberg,71229,8.960325242,48.79031093,5,2609100716.0,,2609100717.0,,,,,,,,,,,0.0,1.0
8714567639514254110-2609100704-8,7009,2609100728.0,2609100729.0,1.0,,S,S60,Böblingen|Sindelfingen|Maichingen|Maichingen Nord|Magstadt|Renningen Süd|Renningen,8005236,Rutesheim,Baden-Württemberg,Leonberg,71229,8.960325242,48.79031093,5,2609100729.0,,2609100730.0,,h,1.0,Bauarbeiten,,,,,,,1.0,1.0
4912576580386250148-2609100743-2,33858,2609100746.0,2609100746.0,2.0,,S,S6,Leonberg,8005236,Rutesheim,Baden-Württemberg,Leonberg,71229,8.960325242,48.79031093,5,2609100746.0,,2609100746.0,,,,,,,,,,,0.0,0.0
2236282585249039413-2609100703-4,33859,2609100713.0,2609100714.0,1.0,,S,S6,Weil der Stadt|Malmsheim|Renningen,8005236,Rutesheim,Baden-Württemberg,Leonberg,71229,8.960325242,48.79031093,5,2609100713.0,,2609100714.0,,,,,,,,,,,0.0,0.0
4072775096959489473-2609100728-2,7012,2609100731.0,2609100731.0,2.0,,S,S60,Leonberg,8005236,Rutesheim,Baden-Württemberg,Leonberg,71229,8.960325242,48.79031093,5,2609100731.0,,2609100732.0,,h,1.0,Bauarbeiten,,,,,,,0.0,1.0
3592955462745051107-2609100734-8,7011,2609100758.0,2609100759.0,1.0,,S,S60,Böblingen|Sindelfingen|Maichingen|Maichingen Nord|Magstadt|Renningen Süd|Renningen,8005236,Rutesheim,Baden-Württemberg,Leonberg,71229,8.960325242,48.79031093,5,2609100758.0,,2609100759.0,,h,1.0,Bauarbeiten,,,,,,,0.0,0.0
3965518062033575210-2609100650-15,7206,2609100725.0,,14.0,,S,,Stuttgart Hbf|Stuttgart-Bad Cannstatt|Stuttgart Nürnberger Str.|Stuttgart-Sommerrain|Fellbach|Waiblingen|Rommelshausen|Stetten-Beinstein|Endersbach|Beutelsbach|Grunbach|Geradstetten|Winterbach(b Schorndorf)|Weiler(Rems),8005424,Schorndorf,Baden-Württemberg,Schorndorf,73614,9.525686251,48.80693898,3,2609100725.0,,,,h,2.0,Bauarbeiten,,,,,,,0.0,0.0
3888224273021493436-2609100733-1,7213,,2609100733.0,,,S,S2,,8005424,Schorndorf,Baden-Württemberg,Schorndorf,73614,9.525686251,48.80693898,3,,,2609100737.0,,h,2.0,Bauarbeiten,,,,,,,0.0,4.0
8037374960848513675-2609100648-4,19405,2609100713.0,2609100714.0,2.0,,ARV,MEX13,Stuttgart Hbf|Stuttgart-Bad Cannstatt|Waiblingen,8005424,Schorndorf,Baden-Württemberg,Schorndorf,73614,9.525686251,48.80693898,3,2609100713.0,,2609100714.0,,h,2.0,Information,,,,,,,0.0,0.0
-5260417069663625653-2609100720-15,7208,2609100755.0,,1.0,,S,,Stuttgart Hbf|Stuttgart-Bad Cannstatt|Stuttgart Nürnberger Str.|Stuttgart-Sommerrain|Fellbach|Waiblingen|Rommelshausen|Stetten-Beinstein|Endersbach|Beutelsbach|Grunbach|Geradstetten|Winterbach(b Schorndorf)|Weiler(Rems),8005424,Schorndorf,Baden-Württemberg,Schorndorf,73614,9.525686251,48.80693898,3,2609100755.0,,,,h,2.0,Bauarbeiten,,,,,,,0.0,0.0
-6595517868678510983-2609100703-1,7211,,2609100703.0,,,S,S2,,8005424,Schorndorf,Baden-Württemberg,Schorndorf,73614,9.525686251,48.80693898,3,,,2609100703.0,,h,2.0,Bauarbeiten,,,,,,,0.0,0.0
-4136739553637756736-2609100720-4,19457,2609100743.0,2609100744.0,2.0,,ARV,MEX13,Stuttgart Hbf|Stuttgart-Bad Cannstatt|Waiblingen,8005424,Schorndorf,Baden-Württemberg,Schorndorf,73614,9.525686251,48.80693898,3,2609100743.0,,2609100744.0,,h,2.0,Information,,,,,,,0.0,0.0
-5465477625088129487-2609100636-15,19452,2609100743.0,2609100744.0,3.0,,ARV,MEX13,Ellwangen|Schrezheim|Schwabsberg|Goldshöfe|Hofen(b Aalen)|Wasseralfingen|Aalen Hbf|Mögglingen(Gmünd)|Böbingen(Rems)|Schwäbisch Gmünd|Lorch(Württ)|Waldhausen(b Schorndorf)|Plüderhausen|Urbach(b Schorndorf),8005424,Schorndorf,Baden-Württemberg,Schorndorf,73614,9.525686251,48.80693898,3,2609100757.0,,2609100758.0,,h,2.0,Information,,,,,,,14.0,14.0
-2162180464561351551-2609100624-5,19671,2609100728.0,2609100729.0,2.0,,ARV,RE1,Pforzheim Hbf|Mühlacker|Vaihingen(Enz)|Stuttgart Hbf,8005424,Schorndorf,Baden-Württemberg,Schorndorf,73614,9.525686251,48.80693898,3,2609100731.0,,2609100732.0,,h,2.0,Information,,,,,,,3.0,3.0
-4918736573732270498-2609100635-9,19410,2609100713.0,2609100714.0,3.0,,ARV,MEX13,Aalen Hbf|Mögglingen(Gmünd)|Böbingen(Rems)|Schwäbisch Gmünd|Lorch(Württ)|Waldhausen(b Schorndorf)|Plüderhausen|Urbach(b Schorndorf),8005424,Schorndorf,Baden-Württemberg,Schorndorf,73614,9.525686251,48.80693898,3,2609100716.0,,2609100717.0,,h,2.0,Information,,,,,,,3.0,3.0
-6211003010298504877-2609100642-8,7306,2609100706.0,2609100706.0,2.0,,S,S3,Stuttgart Hbf|Stuttgart-Bad Cannstatt|Stuttgart Nürnberger Str.|Stuttgart-Sommerrain|Fellbach|Waiblingen|Neustadt-Hohenacker,8005454,Schwaikheim,Baden-Württemberg,Schwaikheim,71409,9.354747358,48.86832665,4,2609100706.0,,2609100706.0,,,,,,,,,,,0.0,0.0
-2915141727268180381-2609100711-5,7311,2609100722.0,2609100723.0,1.0,,S,S3,Backnang|Maubach|Nellmersbach|Winnenden,8005454,Schwaikheim,Baden-Württemberg,Schwaikheim,71409,9.354747358,48.86832665,4,2609100724.0,,2609100726.0,,,,,,,,,,,2.0,3.0
3577709664347333137-2609100712-8,7308,2609100736.0,2609100736.0,2.0,,S,S3,Stuttgart Hbf|Stuttgart-Bad Cannstatt|Stuttgart Nürnberger Str.|Stuttgart-Sommerrain|Fellbach|Waiblingen|Neustadt-Hohenacker,8005454,Schwaikheim,Baden-Württemberg,Schwaikheim,71409,9.354747358,48.86832665,4,2609100736.0,,2609100737.0,,,,,,,,,,,0.0,1.0
1183603668671718907-2609100741-5,7313,2609100752.0,2609100753.0,1.0,,S,S3,Backnang|Maubach|Nellmersbach|Winnenden,8005454,Schwaikheim,Baden-Württemberg,Schwaikheim,71409,9.354747358,48.86832665,4,2609100752.0,,2609100753.0,,,,,,,,,,,0.0,0.0
2842835760258306804-2609100658-8,7010,2609100722.0,2609100723.0,1.0,,S,S60,Leonberg|Rutesheim|Renningen|Renningen Süd|Magstadt|Maichingen Nord|Maichingen,8005574,Sindelfingen,Baden-Württemberg,Sindelfingen,71063,8.999262079,48.70387346,6,2609100723.0,,2609100724.0,,h,1.0,Bauarbeiten,,,,,,,1.0,1.0
8714567639514254110-2609100704-2,7009,2609100706.0,2609100707.0,1.0,,S,S60,Böblingen,8005574,Sindelfingen,Baden-Württemberg,Sindelfingen,71063,8.999262079,48.70387346,6,2609100706.0,,2609100707.0,,h,1.0,Bauarbeiten,,,,,,,0.0,0.0
4072775096959489473-2609100728-8,7012,2609100752.0,2609100753.0,1.0,,S,S60,Leonberg|Rutesheim|Renningen|Renningen Süd|Magstadt|Maichingen Nord|Maichingen,8005574,Sindelfingen,Baden-Württemberg,Sindelfingen,71063,8.999262079,48.70387346,6,2609100753.0,,2609100754.0,,h,1.0,Bauarbeiten,,,,,,,1.0,1.0
3592955462745051107-2609100734-2,7011,2609100736.0,2609100737.0,1.0,,S,S60,Böblingen,8005574,Sindelfingen,Baden-Württemberg,Sindelfingen,71063,8.999262079,48.70387346,6,2609100737.0,,2609100738.0,,h,1.0,Bauarbeiten,,,,,,,1.0,1.0
3965518062033575210-2609100650-8,7206,2609100709.0,2609100709.0,1.0,,S,S2,Stuttgart Hbf|Stuttgart-Bad Cannstatt|Stuttgart Nürnberger Str.|Stuttgart-Sommerrain|Fellbach|Waiblingen|Rommelshausen,8005726,Stetten-Beinstein,Baden-Württemberg,Weinstadt,71384,9.352769725,48.81199601,5,2609100710.0,,2609100710.0,,h,2.0,Bauarbeiten,,,,,,,1.0,1.0
3888224273021493436-2609100733-8,7213,2609100749.0,2609100749.0,2.0,,S,S2,Schorndorf|Weiler(Rems)|Winterbach(b Schorndorf)|Geradstetten|Grunbach|Beutelsbach|Endersbach,8005726,Stetten-Beinstein,Baden-Württemberg,Weinstadt,71384,9.352769725,48.81199601,5,2609100752.0,,2609100753.0,,h,2.0,Bauarbeiten,,,,,,,3.0,4.0
-5260417069663625653-2609100720-8,7208,2609100739.0,2609100739.0,1.0,,S,S2,Stuttgart Hbf|Stuttgart-Bad Cannstatt|Stuttgart Nürnberger Str.|Stuttgart-Sommerrain|Fellbach|Waiblingen|Rommelshausen,8005726,Stetten-Beinstein,Baden-Württemberg,Weinstadt,71384,9.352769725,48.81199601,5,2609100741.0,,2609100741.0,,h,2.0,Bauarbeiten,,,,,,,2.0,2.0
-6595517868678510983-2609100703-8,7211,2609100719.0,2609100719.0,2.0,,S,S2,Schorndorf|Weiler(Rems)|Winterbach(b Schorndorf)|Geradstetten|Grunbach|Beutelsbach|Endersbach,8005726,Stetten-Beinstein,Baden-Württemberg,Weinstadt,71384,9.352769725,48.81199601,5,2609100719.0,,2609100719.0,,h,2.0,Bauarbeiten,,,,,,,0.0,0.0
-6750459440429737938-2609100755-1,7112,,2609100755.0,,,S,S1,,8000096,Stuttgart Hbf,Baden-Württemberg,Stuttgart,70173,9.183172973,48.78473069,1,,,2609100755.0,,,,,,,,,,,0.0,0.0
7502879632717750314-2609100614-10,19216,2609100706.0,2609100719.0,10.0,,RE,MEX12,Reutlingen Hbf|Metzingen(Württ)|Bempflingen|Nürtingen|Oberboihingen|Wendlingen(Neckar)|Plochingen|Esslingen(Neckar)|Stuttgart-Bad Cannstatt,8000096,Stuttgart Hbf,Baden-Württemberg,Stuttgart,70173,9.183172973,48.78473069,1,2609100708.0,,2609100720.0,,h,2.0,Störung,,,,,,,2.0,1.0
4974521703574606086-2609100648-16,19118,2609100750.0,,12.0,,ARV,,Geislingen(Steige)|Geislingen(Steige)West|Kuchen|Gingen(Fils)|Süßen|Salach|Eislingen(Fils)|Göppingen|Faurndau|Uhingen|Ebersbach(Fils)|Reichenbach(Fils)|Plochingen|Esslingen(Neckar)|Stuttgart-Bad Cannstatt,8000096,Stuttgart Hbf,Baden-Württemberg,Stuttgart,70173,9.183172973,48.78473069,1,2609100804.0,14.0,,,,,,,,,,,,14.0,0.0
-8753790222526184093-2609100712-1,1981,,2609100712.0,,,IC,,,8000096,Stuttgart Hbf,Baden-Württemberg,Stuttgart,70173,9.183172973,48.78473069,1,,,2609100722.0,,h,2.0,Information,,,,,,,0.0,10.0
1633376945512703812-2609100736-1,4207,,2609100736.0,,,RE,RE5,,8000096,Stuttgart Hbf,Baden-Württemberg,Stuttgart,70173,9.183172973,48.78473069,1,,,2609100737.0,,h,2.0,Störung,,,,,,,0.0,1.0
-6415383980544531437-2609100632-8,19003,2609100730.0,,7.0,,ARV,,Karlsruhe Hbf|Karlsruhe-Durlach|Weingarten(Baden)|Untergrombach|Bruchsal Bildungszentrum|Bruchsal|Vaihingen(Enz),8000096,Stuttgart Hbf,Baden-Württemberg,Stuttgart,70173,9.183172973,48.78473069,1,2609100733.0,,,,,,,,,,,,,3.0,0.0
-7676551856859768075-2609100633-15,7209,2609100710.0,,3.0,,S,,Schorndorf|Weiler(Rems)|Winterbach(b Schorndorf)|Geradstetten|Grunbach|Beutelsbach|Endersbach|Stetten-Beinstein|Rommelshausen|Waiblingen|Fellbach|Stuttgart-Sommerrain|Stuttgart Nürnberger Str.|Stuttgart-Bad Cannstatt,8000096,Stuttgart Hbf,Baden-Württemberg,Stuttgart,70173,9.183172973,48.78473069,1,2609100710.0,,,,h,2.0,Bauarbeiten,,,,,,,0.0,0.0
2706977692346491748-2609100535-4,2168,2609100753.0,,13.0,,IC,,Nürnberg Hbf|Ansbach|Aalen Hbf,8000096,Stuttgart Hbf,Baden-Württemberg,Stuttgart,70173,9.183172973,48.78473069,1,2609100754.0,11.0,,,,,,,,,,,,1.0,0.0
67517114520381301-2609100534-4,614,2609100743.0,2609100749.0,9.0,,ICE,,München Hbf|Augsburg Hbf|Ulm Hbf,8000096,Stuttgart Hbf,Baden-Württemberg,Stuttgart,70173,9.183172973,48.78473069,1,2609100743.0,10.0,2609100749.0,10,,,,,,,,,,0.0,0.0
-7338711269232336111-2609100633-14,7409,2609100725.0,,1.0,,S,,Backnang|Burgstall(Murr)|Kirchberg(Murr)|Erdmannhausen|Marbach(Neckar)|Benningen(Neckar)|Freiberg(Neckar)|Favoritepark|Ludwigsburg|Kornwestheim Pbf|Stuttgart-Zuffenhausen|Stuttgart-Feuerbach|Stuttgart Nordbahnhof,8000096,Stuttgart Hbf,Baden-Württemberg,Stuttgart,70173,9.183172973,48.78473069,1,2609100728.0,,,,,,,,,,,,,3.0,0.0
1329500524380842300-2609100536-10,52388,2609100711.0,,6.0,,RE,,Rottweil|Oberndorf(Neckar)|Sulz(Neckar)|Horb|Eutingen im Gäu|Ergenzingen|Bondorf(b Herrenberg)|Gäufelden|Herrenberg,8000096,Stuttgart Hbf,Baden-Württemberg,Stuttgart,70173,9.183172973,48.78473069,1,2609100721.0,,,,h,2.0,Information,,,,,,,10.0,0.0
4178793572863103484-2609100526-5,991,2609100710.0,2609100716.0,15.0,,ICE,,Wiesbaden Hbf|Mainz Hbf|Worms Hbf|Mannheim Hbf,8000096,Stuttgart Hbf,Baden-Württemberg,Stuttgart,70173,9.183172973,48.78473069,1,2609100710.0,,2609100717.0,,,,,,,,,,,0.0,1.0
-1423004611531480380-2609100611-17,17622,2609100741.0,,5.0,,RE,,Freudenstadt Hbf|Grüntal-Wittlensweiler|Dornstetten-Aach|Dornstetten|Schopfloch(b Freudenstadt)|Bittelbronn|Horb-Heiligenfeld|Hochdorf(b Horb)|Eutingen Nord|Eutingen im Gäu|Ergenzingen|Bondorf(b Herrenberg)|Gäufelden|Herrenberg|Böblingen|Stuttgart-Vaihingen,8000096,Stuttgart Hbf,Baden-Württemberg,Stuttgart,70173,9.183172973,48.78473069,1,2609100747.0,,,,,,,,,,,,,6.0,0.0
-6655970972115007016-2609100650-15,7111,2609100735.0,,4.0,,S,,Kirchheim(Teck)|Kirchheim(Teck)-Ötlingen|Wendlingen(Neckar)|Wernau(Neckar)|Plochingen|Altbach|Esslingen-Zell|Oberesslingen|Esslingen(Neckar)|Esslingen-Mettingen|Stuttgart-Obertürkheim|Stuttgart-Untertürkheim|Stuttgart Neckarpark|Stuttgart-Bad Cannstatt,8000096,Stuttgart Hbf,Baden-Württemberg,Stuttgart,70173,9.183172973,48.78473069,1,2609100736.0,,,,,,,,,,,,,1.0,0.0
1080395120727352298-2609100754-1,17511,,2609100754.0,,,RB,MEX90,,8000096,Stuttgart Hbf,Baden-Württemberg,Stuttgart,70173,9.183172973,48.78473069,1,,,2609100755.0,12 A-C,h,2.0,Störung,,,,,,,0.0,1.0
-2357478064466570443-2609100730-1,19004,,2609100730.0,,,ARV,RE1,,8000096,Stuttgart Hbf,Baden-Württemberg,Stuttgart,70173,9.183172973,48.78473069,1,,,2609100731.0,,,,,,,,,,,0.0,1.0
-6446425852935701575-2609100706-1,19379,,2609100706.0,,,RE,RE6,,8000096,Stuttgart Hbf,Baden-Württemberg,Stuttgart,70173,9.183172973,48.78473069,1,,,2609100709.0,,h,2.0,Störung,,,,,,,0.0,3.0
7951042695241635765-2609100712-1,963,,2609100712.0,,,WB,,,8000096,Stuttgart Hbf,Baden-Württemberg,Stuttgart,70173,9.183172973,48.78473069,1,,,2609100714.0,,,,,,,,,,,0.0,2.0
-7470739865433470471-2609100733-3,28470,2609100755.0,,7.0,,RE,,Böblingen|Stuttgart-Vaihingen,8000096,Stuttgart Hbf,Baden-Württemberg,Stuttgart,70173,9.183172973,48.78473069,1,2609100809.0,,,,,,,,,,,,,14.0,0.0
4871684490979924868-2609100717-1,7608,,2609100717.0,,,S,S6,,8000096,Stuttgart Hbf,Baden-Württemberg,Stuttgart,70173,9.183172973,48.78473069,1,,,2609100717.0,,h,1.0,Bauarbeiten,,,,,,,0.0,0.0
-2915141727268180381-2609100711-12,7311,2609100747.0,,4.0,,S,,Backnang|Maubach|Nellmersbach|Winnenden|Schwaikheim|Neustadt-Hohenacker|Waiblingen|Fellbach|Stuttgart-Sommerrain|Stuttgart Nürnberger Str.|Stuttgart-Bad Cannstatt,8000096,Stuttgart Hbf,Baden-Württemberg,Stuttgart,70173,9.183172973,48.78473069,1,2609100748.0,,,,,,,,,,,,,1.0,0.0
6821056948732772113-2609100536-10,2388,2609100711.0,,6.0,,IC,,Rottweil|Oberndorf(Neckar)|Sulz(Neckar)|Horb|Eutingen im Gäu|Ergenzingen|Bondorf(b Herrenberg)|Gäufelden|Herrenberg,8000096,Stuttgart Hbf,Baden-Württemberg,Stuttgart,70173,9.183172973,48.78473069,1,2609100721.0,,,,h,2.0,Information,,,,,,,10.0,0.0
5907647912001809871-2609100604-12,17618,2609100741.0,,5.0,,RE,,Rottweil|Oberndorf(Neckar)|Sulz(Neckar)|Horb|Eutingen im Gäu|Ergenzingen|Bondorf(b Herrenberg)|Gäufelden|Herrenberg|Böblingen|Stuttgart-Vaihingen,8000096,Stuttgart Hbf,Baden-Württemberg,Stuttgart,70173,9.183172973,48.78473069,1,2609100747.0,,,,,,,,,,,,,6.0,0.0
-5260417069663625653-2609100720-1,7208,,2609100720.0,,,S,S2,,8000096,Stuttgart Hbf,Baden-Württemberg,Stuttgart,70173,9.183172973,48.78473069,1,,,2609100720.0,,h,2.0,Bauarbeiten,,,,,,,0.0,0.0
5468407054639694482-2609100653-9,19351,2609100739.0,2609100752.0,15.0,,RE,MEX12,Heilbronn Hbf|Nordheim(Württ)|Lauffen(Neckar)|Kirchheim(Neckar)|Walheim(Württ)|Besigheim|Bietigheim-Bissingen|Ludwigsburg,8000096,Stuttgart Hbf,Baden-Württemberg,Stuttgart,70173,9.183172973,48.78473069,1,2609100747.0,,2609100752.0,,h,2.0,Störung,,,,,,,8.0,0.0
6922079602389085921-2609100747-1,7610,,2609100747.0,,,S,S6,,8000096,Stuttgart Hbf,Baden-Württemberg,Stuttgart,70173,9.183172973,48.78473069,1,,,2609100747.0,,h,1.0,Bauarbeiten,,,,,,,0.0,0.0
-6595517868678510983-2609100703-15,7211,2609100740.0,,3.0,,S,,Schorndorf|Weiler(Rems)|Winterbach(b Schorndorf)|Geradstetten|Grunbach|Beutelsbach|Endersbach|Stetten-Beinstein|Rommelshausen|Waiblingen|Fellbach|Stuttgart-Sommerrain|Stuttgart Nürnberger Str.|Stuttgart-Bad Cannstatt,8000096,Stuttgart Hbf,Baden-Württemberg,Stuttgart,70173,9.183172973,48.78473069,1,2609100740.0,,,,h,2.0,Bauarbeiten,,,,,,,0.0,0.0
428699380039786739-2609100722-1,774,,2609100722.0,,,ICE,,,8000096,Stuttgart Hbf,Baden-Württemberg,Stuttgart,70173,9.183172973,48.78473069,1,,,2609100725.0,,h,3.0,Information,,,,,,,0.0,3.0
-5962810489381537859-2609100739-1,19121,,2609100739.0,,,ARV,MEX16,,8000096,Stuttgart Hbf,Baden-Württemberg,Stuttgart,70173,9.183172973,48.78473069,1,,,2609100740.0,,,,,,,,,,,0.0,1.0
7977434207262340946-2609100707-1,7406,,2609100707.0,,,S,S4,,8000096,Stuttgart Hbf,Baden-Württemberg,Stuttgart,70173,9.183172973,48.78473069,1,,,2609100707.0,,,,,,,,,,,0.0,0.0
-4136739553637756736-2609100720-1,19457,,2609100720.0,,,ARV,MEX13,,8000096,Stuttgart Hbf,Baden-Württemberg,Stuttgart,70173,9.183172973,48.78473069,1,,,2609100721.0,,h,2.0,Information,,,,,,,0.0,1.0
2579008039338121777-2609100637-9,19093,2609100720.0,,5.0,,ARV,,Heilbronn Hbf|Nordheim(Württ)|Lauffen(Neckar)|Kirchheim(Neckar)|Walheim(Württ)|Besigheim|Bietigheim-Bissingen|Ludwigsburg,8000096,Stuttgart Hbf,Baden-Württemberg,Stuttgart,70173,9.183172973,48.78473069,1,2609100726.0,,,,,,,,,,,,,6.0,0.0
-6563980521276274745-2609100747-1,19407,,2609100747.0,,,ARV,MEX13,,8000096,Stuttgart Hbf,Baden-Württemberg,Stuttgart,70173,9.183172973,48.78473069,1,,,2609100747.0,,h,2.0,Information,,,,,,,0.0,0.0
3914164515653575626-2609100700-1,19119,,2609100700.0,,,ARV,MEX16,,8000096,Stuttgart Hbf,Baden-Württemberg,Stuttgart,70173,9.183172973,48.78473069,1,,,2609100706.0,,,,,,,,,,,0.0,6.0
-4846270582383547234-2609100703-1,28471,,2609100703.0,,,RE,RESB,,8000096,Stuttgart Hbf,Baden-Württemberg,Stuttgart,70173,9.183172973,48.78473069,1,,,2609100706.0,,,,,,,,,,,0.0,3.0
4239966119888045037-2609100737-1,7408,,2609100737.0,,,S,S4,,8000096,Stuttgart Hbf,Baden-Württemberg,Stuttgart,70173,9.183172973,48.78473069,1,,,2609100738.0,,,,,,,,,,,0.0,1.0
4690487155138622402-2609100654-8,7609,2609100715.0,,2.0,,S,,Ditzingen|Weilimdorf|Korntal|Neuwirtshaus(Porscheplatz)|Stuttgart-Zuffenhausen|Stuttgart-Feuerbach|Stuttgart Nordbahnhof,8000096,Stuttgart Hbf,Baden-Württemberg,Stuttgart,70173,9.183172973,48.78473069,1,2609100715.0,,,,h,1.0,Bauarbeiten,,,,,,,0.0,0.0
5003697836752021651-2609100756-1,63548,,2609100756.0,,,ARV,RE8,,8000096,Stuttgart Hbf,Baden-Württemberg,Stuttgart,70173,9.183172973,48.78473069,1,,,2609100809.0,9,,,,,,,,,,0.0,13.0
-6187813548789768480-2609100750-1,7210,,2609100750.0,,,S,S2,,8000096,Stuttgart Hbf,Baden-Württemberg,Stuttgart,70173,9.183172973,48.78473069,1,,,2609100750.0,,h,2.0,Bauarbeiten,,,,,,,0.0,0.0
7155033421118958991-2609100707-9,7511,2609100735.0,,2.0,,S,,Bietigheim-Bissingen|Tamm(Württ)|Asperg|Ludwigsburg|Kornwestheim Pbf|Stuttgart-Zuffenhausen|Stuttgart-Feuerbach|Stuttgart Nordbahnhof,8000096,Stuttgart Hbf,Baden-Württemberg,Stuttgart,70173,9.183172973,48.78473069,1,2609100735.0,,,,,,,,,,,,,0.0,0.0
6257296882249692478-2609100708-5,19055,2609100758.0,,8.0,,ARV,,Neckarsulm|Heilbronn Hbf|Bietigheim-Bissingen|Ludwigsburg,8000096,Stuttgart Hbf,Baden-Württemberg,Stuttgart,70173,9.183172973,48.78473069,1,2609100800.0,6.0,,,,,,,,,,,,2.0,0.0
-3891350474479919933-2609100519-7,1699,2609100702.0,,7.0,,ICE,,Frankfurt(Main)Hbf|Darmstadt Hbf|Bensheim|Weinheim(Bergstr)Hbf|Heidelberg Hbf|Wiesloch-Walldorf,8000096,Stuttgart Hbf,Baden-Württemberg,Stuttgart,70173,9.183172973,48.78473069,1,2609100701.0,,,,,,,,,,,,,-1.0,0.0
-4492985109316444691-2609100724-8,7611,2609100745.0,,1.0,,S,,Ditzingen|Weilimdorf|Korntal|Neuwirtshaus(Porscheplatz)|Stuttgart-Zuffenhausen|Stuttgart-Feuerbach|Stuttgart Nordbahnhof,8000096,Stuttgart Hbf,Baden-Württemberg,Stuttgart,70173,9.183172973,48.78473069,1,2609100746.0,,,,h,1.0,Bauarbeiten,,,,,,,1.0,0.0
-4004163488000567729-2609100605-14,17510,2609100732.0,,12.0,,RB,,Crailsheim|Eckartshausen-Ilshofen|Schwäbisch Hall-Hessental|Gaildorf West|Fichtenberg|Fornsbach|Murrhardt|Sulzbach(Murr)|Oppenweiler(Württ)|Backnang|Winnenden|Waiblingen|Stuttgart-Bad Cannstatt,8000096,Stuttgart Hbf,Baden-Württemberg,Stuttgart,70173,9.183172973,48.78473069,1,2609100732.0,,,,h,2.0,Störung,,,,,,,0.0,0.0
-4928326504801899421-2609100757-1,7512,,2609100757.0,,,S,S5,,8000096,Stuttgart Hbf,Baden-Württemberg,Stuttgart,70173,9.183172973,48.78473069,1,,,2609100759.0,,,,,,,,,,,0.0,2.0
3577709664347333137-2609100712-1,7308,,2609100712.0,,,S,S3,,8000096,Stuttgart Hbf,Baden-Württemberg,Stuttgart,70173,9.183172973,48.78473069,1,,,2609100712.0,,,,,,,,,,,0.0,0.0
-7333231527529019300-2609100509-20,19450,2609100712.0,,13.0,,ARV,,Crailsheim|Jagstzell|Ellwangen|Schrezheim|Schwabsberg|Goldshöfe|Hofen(b Aalen)|Wasseralfingen|Aalen Hbf|Mögglingen(Gmünd)|Böbingen(Rems)|Schwäbisch Gmünd|Lorch(Württ)|Waldhausen(b Schorndorf)|Plüderhausen|Urbach(b Schorndorf)|Schorndorf|Waiblingen|Stuttgart-Bad Cannstatt,8000096,Stuttgart Hbf,Baden-Württemberg,Stuttgart,70173,9.183172973,48.78473069,1,2609100715.0,,,,h,2.0,Störung,,,,,,,3.0,0.0
-2162180464561351551-2609100624-4,19671,2609100655.0,2609100709.0,16.0,,ARV,RE1,Pforzheim Hbf|Mühlacker|Vaihingen(Enz),8000096,Stuttgart Hbf,Baden-Württemberg,Stuttgart,70173,9.183172973,48.78473069,1,2609100657.0,,2609100709.0,,h,2.0,Information,,,,,,,2.0,0.0
-7991620981716441940-2609100637-9,7509,2609100705.0,,1.0,,S,,Bietigheim-Bissingen|Tamm(Württ)|Asperg|Ludwigsburg|Kornwestheim Pbf|Stuttgart-Zuffenhausen|Stuttgart-Feuerbach|Stuttgart Nordbahnhof,8000096,Stuttgart Hbf,Baden-Württemberg,Stuttgart,70173,9.183172973,48.78473069,1,2609100706.0,,,,,,,,,,,,,1.0,0.0
-4503411906264484817-2609100449-23,4202,2609100719.0,,11.0,,RE,,Friedrichshafen Stadt|Meckenbeuren|Ravensburg|Aulendorf|Bad Schussenried|Biberach(Riß) Süd|Biberach(Riß)|Laupheim West|Ulm Hbf|Beimerstetten|Westerstetten|Amstetten(Württ)|Geislingen(Steige)|Kuchen|Gingen(Fils)|Süßen|Göppingen|Uhingen|Ebersbach(Fils)|Reichenbach(Fils)|Plochingen|Esslingen(Neckar),8000096,Stuttgart Hbf,Baden-Württemberg,Stuttgart,70173,9.183172973,48.78473069,1,2609100727.0,,,,h,2.0,Störung,,,,,,,8.0,0.0
9133098357832980471-2609100620-15,7109,2609100705.0,,4.0,,S,,Kirchheim(Teck)|Kirchheim(Teck)-Ötlingen|Wendlingen(Neckar)|Wernau(Neckar)|Plochingen|Altbach|Esslingen-Zell|Oberesslingen|Esslingen(Neckar)|Esslingen-Mettingen|Stuttgart-Obertürkheim|Stuttgart-Untertürkheim|Stuttgart Neckarpark|Stuttgart-Bad Cannstatt,8000096,Stuttgart Hbf,Baden-Württemberg,Stuttgart,70173,9.183172973,48.78473069,1,2609100706.0,,,,,,,,,,,,,1.0,0.0
8151800894683998336-2609100726-1,17509,,2609100726.0,,,RB,MEX19,,8000096,Stuttgart Hbf,Baden-Württemberg,Stuttgart,70173,9.183172973,48.78473069,1,,,2609100727.0,,,,,,,,,,,0.0,1.0
5369190051876993421-2609100712-1,51981,,2609100712.0,,,RE,IC87,,8000096,Stuttgart Hbf,Baden-Württemberg,Stuttgart,70173,9.183172973,48.78473069,1,,,2609100722.0,,h,2.0,Information,,,,,,,0.0,10.0
8353338401030915198-2609100727-1,7510,,2609100727.0,,,S,S5,,8000096,Stuttgart Hbf,Baden-Württemberg,Stuttgart,70173,9.183172973,48.78473069,1,,,2609100728.0,,,,,,,,,,,0.0,1.0
-8714228285082007604-2609100742-1,7310,,2609100742.0,,,S,S3,,8000096,Stuttgart Hbf,Baden-Württemberg,Stuttgart,70173,9.183172973,48.78473069,1,,,2609100742.0,,,,,,,,,,,0.0,0.0
1174251127419777403-2609100703-14,7411,2609100755.0,,2.0,,S,,Backnang|Burgstall(Murr)|Kirchberg(Murr)|Erdmannhausen|Marbach(Neckar)|Benningen(Neckar)|Freiberg(Neckar)|Favoritepark|Ludwigsburg|Kornwestheim Pbf|Stuttgart-Zuffenhausen|Stuttgart-Feuerbach|Stuttgart Nordbahnhof,8000096,Stuttgart Hbf,Baden-Württemberg,Stuttgart,70173,9.183172973,48.78473069,1,2609100756.0,,,,,,,,,,,,,1.0,0.0
-2805970497593705485-2609100703-1,1162,,2609100703.0,,,ICE,,,8000096,Stuttgart Hbf,Baden-Württemberg,Stuttgart,70173,9.183172973,48.78473069,1,,,2609100703.0,,,,,,,,,,,0.0,0.0
5784758985011942046-2609100641-12,7309,2609100717.0,,4.0,,S,,Backnang|Maubach|Nellmersbach|Winnenden|Schwaikheim|Neustadt-Hohenacker|Waiblingen|Fellbach|Stuttgart-Sommerrain|Stuttgart Nürnberger Str.|Stuttgart-Bad Cannstatt,8000096,Stuttgart Hbf,Baden-Württemberg,Stuttgart,70173,9.183172973,48.78473069,1,2609100717.0,,,,,,,,,,,,,0.0,0.0
-4918736573732270498-2609100635-12,19410,2609100739.0,,13.0,,ARV,,Aalen Hbf|Mögglingen(Gmünd)|Böbingen(Rems)|Schwäbisch Gmünd|Lorch(Württ)|Waldhausen(b Schorndorf)|Plüderhausen|Urbach(b Schorndorf)|Schorndorf|Waiblingen|Stuttgart-Bad Cannstatt,8000096,Stuttgart Hbf,Baden-Württemberg,Stuttgart,70173,9.183172973,48.78473069,1,2609100740.0,,,,h,2.0,Information,,,,,,,1.0,0.0
7541002194531759853-2609100546-22,19116,2609100716.0,,14.0,,ARV,,Ulm Hbf|Beimerstetten|Westerstetten|Lonsee|Urspring|Amstetten(Württ)|Geislingen(Steige)|Geislingen(Steige)West|Kuchen|Gingen(Fils)|Süßen|Salach|Eislingen(Fils)|Göppingen|Faurndau|Uhingen|Ebersbach(Fils)|Reichenbach(Fils)|Plochingen|Esslingen(Neckar)|Stuttgart-Bad Cannstatt,8000096,Stuttgart Hbf,Baden-Württemberg,Stuttgart,70173,9.183172973,48.78473069,1,2609100724.0,,,,,,,,,,,,,8.0,0.0
2394736871359748075-2609100725-1,7110,,2609100725.0,,,S,S1,,8000096,Stuttgart Hbf,Baden-Württemberg,Stuttgart,70173,9.183172973,48.78473069,1,,,2609100725.0,,,,,,,,,,,0.0,0.0
-680601506952995478-2609100630-6,19218,2609100727.0,,10.0,,RE,,Reutlingen Hbf|Metzingen(Württ)|Nürtingen|Plochingen|Stuttgart-Bad Cannstatt,8000096,Stuttgart Hbf,Baden-Württemberg,Stuttgart,70173,9.183172973,48.78473069,1,2609100747.0,8.0,,,h,2.0,Störung,,,,,,,20.0,0.0
8492507658743584029-2609100540-14,17508,2609100700.0,,12.0,,RB,,Crailsheim|Eckartshausen-Ilshofen|Schwäbisch Hall-Hessental|Gaildorf West|Fichtenberg|Fornsbach|Murrhardt|Sulzbach(Murr)|Oppenweiler(Württ)|Backnang|Winnenden|Waiblingen|Stuttgart-Bad Cannstatt,8000096,Stuttgart Hbf,Baden-Württemberg,Stuttgart,70173,9.183172973,48.78473069,1,2609100719.0,,,,h,2.0,Störung,,,,,,,19.0,0.0
8759418788528928451-2609100655-3,7108,2609100702.0,2609100702.0,2.0,,S,S1,Stuttgart Hbf|Stuttgart-Bad Cannstatt,8006743,Stuttgart Neckarpark,Baden-Württemberg,Stuttgart,70372,9.24106855,48.79194362,4,2609100702.0,,2609100702.0,,,,,,,,,,,0.0,0.0
-6655970972115007016-2609100650-13,7111,2609100727.0,2609100727.0,1.0,,S,S1,Kirchheim(Teck)|Kirchheim(Teck)-Ötlingen|Wendlingen(Neckar)|Wernau(Neckar)|Plochingen|Altbach|Esslingen-Zell|Oberesslingen|Esslingen(Neckar)|Esslingen-Mettingen|Stuttgart-Obertürkheim|Stuttgart-Untertürkheim,8006743,Stuttgart Neckarpark,Baden-Württemberg,Stuttgart,70372,9.24106855,48.79194362,4,2609100729.0,,2609100729.0,,,,,,,,,,,2.0,2.0
-7709757529463307534-2609100720-13,7113,2609100757.0,2609100757.0,1.0,,S,S1,Kirchheim(Teck)|Kirchheim(Teck)-Ötlingen|Wendlingen(Neckar)|Wernau(Neckar)|Plochingen|Altbach|Esslingen-Zell|Oberesslingen|Esslingen(Neckar)|Esslingen-Mettingen|Stuttgart-Obertürkheim|Stuttgart-Untertürkheim,8006743,Stuttgart Neckarpark,Baden-Württemberg,Stuttgart,70372,9.24106855,48.79194362,4,2609100759.0,,2609100800.0,,,,,,,,,,,2.0,3.0
2394736871359748075-2609100725-3,7110,2609100732.0,2609100732.0,2.0,,S,S1,Stuttgart Hbf|Stuttgart-Bad Cannstatt,8006743,Stuttgart Neckarpark,Baden-Württemberg,Stuttgart,70372,9.24106855,48.79194362,4,2609100732.0,,2609100732.0,,,,,,,,,,,0.0,0.0
-7338711269232336111-2609100633-13,7409,2609100719.0,2609100721.0,4.0,,S,S4,Backnang|Burgstall(Murr)|Kirchberg(Murr)|Erdmannhausen|Marbach(Neckar)|Benningen(Neckar)|Freiberg(Neckar)|Favoritepark|Ludwigsburg|Kornwestheim Pbf|Stuttgart-Zuffenhausen|Stuttgart-Feuerbach,8005767,Stuttgart Nord,Baden-Württemberg,Stuttgard-Nord,70174,9.188061449,48.80374161,5,2609100724.0,,2609100725.0,,,,,,,,,,,5.0,4.0
4871684490979924868-2609100717-2,7608,2609100720.0,2609100722.0,3.0,,S,S6,Stuttgart Hbf,8005767,Stuttgart Nord,Baden-Württemberg,Stuttgard-Nord,70174,9.188061449,48.80374161,5,2609100720.0,,2609100722.0,,h,1.0,Bauarbeiten,,,,,,,0.0,0.0
6922079602389085921-2609100747-2,7610,2609100750.0,2609100752.0,3.0,,S,S6,Stuttgart Hbf,8005767,Stuttgart Nord,Baden-Württemberg,Stuttgard-Nord,70174,9.188061449,48.80374161,5,2609100751.0,,2609100752.0,,h,1.0,Bauarbeiten,,,,,,,1.0,0.0
7977434207262340946-2609100707-2,7406,2609100710.0,2609100711.0,3.0,,S,S4,Stuttgart Hbf,8005767,Stuttgart Nord,Baden-Württemberg,Stuttgard-Nord,70174,9.188061449,48.80374161,5,2609100711.0,,2609100712.0,,,,,,,,,,,1.0,1.0
5109580939104143056-2609100657-2,7508,2609100700.0,2609100701.0,3.0,,S,S5,Stuttgart Hbf,8005767,Stuttgart Nord,Baden-Württemberg,Stuttgard-Nord,70174,9.188061449,48.80374161,5,2609100703.0,,2609100704.0,,,,,,,,,,,3.0,3.0
4239966119888045037-2609100737-2,7408,2609100740.0,2609100741.0,3.0,,S,S4,Stuttgart Hbf,8005767,Stuttgart Nord,Baden-Württemberg,Stuttgard-Nord,70174,9.188061449,48.80374161,5,2609100740.0,,2609100741.0,,,,,,,,,,,0.0,0.0
4690487155138622402-2609100654-7,7609,2609100709.0,2609100711.0,4.0,,S,S6,Ditzingen|Weilimdorf|Korntal|Neuwirtshaus(Porscheplatz)|Stuttgart-Zuffenhausen|Stuttgart-Feuerbach,8005767,Stuttgart Nord,Baden-Württemberg,Stuttgard-Nord,70174,9.188061449,48.80374161,5,2609100709.0,,2609100711.0,,h,1.0,Bauarbeiten,,,,,,,0.0,0.0
7155033421118958991-2609100707-8,7511,2609100729.0,2609100731.0,4.0,,S,S5,Bietigheim-Bissingen|Tamm(Württ)|Asperg|Ludwigsburg|Kornwestheim Pbf|Stuttgart-Zuffenhausen|Stuttgart-Feuerbach,8005767,Stuttgart Nord,Baden-Württemberg,Stuttgard-Nord,70174,9.188061449,48.80374161,5,2609100731.0,,2609100732.0,,,,,,,,,,,2.0,1.0
-4492985109316444691-2609100724-7,7611,2609100739.0,2609100741.0,4.0,,S,S6,Ditzingen|Weilimdorf|Korntal|Neuwirtshaus(Porscheplatz)|Stuttgart-Zuffenhausen|Stuttgart-Feuerbach,8005767,Stuttgart Nord,Baden-Württemberg,Stuttgard-Nord,70174,9.188061449,48.80374161,5,2609100739.0,,2609100741.0,,h,1.0,Bauarbeiten,,,,,,,0.0,0.0
-7991620981716441940-2609100637-8,7509,2609100659.0,2609100701.0,4.0,,S,S5,Bietigheim-Bissingen|Tamm(Württ)|Asperg|Ludwigsburg|Kornwestheim Pbf|Stuttgart-Zuffenhausen|Stuttgart-Feuerbach,8005767,Stuttgart Nord,Baden-Württemberg,Stuttgard-Nord,70174,9.188061449,48.80374161,5,2609100700.0,,2609100702.0,,,,,,,,,,,1.0,1.0
8353338401030915198-2609100727-2,7510,2609100730.0,2609100731.0,3.0,,S,S5,Stuttgart Hbf,8005767,Stuttgart Nord,Baden-Württemberg,Stuttgard-Nord,70174,9.188061449,48.80374161,5,2609100732.0,,2609100733.0,,,,,,,,,,,2.0,2.0
-5856161558368495320-2609100737-8,7513,2609100759.0,2609100801.0,4.0,,S,S5,Bietigheim-Bissingen|Tamm(Württ)|Asperg|Ludwigsburg|Kornwestheim Pbf|Stuttgart-Zuffenhausen|Stuttgart-Feuerbach,8005767,Stuttgart Nord,Baden-Württemberg,Stuttgard-Nord,70174,9.188061449,48.80374161,5,2609100815.0,,2609100817.0,,,,,,,,,,,16.0,16.0
1174251127419777403-2609100703-13,7411,2609100749.0,2609100751.0,4.0,,S,S4,Backnang|Burgstall(Murr)|Kirchberg(Murr)|Erdmannhausen|Marbach(Neckar)|Benningen(Neckar)|Freiberg(Neckar)|Favoritepark|Ludwigsburg|Kornwestheim Pbf|Stuttgart-Zuffenhausen|Stuttgart-Feuerbach,8005767,Stuttgart Nord,Baden-Württemberg,Stuttgard-Nord,70174,9.188061449,48.80374161,5,2609100751.0,,2609100753.0,,,,,,,,,,,2.0,2.0
-7676551856859768075-2609100633-13,7209,2609100702.0,2609100703.0,1.0,,S,S2,Schorndorf|Weiler(Rems)|Winterbach(b Schorndorf)|Geradstetten|Grunbach|Beutelsbach|Endersbach|Stetten-Beinstein|Rommelshausen|Waiblingen|Fellbach|Stuttgart-Sommerrain,8004357,Stuttgart Nürnberger Straße,Baden-Württemberg,Stuttgart,70374,9.234576905,48.80656062,5,2609100702.0,,2609100703.0,,h,2.0,Bauarbeiten,,,,,,,0.0,0.0
-2915141727268180381-2609100711-10,7311,2609100737.0,2609100738.0,1.0,,S,S3,Backnang|Maubach|Nellmersbach|Winnenden|Schwaikheim|Neustadt-Hohenacker|Waiblingen|Fellbach|Stuttgart-Sommerrain,8004357,Stuttgart Nürnberger Straße,Baden-Württemberg,Stuttgart,70374,9.234576905,48.80656062,5,2609100739.0,,2609100740.0,,,,,,,,,,,2.0,2.0
-5260417069663625653-2609100720-3,7208,2609100727.0,2609100727.0,4.0,,S,S2,Stuttgart Hbf|Stuttgart-Bad Cannstatt,8004357,Stuttgart Nürnberger Straße,Baden-Württemberg,Stuttgart,70374,9.234576905,48.80656062,5,2609100728.0,,2609100728.0,,h,2.0,Bauarbeiten,,,,,,,1.0,1.0
-6595517868678510983-2609100703-13,7211,2609100732.0,2609100733.0,1.0,,S,S2,Schorndorf|Weiler(Rems)|Winterbach(b Schorndorf)|Geradstetten|Grunbach|Beutelsbach|Endersbach|Stetten-Beinstein|Rommelshausen|Waiblingen|Fellbach|Stuttgart-Sommerrain,8004357,Stuttgart Nürnberger Straße,Baden-Württemberg,Stuttgart,70374,9.234576905,48.80656062,5,2609100732.0,,2609100733.0,,h,2.0,Bauarbeiten,,,,,,,0.0,0.0
-6187813548789768480-2609100750-3,7210,2609100757.0,2609100757.0,4.0,,S,S2,Stuttgart Hbf|Stuttgart-Bad Cannstatt,8004357,Stuttgart Nürnberger Straße,Baden-Württemberg,Stuttgart,70374,9.234576905,48.80656062,5,2609100757.0,,2609100758.0,,h,2.0,Bauarbeiten,,,,,,,0.0,1.0
3577709664347333137-2609100712-3,7308,2609100722.0,2609100722.0,4.0,,S,S3,Stuttgart Hbf|Stuttgart-Bad Cannstatt,8004357,Stuttgart Nürnberger Straße,Baden-Württemberg,Stuttgart,70374,9.234576905,48.80656062,5,2609100722.0,,2609100723.0,,,,,,,,,,,0.0,1.0
-8714228285082007604-2609100742-3,7310,2609100752.0,2609100752.0,4.0,,S,S3,Stuttgart Hbf|Stuttgart-Bad Cannstatt,8004357,Stuttgart Nürnberger Straße,Baden-Württemberg,Stuttgart,70374,9.234576905,48.80656062,5,2609100752.0,,2609100754.0,,,,,,,,,,,0.0,2.0
5784758985011942046-2609100641-10,7309,2609100707.0,2609100708.0,1.0,,S,S3,Backnang|Maubach|Nellmersbach|Winnenden|Schwaikheim|Neustadt-Hohenacker|Waiblingen|Fellbach|Stuttgart-Sommerrain,8004357,Stuttgart Nürnberger Straße,Baden-Württemberg,Stuttgart,70374,9.234576905,48.80656062,5,2609100707.0,,2609100708.0,,,,,,,,,,,0.0,0.0
-6750459440429737938-2609100755-2,7112,2609100758.0,2609100759.0,3.0,,S,S1,Stuttgart Hbf,8005769,Stuttgart-Bad Cannstatt,Baden-Württemberg,Stuttgart,70372,9.217468636,48.80127978,3,2609100758.0,,2609100800.0,,,,,,,,,,,0.0,1.0
7502879632717750314-2609100614-9,19216,2609100701.0,2609100702.0,5.0,,RE,MEX12,Reutlingen Hbf|Metzingen(Württ)|Bempflingen|Nürtingen|Oberboihingen|Wendlingen(Neckar)|Plochingen|Esslingen(Neckar),8005769,Stuttgart-Bad Cannstatt,Baden-Württemberg,Stuttgart,70372,9.217468636,48.80127978,3,2609100704.0,1.0,2609100705.0,1,h,2.0,Störung,,,,,,,3.0,3.0
4974521703574606086-2609100648-15,19118,2609100746.0,2609100747.0,5.0,,ARV,MEX16,Geislingen(Steige)|Geislingen(Steige)West|Kuchen|Gingen(Fils)|Süßen|Salach|Eislingen(Fils)|Göppingen|Faurndau|Uhingen|Ebersbach(Fils)|Reichenbach(Fils)|Plochingen|Esslingen(Neckar),8005769,Stuttgart-Bad Cannstatt,Baden-Württemberg,Stuttgart,70372,9.217468636,48.80127978,3,2609100759.0,5.0,2609100800.0,5,,,,,,,,,,13.0,13.0
-7676551856859768075-2609100633-14,7209,2609100705.0,2609100706.0,2.0,,S,S2,Schorndorf|Weiler(Rems)|Winterbach(b Schorndorf)|Geradstetten|Grunbach|Beutelsbach|Endersbach|Stetten-Beinstein|Rommelshausen|Waiblingen|Fellbach|Stuttgart-Sommerrain|Stuttgart Nürnberger Str.,8005769,Stuttgart-Bad Cannstatt,Baden-Württemberg,Stuttgart,70372,9.217468636,48.80127978,3,2609100706.0,,2609100707.0,,h,2.0,Bauarbeiten,,,,,,,1.0,1.0
-6655970972115007016-2609100650-14,7111,2609100730.0,2609100731.0,2.0,,S,S1,Kirchheim(Teck)|Kirchheim(Teck)-Ötlingen|Wendlingen(Neckar)|Wernau(Neckar)|Plochingen|Altbach|Esslingen-Zell|Oberesslingen|Esslingen(Neckar)|Esslingen-Mettingen|Stuttgart-Obertürkheim|Stuttgart-Untertürkheim|Stuttgart Neckarpark,8005769,Stuttgart-Bad Cannstatt,Baden-Württemberg,Stuttgart,70372,9.217468636,48.80127978,3,2609100732.0,,2609100733.0,,,,,,,,,,,2.0,2.0
1080395120727352298-2609100754-2,17511,2609100757.0,2609100758.0,7.0,,RB,MEX90,Stuttgart Hbf,8005769,Stuttgart-Bad Cannstatt,Baden-Württemberg,Stuttgart,70372,9.217468636,48.80127978,3,2609100759.0,,2609100800.0,,h,2.0,Störung,,,,,,,2.0,2.0
-2915141727268180381-2609100711-11,7311,2609100741.0,2609100743.0,2.0,,S,S3,Backnang|Maubach|Nellmersbach|Winnenden|Schwaikheim|Neustadt-Hohenacker|Waiblingen|Fellbach|Stuttgart-Sommerrain|Stuttgart Nürnberger Str.,8005769,Stuttgart-Bad Cannstatt,Baden-Württemberg,Stuttgart,70372,9.217468636,48.80127978,3,2609100743.0,,2609100744.0,,,,,,,,,,,2.0,1.0
-5260417069663625653-2609100720-2,7208,2609100724.0,2609100724.0,3.0,,S,S2,Stuttgart Hbf,8005769,Stuttgart-Bad Cannstatt,Baden-Württemberg,Stuttgart,70372,9.217468636,48.80127978,3,2609100724.0,,2609100725.0,,h,2.0,Bauarbeiten,,,,,,,0.0,1.0
-7300822635158528158-2609100635-13,89684,2609100759.0,2609100800.0,6.0,,ARV,RE90,Crailsheim|Eckartshausen-Ilshofen|Schwäbisch Hall-Hessental|Gaildorf West|Fichtenberg|Fornsbach|Murrhardt|Sulzbach(Murr)|Oppenweiler(Württ)|Backnang|Winnenden|Waiblingen,8005769,Stuttgart-Bad Cannstatt,Baden-Württemberg,Stuttgart,70372,9.217468636,48.80127978,3,2609100810.0,,2609100811.0,,h,2.0,Information,,,,,,,11.0,11.0
5468407054639694482-2609100653-10,19351,2609100755.0,2609100755.0,8.0,,RE,MEX12,Heilbronn Hbf|Nordheim(Württ)|Lauffen(Neckar)|Kirchheim(Neckar)|Walheim(Württ)|Besigheim|Bietigheim-Bissingen|Ludwigsburg|Stuttgart Hbf,8005769,Stuttgart-Bad Cannstatt,Baden-Württemberg,Stuttgart,70372,9.217468636,48.80127978,3,2609100756.0,4.0,2609100757.0,4,h,2.0,Störung,,,,,,,1.0,2.0
-6595517868678510983-2609100703-14,7211,2609100735.0,2609100736.0,2.0,,S,S2,Schorndorf|Weiler(Rems)|Winterbach(b Schorndorf)|Geradstetten|Grunbach|Beutelsbach|Endersbach|Stetten-Beinstein|Rommelshausen|Waiblingen|Fellbach|Stuttgart-Sommerrain|Stuttgart Nürnberger Str.,8005769,Stuttgart-Bad Cannstatt,Baden-Württemberg,Stuttgart,70372,9.217468636,48.80127978,3,2609100736.0,,2609100736.0,,h,2.0,Bauarbeiten,,,,,,,1.0,0.0
-5962810489381537859-2609100739-2,19121,2609100742.0,2609100743.0,8.0,,ARV,MEX16,Stuttgart Hbf,8005769,Stuttgart-Bad Cannstatt,Baden-Württemberg,Stuttgart,70372,9.217468636,48.80127978,3,2609100746.0,4.0,2609100747.0,4,,,,,,,,,,4.0,4.0
-4136739553637756736-2609100720-2,19457,2609100724.0,2609100725.0,7.0,,ARV,MEX13,Stuttgart Hbf,8005769,Stuttgart-Bad Cannstatt,Baden-Württemberg,Stuttgart,70372,9.217468636,48.80127978,3,2609100725.0,,2609100725.0,,h,2.0,Information,,,,,,,1.0,0.0
-6563980521276274745-2609100747-2,19407,2609100751.0,2609100752.0,7.0,,ARV,MEX13,Stuttgart Hbf,8005769,Stuttgart-Bad Cannstatt,Baden-Württemberg,Stuttgart,70372,9.217468636,48.80127978,3,2609100751.0,,2609100752.0,,h,2.0,Information,,,,,,,0.0,0.0
3914164515653575626-2609100700-2,19119,2609100703.0,2609100706.0,8.0,,ARV,MEX16,Stuttgart Hbf,8005769,Stuttgart-Bad Cannstatt,Baden-Württemberg,Stuttgart,70372,9.217468636,48.80127978,3,2609100710.0,4.0,2609100710.0,4,,,,,,,,,,7.0,4.0
-6187813548789768480-2609100750-2,7210,2609100754.0,2609100754.0,3.0,,S,S2,Stuttgart Hbf,8005769,Stuttgart-Bad Cannstatt,Baden-Württemberg,Stuttgart,70372,9.217468636,48.80127978,3,2609100754.0,,2609100754.0,,h,2.0,Bauarbeiten,,,,,,,0.0,0.0
-4004163488000567729-2609100605-13,17510,2609100728.0,2609100728.0,6.0,,RB,MEX90,Crailsheim|Eckartshausen-Ilshofen|Schwäbisch Hall-Hessental|Gaildorf West|Fichtenberg|Fornsbach|Murrhardt|Sulzbach(Murr)|Oppenweiler(Württ)|Backnang|Winnenden|Waiblingen,8005769,Stuttgart-Bad Cannstatt,Baden-Württemberg,Stuttgart,70372,9.217468636,48.80127978,3,2609100728.0,,2609100728.0,,h,2.0,Störung,,,,,,,0.0,0.0
3577709664347333137-2609100712-2,7308,2609100716.0,2609100719.0,3.0,,S,S3,Stuttgart Hbf,8005769,Stuttgart-Bad Cannstatt,Baden-Württemberg,Stuttgart,70372,9.217468636,48.80127978,3,2609100716.0,,2609100719.0,,,,,,,,,,,0.0,0.0
-7333231527529019300-2609100509-19,19450,2609100706.0,2609100709.0,6.0,,ARV,MEX13,Crailsheim|Jagstzell|Ellwangen|Schrezheim|Schwabsberg|Goldshöfe|Hofen(b Aalen)|Wasseralfingen|Aalen Hbf|Mögglingen(Gmünd)|Böbingen(Rems)|Schwäbisch Gmünd|Lorch(Württ)|Waldhausen(b Schorndorf)|Plüderhausen|Urbach(b Schorndorf)|Schorndorf|Waiblingen,8005769,Stuttgart-Bad Cannstatt,Baden-Württemberg,Stuttgart,70372,9.217468636,48.80127978,3,2609100706.0,,2609100710.0,,h,2.0,Störung,,,,,,,0.0,1.0
9133098357832980471-2609100620-14,7109,2609100700.0,2609100701.0,2.0,,S,S1,Kirchheim(Teck)|Kirchheim(Teck)-Ötlingen|Wendlingen(Neckar)|Wernau(Neckar)|Plochingen|Altbach|Esslingen-Zell|Oberesslingen|Esslingen(Neckar)|Esslingen-Mettingen|Stuttgart-Obertürkheim|Stuttgart-Untertürkheim|Stuttgart Neckarpark,8005769,Stuttgart-Bad Cannstatt,Baden-Württemberg,Stuttgart,70372,9.217468636,48.80127978,3,2609100702.0,,2609100703.0,,,,,,,,,,,2.0,2.0
8151800894683998336-2609100726-2,17509,2609100730.0,2609100730.0,7.0,,RB,MEX19,Stuttgart Hbf,8005769,Stuttgart-Bad Cannstatt,Baden-Württemberg,Stuttgart,70372,9.217468636,48.80127978,3,2609100730.0,,2609100731.0,,,,,,,,,,,0.0,1.0
-8714228285082007604-2609100742-2,7310,2609100746.0,2609100749.0,3.0,,S,S3,Stuttgart Hbf,8005769,Stuttgart-Bad Cannstatt,Baden-Württemberg,Stuttgart,70372,9.217468636,48.80127978,3,2609100747.0,,2609100749.0,,,,,,,,,,,1.0,0.0
5784758985011942046-2609100641-11,7309,2609100711.0,2609100713.0,2.0,,S,S3,Backnang|Maubach|Nellmersbach|Winnenden|Schwaikheim|Neustadt-Hohenacker|Waiblingen|Fellbach|Stuttgart-Sommerrain|Stuttgart Nürnberger Str.,8005769,Stuttgart-Bad Cannstatt,Baden-Württemberg,Stuttgart,70372,9.217468636,48.80127978,3,2609100711.0,,2609100713.0,,,,,,,,,,,0.0,0.0
-4918736573732270498-2609100635-11,19410,2609100734.0,2609100735.0,6.0,,ARV,MEX13,Aalen Hbf|Mögglingen(Gmünd)|Böbingen(Rems)|Schwäbisch Gmünd|Lorch(Württ)|Waldhausen(b Schorndorf)|Plüderhausen|Urbach(b Schorndorf)|Schorndorf|Waiblingen,8005769,Stuttgart-Bad Cannstatt,Baden-Württemberg,Stuttgart,70372,9.217468636,48.80127978,3,2609100735.0,,2609100736.0,,h,2.0,Information,,,,,,,1.0,1.0
7541002194531759853-2609100546-21,19116,2609100712.0,2609100712.0,5.0,,ARV,MEX16,Ulm Hbf|Beimerstetten|Westerstetten|Lonsee|Urspring|Amstetten(Württ)|Geislingen(Steige)|Geislingen(Steige)West|Kuchen|Gingen(Fils)|Süßen|Salach|Eislingen(Fils)|Göppingen|Faurndau|Uhingen|Ebersbach(Fils)|Reichenbach(Fils)|Plochingen|Esslingen(Neckar),8005769,Stuttgart-Bad Cannstatt,Baden-Württemberg,Stuttgart,70372,9.217468636,48.80127978,3,2609100717.0,5.0,2609100719.0,5,,,,,,,,,,5.0,7.0
2394736871359748075-2609100725-2,7110,2609100728.0,2609100729.0,3.0,,S,S1,Stuttgart Hbf,8005769,Stuttgart-Bad Cannstatt,Baden-Württemberg,Stuttgart,70372,9.217468636,48.80127978,3,2609100729.0,,2609100729.0,,,,,,,,,,,1.0,0.0
-680601506952995478-2609100630-5,19218,2609100722.0,2609100723.0,5.0,,RE,RE6,Reutlingen Hbf|Metzingen(Württ)|Nürtingen|Plochingen,8005769,Stuttgart-Bad Cannstatt,Baden-Württemberg,Stuttgart,70372,9.217468636,48.80127978,3,2609100740.0,1.0,2609100743.0,1,h,2.0,Störung,,,,,,,18.0,20.0
-7338711269232336111-2609100633-12,7409,2609100716.0,2609100717.0,1.0,,S,S4,Backnang|Burgstall(Murr)|Kirchberg(Murr)|Erdmannhausen|Marbach(Neckar)|Benningen(Neckar)|Freiberg(Neckar)|Favoritepark|Ludwigsburg|Kornwestheim Pbf|Stuttgart-Zuffenhausen,8005770,Stuttgart-Feuerbach,Baden-Württemberg,Feuerbach,70469,9.169186287,48.81363554,3,2609100721.0,,2609100722.0,,,,,,,,,,,5.0,5.0
4871684490979924868-2609100717-3,7608,2609100724.0,2609100724.0,2.0,,S,S6,Stuttgart Hbf|Stuttgart Nordbahnhof,8005770,Stuttgart-Feuerbach,Baden-Württemberg,Feuerbach,70469,9.169186287,48.81363554,3,2609100724.0,,2609100724.0,,h,1.0,Bauarbeiten,,,,,,,0.0,0.0
6922079602389085921-2609100747-3,7610,2609100754.0,2609100754.0,2.0,,S,S6,Stuttgart Hbf|Stuttgart Nordbahnhof,8005770,Stuttgart-Feuerbach,Baden-Württemberg,Feuerbach,70469,9.169186287,48.81363554,3,2609100754.0,,2609100754.0,,h,1.0,Bauarbeiten,,,,,,,0.0,0.0
7977434207262340946-2609100707-3,7406,2609100713.0,2609100714.0,2.0,,S,S4,Stuttgart Hbf|Stuttgart Nordbahnhof,8005770,Stuttgart-Feuerbach,Baden-Württemberg,Feuerbach,70469,9.169186287,48.81363554,3,2609100714.0,,2609100714.0,,,,,,,,,,,1.0,0.0
5109580939104143056-2609100657-3,7508,2609100703.0,2609100704.0,2.0,,S,S5,Stuttgart Hbf|Stuttgart Nordbahnhof,8005770,Stuttgart-Feuerbach,Baden-Württemberg,Feuerbach,70469,9.169186287,48.81363554,3,2609100706.0,,2609100706.0,,,,,,,,,,,3.0,2.0
4239966119888045037-2609100737-3,7408,2609100743.0,2609100744.0,2.0,,S,S4,Stuttgart Hbf|Stuttgart Nordbahnhof,8005770,Stuttgart-Feuerbach,Baden-Württemberg,Feuerbach,70469,9.169186287,48.81363554,3,2609100743.0,,2609100744.0,,,,,,,,,,,0.0,0.0
4690487155138622402-2609100654-6,7609,2609100706.0,2609100706.0,1.0,,S,S6,Ditzingen|Weilimdorf|Korntal|Neuwirtshaus(Porscheplatz)|Stuttgart-Zuffenhausen,8005770,Stuttgart-Feuerbach,Baden-Württemberg,Feuerbach,70469,9.169186287,48.81363554,3,2609100706.0,,2609100706.0,,h,1.0,Bauarbeiten,,,,,,,0.0,0.0
7155033421118958991-2609100707-7,7511,2609100726.0,2609100726.0,1.0,,S,S5,Bietigheim-Bissingen|Tamm(Württ)|Asperg|Ludwigsburg|Kornwestheim Pbf|Stuttgart-Zuffenhausen,8005770,Stuttgart-Feuerbach,Baden-Württemberg,Feuerbach,70469,9.169186287,48.81363554,3,2609100729.0,,2609100729.0,,,,,,,,,,,3.0,3.0
-4492985109316444691-2609100724-6,7611,2609100736.0,2609100736.0,1.0,,S,S6,Ditzingen|Weilimdorf|Korntal|Neuwirtshaus(Porscheplatz)|Stuttgart-Zuffenhausen,8005770,Stuttgart-Feuerbach,Baden-Württemberg,Feuerbach,70469,9.169186287,48.81363554,3,2609100736.0,,2609100736.0,,h,1.0,Bauarbeiten,,,,,,,0.0,0.0
8353338401030915198-2609100727-3,7510,2609100733.0,2609100734.0,2.0,,S,S5,Stuttgart Hbf|Stuttgart Nordbahnhof,8005770,Stuttgart-Feuerbach,Baden-Württemberg,Feuerbach,70469,9.169186287,48.81363554,3,2609100734.0,,2609100735.0,,,,,,,,,,,1.0,1.0
-5856161558368495320-2609100737-7,7513,2609100756.0,2609100756.0,1.0,,S,S5,Bietigheim-Bissingen|Tamm(Württ)|Asperg|Ludwigsburg|Kornwestheim Pbf|Stuttgart-Zuffenhausen,8005770,Stuttgart-Feuerbach,Baden-Württemberg,Feuerbach,70469,9.169186287,48.81363554,3,2609100812.0,,2609100813.0,,,,,,,,,,,16.0,17.0
1174251127419777403-2609100703-12,7411,2609100746.0,2609100747.0,1.0,,S,S4,Backnang|Burgstall(Murr)|Kirchberg(Murr)|Erdmannhausen|Marbach(Neckar)|Benningen(Neckar)|Freiberg(Neckar)|Favoritepark|Ludwigsburg|Kornwestheim Pbf|Stuttgart-Zuffenhausen,8005770,Stuttgart-Feuerbach,Baden-Württemberg,Feuerbach,70469,9.169186287,48.81363554,3,2609100749.0,,2609100750.0,,,,,,,,,,,3.0,3.0
8759418788528928451-2609100655-5,7108,2609100707.0,2609100707.0,6.0,,S,S1,Stuttgart Hbf|Stuttgart-Bad Cannstatt|Stuttgart Neckarpark|Stuttgart-Untertürkheim,8005772,Stuttgart-Obertürkheim,Baden-Württemberg,Stuttgart,70329,9.268167932,48.76175015,4,2609100707.0,,2609100707.0,,,,,,,,,,,0.0,0.0
-6655970972115007016-2609100650-11,7111,2609100722.0,2609100722.0,5.0,,S,S1,Kirchheim(Teck)|Kirchheim(Teck)-Ötlingen|Wendlingen(Neckar)|Wernau(Neckar)|Plochingen|Altbach|Esslingen-Zell|Oberesslingen|Esslingen(Neckar)|Esslingen-Mettingen,8005772,Stuttgart-Obertürkheim,Baden-Württemberg,Stuttgart,70329,9.268167932,48.76175015,4,2609100723.0,,2609100724.0,,,,,,,,,,,1.0,2.0
-7709757529463307534-2609100720-11,7113,2609100752.0,2609100752.0,5.0,,S,S1,Kirchheim(Teck)|Kirchheim(Teck)-Ötlingen|Wendlingen(Neckar)|Wernau(Neckar)|Plochingen|Altbach|Esslingen-Zell|Oberesslingen|Esslingen(Neckar)|Esslingen-Mettingen,8005772,Stuttgart-Obertürkheim,Baden-Württemberg,Stuttgart,70329,9.268167932,48.76175015,4,2609100754.0,,2609100755.0,,,,,,,,,,,2.0,3.0
2394736871359748075-2609100725-5,7110,2609100737.0,2609100737.0,6.0,,S,S1,Stuttgart Hbf|Stuttgart-Bad Cannstatt|Stuttgart Neckarpark|Stuttgart-Untertürkheim,8005772,Stuttgart-Obertürkheim,Baden-Württemberg,Stuttgart,70329,9.268167932,48.76175015,4,2609100737.0,,2609100737.0,,,,,,,,,,,0.0,0.0
-6419417749381061705-2609100716-2,7709,2609100717.0,2609100723.0,2.0,,S,S1,Stuttgart-Vaihingen,8005773,Stuttgart-Rohr,Baden-Württemberg,Stuttgart,70565,9.108158025,48.71799427,4,2609100718.0,,2609100723.0,,,,,,,,,,,1.0,0.0
-6501547905667268041-2609100703-6,7908,2609100718.0,2609100719.0,3.0,,S,S2,Filderstadt|Stuttgart Flughafen/Messe|Echterdingen|Leinfelden|Oberaichen,8005773,Stuttgart-Rohr,Baden-Württemberg,Stuttgart,70565,9.108158025,48.71799427,4,2609100721.0,,2609100722.0,,,,,,,,,,,3.0,3.0
925944172323548863-2609100733-6,7910,2609100748.0,2609100749.0,3.0,,S,S2,Filderstadt|Stuttgart Flughafen/Messe|Echterdingen|Leinfelden|Oberaichen,8005773,Stuttgart-Rohr,Baden-Württemberg,Stuttgart,70565,9.108158025,48.71799427,4,2609100748.0,,2609100749.0,,,,,,,,,,,0.0,0.0
3303772125527124508-2609100746-2,7711,2609100747.0,2609100753.0,2.0,,S,S1,Stuttgart-Vaihingen,8005773,Stuttgart-Rohr,Baden-Württemberg,Stuttgart,70565,9.108158025,48.71799427,4,2609100747.0,,2609100753.0,,,,,,,,,,,0.0,0.0
-2823205682233144346-2609100646-8,7710,2609100707.0,2609100708.0,3.0,,S,S1,Herrenberg|Nufringen|Gärtringen|Ehningen(b Böblingen)|Hulb|Böblingen|Goldberg(Württ),8005773,Stuttgart-Rohr,Baden-Württemberg,Stuttgart,70565,9.108158025,48.71799427,4,2609100709.0,,2609100709.0,,,,,,,,,,,2.0,1.0
-250858146386556166-2609100716-8,7712,2609100737.0,2609100738.0,3.0,,S,S1,Herrenberg|Nufringen|Gärtringen|Ehningen(b Böblingen)|Hulb|Böblingen|Goldberg(Württ),8005773,Stuttgart-Rohr,Baden-Württemberg,Stuttgart,70565,9.108158025,48.71799427,4,2609100742.0,,2609100743.0,,,,,,,,,,,5.0,5.0
3101834224134177917-2609100735-2,7911,2609100736.0,2609100742.0,2.0,,S,S2,Stuttgart-Vaihingen,8005773,Stuttgart-Rohr,Baden-Württemberg,Stuttgart,70565,9.108158025,48.71799427,4,2609100737.0,,2609100743.0,,,,,,,,,,,1.0,1.0
-6719809372287513512-2609100705-2,7909,2609100706.0,2609100712.0,2.0,,S,S2,Stuttgart-Vaihingen,8005773,Stuttgart-Rohr,Baden-Württemberg,Stuttgart,70565,9.108158025,48.71799427,4,2609100707.0,,2609100712.0,,,,,,,,,,,1.0,0.0
-7676551856859768075-2609100633-12,7209,2609100700.0,2609100700.0,1.0,,S,S2,Schorndorf|Weiler(Rems)|Winterbach(b Schorndorf)|Geradstetten|Grunbach|Beutelsbach|Endersbach|Stetten-Beinstein|Rommelshausen|Waiblingen|Fellbach,8005774,Stuttgart-Sommerrain,Baden-Württemberg,Stuttgart,70374,9.248369749,48.81521824,5,2609100700.0,,2609100701.0,,h,2.0,Bauarbeiten,,,,,,,0.0,1.0
-2915141727268180381-2609100711-9,7311,2609100735.0,2609100735.0,1.0,,S,S3,Backnang|Maubach|Nellmersbach|Winnenden|Schwaikheim|Neustadt-Hohenacker|Waiblingen|Fellbach,8005774,Stuttgart-Sommerrain,Baden-Württemberg,Stuttgart,70374,9.248369749,48.81521824,5,2609100736.0,,2609100737.0,,,,,,,,,,,1.0,2.0
-5260417069663625653-2609100720-4,7208,2609100729.0,2609100729.0,4.0,,S,S2,Stuttgart Hbf|Stuttgart-Bad Cannstatt|Stuttgart Nürnberger Str.,8005774,Stuttgart-Sommerrain,Baden-Württemberg,Stuttgart,70374,9.248369749,48.81521824,5,2609100730.0,,2609100731.0,,h,2.0,Bauarbeiten,,,,,,,1.0,2.0
-6595517868678510983-2609100703-12,7211,2609100730.0,2609100730.0,1.0,,S,S2,Schorndorf|Weiler(Rems)|Winterbach(b Schorndorf)|Geradstetten|Grunbach|Beutelsbach|Endersbach|Stetten-Beinstein|Rommelshausen|Waiblingen|Fellbach,8005774,Stuttgart-Sommerrain,Baden-Württemberg,Stuttgart,70374,9.248369749,48.81521824,5,2609100730.0,,2609100730.0,,h,2.0,Bauarbeiten,,,,,,,0.0,0.0
-6187813548789768480-2609100750-4,7210,2609100759.0,2609100759.0,4.0,,S,S2,Stuttgart Hbf|Stuttgart-Bad Cannstatt|Stuttgart Nürnberger Str.,8005774,Stuttgart-Sommerrain,Baden-Württemberg,Stuttgart,70374,9.248369749,48.81521824,5,2609100759.0,,2609100800.0,,h,2.0,Bauarbeiten,,,,,,,0.0,1.0
3577709664347333137-2609100712-4,7308,2609100724.0,2609100724.0,4.0,,S,S3,Stuttgart Hbf|Stuttgart-Bad Cannstatt|Stuttgart Nürnberger Str.,8005774,Stuttgart-Sommerrain,Baden-Württemberg,Stuttgart,70374,9.248369749,48.81521824,5,2609100724.0,,2609100725.0,,,,,,,,,,,0.0,1.0
-8714228285082007604-2609100742-4,7310,2609100754.0,2609100754.0,4.0,,S,S3,Stuttgart Hbf|Stuttgart-Bad Cannstatt|Stuttgart Nürnberger Str.,8005774,Stuttgart-Sommerrain,Baden-Württemberg,Stuttgart,70374,9.248369749,48.81521824,5,2609100755.0,,2609100756.0,,,,,,,,,,,1.0,2.0
5784758985011942046-2609100641-9,7309,2609100705.0,2609100705.0,1.0,,S,S3,Backnang|Maubach|Nellmersbach|Winnenden|Schwaikheim|Neustadt-Hohenacker|Waiblingen|Fellbach,8005774,Stuttgart-Sommerrain,Baden-Württemberg,Stuttgart,70374,9.248369749,48.81521824,5,2609100705.0,,2609100706.0,,,,,,,,,,,0.0,1.0
8759418788528928451-2609100655-4,7108,2609100704.0,2609100704.0,6.0,,S,S1,Stuttgart Hbf|Stuttgart-Bad Cannstatt|Stuttgart Neckarpark,8005775,Stuttgart-Untertürkheim Pbf,Baden-Württemberg,Stuttgart,70327,9.250467074,48.77984679,3,2609100704.0,,2609100704.0,,,,,,,,,,,0.0,0.0
-6655970972115007016-2609100650-12,7111,2609100725.0,2609100725.0,5.0,,S,S1,Kirchheim(Teck)|Kirchheim(Teck)-Ötlingen|Wendlingen(Neckar)|Wernau(Neckar)|Plochingen|Altbach|Esslingen-Zell|Oberesslingen|Esslingen(Neckar)|Esslingen-Mettingen|Stuttgart-Obertürkheim,8005775,Stuttgart-Untertürkheim Pbf,Baden-Württemberg,Stuttgart,70327,9.250467074,48.77984679,3,2609100726.0,,2609100727.0,,,,,,,,,,,1.0,2.0
-7709757529463307534-2609100720-12,7113,2609100755.0,2609100755.0,5.0,,S,S1,Kirchheim(Teck)|Kirchheim(Teck)-Ötlingen|Wendlingen(Neckar)|Wernau(Neckar)|Plochingen|Altbach|Esslingen-Zell|Oberesslingen|Esslingen(Neckar)|Esslingen-Mettingen|Stuttgart-Obertürkheim,8005775,Stuttgart-Untertürkheim Pbf,Baden-Württemberg,Stuttgart,70327,9.250467074,48.77984679,3,2609100757.0,,2609100758.0,,,,,,,,,,,2.0,3.0
2394736871359748075-2609100725-4,7110,2609100734.0,2609100734.0,6.0,,S,S1,Stuttgart Hbf|Stuttgart-Bad Cannstatt|Stuttgart Neckarpark,8005775,Stuttgart-Untertürkheim Pbf,Baden-Württemberg,Stuttgart,70327,9.250467074,48.77984679,3,2609100734.0,,2609100734.0,,,,,,,,,,,0.0,0.0
-6419417749381061705-2609100716-1,7709,,2609100716.0,,,S,S1,,8005776,Stuttgart-Vaihingen,Baden-Württemberg,Stuttgart,70563,9.113913368,48.72698116,3,,,2609100716.0,,,,,,,,,,,0.0,0.0
-6501547905667268041-2609100703-7,7908,2609100720.0,,2.0,,S,,Filderstadt|Stuttgart Flughafen/Messe|Echterdingen|Leinfelden|Oberaichen|Stuttgart-Rohr,8005776,Stuttgart-Vaihingen,Baden-Württemberg,Stuttgart,70563,9.113913368,48.72698116,3,2609100723.0,,,,,,,,,,,,,3.0,0.0
-1423004611531480380-2609100611-16,17622,2609100727.0,2609100728.0,4.0,,RE,RE14b,Freudenstadt Hbf|Grüntal-Wittlensweiler|Dornstetten-Aach|Dornstetten|Schopfloch(b Freudenstadt)|Bittelbronn|Horb-Heiligenfeld|Hochdorf(b Horb)|Eutingen Nord|Eutingen im Gäu|Ergenzingen|Bondorf(b Herrenberg)|Gäufelden|Herrenberg|Böblingen,8005776,Stuttgart-Vaihingen,Baden-Württemberg,Stuttgart,70563,9.113913368,48.72698116,3,2609100731.0,,2609100732.0,,,,,,,,,,,4.0,4.0
925944172323548863-2609100733-7,7910,2609100750.0,,2.0,,S,,Filderstadt|Stuttgart Flughafen/Messe|Echterdingen|Leinfelden|Oberaichen|Stuttgart-Rohr,8005776,Stuttgart-Vaihingen,Baden-Württemberg,Stuttgart,70563,9.113913368,48.72698116,3,2609100750.0,,,,,,,,,,,,,0.0,0.0
-7470739865433470471-2609100733-2,28470,2609100741.0,2609100741.0,4.0,,RE,RESB,Böblingen,8005776,Stuttgart-Vaihingen,Baden-Württemberg,Stuttgart,70563,9.113913368,48.72698116,3,2609100755.0,,2609100756.0,,,,,,,,,,,14.0,15.0
5907647912001809871-2609100604-11,17618,2609100727.0,2609100728.0,4.0,,RE,RE14a,Rottweil|Oberndorf(Neckar)|Sulz(Neckar)|Horb|Eutingen im Gäu|Ergenzingen|Bondorf(b Herrenberg)|Gäufelden|Herrenberg|Böblingen,8005776,Stuttgart-Vaihingen,Baden-Württemberg,Stuttgart,70563,9.113913368,48.72698116,3,2609100731.0,,2609100732.0,,,,,,,,,,,4.0,4.0
3303772125527124508-2609100746-1,7711,,2609100746.0,,,S,S1,,8005776,Stuttgart-Vaihingen,Baden-Württemberg,Stuttgart,70563,9.113913368,48.72698116,3,,,2609100746.0,,,,,,,,,,,0.0,0.0
-2823205682233144346-2609100646-9,7710,2609100710.0,,3.0,,S,,Herrenberg|Nufringen|Gärtringen|Ehningen(b Böblingen)|Hulb|Böblingen|Goldberg(Württ)|Stuttgart-Rohr,8005776,Stuttgart-Vaihingen,Baden-Württemberg,Stuttgart,70563,9.113913368,48.72698116,3,2609100711.0,,,,,,,,,,,,,1.0,0.0
-250858146386556166-2609100716-9,7712,2609100740.0,,3.0,,S,,Herrenberg|Nufringen|Gärtringen|Ehningen(b Böblingen)|Hulb|Böblingen|Goldberg(Württ)|Stuttgart-Rohr,8005776,Stuttgart-Vaihingen,Baden-Württemberg,Stuttgart,70563,9.113913368,48.72698116,3,2609100744.0,,,,,,,,,,,,,4.0,0.0
-4846270582383547234-2609100703-2,28471,2609100718.0,2609100718.0,4.0,,RE,RESB,Stuttgart Hbf,8005776,Stuttgart-Vaihingen,Baden-Württemberg,Stuttgart,70563,9.113913368,48.72698116,3,2609100722.0,,2609100723.0,,,,,,,,,,,4.0,5.0
704671570927090549-2609100648-2,17615,2609100701.0,2609100701.0,1.0,,RE,RB14a,Stuttgart Hbf,8005776,Stuttgart-Vaihingen,Baden-Württemberg,Stuttgart,70563,9.113913368,48.72698116,3,2609100727.0,,2609100728.0,,,,,,,,,,,26.0,27.0
3101834224134177917-2609100735-1,7911,,2609100735.0,,,S,S2,,8005776,Stuttgart-Vaihingen,Baden-Württemberg,Stuttgart,70563,9.113913368,48.72698116,3,,,2609100736.0,,,,,,,,,,,0.0,1.0
1552305657484636498-2609100732-5,17628,2609100757.0,2609100758.0,4.0,,RE,RE14a,Bondorf(b Herrenberg)|Gäufelden|Herrenberg|Böblingen,8005776,Stuttgart-Vaihingen,Baden-Württemberg,Stuttgart,70563,9.113913368,48.72698116,3,2609100758.0,,2609100759.0,,,,,,,,,,,1.0,1.0
-6719809372287513512-2609100705-1,7909,,2609100705.0,,,S,S2,,8005776,Stuttgart-Vaihingen,Baden-Württemberg,Stuttgart,70563,9.113913368,48.72698116,3,,,2609100705.0,,,,,,,,,,,0.0,0.0
-775244220373788191-2609100530-11,1184,2609100745.0,2609100747.0,4.0,,IC,,Schaffhausen|Singen(Hohentwiel)|Engen|Tuttlingen|Spaichingen|Rottweil|Oberndorf(Neckar)|Sulz(Neckar)|Horb|Herrenberg,8005776,Stuttgart-Vaihingen,Baden-Württemberg,Stuttgart,70563,9.113913368,48.72698116,3,2609100823.0,,2609100823.0,,h,2.0,Information,,,Schaffhausen|Singen(Hohentwiel)|Engen|Tuttlingen|Spaichingen|Rottweil|Oberndorf(Neckar)|Sulz(Neckar)|Horb|Herrenberg,Stuttgart Hbf,p,p,38.0,36.0
6787092299889453682-2609100550-10,51184,2609100745.0,2609100747.0,4.0,,RE,IC87,Singen(Hohentwiel)|Engen|Tuttlingen|Spaichingen|Rottweil|Oberndorf(Neckar)|Sulz(Neckar)|Horb|Herrenberg,8005776,Stuttgart-Vaihingen,Baden-Württemberg,Stuttgart,70563,9.113913368,48.72698116,3,2609100823.0,,2609100824.0,,h,2.0,Information,,,Singen(Hohentwiel)|Engen|Tuttlingen|Spaichingen|Rottweil|Oberndorf(Neckar)|Sulz(Neckar)|Horb|Herrenberg,Stuttgart Hbf,p,p,38.0,37.0
4812840936901474420-2609100754-2,7613,2609100756.0,2609100756.0,2.0,,S,S6,Ditzingen,8006268,Stuttgart-Weilimdorf,Baden-Württemberg,Stuttgart,70499,9.094370086,48.82208429,5,2609100756.0,,2609100756.0,,h,1.0,Bauarbeiten,,,,,,,0.0,0.0
-4466015209665819118-2609100647-7,7606,2609100703.0,2609100704.0,1.0,,S,S6,Stuttgart Hbf|Stuttgart Nordbahnhof|Stuttgart-Feuerbach|Stuttgart-Zuffenhausen|Neuwirtshaus(Porscheplatz)|Korntal,8006268,Stuttgart-Weilimdorf,Baden-Württemberg,Stuttgart,70499,9.094370086,48.82208429,5,2609100704.0,,2609100705.0,,h,1.0,Bauarbeiten,,,,,,,1.0,1.0
4871684490979924868-2609100717-7,7608,2609100733.0,2609100734.0,1.0,,S,S6,Stuttgart Hbf|Stuttgart Nordbahnhof|Stuttgart-Feuerbach|Stuttgart-Zuffenhausen|Neuwirtshaus(Porscheplatz)|Korntal,8006268,Stuttgart-Weilimdorf,Baden-Württemberg,Stuttgart,70499,9.094370086,48.82208429,5,2609100734.0,,2609100735.0,,h,1.0,Bauarbeiten,,,,,,,1.0,1.0
-4492985109316444691-2609100724-2,7611,2609100726.0,2609100726.0,2.0,,S,S6,Ditzingen,8006268,Stuttgart-Weilimdorf,Baden-Württemberg,Stuttgart,70499,9.094370086,48.82208429,5,2609100726.0,,2609100727.0,,h,1.0,Bauarbeiten,,,,,,,0.0,1.0
-7338711269232336111-2609100633-11,7409,2609100713.0,2609100714.0,2.0,,S,S4,Backnang|Burgstall(Murr)|Kirchberg(Murr)|Erdmannhausen|Marbach(Neckar)|Benningen(Neckar)|Freiberg(Neckar)|Favoritepark|Ludwigsburg|Kornwestheim Pbf,8005778,Stuttgart-Zuffenhausen,Baden-Württemberg,Stuttgart,70435,9.167156375,48.82960884,3,2609100719.0,,2609100720.0,,,,,,,,,,,6.0,6.0
4871684490979924868-2609100717-4,7608,2609100726.0,2609100727.0,11.0,,S,S6,Stuttgart Hbf|Stuttgart Nordbahnhof|Stuttgart-Feuerbach,8005778,Stuttgart-Zuffenhausen,Baden-Württemberg,Stuttgart,70435,9.167156375,48.82960884,3,2609100726.0,,2609100728.0,,h,1.0,Bauarbeiten,,,,,,,0.0,1.0
6922079602389085921-2609100747-4,7610,2609100756.0,2609100757.0,11.0,,S,S6,Stuttgart Hbf|Stuttgart Nordbahnhof|Stuttgart-Feuerbach,8005778,Stuttgart-Zuffenhausen,Baden-Württemberg,Stuttgart,70435,9.167156375,48.82960884,3,2609100756.0,,2609100757.0,,h,1.0,Bauarbeiten,,,,,,,0.0,0.0
7977434207262340946-2609100707-4,7406,2609100716.0,2609100717.0,4.0,,S,S4,Stuttgart Hbf|Stuttgart Nordbahnhof|Stuttgart-Feuerbach,8005778,Stuttgart-Zuffenhausen,Baden-Württemberg,Stuttgart,70435,9.167156375,48.82960884,3,2609100717.0,,2609100718.0,,,,,,,,,,,1.0,1.0
5109580939104143056-2609100657-4,7508,2609100706.0,2609100707.0,4.0,,S,S5,Stuttgart Hbf|Stuttgart Nordbahnhof|Stuttgart-Feuerbach,8005778,Stuttgart-Zuffenhausen,Baden-Württemberg,Stuttgart,70435,9.167156375,48.82960884,3,2609100708.0,,2609100715.0,,,,,,,,,,,2.0,8.0
4239966119888045037-2609100737-4,7408,2609100746.0,2609100747.0,4.0,,S,S4,Stuttgart Hbf|Stuttgart Nordbahnhof|Stuttgart-Feuerbach,8005778,Stuttgart-Zuffenhausen,Baden-Württemberg,Stuttgart,70435,9.167156375,48.82960884,3,2609100746.0,,2609100748.0,,,,,,,,,,,0.0,1.0
4690487155138622402-2609100654-5,7609,2609100703.0,2609100704.0,12.0,,S,S6,Ditzingen|Weilimdorf|Korntal|Neuwirtshaus(Porscheplatz),8005778,Stuttgart-Zuffenhausen,Baden-Württemberg,Stuttgart,70435,9.167156375,48.82960884,3,2609100703.0,,2609100704.0,,h,1.0,Bauarbeiten,,,,,,,0.0,0.0
7155033421118958991-2609100707-6,7511,2609100723.0,2609100724.0,2.0,,S,S5,Bietigheim-Bissingen|Tamm(Württ)|Asperg|Ludwigsburg|Kornwestheim Pbf,8005778,Stuttgart-Zuffenhausen,Baden-Württemberg,Stuttgart,70435,9.167156375,48.82960884,3,2609100727.0,,2609100727.0,,,,,,,,,,,4.0,3.0
-4492985109316444691-2609100724-5,7611,2609100733.0,2609100734.0,12.0,,S,S6,Ditzingen|Weilimdorf|Korntal|Neuwirtshaus(Porscheplatz),8005778,Stuttgart-Zuffenhausen,Baden-Württemberg,Stuttgart,70435,9.167156375,48.82960884,3,2609100733.0,,2609100734.0,,h,1.0,Bauarbeiten,,,,,,,0.0,0.0
8353338401030915198-2609100727-4,7510,2609100736.0,2609100737.0,4.0,,S,S5,Stuttgart Hbf|Stuttgart Nordbahnhof|Stuttgart-Feuerbach,8005778,Stuttgart-Zuffenhausen,Baden-Württemberg,Stuttgart,70435,9.167156375,48.82960884,3,2609100737.0,,2609100738.0,,,,,,,,,,,1.0,1.0
-5856161558368495320-2609100737-6,7513,2609100753.0,2609100754.0,2.0,,S,S5,Bietigheim-Bissingen|Tamm(Württ)|Asperg|Ludwigsburg|Kornwestheim Pbf,8005778,Stuttgart-Zuffenhausen,Baden-Württemberg,Stuttgart,70435,9.167156375,48.82960884,3,2609100810.0,,2609100811.0,,,,,,,,,,,17.0,17.0
1174251127419777403-2609100703-11,7411,2609100743.0,2609100744.0,2.0,,S,S4,Backnang|Burgstall(Murr)|Kirchberg(Murr)|Erdmannhausen|Marbach(Neckar)|Benningen(Neckar)|Freiberg(Neckar)|Favoritepark|Ludwigsburg|Kornwestheim Pbf,8005778,Stuttgart-Zuffenhausen,Baden-Württemberg,Stuttgart,70435,9.167156375,48.82960884,3,2609100746.0,,2609100747.0,,,,,,,,,,,3.0,3.0
5109580939104143056-2609100657-8,7508,2609100720.0,2609100720.0,3.0,,S,S5,Stuttgart Hbf|Stuttgart Nordbahnhof|Stuttgart-Feuerbach|Stuttgart-Zuffenhausen|Kornwestheim Pbf|Ludwigsburg|Asperg,8005820,Tamm (Württ),Baden-Württemberg,Tamm,71732,9.125288012,48.92187736,4,2609100728.0,,2609100728.0,,,,,,,,,,,8.0,8.0
7155033421118958991-2609100707-2,7511,2609100710.0,2609100710.0,2.0,,S,S5,Bietigheim-Bissingen,8005820,Tamm (Württ),Baden-Württemberg,Tamm,71732,9.125288012,48.92187736,4,2609100710.0,,2609100710.0,,,,,,,,,,,0.0,0.0
8353338401030915198-2609100727-8,7510,2609100750.0,2609100750.0,3.0,,S,S5,Stuttgart Hbf|Stuttgart Nordbahnhof|Stuttgart-Feuerbach|Stuttgart-Zuffenhausen|Kornwestheim Pbf|Ludwigsburg|Asperg,8005820,Tamm (Württ),Baden-Württemberg,Tamm,71732,9.125288012,48.92187736,4,2609100750.0,,2609100751.0,,,,,,,,,,,0.0,1.0
-5856161558368495320-2609100737-2,7513,2609100740.0,2609100740.0,2.0,,S,S5,Bietigheim-Bissingen,8005820,Tamm (Württ),Baden-Württemberg,Tamm,71732,9.125288012,48.92187736,4,2609100747.0,,2609100748.0,,,,,,,,,,,7.0,8.0
-6211003010298504877-2609100642-6,7306,2609100659.0,2609100700.0,3.0,,S,S3,Stuttgart Hbf|Stuttgart-Bad Cannstatt|Stuttgart Nürnberger Str.|Stuttgart-Sommerrain|Fellbach,8000180,Waiblingen,Baden-Württemberg,Waiblingen,71332,9.300476874,48.8262444,3,2609100659.0,,2609100700.0,,,,,,,,,,,0.0,0.0
3965518062033575210-2609100650-6,7206,2609100704.0,2609100705.0,7.0,,S,S2,Stuttgart Hbf|Stuttgart-Bad Cannstatt|Stuttgart Nürnberger Str.|Stuttgart-Sommerrain|Fellbach,8000180,Waiblingen,Baden-Württemberg,Waiblingen,71332,9.300476874,48.8262444,3,2609100705.0,,2609100706.0,,h,2.0,Bauarbeiten,,,,,,,1.0,1.0
3888224273021493436-2609100733-10,7213,2609100754.0,2609100755.0,5.0,,S,S2,Schorndorf|Weiler(Rems)|Winterbach(b Schorndorf)|Geradstetten|Grunbach|Beutelsbach|Endersbach|Stetten-Beinstein|Rommelshausen,8000180,Waiblingen,Baden-Württemberg,Waiblingen,71332,9.300476874,48.8262444,3,2609100758.0,,2609100759.0,,h,2.0,Bauarbeiten,,,,,,,4.0,4.0
-2915141727268180381-2609100711-7,7311,2609100729.0,2609100730.0,1.0,,S,S3,Backnang|Maubach|Nellmersbach|Winnenden|Schwaikheim|Neustadt-Hohenacker,8000180,Waiblingen,Baden-Württemberg,Waiblingen,71332,9.300476874,48.8262444,3,2609100731.0,,2609100732.0,,,,,,,,,,,2.0,2.0
8037374960848513675-2609100648-3,19405,2609100702.0,2609100702.0,6.0,,ARV,MEX13,Stuttgart Hbf|Stuttgart-Bad Cannstatt,8000180,Waiblingen,Baden-Württemberg,Waiblingen,71332,9.300476874,48.8262444,3,2609100702.0,,2609100703.0,,h,2.0,Information,,,,,,,0.0,1.0
-5260417069663625653-2609100720-6,7208,2609100734.0,2609100735.0,7.0,,S,S2,Stuttgart Hbf|Stuttgart-Bad Cannstatt|Stuttgart Nürnberger Str.|Stuttgart-Sommerrain|Fellbach,8000180,Waiblingen,Baden-Württemberg,Waiblingen,71332,9.300476874,48.8262444,3,2609100736.0,,2609100737.0,,h,2.0,Bauarbeiten,,,,,,,2.0,2.0
-7300822635158528158-2609100635-12,89684,2609100752.0,2609100752.0,1.0,,ARV,RE90,Crailsheim|Eckartshausen-Ilshofen|Schwäbisch Hall-Hessental|Gaildorf West|Fichtenberg|Fornsbach|Murrhardt|Sulzbach(Murr)|Oppenweiler(Württ)|Backnang|Winnenden,8000180,Waiblingen,Baden-Württemberg,Waiblingen,71332,9.300476874,48.8262444,3,2609100803.0,,2609100804.0,,h,2.0,Information,,,,,,,11.0,12.0
-6595517868678510983-2609100703-10,7211,2609100724.0,2609100725.0,5.0,,S,S2,Schorndorf|Weiler(Rems)|Winterbach(b Schorndorf)|Geradstetten|Grunbach|Beutelsbach|Endersbach|Stetten-Beinstein|Rommelshausen,8000180,Waiblingen,Baden-Württemberg,Waiblingen,71332,9.300476874,48.8262444,3,2609100724.0,,2609100725.0,,h,2.0,Bauarbeiten,,,,,,,0.0,0.0
-4136739553637756736-2609100720-3,19457,2609100732.0,2609100732.0,6.0,,ARV,MEX13,Stuttgart Hbf|Stuttgart-Bad Cannstatt,8000180,Waiblingen,Baden-Württemberg,Waiblingen,71332,9.300476874,48.8262444,3,2609100733.0,7.0,2609100733.0,7,h,2.0,Information,,,,,,,1.0,1.0
-5465477625088129487-2609100636-16,19452,2609100758.0,2609100758.0,6.0,,ARV,MEX13,Ellwangen|Schrezheim|Schwabsberg|Goldshöfe|Hofen(b Aalen)|Wasseralfingen|Aalen Hbf|Mögglingen(Gmünd)|Böbingen(Rems)|Schwäbisch Gmünd|Lorch(Württ)|Waldhausen(b Schorndorf)|Plüderhausen|Urbach(b Schorndorf)|Schorndorf,8000180,Waiblingen,Baden-Württemberg,Waiblingen,71332,9.300476874,48.8262444,3,2609100809.0,,2609100809.0,,h,2.0,Information,,,,,,,11.0,11.0
-4004163488000567729-2609100605-12,17510,2609100720.0,2609100721.0,1.0,,RB,MEX90,Crailsheim|Eckartshausen-Ilshofen|Schwäbisch Hall-Hessental|Gaildorf West|Fichtenberg|Fornsbach|Murrhardt|Sulzbach(Murr)|Oppenweiler(Württ)|Backnang|Winnenden,8000180,Waiblingen,Baden-Württemberg,Waiblingen,71332,9.300476874,48.8262444,3,2609100720.0,,2609100721.0,,h,2.0,Störung,,,,,,,0.0,0.0
3577709664347333137-2609100712-6,7308,2609100729.0,2609100730.0,3.0,,S,S3,Stuttgart Hbf|Stuttgart-Bad Cannstatt|Stuttgart Nürnberger Str.|Stuttgart-Sommerrain|Fellbach,8000180,Waiblingen,Baden-Württemberg,Waiblingen,71332,9.300476874,48.8262444,3,2609100730.0,,2609100731.0,,,,,,,,,,,1.0,1.0
8151800894683998336-2609100726-3,17509,2609100737.0,2609100738.0,3.0,,RB,MEX19,Stuttgart Hbf|Stuttgart-Bad Cannstatt,8000180,Waiblingen,Baden-Württemberg,Waiblingen,71332,9.300476874,48.8262444,3,2609100737.0,,2609100738.0,,,,,,,,,,,0.0,0.0
-8714228285082007604-2609100742-6,7310,2609100759.0,2609100800.0,3.0,,S,S3,Stuttgart Hbf|Stuttgart-Bad Cannstatt|Stuttgart Nürnberger Str.|Stuttgart-Sommerrain|Fellbach,8000180,Waiblingen,Baden-Württemberg,Waiblingen,71332,9.300476874,48.8262444,3,2609100800.0,,2609100802.0,,,,,,,,,,,1.0,2.0
1183603668671718907-2609100741-7,7313,2609100759.0,2609100800.0,1.0,,S,S3,Backnang|Maubach|Nellmersbach|Winnenden|Schwaikheim|Neustadt-Hohenacker,8000180,Waiblingen,Baden-Württemberg,Waiblingen,71332,9.300476874,48.8262444,3,2609100759.0,,2609100800.0,,,,,,,,,,,0.0,0.0
5784758985011942046-2609100641-7,7309,2609100659.0,2609100700.0,1.0,,S,S3,Backnang|Maubach|Nellmersbach|Winnenden|Schwaikheim|Neustadt-Hohenacker,8000180,Waiblingen,Baden-Württemberg,Waiblingen,71332,9.300476874,48.8262444,3,2609100700.0,,2609100701.0,,,,,,,,,,,1.0,1.0
-4918736573732270498-2609100635-10,19410,2609100728.0,2609100728.0,6.0,,ARV,MEX13,Aalen Hbf|Mögglingen(Gmünd)|Böbingen(Rems)|Schwäbisch Gmünd|Lorch(Württ)|Waldhausen(b Schorndorf)|Plüderhausen|Urbach(b Schorndorf)|Schorndorf,8000180,Waiblingen,Baden-Württemberg,Waiblingen,71332,9.300476874,48.8262444,3,2609100729.0,,2609100729.0,,h,2.0,Information,,,,,,,1.0,1.0
7902696573559661293-2609100733-1,33861,,2609100733.0,,,S,S6,,8006271,Weil der Stadt,Baden-Württemberg,Weil der Stadt,71263,8.873189074,48.7557357,4,,,2609100733.0,2,,,,,,,,,,0.0,0.0
7833477321738378564-2609100713-5,33856,2609100727.0,,,,S,,Leonberg|Rutesheim|Renningen|Malmsheim,8006271,Weil der Stadt,Baden-Württemberg,Weil der Stadt,71263,8.873189074,48.7557357,4,2609100728.0,2.0,,,,,,,,,,,,1.0,0.0
-4136157841439230125-2609100740-5,26133,2609100758.0,,141.0,,SWE,,Calw|Calw-Heumaden|Althengstett|Ostelsheim,8006271,Weil der Stadt,Baden-Württemberg,Weil der Stadt,71263,8.873189074,48.7557357,4,2609100759.0,,,,,,,,,,,,,1.0,0.0
769857179872068324-2609100717-1,26130,,2609100717.0,,,SWE,RB76,,8006271,Weil der Stadt,Baden-Württemberg,Weil der Stadt,71263,8.873189074,48.7557357,4,,,2609100717.0,,,,,,,,,,,0.0,0.0
-5823901558938223341-2609100742-2,26132,2609100745.0,2609100747.0,141.0,,SWE,RB76,Renningen,8006271,Weil der Stadt,Baden-Württemberg,Weil der Stadt,71263,8.873189074,48.7557357,4,2609100748.0,,2609100748.0,,,,,,,,,,,3.0,1.0
4912576580386250148-2609100743-5,33858,2609100757.0,,,,S,,Leonberg|Rutesheim|Renningen|Malmsheim,8006271,Weil der Stadt,Baden-Württemberg,Weil der Stadt,71263,8.873189074,48.7557357,4,2609100758.0,2.0,,,,,,,,,,,,1.0,0.0
2236282585249039413-2609100703-1,33859,,2609100703.0,,,S,S6,,8006271,Weil der Stadt,Baden-Württemberg,Weil der Stadt,71263,8.873189074,48.7557357,4,,,2609100703.0,2,,,,,,,,,,0.0,0.0
7234702021475349629-2609100710-5,26131,2609100728.0,2609100728.0,141.0,,SWE,RB76,Calw|Calw-Heumaden|Althengstett|Ostelsheim,8006271,Weil der Stadt,Baden-Württemberg,Weil der Stadt,71263,8.873189074,48.7557357,4,2609100728.0,,2609100728.0,,,,,,,,,,,0.0,0.0
3965518062033575210-2609100650-14,7206,2609100722.0,2609100722.0,1.0,,S,S2,Stuttgart Hbf|Stuttgart-Bad Cannstatt|Stuttgart Nürnberger Str.|Stuttgart-Sommerrain|Fellbach|Waiblingen|Rommelshausen|Stetten-Beinstein|Endersbach|Beutelsbach|Grunbach|Geradstetten|Winterbach(b Schorndorf),8006277,Weiler (Rems),Baden-Württemberg,Schorndorf,76314,9.501891172,48.80034585,5,2609100723.0,,2609100724.0,,h,2.0,Bauarbeiten,,,,,,,1.0,2.0
3888224273021493436-2609100733-2,7213,2609100736.0,2609100736.0,2.0,,S,S2,Schorndorf,8006277,Weiler (Rems),Baden-Württemberg,Schorndorf,76314,9.501891172,48.80034585,5,2609100739.0,,2609100740.0,,h,2.0,Bauarbeiten,,,,,,,3.0,4.0
-5260417069663625653-2609100720-14,7208,2609100752.0,2609100752.0,1.0,,S,S2,Stuttgart Hbf|Stuttgart-Bad Cannstatt|Stuttgart Nürnberger Str.|Stuttgart-Sommerrain|Fellbach|Waiblingen|Rommelshausen|Stetten-Beinstein|Endersbach|Beutelsbach|Grunbach|Geradstetten|Winterbach(b Schorndorf),8006277,Weiler (Rems),Baden-Württemberg,Schorndorf,76314,9.501891172,48.80034585,5,2609100753.0,,2609100754.0,,h,2.0,Bauarbeiten,,,,,,,1.0,2.0
-6595517868678510983-2609100703-2,7211,2609100706.0,2609100706.0,2.0,,S,S2,Schorndorf,8006277,Weiler (Rems),Baden-Württemberg,Schorndorf,76314,9.501891172,48.80034585,5,2609100706.0,,2609100706.0,,h,2.0,Bauarbeiten,,,,,,,0.0,0.0
-3543935101138175461-2609100729-3,16046,2609100759.0,,3.0,,RE,,Ulm Hbf|Merklingen - Schwäbische Alb,8006331,Wendlingen (Neckar),Baden-Württemberg,Wendlingen am Neckar,73240,9.373662098,48.67368917,3,2609100758.0,,,,h,2.0,Störung,,,,,,,-1.0,0.0
8759418788528928451-2609100655-13,7108,2609100732.0,2609100733.0,11.0,,S,S1,Stuttgart Hbf|Stuttgart-Bad Cannstatt|Stuttgart Neckarpark|Stuttgart-Untertürkheim|Stuttgart-Obertürkheim|Esslingen-Mettingen|Esslingen(Neckar)|Oberesslingen|Esslingen-Zell|Altbach|Plochingen|Wernau(Neckar),8006331,Wendlingen (Neckar),Baden-Württemberg,Wendlingen am Neckar,73240,9.373662098,48.67368917,3,2609100734.0,,2609100735.0,,,,,,,,,,,2.0,2.0
-7908498233924216314-2609100750-3,7115,2609100757.0,2609100758.0,12.0,,S,S1,Kirchheim(Teck)|Kirchheim(Teck)-Ötlingen,8006331,Wendlingen (Neckar),Baden-Württemberg,Wendlingen am Neckar,73240,9.373662098,48.67368917,3,2609100757.0,,2609100802.0,,,,,,,,,,,0.0,4.0
-7709757529463307534-2609100720-3,7113,2609100727.0,2609100728.0,12.0,,S,S1,Kirchheim(Teck)|Kirchheim(Teck)-Ötlingen,8006331,Wendlingen (Neckar),Baden-Württemberg,Wendlingen am Neckar,73240,9.373662098,48.67368917,3,2609100727.0,,2609100728.0,,,,,,,,,,,0.0,0.0
5752082848521759462-2609100717-6,19220,2609100741.0,2609100741.0,1.0,,RE,MEX12,Reutlingen Hbf|Metzingen(Württ)|Bempflingen|Nürtingen|Oberboihingen,8006331,Wendlingen (Neckar),Baden-Württemberg,Wendlingen am Neckar,73240,9.373662098,48.67368917,3,2609100742.0,,2609100743.0,,h,2.0,Störung,,,,,,,1.0,2.0
6953740057931963946-2609100629-3,16044,2609100700.0,,3.0,,RE,,Ulm Hbf|Merklingen - Schwäbische Alb,8006331,Wendlingen (Neckar),Baden-Württemberg,Wendlingen am Neckar,73240,9.373662098,48.67368917,3,2609100701.0,,,,h,2.0,Störung,,,,,,,1.0,0.0
-5963168999968799515-2609100625-13,7106,2609100702.0,2609100703.0,11.0,,S,S1,Stuttgart Hbf|Stuttgart-Bad Cannstatt|Stuttgart Neckarpark|Stuttgart-Untertürkheim|Stuttgart-Obertürkheim|Esslingen-Mettingen|Esslingen(Neckar)|Oberesslingen|Esslingen-Zell|Altbach|Plochingen|Wernau(Neckar),8006331,Wendlingen (Neckar),Baden-Württemberg,Wendlingen am Neckar,73240,9.373662098,48.67368917,3,2609100702.0,,2609100703.0,,,,,,,,,,,0.0,0.0
4277366403163715273-2609100557-13,19301,2609100719.0,2609100720.0,2.0,,RE,MEX18,Heilbronn Hbf|Nordheim(Württ)|Lauffen(Neckar)|Kirchheim(Neckar)|Walheim(Württ)|Besigheim|Bietigheim-Bissingen|Ludwigsburg|Stuttgart Hbf|Stuttgart-Bad Cannstatt|Esslingen(Neckar)|Plochingen,8006331,Wendlingen (Neckar),Baden-Württemberg,Wendlingen am Neckar,73240,9.373662098,48.67368917,3,2609100727.0,,2609100728.0,,h,2.0,Störung,,,,,,,8.0,8.0
2311060815632169594-2609100724-1,16045,,2609100724.0,,,RE,RE200,,8006331,Wendlingen (Neckar),Baden-Württemberg,Wendlingen am Neckar,73240,9.373662098,48.67368917,3,,,2609100724.0,,h,2.0,Störung,,,,,,,0.0,0.0
8759418788528928451-2609100655-12,7108,2609100728.0,2609100729.0,2.0,,S,S1,Stuttgart Hbf|Stuttgart-Bad Cannstatt|Stuttgart Neckarpark|Stuttgart-Untertürkheim|Stuttgart-Obertürkheim|Esslingen-Mettingen|Esslingen(Neckar)|Oberesslingen|Esslingen-Zell|Altbach|Plochingen,8006346,Wernau (Neckar),Baden-Württemberg,Wernau (Neckar),73249,9.413654423,48.69417221,4,2609100731.0,,2609100731.0,,,,,,,,,,,3.0,2.0
-6655970972115007016-2609100650-4,7111,2609100701.0,2609100701.0,1.0,,S,S1,Kirchheim(Teck)|Kirchheim(Teck)-Ötlingen|Wendlingen(Neckar),8006346,Wernau (Neckar),Baden-Württemberg,Wernau (Neckar),73249,9.413654423,48.69417221,4,2609100701.0,,2609100701.0,,,,,,,,,,,0.0,0.0
-7709757529463307534-2609100720-4,7113,2609100731.0,2609100731.0,1.0,,S,S1,Kirchheim(Teck)|Kirchheim(Teck)-Ötlingen|Wendlingen(Neckar),8006346,Wernau (Neckar),Baden-Württemberg,Wernau (Neckar),73249,9.413654423,48.69417221,4,2609100731.0,,2609100731.0,,,,,,,,,,,0.0,0.0
2394736871359748075-2609100725-12,7110,2609100758.0,2609100759.0,2.0,,S,S1,Stuttgart Hbf|Stuttgart-Bad Cannstatt|Stuttgart Neckarpark|Stuttgart-Untertürkheim|Stuttgart-Obertürkheim|Esslingen-Mettingen|Esslingen(Neckar)|Oberesslingen|Esslingen-Zell|Altbach|Plochingen,8006346,Wernau (Neckar),Baden-Württemberg,Wernau (Neckar),73249,9.413654423,48.69417221,4,2609100758.0,,2609100759.0,,,,,,,,,,,0.0,0.0
-6211003010298504877-2609100642-9,7306,2609100709.0,2609100709.0,2.0,,S,S3,Stuttgart Hbf|Stuttgart-Bad Cannstatt|Stuttgart Nürnberger Str.|Stuttgart-Sommerrain|Fellbach|Waiblingen|Neustadt-Hohenacker|Schwaikheim,8006479,Winnenden,Baden-Württemberg,Winnenden,71364,9.392155928,48.8795625,3,2609100709.0,,2609100709.0,,,,,,,,,,,0.0,0.0
-6972089608067190623-2609100644-4,88613,2609100700.0,2609100701.0,2.0,,ARV,RE90,Stuttgart Hbf|Stuttgart-Bad Cannstatt|Waiblingen,8006479,Winnenden,Baden-Württemberg,Winnenden,71364,9.392155928,48.8795625,3,2609100701.0,,2609100702.0,,,,,,,,,,,1.0,1.0
-2915141727268180381-2609100711-4,7311,2609100719.0,2609100720.0,3.0,,S,S3,Backnang|Maubach|Nellmersbach,8006479,Winnenden,Baden-Württemberg,Winnenden,71364,9.392155928,48.8795625,3,2609100721.0,,2609100722.0,,,,,,,,,,,2.0,2.0
-7300822635158528158-2609100635-11,89684,2609100744.0,2609100745.0,3.0,,ARV,RE90,Crailsheim|Eckartshausen-Ilshofen|Schwäbisch Hall-Hessental|Gaildorf West|Fichtenberg|Fornsbach|Murrhardt|Sulzbach(Murr)|Oppenweiler(Württ)|Backnang,8006479,Winnenden,Baden-Württemberg,Winnenden,71364,9.392155928,48.8795625,3,2609100752.0,,2609100753.0,,h,2.0,Information,,,,,,,8.0,8.0
-4004163488000567729-2609100605-11,17510,2609100712.0,2609100713.0,3.0,,RB,MEX90,Crailsheim|Eckartshausen-Ilshofen|Schwäbisch Hall-Hessental|Gaildorf West|Fichtenberg|Fornsbach|Murrhardt|Sulzbach(Murr)|Oppenweiler(Württ)|Backnang,8006479,Winnenden,Baden-Württemberg,Winnenden,71364,9.392155928,48.8795625,3,2609100712.0,,2609100713.0,,h,2.0,Störung,,,,,,,0.0,0.0
3577709664347333137-2609100712-9,7308,2609100739.0,2609100739.0,2.0,,S,S3,Stuttgart Hbf|Stuttgart-Bad Cannstatt|Stuttgart Nürnberger Str.|Stuttgart-Sommerrain|Fellbach|Waiblingen|Neustadt-Hohenacker|Schwaikheim,8006479,Winnenden,Baden-Württemberg,Winnenden,71364,9.392155928,48.8795625,3,2609100739.0,,2609100740.0,,,,,,,,,,,0.0,1.0
8151800894683998336-2609100726-4,17509,2609100744.0,2609100745.0,2.0,,RB,MEX19,Stuttgart Hbf|Stuttgart-Bad Cannstatt|Waiblingen,8006479,Winnenden,Baden-Württemberg,Winnenden,71364,9.392155928,48.8795625,3,2609100744.0,,2609100745.0,,,,,,,,,,,0.0,0.0
1183603668671718907-2609100741-4,7313,2609100749.0,2609100750.0,3.0,,S,S3,Backnang|Maubach|Nellmersbach,8006479,Winnenden,Baden-Württemberg,Winnenden,71364,9.392155928,48.8795625,3,2609100749.0,,2609100750.0,,,,,,,,,,,0.0,0.0
3965518062033575210-2609100650-13,7206,2609100720.0,2609100720.0,2.0,,S,S2,Stuttgart Hbf|Stuttgart-Bad Cannstatt|Stuttgart Nürnberger Str.|Stuttgart-Sommerrain|Fellbach|Waiblingen|Rommelshausen|Stetten-Beinstein|Endersbach|Beutelsbach|Grunbach|Geradstetten,8006485,Winterbach (b Schorndorf),Baden-Württemberg,Winterbach,73650,9.481549751,48.79842743,4,2609100721.0,,2609100721.0,,h,2.0,Bauarbeiten,,,,,,,1.0,1.0
3888224273021493436-2609100733-3,7213,2609100738.0,2609100738.0,1.0,,S,S2,Schorndorf|Weiler(Rems),8006485,Winterbach (b Schorndorf),Baden-Württemberg,Winterbach,73650,9.481549751,48.79842743,4,2609100741.0,,2609100742.0,,h,2.0,Bauarbeiten,,,,,,,3.0,4.0
-5260417069663625653-2609100720-13,7208,2609100750.0,2609100750.0,2.0,,S,S2,Stuttgart Hbf|Stuttgart-Bad Cannstatt|Stuttgart Nürnberger Str.|Stuttgart-Sommerrain|Fellbach|Waiblingen|Rommelshausen|Stetten-Beinstein|Endersbach|Beutelsbach|Grunbach|Geradstetten,8006485,Winterbach (b Schorndorf),Baden-Württemberg,Winterbach,73650,9.481549751,48.79842743,4,2609100751.0,,2609100752.0,,h,2.0,Bauarbeiten,,,,,,,1.0,2.0
-6595517868678510983-2609100703-3,7211,2609100708.0,2609100708.0,1.0,,S,S2,Schorndorf|Weiler(Rems),8006485,Winterbach (b Schorndorf),Baden-Württemberg,Winterbach,73650,9.481549751,48.79842743,4,2609100708.0,,2609100708.0,,h,2.0,Bauarbeiten,,,,,,,0.0,0.0
2842835760258306804-2609100658-5,7010,2609100715.0,2609100715.0,2.0,,S,S60,Leonberg|Rutesheim|Renningen|Renningen Süd,8003807,Magstadt,Baden-Württemberg,Magstadt,71106,8.965315746,48.73616033,6,2609100716.0,,2609100717.0,,h,1.0,Bauarbeiten,,,,,,,1.0,2.0
8714567639514254110-2609100704-5,7009,2609100713.0,2609100714.0,1.0,,S,S60,Böblingen|Sindelfingen|Maichingen|Maichingen Nord,8003807,Magstadt,Baden-Württemberg,Magstadt,71106,8.965315746,48.73616033,6,2609100715.0,,2609100716.0,,h,1.0,Bauarbeiten,,,,,,,2.0,2.0
4072775096959489473-2609100728-5,7012,2609100745.0,2609100745.0,2.0,,S,S60,Leonberg|Rutesheim|Renningen|Renningen Süd,8003807,Magstadt,Baden-Württemberg,Magstadt,71106,8.965315746,48.73616033,6,2609100746.0,,2609100746.0,,h,1.0,Bauarbeiten,,,,,,,1.0,1.0
3592955462745051107-2609100734-5,7011,2609100743.0,2609100744.0,1.0,,S,S60,Böblingen|Sindelfingen|Maichingen|Maichingen Nord,8003807,Magstadt,Baden-Württemberg,Magstadt,71106,8.965315746,48.73616033,6,2609100744.0,,2609100745.0,,h,1.0,Bauarbeiten,,,,,,,1.0,1.0
2842835760258306804-2609100658-6,7010,2609100717.0,2609100717.0,2.0,,S,S60,Leonberg|Rutesheim|Renningen|Renningen Süd|Magstadt,8003834,Maichingen Nord,Baden-Württemberg,Sindelfingen,71069,8.979416996,48.72750392,5,2609100718.0,,2609100719.0,,h,1.0,Bauarbeiten,,,,,,,1.0,2.0
8714567639514254110-2609100704-4,7009,2609100711.0,2609100711.0,1.0,,S,S60,Böblingen|Sindelfingen|Maichingen,8003834,Maichingen Nord,Baden-Württemberg,Sindelfingen,71069,8.979416996,48.72750392,5,2609100712.0,,2609100713.0,,h,1.0,Bauarbeiten,,,,,,,1.0,2.0
4072775096959489473-2609100728-6,7012,2609100747.0,2609100747.0,2.0,,S,S60,Leonberg|Rutesheim|Renningen|Renningen Süd|Magstadt,8003834,Maichingen Nord,Baden-Württemberg,Sindelfingen,71069,8.979416996,48.72750392,5,2609100748.0,,2609100748.0,,h,1.0,Bauarbeiten,,,,,,,1.0,1.0
3592955462745051107-2609100734-4,7011,2609100741.0,2609100741.0,1.0,,S,S60,Böblingen|Sindelfingen|Maichingen,8003834,Maichingen Nord,Baden-Württemberg,Sindelfingen,71069,8.979416996,48.72750392,5,2609100742.0,,2609100743.0,,h,1.0,Bauarbeiten,,,,,,,1.0,2.0
2842835760258306804-2609100658-7,7010,2609100719.0,2609100719.0,1.0,,S,S60,Leonberg|Rutesheim|Renningen|Renningen Süd|Magstadt|Maichingen Nord,8003808,Maichingen,Baden-Württemberg,Sindelfingen,71069,8.969606704,48.72162074,6,2609100720.0,,2609100721.0,,h,1.0,Bauarbeiten,,,,,,,1.0,2.0
8714567639514254110-2609100704-3,7009,2609100709.0,2609100710.0,1.0,,S,S60,Böblingen|Sindelfingen,8003808,Maichingen,Baden-Württemberg,Sindelfingen,71069,8.969606704,48.72162074,6,2609100710.0,,2609100711.0,,h,1.0,Bauarbeiten,,,,,,,1.0,1.0
4072775096959489473-2609100728-7,7012,2609100749.0,2609100749.0,1.0,,S,S60,Leonberg|Rutesheim|Renningen|Renningen Süd|Magstadt|Maichingen Nord,8003808,Maichingen,Baden-Württemberg,Sindelfingen,71069,8.969606704,48.72162074,6,2609100750.0,,2609100750.0,,h,1.0,Bauarbeiten,,,,,,,1.0,1.0
3592955462745051107-2609100734-3,7011,2609100739.0,2609100740.0,1.0,,S,S60,Böblingen|Sindelfingen,8003808,Maichingen,Baden-Württemberg,Sindelfingen,71069,8.969606704,48.72162074,6,2609100740.0,,2609100741.0,,h,1.0,Bauarbeiten,,,,,,,1.0,1.0
2842835760258306804-2609100658-4,7010,2609100711.0,2609100711.0,2.0,,S,S60,Leonberg|Rutesheim|Renningen,8005001,Renningen Süd,Baden-Württemberg,Renningen,71272,8.932068278,48.76261937,6,2609100712.0,,2609100713.0,,h,1.0,Bauarbeiten,,,,,,,1.0,2.0
8714567639514254110-2609100704-6,7009,2609100717.0,2609100718.0,1.0,,S,S60,Böblingen|Sindelfingen|Maichingen|Maichingen Nord|Magstadt,8005001,Renningen Süd,Baden-Württemberg,Renningen,71272,8.932068278,48.76261937,6,2609100719.0,,2609100720.0,,h,1.0,Bauarbeiten,,,,,,,2.0,2.0
4072775096959489473-2609100728-4,7012,2609100741.0,2609100741.0,2.0,,S,S60,Leonberg|Rutesheim|Renningen,8005001,Renningen Süd,Baden-Württemberg,Renningen,71272,8.932068278,48.76261937,6,2609100742.0,,2609100743.0,,h,1.0,Bauarbeiten,,,,,,,1.0,2.0
3592955462745051107-2609100734-6,7011,2609100747.0,2609100748.0,1.0,,S,S60,Böblingen|Sindelfingen|Maichingen|Maichingen Nord|Magstadt,8005001,Renningen Süd,Baden-Württemberg,Renningen,71272,8.932068278,48.76261937,6,2609100748.0,,2609100749.0,,h,1.0,Bauarbeiten,,,,,,,1.0,1.0
