ID,train_number,planned_arrival,planned_departure,planned_platform,planned_status,category_train,train,path,eva_nr,station_name,station_state,station_city,station_zipcode,station_long,station_lat,station_category,changed_arrival,changed_platform_arrival,changed_departure,changed_platform_departure,message_status,priority,info,arrival_hidden,departure_hidden,arrival_path,departure_path,arrival_status,departure_status,arrival_delay_m,departure_delay_m
2686007473625185344-2609110001-6,618,2609110215.0,2609110227.0,10.0,,ICE,,München Hbf|München-Pasing|Augsburg Hbf|Günzburg|Ulm Hbf,8000096,Stuttgart Hbf,Baden-Württemberg,Stuttgart,70173,9.183172973,48.78473069,1,2609110307.0,,2609110314.0,,h,2.0,Information,,,München Hbf|München-Pasing|Augsburg Hbf|Günzburg|Ulm Hbf,Heidelberg Hbf|Mannheim Hbf|Frankfurt(Main)Hbf|Frankfurt(M) Flughafen Fernbf|Siegburg/Bonn|Köln Hbf|Düsseldorf Hbf|Duisburg Hbf|Oberhausen Hbf|Gelsenkirchen Hbf|Münster(Westf)Hbf|Osnabrück Hbf|Bremen Hbf|Hamburg-Harburg|Hamburg Hbf|Hamburg Dammtor|Hamburg-Altona,,,52.0,47.0
6181068125164198804-2609102355-10,7176,2609110020.0,2609110020.0,4.0,,S,S1,Stuttgart Hbf|Stuttgart-Bad Cannstatt|Stuttgart Neckarpark|Stuttgart-Untertürkheim|Stuttgart-Obertürkheim|Esslingen-Mettingen|Esslingen(Neckar)|Oberesslingen|Esslingen-Zell,8000508,Altbach,Baden-Württemberg,Altbach,73776,9.382434033,48.72031354,3,2609110020.0,,2609110021.0,,,,,,,,,,,0.0,1.0
-8775031481172421761-2609110020-6,7181,2609110039.0,2609110040.0,3.0,,S,S1,Kirchheim(Teck)|Kirchheim(Teck)-Ötlingen|Wendlingen(Neckar)|Wernau(Neckar)|Plochingen,8000508,Altbach,Baden-Württemberg,Altbach,73776,9.382434033,48.72031354,3,2609110039.0,,2609110040.0,,,,,,,,,,,0.0,0.0
2298525024658281877-2609110025-10,7178,2609110050.0,2609110050.0,4.0,,S,S1,Stuttgart Hbf|Stuttgart-Bad Cannstatt|Stuttgart Neckarpark|Stuttgart-Untertürkheim|Stuttgart-Obertürkheim|Esslingen-Mettingen|Esslingen(Neckar)|Oberesslingen|Esslingen-Zell,8000508,Altbach,Baden-Württemberg,Altbach,73776,9.382434033,48.72031354,3,2609110051.0,,2609110051.0,,,,,,,,,,,1.0,1.0
8092363418274949423-2609102350-6,7179,2609110009.0,2609110010.0,3.0,,S,S1,Kirchheim(Teck)|Kirchheim(Teck)-Ötlingen|Wendlingen(Neckar)|Wernau(Neckar)|Plochingen,8000508,Altbach,Baden-Württemberg,Altbach,73776,9.382434033,48.72031354,3,2609110010.0,,2609110011.0,,,,,,,,,,,1.0,1.0
6798625749353298235-2609110012-12,7376,2609110048.0,,5.0,,S,,Stuttgart Hbf|Stuttgart-Bad Cannstatt|Stuttgart Nürnberger Str.|Stuttgart-Sommerrain|Fellbach|Waiblingen|Neustadt-Hohenacker|Schwaikheim|Winnenden|Nellmersbach|Maubach,8000016,Backnang,Baden-Württemberg,Backnang,71522,9.425986107,48.94264844,3,2609110048.0,,,,,,,,,,,,,0.0,0.0
4235977593412169897-2609102342-12,7374,2609110018.0,,5.0,,S,,Stuttgart Hbf|Stuttgart-Bad Cannstatt|Stuttgart Nürnberger Str.|Stuttgart-Sommerrain|Fellbach|Waiblingen|Neustadt-Hohenacker|Schwaikheim|Winnenden|Nellmersbach|Maubach,8000016,Backnang,Baden-Württemberg,Backnang,71522,9.425986107,48.94264844,3,2609110020.0,,,,,,,,,,,,,2.0,0.0
-4175471405587783145-2609110007-14,7474,2609110052.0,,1.0,,S,,Stuttgart Hbf|Stuttgart Nordbahnhof|Stuttgart-Feuerbach|Stuttgart-Zuffenhausen|Kornwestheim Pbf|Ludwigsburg|Favoritepark|Freiberg(Neckar)|Benningen(Neckar)|Marbach(Neckar)|Erdmannhausen|Kirchberg(Murr)|Burgstall(Murr),8000016,Backnang,Baden-Württemberg,Backnang,71522,9.425986107,48.94264844,3,2609110054.0,,,,,,,,,,,,,2.0,0.0
1549583197322147811-2609102238-16,88652,2609110038.0,2609110039.0,4.0,,ARV,RE90,Nürnberg Hbf|Roßtal|Heilsbronn|Wicklesgreuth|Ansbach|Leutershausen-Wiedersbach|Dombühl|Schnelldorf|Crailsheim|Eckartshausen-Ilshofen|Schwäbisch Hall-Hessental|Gaildorf West|Murrhardt|Sulzbach(Murr)|Oppenweiler(Württ),8000016,Backnang,Baden-Württemberg,Backnang,71522,9.425986107,48.94264844,3,2609110043.0,,2609110045.0,,,,,,,,,,,5.0,6.0
8494074834215864068-2609110011-1,7379,,2609110011.0,,,S,S3,,8000016,Backnang,Baden-Württemberg,Backnang,71522,9.425986107,48.94264844,3,,,2609110012.0,,,,,,,,,,,0.0,1.0
414984855934234452-2609102332-7,17570,2609110006.0,2609110007.0,3.0,,RB,MEX19,Gaildorf West|Fichtenberg|Fornsbach|Murrhardt|Sulzbach(Murr)|Oppenweiler(Württ),8000016,Backnang,Baden-Württemberg,Backnang,71522,9.425986107,48.94264844,3,2609110006.0,,2609110007.0,,,,,,,,,,,0.0,0.0
1481285002460915742-2609110034-5,17501,2609110058.0,2609110058.0,4.0,,RB,MEX90,Stuttgart Hbf|Stuttgart-Bad Cannstatt|Waiblingen|Winnenden,8000016,Backnang,Baden-Württemberg,Backnang,71522,9.425986107,48.94264844,3,2609110100.0,,2609110100.0,,,,,,,,,,,2.0,2.0
3008894599226717977-2609102337-9,7472,2609110002.0,2609110003.0,1.0,,S,S4,Stuttgart Hbf|Stuttgart Nordbahnhof|Stuttgart-Feuerbach|Stuttgart-Zuffenhausen|Kornwestheim Pbf|Ludwigsburg|Favoritepark|Freiberg(Neckar),8000873,Benningen (Neckar),Baden-Württemberg,Benningen am Neckar,71726,9.244299075,48.94379773,5,2609110004.0,,2609110005.0,,,,,,,,,,,2.0,2.0
-4175471405587783145-2609110007-9,7474,2609110032.0,2609110033.0,1.0,,S,S4,Stuttgart Hbf|Stuttgart Nordbahnhof|Stuttgart-Feuerbach|Stuttgart-Zuffenhausen|Kornwestheim Pbf|Ludwigsburg|Favoritepark|Freiberg(Neckar),8000873,Benningen (Neckar),Baden-Württemberg,Benningen am Neckar,71726,9.244299075,48.94379773,5,2609110034.0,,2609110035.0,,,,,,,,,,,2.0,2.0
-8097229136581884814-2609110033-6,7281,2609110045.0,2609110045.0,2.0,,S,S2,Schorndorf|Weiler(Rems)|Winterbach(b Schorndorf)|Geradstetten|Grunbach,8000934,Beutelsbach,Baden-Württemberg,Weinstadt,71384,9.38551589,48.81038925,5,2609110045.0,,2609110046.0,,h,2.0,Bauarbeiten,,,,,,,0.0,1.0
6461875104419562950-2609110020-10,7276,2609110043.0,2609110043.0,1.0,,S,S2,Stuttgart Hbf|Stuttgart-Bad Cannstatt|Stuttgart Nürnberger Str.|Stuttgart-Sommerrain|Fellbach|Waiblingen|Rommelshausen|Stetten-Beinstein|Endersbach,8000934,Beutelsbach,Baden-Württemberg,Weinstadt,71384,9.38551589,48.81038925,5,2609110044.0,,2609110045.0,,h,2.0,Bauarbeiten,,,,,,,1.0,2.0
-6065798673451795825-2609102350-10,7274,2609110013.0,2609110013.0,1.0,,S,S2,Stuttgart Hbf|Stuttgart-Bad Cannstatt|Stuttgart Nürnberger Str.|Stuttgart-Sommerrain|Fellbach|Waiblingen|Rommelshausen|Stetten-Beinstein|Endersbach,8000934,Beutelsbach,Baden-Württemberg,Weinstadt,71384,9.38551589,48.81038925,5,2609110015.0,,2609110016.0,,h,2.0,Bauarbeiten,,,,,,,2.0,3.0
6570008134094305920-2609110003-6,7279,2609110015.0,2609110015.0,2.0,,S,S2,Schorndorf|Weiler(Rems)|Winterbach(b Schorndorf)|Geradstetten|Grunbach,8000934,Beutelsbach,Baden-Württemberg,Weinstadt,71384,9.38551589,48.81038925,5,2609110015.0,,2609110015.0,,h,2.0,Bauarbeiten,,,,,,,0.0,0.0
1867594147617318140-2609110036-1,88777,,2609110036.0,,,RE,MEX12,,8000038,Bietigheim-Bissingen,Baden-Württemberg,Bietigheim-Bissingen,74321,9.137217396,48.94794988,2,,,,,,,,,,,,,c,0.0,0.0
575051924010749743-2609102357-7,19377,2609110022.0,2609110027.0,8.0,,RE,MEX12,Heilbronn Hbf|Nordheim(Württ)|Lauffen(Neckar)|Kirchheim(Neckar)|Walheim(Württ)|Besigheim,8000038,Bietigheim-Bissingen,Baden-Württemberg,Bietigheim-Bissingen,74321,9.137217396,48.94794988,2,2609110022.0,,2609110031.0,,h,2.0,Störung,,,,,,,0.0,4.0
-6342382568126164390-2609102312-4,19037,2609110002.0,2609110003.0,4.0,,ARV,RE1,Karlsruhe Hbf|Karlsruhe-Durlach|Vaihingen(Enz),8000038,Bietigheim-Bissingen,Baden-Württemberg,Bietigheim-Bissingen,74321,9.137217396,48.94794988,2,2609110004.0,,2609110005.0,,,,,,,,,,,2.0,2.0
-7148923307809895205-2609110040-1,19584,,2609110040.0,,,RE,MEX17,,8000038,Bietigheim-Bissingen,Baden-Württemberg,Bietigheim-Bissingen,74321,9.137217396,48.94794988,2,,,,,,,,,,,,,,0.0,0.0
-355490724338847368-2609110000-1,88775,,2609110000.0,,,RE,MEX18,,8000038,Bietigheim-Bissingen,Baden-Württemberg,Bietigheim-Bissingen,74321,9.137217396,48.94794988,2,,,,,,,,,,,,,c,0.0,0.0
7219425221088281801-2609110004-1,19362,,2609110004.0,,,RE,MEX17,,8000038,Bietigheim-Bissingen,Baden-Württemberg,Bietigheim-Bissingen,74321,9.137217396,48.94794988,2,,,2609110008.0,,h,2.0,Störung,,,,,,,0.0,4.0
4489850678279006572-2609110005-1,8000,,2609110005.0,,,WEG,RB46,,8001055,Böblingen,Baden-Württemberg,Böblingen,71034,9.004531864,48.68784871,3,,,2609110005.0,,,,,,,,,,,0.0,0.0
4991213592121918551-2609102346-6,7778,2609110000.0,2609110000.0,3.0,,S,S1,Herrenberg|Nufringen|Gärtringen|Ehningen(b Böblingen)|Hulb,8001055,Böblingen,Baden-Württemberg,Böblingen,71034,9.004531864,48.68784871,3,2609110001.0,,2609110002.0,,,,,,,,,,,1.0,2.0
-4429961813474362097-2609110002-12,8001,2609110025.0,,1.0,,WEG,,Dettenhausen|Weil im Schönbuch Untere Halde|Weil im Schönbuch Röte|Weil im Schönbuch Troppel|Holzgerlingen Buch|Holzgerlingen Bf|Holzgerlingen Hülben|Böblingen Zimmerschlag|Böblingen Heusteigstr|Böblingen Südbf|Böblingen Danziger Str,8001055,Böblingen,Baden-Württemberg,Böblingen,71034,9.004531864,48.68784871,3,2609110025.0,,,,,,,,,,,,,0.0,0.0
-2978262493163587752-2609110016-6,7780,2609110030.0,2609110030.0,3.0,,S,S1,Herrenberg|Nufringen|Gärtringen|Ehningen(b Böblingen)|Hulb,8001055,Böblingen,Baden-Württemberg,Böblingen,71034,9.004531864,48.68784871,3,2609110030.0,,2609110030.0,,,,,,,,,,,0.0,0.0
3254218711381615406-2609102346-4,7775,2609110000.0,2609110000.0,4.0,,S,S1,Stuttgart-Vaihingen|Stuttgart-Rohr|Goldberg(Württ),8001055,Böblingen,Baden-Württemberg,Böblingen,71034,9.004531864,48.68784871,3,2609110000.0,,2609110000.0,,,,,,,,,,,0.0,0.0
-9074467080985277700-2609110034-1,7079,,2609110034.0,,,S,S60,,8001055,Böblingen,Baden-Württemberg,Böblingen,71034,9.004531864,48.68784871,3,,,2609110034.0,,h,1.0,Bauarbeiten,,,,,,,0.0,0.0
3135343690013222861-2609110009-7,7078,2609110026.0,,5.0,,S,,Renningen|Renningen Süd|Magstadt|Maichingen Nord|Maichingen|Sindelfingen,8001055,Böblingen,Baden-Württemberg,Böblingen,71034,9.004531864,48.68784871,3,2609110026.0,,,,h,1.0,Bauarbeiten,,,,,,,0.0,0.0
-8774147686098078692-2609110004-1,7077,,2609110004.0,,,S,S60,,8001055,Böblingen,Baden-Württemberg,Böblingen,71034,9.004531864,48.68784871,3,,,2609110004.0,,h,1.0,Bauarbeiten,,,,,,,0.0,0.0
-1459141203769340300-2609110016-4,7777,2609110030.0,2609110030.0,4.0,,S,S1,Stuttgart-Vaihingen|Stuttgart-Rohr|Goldberg(Württ),8001055,Böblingen,Baden-Württemberg,Böblingen,71034,9.004531864,48.68784871,3,2609110030.0,,2609110031.0,,,,,,,,,,,0.0,1.0
-6259882265361652539-2609110035-1,8004,,2609110035.0,,,WEG,RB46,,8001055,Böblingen,Baden-Württemberg,Böblingen,71034,9.004531864,48.68784871,3,,,2609110036.0,,,,,,,,,,,0.0,1.0
-4175471405587783145-2609110007-13,7474,2609110047.0,2609110047.0,1.0,,S,S4,Stuttgart Hbf|Stuttgart Nordbahnhof|Stuttgart-Feuerbach|Stuttgart-Zuffenhausen|Kornwestheim Pbf|Ludwigsburg|Favoritepark|Freiberg(Neckar)|Benningen(Neckar)|Marbach(Neckar)|Erdmannhausen|Kirchberg(Murr),8001296,Burgstall (Murr),Baden-Württemberg,Burgstetten,71576,9.36973562,48.92851826,6,2609110048.0,,2609110049.0,,,,,,,,,,,1.0,2.0
7735692879743924898-2609110017-8,7676,2609110036.0,,2.0,,S,,Stuttgart Hbf|Stuttgart Nordbahnhof|Stuttgart-Feuerbach|Stuttgart-Zuffenhausen|Neuwirtshaus(Porscheplatz)|Korntal|Weilimdorf,8001476,Ditzingen,Baden-Württemberg,Ditzingen,71254,9.067095186,48.82358726,4,2609110036.0,3.0,,,h,1.0,Bauarbeiten,,,,,,,0.0,0.0
7251830197396160216-2609102347-8,7674,2609110006.0,,2.0,,S,,Stuttgart Hbf|Stuttgart Nordbahnhof|Stuttgart-Feuerbach|Stuttgart-Zuffenhausen|Neuwirtshaus(Porscheplatz)|Korntal|Weilimdorf,8001476,Ditzingen,Baden-Württemberg,Ditzingen,71254,9.067095186,48.82358726,4,2609110006.0,3.0,,,h,1.0,Bauarbeiten,,,,,,,0.0,0.0
-2203143972630932280-2609110024-1,7679,,2609110024.0,,,S,S6,,8001476,Ditzingen,Baden-Württemberg,Ditzingen,71254,9.067095186,48.82358726,4,,,2609110024.0,3.0,h,1.0,Bauarbeiten,,,,,,,0.0,0.0
5905216437651592640-2609110003-3,7976,2609110010.0,2609110010.0,2.0,,S,S2,Filderstadt|Stuttgart Flughafen/Messe,8001650,Echterdingen,Baden-Württemberg,Echterdingen,70771,9.169307175,48.69214787,4,2609110010.0,,2609110010.0,,,,,,,,,,,0.0,0.0
-7276272804962501987-2609110033-3,7978,2609110040.0,2609110040.0,2.0,,S,S2,Filderstadt|Stuttgart Flughafen/Messe,8001650,Echterdingen,Baden-Württemberg,Echterdingen,70771,9.169307175,48.69214787,4,2609110040.0,,2609110041.0,,,,,,,,,,,0.0,1.0
1391287489183680041-2609110035-5,7979,2609110049.0,2609110050.0,1.0,,S,S2,Stuttgart-Vaihingen|Stuttgart-Rohr|Oberaichen|Leinfelden,8001650,Echterdingen,Baden-Württemberg,Echterdingen,70771,9.169307175,48.69214787,4,2609110049.0,,2609110050.0,,,,,,,,,,,0.0,0.0
3605325443872813677-2609110005-5,7977,2609110019.0,2609110020.0,1.0,,S,S2,Stuttgart-Vaihingen|Stuttgart-Rohr|Oberaichen|Leinfelden,8001650,Echterdingen,Baden-Württemberg,Echterdingen,70771,9.169307175,48.69214787,4,2609110019.0,,2609110020.0,,,,,,,,,,,0.0,0.0
-2978262493163587752-2609110016-4,7780,2609110025.0,2609110025.0,1.0,,S,S1,Herrenberg|Nufringen|Gärtringen,8001689,Ehningen (b Böblingen),Baden-Württemberg,Ehningen,71139,8.944310368,48.66275549,4,2609110025.0,,2609110025.0,,,,,,,,,,,0.0,0.0
3254218711381615406-2609102346-6,7775,2609110005.0,2609110005.0,2.0,,S,S1,Stuttgart-Vaihingen|Stuttgart-Rohr|Goldberg(Württ)|Böblingen|Hulb,8001689,Ehningen (b Böblingen),Baden-Württemberg,Ehningen,71139,8.944310368,48.66275549,4,2609110005.0,,2609110005.0,,,,,,,,,,,0.0,0.0
-1459141203769340300-2609110016-6,7777,2609110035.0,2609110035.0,2.0,,S,S1,Stuttgart-Vaihingen|Stuttgart-Rohr|Goldberg(Württ)|Böblingen|Hulb,8001689,Ehningen (b Böblingen),Baden-Württemberg,Ehningen,71139,8.944310368,48.66275549,4,2609110035.0,,2609110036.0,,,,,,,,,,,0.0,1.0
-8097229136581884814-2609110033-7,7281,2609110047.0,2609110047.0,3.0,,S,S2,Schorndorf|Weiler(Rems)|Winterbach(b Schorndorf)|Geradstetten|Grunbach|Beutelsbach,8001785,Endersbach,Baden-Württemberg,Weinstadt,71384,9.370192421,48.81317323,4,2609110047.0,,2609110048.0,,h,2.0,Bauarbeiten,,,,,,,0.0,1.0
6461875104419562950-2609110020-9,7276,2609110041.0,2609110041.0,2.0,,S,S2,Stuttgart Hbf|Stuttgart-Bad Cannstatt|Stuttgart Nürnberger Str.|Stuttgart-Sommerrain|Fellbach|Waiblingen|Rommelshausen|Stetten-Beinstein,8001785,Endersbach,Baden-Württemberg,Weinstadt,71384,9.370192421,48.81317323,4,2609110042.0,,2609110043.0,,h,2.0,Bauarbeiten,,,,,,,1.0,2.0
-6065798673451795825-2609102350-9,7274,2609110011.0,2609110011.0,2.0,,S,S2,Stuttgart Hbf|Stuttgart-Bad Cannstatt|Stuttgart Nürnberger Str.|Stuttgart-Sommerrain|Fellbach|Waiblingen|Rommelshausen|Stetten-Beinstein,8001785,Endersbach,Baden-Württemberg,Weinstadt,71384,9.370192421,48.81317323,4,2609110013.0,,2609110014.0,,h,2.0,Bauarbeiten,,,,,,,2.0,3.0
6570008134094305920-2609110003-7,7279,2609110017.0,2609110017.0,3.0,,S,S2,Schorndorf|Weiler(Rems)|Winterbach(b Schorndorf)|Geradstetten|Grunbach|Beutelsbach,8001785,Endersbach,Baden-Württemberg,Weinstadt,71384,9.370192421,48.81317323,4,2609110017.0,,2609110017.0,,h,2.0,Bauarbeiten,,,,,,,0.0,0.0
-4175471405587783145-2609110007-11,7474,2609110040.0,2609110040.0,1.0,,S,S4,Stuttgart Hbf|Stuttgart Nordbahnhof|Stuttgart-Feuerbach|Stuttgart-Zuffenhausen|Kornwestheim Pbf|Ludwigsburg|Favoritepark|Freiberg(Neckar)|Benningen(Neckar)|Marbach(Neckar),8001827,Erdmannhausen,Baden-Württemberg,Erdmannhausen,71729,9.298930848,48.9483447,6,2609110040.0,,2609110041.0,,,,,,,,,,,0.0,1.0
6181068125164198804-2609102355-7,7176,2609110012.0,2609110013.0,8.0,,S,S1,Stuttgart Hbf|Stuttgart-Bad Cannstatt|Stuttgart Neckarpark|Stuttgart-Untertürkheim|Stuttgart-Obertürkheim|Esslingen-Mettingen,8001920,Esslingen (Neckar),Baden-Württemberg,Esslingen am Neckar,73728,9.300578149,48.73854148,3,2609110012.0,,2609110013.0,,,,,,,,,,,0.0,0.0
-8775031481172421761-2609110020-9,7181,2609110047.0,2609110047.0,7.0,,S,S1,Kirchheim(Teck)|Kirchheim(Teck)-Ötlingen|Wendlingen(Neckar)|Wernau(Neckar)|Plochingen|Altbach|Esslingen-Zell|Oberesslingen,8001920,Esslingen (Neckar),Baden-Württemberg,Esslingen am Neckar,73728,9.300578149,48.73854148,3,2609110047.0,,2609110048.0,,,,,,,,,,,0.0,1.0
-7037256455781419756-2609110042-3,19189,2609110053.0,2609110054.0,5.0,,ARV,MEX16,Stuttgart Hbf|Stuttgart-Bad Cannstatt,8001920,Esslingen (Neckar),Baden-Württemberg,Esslingen am Neckar,73728,9.300578149,48.73854148,3,,,2609110054.0,6.0,,,,,,,,c,,0.0,0.0
-8657113913917172137-2609102343-8,19342,2609110020.0,,3.0,,RE,,Reutlingen Hbf|Metzingen(Württ)|Bempflingen|Nürtingen|Oberboihingen|Wendlingen(Neckar)|Plochingen,8001920,Esslingen (Neckar),Baden-Württemberg,Esslingen am Neckar,73728,9.300578149,48.73854148,3,2609110030.0,5.0,,,h,2.0,Störung,,,,,,,10.0,0.0
-8733024508125192900-2609110004-3,19187,2609110015.0,2609110015.0,5.0,,ARV,MEX16,Stuttgart Hbf|Stuttgart-Bad Cannstatt,8001920,Esslingen (Neckar),Baden-Württemberg,Esslingen am Neckar,73728,9.300578149,48.73854148,3,,,2609110017.0,6.0,,,,,,,,c,,0.0,2.0
-3852490567873853424-2609102204-12,4236,2609110009.0,2609110010.0,3.0,,RE,RE5,Friedrichshafen Stadt|Meckenbeuren|Ravensburg|Aulendorf|Bad Schussenried|Biberach(Riß)|Laupheim West|Ulm Hbf|Geislingen(Steige)|Göppingen|Plochingen,8001920,Esslingen (Neckar),Baden-Württemberg,Esslingen am Neckar,73728,9.300578149,48.73854148,3,2609110016.0,8.0,2609110018.0,8.0,h,2.0,Störung,,,,,,,7.0,8.0
2298525024658281877-2609110025-7,7178,2609110042.0,2609110043.0,8.0,,S,S1,Stuttgart Hbf|Stuttgart-Bad Cannstatt|Stuttgart Neckarpark|Stuttgart-Untertürkheim|Stuttgart-Obertürkheim|Esslingen-Mettingen,8001920,Esslingen (Neckar),Baden-Württemberg,Esslingen am Neckar,73728,9.300578149,48.73854148,3,2609110043.0,,2609110044.0,,,,,,,,,,,1.0,1.0
-4359664030948879851-2609102348-14,19186,2609110040.0,2609110040.0,3.0,,ARV,MEX16,Geislingen(Steige)|Geislingen(Steige)West|Kuchen|Gingen(Fils)|Süßen|Salach|Eislingen(Fils)|Göppingen|Faurndau|Uhingen|Ebersbach(Fils)|Reichenbach(Fils)|Plochingen,8001920,Esslingen (Neckar),Baden-Württemberg,Esslingen am Neckar,73728,9.300578149,48.73854148,3,2609110040.0,,2609110040.0,,,,,,,,,c,c,0.0,0.0
8092363418274949423-2609102350-9,7179,2609110017.0,2609110017.0,7.0,,S,S1,Kirchheim(Teck)|Kirchheim(Teck)-Ötlingen|Wendlingen(Neckar)|Wernau(Neckar)|Plochingen|Altbach|Esslingen-Zell|Oberesslingen,8001920,Esslingen (Neckar),Baden-Württemberg,Esslingen am Neckar,73728,9.300578149,48.73854148,3,2609110019.0,,2609110020.0,,,,,,,,,,,2.0,3.0
-6232403407797161851-2609102236-20,19184,2609110004.0,2609110005.0,3.0,,ARV,MEX16,Ulm Hbf|Beimerstetten|Westerstetten|Lonsee|Urspring|Amstetten(Württ)|Geislingen(Steige)|Geislingen(Steige)West|Kuchen|Gingen(Fils)|Süßen|Salach|Eislingen(Fils)|Göppingen|Faurndau|Uhingen|Ebersbach(Fils)|Reichenbach(Fils)|Plochingen,8001920,Esslingen (Neckar),Baden-Württemberg,Esslingen am Neckar,73728,9.300578149,48.73854148,3,2609110007.0,7.0,,,,,,,,,,,c,3.0,0.0
6181068125164198804-2609102355-6,7176,2609110009.0,2609110009.0,4.0,,S,S1,Stuttgart Hbf|Stuttgart-Bad Cannstatt|Stuttgart Neckarpark|Stuttgart-Untertürkheim|Stuttgart-Obertürkheim,8001921,Esslingen-Mettingen,Baden-Württemberg,Esslingen am Neckar,73733,9.275799007,48.74696655,3,2609110009.0,,2609110009.0,,,,,,,,,,,0.0,0.0
-8775031481172421761-2609110020-10,7181,2609110049.0,2609110050.0,3.0,,S,S1,Kirchheim(Teck)|Kirchheim(Teck)-Ötlingen|Wendlingen(Neckar)|Wernau(Neckar)|Plochingen|Altbach|Esslingen-Zell|Oberesslingen|Esslingen(Neckar),8001921,Esslingen-Mettingen,Baden-Württemberg,Esslingen am Neckar,73733,9.275799007,48.74696655,3,2609110050.0,,2609110052.0,,,,,,,,,,,1.0,2.0
2298525024658281877-2609110025-6,7178,2609110039.0,2609110039.0,4.0,,S,S1,Stuttgart Hbf|Stuttgart-Bad Cannstatt|Stuttgart Neckarpark|Stuttgart-Untertürkheim|Stuttgart-Obertürkheim,8001921,Esslingen-Mettingen,Baden-Württemberg,Esslingen am Neckar,73733,9.275799007,48.74696655,3,2609110041.0,,2609110041.0,,,,,,,,,,,2.0,2.0
8092363418274949423-2609102350-10,7179,2609110019.0,2609110020.0,3.0,,S,S1,Kirchheim(Teck)|Kirchheim(Teck)-Ötlingen|Wendlingen(Neckar)|Wernau(Neckar)|Plochingen|Altbach|Esslingen-Zell|Oberesslingen|Esslingen(Neckar),8001921,Esslingen-Mettingen,Baden-Württemberg,Esslingen am Neckar,73733,9.275799007,48.74696655,3,2609110022.0,,2609110024.0,,,,,,,,,,,3.0,4.0
6181068125164198804-2609102355-9,7176,2609110017.0,2609110018.0,4.0,,S,S1,Stuttgart Hbf|Stuttgart-Bad Cannstatt|Stuttgart Neckarpark|Stuttgart-Untertürkheim|Stuttgart-Obertürkheim|Esslingen-Mettingen|Esslingen(Neckar)|Oberesslingen,8006642,Esslingen-Zell,Baden-Württemberg,Esslingen am Neckar,73730,9.359739507,48.72436142,3,2609110018.0,,2609110018.0,,,,,,,,,,,1.0,0.0
-8775031481172421761-2609110020-7,7181,2609110042.0,2609110042.0,3.0,,S,S1,Kirchheim(Teck)|Kirchheim(Teck)-Ötlingen|Wendlingen(Neckar)|Wernau(Neckar)|Plochingen|Altbach,8006642,Esslingen-Zell,Baden-Württemberg,Esslingen am Neckar,73730,9.359739507,48.72436142,3,2609110042.0,,2609110043.0,,,,,,,,,,,0.0,1.0
2298525024658281877-2609110025-9,7178,2609110047.0,2609110048.0,4.0,,S,S1,Stuttgart Hbf|Stuttgart-Bad Cannstatt|Stuttgart Neckarpark|Stuttgart-Untertürkheim|Stuttgart-Obertürkheim|Esslingen-Mettingen|Esslingen(Neckar)|Oberesslingen,8006642,Esslingen-Zell,Baden-Württemberg,Esslingen am Neckar,73730,9.359739507,48.72436142,3,2609110049.0,,2609110049.0,,,,,,,,,,,2.0,1.0
8092363418274949423-2609102350-7,7179,2609110012.0,2609110012.0,3.0,,S,S1,Kirchheim(Teck)|Kirchheim(Teck)-Ötlingen|Wendlingen(Neckar)|Wernau(Neckar)|Plochingen|Altbach,8006642,Esslingen-Zell,Baden-Württemberg,Esslingen am Neckar,73730,9.359739507,48.72436142,3,2609110012.0,,2609110013.0,,,,,,,,,,,0.0,1.0
7846954886947346104-2609110037-7,7476,2609110056.0,2609110056.0,1.0,,S,S4,Stuttgart Hbf|Stuttgart Nordbahnhof|Stuttgart-Feuerbach|Stuttgart-Zuffenhausen|Kornwestheim Pbf|Ludwigsburg,8001967,Favoritepark,Baden-Württemberg,Ludwigsburg,71634,9.180574277,48.90948451,5,2609110058.0,,2609110058.0,,,,,,,,,,,2.0,2.0
-4175471405587783145-2609110007-7,7474,2609110026.0,2609110026.0,1.0,,S,S4,Stuttgart Hbf|Stuttgart Nordbahnhof|Stuttgart-Feuerbach|Stuttgart-Zuffenhausen|Kornwestheim Pbf|Ludwigsburg,8001967,Favoritepark,Baden-Württemberg,Ludwigsburg,71634,9.180574277,48.90948451,5,2609110027.0,,2609110028.0,,,,,,,,,,,1.0,2.0
2977099434128495599-2609102355-4,7477,2609110003.0,2609110004.0,2.0,,S,S4,Marbach(Neckar)|Benningen(Neckar)|Freiberg(Neckar),8001967,Favoritepark,Baden-Württemberg,Ludwigsburg,71634,9.180574277,48.90948451,5,2609110004.0,,2609110005.0,,,,,,,,,,,1.0,1.0
-8097229136581884814-2609110033-11,7281,2609110057.0,2609110058.0,4.0,,S,S2,Schorndorf|Weiler(Rems)|Winterbach(b Schorndorf)|Geradstetten|Grunbach|Beutelsbach|Endersbach|Stetten-Beinstein|Rommelshausen|Waiblingen,8001974,Fellbach,Baden-Württemberg,Fellbach,70736,9.270645988,48.8202936,3,2609110057.0,,2609110058.0,,h,2.0,Bauarbeiten,,,,,,,0.0,0.0
6461875104419562950-2609110020-5,7276,2609110031.0,2609110032.0,1.0,,S,S2,Stuttgart Hbf|Stuttgart-Bad Cannstatt|Stuttgart Nürnberger Str.|Stuttgart-Sommerrain,8001974,Fellbach,Baden-Württemberg,Fellbach,70736,9.270645988,48.8202936,3,2609110033.0,,2609110034.0,,h,2.0,Bauarbeiten,,,,,,,2.0,2.0
-6065798673451795825-2609102350-5,7274,2609110001.0,2609110002.0,1.0,,S,S2,Stuttgart Hbf|Stuttgart-Bad Cannstatt|Stuttgart Nürnberger Str.|Stuttgart-Sommerrain,8001974,Fellbach,Baden-Württemberg,Fellbach,70736,9.270645988,48.8202936,3,2609110003.0,,2609110004.0,,h,2.0,Bauarbeiten,,,,,,,2.0,2.0
8924619333411272467-2609110042-5,7378,2609110056.0,2609110057.0,1.0,,S,S3,Stuttgart Hbf|Stuttgart-Bad Cannstatt|Stuttgart Nürnberger Str.|Stuttgart-Sommerrain,8001974,Fellbach,Baden-Württemberg,Fellbach,70736,9.270645988,48.8202936,3,2609110057.0,,2609110058.0,,,,,,,,,,,1.0,1.0
6798625749353298235-2609110012-5,7376,2609110026.0,2609110027.0,1.0,,S,S3,Stuttgart Hbf|Stuttgart-Bad Cannstatt|Stuttgart Nürnberger Str.|Stuttgart-Sommerrain,8001974,Fellbach,Baden-Württemberg,Fellbach,70736,9.270645988,48.8202936,3,2609110026.0,,2609110027.0,,,,,,,,,,,0.0,0.0
6570008134094305920-2609110003-11,7279,2609110027.0,2609110028.0,4.0,,S,S2,Schorndorf|Weiler(Rems)|Winterbach(b Schorndorf)|Geradstetten|Grunbach|Beutelsbach|Endersbach|Stetten-Beinstein|Rommelshausen|Waiblingen,8001974,Fellbach,Baden-Württemberg,Fellbach,70736,9.270645988,48.8202936,3,2609110027.0,,2609110028.0,,h,2.0,Bauarbeiten,,,,,,,0.0,0.0
-7120372043677331542-2609102341-8,7377,2609110002.0,2609110003.0,4.0,,S,S3,Backnang|Maubach|Nellmersbach|Winnenden|Schwaikheim|Neustadt-Hohenacker|Waiblingen,8001974,Fellbach,Baden-Württemberg,Fellbach,70736,9.270645988,48.8202936,3,2609110004.0,,2609110004.0,,,,,,,,,,,2.0,1.0
8494074834215864068-2609110011-8,7379,2609110032.0,2609110033.0,4.0,,S,S3,Backnang|Maubach|Nellmersbach|Winnenden|Schwaikheim|Neustadt-Hohenacker|Waiblingen,8001974,Fellbach,Baden-Württemberg,Fellbach,70736,9.270645988,48.8202936,3,2609110033.0,,2609110034.0,,,,,,,,,,,1.0,1.0
5905216437651592640-2609110003-2,7976,2609110007.0,2609110008.0,2.0,,S,S2,Filderstadt,8005768,Stuttgart Flughafen/Messe,Baden-Württemberg,Leinfelden-Echterdingen,70629,9.193411574,48.69075193,4,2609110007.0,,2609110008.0,,,,,,,,,,,0.0,0.0
-7276272804962501987-2609110033-2,7978,2609110037.0,2609110038.0,2.0,,S,S2,Filderstadt,8005768,Stuttgart Flughafen/Messe,Baden-Württemberg,Leinfelden-Echterdingen,70629,9.193411574,48.69075193,4,2609110037.0,,2609110039.0,,,,,,,,,,,0.0,1.0
1391287489183680041-2609110035-6,7979,2609110052.0,2609110053.0,1.0,,S,S2,Stuttgart-Vaihingen|Stuttgart-Rohr|Oberaichen|Leinfelden|Echterdingen,8005768,Stuttgart Flughafen/Messe,Baden-Württemberg,Leinfelden-Echterdingen,70629,9.193411574,48.69075193,4,2609110052.0,,2609110053.0,,,,,,,,,,,0.0,0.0
3605325443872813677-2609110005-6,7977,2609110022.0,2609110023.0,1.0,,S,S2,Stuttgart-Vaihingen|Stuttgart-Rohr|Oberaichen|Leinfelden|Echterdingen,8005768,Stuttgart Flughafen/Messe,Baden-Württemberg,Leinfelden-Echterdingen,70629,9.193411574,48.69075193,4,2609110022.0,,2609110023.0,,,,,,,,,,,0.0,0.0
7846954886947346104-2609110037-8,7476,2609110059.0,2609110059.0,3.0,,S,S4,Stuttgart Hbf|Stuttgart Nordbahnhof|Stuttgart-Feuerbach|Stuttgart-Zuffenhausen|Kornwestheim Pbf|Ludwigsburg|Favoritepark,8002065,Freiberg (Neckar),Baden-Württemberg,Freiberg am Neckar,71691,9.197530085,48.92994974,5,2609110101.0,,2609110101.0,,,,,,,,,,,2.0,2.0
-4175471405587783145-2609110007-8,7474,2609110029.0,2609110029.0,3.0,,S,S4,Stuttgart Hbf|Stuttgart Nordbahnhof|Stuttgart-Feuerbach|Stuttgart-Zuffenhausen|Kornwestheim Pbf|Ludwigsburg|Favoritepark,8002065,Freiberg (Neckar),Baden-Württemberg,Freiberg am Neckar,71691,9.197530085,48.92994974,5,2609110030.0,,2609110031.0,,,,,,,,,,,1.0,2.0
2977099434128495599-2609102355-3,7477,2609110000.0,2609110001.0,2.0,,S,S4,Marbach(Neckar)|Benningen(Neckar),8002065,Freiberg (Neckar),Baden-Württemberg,Freiberg am Neckar,71691,9.197530085,48.92994974,5,2609110001.0,,2609110002.0,,,,,,,,,,,1.0,1.0
-2978262493163587752-2609110016-3,7780,2609110022.0,2609110022.0,2.0,,S,S1,Herrenberg|Nufringen,8002165,Gärtringen,Baden-Württemberg,Gärtringen,71116,8.908864487,48.64080021,5,2609110022.0,,2609110022.0,,,,,,,,,,,0.0,0.0
3254218711381615406-2609102346-7,7775,2609110008.0,2609110008.0,1.0,,S,S1,Stuttgart-Vaihingen|Stuttgart-Rohr|Goldberg(Württ)|Böblingen|Hulb|Ehningen(b Böblingen),8002165,Gärtringen,Baden-Württemberg,Gärtringen,71116,8.908864487,48.64080021,5,2609110008.0,,2609110008.0,,,,,,,,,,,0.0,0.0
-1459141203769340300-2609110016-7,7777,2609110038.0,2609110038.0,1.0,,S,S1,Stuttgart-Vaihingen|Stuttgart-Rohr|Goldberg(Württ)|Böblingen|Hulb|Ehningen(b Böblingen),8002165,Gärtringen,Baden-Württemberg,Gärtringen,71116,8.908864487,48.64080021,5,2609110038.0,,2609110039.0,,,,,,,,,,,0.0,1.0
-8097229136581884814-2609110033-4,7281,2609110040.0,2609110041.0,1.0,,S,S2,Schorndorf|Weiler(Rems)|Winterbach(b Schorndorf),8002240,Geradstetten,Baden-Württemberg,Remshalden,73630,9.439522346,48.80527689,5,2609110040.0,,2609110041.0,,h,2.0,Bauarbeiten,,,,,,,0.0,0.0
6461875104419562950-2609110020-12,7276,2609110047.0,2609110047.0,2.0,,S,S2,Stuttgart Hbf|Stuttgart-Bad Cannstatt|Stuttgart Nürnberger Str.|Stuttgart-Sommerrain|Fellbach|Waiblingen|Rommelshausen|Stetten-Beinstein|Endersbach|Beutelsbach|Grunbach,8002240,Geradstetten,Baden-Württemberg,Remshalden,73630,9.439522346,48.80527689,5,2609110049.0,,2609110049.0,,h,2.0,Bauarbeiten,,,,,,,2.0,2.0
-6065798673451795825-2609102350-12,7274,2609110017.0,2609110017.0,2.0,,S,S2,Stuttgart Hbf|Stuttgart-Bad Cannstatt|Stuttgart Nürnberger Str.|Stuttgart-Sommerrain|Fellbach|Waiblingen|Rommelshausen|Stetten-Beinstein|Endersbach|Beutelsbach|Grunbach,8002240,Geradstetten,Baden-Württemberg,Remshalden,73630,9.439522346,48.80527689,5,2609110019.0,,2609110020.0,,h,2.0,Bauarbeiten,,,,,,,2.0,3.0
6570008134094305920-2609110003-4,7279,2609110010.0,2609110011.0,1.0,,S,S2,Schorndorf|Weiler(Rems)|Winterbach(b Schorndorf),8002240,Geradstetten,Baden-Württemberg,Remshalden,73630,9.439522346,48.80527689,5,2609110010.0,,2609110011.0,,h,2.0,Bauarbeiten,,,,,,,0.0,0.0
-3828888404650944113-2609110046-3,7779,2609110058.0,2609110058.0,1.0,,S,S1,Stuttgart-Vaihingen|Stuttgart-Rohr,8005201,Goldberg,Baden-Württemberg,Böblingen,71032,9.019733387,48.69651581,5,2609110058.0,,2609110058.0,,,,,,,,,,,0.0,0.0
4991213592121918551-2609102346-7,7778,2609110002.0,2609110002.0,2.0,,S,S1,Herrenberg|Nufringen|Gärtringen|Ehningen(b Böblingen)|Hulb|Böblingen,8005201,Goldberg,Baden-Württemberg,Böblingen,71032,9.019733387,48.69651581,5,2609110003.0,,2609110004.0,,,,,,,,,,,1.0,2.0
-2978262493163587752-2609110016-7,7780,2609110032.0,2609110032.0,2.0,,S,S1,Herrenberg|Nufringen|Gärtringen|Ehningen(b Böblingen)|Hulb|Böblingen,8005201,Goldberg,Baden-Württemberg,Böblingen,71032,9.019733387,48.69651581,5,2609110032.0,,2609110032.0,,,,,,,,,,,0.0,0.0
-1459141203769340300-2609110016-3,7777,2609110028.0,2609110028.0,1.0,,S,S1,Stuttgart-Vaihingen|Stuttgart-Rohr,8005201,Goldberg,Baden-Württemberg,Böblingen,71032,9.019733387,48.69651581,5,2609110028.0,,2609110028.0,,,,,,,,,,,0.0,0.0
-8097229136581884814-2609110033-5,7281,2609110042.0,2609110043.0,2.0,,S,S2,Schorndorf|Weiler(Rems)|Winterbach(b Schorndorf)|Geradstetten,8002448,Grunbach,Baden-Württemberg,Remshalden,73630,9.419580601,48.810414,4,2609110042.0,,2609110043.0,,h,2.0,Bauarbeiten,,,,,,,0.0,0.0
6461875104419562950-2609110020-11,7276,2609110045.0,2609110045.0,3.0,,S,S2,Stuttgart Hbf|Stuttgart-Bad Cannstatt|Stuttgart Nürnberger Str.|Stuttgart-Sommerrain|Fellbach|Waiblingen|Rommelshausen|Stetten-Beinstein|Endersbach|Beutelsbach,8002448,Grunbach,Baden-Württemberg,Remshalden,73630,9.419580601,48.810414,4,2609110047.0,,2609110047.0,,h,2.0,Bauarbeiten,,,,,,,2.0,2.0
-6065798673451795825-2609102350-11,7274,2609110015.0,2609110015.0,3.0,,S,S2,Stuttgart Hbf|Stuttgart-Bad Cannstatt|Stuttgart Nürnberger Str.|Stuttgart-Sommerrain|Fellbach|Waiblingen|Rommelshausen|Stetten-Beinstein|Endersbach|Beutelsbach,8002448,Grunbach,Baden-Württemberg,Remshalden,73630,9.419580601,48.810414,4,2609110017.0,,2609110018.0,,h,2.0,Bauarbeiten,,,,,,,2.0,3.0
6570008134094305920-2609110003-5,7279,2609110012.0,2609110013.0,2.0,,S,S2,Schorndorf|Weiler(Rems)|Winterbach(b Schorndorf)|Geradstetten,8002448,Grunbach,Baden-Württemberg,Remshalden,73630,9.419580601,48.810414,4,2609110012.0,,2609110013.0,,h,2.0,Bauarbeiten,,,,,,,0.0,0.0
7006300575087121655-2609110019-1,22886,,2609110019.0,,,RB,RB63,,8002785,Herrenberg,Baden-Württemberg,Herrenberg,71083,8.862625253,48.59395697,3,,,2609110019.0,,h,2.0,Bauarbeiten,,,,,,,0.0,0.0
-2640907366748827010-2609110011-10,22701,2609110041.0,,102.0,,RB,,Tübingen Hbf|Tübingen West|Unterjesingen Sandäcker|Unterjesingen Mitte|Pfäffingen|Entringen|Altingen(Württ)|Gültstein|Herrenberg Zwerchweg,8002785,Herrenberg,Baden-Württemberg,Herrenberg,71083,8.862625253,48.59395697,3,2609110041.0,,,,h,2.0,Bauarbeiten,,,,,,,0.0,0.0
-2978262493163587752-2609110016-1,7780,,2609110016.0,,,S,S1,,8002785,Herrenberg,Baden-Württemberg,Herrenberg,71083,8.862625253,48.59395697,3,,,2609110016.0,,,,,,,,,,,0.0,0.0
3254218711381615406-2609102346-9,7775,2609110015.0,,3.0,,S,,Stuttgart-Vaihingen|Stuttgart-Rohr|Goldberg(Württ)|Böblingen|Hulb|Ehningen(b Böblingen)|Gärtringen|Nufringen,8002785,Herrenberg,Baden-Württemberg,Herrenberg,71083,8.862625253,48.59395697,3,2609110015.0,,,,,,,,,,,,,0.0,0.0
4466967580549170140-2609102341-10,22893,2609110011.0,,102.0,,RB,,Tübingen Hbf|Tübingen West|Unterjesingen Sandäcker|Unterjesingen Mitte|Pfäffingen|Entringen|Altingen(Württ)|Gültstein|Herrenberg Zwerchweg,8002785,Herrenberg,Baden-Württemberg,Herrenberg,71083,8.862625253,48.59395697,3,2609110011.0,,,,h,2.0,Bauarbeiten,,,,,,,0.0,0.0
1240629729131169412-2609110049-1,22890,,2609110049.0,,,RB,RB63,,8002785,Herrenberg,Baden-Württemberg,Herrenberg,71083,8.862625253,48.59395697,3,,,2609110049.0,,h,2.0,Bauarbeiten,,,,,,,0.0,0.0
-1459141203769340300-2609110016-9,7777,2609110045.0,,3.0,,S,,Stuttgart-Vaihingen|Stuttgart-Rohr|Goldberg(Württ)|Böblingen|Hulb|Ehningen(b Böblingen)|Gärtringen|Nufringen,8002785,Herrenberg,Baden-Württemberg,Herrenberg,71083,8.862625253,48.59395697,3,2609110045.0,2.0,,,,,,,,,,,,0.0,0.0
-2978262493163587752-2609110016-5,7780,2609110028.0,2609110028.0,2.0,,S,S1,Herrenberg|Nufringen|Gärtringen|Ehningen(b Böblingen),8003022,Hulb,Baden-Württemberg,Böblingen-Hulb,71032,8.982396429,48.67924173,5,2609110028.0,,2609110028.0,,,,,,,,,,,0.0,0.0
3254218711381615406-2609102346-5,7775,2609110002.0,2609110002.0,1.0,,S,S1,Stuttgart-Vaihingen|Stuttgart-Rohr|Goldberg(Württ)|Böblingen,8003022,Hulb,Baden-Württemberg,Böblingen-Hulb,71032,8.982396429,48.67924173,5,2609110002.0,,2609110002.0,,,,,,,,,,,0.0,0.0
-1459141203769340300-2609110016-5,7777,2609110032.0,2609110032.0,1.0,,S,S1,Stuttgart-Vaihingen|Stuttgart-Rohr|Goldberg(Württ)|Böblingen,8003022,Hulb,Baden-Württemberg,Böblingen-Hulb,71032,8.982396429,48.67924173,5,2609110032.0,,2609110033.0,,,,,,,,,,,0.0,1.0
5905216437651592640-2609110003-1,7976,,2609110003.0,,,S,S2,,8001984,Filderstadt,Baden-Württemberg,Filderstadt,70794,9.217581315,48.67649151,5,,,2609110003.0,,,,,,,,,,,0.0,0.0
-7276272804962501987-2609110033-1,7978,,2609110033.0,,,S,S2,,8001984,Filderstadt,Baden-Württemberg,Filderstadt,70794,9.217581315,48.67649151,5,,,2609110034.0,,,,,,,,,,,0.0,1.0
1391287489183680041-2609110035-7,7979,2609110057.0,,2.0,,S,,Stuttgart-Vaihingen|Stuttgart-Rohr|Oberaichen|Leinfelden|Echterdingen|Stuttgart Flughafen/Messe,8001984,Filderstadt,Baden-Württemberg,Filderstadt,70794,9.217581315,48.67649151,5,2609110057.0,1.0,,,,,,,,,,,,0.0,0.0
3605325443872813677-2609110005-7,7977,2609110027.0,,1.0,,S,,Stuttgart-Vaihingen|Stuttgart-Rohr|Oberaichen|Leinfelden|Echterdingen|Stuttgart Flughafen/Messe,8001984,Filderstadt,Baden-Württemberg,Filderstadt,70794,9.217581315,48.67649151,5,2609110027.0,,,,,,,,,,,,,0.0,0.0
-4175471405587783145-2609110007-12,7474,2609110043.0,2609110043.0,2.0,,S,S4,Stuttgart Hbf|Stuttgart Nordbahnhof|Stuttgart-Feuerbach|Stuttgart-Zuffenhausen|Kornwestheim Pbf|Ludwigsburg|Favoritepark|Freiberg(Neckar)|Benningen(Neckar)|Marbach(Neckar)|Erdmannhausen,8003266,Kirchberg (Murr),Baden-Württemberg,Kirchberg an der Murr,71737,9.328210283,48.93928182,6,2609110043.0,,2609110044.0,,,,,,,,,,,0.0,1.0
6181068125164198804-2609102355-15,7176,2609110039.0,,2.0,,S,,Stuttgart Hbf|Stuttgart-Bad Cannstatt|Stuttgart Neckarpark|Stuttgart-Untertürkheim|Stuttgart-Obertürkheim|Esslingen-Mettingen|Esslingen(Neckar)|Oberesslingen|Esslingen-Zell|Altbach|Plochingen|Wernau(Neckar)|Wendlingen(Neckar)|Kirchheim(Teck)-Ötlingen,8003280,Kirchheim (Teck),Baden-Württemberg,Kirchheim unter Teck,73230,9.443872422,48.64415981,4,2609110039.0,,,,,,,,,,,,,0.0,0.0
-8775031481172421761-2609110020-1,7181,,2609110020.0,,,S,S1,,8003280,Kirchheim (Teck),Baden-Württemberg,Kirchheim unter Teck,73230,9.443872422,48.64415981,4,,,2609110020.0,,,,,,,,,,,0.0,0.0
-6275608324438357522-2609102325-15,7174,2609110009.0,,2.0,,S,,Stuttgart Hbf|Stuttgart-Bad Cannstatt|Stuttgart Neckarpark|Stuttgart-Untertürkheim|Stuttgart-Obertürkheim|Esslingen-Mettingen|Esslingen(Neckar)|Oberesslingen|Esslingen-Zell|Altbach|Plochingen|Wernau(Neckar)|Wendlingen(Neckar)|Kirchheim(Teck)-Ötlingen,8003280,Kirchheim (Teck),Baden-Württemberg,Kirchheim unter Teck,73230,9.443872422,48.64415981,4,2609110010.0,,,,,,,,,,,,,1.0,0.0
6181068125164198804-2609102355-14,7176,2609110036.0,2609110037.0,1.0,,S,S1,Stuttgart Hbf|Stuttgart-Bad Cannstatt|Stuttgart Neckarpark|Stuttgart-Untertürkheim|Stuttgart-Obertürkheim|Esslingen-Mettingen|Esslingen(Neckar)|Oberesslingen|Esslingen-Zell|Altbach|Plochingen|Wernau(Neckar)|Wendlingen(Neckar),8003282,Kirchheim (Teck)-Ötlingen,Baden-Württemberg,Kirchheim unter Teck,73230,9.416261302,48.65782388,5,2609110036.0,,2609110037.0,,,,,,,,,,,0.0,0.0
-8775031481172421761-2609110020-2,7181,2609110023.0,2609110023.0,1.0,,S,S1,Kirchheim(Teck),8003282,Kirchheim (Teck)-Ötlingen,Baden-Württemberg,Kirchheim unter Teck,73230,9.416261302,48.65782388,5,2609110023.0,,2609110023.0,,,,,,,,,,,0.0,0.0
-6275608324438357522-2609102325-14,7174,2609110006.0,2609110007.0,1.0,,S,S1,Stuttgart Hbf|Stuttgart-Bad Cannstatt|Stuttgart Neckarpark|Stuttgart-Untertürkheim|Stuttgart-Obertürkheim|Esslingen-Mettingen|Esslingen(Neckar)|Oberesslingen|Esslingen-Zell|Altbach|Plochingen|Wernau(Neckar)|Wendlingen(Neckar),8003282,Kirchheim (Teck)-Ötlingen,Baden-Württemberg,Kirchheim unter Teck,73230,9.416261302,48.65782388,5,2609110007.0,,2609110007.0,,,,,,,,,,,1.0,0.0
7735692879743924898-2609110017-6,7676,2609110031.0,2609110031.0,1.0,,S,S6,Stuttgart Hbf|Stuttgart Nordbahnhof|Stuttgart-Feuerbach|Stuttgart-Zuffenhausen|Neuwirtshaus(Porscheplatz),8003409,Korntal,Baden-Württemberg,Korntal,70825,9.121099128,48.82640246,4,2609110031.0,,2609110032.0,,h,1.0,Bauarbeiten,,,,,,,0.0,1.0
7251830197396160216-2609102347-6,7674,2609110001.0,2609110001.0,1.0,,S,S6,Stuttgart Hbf|Stuttgart Nordbahnhof|Stuttgart-Feuerbach|Stuttgart-Zuffenhausen|Neuwirtshaus(Porscheplatz),8003409,Korntal,Baden-Württemberg,Korntal,70825,9.121099128,48.82640246,4,2609110001.0,,2609110001.0,,h,1.0,Bauarbeiten,,,,,,,0.0,0.0
-4886226872455518347-2609110005-1,1000,,2609110005.0,,,WEG,RB47,,8003409,Korntal,Baden-Württemberg,Korntal,70825,9.121099128,48.82640246,4,,,2609110005.0,,,,,,,,,,,0.0,0.0
-2203143972630932280-2609110024-3,7679,2609110028.0,2609110029.0,3.0,,S,S6,Ditzingen|Weilimdorf,8003409,Korntal,Baden-Württemberg,Korntal,70825,9.121099128,48.82640246,4,2609110028.0,,2609110029.0,,h,1.0,Bauarbeiten,,,,,,,0.0,0.0
5793407647973528623-2609110031-7,1007,2609110054.0,,7.0,,WEG,,Heimerdingen|Hemmingen|Schwieberdingen|Münchingen|Münchingen Rührberg|Korntal Gymnasium,8003409,Korntal,Baden-Württemberg,Korntal,70825,9.121099128,48.82640246,4,2609110055.0,,,,,,,,,,,,,1.0,0.0
7846954886947346104-2609110037-5,7476,2609110050.0,2609110050.0,4.0,,S,S4,Stuttgart Hbf|Stuttgart Nordbahnhof|Stuttgart-Feuerbach|Stuttgart-Zuffenhausen,8003411,Kornwestheim Pbf,Baden-Württemberg,Kornwestheim,70806,9.179967278,48.86215948,3,2609110050.0,,2609110051.0,,,,,,,,,,,0.0,1.0
-1059289875129037590-2609110027-5,7578,2609110040.0,2609110040.0,4.0,,S,S5,Stuttgart Hbf|Stuttgart Nordbahnhof|Stuttgart-Feuerbach|Stuttgart-Zuffenhausen,8003411,Kornwestheim Pbf,Baden-Württemberg,Kornwestheim,70806,9.179967278,48.86215948,3,2609110040.0,,2609110041.0,,h,1.0,Bauarbeiten,,,,,,,0.0,1.0
-4175471405587783145-2609110007-5,7474,2609110020.0,2609110020.0,4.0,,S,S4,Stuttgart Hbf|Stuttgart Nordbahnhof|Stuttgart-Feuerbach|Stuttgart-Zuffenhausen,8003411,Kornwestheim Pbf,Baden-Württemberg,Kornwestheim,70806,9.179967278,48.86215948,3,2609110020.0,,2609110021.0,,,,,,,,,,,0.0,1.0
2977099434128495599-2609102355-6,7477,2609110010.0,2609110010.0,3.0,,S,S4,Marbach(Neckar)|Benningen(Neckar)|Freiberg(Neckar)|Favoritepark|Ludwigsburg,8003411,Kornwestheim Pbf,Baden-Württemberg,Kornwestheim,70806,9.179967278,48.86215948,3,2609110010.0,,2609110011.0,,,,,,,,,,,0.0,1.0
-5842345505256526084-2609102357-5,7576,2609110010.0,2609110010.0,4.0,,S,S5,Stuttgart Hbf|Stuttgart Nordbahnhof|Stuttgart-Feuerbach|Stuttgart-Zuffenhausen,8003411,Kornwestheim Pbf,Baden-Württemberg,Kornwestheim,70806,9.179967278,48.86215948,3,2609110010.0,,2609110011.0,,h,1.0,Bauarbeiten,,,,,,,0.0,1.0
4485205009405163343-2609110016-2,7579,2609110019.0,2609110020.0,3.0,,S,S5,Ludwigsburg,8003411,Kornwestheim Pbf,Baden-Württemberg,Kornwestheim,70806,9.179967278,48.86215948,3,2609110019.0,,2609110020.0,,h,1.0,Bauarbeiten,,,,,,,0.0,0.0
5905216437651592640-2609110003-4,7976,2609110012.0,2609110013.0,2.0,,S,S2,Filderstadt|Stuttgart Flughafen/Messe|Echterdingen,8003622,Leinfelden,Baden-Württemberg,Leinfelden-Echterdingen,70771,9.142859698,48.6964193,4,2609110012.0,,2609110013.0,,,,,,,,,,,0.0,0.0
-7276272804962501987-2609110033-4,7978,2609110042.0,2609110043.0,2.0,,S,S2,Filderstadt|Stuttgart Flughafen/Messe|Echterdingen,8003622,Leinfelden,Baden-Württemberg,Leinfelden-Echterdingen,70771,9.142859698,48.6964193,4,2609110043.0,,2609110044.0,,,,,,,,,,,1.0,1.0
1391287489183680041-2609110035-4,7979,2609110046.0,2609110047.0,1.0,,S,S2,Stuttgart-Vaihingen|Stuttgart-Rohr|Oberaichen,8003622,Leinfelden,Baden-Württemberg,Leinfelden-Echterdingen,70771,9.142859698,48.6964193,4,2609110046.0,,2609110047.0,,,,,,,,,,,0.0,0.0
3605325443872813677-2609110005-4,7977,2609110016.0,2609110017.0,1.0,,S,S2,Stuttgart-Vaihingen|Stuttgart-Rohr|Oberaichen,8003622,Leinfelden,Baden-Württemberg,Leinfelden-Echterdingen,70771,9.142859698,48.6964193,4,2609110016.0,,2609110017.0,,,,,,,,,,,0.0,0.0
1170028468095042603-2609110013-1,7688,,2609110013.0,,,S,S6,,8003652,Leonberg,Baden-Württemberg,Leonberg,71229,9.004025993,48.79970547,3,,,2609110013.0,3.0,,,,,,,,,,0.0,0.0
-5273476545227506052-2609110043-1,7690,,2609110043.0,,,S,S6,,8003652,Leonberg,Baden-Württemberg,Leonberg,71229,9.004025993,48.79970547,3,,,2609110043.0,3.0,,,,,,,,,,0.0,0.0
1672508797229917714-2609110003-5,7689,2609110017.0,,1.0,,S,,Weil der Stadt|Malmsheim|Renningen|Rutesheim,8003652,Leonberg,Baden-Württemberg,Leonberg,71229,9.004025993,48.79970547,3,2609110018.0,3.0,,,,,,,,,,,,1.0,0.0
7846954886947346104-2609110037-6,7476,2609110053.0,2609110054.0,2.0,,S,S4,Stuttgart Hbf|Stuttgart Nordbahnhof|Stuttgart-Feuerbach|Stuttgart-Zuffenhausen|Kornwestheim Pbf,8000235,Ludwigsburg,Baden-Württemberg,Ludwigsburg,71638,9.185229823,48.89208622,3,2609110055.0,3.0,2609110056.0,3.0,,,,,,,,,,2.0,2.0
575051924010749743-2609102357-8,19377,2609110034.0,2609110034.0,4.0,,RE,MEX12,Heilbronn Hbf|Nordheim(Württ)|Lauffen(Neckar)|Kirchheim(Neckar)|Walheim(Württ)|Besigheim|Bietigheim-Bissingen,8000235,Ludwigsburg,Baden-Württemberg,Ludwigsburg,71638,9.185229823,48.89208622,3,2609110038.0,,2609110039.0,,h,2.0,Störung,,,,,,,4.0,5.0
-1059289875129037590-2609110027-6,7578,2609110043.0,,2.0,,S,,Stuttgart Hbf|Stuttgart Nordbahnhof|Stuttgart-Feuerbach|Stuttgart-Zuffenhausen|Kornwestheim Pbf,8000235,Ludwigsburg,Baden-Württemberg,Ludwigsburg,71638,9.185229823,48.89208622,3,2609110044.0,3.0,,,h,1.0,Bauarbeiten,,,,,,,1.0,0.0
-6342382568126164390-2609102312-5,19037,2609110010.0,2609110012.0,4.0,,ARV,RE1,Karlsruhe Hbf|Karlsruhe-Durlach|Vaihingen(Enz)|Bietigheim-Bissingen,8000235,Ludwigsburg,Baden-Württemberg,Ludwigsburg,71638,9.185229823,48.89208622,3,2609110012.0,,2609110013.0,,,,,,,,,,,2.0,1.0
-4175471405587783145-2609110007-6,7474,2609110023.0,2609110024.0,2.0,,S,S4,Stuttgart Hbf|Stuttgart Nordbahnhof|Stuttgart-Feuerbach|Stuttgart-Zuffenhausen|Kornwestheim Pbf,8000235,Ludwigsburg,Baden-Württemberg,Ludwigsburg,71638,9.185229823,48.89208622,3,2609110024.0,3.0,2609110025.0,3.0,,,,,,,,,,1.0,1.0
2977099434128495599-2609102355-5,7477,2609110006.0,2609110007.0,3.0,,S,S4,Marbach(Neckar)|Benningen(Neckar)|Freiberg(Neckar)|Favoritepark,8000235,Ludwigsburg,Baden-Württemberg,Ludwigsburg,71638,9.185229823,48.89208622,3,2609110007.0,,2609110008.0,,,,,,,,,,,1.0,1.0
-5842345505256526084-2609102357-6,7576,2609110013.0,,2.0,,S,,Stuttgart Hbf|Stuttgart Nordbahnhof|Stuttgart-Feuerbach|Stuttgart-Zuffenhausen|Kornwestheim Pbf,8000235,Ludwigsburg,Baden-Württemberg,Ludwigsburg,71638,9.185229823,48.89208622,3,2609110019.0,3.0,,,h,1.0,Bauarbeiten,,,,,,,6.0,0.0
4485205009405163343-2609110016-1,7579,,2609110016.0,,,S,S5,,8000235,Ludwigsburg,Baden-Württemberg,Ludwigsburg,71638,9.185229823,48.89208622,3,,,2609110016.0,,h,1.0,Bauarbeiten,,,,,,,0.0,0.0
1170028468095042603-2609110013-4,7688,2609110024.0,2609110024.0,1.0,,S,S6,Leonberg|Rutesheim|Renningen,8003831,Malmsheim,Baden-Württemberg,Renningen,71272,8.905105557,48.77183564,5,2609110024.0,2.0,2609110025.0,2.0,,,,,,,,,,0.0,1.0
-5273476545227506052-2609110043-4,7690,2609110054.0,2609110054.0,1.0,,S,S6,Leonberg|Rutesheim|Renningen,8003831,Malmsheim,Baden-Württemberg,Renningen,71272,8.905105557,48.77183564,5,2609110054.0,2.0,2609110055.0,2.0,,,,,,,,,,0.0,1.0
1672508797229917714-2609110003-2,7689,2609110005.0,2609110005.0,2.0,,S,S6,Weil der Stadt,8003831,Malmsheim,Baden-Württemberg,Renningen,71272,8.905105557,48.77183564,5,2609110007.0,,2609110007.0,,,,,,,,,,,2.0,2.0
3008894599226717977-2609102337-10,7472,2609110005.0,,1.0,,S,,Stuttgart Hbf|Stuttgart Nordbahnhof|Stuttgart-Feuerbach|Stuttgart-Zuffenhausen|Kornwestheim Pbf|Ludwigsburg|Favoritepark|Freiberg(Neckar)|Benningen(Neckar),8003853,Marbach (Neckar),Baden-Württemberg,Marbach am Neckar,71672,9.264611825,48.9437708,3,2609110007.0,,,,,,,,,,,,,2.0,0.0
-4175471405587783145-2609110007-10,7474,2609110035.0,2609110038.0,1.0,,S,S4,Stuttgart Hbf|Stuttgart Nordbahnhof|Stuttgart-Feuerbach|Stuttgart-Zuffenhausen|Kornwestheim Pbf|Ludwigsburg|Favoritepark|Freiberg(Neckar)|Benningen(Neckar),8003853,Marbach (Neckar),Baden-Württemberg,Marbach am Neckar,71672,9.264611825,48.9437708,3,2609110037.0,,2609110038.0,,,,,,,,,,,2.0,0.0
6798625749353298235-2609110012-11,7376,2609110044.0,2609110045.0,2.0,,S,S3,Stuttgart Hbf|Stuttgart-Bad Cannstatt|Stuttgart Nürnberger Str.|Stuttgart-Sommerrain|Fellbach|Waiblingen|Neustadt-Hohenacker|Schwaikheim|Winnenden|Nellmersbach,8003913,Maubach,Baden-Württemberg,Backnang,71522,9.419487062,48.92623463,4,2609110044.0,,2609110045.0,,,,,,,,,,,0.0,0.0
4235977593412169897-2609102342-11,7374,2609110014.0,2609110015.0,2.0,,S,S3,Stuttgart Hbf|Stuttgart-Bad Cannstatt|Stuttgart Nürnberger Str.|Stuttgart-Sommerrain|Fellbach|Waiblingen|Neustadt-Hohenacker|Schwaikheim|Winnenden|Nellmersbach,8003913,Maubach,Baden-Württemberg,Backnang,71522,9.419487062,48.92623463,4,2609110016.0,,2609110017.0,,,,,,,,,,,2.0,2.0
8494074834215864068-2609110011-2,7379,2609110013.0,2609110014.0,1.0,,S,S3,Backnang,8003913,Maubach,Baden-Württemberg,Backnang,71522,9.419487062,48.92623463,4,2609110014.0,,2609110015.0,,,,,,,,,,,1.0,1.0
6798625749353298235-2609110012-10,7376,2609110041.0,2609110042.0,2.0,,S,S3,Stuttgart Hbf|Stuttgart-Bad Cannstatt|Stuttgart Nürnberger Str.|Stuttgart-Sommerrain|Fellbach|Waiblingen|Neustadt-Hohenacker|Schwaikheim|Winnenden,8004233,Nellmersbach,Baden-Württemberg,Leutenbach,71397,9.415421538,48.90336425,5,2609110041.0,,2609110042.0,,,,,,,,,,,0.0,0.0
4235977593412169897-2609102342-10,7374,2609110011.0,2609110012.0,2.0,,S,S3,Stuttgart Hbf|Stuttgart-Bad Cannstatt|Stuttgart Nürnberger Str.|Stuttgart-Sommerrain|Fellbach|Waiblingen|Neustadt-Hohenacker|Schwaikheim|Winnenden,8004233,Nellmersbach,Baden-Württemberg,Leutenbach,71397,9.415421538,48.90336425,5,2609110013.0,,2609110014.0,,,,,,,,,,,2.0,2.0
8494074834215864068-2609110011-3,7379,2609110016.0,2609110016.0,1.0,,S,S3,Backnang|Maubach,8004233,Nellmersbach,Baden-Württemberg,Leutenbach,71397,9.415421538,48.90336425,5,2609110017.0,,2609110018.0,,,,,,,,,,,1.0,2.0
6798625749353298235-2609110012-7,7376,2609110033.0,2609110033.0,1.0,,S,S3,Stuttgart Hbf|Stuttgart-Bad Cannstatt|Stuttgart Nürnberger Str.|Stuttgart-Sommerrain|Fellbach|Waiblingen,8004333,Neustadt-Hohenacker,Baden-Württemberg,Waiblingen,71336,9.32455106,48.85921668,5,2609110033.0,,2609110033.0,,,,,,,,,,,0.0,0.0
4235977593412169897-2609102342-7,7374,2609110003.0,2609110003.0,1.0,,S,S3,Stuttgart Hbf|Stuttgart-Bad Cannstatt|Stuttgart Nürnberger Str.|Stuttgart-Sommerrain|Fellbach|Waiblingen,8004333,Neustadt-Hohenacker,Baden-Württemberg,Waiblingen,71336,9.32455106,48.85921668,5,2609110004.0,,2609110005.0,,,,,,,,,,,1.0,2.0
8494074834215864068-2609110011-6,7379,2609110025.0,2609110025.0,2.0,,S,S3,Backnang|Maubach|Nellmersbach|Winnenden|Schwaikheim,8004333,Neustadt-Hohenacker,Baden-Württemberg,Waiblingen,71336,9.32455106,48.85921668,5,2609110026.0,,2609110027.0,,,,,,,,,,,1.0,2.0
7735692879743924898-2609110017-5,7676,2609110028.0,2609110029.0,1.0,,S,S6,Stuttgart Hbf|Stuttgart Nordbahnhof|Stuttgart-Feuerbach|Stuttgart-Zuffenhausen,8004338,Neuwirtshaus (Porscheplatz),Baden-Württemberg,Stuttgart,70435,9.151955614,48.83384734,4,2609110028.0,,2609110029.0,,h,1.0,Bauarbeiten,,,,,,,0.0,0.0
848495705669194349-2609102354-4,7677,2609110001.0,2609110001.0,2.0,,S,S6,Ditzingen|Weilimdorf|Korntal,8004338,Neuwirtshaus (Porscheplatz),Baden-Württemberg,Stuttgart,70435,9.151955614,48.83384734,4,2609110002.0,,2609110003.0,,h,1.0,Bauarbeiten,,,,,,,1.0,2.0
-2203143972630932280-2609110024-4,7679,2609110031.0,2609110031.0,2.0,,S,S6,Ditzingen|Weilimdorf|Korntal,8004338,Neuwirtshaus (Porscheplatz),Baden-Württemberg,Stuttgart,70435,9.151955614,48.83384734,4,2609110031.0,,2609110032.0,,h,1.0,Bauarbeiten,,,,,,,0.0,1.0
7310467920449271-2609110047-5,7678,2609110058.0,2609110059.0,1.0,,S,S6,Stuttgart Hbf|Stuttgart Nordbahnhof|Stuttgart-Feuerbach|Stuttgart-Zuffenhausen,8004338,Neuwirtshaus (Porscheplatz),Baden-Württemberg,Stuttgart,70435,9.151955614,48.83384734,4,2609110058.0,,2609110059.0,,h,1.0,Bauarbeiten,,,,,,,0.0,0.0
-2978262493163587752-2609110016-2,7780,2609110019.0,2609110019.0,2.0,,S,S1,Herrenberg,8004490,Nufringen,Baden-Württemberg,Nufringen,71154,8.889817485,48.62010967,5,2609110019.0,,2609110019.0,,,,,,,,,,,0.0,0.0
3254218711381615406-2609102346-8,7775,2609110011.0,2609110011.0,1.0,,S,S1,Stuttgart-Vaihingen|Stuttgart-Rohr|Goldberg(Württ)|Böblingen|Hulb|Ehningen(b Böblingen)|Gärtringen,8004490,Nufringen,Baden-Württemberg,Nufringen,71154,8.889817485,48.62010967,5,2609110011.0,,2609110011.0,,,,,,,,,,,0.0,0.0
-1459141203769340300-2609110016-8,7777,2609110041.0,2609110041.0,1.0,,S,S1,Stuttgart-Vaihingen|Stuttgart-Rohr|Goldberg(Württ)|Böblingen|Hulb|Ehningen(b Böblingen)|Gärtringen,8004490,Nufringen,Baden-Württemberg,Nufringen,71154,8.889817485,48.62010967,5,2609110041.0,,2609110041.0,,,,,,,,,,,0.0,0.0
5905216437651592640-2609110003-5,7976,2609110015.0,2609110015.0,2.0,,S,S2,Filderstadt|Stuttgart Flughafen/Messe|Echterdingen|Leinfelden,8004496,Oberaichen,Baden-Württemberg,Leinfelden-Echterdingen,70771,9.12743664,48.70512422,5,2609110015.0,,2609110015.0,,,,,,,,,,,0.0,0.0
-7276272804962501987-2609110033-5,7978,2609110045.0,2609110045.0,2.0,,S,S2,Filderstadt|Stuttgart Flughafen/Messe|Echterdingen|Leinfelden,8004496,Oberaichen,Baden-Württemberg,Leinfelden-Echterdingen,70771,9.12743664,48.70512422,5,2609110045.0,,2609110046.0,,,,,,,,,,,0.0,1.0
1391287489183680041-2609110035-3,7979,2609110044.0,2609110044.0,1.0,,S,S2,Stuttgart-Vaihingen|Stuttgart-Rohr,8004496,Oberaichen,Baden-Württemberg,Leinfelden-Echterdingen,70771,9.12743664,48.70512422,5,2609110044.0,,2609110044.0,,,,,,,,,,,0.0,0.0
3605325443872813677-2609110005-3,7977,2609110014.0,2609110014.0,1.0,,S,S2,Stuttgart-Vaihingen|Stuttgart-Rohr,8004496,Oberaichen,Baden-Württemberg,Leinfelden-Echterdingen,70771,9.12743664,48.70512422,5,2609110014.0,,2609110014.0,,,,,,,,,,,0.0,0.0
6181068125164198804-2609102355-8,7176,2609110015.0,2609110015.0,4.0,,S,S1,Stuttgart Hbf|Stuttgart-Bad Cannstatt|Stuttgart Neckarpark|Stuttgart-Untertürkheim|Stuttgart-Obertürkheim|Esslingen-Mettingen|Esslingen(Neckar),8004528,Oberesslingen,Baden-Württemberg,Esslingen am Neckar,73730,9.327277435,48.72983585,3,2609110015.0,,2609110015.0,,,,,,,,,,,0.0,0.0
-8775031481172421761-2609110020-8,7181,2609110044.0,2609110045.0,3.0,,S,S1,Kirchheim(Teck)|Kirchheim(Teck)-Ötlingen|Wendlingen(Neckar)|Wernau(Neckar)|Plochingen|Altbach|Esslingen-Zell,8004528,Oberesslingen,Baden-Württemberg,Esslingen am Neckar,73730,9.327277435,48.72983585,3,2609110045.0,,2609110045.0,,,,,,,,,,,1.0,0.0
2298525024658281877-2609110025-8,7178,2609110045.0,2609110045.0,4.0,,S,S1,Stuttgart Hbf|Stuttgart-Bad Cannstatt|Stuttgart Neckarpark|Stuttgart-Untertürkheim|Stuttgart-Obertürkheim|Esslingen-Mettingen|Esslingen(Neckar),8004528,Oberesslingen,Baden-Württemberg,Esslingen am Neckar,73730,9.327277435,48.72983585,3,2609110046.0,,2609110047.0,,,,,,,,,,,1.0,2.0
8092363418274949423-2609102350-8,7179,2609110014.0,2609110015.0,3.0,,S,S1,Kirchheim(Teck)|Kirchheim(Teck)-Ötlingen|Wendlingen(Neckar)|Wernau(Neckar)|Plochingen|Altbach|Esslingen-Zell,8004528,Oberesslingen,Baden-Württemberg,Esslingen am Neckar,73730,9.327277435,48.72983585,3,2609110015.0,,2609110017.0,,,,,,,,,,,1.0,2.0
6181068125164198804-2609102355-11,7176,2609110023.0,2609110025.0,9.0,,S,S1,Stuttgart Hbf|Stuttgart-Bad Cannstatt|Stuttgart Neckarpark|Stuttgart-Untertürkheim|Stuttgart-Obertürkheim|Esslingen-Mettingen|Esslingen(Neckar)|Oberesslingen|Esslingen-Zell|Altbach,8000302,Plochingen,Baden-Württemberg,Plochingen,73207,9.411294578,48.71293906,2,2609110023.0,,2609110025.0,,,,,,,,,,,0.0,0.0
6962993513256562528-2609102342-4,19185,2609110000.0,2609110000.0,4.0,,ARV,MEX16,Stuttgart Hbf|Stuttgart-Bad Cannstatt|Esslingen(Neckar),8000302,Plochingen,Baden-Württemberg,Plochingen,73207,9.411294578,48.71293906,2,2609110014.0,,2609110015.0,,,,,,,,,,,14.0,15.0
6538495934741560204-2609102346-19,19188,2609110056.0,2609110057.0,1.0,,ARV,MEX16,Ulm Hbf|Beimerstetten|Westerstetten|Lonsee|Urspring|Amstetten(Württ)|Geislingen(Steige)|Geislingen(Steige)West|Kuchen|Gingen(Fils)|Süßen|Salach|Eislingen(Fils)|Göppingen|Faurndau|Uhingen|Ebersbach(Fils)|Reichenbach(Fils),8000302,Plochingen,Baden-Württemberg,Plochingen,73207,9.411294578,48.71293906,2,2609110100.0,,2609110100.0,,,,,,,,,,,4.0,3.0
-8775031481172421761-2609110020-5,7181,2609110035.0,2609110037.0,9.0,,S,S1,Kirchheim(Teck)|Kirchheim(Teck)-Ötlingen|Wendlingen(Neckar)|Wernau(Neckar),8000302,Plochingen,Baden-Württemberg,Plochingen,73207,9.411294578,48.71293906,2,2609110036.0,,2609110037.0,,,,,,,,,,,1.0,0.0
-8657113913917172137-2609102343-7,19342,2609110013.0,2609110014.0,6.0,,RE,MEX18,Reutlingen Hbf|Metzingen(Württ)|Bempflingen|Nürtingen|Oberboihingen|Wendlingen(Neckar),8000302,Plochingen,Baden-Württemberg,Plochingen,73207,9.411294578,48.71293906,2,2609110013.0,,2609110015.0,,h,2.0,Störung,,,,,,,0.0,1.0
-8733024508125192900-2609110004-4,19187,2609110023.0,2609110030.0,3.0,,ARV,MEX16,Stuttgart Hbf|Stuttgart-Bad Cannstatt|Esslingen(Neckar),8000302,Plochingen,Baden-Württemberg,Plochingen,73207,9.411294578,48.71293906,2,2609110024.0,,2609110030.0,,,,,,,,,,,1.0,0.0
-3852490567873853424-2609102204-11,4236,2609110002.0,2609110003.0,1.0,,RE,RE5,Friedrichshafen Stadt|Meckenbeuren|Ravensburg|Aulendorf|Bad Schussenried|Biberach(Riß)|Laupheim West|Ulm Hbf|Geislingen(Steige)|Göppingen,8000302,Plochingen,Baden-Württemberg,Plochingen,73207,9.411294578,48.71293906,2,2609110003.0,3.0,2609110005.0,3.0,h,2.0,Störung,,,,,,,1.0,2.0
2298525024658281877-2609110025-11,7178,2609110053.0,2609110055.0,9.0,,S,S1,Stuttgart Hbf|Stuttgart-Bad Cannstatt|Stuttgart Neckarpark|Stuttgart-Untertürkheim|Stuttgart-Obertürkheim|Esslingen-Mettingen|Esslingen(Neckar)|Oberesslingen|Esslingen-Zell|Altbach,8000302,Plochingen,Baden-Württemberg,Plochingen,73207,9.411294578,48.71293906,2,2609110054.0,,2609110055.0,,,,,,,,,,,1.0,0.0
-4359664030948879851-2609102348-13,19186,2609110028.0,2609110034.0,1.0,,ARV,MEX16,Geislingen(Steige)|Geislingen(Steige)West|Kuchen|Gingen(Fils)|Süßen|Salach|Eislingen(Fils)|Göppingen|Faurndau|Uhingen|Ebersbach(Fils)|Reichenbach(Fils),8000302,Plochingen,Baden-Württemberg,Plochingen,73207,9.411294578,48.71293906,2,2609110028.0,,2609110034.0,,,,,,,,,c,c,0.0,0.0
8092363418274949423-2609102350-5,7179,2609110005.0,2609110007.0,9.0,,S,S1,Kirchheim(Teck)|Kirchheim(Teck)-Ötlingen|Wendlingen(Neckar)|Wernau(Neckar),8000302,Plochingen,Baden-Württemberg,Plochingen,73207,9.411294578,48.71293906,2,2609110005.0,,2609110008.0,,,,,,,,,,,0.0,1.0
1170028468095042603-2609110013-3,7688,2609110019.0,2609110022.0,3.0,,S,S6,Leonberg|Rutesheim,8000313,Renningen,Baden-Württemberg,Renningen,71272,8.932650148,48.77515509,3,2609110019.0,,2609110022.0,,,,,,,,,,,0.0,0.0
-9074467080985277700-2609110034-7,7079,2609110050.0,,2.0,,S,,Böblingen|Sindelfingen|Maichingen|Maichingen Nord|Magstadt|Renningen Süd,8000313,Renningen,Baden-Württemberg,Renningen,71272,8.932650148,48.77515509,3,2609110051.0,,,,h,1.0,Bauarbeiten,,,,,,,1.0,0.0
3135343690013222861-2609110009-1,7078,,2609110009.0,,,S,S60,,8000313,Renningen,Baden-Württemberg,Renningen,71272,8.932650148,48.77515509,3,,,2609110010.0,,h,1.0,Bauarbeiten,,,,,,,0.0,1.0
-5273476545227506052-2609110043-3,7690,2609110049.0,2609110052.0,3.0,,S,S6,Leonberg|Rutesheim,8000313,Renningen,Baden-Württemberg,Renningen,71272,8.932650148,48.77515509,3,2609110049.0,,2609110052.0,,,,,,,,,,,0.0,0.0
-8774147686098078692-2609110004-7,7077,2609110020.0,,2.0,,S,,Böblingen|Sindelfingen|Maichingen|Maichingen Nord|Magstadt|Renningen Süd,8000313,Renningen,Baden-Württemberg,Renningen,71272,8.932650148,48.77515509,3,2609110021.0,,,,h,1.0,Bauarbeiten,,,,,,,1.0,0.0
1672508797229917714-2609110003-3,7689,2609110007.0,2609110011.0,2.0,,S,S6,Weil der Stadt|Malmsheim,8000313,Renningen,Baden-Württemberg,Renningen,71272,8.932650148,48.77515509,3,2609110009.0,,2609110011.0,,,,,,,,,,,2.0,0.0
-8097229136581884814-2609110033-9,7281,2609110051.0,2609110052.0,2.0,,S,S2,Schorndorf|Weiler(Rems)|Winterbach(b Schorndorf)|Geradstetten|Grunbach|Beutelsbach|Endersbach|Stetten-Beinstein,8005157,Rommelshausen,Baden-Württemberg,Kernen,71394,9.319175885,48.81552017,4,2609110052.0,,2609110052.0,,h,2.0,Bauarbeiten,,,,,,,1.0,0.0
6461875104419562950-2609110020-7,7276,2609110037.0,2609110037.0,1.0,,S,S2,Stuttgart Hbf|Stuttgart-Bad Cannstatt|Stuttgart Nürnberger Str.|Stuttgart-Sommerrain|Fellbach|Waiblingen,8005157,Rommelshausen,Baden-Württemberg,Kernen,71394,9.319175885,48.81552017,4,2609110038.0,,2609110039.0,,h,2.0,Bauarbeiten,,,,,,,1.0,2.0
-6065798673451795825-2609102350-7,7274,2609110007.0,2609110007.0,1.0,,S,S2,Stuttgart Hbf|Stuttgart-Bad Cannstatt|Stuttgart Nürnberger Str.|Stuttgart-Sommerrain|Fellbach|Waiblingen,8005157,Rommelshausen,Baden-Württemberg,Kernen,71394,9.319175885,48.81552017,4,2609110008.0,,2609110009.0,,h,2.0,Bauarbeiten,,,,,,,1.0,2.0
6570008134094305920-2609110003-9,7279,2609110021.0,2609110022.0,2.0,,S,S2,Schorndorf|Weiler(Rems)|Winterbach(b Schorndorf)|Geradstetten|Grunbach|Beutelsbach|Endersbach|Stetten-Beinstein,8005157,Rommelshausen,Baden-Württemberg,Kernen,71394,9.319175885,48.81552017,4,2609110021.0,,2609110022.0,,h,2.0,Bauarbeiten,,,,,,,0.0,0.0
1170028468095042603-2609110013-2,7688,2609110016.0,2609110016.0,2.0,,S,S6,Leonberg,8005236,Rutesheim,Baden-Württemberg,Leonberg,71229,8.960325242,48.79031093,5,2609110016.0,,2609110017.0,,,,,,,,,,,0.0,1.0
-5273476545227506052-2609110043-2,7690,2609110046.0,2609110046.0,2.0,,S,S6,Leonberg,8005236,Rutesheim,Baden-Württemberg,Leonberg,71229,8.960325242,48.79031093,5,2609110046.0,,2609110047.0,,,,,,,,,,,0.0,1.0
1672508797229917714-2609110003-4,7689,2609110013.0,2609110014.0,1.0,,S,S6,Weil der Stadt|Malmsheim|Renningen,8005236,Rutesheim,Baden-Württemberg,Leonberg,71229,8.960325242,48.79031093,5,2609110014.0,,2609110014.0,,,,,,,,,,,1.0,0.0
-8097229136581884814-2609110033-1,7281,,2609110033.0,,,S,S2,,8005424,Schorndorf,Baden-Württemberg,Schorndorf,73614,9.525686251,48.80693898,3,,,2609110033.0,14.0,h,2.0,Bauarbeiten,,,,,,,0.0,0.0
6461875104419562950-2609110020-15,7276,2609110055.0,,14.0,,S,,Stuttgart Hbf|Stuttgart-Bad Cannstatt|Stuttgart Nürnberger Str.|Stuttgart-Sommerrain|Fellbach|Waiblingen|Rommelshausen|Stetten-Beinstein|Endersbach|Beutelsbach|Grunbach|Geradstetten|Winterbach(b Schorndorf)|Weiler(Rems),8005424,Schorndorf,Baden-Württemberg,Schorndorf,73614,9.525686251,48.80693898,3,2609110057.0,,,,h,2.0,Bauarbeiten,,,,,,,2.0,0.0
-6065798673451795825-2609102350-15,7274,2609110025.0,,1.0,,S,,Stuttgart Hbf|Stuttgart-Bad Cannstatt|Stuttgart Nürnberger Str.|Stuttgart-Sommerrain|Fellbach|Waiblingen|Rommelshausen|Stetten-Beinstein|Endersbach|Beutelsbach|Grunbach|Geradstetten|Winterbach(b Schorndorf)|Weiler(Rems),8005424,Schorndorf,Baden-Württemberg,Schorndorf,73614,9.525686251,48.80693898,3,2609110026.0,14.0,,,h,2.0,Bauarbeiten,,,,,,,1.0,0.0
6570008134094305920-2609110003-1,7279,,2609110003.0,,,S,S2,,8005424,Schorndorf,Baden-Württemberg,Schorndorf,73614,9.525686251,48.80693898,3,,,2609110003.0,,h,2.0,Bauarbeiten,,,,,,,0.0,0.0
-7237297222650599866-2609102347-4,19441,2609110013.0,2609110014.0,2.0,,ARV,MEX13,Stuttgart Hbf|Stuttgart-Bad Cannstatt|Waiblingen,8005424,Schorndorf,Baden-Württemberg,Schorndorf,73614,9.525686251,48.80693898,3,2609110013.0,,2609110023.0,,h,2.0,Information,,,,,,,0.0,9.0
6798625749353298235-2609110012-8,7376,2609110036.0,2609110036.0,2.0,,S,S3,Stuttgart Hbf|Stuttgart-Bad Cannstatt|Stuttgart Nürnberger Str.|Stuttgart-Sommerrain|Fellbach|Waiblingen|Neustadt-Hohenacker,8005454,Schwaikheim,Baden-Württemberg,Schwaikheim,71409,9.354747358,48.86832665,4,2609110036.0,,2609110036.0,,,,,,,,,,,0.0,0.0
4235977593412169897-2609102342-8,7374,2609110006.0,2609110006.0,2.0,,S,S3,Stuttgart Hbf|Stuttgart-Bad Cannstatt|Stuttgart Nürnberger Str.|Stuttgart-Sommerrain|Fellbach|Waiblingen|Neustadt-Hohenacker,8005454,Schwaikheim,Baden-Württemberg,Schwaikheim,71409,9.354747358,48.86832665,4,2609110007.0,,2609110007.0,,,,,,,,,,,1.0,1.0
8494074834215864068-2609110011-5,7379,2609110022.0,2609110023.0,1.0,,S,S3,Backnang|Maubach|Nellmersbach|Winnenden,8005454,Schwaikheim,Baden-Württemberg,Schwaikheim,71409,9.354747358,48.86832665,4,2609110023.0,,2609110024.0,,,,,,,,,,,1.0,1.0
-9074467080985277700-2609110034-2,7079,2609110036.0,2609110037.0,1.0,,S,S60,Böblingen,8005574,Sindelfingen,Baden-Württemberg,Sindelfingen,71063,8.999262079,48.70387346,6,2609110037.0,,2609110037.0,,h,1.0,Bauarbeiten,,,,,,,1.0,0.0
3135343690013222861-2609110009-6,7078,2609110022.0,2609110023.0,1.0,,S,S60,Renningen|Renningen Süd|Magstadt|Maichingen Nord|Maichingen,8005574,Sindelfingen,Baden-Württemberg,Sindelfingen,71063,8.999262079,48.70387346,6,2609110023.0,,2609110023.0,,h,1.0,Bauarbeiten,,,,,,,1.0,0.0
-8774147686098078692-2609110004-2,7077,2609110006.0,2609110007.0,1.0,,S,S60,Böblingen,8005574,Sindelfingen,Baden-Württemberg,Sindelfingen,71063,8.999262079,48.70387346,6,2609110007.0,,2609110007.0,,h,1.0,Bauarbeiten,,,,,,,1.0,0.0
-8097229136581884814-2609110033-8,7281,2609110049.0,2609110049.0,2.0,,S,S2,Schorndorf|Weiler(Rems)|Winterbach(b Schorndorf)|Geradstetten|Grunbach|Beutelsbach|Endersbach,8005726,Stetten-Beinstein,Baden-Württemberg,Weinstadt,71384,9.352769725,48.81199601,5,2609110049.0,,2609110049.0,,h,2.0,Bauarbeiten,,,,,,,0.0,0.0
6461875104419562950-2609110020-8,7276,2609110039.0,2609110039.0,1.0,,S,S2,Stuttgart Hbf|Stuttgart-Bad Cannstatt|Stuttgart Nürnberger Str.|Stuttgart-Sommerrain|Fellbach|Waiblingen|Rommelshausen,8005726,Stetten-Beinstein,Baden-Württemberg,Weinstadt,71384,9.352769725,48.81199601,5,2609110040.0,,2609110041.0,,h,2.0,Bauarbeiten,,,,,,,1.0,2.0
-6065798673451795825-2609102350-8,7274,2609110009.0,2609110009.0,1.0,,S,S2,Stuttgart Hbf|Stuttgart-Bad Cannstatt|Stuttgart Nürnberger Str.|Stuttgart-Sommerrain|Fellbach|Waiblingen|Rommelshausen,8005726,Stetten-Beinstein,Baden-Württemberg,Weinstadt,71384,9.352769725,48.81199601,5,2609110011.0,,2609110012.0,,h,2.0,Bauarbeiten,,,,,,,2.0,3.0
6570008134094305920-2609110003-8,7279,2609110019.0,2609110019.0,2.0,,S,S2,Schorndorf|Weiler(Rems)|Winterbach(b Schorndorf)|Geradstetten|Grunbach|Beutelsbach|Endersbach,8005726,Stetten-Beinstein,Baden-Württemberg,Weinstadt,71384,9.352769725,48.81199601,5,2609110018.0,,2609110019.0,,h,2.0,Bauarbeiten,,,,,,,-1.0,0.0
7735692879743924898-2609110017-1,7676,,2609110017.0,,,S,S6,,8000096,Stuttgart Hbf,Baden-Württemberg,Stuttgart,70173,9.183172973,48.78473069,1,,,2609110017.0,,h,1.0,Bauarbeiten,,,,,,,0.0,0.0
6461875104419562950-2609110020-1,7276,,2609110020.0,,,S,S2,,8000096,Stuttgart Hbf,Baden-Württemberg,Stuttgart,70173,9.183172973,48.78473069,1,,,2609110022.0,,h,2.0,Bauarbeiten,,,,,,,0.0,2.0
7313231446534335906-2609110050-1,7278,,2609110050.0,,,S,S2,,8000096,Stuttgart Hbf,Baden-Württemberg,Stuttgart,70173,9.183172973,48.78473069,1,,,2609110051.0,,h,2.0,Bauarbeiten,,,,,,,0.0,1.0
7108274583246193747-2609102246-4,698,2609110054.0,2609110102.0,9.0,,ICE,,München Hbf|Augsburg Hbf|Ulm Hbf,8000096,Stuttgart Hbf,Baden-Württemberg,Stuttgart,70173,9.183172973,48.78473069,1,2609110109.0,,2609110117.0,,,,,,,,,,,15.0,15.0
-4143823338981277696-2609102306-5,63569,2609110009.0,,8.0,,ARV,,Neckarsulm|Heilbronn Hbf|Bietigheim-Bissingen|Ludwigsburg,8000096,Stuttgart Hbf,Baden-Württemberg,Stuttgart,70173,9.183172973,48.78473069,1,2609110032.0,,,,,,,,,,,,,23.0,0.0
-777260281010664973-2609110016-1,19036,,2609110016.0,,,ARV,RE1,,8000096,Stuttgart Hbf,Baden-Württemberg,Stuttgart,70173,9.183172973,48.78473069,1,,,2609110016.0,,h,2.0,Information,,,,,,,0.0,0.0
8924619333411272467-2609110042-1,7378,,2609110042.0,,,S,S3,,8000096,Stuttgart Hbf,Baden-Württemberg,Stuttgart,70173,9.183172973,48.78473069,1,,,2609110044.0,,,,,,,,,,,0.0,2.0
7846954886947346104-2609110037-1,7476,,2609110037.0,,,S,S4,,8000096,Stuttgart Hbf,Baden-Württemberg,Stuttgart,70173,9.183172973,48.78473069,1,,,2609110037.0,,,,,,,,,,,0.0,0.0
575051924010749743-2609102357-9,19377,2609110044.0,,7.0,,RE,,Heilbronn Hbf|Nordheim(Württ)|Lauffen(Neckar)|Kirchheim(Neckar)|Walheim(Württ)|Besigheim|Bietigheim-Bissingen|Ludwigsburg,8000096,Stuttgart Hbf,Baden-Württemberg,Stuttgart,70173,9.183172973,48.78473069,1,2609110050.0,,,,h,2.0,Störung,,,,,,,6.0,0.0
-1059289875129037590-2609110027-1,7578,,2609110027.0,,,S,S5,,8000096,Stuttgart Hbf,Baden-Württemberg,Stuttgart,70173,9.183172973,48.78473069,1,,,2609110027.0,,h,1.0,Bauarbeiten,,,,,,,0.0,0.0
-6342382568126164390-2609102312-6,19037,2609110030.0,,5.0,,ARV,,Karlsruhe Hbf|Karlsruhe-Durlach|Vaihingen(Enz)|Bietigheim-Bissingen|Ludwigsburg,8000096,Stuttgart Hbf,Baden-Württemberg,Stuttgart,70173,9.183172973,48.78473069,1,2609110024.0,14.0,,,,,,,,,,,,-6.0,0.0
848495705669194349-2609102354-8,7677,2609110015.0,,2.0,,S,,Ditzingen|Weilimdorf|Korntal|Neuwirtshaus(Porscheplatz)|Stuttgart-Zuffenhausen|Stuttgart-Feuerbach|Stuttgart Nordbahnhof,8000096,Stuttgart Hbf,Baden-Württemberg,Stuttgart,70173,9.183172973,48.78473069,1,2609110015.0,,,,h,1.0,Bauarbeiten,,,,,,,0.0,0.0
-7037256455781419756-2609110042-1,19189,,2609110042.0,,,ARV,MEX16,,8000096,Stuttgart Hbf,Baden-Württemberg,Stuttgart,70173,9.183172973,48.78473069,1,,,,,,,,,,,,,c,0.0,0.0
6798625749353298235-2609110012-1,7376,,2609110012.0,,,S,S3,,8000096,Stuttgart Hbf,Baden-Württemberg,Stuttgart,70173,9.183172973,48.78473069,1,,,2609110012.0,,,,,,,,,,,0.0,0.0
-4175471405587783145-2609110007-1,7474,,2609110007.0,,,S,S4,,8000096,Stuttgart Hbf,Baden-Württemberg,Stuttgart,70173,9.183172973,48.78473069,1,,,2609110007.0,,,,,,,,,,,0.0,0.0
840026004368016537-2609102307-12,19444,2609110009.0,,12.0,,ARV,,Aalen Hbf|Mögglingen(Gmünd)|Böbingen(Rems)|Schwäbisch Gmünd|Lorch(Württ)|Waldhausen(b Schorndorf)|Plüderhausen|Urbach(b Schorndorf)|Schorndorf|Waiblingen|Stuttgart-Bad Cannstatt,8000096,Stuttgart Hbf,Baden-Württemberg,Stuttgart,70173,9.183172973,48.78473069,1,2609110040.0,13.0,,,h,2.0,Information,,,Aalen Hbf|Mögglingen(Gmünd)|Böbingen(Rems)|Schwäbisch Gmünd|Lorch(Württ)|Waldhausen(b Schorndorf)|Plüderhausen|Urbach(b Schorndorf)|Schorndorf|Waiblingen|Stuttgart-Bad Cannstatt,,,,31.0,0.0
2977099434128495599-2609102355-10,7477,2609110025.0,,1.0,,S,,Marbach(Neckar)|Benningen(Neckar)|Freiberg(Neckar)|Favoritepark|Ludwigsburg|Kornwestheim Pbf|Stuttgart-Zuffenhausen|Stuttgart-Feuerbach|Stuttgart Nordbahnhof,8000096,Stuttgart Hbf,Baden-Württemberg,Stuttgart,70173,9.183172973,48.78473069,1,2609110025.0,,,,,,,,,,,,,0.0,0.0
-8733024508125192900-2609110004-1,19187,,2609110004.0,,,ARV,MEX16,,8000096,Stuttgart Hbf,Baden-Württemberg,Stuttgart,70173,9.183172973,48.78473069,1,,,,,,,,,,,,,c,0.0,0.0
-2203143972630932280-2609110024-8,7679,2609110045.0,,1.0,,S,,Ditzingen|Weilimdorf|Korntal|Neuwirtshaus(Porscheplatz)|Stuttgart-Zuffenhausen|Stuttgart-Feuerbach|Stuttgart Nordbahnhof,8000096,Stuttgart Hbf,Baden-Württemberg,Stuttgart,70173,9.183172973,48.78473069,1,2609110046.0,,,,h,1.0,Bauarbeiten,,,,,,,1.0,0.0
-1263112065111090114-2609102328-15,7277,2609110010.0,,3.0,,S,,Schorndorf|Weiler(Rems)|Winterbach(b Schorndorf)|Geradstetten|Grunbach|Beutelsbach|Endersbach|Stetten-Beinstein|Rommelshausen|Waiblingen|Fellbach|Stuttgart-Sommerrain|Stuttgart Nürnberger Str.|Stuttgart-Bad Cannstatt,8000096,Stuttgart Hbf,Baden-Württemberg,Stuttgart,70173,9.183172973,48.78473069,1,2609110010.0,,,,h,2.0,Bauarbeiten,,,,,,,0.0,0.0
1185018983986773480-2609102346-6,7577,2609110005.0,,1.0,,S,,Ludwigsburg|Kornwestheim Pbf|Stuttgart-Zuffenhausen|Stuttgart-Feuerbach|Stuttgart Nordbahnhof,8000096,Stuttgart Hbf,Baden-Württemberg,Stuttgart,70173,9.183172973,48.78473069,1,2609110006.0,,,,h,1.0,Bauarbeiten,,,,,,,1.0,0.0
4705599029793291676-2609102320-15,7177,2609110005.0,,4.0,,S,,Kirchheim(Teck)|Kirchheim(Teck)-Ötlingen|Wendlingen(Neckar)|Wernau(Neckar)|Plochingen|Altbach|Esslingen-Zell|Oberesslingen|Esslingen(Neckar)|Esslingen-Mettingen|Stuttgart-Obertürkheim|Stuttgart-Untertürkheim|Stuttgart Neckarpark|Stuttgart-Bad Cannstatt,8000096,Stuttgart Hbf,Baden-Württemberg,Stuttgart,70173,9.183172973,48.78473069,1,2609110005.0,,,,,,,,,,,,,0.0,0.0
6570008134094305920-2609110003-15,7279,2609110040.0,,3.0,,S,,Schorndorf|Weiler(Rems)|Winterbach(b Schorndorf)|Geradstetten|Grunbach|Beutelsbach|Endersbach|Stetten-Beinstein|Rommelshausen|Waiblingen|Fellbach|Stuttgart-Sommerrain|Stuttgart Nürnberger Str.|Stuttgart-Bad Cannstatt,8000096,Stuttgart Hbf,Baden-Württemberg,Stuttgart,70173,9.183172973,48.78473069,1,2609110040.0,,,,h,2.0,Bauarbeiten,,,,,,,0.0,0.0
-3852490567873853424-2609102204-13,4236,2609110019.0,,11.0,,RE,,Friedrichshafen Stadt|Meckenbeuren|Ravensburg|Aulendorf|Bad Schussenried|Biberach(Riß)|Laupheim West|Ulm Hbf|Geislingen(Steige)|Göppingen|Plochingen|Esslingen(Neckar),8000096,Stuttgart Hbf,Baden-Württemberg,Stuttgart,70173,9.183172973,48.78473069,1,2609110032.0,,,,h,2.0,Störung,,,,,,,13.0,0.0
2298525024658281877-2609110025-1,7178,,2609110025.0,,,S,S1,,8000096,Stuttgart Hbf,Baden-Württemberg,Stuttgart,70173,9.183172973,48.78473069,1,,,2609110026.0,,,,,,,,,,,0.0,1.0
-7120372043677331542-2609102341-12,7377,2609110017.0,,4.0,,S,,Backnang|Maubach|Nellmersbach|Winnenden|Schwaikheim|Neustadt-Hohenacker|Waiblingen|Fellbach|Stuttgart-Sommerrain|Stuttgart Nürnberger Str.|Stuttgart-Bad Cannstatt,8000096,Stuttgart Hbf,Baden-Württemberg,Stuttgart,70173,9.183172973,48.78473069,1,2609110019.0,,,,,,,,,,,,,2.0,0.0
6194893901306646476-2609101726-15,617,2609110011.0,,5.0,,ICE,,Hamburg-Altona|Hamburg Dammtor|Hamburg Hbf|Hamburg-Harburg|Bremen Hbf|Osnabrück Hbf|Münster(Westf)Hbf|Recklinghausen Hbf|Gelsenkirchen Hbf|Duisburg Hbf|Düsseldorf Hbf|Köln Hbf|Frankfurt(M) Flughafen Fernbf|Mannheim Hbf,8000096,Stuttgart Hbf,Baden-Württemberg,Stuttgart,70173,9.183172973,48.78473069,1,2609110029.0,16.0,,,c,,,,,,,,,18.0,0.0
-4359664030948879851-2609102348-16,19186,2609110051.0,,10.0,,ARV,,Geislingen(Steige)|Geislingen(Steige)West|Kuchen|Gingen(Fils)|Süßen|Salach|Eislingen(Fils)|Göppingen|Faurndau|Uhingen|Ebersbach(Fils)|Reichenbach(Fils)|Plochingen|Esslingen(Neckar)|Stuttgart-Bad Cannstatt,8000096,Stuttgart Hbf,Baden-Württemberg,Stuttgart,70173,9.183172973,48.78473069,1,2609110051.0,,,,,,,,,,,c,,0.0,0.0
-4165700884382640783-2609102316-10,19364,2609110006.0,,9.0,,RE,,Reutlingen Hbf|Metzingen(Württ)|Bempflingen|Nürtingen|Oberboihingen|Wendlingen(Neckar)|Plochingen|Esslingen(Neckar)|Stuttgart-Bad Cannstatt,8000096,Stuttgart Hbf,Baden-Württemberg,Stuttgart,70173,9.183172973,48.78473069,1,2609110008.0,,,,h,2.0,Störung,,,,,,,2.0,0.0
7310467920449271-2609110047-1,7678,,2609110047.0,,,S,S6,,8000096,Stuttgart Hbf,Baden-Württemberg,Stuttgart,70173,9.183172973,48.78473069,1,,,2609110049.0,,h,1.0,Bauarbeiten,,,,,,,0.0,2.0
-3366414490112859120-2609110055-1,7180,,2609110055.0,,,S,S1,,8000096,Stuttgart Hbf,Baden-Württemberg,Stuttgart,70173,9.183172973,48.78473069,1,,,2609110055.0,,,,,,,,,,,0.0,0.0
-4825921784207905950-2609110057-1,7580,,2609110057.0,,,S,S5,,8000096,Stuttgart Hbf,Baden-Württemberg,Stuttgart,70173,9.183172973,48.78473069,1,,,2609110057.0,,h,1.0,Bauarbeiten,,,,,,,0.0,0.0
8092363418274949423-2609102350-15,7179,2609110035.0,,4.0,,S,,Kirchheim(Teck)|Kirchheim(Teck)-Ötlingen|Wendlingen(Neckar)|Wernau(Neckar)|Plochingen|Altbach|Esslingen-Zell|Oberesslingen|Esslingen(Neckar)|Esslingen-Mettingen|Stuttgart-Obertürkheim|Stuttgart-Untertürkheim|Stuttgart Neckarpark|Stuttgart-Bad Cannstatt,8000096,Stuttgart Hbf,Baden-Württemberg,Stuttgart,70173,9.183172973,48.78473069,1,2609110037.0,,,,,,,,,,,,,2.0,0.0
-6232403407797161851-2609102236-22,19184,2609110016.0,,10.0,,ARV,,Ulm Hbf|Beimerstetten|Westerstetten|Lonsee|Urspring|Amstetten(Württ)|Geislingen(Steige)|Geislingen(Steige)West|Kuchen|Gingen(Fils)|Süßen|Salach|Eislingen(Fils)|Göppingen|Faurndau|Uhingen|Ebersbach(Fils)|Reichenbach(Fils)|Plochingen|Esslingen(Neckar)|Stuttgart-Bad Cannstatt,8000096,Stuttgart Hbf,Baden-Württemberg,Stuttgart,70173,9.183172973,48.78473069,1,,,,,,,,,,,,c,,0.0,0.0
8494074834215864068-2609110011-12,7379,2609110047.0,,4.0,,S,,Backnang|Maubach|Nellmersbach|Winnenden|Schwaikheim|Neustadt-Hohenacker|Waiblingen|Fellbach|Stuttgart-Sommerrain|Stuttgart Nürnberger Str.|Stuttgart-Bad Cannstatt,8000096,Stuttgart Hbf,Baden-Württemberg,Stuttgart,70173,9.183172973,48.78473069,1,2609110047.0,,,,,,,,,,,,,0.0,0.0
414984855934234452-2609102332-11,17570,2609110035.0,,12.0,,RB,,Gaildorf West|Fichtenberg|Fornsbach|Murrhardt|Sulzbach(Murr)|Oppenweiler(Württ)|Backnang|Winnenden|Waiblingen|Stuttgart-Bad Cannstatt,8000096,Stuttgart Hbf,Baden-Württemberg,Stuttgart,70173,9.183172973,48.78473069,1,2609110035.0,,,,,,,,,,,,,0.0,0.0
1481285002460915742-2609110034-1,17501,,2609110034.0,,,RB,MEX90,,8000096,Stuttgart Hbf,Baden-Württemberg,Stuttgart,70173,9.183172973,48.78473069,1,,,2609110035.0,,,,,,,,,,,0.0,1.0
4485205009405163343-2609110016-6,7579,2609110035.0,,2.0,,S,,Ludwigsburg|Kornwestheim Pbf|Stuttgart-Zuffenhausen|Stuttgart-Feuerbach|Stuttgart Nordbahnhof,8000096,Stuttgart Hbf,Baden-Württemberg,Stuttgart,70173,9.183172973,48.78473069,1,2609110034.0,,,,h,1.0,Bauarbeiten,,,,,,,-1.0,0.0
6181068125164198804-2609102355-3,7176,2609110002.0,2609110002.0,2.0,,S,S1,Stuttgart Hbf|Stuttgart-Bad Cannstatt,8006743,Stuttgart Neckarpark,Baden-Württemberg,Stuttgart,70372,9.24106855,48.79194362,4,2609110002.0,,2609110002.0,,,,,,,,,,,0.0,0.0
-8775031481172421761-2609110020-13,7181,2609110057.0,2609110057.0,1.0,,S,S1,Kirchheim(Teck)|Kirchheim(Teck)-Ötlingen|Wendlingen(Neckar)|Wernau(Neckar)|Plochingen|Altbach|Esslingen-Zell|Oberesslingen|Esslingen(Neckar)|Esslingen-Mettingen|Stuttgart-Obertürkheim|Stuttgart-Untertürkheim,8006743,Stuttgart Neckarpark,Baden-Württemberg,Stuttgart,70372,9.24106855,48.79194362,4,2609110059.0,,2609110059.0,,,,,,,,,,,2.0,2.0
2298525024658281877-2609110025-3,7178,2609110032.0,2609110032.0,2.0,,S,S1,Stuttgart Hbf|Stuttgart-Bad Cannstatt,8006743,Stuttgart Neckarpark,Baden-Württemberg,Stuttgart,70372,9.24106855,48.79194362,4,2609110034.0,,2609110035.0,,,,,,,,,,,2.0,3.0
8092363418274949423-2609102350-13,7179,2609110027.0,2609110027.0,1.0,,S,S1,Kirchheim(Teck)|Kirchheim(Teck)-Ötlingen|Wendlingen(Neckar)|Wernau(Neckar)|Plochingen|Altbach|Esslingen-Zell|Oberesslingen|Esslingen(Neckar)|Esslingen-Mettingen|Stuttgart-Obertürkheim|Stuttgart-Untertürkheim,8006743,Stuttgart Neckarpark,Baden-Württemberg,Stuttgart,70372,9.24106855,48.79194362,4,2609110030.0,,2609110031.0,,,,,,,,,,,3.0,4.0
7735692879743924898-2609110017-2,7676,2609110020.0,2609110022.0,3.0,,S,S6,Stuttgart Hbf,8005767,Stuttgart Nord,Baden-Württemberg,Stuttgard-Nord,70174,9.188061449,48.80374161,5,2609110021.0,,2609110022.0,,h,1.0,Bauarbeiten,,,,,,,1.0,0.0
7846954886947346104-2609110037-2,7476,2609110040.0,2609110041.0,3.0,,S,S4,Stuttgart Hbf,8005767,Stuttgart Nord,Baden-Württemberg,Stuttgard-Nord,70174,9.188061449,48.80374161,5,2609110041.0,,2609110042.0,,,,,,,,,,,1.0,1.0
-1059289875129037590-2609110027-2,7578,2609110030.0,2609110031.0,3.0,,S,S5,Stuttgart Hbf,8005767,Stuttgart Nord,Baden-Württemberg,Stuttgard-Nord,70174,9.188061449,48.80374161,5,2609110030.0,,2609110031.0,,h,1.0,Bauarbeiten,,,,,,,0.0,0.0
848495705669194349-2609102354-7,7677,2609110009.0,2609110011.0,4.0,,S,S6,Ditzingen|Weilimdorf|Korntal|Neuwirtshaus(Porscheplatz)|Stuttgart-Zuffenhausen|Stuttgart-Feuerbach,8005767,Stuttgart Nord,Baden-Württemberg,Stuttgard-Nord,70174,9.188061449,48.80374161,5,2609110009.0,,2609110011.0,,h,1.0,Bauarbeiten,,,,,,,0.0,0.0
-4175471405587783145-2609110007-2,7474,2609110010.0,2609110011.0,3.0,,S,S4,Stuttgart Hbf,8005767,Stuttgart Nord,Baden-Württemberg,Stuttgard-Nord,70174,9.188061449,48.80374161,5,2609110011.0,,2609110012.0,,,,,,,,,,,1.0,1.0
2977099434128495599-2609102355-9,7477,2609110019.0,2609110021.0,4.0,,S,S4,Marbach(Neckar)|Benningen(Neckar)|Freiberg(Neckar)|Favoritepark|Ludwigsburg|Kornwestheim Pbf|Stuttgart-Zuffenhausen|Stuttgart-Feuerbach,8005767,Stuttgart Nord,Baden-Württemberg,Stuttgard-Nord,70174,9.188061449,48.80374161,5,2609110019.0,,2609110021.0,,,,,,,,,,,0.0,0.0
-2203143972630932280-2609110024-7,7679,2609110039.0,2609110041.0,4.0,,S,S6,Ditzingen|Weilimdorf|Korntal|Neuwirtshaus(Porscheplatz)|Stuttgart-Zuffenhausen|Stuttgart-Feuerbach,8005767,Stuttgart Nord,Baden-Württemberg,Stuttgard-Nord,70174,9.188061449,48.80374161,5,2609110039.0,,2609110042.0,,h,1.0,Bauarbeiten,,,,,,,0.0,1.0
1185018983986773480-2609102346-5,7577,2609102359.0,2609110001.0,4.0,,S,S5,Ludwigsburg|Kornwestheim Pbf|Stuttgart-Zuffenhausen|Stuttgart-Feuerbach,8005767,Stuttgart Nord,Baden-Württemberg,Stuttgard-Nord,70174,9.188061449,48.80374161,5,2609102359.0,,2609110002.0,,h,1.0,Bauarbeiten,,,,,,,0.0,1.0
7310467920449271-2609110047-2,7678,2609110050.0,2609110052.0,3.0,,S,S6,Stuttgart Hbf,8005767,Stuttgart Nord,Baden-Württemberg,Stuttgard-Nord,70174,9.188061449,48.80374161,5,2609110052.0,,2609110052.0,,h,1.0,Bauarbeiten,,,,,,,2.0,0.0
-5842345505256526084-2609102357-2,7576,2609110000.0,2609110001.0,3.0,,S,S5,Stuttgart Hbf,8005767,Stuttgart Nord,Baden-Württemberg,Stuttgard-Nord,70174,9.188061449,48.80374161,5,2609110001.0,,2609110002.0,,h,1.0,Bauarbeiten,,,,,,,1.0,1.0
4485205009405163343-2609110016-5,7579,2609110029.0,2609110031.0,4.0,,S,S5,Ludwigsburg|Kornwestheim Pbf|Stuttgart-Zuffenhausen|Stuttgart-Feuerbach,8005767,Stuttgart Nord,Baden-Württemberg,Stuttgard-Nord,70174,9.188061449,48.80374161,5,2609110029.0,,2609110031.0,,h,1.0,Bauarbeiten,,,,,,,0.0,0.0
6461875104419562950-2609110020-3,7276,2609110027.0,2609110027.0,4.0,,S,S2,Stuttgart Hbf|Stuttgart-Bad Cannstatt,8004357,Stuttgart Nürnberger Straße,Baden-Württemberg,Stuttgart,70374,9.234576905,48.80656062,5,2609110029.0,,2609110029.0,,h,2.0,Bauarbeiten,,,,,,,2.0,2.0
7313231446534335906-2609110050-3,7278,2609110057.0,2609110057.0,4.0,,S,S2,Stuttgart Hbf|Stuttgart-Bad Cannstatt,8004357,Stuttgart Nürnberger Straße,Baden-Württemberg,Stuttgart,70374,9.234576905,48.80656062,5,2609110057.0,,2609110058.0,,h,2.0,Bauarbeiten,,,,,,,0.0,1.0
8924619333411272467-2609110042-3,7378,2609110052.0,2609110052.0,4.0,,S,S3,Stuttgart Hbf|Stuttgart-Bad Cannstatt,8004357,Stuttgart Nürnberger Straße,Baden-Württemberg,Stuttgart,70374,9.234576905,48.80656062,5,2609110053.0,,2609110053.0,,,,,,,,,,,1.0,1.0
6798625749353298235-2609110012-3,7376,2609110022.0,2609110022.0,4.0,,S,S3,Stuttgart Hbf|Stuttgart-Bad Cannstatt,8004357,Stuttgart Nürnberger Straße,Baden-Württemberg,Stuttgart,70374,9.234576905,48.80656062,5,2609110022.0,,2609110022.0,,,,,,,,,,,0.0,0.0
-1263112065111090114-2609102328-13,7277,2609110002.0,2609110003.0,1.0,,S,S2,Schorndorf|Weiler(Rems)|Winterbach(b Schorndorf)|Geradstetten|Grunbach|Beutelsbach|Endersbach|Stetten-Beinstein|Rommelshausen|Waiblingen|Fellbach|Stuttgart-Sommerrain,8004357,Stuttgart Nürnberger Straße,Baden-Württemberg,Stuttgart,70374,9.234576905,48.80656062,5,2609110002.0,,2609110003.0,,h,2.0,Bauarbeiten,,,,,,,0.0,0.0
6570008134094305920-2609110003-13,7279,2609110032.0,2609110033.0,1.0,,S,S2,Schorndorf|Weiler(Rems)|Winterbach(b Schorndorf)|Geradstetten|Grunbach|Beutelsbach|Endersbach|Stetten-Beinstein|Rommelshausen|Waiblingen|Fellbach|Stuttgart-Sommerrain,8004357,Stuttgart Nürnberger Straße,Baden-Württemberg,Stuttgart,70374,9.234576905,48.80656062,5,2609110032.0,,2609110033.0,,h,2.0,Bauarbeiten,,,,,,,0.0,0.0
-7120372043677331542-2609102341-10,7377,2609110007.0,2609110008.0,1.0,,S,S3,Backnang|Maubach|Nellmersbach|Winnenden|Schwaikheim|Neustadt-Hohenacker|Waiblingen|Fellbach|Stuttgart-Sommerrain,8004357,Stuttgart Nürnberger Straße,Baden-Württemberg,Stuttgart,70374,9.234576905,48.80656062,5,2609110008.0,,2609110009.0,,,,,,,,,,,1.0,1.0
8494074834215864068-2609110011-10,7379,2609110037.0,2609110038.0,1.0,,S,S3,Backnang|Maubach|Nellmersbach|Winnenden|Schwaikheim|Neustadt-Hohenacker|Waiblingen|Fellbach|Stuttgart-Sommerrain,8004357,Stuttgart Nürnberger Straße,Baden-Württemberg,Stuttgart,70374,9.234576905,48.80656062,5,2609110038.0,,2609110039.0,,,,,,,,,,,1.0,1.0
6461875104419562950-2609110020-2,7276,2609110024.0,2609110024.0,3.0,,S,S2,Stuttgart Hbf,8005769,Stuttgart-Bad Cannstatt,Baden-Württemberg,Stuttgart,70372,9.217468636,48.80127978,3,2609110025.0,,2609110026.0,,h,2.0,Bauarbeiten,,,,,,,1.0,2.0
7313231446534335906-2609110050-2,7278,2609110054.0,2609110054.0,3.0,,S,S2,Stuttgart Hbf,8005769,Stuttgart-Bad Cannstatt,Baden-Württemberg,Stuttgart,70372,9.217468636,48.80127978,3,2609110054.0,,2609110055.0,,h,2.0,Bauarbeiten,,,,,,,0.0,1.0
8924619333411272467-2609110042-2,7378,2609110046.0,2609110049.0,3.0,,S,S3,Stuttgart Hbf,8005769,Stuttgart-Bad Cannstatt,Baden-Württemberg,Stuttgart,70372,9.217468636,48.80127978,3,2609110049.0,,2609110050.0,,,,,,,,,,,3.0,1.0
-7037256455781419756-2609110042-2,19189,2609110045.0,2609110046.0,8.0,,ARV,MEX16,Stuttgart Hbf,8005769,Stuttgart-Bad Cannstatt,Baden-Württemberg,Stuttgart,70372,9.217468636,48.80127978,3,,,,,,,,,,,,c,c,0.0,0.0
6798625749353298235-2609110012-2,7376,2609110016.0,2609110019.0,3.0,,S,S3,Stuttgart Hbf,8005769,Stuttgart-Bad Cannstatt,Baden-Württemberg,Stuttgart,70372,9.217468636,48.80127978,3,2609110016.0,,2609110019.0,,,,,,,,,,,0.0,0.0
840026004368016537-2609102307-11,19444,2609110005.0,2609110005.0,6.0,,ARV,MEX13,Aalen Hbf|Mögglingen(Gmünd)|Böbingen(Rems)|Schwäbisch Gmünd|Lorch(Württ)|Waldhausen(b Schorndorf)|Plüderhausen|Urbach(b Schorndorf)|Schorndorf|Waiblingen,8005769,Stuttgart-Bad Cannstatt,Baden-Württemberg,Stuttgart,70372,9.217468636,48.80127978,3,2609110035.0,,2609110036.0,,h,2.0,Information,,,Aalen Hbf|Mögglingen(Gmünd)|Böbingen(Rems)|Schwäbisch Gmünd|Lorch(Württ)|Waldhausen(b Schorndorf)|Plüderhausen|Urbach(b Schorndorf)|Schorndorf|Waiblingen,Stuttgart Hbf,,,30.0,31.0
-8733024508125192900-2609110004-2,19187,2609110007.0,2609110008.0,8.0,,ARV,MEX16,Stuttgart Hbf,8005769,Stuttgart-Bad Cannstatt,Baden-Württemberg,Stuttgart,70372,9.217468636,48.80127978,3,,,,,,,,,,,,c,c,0.0,0.0
-1263112065111090114-2609102328-14,7277,2609110005.0,2609110006.0,2.0,,S,S2,Schorndorf|Weiler(Rems)|Winterbach(b Schorndorf)|Geradstetten|Grunbach|Beutelsbach|Endersbach|Stetten-Beinstein|Rommelshausen|Waiblingen|Fellbach|Stuttgart-Sommerrain|Stuttgart Nürnberger Str.,8005769,Stuttgart-Bad Cannstatt,Baden-Württemberg,Stuttgart,70372,9.217468636,48.80127978,3,2609110006.0,,2609110007.0,,h,2.0,Bauarbeiten,,,,,,,1.0,1.0
4705599029793291676-2609102320-14,7177,2609110000.0,2609110001.0,2.0,,S,S1,Kirchheim(Teck)|Kirchheim(Teck)-Ötlingen|Wendlingen(Neckar)|Wernau(Neckar)|Plochingen|Altbach|Esslingen-Zell|Oberesslingen|Esslingen(Neckar)|Esslingen-Mettingen|Stuttgart-Obertürkheim|Stuttgart-Untertürkheim|Stuttgart Neckarpark,8005769,Stuttgart-Bad Cannstatt,Baden-Württemberg,Stuttgart,70372,9.217468636,48.80127978,3,2609110000.0,,2609110001.0,,,,,,,,,,,0.0,0.0
6570008134094305920-2609110003-14,7279,2609110035.0,2609110036.0,2.0,,S,S2,Schorndorf|Weiler(Rems)|Winterbach(b Schorndorf)|Geradstetten|Grunbach|Beutelsbach|Endersbach|Stetten-Beinstein|Rommelshausen|Waiblingen|Fellbach|Stuttgart-Sommerrain|Stuttgart Nürnberger Str.,8005769,Stuttgart-Bad Cannstatt,Baden-Württemberg,Stuttgart,70372,9.217468636,48.80127978,3,2609110036.0,1.0,2609110037.0,1.0,h,2.0,Bauarbeiten,,,,,,,1.0,1.0
2298525024658281877-2609110025-2,7178,2609110028.0,2609110029.0,3.0,,S,S1,Stuttgart Hbf,8005769,Stuttgart-Bad Cannstatt,Baden-Württemberg,Stuttgart,70372,9.217468636,48.80127978,3,2609110031.0,,2609110032.0,,,,,,,,,,,3.0,3.0
-7120372043677331542-2609102341-11,7377,2609110011.0,2609110013.0,2.0,,S,S3,Backnang|Maubach|Nellmersbach|Winnenden|Schwaikheim|Neustadt-Hohenacker|Waiblingen|Fellbach|Stuttgart-Sommerrain|Stuttgart Nürnberger Str.,8005769,Stuttgart-Bad Cannstatt,Baden-Württemberg,Stuttgart,70372,9.217468636,48.80127978,3,2609110011.0,,2609110013.0,,,,,,,,,,,0.0,0.0
-4359664030948879851-2609102348-15,19186,2609110046.0,2609110047.0,5.0,,ARV,MEX16,Geislingen(Steige)|Geislingen(Steige)West|Kuchen|Gingen(Fils)|Süßen|Salach|Eislingen(Fils)|Göppingen|Faurndau|Uhingen|Ebersbach(Fils)|Reichenbach(Fils)|Plochingen|Esslingen(Neckar),8005769,Stuttgart-Bad Cannstatt,Baden-Württemberg,Stuttgart,70372,9.217468636,48.80127978,3,2609110046.0,,2609110048.0,,,,,,,,,c,c,0.0,1.0
-4165700884382640783-2609102316-9,19364,2609110002.0,2609110003.0,5.0,,RE,MEX12,Reutlingen Hbf|Metzingen(Württ)|Bempflingen|Nürtingen|Oberboihingen|Wendlingen(Neckar)|Plochingen|Esslingen(Neckar),8005769,Stuttgart-Bad Cannstatt,Baden-Württemberg,Stuttgart,70372,9.217468636,48.80127978,3,2609110003.0,1.0,2609110004.0,1.0,h,2.0,Störung,,,,,,,1.0,1.0
-3366414490112859120-2609110055-2,7180,2609110058.0,2609110059.0,3.0,,S,S1,Stuttgart Hbf,8005769,Stuttgart-Bad Cannstatt,Baden-Württemberg,Stuttgart,70372,9.217468636,48.80127978,3,2609110059.0,,2609110059.0,,,,,,,,,,,1.0,0.0
8092363418274949423-2609102350-14,7179,2609110030.0,2609110031.0,2.0,,S,S1,Kirchheim(Teck)|Kirchheim(Teck)-Ötlingen|Wendlingen(Neckar)|Wernau(Neckar)|Plochingen|Altbach|Esslingen-Zell|Oberesslingen|Esslingen(Neckar)|Esslingen-Mettingen|Stuttgart-Obertürkheim|Stuttgart-Untertürkheim|Stuttgart Neckarpark,8005769,Stuttgart-Bad Cannstatt,Baden-Württemberg,Stuttgart,70372,9.217468636,48.80127978,3,2609110033.0,1.0,2609110034.0,1.0,,,,,,,,,,3.0,3.0
-6232403407797161851-2609102236-21,19184,2609110012.0,2609110012.0,5.0,,ARV,MEX16,Ulm Hbf|Beimerstetten|Westerstetten|Lonsee|Urspring|Amstetten(Württ)|Geislingen(Steige)|Geislingen(Steige)West|Kuchen|Gingen(Fils)|Süßen|Salach|Eislingen(Fils)|Göppingen|Faurndau|Uhingen|Ebersbach(Fils)|Reichenbach(Fils)|Plochingen|Esslingen(Neckar),8005769,Stuttgart-Bad Cannstatt,Baden-Württemberg,Stuttgart,70372,9.217468636,48.80127978,3,,,,,,,,,,,,c,c,0.0,0.0
8494074834215864068-2609110011-11,7379,2609110041.0,2609110043.0,2.0,,S,S3,Backnang|Maubach|Nellmersbach|Winnenden|Schwaikheim|Neustadt-Hohenacker|Waiblingen|Fellbach|Stuttgart-Sommerrain|Stuttgart Nürnberger Str.,8005769,Stuttgart-Bad Cannstatt,Baden-Württemberg,Stuttgart,70372,9.217468636,48.80127978,3,2609110042.0,1.0,2609110043.0,1.0,,,,,,,,,,1.0,0.0
414984855934234452-2609102332-10,17570,2609110028.0,2609110031.0,6.0,,RB,MEX19,Gaildorf West|Fichtenberg|Fornsbach|Murrhardt|Sulzbach(Murr)|Oppenweiler(Württ)|Backnang|Winnenden|Waiblingen,8005769,Stuttgart-Bad Cannstatt,Baden-Württemberg,Stuttgart,70372,9.217468636,48.80127978,3,2609110030.0,,2609110031.0,,,,,,,,,,,2.0,0.0
1481285002460915742-2609110034-2,17501,2609110037.0,2609110038.0,4.0,,RB,MEX90,Stuttgart Hbf,8005769,Stuttgart-Bad Cannstatt,Baden-Württemberg,Stuttgart,70372,9.217468636,48.80127978,3,2609110039.0,,2609110039.0,,,,,,,,,,,2.0,1.0
7735692879743924898-2609110017-3,7676,2609110024.0,2609110024.0,2.0,,S,S6,Stuttgart Hbf|Stuttgart Nordbahnhof,8005770,Stuttgart-Feuerbach,Baden-Württemberg,Feuerbach,70469,9.169186287,48.81363554,3,2609110024.0,,2609110024.0,,h,1.0,Bauarbeiten,,,,,,,0.0,0.0
7846954886947346104-2609110037-3,7476,2609110043.0,2609110044.0,2.0,,S,S4,Stuttgart Hbf|Stuttgart Nordbahnhof,8005770,Stuttgart-Feuerbach,Baden-Württemberg,Feuerbach,70469,9.169186287,48.81363554,3,2609110043.0,,2609110044.0,,,,,,,,,,,0.0,0.0
-1059289875129037590-2609110027-3,7578,2609110033.0,2609110034.0,2.0,,S,S5,Stuttgart Hbf|Stuttgart Nordbahnhof,8005770,Stuttgart-Feuerbach,Baden-Württemberg,Feuerbach,70469,9.169186287,48.81363554,3,2609110033.0,,2609110035.0,,h,1.0,Bauarbeiten,,,,,,,0.0,1.0
848495705669194349-2609102354-6,7677,2609110006.0,2609110006.0,1.0,,S,S6,Ditzingen|Weilimdorf|Korntal|Neuwirtshaus(Porscheplatz)|Stuttgart-Zuffenhausen,8005770,Stuttgart-Feuerbach,Baden-Württemberg,Feuerbach,70469,9.169186287,48.81363554,3,2609110006.0,,2609110006.0,,h,1.0,Bauarbeiten,,,,,,,0.0,0.0
-4175471405587783145-2609110007-3,7474,2609110013.0,2609110014.0,2.0,,S,S4,Stuttgart Hbf|Stuttgart Nordbahnhof,8005770,Stuttgart-Feuerbach,Baden-Württemberg,Feuerbach,70469,9.169186287,48.81363554,3,2609110014.0,,2609110014.0,,,,,,,,,,,1.0,0.0
2977099434128495599-2609102355-8,7477,2609110016.0,2609110017.0,1.0,,S,S4,Marbach(Neckar)|Benningen(Neckar)|Freiberg(Neckar)|Favoritepark|Ludwigsburg|Kornwestheim Pbf|Stuttgart-Zuffenhausen,8005770,Stuttgart-Feuerbach,Baden-Württemberg,Feuerbach,70469,9.169186287,48.81363554,3,2609110017.0,,2609110017.0,,,,,,,,,,,1.0,0.0
-2203143972630932280-2609110024-6,7679,2609110036.0,2609110036.0,1.0,,S,S6,Ditzingen|Weilimdorf|Korntal|Neuwirtshaus(Porscheplatz)|Stuttgart-Zuffenhausen,8005770,Stuttgart-Feuerbach,Baden-Württemberg,Feuerbach,70469,9.169186287,48.81363554,3,2609110036.0,,2609110036.0,,h,1.0,Bauarbeiten,,,,,,,0.0,0.0
7310467920449271-2609110047-3,7678,2609110054.0,2609110054.0,2.0,,S,S6,Stuttgart Hbf|Stuttgart Nordbahnhof,8005770,Stuttgart-Feuerbach,Baden-Württemberg,Feuerbach,70469,9.169186287,48.81363554,3,2609110054.0,,2609110054.0,,h,1.0,Bauarbeiten,,,,,,,0.0,0.0
-5842345505256526084-2609102357-3,7576,2609110003.0,2609110004.0,2.0,,S,S5,Stuttgart Hbf|Stuttgart Nordbahnhof,8005770,Stuttgart-Feuerbach,Baden-Württemberg,Feuerbach,70469,9.169186287,48.81363554,3,2609110003.0,,2609110004.0,,h,1.0,Bauarbeiten,,,,,,,0.0,0.0
4485205009405163343-2609110016-4,7579,2609110026.0,2609110026.0,1.0,,S,S5,Ludwigsburg|Kornwestheim Pbf|Stuttgart-Zuffenhausen,8005770,Stuttgart-Feuerbach,Baden-Württemberg,Feuerbach,70469,9.169186287,48.81363554,3,2609110026.0,,2609110026.0,,h,1.0,Bauarbeiten,,,,,,,0.0,0.0
6181068125164198804-2609102355-5,7176,2609110007.0,2609110007.0,6.0,,S,S1,Stuttgart Hbf|Stuttgart-Bad Cannstatt|Stuttgart Neckarpark|Stuttgart-Untertürkheim,8005772,Stuttgart-Obertürkheim,Baden-Württemberg,Stuttgart,70329,9.268167932,48.76175015,4,2609110007.0,,2609110007.0,,,,,,,,,,,0.0,0.0
-8775031481172421761-2609110020-11,7181,2609110052.0,2609110052.0,5.0,,S,S1,Kirchheim(Teck)|Kirchheim(Teck)-Ötlingen|Wendlingen(Neckar)|Wernau(Neckar)|Plochingen|Altbach|Esslingen-Zell|Oberesslingen|Esslingen(Neckar)|Esslingen-Mettingen,8005772,Stuttgart-Obertürkheim,Baden-Württemberg,Stuttgart,70329,9.268167932,48.76175015,4,2609110054.0,,2609110054.0,,,,,,,,,,,2.0,2.0
2298525024658281877-2609110025-5,7178,2609110037.0,2609110037.0,6.0,,S,S1,Stuttgart Hbf|Stuttgart-Bad Cannstatt|Stuttgart Neckarpark|Stuttgart-Untertürkheim,8005772,Stuttgart-Obertürkheim,Baden-Württemberg,Stuttgart,70329,9.268167932,48.76175015,4,2609110039.0,,2609110039.0,,,,,,,,,,,2.0,2.0
8092363418274949423-2609102350-11,7179,2609110022.0,2609110022.0,5.0,,S,S1,Kirchheim(Teck)|Kirchheim(Teck)-Ötlingen|Wendlingen(Neckar)|Wernau(Neckar)|Plochingen|Altbach|Esslingen-Zell|Oberesslingen|Esslingen(Neckar)|Esslingen-Mettingen,8005772,Stuttgart-Obertürkheim,Baden-Württemberg,Stuttgart,70329,9.268167932,48.76175015,4,2609110025.0,,2609110026.0,,,,,,,,,,,3.0,4.0
-3828888404650944113-2609110046-2,7779,2609110047.0,2609110053.0,2.0,,S,S1,Stuttgart-Vaihingen,8005773,Stuttgart-Rohr,Baden-Württemberg,Stuttgart,70565,9.108158025,48.71799427,4,2609110047.0,,2609110053.0,,,,,,,,,,,0.0,0.0
4991213592121918551-2609102346-8,7778,2609110007.0,2609110008.0,3.0,,S,S1,Herrenberg|Nufringen|Gärtringen|Ehningen(b Böblingen)|Hulb|Böblingen|Goldberg(Württ),8005773,Stuttgart-Rohr,Baden-Württemberg,Stuttgart,70565,9.108158025,48.71799427,4,2609110009.0,,2609110010.0,,,,,,,,,,,2.0,2.0
-2978262493163587752-2609110016-8,7780,2609110037.0,2609110038.0,3.0,,S,S1,Herrenberg|Nufringen|Gärtringen|Ehningen(b Böblingen)|Hulb|Böblingen|Goldberg(Württ),8005773,Stuttgart-Rohr,Baden-Württemberg,Stuttgart,70565,9.108158025,48.71799427,4,2609110038.0,,2609110039.0,,,,,,,,,,,1.0,1.0
5905216437651592640-2609110003-6,7976,2609110018.0,2609110019.0,3.0,,S,S2,Filderstadt|Stuttgart Flughafen/Messe|Echterdingen|Leinfelden|Oberaichen,8005773,Stuttgart-Rohr,Baden-Württemberg,Stuttgart,70565,9.108158025,48.71799427,4,2609110018.0,,2609110019.0,,,,,,,,,,,0.0,0.0
-7276272804962501987-2609110033-6,7978,2609110048.0,2609110049.0,3.0,,S,S2,Filderstadt|Stuttgart Flughafen/Messe|Echterdingen|Leinfelden|Oberaichen,8005773,Stuttgart-Rohr,Baden-Württemberg,Stuttgart,70565,9.108158025,48.71799427,4,2609110048.0,,2609110049.0,,,,,,,,,,,0.0,0.0
-1459141203769340300-2609110016-2,7777,2609110017.0,2609110023.0,2.0,,S,S1,Stuttgart-Vaihingen,8005773,Stuttgart-Rohr,Baden-Württemberg,Stuttgart,70565,9.108158025,48.71799427,4,2609110018.0,,2609110023.0,,,,,,,,,,,1.0,0.0
1391287489183680041-2609110035-2,7979,2609110036.0,2609110042.0,2.0,,S,S2,Stuttgart-Vaihingen,8005773,Stuttgart-Rohr,Baden-Württemberg,Stuttgart,70565,9.108158025,48.71799427,4,2609110037.0,,2609110042.0,,,,,,,,,,,1.0,0.0
3605325443872813677-2609110005-2,7977,2609110006.0,2609110012.0,2.0,,S,S2,Stuttgart-Vaihingen,8005773,Stuttgart-Rohr,Baden-Württemberg,Stuttgart,70565,9.108158025,48.71799427,4,2609110006.0,,2609110012.0,,,,,,,,,,,0.0,0.0
6461875104419562950-2609110020-4,7276,2609110029.0,2609110029.0,4.0,,S,S2,Stuttgart Hbf|Stuttgart-Bad Cannstatt|Stuttgart Nürnberger Str.,8005774,Stuttgart-Sommerrain,Baden-Württemberg,Stuttgart,70374,9.248369749,48.81521824,5,2609110031.0,,2609110031.0,,h,2.0,Bauarbeiten,,,,,,,2.0,2.0
7313231446534335906-2609110050-4,7278,2609110059.0,2609110059.0,4.0,,S,S2,Stuttgart Hbf|Stuttgart-Bad Cannstatt|Stuttgart Nürnberger Str.,8005774,Stuttgart-Sommerrain,Baden-Württemberg,Stuttgart,70374,9.248369749,48.81521824,5,2609110059.0,,2609110100.0,,h,2.0,Bauarbeiten,,,,,,,0.0,1.0
8924619333411272467-2609110042-4,7378,2609110054.0,2609110054.0,4.0,,S,S3,Stuttgart Hbf|Stuttgart-Bad Cannstatt|Stuttgart Nürnberger Str.,8005774,Stuttgart-Sommerrain,Baden-Württemberg,Stuttgart,70374,9.248369749,48.81521824,5,2609110055.0,,2609110055.0,,,,,,,,,,,1.0,1.0
6798625749353298235-2609110012-4,7376,2609110024.0,2609110024.0,4.0,,S,S3,Stuttgart Hbf|Stuttgart-Bad Cannstatt|Stuttgart Nürnberger Str.,8005774,Stuttgart-Sommerrain,Baden-Württemberg,Stuttgart,70374,9.248369749,48.81521824,5,2609110024.0,,2609110024.0,,,,,,,,,,,0.0,0.0
-1263112065111090114-2609102328-12,7277,2609110000.0,2609110000.0,1.0,,S,S2,Schorndorf|Weiler(Rems)|Winterbach(b Schorndorf)|Geradstetten|Grunbach|Beutelsbach|Endersbach|Stetten-Beinstein|Rommelshausen|Waiblingen|Fellbach,8005774,Stuttgart-Sommerrain,Baden-Württemberg,Stuttgart,70374,9.248369749,48.81521824,5,2609110000.0,,2609110000.0,,h,2.0,Bauarbeiten,,,,,,,0.0,0.0
6570008134094305920-2609110003-12,7279,2609110030.0,2609110030.0,1.0,,S,S2,Schorndorf|Weiler(Rems)|Winterbach(b Schorndorf)|Geradstetten|Grunbach|Beutelsbach|Endersbach|Stetten-Beinstein|Rommelshausen|Waiblingen|Fellbach,8005774,Stuttgart-Sommerrain,Baden-Württemberg,Stuttgart,70374,9.248369749,48.81521824,5,2609110030.0,,2609110030.0,,h,2.0,Bauarbeiten,,,,,,,0.0,0.0
-7120372043677331542-2609102341-9,7377,2609110005.0,2609110005.0,1.0,,S,S3,Backnang|Maubach|Nellmersbach|Winnenden|Schwaikheim|Neustadt-Hohenacker|Waiblingen|Fellbach,8005774,Stuttgart-Sommerrain,Baden-Württemberg,Stuttgart,70374,9.248369749,48.81521824,5,2609110006.0,,2609110006.0,,,,,,,,,,,1.0,1.0
8494074834215864068-2609110011-9,7379,2609110035.0,2609110035.0,1.0,,S,S3,Backnang|Maubach|Nellmersbach|Winnenden|Schwaikheim|Neustadt-Hohenacker|Waiblingen|Fellbach,8005774,Stuttgart-Sommerrain,Baden-Württemberg,Stuttgart,70374,9.248369749,48.81521824,5,2609110035.0,,2609110036.0,,,,,,,,,,,0.0,1.0
6181068125164198804-2609102355-4,7176,2609110004.0,2609110004.0,6.0,,S,S1,Stuttgart Hbf|Stuttgart-Bad Cannstatt|Stuttgart Neckarpark,8005775,Stuttgart-Untertürkheim Pbf,Baden-Württemberg,Stuttgart,70327,9.250467074,48.77984679,3,2609110004.0,,2609110004.0,,,,,,,,,,,0.0,0.0
-8775031481172421761-2609110020-12,7181,2609110055.0,2609110055.0,5.0,,S,S1,Kirchheim(Teck)|Kirchheim(Teck)-Ötlingen|Wendlingen(Neckar)|Wernau(Neckar)|Plochingen|Altbach|Esslingen-Zell|Oberesslingen|Esslingen(Neckar)|Esslingen-Mettingen|Stuttgart-Obertürkheim,8005775,Stuttgart-Untertürkheim Pbf,Baden-Württemberg,Stuttgart,70327,9.250467074,48.77984679,3,2609110056.0,,2609110057.0,,,,,,,,,,,1.0,2.0
2298525024658281877-2609110025-4,7178,2609110034.0,2609110034.0,6.0,,S,S1,Stuttgart Hbf|Stuttgart-Bad Cannstatt|Stuttgart Neckarpark,8005775,Stuttgart-Untertürkheim Pbf,Baden-Württemberg,Stuttgart,70327,9.250467074,48.77984679,3,2609110036.0,,2609110037.0,,,,,,,,,,,2.0,3.0
8092363418274949423-2609102350-12,7179,2609110025.0,2609110025.0,5.0,,S,S1,Kirchheim(Teck)|Kirchheim(Teck)-Ötlingen|Wendlingen(Neckar)|Wernau(Neckar)|Plochingen|Altbach|Esslingen-Zell|Oberesslingen|Esslingen(Neckar)|Esslingen-Mettingen|Stuttgart-Obertürkheim,8005775,Stuttgart-Untertürkheim Pbf,Baden-Württemberg,Stuttgart,70327,9.250467074,48.77984679,3,2609110028.0,,2609110029.0,,,,,,,,,,,3.0,4.0
-3828888404650944113-2609110046-1,7779,,2609110046.0,,,S,S1,,8005776,Stuttgart-Vaihingen,Baden-Württemberg,Stuttgart,70563,9.113913368,48.72698116,3,,,2609110046.0,,,,,,,,,,,0.0,0.0
4991213592121918551-2609102346-9,7778,2609110010.0,,3.0,,S,,Herrenberg|Nufringen|Gärtringen|Ehningen(b Böblingen)|Hulb|Böblingen|Goldberg(Württ)|Stuttgart-Rohr,8005776,Stuttgart-Vaihingen,Baden-Württemberg,Stuttgart,70563,9.113913368,48.72698116,3,2609110011.0,,,,,,,,,,,,,1.0,0.0
-2978262493163587752-2609110016-9,7780,2609110040.0,,3.0,,S,,Herrenberg|Nufringen|Gärtringen|Ehningen(b Böblingen)|Hulb|Böblingen|Goldberg(Württ)|Stuttgart-Rohr,8005776,Stuttgart-Vaihingen,Baden-Württemberg,Stuttgart,70563,9.113913368,48.72698116,3,2609110040.0,,,,,,,,,,,,,0.0,0.0
5905216437651592640-2609110003-7,7976,2609110020.0,,2.0,,S,,Filderstadt|Stuttgart Flughafen/Messe|Echterdingen|Leinfelden|Oberaichen|Stuttgart-Rohr,8005776,Stuttgart-Vaihingen,Baden-Württemberg,Stuttgart,70563,9.113913368,48.72698116,3,2609110020.0,,,,,,,,,,,,,0.0,0.0
-7276272804962501987-2609110033-7,7978,2609110050.0,,2.0,,S,,Filderstadt|Stuttgart Flughafen/Messe|Echterdingen|Leinfelden|Oberaichen|Stuttgart-Rohr,8005776,Stuttgart-Vaihingen,Baden-Württemberg,Stuttgart,70563,9.113913368,48.72698116,3,2609110051.0,,,,,,,,,,,,,1.0,0.0
-1459141203769340300-2609110016-1,7777,,2609110016.0,,,S,S1,,8005776,Stuttgart-Vaihingen,Baden-Württemberg,Stuttgart,70563,9.113913368,48.72698116,3,,,2609110016.0,,,,,,,,,,,0.0,0.0
1391287489183680041-2609110035-1,7979,,2609110035.0,,,S,S2,,8005776,Stuttgart-Vaihingen,Baden-Württemberg,Stuttgart,70563,9.113913368,48.72698116,3,,,2609110035.0,,,,,,,,,,,0.0,0.0
3605325443872813677-2609110005-1,7977,,2609110005.0,,,S,S2,,8005776,Stuttgart-Vaihingen,Baden-Württemberg,Stuttgart,70563,9.113913368,48.72698116,3,,,2609110005.0,,,,,,,,,,,0.0,0.0
7735692879743924898-2609110017-7,7676,2609110033.0,2609110034.0,1.0,,S,S6,Stuttgart Hbf|Stuttgart Nordbahnhof|Stuttgart-Feuerbach|Stuttgart-Zuffenhausen|Neuwirtshaus(Porscheplatz)|Korntal,8006268,Stuttgart-Weilimdorf,Baden-Württemberg,Stuttgart,70499,9.094370086,48.82208429,5,2609110033.0,,2609110034.0,,h,1.0,Bauarbeiten,,,,,,,0.0,0.0
7251830197396160216-2609102347-7,7674,2609110003.0,2609110004.0,1.0,,S,S6,Stuttgart Hbf|Stuttgart Nordbahnhof|Stuttgart-Feuerbach|Stuttgart-Zuffenhausen|Neuwirtshaus(Porscheplatz)|Korntal,8006268,Stuttgart-Weilimdorf,Baden-Württemberg,Stuttgart,70499,9.094370086,48.82208429,5,2609110003.0,,2609110004.0,,h,1.0,Bauarbeiten,,,,,,,0.0,0.0
-2203143972630932280-2609110024-2,7679,2609110026.0,2609110026.0,2.0,,S,S6,Ditzingen,8006268,Stuttgart-Weilimdorf,Baden-Württemberg,Stuttgart,70499,9.094370086,48.82208429,5,2609110026.0,,2609110026.0,,h,1.0,Bauarbeiten,,,,,,,0.0,0.0
7735692879743924898-2609110017-4,7676,2609110026.0,2609110027.0,11.0,,S,S6,Stuttgart Hbf|Stuttgart Nordbahnhof|Stuttgart-Feuerbach,8005778,Stuttgart-Zuffenhausen,Baden-Württemberg,Stuttgart,70435,9.167156375,48.82960884,3,2609110026.0,,2609110027.0,,h,1.0,Bauarbeiten,,,,,,,0.0,0.0
7846954886947346104-2609110037-4,7476,2609110046.0,2609110047.0,4.0,,S,S4,Stuttgart Hbf|Stuttgart Nordbahnhof|Stuttgart-Feuerbach,8005778,Stuttgart-Zuffenhausen,Baden-Württemberg,Stuttgart,70435,9.167156375,48.82960884,3,2609110046.0,,2609110047.0,,,,,,,,,,,0.0,0.0
-1059289875129037590-2609110027-4,7578,2609110036.0,2609110037.0,4.0,,S,S5,Stuttgart Hbf|Stuttgart Nordbahnhof|Stuttgart-Feuerbach,8005778,Stuttgart-Zuffenhausen,Baden-Württemberg,Stuttgart,70435,9.167156375,48.82960884,3,2609110036.0,,2609110037.0,,h,1.0,Bauarbeiten,,,,,,,0.0,0.0
848495705669194349-2609102354-5,7677,2609110003.0,2609110004.0,12.0,,S,S6,Ditzingen|Weilimdorf|Korntal|Neuwirtshaus(Porscheplatz),8005778,Stuttgart-Zuffenhausen,Baden-Württemberg,Stuttgart,70435,9.167156375,48.82960884,3,2609110004.0,,2609110004.0,,h,1.0,Bauarbeiten,,,,,,,1.0,0.0
-4175471405587783145-2609110007-4,7474,2609110016.0,2609110017.0,4.0,,S,S4,Stuttgart Hbf|Stuttgart Nordbahnhof|Stuttgart-Feuerbach,8005778,Stuttgart-Zuffenhausen,Baden-Württemberg,Stuttgart,70435,9.167156375,48.82960884,3,2609110016.0,,2609110017.0,,,,,,,,,,,0.0,0.0
2977099434128495599-2609102355-7,7477,2609110013.0,2609110014.0,2.0,,S,S4,Marbach(Neckar)|Benningen(Neckar)|Freiberg(Neckar)|Favoritepark|Ludwigsburg|Kornwestheim Pbf,8005778,Stuttgart-Zuffenhausen,Baden-Württemberg,Stuttgart,70435,9.167156375,48.82960884,3,2609110014.0,,2609110015.0,,,,,,,,,,,1.0,1.0
-2203143972630932280-2609110024-5,7679,2609110033.0,2609110034.0,12.0,,S,S6,Ditzingen|Weilimdorf|Korntal|Neuwirtshaus(Porscheplatz),8005778,Stuttgart-Zuffenhausen,Baden-Württemberg,Stuttgart,70435,9.167156375,48.82960884,3,2609110034.0,,2609110034.0,,h,1.0,Bauarbeiten,,,,,,,1.0,0.0
7310467920449271-2609110047-4,7678,2609110056.0,2609110057.0,11.0,,S,S6,Stuttgart Hbf|Stuttgart Nordbahnhof|Stuttgart-Feuerbach,8005778,Stuttgart-Zuffenhausen,Baden-Württemberg,Stuttgart,70435,9.167156375,48.82960884,3,2609110056.0,,2609110057.0,,h,1.0,Bauarbeiten,,,,,,,0.0,0.0
-5842345505256526084-2609102357-4,7576,2609110006.0,2609110007.0,4.0,,S,S5,Stuttgart Hbf|Stuttgart Nordbahnhof|Stuttgart-Feuerbach,8005778,Stuttgart-Zuffenhausen,Baden-Württemberg,Stuttgart,70435,9.167156375,48.82960884,3,2609110006.0,,2609110007.0,,h,1.0,Bauarbeiten,,,,,,,0.0,0.0
4485205009405163343-2609110016-3,7579,2609110023.0,2609110024.0,2.0,,S,S5,Ludwigsburg|Kornwestheim Pbf,8005778,Stuttgart-Zuffenhausen,Baden-Württemberg,Stuttgart,70435,9.167156375,48.82960884,3,2609110023.0,,2609110024.0,,h,1.0,Bauarbeiten,,,,,,,0.0,0.0
-8097229136581884814-2609110033-10,7281,2609110054.0,2609110055.0,5.0,,S,S2,Schorndorf|Weiler(Rems)|Winterbach(b Schorndorf)|Geradstetten|Grunbach|Beutelsbach|Endersbach|Stetten-Beinstein|Rommelshausen,8000180,Waiblingen,Baden-Württemberg,Waiblingen,71332,9.300476874,48.8262444,3,2609110054.0,,2609110055.0,,h,2.0,Bauarbeiten,,,,,,,0.0,0.0
6461875104419562950-2609110020-6,7276,2609110034.0,2609110035.0,7.0,,S,S2,Stuttgart Hbf|Stuttgart-Bad Cannstatt|Stuttgart Nürnberger Str.|Stuttgart-Sommerrain|Fellbach,8000180,Waiblingen,Baden-Württemberg,Waiblingen,71332,9.300476874,48.8262444,3,2609110036.0,,2609110037.0,,h,2.0,Bauarbeiten,,,,,,,2.0,2.0
-6065798673451795825-2609102350-6,7274,2609110004.0,2609110005.0,7.0,,S,S2,Stuttgart Hbf|Stuttgart-Bad Cannstatt|Stuttgart Nürnberger Str.|Stuttgart-Sommerrain|Fellbach,8000180,Waiblingen,Baden-Württemberg,Waiblingen,71332,9.300476874,48.8262444,3,2609110006.0,,2609110007.0,,h,2.0,Bauarbeiten,,,,,,,2.0,2.0
8924619333411272467-2609110042-6,7378,2609110059.0,2609110100.0,3.0,,S,S3,Stuttgart Hbf|Stuttgart-Bad Cannstatt|Stuttgart Nürnberger Str.|Stuttgart-Sommerrain|Fellbach,8000180,Waiblingen,Baden-Württemberg,Waiblingen,71332,9.300476874,48.8262444,3,2609110100.0,,2609110101.0,,,,,,,,,,,1.0,1.0
6798625749353298235-2609110012-6,7376,2609110029.0,2609110030.0,3.0,,S,S3,Stuttgart Hbf|Stuttgart-Bad Cannstatt|Stuttgart Nürnberger Str.|Stuttgart-Sommerrain|Fellbach,8000180,Waiblingen,Baden-Württemberg,Waiblingen,71332,9.300476874,48.8262444,3,2609110029.0,,2609110030.0,,,,,,,,,,,0.0,0.0
4235977593412169897-2609102342-6,7374,2609102359.0,2609110000.0,3.0,,S,S3,Stuttgart Hbf|Stuttgart-Bad Cannstatt|Stuttgart Nürnberger Str.|Stuttgart-Sommerrain|Fellbach,8000180,Waiblingen,Baden-Württemberg,Waiblingen,71332,9.300476874,48.8262444,3,2609110000.0,,2609110001.0,,,,,,,,,,,1.0,1.0
6570008134094305920-2609110003-10,7279,2609110024.0,2609110025.0,5.0,,S,S2,Schorndorf|Weiler(Rems)|Winterbach(b Schorndorf)|Geradstetten|Grunbach|Beutelsbach|Endersbach|Stetten-Beinstein|Rommelshausen,8000180,Waiblingen,Baden-Württemberg,Waiblingen,71332,9.300476874,48.8262444,3,2609110024.0,6.0,2609110025.0,6.0,h,2.0,Bauarbeiten,,,,,,,0.0,0.0
1549583197322147811-2609102238-18,88652,2609110052.0,2609110053.0,1.0,,ARV,RE90,Nürnberg Hbf|Roßtal|Heilsbronn|Wicklesgreuth|Ansbach|Leutershausen-Wiedersbach|Dombühl|Schnelldorf|Crailsheim|Eckartshausen-Ilshofen|Schwäbisch Hall-Hessental|Gaildorf West|Murrhardt|Sulzbach(Murr)|Oppenweiler(Württ)|Backnang|Winnenden,8000180,Waiblingen,Baden-Württemberg,Waiblingen,71332,9.300476874,48.8262444,3,2609110059.0,,2609110059.0,,,,,,,,,,,7.0,6.0
-7120372043677331542-2609102341-7,7377,2609102359.0,2609110000.0,1.0,,S,S3,Backnang|Maubach|Nellmersbach|Winnenden|Schwaikheim|Neustadt-Hohenacker,8000180,Waiblingen,Baden-Württemberg,Waiblingen,71332,9.300476874,48.8262444,3,2609110001.0,,2609110001.0,,,,,,,,,,,2.0,1.0
-7237297222650599866-2609102347-3,19441,2609110002.0,2609110002.0,6.0,,ARV,MEX13,Stuttgart Hbf|Stuttgart-Bad Cannstatt,8000180,Waiblingen,Baden-Württemberg,Waiblingen,71332,9.300476874,48.8262444,3,,,2609110003.0,,h,2.0,Information,,,,,c,,0.0,1.0
8494074834215864068-2609110011-7,7379,2609110029.0,2609110030.0,1.0,,S,S3,Backnang|Maubach|Nellmersbach|Winnenden|Schwaikheim|Neustadt-Hohenacker,8000180,Waiblingen,Baden-Württemberg,Waiblingen,71332,9.300476874,48.8262444,3,2609110030.0,,2609110031.0,,,,,,,,,,,1.0,1.0
414984855934234452-2609102332-9,17570,2609110020.0,2609110021.0,1.0,,RB,MEX19,Gaildorf West|Fichtenberg|Fornsbach|Murrhardt|Sulzbach(Murr)|Oppenweiler(Württ)|Backnang|Winnenden,8000180,Waiblingen,Baden-Württemberg,Waiblingen,71332,9.300476874,48.8262444,3,2609110021.0,,2609110022.0,,,,,,,,,,,1.0,1.0
1481285002460915742-2609110034-3,17501,2609110045.0,2609110045.0,3.0,,RB,MEX90,Stuttgart Hbf|Stuttgart-Bad Cannstatt,8000180,Waiblingen,Baden-Württemberg,Waiblingen,71332,9.300476874,48.8262444,3,2609110046.0,,2609110047.0,,,,,,,,,,,1.0,2.0
1170028468095042603-2609110013-5,7688,2609110027.0,,1.0,,S,,Leonberg|Rutesheim|Renningen|Malmsheim,8006271,Weil der Stadt,Baden-Württemberg,Weil der Stadt,71263,8.873189074,48.7557357,4,2609110028.0,2.0,,,,,,,,,,,,1.0,0.0
-4080091169318114370-2609102358-2,26190,2609110001.0,2609110003.0,141.0,,SWE,RB76,Renningen,8006271,Weil der Stadt,Baden-Württemberg,Weil der Stadt,71263,8.873189074,48.7557357,4,2609110005.0,,2609110005.0,,,,,,,,,,,4.0,2.0
-5273476545227506052-2609110043-5,7690,2609110057.0,,1.0,,S,,Leonberg|Rutesheim|Renningen|Malmsheim,8006271,Weil der Stadt,Baden-Württemberg,Weil der Stadt,71263,8.873189074,48.7557357,4,2609110058.0,2.0,,,,,,,,,,,,1.0,0.0
-3002578559228263212-2609110026-5,26193,2609110044.0,,141.0,,SWE,,Calw|Calw-Heumaden|Althengstett|Ostelsheim,8006271,Weil der Stadt,Baden-Württemberg,Weil der Stadt,71263,8.873189074,48.7557357,4,2609110044.0,,,,,,,,,,,,,0.0,0.0
1672508797229917714-2609110003-1,7689,,2609110003.0,,,S,S6,,8006271,Weil der Stadt,Baden-Württemberg,Weil der Stadt,71263,8.873189074,48.7557357,4,,,2609110005.0,2.0,,,,,,,,,,0.0,2.0
-8097229136581884814-2609110033-2,7281,2609110036.0,2609110036.0,2.0,,S,S2,Schorndorf,8006277,Weiler (Rems),Baden-Württemberg,Schorndorf,76314,9.501891172,48.80034585,5,2609110036.0,,2609110036.0,,h,2.0,Bauarbeiten,,,,,,,0.0,0.0
6461875104419562950-2609110020-14,7276,2609110052.0,2609110052.0,1.0,,S,S2,Stuttgart Hbf|Stuttgart-Bad Cannstatt|Stuttgart Nürnberger Str.|Stuttgart-Sommerrain|Fellbach|Waiblingen|Rommelshausen|Stetten-Beinstein|Endersbach|Beutelsbach|Grunbach|Geradstetten|Winterbach(b Schorndorf),8006277,Weiler (Rems),Baden-Württemberg,Schorndorf,76314,9.501891172,48.80034585,5,2609110053.0,,2609110054.0,,h,2.0,Bauarbeiten,,,,,,,1.0,2.0
-6065798673451795825-2609102350-14,7274,2609110022.0,2609110022.0,1.0,,S,S2,Stuttgart Hbf|Stuttgart-Bad Cannstatt|Stuttgart Nürnberger Str.|Stuttgart-Sommerrain|Fellbach|Waiblingen|Rommelshausen|Stetten-Beinstein|Endersbach|Beutelsbach|Grunbach|Geradstetten|Winterbach(b Schorndorf),8006277,Weiler (Rems),Baden-Württemberg,Schorndorf,76314,9.501891172,48.80034585,5,2609110024.0,,2609110025.0,,h,2.0,Bauarbeiten,,,,,,,2.0,3.0
6570008134094305920-2609110003-2,7279,2609110006.0,2609110006.0,2.0,,S,S2,Schorndorf,8006277,Weiler (Rems),Baden-Württemberg,Schorndorf,76314,9.501891172,48.80034585,5,2609110006.0,,2609110006.0,,h,2.0,Bauarbeiten,,,,,,,0.0,0.0
6181068125164198804-2609102355-13,7176,2609110032.0,2609110033.0,11.0,,S,S1,Stuttgart Hbf|Stuttgart-Bad Cannstatt|Stuttgart Neckarpark|Stuttgart-Untertürkheim|Stuttgart-Obertürkheim|Esslingen-Mettingen|Esslingen(Neckar)|Oberesslingen|Esslingen-Zell|Altbach|Plochingen|Wernau(Neckar),8006331,Wendlingen (Neckar),Baden-Württemberg,Wendlingen am Neckar,73240,9.373662098,48.67368917,3,2609110032.0,,2609110033.0,,,,,,,,,,,0.0,0.0
-8918970819459222950-2609110026-6,88765,2609110049.0,2609110102.0,2.0,,RE,MEX12,Reutlingen Hbf|Metzingen(Württ)|Bempflingen|Nürtingen|Oberboihingen,8006331,Wendlingen (Neckar),Baden-Württemberg,Wendlingen am Neckar,73240,9.373662098,48.67368917,3,2609110049.0,1.0,2609110103.0,1.0,,,,,,,,,,0.0,1.0
-8775031481172421761-2609110020-3,7181,2609110027.0,2609110028.0,12.0,,S,S1,Kirchheim(Teck)|Kirchheim(Teck)-Ötlingen,8006331,Wendlingen (Neckar),Baden-Württemberg,Wendlingen am Neckar,73240,9.373662098,48.67368917,3,2609110028.0,,2609110029.0,,,,,,,,,,,1.0,1.0
-8657113913917172137-2609102343-6,19342,2609110006.0,2609110006.0,1.0,,RE,MEX18,Reutlingen Hbf|Metzingen(Württ)|Bempflingen|Nürtingen|Oberboihingen,8006331,Wendlingen (Neckar),Baden-Württemberg,Wendlingen am Neckar,73240,9.373662098,48.67368917,3,2609110006.0,,2609110006.0,,h,2.0,Störung,,,,,,,0.0,0.0
-6275608324438357522-2609102325-13,7174,2609110002.0,2609110003.0,11.0,,S,S1,Stuttgart Hbf|Stuttgart-Bad Cannstatt|Stuttgart Neckarpark|Stuttgart-Untertürkheim|Stuttgart-Obertürkheim|Esslingen-Mettingen|Esslingen(Neckar)|Oberesslingen|Esslingen-Zell|Altbach|Plochingen|Wernau(Neckar),8006331,Wendlingen (Neckar),Baden-Württemberg,Wendlingen am Neckar,73240,9.373662098,48.67368917,3,2609110002.0,,2609110003.0,,,,,,,,,,,0.0,0.0
6181068125164198804-2609102355-12,7176,2609110028.0,2609110029.0,2.0,,S,S1,Stuttgart Hbf|Stuttgart-Bad Cannstatt|Stuttgart Neckarpark|Stuttgart-Untertürkheim|Stuttgart-Obertürkheim|Esslingen-Mettingen|Esslingen(Neckar)|Oberesslingen|Esslingen-Zell|Altbach|Plochingen,8006346,Wernau (Neckar),Baden-Württemberg,Wernau (Neckar),73249,9.413654423,48.69417221,4,2609110028.0,,2609110029.0,,,,,,,,,,,0.0,0.0
-8775031481172421761-2609110020-4,7181,2609110031.0,2609110031.0,1.0,,S,S1,Kirchheim(Teck)|Kirchheim(Teck)-Ötlingen|Wendlingen(Neckar),8006346,Wernau (Neckar),Baden-Württemberg,Wernau (Neckar),73249,9.413654423,48.69417221,4,2609110032.0,,2609110033.0,,,,,,,,,,,1.0,2.0
2298525024658281877-2609110025-12,7178,2609110058.0,2609110059.0,2.0,,S,S1,Stuttgart Hbf|Stuttgart-Bad Cannstatt|Stuttgart Neckarpark|Stuttgart-Untertürkheim|Stuttgart-Obertürkheim|Esslingen-Mettingen|Esslingen(Neckar)|Oberesslingen|Esslingen-Zell|Altbach|Plochingen,8006346,Wernau (Neckar),Baden-Württemberg,Wernau (Neckar),73249,9.413654423,48.69417221,4,2609110058.0,,2609110059.0,,,,,,,,,,,0.0,0.0
8092363418274949423-2609102350-4,7179,2609110001.0,2609110001.0,1.0,,S,S1,Kirchheim(Teck)|Kirchheim(Teck)-Ötlingen|Wendlingen(Neckar),8006346,Wernau (Neckar),Baden-Württemberg,Wernau (Neckar),73249,9.413654423,48.69417221,4,2609110002.0,,2609110002.0,,,,,,,,,,,1.0,1.0
6798625749353298235-2609110012-9,7376,2609110039.0,2609110039.0,2.0,,S,S3,Stuttgart Hbf|Stuttgart-Bad Cannstatt|Stuttgart Nürnberger Str.|Stuttgart-Sommerrain|Fellbach|Waiblingen|Neustadt-Hohenacker|Schwaikheim,8006479,Winnenden,Baden-Württemberg,Winnenden,71364,9.392155928,48.8795625,3,2609110039.0,,2609110039.0,,,,,,,,,,,0.0,0.0
4235977593412169897-2609102342-9,7374,2609110009.0,2609110009.0,2.0,,S,S3,Stuttgart Hbf|Stuttgart-Bad Cannstatt|Stuttgart Nürnberger Str.|Stuttgart-Sommerrain|Fellbach|Waiblingen|Neustadt-Hohenacker|Schwaikheim,8006479,Winnenden,Baden-Württemberg,Winnenden,71364,9.392155928,48.8795625,3,2609110010.0,,2609110010.0,,,,,,,,,,,1.0,1.0
1549583197322147811-2609102238-17,88652,2609110045.0,2609110046.0,3.0,,ARV,RE90,Nürnberg Hbf|Roßtal|Heilsbronn|Wicklesgreuth|Ansbach|Leutershausen-Wiedersbach|Dombühl|Schnelldorf|Crailsheim|Eckartshausen-Ilshofen|Schwäbisch Hall-Hessental|Gaildorf West|Murrhardt|Sulzbach(Murr)|Oppenweiler(Württ)|Backnang,8006479,Winnenden,Baden-Württemberg,Winnenden,71364,9.392155928,48.8795625,3,2609110051.0,,2609110052.0,,,,,,,,,,,6.0,6.0
8494074834215864068-2609110011-4,7379,2609110019.0,2609110020.0,3.0,,S,S3,Backnang|Maubach|Nellmersbach,8006479,Winnenden,Baden-Württemberg,Winnenden,71364,9.392155928,48.8795625,3,2609110020.0,,2609110021.0,,,,,,,,,,,1.0,1.0
414984855934234452-2609102332-8,17570,2609110013.0,2609110014.0,3.0,,RB,MEX19,Gaildorf West|Fichtenberg|Fornsbach|Murrhardt|Sulzbach(Murr)|Oppenweiler(Württ)|Backnang,8006479,Winnenden,Baden-Württemberg,Winnenden,71364,9.392155928,48.8795625,3,2609110013.0,,2609110014.0,,,,,,,,,,,0.0,0.0
1481285002460915742-2609110034-4,17501,2609110052.0,2609110052.0,2.0,,RB,MEX90,Stuttgart Hbf|Stuttgart-Bad Cannstatt|Waiblingen,8006479,Winnenden,Baden-Württemberg,Winnenden,71364,9.392155928,48.8795625,3,2609110053.0,,2609110054.0,,,,,,,,,,,1.0,2.0
-8097229136581884814-2609110033-3,7281,2609110038.0,2609110038.0,1.0,,S,S2,Schorndorf|Weiler(Rems),8006485,Winterbach (b Schorndorf),Baden-Württemberg,Winterbach,73650,9.481549751,48.79842743,4,2609110038.0,,2609110038.0,,h,2.0,Bauarbeiten,,,,,,,0.0,0.0
6461875104419562950-2609110020-13,7276,2609110050.0,2609110050.0,2.0,,S,S2,Stuttgart Hbf|Stuttgart-Bad Cannstatt|Stuttgart Nürnberger Str.|Stuttgart-Sommerrain|Fellbach|Waiblingen|Rommelshausen|Stetten-Beinstein|Endersbach|Beutelsbach|Grunbach|Geradstetten,8006485,Winterbach (b Schorndorf),Baden-Württemberg,Winterbach,73650,9.481549751,48.79842743,4,2609110051.0,,2609110052.0,,h,2.0,Bauarbeiten,,,,,,,1.0,2.0
-6065798673451795825-2609102350-13,7274,2609110020.0,2609110020.0,2.0,,S,S2,Stuttgart Hbf|Stuttgart-Bad Cannstatt|Stuttgart Nürnberger Str.|Stuttgart-Sommerrain|Fellbach|Waiblingen|Rommelshausen|Stetten-Beinstein|Endersbach|Beutelsbach|Grunbach|Geradstetten,8006485,Winterbach (b Schorndorf),Baden-Württemberg,Winterbach,73650,9.481549751,48.79842743,4,2609110022.0,,2609110023.0,,h,2.0,Bauarbeiten,,,,,,,2.0,3.0
6570008134094305920-2609110003-3,7279,2609110008.0,2609110008.0,1.0,,S,S2,Schorndorf|Weiler(Rems),8006485,Winterbach (b Schorndorf),Baden-Württemberg,Winterbach,73650,9.481549751,48.79842743,4,2609110008.0,,2609110008.0,,h,2.0,Bauarbeiten,,,,,,,0.0,0.0
-9074467080985277700-2609110034-5,7079,2609110043.0,2609110044.0,1.0,,S,S60,Böblingen|Sindelfingen|Maichingen|Maichingen Nord,8003807,Magstadt,Baden-Württemberg,Magstadt,71106,8.965315746,48.73616033,6,2609110044.0,,2609110044.0,,h,1.0,Bauarbeiten,,,,,,,1.0,0.0
3135343690013222861-2609110009-3,7078,2609110015.0,2609110015.0,2.0,,S,S60,Renningen|Renningen Süd,8003807,Magstadt,Baden-Württemberg,Magstadt,71106,8.965315746,48.73616033,6,2609110016.0,,2609110016.0,,h,1.0,Bauarbeiten,,,,,,,1.0,1.0
-8774147686098078692-2609110004-5,7077,2609110013.0,2609110014.0,1.0,,S,S60,Böblingen|Sindelfingen|Maichingen|Maichingen Nord,8003807,Magstadt,Baden-Württemberg,Magstadt,71106,8.965315746,48.73616033,6,2609110014.0,,2609110014.0,,h,1.0,Bauarbeiten,,,,,,,1.0,0.0
-9074467080985277700-2609110034-4,7079,2609110041.0,2609110041.0,1.0,,S,S60,Böblingen|Sindelfingen|Maichingen,8003834,Maichingen Nord,Baden-Württemberg,Sindelfingen,71069,8.979416996,48.72750392,5,2609110042.0,,2609110042.0,,h,1.0,Bauarbeiten,,,,,,,1.0,1.0
3135343690013222861-2609110009-4,7078,2609110017.0,2609110017.0,2.0,,S,S60,Renningen|Renningen Süd|Magstadt,8003834,Maichingen Nord,Baden-Württemberg,Sindelfingen,71069,8.979416996,48.72750392,5,2609110018.0,,2609110018.0,,h,1.0,Bauarbeiten,,,,,,,1.0,1.0
-8774147686098078692-2609110004-4,7077,2609110011.0,2609110011.0,1.0,,S,S60,Böblingen|Sindelfingen|Maichingen,8003834,Maichingen Nord,Baden-Württemberg,Sindelfingen,71069,8.979416996,48.72750392,5,2609110012.0,,2609110012.0,,h,1.0,Bauarbeiten,,,,,,,1.0,1.0
-9074467080985277700-2609110034-3,7079,2609110039.0,2609110040.0,1.0,,S,S60,Böblingen|Sindelfingen,8003808,Maichingen,Baden-Württemberg,Sindelfingen,71069,8.969606704,48.72162074,6,2609110040.0,,2609110040.0,,h,1.0,Bauarbeiten,,,,,,,1.0,0.0
3135343690013222861-2609110009-5,7078,2609110019.0,2609110019.0,1.0,,S,S60,Renningen|Renningen Süd|Magstadt|Maichingen Nord,8003808,Maichingen,Baden-Württemberg,Sindelfingen,71069,8.969606704,48.72162074,6,2609110020.0,,2609110020.0,,h,1.0,Bauarbeiten,,,,,,,1.0,1.0
-8774147686098078692-2609110004-3,7077,2609110009.0,2609110010.0,1.0,,S,S60,Böblingen|Sindelfingen,8003808,Maichingen,Baden-Württemberg,Sindelfingen,71069,8.969606704,48.72162074,6,2609110010.0,,2609110011.0,,h,1.0,Bauarbeiten,,,,,,,1.0,1.0
-9074467080985277700-2609110034-6,7079,2609110047.0,2609110048.0,1.0,,S,S60,Böblingen|Sindelfingen|Maichingen|Maichingen Nord|Magstadt,8005001,Renningen Süd,Baden-Württemberg,Renningen,71272,8.932068278,48.76261937,6,2609110048.0,,2609110049.0,,h,1.0,Bauarbeiten,,,,,,,1.0,1.0
3135343690013222861-2609110009-2,7078,2609110011.0,2609110011.0,2.0,,S,S60,Renningen,8005001,Renningen Süd,Baden-Württemberg,Renningen,71272,8.932068278,48.76261937,6,2609110012.0,,2609110012.0,,h,1.0,Bauarbeiten,,,,,,,1.0,1.0
-8774147686098078692-2609110004-6,7077,2609110017.0,2609110018.0,1.0,,S,S60,Böblingen|Sindelfingen|Maichingen|Maichingen Nord|Magstadt,8005001,Renningen Süd,Baden-Württemberg,Renningen,71272,8.932068278,48.76261937,6,2609110018.0,,2609110019.0,,h,1.0,Bauarbeiten,,,,,,,1.0,1.0
